{
  "0.0": 0.7523521673748371,
  "1.0": 0.8882951622211133,
  "2.0": 0.8821369954401856,
  "3.0": 0.8716800681995819,
  "4.0": 0.8619448805894526,
  "5.0": 0.8567869144428537,
  "6.0": 0.8565773895968828,
  "7.0": 0.8455704593835868,
  "8.0": 0.8378879646425625,
  "9.0": 0.8340701497940343,
  "10.0": 0.8187329138287679,
  "11.0": 0.8167144311804257,
  "12.0": 0.80805243136915,
  "13.0": 0.7984770579659003,
  "14.0": 0.7848953383305186,
  "15.0": 0.7773168920931138,
  "16.0": 0.7729938549196189,
  "17.0": 0.7737608525717607,
  "18.0": 0.7723942054349802,
  "19.0": 0.7703458848773529,
  "20.0": 0.7740328996295899,
  "21.0": 0.7770294878375296,
  "22.0": 0.7779135914858599,
  "23.0": 0.781615542986794,
  "24.0": 0.7847103340089148,
  "25.0": 0.7857496283153428,
  "26.0": 0.7871600861221052,
  "27.0": 0.7897929208076098,
  "28.0": 0.7911127062603686,
  "29.0": 0.8096959685711121,
  "30.0": 0.8124250857085419,
  "31.0": 0.8120448446616134,
  "32.0": 0.8196055089832744,
  "33.0": 0.8196170075429331,
  "34.0": 0.8258195398221181,
  "35.0": 0.8274196670754976,
  "36.0": 0.8274196670754976,
  "37.0": 0.8274196670754976,
  "38.0": 0.8408144045784596,
  "39.0": 0.8408144045784596,
  "40.0": 0.8452370066574693,
  "41.0": 0.8608409036101661,
  "42.0": 0.8695946700375903,
  "43.0": 0.8798027995518807,
  "44.0": 0.8965183652109454,
  "45.0": 0.9137837341543658,
  "46.0": 0.9194421227636511,
  "47.0": 0.9194421227636511,
  "48.0": 0.9194421227636511,
  "49.0": 0.9194421227636511,
  "50.0": 0.9321273508765197,
  "51.0": 0.9321273508765197,
  "52.0": 0.9524660125259825,
  "53.0": 0.9524660125259825,
  "54.0": 0.9609120133757815,
  "55.0": 0.9667367415193501,
  "56.0": 0.9739811782420478,
  "57.0": 0.9739811782420478,
  "58.0": 0.9751116509983787,
  "59.0": 0.9827592697157913,
  "60.0": 0.9956709956709954,
  "61.0": 0.9956709956709954,
  "62.0": 0.9956709956709954,
  "63.0": 0.9956709956709954,
  "64.0": 0.9956709956709954,
  "65.0": 0.9956709956709954,
  "66.0": 0.9956709956709954,
  "67.0": 0.9956709956709954,
  "68.0": 0.995238095238095,
  "69.0": 1.0,
  "70.0": 1.0,
  "71.0": 1.0,
  "72.0": 1.0,
  "73.0": 1.0,
  "74.0": 1.0,
  "75.0": 1.0,
  "76.0": 1.0,
  "77.0": 1.0,
  "78.0": 1.0,
  "79.0": 1.0,
  "80.0": 1.0,
  "81.0": 1.0,
  "82.0": 1.0,
  "83.0": 1.0,
  "84.0": 1.0,
  "85.0": 1.0,
  "86.0": 1.0,
  "87.0": 1.0,
  "88.0": 1.0,
  "89.0": 1.0,
  "90.0": 1.0,
  "91.0": 1.0,
  "92.0": 1.0,
  "93.0": 1.0,
  "94.0": 1.0,
  "95.0": 1.0,
  "96.0": 1.0,
  "97.0": 1.0,
  "98.0": 1.0,
  "99.0": 1.0,
  "100.0": 1.0,
  "101.0": 1.0,
  "102.0": 1.0,
  "103.0": 1.0,
  "104.0": 1.0,
  "105.0": 1.0,
  "106.0": 1.0,
  "107.0": 1.0,
  "108.0": 1.0,
  "109.0": 1.0,
  "110.0": 1.0,
  "111.0": 1.0,
  "112.0": 1.0,
  "113.0": 1.0,
  "114.0": 1.0,
  "115.0": 1.0,
  "116.0": 1.0,
  "117.0": 1.0,
  "118.0": 1.0,
  "119.0": 1.0,
  "120.0": 1.0,
  "121.0": 1.0,
  "122.0": 1.0,
  "123.0": 1.0,
  "124.0": 1.0,
  "125.0": 1.0,
  "126.0": 1.0,
  "127.0": 1.0,
  "128.0": 1.0,
  "129.0": 1.0,
  "130.0": 1.0,
  "131.0": 1.0,
  "132.0": 1.0,
  "133.0": 1.0,
  "134.0": 1.0,
  "135.0": 1.0,
  "136.0": 1.0,
  "137.0": 1.0,
  "138.0": 1.0,
  "139.0": 1.0,
  "140.0": 1.0,
  "141.0": 1.0,
  "142.0": 1.0,
  "143.0": 1.0,
  "144.0": 1.0,
  "145.0": 1.0,
  "146.0": 1.0,
  "147.0": 1.0,
  "148.0": 1.0,
  "149.0": 1.0,
  "150.0": 1.0,
  "151.0": 1.0,
  "152.0": 1.0,
  "153.0": 1.0,
  "154.0": 1.0,
  "155.0": 1.0,
  "156.0": 1.0,
  "157.0": 1.0,
  "158.0": 1.0,
  "159.0": 1.0,
  "160.0": 1.0,
  "161.0": 1.0,
  "162.0": 1.0,
  "163.0": 1.0,
  "164.0": 1.0,
  "165.0": 1.0,
  "166.0": 1.0,
  "167.0": 1.0,
  "168.0": 1.0,
  "169.0": 1.0,
  "170.0": 1.0,
  "171.0": 1.0,
  "172.0": 1.0,
  "173.0": 1.0,
  "174.0": 1.0,
  "175.0": 1.0,
  "176.0": 1.0,
  "177.0": 1.0,
  "178.0": 1.0,
  "179.0": 1.0,
  "180.0": 1.0,
  "181.0": 1.0,
  "182.0": 1.0,
  "183.0": 1.0,
  "184.0": 1.0,
  "185.0": 1.0,
  "186.0": 1.0,
  "187.0": 1.0,
  "188.0": 1.0,
  "189.0": 1.0,
  "190.0": 1.0,
  "191.0": 1.0,
  "192.0": 1.0,
  "193.0": 1.0,
  "194.0": 1.0,
  "195.0": 1.0,
  "196.0": 1.0,
  "197.0": 1.0,
  "198.0": 1.0,
  "199.0": 1.0,
  "200.0": 1.0,
  "201.0": 1.0,
  "202.0": 1.0,
  "203.0": 1.0,
  "204.0": 1.0,
  "205.0": 1.0,
  "206.0": 1.0,
  "207.0": 1.0,
  "208.0": 1.0,
  "209.0": 0.0,
  "210.0": 0.0,
  "211.0": 0.0,
  "212.0": 0.0,
  "213.0": 0.0,
  "214.0": 0.0,
  "215.0": 0.0,
  "216.0": 0.0,
  "217.0": 0.0,
  "218.0": 0.0,
  "219.0": 0.0,
  "220.0": 0.0,
  "221.0": 0.0,
  "222.0": 0.0,
  "223.0": 0.0,
  "224.0": 0.0,
  "225.0": 0.0,
  "226.0": 0.0,
  "227.0": 0.0,
  "228.0": 0.0,
  "229.0": 0.0,
  "230.0": 0.0,
  "231.0": 0.0,
  "232.0": 0.0,
  "233.0": 0.0,
  "234.0": 0.0,
  "235.0": 0.0,
  "236.0": 0.0,
  "237.0": 0.0,
  "238.0": 0.0,
  "239.0": 0.0,
  "240.0": 0.0,
  "241.0": 0.0,
  "242.0": 0.0,
  "243.0": 0.0,
  "244.0": 0.0,
  "245.0": 0.0,
  "246.0": 0.0,
  "247.0": 0.0,
  "248.0": 0.0,
  "249.0": 0.0,
  "250.0": 0.0,
  "251.0": 0.0,
  "252.0": 0.0,
  "253.0": 0.0,
  "254.0": 0.0,
  "255.0": 0.0,
  "256.0": 0.0,
  "257.0": 0.0,
  "258.0": 0.0,
  "259.0": 0.0,
  "260.0": 0.0,
  "261.0": 0.0,
  "262.0": 0.0,
  "263.0": 0.0,
  "264.0": 0.0,
  "265.0": 0.0,
  "266.0": 0.0,
  "267.0": 0.0,
  "268.0": 0.0,
  "269.0": 0.0,
  "270.0": 0.0,
  "271.0": 0.0,
  "272.0": 0.0,
  "273.0": 0.0,
  "274.0": 0.0,
  "275.0": 0.0,
  "276.0": 0.0,
  "277.0": 0.0,
  "278.0": 0.0,
  "279.0": 0.0,
  "280.0": 0.0,
  "281.0": 0.0,
  "282.0": 0.0,
  "283.0": 0.0,
  "284.0": 0.0,
  "285.0": 0.0,
  "286.0": 0.0,
  "287.0": 0.0,
  "288.0": 0.0,
  "289.0": 0.0
}