{
  "0.0": 0.9363398224915973,
  "1.0": 0.9525752693568874,
  "2.0": 0.9524636062717485,
  "3.0": 0.9527015184412613,
  "4.0": 0.9528550316798685,
  "5.0": 0.9528611472910716,
  "6.0": 0.9526985647392524,
  "7.0": 0.9529941951155345,
  "8.0": 0.9532938375779682,
  "9.0": 0.9532012557735015,
  "10.0": 0.9532379593958411,
  "11.0": 0.9531441659559318,
  "12.0": 0.9531441659559318,
  "13.0": 0.9532555528221446,
  "14.0": 0.9532555528221446,
  "15.0": 0.9532555528221446,
  "16.0": 0.9532555528221446,
  "17.0": 0.9535013891940344,
  "18.0": 0.953532243125818,
  "19.0": 0.9535722841276583,
  "20.0": 0.9535678628202519,
  "21.0": 0.9535468493186138,
  "22.0": 0.9535315213116835,
  "23.0": 0.95353926046724,
  "24.0": 0.9536037400063292,
  "25.0": 0.9530814980886249,
  "26.0": 0.9530665260649468,
  "27.0": 0.9533299716460935,
  "28.0": 0.9534190131606118,
  "29.0": 0.9534649118273019,
  "30.0": 0.953476451091663,
  "31.0": 0.9536162124123239,
  "32.0": 0.9541711279477484,
  "33.0": 0.9542338392513281,
  "34.0": 0.9542338392513281,
  "35.0": 0.9542312900887806,
  "36.0": 0.9542312900887806,
  "37.0": 0.9542312900887806,
  "38.0": 0.9542312900887806,
  "39.0": 0.9542673183864991,
  "40.0": 0.9542673183864991,
  "41.0": 0.9542673183864991,
  "42.0": 0.9542673183864991,
  "43.0": 0.9542673183864991,
  "44.0": 0.9542673183864991,
  "45.0": 0.9543507725031973,
  "46.0": 0.9544175290625382,
  "47.0": 0.9544175290625382,
  "48.0": 0.9544175290625382,
  "49.0": 0.9544175290625382,
  "50.0": 0.9546447836403454,
  "51.0": 0.9546447836403454,
  "52.0": 0.9546447836403454,
  "53.0": 0.9546447836403454,
  "54.0": 0.9546447836403454,
  "55.0": 0.9546447836403454,
  "56.0": 0.9547100488042827,
  "57.0": 0.9547100488042827,
  "58.0": 0.9547100488042827,
  "59.0": 0.9548816970895626,
  "60.0": 0.9548816970895626,
  "61.0": 0.9548816970895626,
  "62.0": 0.9549936482393995,
  "63.0": 0.9549936482393995,
  "64.0": 0.9549936482393995,
  "65.0": 0.9551450881779359,
  "66.0": 0.9551450881779359,
  "67.0": 0.9551450881779359,
  "68.0": 0.9551450881779359,
  "69.0": 0.9551450881779359,
  "70.0": 0.9551450881779359,
  "71.0": 0.9551450881779359,
  "72.0": 0.9551450881779359,
  "73.0": 0.9551450881779359,
  "74.0": 0.9551450881779359,
  "75.0": 0.9551450881779359,
  "76.0": 0.9552295621290152,
  "77.0": 0.9552295621290152,
  "78.0": 0.9557417387385593,
  "79.0": 0.9557417387385593,
  "80.0": 0.9557417387385593,
  "81.0": 0.9557417387385593,
  "82.0": 0.9557417387385593,
  "83.0": 0.9557417387385593,
  "84.0": 0.9557417387385593,
  "85.0": 0.9557417387385593,
  "86.0": 0.9557417387385593,
  "87.0": 0.9557417387385593,
  "88.0": 0.9557417387385593,
  "89.0": 0.9557417387385593,
  "90.0": 0.9557417387385593,
  "91.0": 0.9557417387385593,
  "92.0": 0.9557417387385593,
  "93.0": 0.9557417387385593,
  "94.0": 0.9557417387385593,
  "95.0": 0.9557417387385593,
  "96.0": 0.9564378387948935,
  "97.0": 0.9565447808440609,
  "98.0": 0.9565447808440609,
  "99.0": 0.9565447808440609,
  "100.0": 0.9565447808440609,
  "101.0": 0.9565447808440609,
  "102.0": 0.9565447808440609,
  "103.0": 0.9565447808440609,
  "104.0": 0.9565447808440609,
  "105.0": 0.9565447808440609,
  "106.0": 0.9565447808440609,
  "107.0": 0.9567574671888002,
  "108.0": 0.9567574671888002,
  "109.0": 0.9567574671888002,
  "110.0": 0.9567574671888002,
  "111.0": 0.9567574671888002,
  "112.0": 0.9567574671888002,
  "113.0": 0.9567574671888002,
  "114.0": 0.9567574671888002,
  "115.0": 0.9567574671888002,
  "116.0": 0.9567574671888002,
  "117.0": 0.9567574671888002,
  "118.0": 0.9567574671888002,
  "119.0": 0.9567574671888002,
  "120.0": 0.9567574671888002,
  "121.0": 0.9567574671888002,
  "122.0": 0.9567574671888002,
  "123.0": 0.9567574671888002,
  "124.0": 0.9567574671888002,
  "125.0": 0.9567574671888002,
  "126.0": 0.9567574671888002,
  "127.0": 0.9567574671888002,
  "128.0": 0.9567574671888002,
  "129.0": 0.9567574671888002,
  "130.0": 0.9567574671888002,
  "131.0": 0.9567574671888002,
  "132.0": 0.9567574671888002,
  "133.0": 0.9569182596123742,
  "134.0": 0.9569182596123742,
  "135.0": 0.9569182596123742,
  "136.0": 0.9569182596123742,
  "137.0": 0.9569182596123742,
  "138.0": 0.9569182596123742,
  "139.0": 0.9569182596123742,
  "140.0": 0.9569182596123742,
  "141.0": 0.9569182596123742,
  "142.0": 0.9569182596123742,
  "143.0": 0.9569182596123742,
  "144.0": 0.9569182596123742,
  "145.0": 0.9569182596123742,
  "146.0": 0.9569182596123742,
  "147.0": 0.9570769589225354,
  "148.0": 0.9591661322389317,
  "149.0": 0.9591661322389317,
  "150.0": 0.9591661322389317,
  "151.0": 0.9593180675275057,
  "152.0": 0.9593180675275057,
  "153.0": 0.9593180675275057,
  "154.0": 0.9593180675275057,
  "155.0": 0.9593180675275057,
  "156.0": 0.9593180675275057,
  "157.0": 0.9593180675275057,
  "158.0": 0.9593180675275057,
  "159.0": 0.9593180675275057,
  "160.0": 0.9593180675275057,
  "161.0": 0.9593180675275057,
  "162.0": 0.9593180675275057,
  "163.0": 0.9593180675275057,
  "164.0": 0.9593180675275057,
  "165.0": 0.959499163522141,
  "166.0": 0.959499163522141,
  "167.0": 0.9599560874616915,
  "168.0": 0.9599560874616915,
  "169.0": 0.9601537582477913,
  "170.0": 0.9601537582477913,
  "171.0": 0.9601537582477913,
  "172.0": 0.960540238700498,
  "173.0": 0.960540238700498,
  "174.0": 0.960540238700498,
  "175.0": 0.960540238700498,
  "176.0": 0.960540238700498,
  "177.0": 0.960540238700498,
  "178.0": 0.960540238700498,
  "179.0": 0.960540238700498,
  "180.0": 0.960540238700498,
  "181.0": 0.960540238700498,
  "182.0": 0.963200476302312,
  "183.0": 0.963200476302312,
  "184.0": 0.963200476302312,
  "185.0": 0.963200476302312,
  "186.0": 0.963200476302312,
  "187.0": 0.963200476302312,
  "188.0": 0.9633993742907695,
  "189.0": 0.9636011310576712,
  "190.0": 0.9636011310576712,
  "191.0": 0.963877116363224,
  "192.0": 0.963877116363224,
  "193.0": 0.963877116363224,
  "194.0": 0.963877116363224,
  "195.0": 0.963877116363224,
  "196.0": 0.963877116363224,
  "197.0": 0.9640956124624013,
  "198.0": 0.9643159891855179,
  "199.0": 0.9643159891855179,
  "200.0": 0.9643159891855179,
  "201.0": 0.9643159891855179,
  "202.0": 0.9643159891855179,
  "203.0": 0.9643159891855179,
  "204.0": 0.9643159891855179,
  "205.0": 0.9643159891855179,
  "206.0": 0.9643159891855179,
  "207.0": 0.9645188168615952,
  "208.0": 0.9645188168615952,
  "209.0": 0.9645188168615952,
  "210.0": 0.9645188168615952,
  "211.0": 0.9645188168615952,
  "212.0": 0.9645188168615952,
  "213.0": 0.9645188168615952,
  "214.0": 0.9645188168615952,
  "215.0": 0.9645188168615952,
  "216.0": 0.9645188168615952,
  "217.0": 0.9645188168615952,
  "218.0": 0.9645188168615952,
  "219.0": 0.9645188168615952,
  "220.0": 0.964774629627589,
  "221.0": 0.964774629627589,
  "222.0": 0.964774629627589,
  "223.0": 0.964774629627589,
  "224.0": 0.964774629627589,
  "225.0": 0.964774629627589,
  "226.0": 0.964774629627589,
  "227.0": 0.964774629627589,
  "228.0": 0.964774629627589,
  "229.0": 0.9650642603660564,
  "230.0": 0.9650642603660564,
  "231.0": 0.9650642603660564,
  "232.0": 0.9650642603660564,
  "233.0": 0.9650642603660564,
  "234.0": 0.9650642603660564,
  "235.0": 0.9653388557412442,
  "236.0": 0.9672881008707788,
  "237.0": 0.9672881008707788,
  "238.0": 0.9672881008707788,
  "239.0": 0.9675436535109303,
  "240.0": 0.9678014044795205,
  "241.0": 0.9678014044795205,
  "242.0": 0.9678014044795205,
  "243.0": 0.9678014044795205,
  "244.0": 0.9678014044795205,
  "245.0": 0.9678014044795205,
  "246.0": 0.9678014044795205,
  "247.0": 0.9678014044795205,
  "248.0": 0.9678014044795205,
  "249.0": 0.9678014044795205,
  "250.0": 0.9678014044795205,
  "251.0": 0.9678014044795205,
  "252.0": 0.9678014044795205,
  "253.0": 0.9678014044795205,
  "254.0": 0.9678014044795205,
  "255.0": 0.9678014044795205,
  "256.0": 0.9678014044795205,
  "257.0": 0.9684234837100992,
  "258.0": 0.9684234837100992,
  "259.0": 0.9684234837100992,
  "260.0": 0.9684234837100992,
  "261.0": 0.9684234837100992,