{
  "0": 0.7052017993843578,
  "1": 0.8471150103946373,
  "2": 0.8623005097163117,
  "3": 0.8451255644603737,
  "4": 0.833373674740015,
  "5": 0.8301665449140238,
  "6": 0.8263874168525314,
  "7": 0.8297721295169777,
  "8": 0.850533494055637,
  "9": 0.8636574183956064,
  "10": 0.8981645186598746,
  "11": 0.9141197210082659,
  "12": 0.9141197210082659,
  "13": 0.9279280632221809,
  "14": 0.9710622710622712,
  "15": 0.989010989010989,
  "16": 0.989010989010989,
  "17": 0.989010989010989,
  "18": 1.0,
  "19": 1.0,
  "20": 1.0,
  "21": 1.0,
  "22": 1.0,
  "23": 1.0,
  "24": 1.0,
  "25": 1.0,
  "26": 1.0,
  "27": 1.0,
  "28": 1.0,
  "29": 1.0,
  "30": 1.0,
  "31": 1.0,
  "32": 1.0,
  "33": 1.0,
  "34": 1.0,
  "35": 1.0,
  "36": 1.0,
  "37": 1.0,
  "38": 1.0,
  "39": 1.0,
  "40": 1.0,
  "41": 1.0,
  "42": 1.0,
  "43": 1.0,
  "44": 0.0,
  "45": 0.0,
  "46": 0.0,
  "47": 0.0,
  "48": 0.0,
  "49": 0.0,
  "50": 0.0,
  "51": 0.0,
  "52": 0.0,
  "53": 0.0,
  "54": 0.0,
  "55": 0.0
}