{
  "0": {
    "0.10421836228287841": 0.0,
    "0.20843672456575682": 1.0,
    "0.31265508684863524": 1.0,
    "0.41687344913151364": 1.0,
    "0.5210918114143921": 1.0,
    "0.6253101736972705": 1.0,
    "0.7295285359801489": 0.9523809523809523,
    "0.8337468982630273": 0.6071428571428571,
    "0.9379652605459058": 1.0,
    "1.0421836228287842": 0.9333333333333333,
    "1.1464019851116625": 0.9818181818181818,
    "1.3548387096774195": 0.9230769230769231,
    "1.4590570719602978": 0.8791208791208791,
    "1.5632754342431763": 0.9619047619047619,
    "1.8759305210918116": 0.7908496732026143,
    "1.9801488833746899": 0.5906432748538012,
    "2.0843672456575684": 0.7052631578947368,
    "2.501240694789082": 0.6413043478260869,
    "2.709677419354839": 0.5107692307692308,
    "3.751861042183623": 0.373015873015873,
    "4.168734491315137": 0.3269230769230769,
    "4.58560794044665": 0.2854122621564482,
    "5.836228287841191": 0.1961038961038961,
    "7.920595533498759": 0.10912280701754386
  },
  "1": {
    "0.08997429305912596": 0.0,
    "0.17994858611825193": 1.0,
    "0.2699228791773779": 1.0,
    "0.35989717223650386": 1.0,
    "0.4498714652956298": 1.0,
    "0.5398457583547558": 1.0,
    "0.6298200514138818": 0.9523809523809523,
    "0.7197943444730077": 0.6071428571428571,
    "0.8097686375321337": 1.0,
    "0.8997429305912596": 0.9333333333333333,
    "0.9897172236503856": 0.9818181818181818,
    "1.1696658097686377": 0.9230769230769231,
    "1.2596401028277635": 0.8791208791208791,
    "1.3496143958868896": 0.9619047619047619,
    "1.6195372750642674": 0.7908496732026143,
    "1.7095115681233934": 0.5906432748538012,
    "1.7994858611825193": 0.7052631578947368,
    "2.159383033419023": 0.6413043478260869,
    "2.3393316195372753": 0.5107692307692308,
    "3.2390745501285347": 0.373015873015873,
    "3.5989717223650386": 0.3269230769230769,
    "3.8688946015424164": 0.2956810631229236,
    "3.9588688946015425": 0.2854122621564482,
    "4.948586118251928": 0.20336700336700336,
    "5.848329048843188": 0.14951923076923077
  },
  "2": {
    "0.16397849462365593": 1.0,
    "0.24596774193548387": 1.0,
    "0.32795698924731187": 1.0,
    "0.4099462365591398": 1.0,
    "0.49193548387096775": 1.0,
    "0.5739247311827957": 0.9523809523809523,
    "0.6559139784946237": 0.9285714285714286,
    "0.7379032258064516": 1.0,
    "0.8198924731182796": 0.9333333333333333,
    "0.9018817204301076": 0.9818181818181818,
    "1.0658602150537635": 0.9230769230769231,
    "1.1478494623655915": 0.8791208791208791,
    "1.2298387096774195": 0.9619047619047619,
    "1.4758064516129032": 0.7908496732026143,
    "1.5577956989247312": 0.7777777777777778,
    "1.6397849462365592": 0.7315789473684211,
    "1.967741935483871": 0.6413043478260869,
    "2.049731182795699": 0.55,
    "2.131720430107527": 0.56,
    "2.8696236559139785": 0.39327731092436974,
    "3.2795698924731185": 0.3269230769230769,
    "3.4435483870967745": 0.3089430894308943,
    "3.5255376344086025": 0.2978959025470653,
    "4.42741935483871": 0.2103424178895877,
    "4.83736559139785": 0.17884278199883108
  },
  "3": {
    "0.28313253012048195": 1.0,
    "0.3539156626506024": 1.0,
    "0.4246987951807229": 1.0,
    "0.4954819277108434": 0.9523809523809523,
    "0.5662650602409639": 0.9285714285714286,
    "0.6370481927710844": 1.0,
    "0.7078313253012049": 0.9333333333333333,
    "0.7786144578313253": 0.9818181818181818,
    "0.9201807228915663": 0.9230769230769231,
    "0.9909638554216867": 0.8791208791208791,
    "1.0617469879518073": 0.9619047619047619,
    "1.2033132530120483": 0.875,
    "1.2740963855421688": 0.6470588235294118,
    "1.3448795180722892": 0.7777777777777778,
    "1.4156626506024097": 0.7315789473684211,
    "1.6280120481927711": 0.6403162055335968,
    "1.6987951807228916": 0.6413043478260869,
    "1.769578313253012": 0.6,
    "2.335843373493976": 0.4356060606060606,
    "2.6897590361445785": 0.35704125177809387,
    "2.8313253012048194": 0.3371794871794872,
    "3.1852409638554215": 0.2828282828282828
  },
  "4": {
    "0.2692307692307692": 1.0,
    "0.3365384615384615": 1.0,
    "0.40384615384615385": 1.0,
    "0.47115384615384615": 0.9523809523809523,
    "0.5384615384615384": 0.9285714285714286,
    "0.6057692307692307": 1.0,
    "0.673076923076923": 0.9333333333333333,
    "0.7403846153846153": 0.9818181818181818,
    "0.875": 0.9230769230769231,
    "0.9423076923076923": 0.8791208791208791,
    "1.0096153846153846": 0.9619047619047619,
    "1.1442307692307692": 0.875,
    "1.2115384615384615": 0.6470588235294118,
    "1.2788461538461537": 0.7777777777777778,
    "1.346153846153846": 0.7315789473684211,
    "1.5480769230769231": 0.6403162055335968,
    "1.6153846153846154": 0.6413043478260869,
    "1.6826923076923077": 0.6,
    "2.0865384615384617": 0.4817204301075269,
    "2.423076923076923": 0.3888888888888889,
    "2.4903846153846154": 0.3813813813813814,
    "2.692307692307692": 0.33974358974358976
  },
  "5": {
    "0.38775510204081637": 1.0,
    "0.4523809523809524": 0.9523809523809523,
    "0.5170068027210885": 0.9285714285714286,
    "0.5816326530612245": 1.0,
    "0.6462585034013606": 0.9333333333333333,
    "0.7108843537414966": 0.9818181818181818,
    "0.8401360544217688": 0.9230769230769231,
    "0.9047619047619048": 0.8791208791208791,
    "0.9693877551020409": 0.9619047619047619,
    "1.098639455782313": 0.875,
    "1.2278911564625852": 0.7777777777777778,
    "1.2925170068027212": 0.7315789473684211,
    "1.4217687074829932": 0.683982683982684,
    "1.5510204081632655": 0.6413043478260869,
    "1.6156462585034015": 0.6,
    "2.003401360544218": 0.4817204301075269,
    "2.197278911564626": 0.42424242424242425,
    "2.261904761904762": 0.4134453781512605,
    "2.326530612244898": 0.3984126984126984,
    "2.3911564625850343": 0.3858858858858859
  },
  "6": {
    "0.37777777777777777": 1.0,
    "0.4407407407407407": 1.0,
    "0.5037037037037037": 0.9285714285714286,
    "0.5666666666666667": 1.0,
    "0.6296296296296297": 0.9333333333333333,
    "0.6925925925925925": 0.9818181818181818,
    "0.8185185185185185": 0.9230769230769231,
    "0.8814814814814814": 0.8791208791208791,
    "0.9444444444444444": 0.9619047619047619,
    "1.0703703703703704": 0.875,
    "1.1962962962962962": 0.7777777777777778,
    "1.2592592592592593": 0.7315789473684211,
    "1.3222222222222222": 0.7285714285714285,
    "1.511111111111111": 0.6413043478260869,
    "1.825925925925926": 0.5270935960591133,
    "1.9518518518518517": 0.47956989247311826,
    "2.0148148148148146": 0.4657258064516129,
    "2.0777777777777775": 0.44886363636363635
  },
  "7": {
    "0.372": 1.0,
    "0.434": 1.0,
    "0.496": 0.9285714285714286,
    "0.558": 1.0,
    "0.62": 0.9555555555555556,
    "0.682": 0.9818181818181818,
    "0.744": 1.0,
    "0.806": 0.8076923076923077,
    "0.868": 0.8791208791208791,
    "0.93": 0.9619047619047619,
    "1.054": 0.875,
    "1.116": 0.8300653594771242,
    "1.178": 0.7777777777777778,
    "1.24": 0.7315789473684211,
    "1.302": 0.7285714285714285,
    "1.426": 0.6758893280632411,
    "1.674": 0.5754985754985755,
    "1.736": 0.544973544973545,
    "1.86": 0.5057471264367817
  },
  "8": {
    "0.426829268292683": 1.0,
    "0.5487804878048781": 1.0,
    "0.6097560975609757": 0.9555555555555556,
    "0.6707317073170732": 0.9818181818181818,
    "0.7317073170731708": 1.0,
    "0.853658536585366": 0.8791208791208791,
    "0.9146341463414634": 0.9619047619047619,
    "0.9756097560975611": 0.9333333333333333,
    "1.0975609756097562": 0.8235294117647058,
    "1.1585365853658538": 0.7719298245614035,
    "1.2804878048780488": 0.7476190476190476,
    "1.402439024390244": 0.691699604743083,
    "1.4634146341463417": 0.6557971014492754
  },
  "9": {
    "0.5476190476190476": 1.0,
    "0.6084656084656085": 0.9555555555555556,
    "0.6693121693121693": 0.9818181818181818,
    "0.7301587301587301": 1.0,
    "0.791005291005291": 0.9615384615384616,