{
  "0.0": {
    "0.14817749603803484": 0.0,
    "0.2963549920760697": 1.0,
    "0.44453248811410456": 0.6666666666666666,
    "0.5927099841521394": 1.0,
    "0.7408874801901743": 0.2,
    "0.8890649762282091": 0.6666666666666666,
    "1.037242472266244": 1.0,
    "1.1854199683042788": 1.0,
    "1.3335974643423136": 1.0,
    "1.4817749603803485": 1.0,
    "1.6299524564183834": 0.4909090909090909,
    "1.7781299524564183": 0.5757575757575758,
    "1.9263074484944531": 0.23076923076923078,
    "2.074484944532488": 0.2967032967032967,
    "2.222662440570523": 1.0,
    "2.3708399366085575": 0.7583333333333333,
    "3.5562599049128365": 0.5108695652173914,
    "3.7044374009508716": 0.45,
    "3.8526148969889062": 0.9230769230769231,
    "4.297147385103011": 0.7536945812807881,
    "4.445324881141046": 0.6988505747126437,
    "6.223454833597464": 0.4715447154471545,
    "8.742472266244057": 0.26709526592635885,
    "9.335182250396196": 0.10496671786994367
  },
  "1.0": {
    "0.11762261014131338": 0.0,
    "0.23524522028262676": 1.0,
    "0.35286783042394015": 0.6666666666666666,
    "0.4704904405652535": 1.0,
    "0.5881130507065669": 1.0,
    "0.7057356608478803": 1.0,
    "0.8233582709891937": 1.0,
    "0.940980881130507": 1.0,
    "1.0586034912718205": 1.0,
    "1.1762261014131339": 1.0,
    "1.2938487115544473": 0.6909090909090909,
    "1.4114713216957606": 0.3333333333333333,
    "1.6467165419783873": 1.0,
    "1.7643391521197007": 1.0,
    "1.881961762261014": 0.7666666666666667,
    "2.8229426433915212": 0.5108695652173914,
    "2.9405652535328346": 0.45,
    "3.411055694098088": 0.7487684729064039,
    "4.822527015793849": 0.4951219512195122,
    "6.822111388196176": 0.12401693889897157,
    "6.9397339983374895": 0.26709526592635885
  },
  "2.0": {
    "0.10664335664335664": 0.0,
    "0.21328671328671328": 1.0,
    "0.3199300699300699": 1.0,
    "0.42657342657342656": 1.0,
    "0.5332167832167832": 1.0,
    "0.6398601398601398": 1.0,
    "0.7465034965034965": 1.0,
    "0.8531468531468531": 1.0,
    "0.9597902097902097": 1.0,
    "1.0664335664335665": 1.0,
    "1.173076923076923": 0.4909090909090909,
    "1.493006993006993": 1.0,
    "1.5996503496503496": 0.3904761904761905,
    "2.4527972027972025": 0.5296442687747036,
    "2.559440559440559": 0.5108695652173914,
    "2.666083916083916": 1.0,
    "3.0926573426573425": 0.7487684729064039,
    "4.3723776223776225": 0.4951219512195122,
    "5.118881118881118": 0.17464539007092197,
    "5.972027972027972": 0.2948051948051948
  },
  "3.0": {
    "0.09257518796992481": 0.0,
    "0.18515037593984962": 1.0,
    "0.37030075187969924": 1.0,
    "0.46287593984962405": 1.0,
    "0.5554511278195489": 1.0,
    "0.6480263157894737": 1.0,
    "0.7406015037593985": 1.0,
    "0.8331766917293233": 1.0,
    "0.9257518796992481": 1.0,
    "1.018327067669173": 0.4909090909090909,
    "1.2034774436090225": 0.48717948717948717,
    "1.2960526315789473": 1.0,
    "1.3886278195488722": 1.0,
    "2.1292293233082704": 0.5296442687747036,
    "2.2218045112781954": 0.5108695652173914,
    "2.31437969924812": 1.0,
    "2.406954887218045": 0.9261538461538461,
    "2.6846804511278193": 0.7536945812807881,
    "3.7030075187969924": 0.5205128205128206,
    "4.351033834586466": 0.18038852913968548,
    "5.184210526315789": 0.2948051948051948
  },
  "4.0": {
    "0.08145491803278689": 0.0,
    "0.16290983606557377": 1.0,
    "0.24436475409836064": 0.3333333333333333,
    "0.32581967213114754": 0.6666666666666666,
    "0.4072745901639344": 1.0,
    "0.4887295081967213": 1.0,
    "0.5701844262295082": 1.0,
    "0.6516393442622951": 1.0,
    "0.7330942622950819": 1.0,
    "0.8145491803278688": 1.0,
    "1.0589139344262295": 0.48717948717948717,
    "1.1403688524590163": 1.0,
    "1.2218237704918031": 1.0,
    "1.8734631147540983": 0.5296442687747036,
    "1.9549180327868851": 0.5108695652173914,
    "2.036372950819672": 1.0,
    "2.117827868852459": 0.9261538461538461,
    "3.2581967213114753": 0.5205128205128206,
    "3.8283811475409832": 0.18038852913968548,
    "4.561475409836065": 0.2948051948051948
  },
  "5.0": {
    "0.08002092050209204": 0.0,
    "0.1600418410041841": 1.0,
    "0.24006276150627615": 0.3333333333333333,
    "0.3200836820083682": 0.6666666666666666,
    "0.40010460251046026": 0.8,
    "0.4801255230125523": 1.0,
    "0.5601464435146444": 1.0,
    "0.6401673640167364": 1.0,
    "0.7201882845188284": 1.0,
    "0.8002092050209205": 1.0,
    "0.9602510460251046": 0.5151515151515151,
    "1.1202928870292888": 1.0,
    "1.2003138075313808": 1.0,
    "1.840481171548117": 0.5296442687747036,
    "1.9205020920502092": 0.5108695652173914,
    "2.0005230125523012": 1.0,
    "2.0805439330543933": 0.9261538461538461,
    "3.200836820083682": 0.5205128205128206,
    "3.52092050209205": 0.19661733615221988,
    "4.4011506276150625": 0.30303030303030304
  },
  "6.0": {
    "0.14872364039955605": 1.0,
    "0.22308546059933407": 0.6666666666666666,
    "0.3718091009988901": 0.4,
    "0.44617092119866814": 0.6,
    "0.5205327413984462": 1.0,
    "0.5948945615982242": 1.0,
    "0.6692563817980022": 1.0,
    "0.7436182019977802": 1.0,
    "1.0410654827968924": 1.0,
    "1.1154273029966704": 1.0,
    "1.7103218645948945": 0.5296442687747036,
    "1.7846836847946725": 0.5108695652173914,
    "1.8590455049944505": 1.0,
    "1.9334073251942285": 0.9261538461538461,
    "2.9744728079911207": 0.5205128205128206,
    "3.0488346281908987": 0.22195121951219512,
    "4.0155382907880135": 0.31236897274633124
  },
  "7.0": {
    "0.07151370679380215": 0.0,
    "0.1430274135876043": 1.0,
    "0.21454112038140644": 0.6666666666666666,
    "0.3575685339690107": 0.4,
    "0.42908224076281287": 0.6,
    "0.5005959475566151": 0.8571428571428571,
    "0.5721096543504172": 1.0,
    "0.6436233611442194": 1.0,
    "0.7151370679380215": 1.0,
    "1.0011918951132301": 1.0,
    "1.0727056019070322": 1.0,
    "1.6448152562574494": 0.5296442687747036,
    "1.7163289630512515": 0.5108695652173914,
    "1.7878426698450538": 1.0,
    "1.859356376638856": 0.9261538461538461,
    "2.860548271752086": 0.22564102564102564,
    "3.790226460071514": 0.3200290275761974
  },
  "8.0": {
    "0.06607629427792916": 0.0,
    "0.13215258855585832": 1.0,
    "0.19822888283378748": 0.6666666666666666,
    "0.3303814713896458": 0.4,
    "0.39645776566757496": 0.6,
    "0.4625340599455041": 0.8571428571428571,
    "0.5946866485013624": 1.0,
    "0.6607629427792916": 1.0,
    "0.9250681198910082": 1.0,
    "0.9911444141689374": 1.0,
    "1.1232970027247957": 0.7867647058823529,
    "1.5858310626702998": 0.5108695652173914,
    "1.651907356948229": 1.0,
    "1.7179836512261581": 0.9261538461538461,
    "2.2465940054495914": 0.26559714795008915,
    "2.6430517711171664": 0.5205128205128206,
    "3.1055858310626703": 0.3829787234042553
  },
  "9.0": {
    "0.0": 0.0,
    "0.06230529595015576": 0.0,
    "0.12461059190031153": 1.0,
    "0.18691588785046728": 1.0,
    "0.3115264797507788": 0.4,
    "0.37383177570093457": 0.8666666666666667,
    "0.4984423676012461": 0.6071428571428571,
    "0.6230529595015576": 1.0,
    "0.8722741433021807": 1.0,
    "0.9345794392523364": 1.0,
    "0.9968847352024922": 0.875,
    "1.0591900311526479": 0.7867647058823529,
    "1.557632398753894": 1.0,
    "1.6199376947040498": 0.3415384615384615,
    "2.4922118380062304": 0.5205128205128206,
    "2.866043613707165": 0.39516908212560387
  },
  "10.0": {
    "0.0": 0.0,
    "0.056131260794473226": 0.0,
    "0.16839378238341968": 0.6666666666666666,
    "0.28065630397236613": 0.4,
    "0.33678756476683935": 0.8666666666666667,
    "0.4490500863557858": 0.6071428571428571,
    "0.7858376511226252": 1.0,
    "0.8419689119170984": 1.0,
    "0.9542314335060449": 0.7867647058823529,
    "1.2910189982728841": 0.42292490118577075,
    "1.4032815198618307": 1.0,
    "1.459412780656304": 0.9261538461538461,
    "2.245250431778929": 0.5205128205128206,
    "2.5820379965457683": 0.39516908212560387
  },