{
  "0.0": 0.6995306701548221,
  "1.0": 0.9335245426266015,
  "2.0": 0.9395783464091886,
  "3.0": 0.9477802028046476,
  "4.0": 0.944481569715717,
  "5.0": 0.9380926152364921,
  "6.0": 0.9487626798926545,
  "7.0": 0.9220024888443674,
  "8.0": 0.9126577056086742,
  "9.0": 0.9123201888336159,
  "10.0": 0.8983384853282552,
  "11.0": 0.9203479016239926,
  "12.0": 0.9602116286706069,
  "13.0": 0.9699197694103177,
  "14.0": 0.9625847800550795,
  "15.0": 0.9494551883799195,
  "16.0": 0.959188525395422,
  "17.0": 0.959188525395422,
  "18.0": 0.959188525395422,
  "19.0": 0.959188525395422,
  "20.0": 0.959188525395422,
  "21.0": 0.959188525395422,
  "22.0": 0.959188525395422,
  "23.0": 0.959188525395422,
  "24.0": 0.966031746031746,
  "25.0": 0.9,
  "26.0": 0.8666666666666666,
  "27.0": 0.8666666666666666,
  "28.0": 0.8666666666666666,
  "29.0": 0.8333333333333333,
  "30.0": 0.0,
  "31.0": 0.0,
  "32.0": 0.0,
  "33.0": 0.0,
  "34.0": 0.0,
  "35.0": 0.0,
  "36.0": 0.0,
  "37.0": 0.0,
  "38.0": 0.0,
  "39.0": 0.0,
  "40.0": 0.0,
  "41.0": 0.0,
  "42.0": 0.0,
  "43.0": 0.0,
  "44.0": 0.0,
  "45.0": 0.0,
  "46.0": 0.0,
  "47.0": 0.0,
  "48.0": 0.0,
  "49.0": 0.0,
  "50.0": 0.0,
  "51.0": 0.0,
  "52.0": 0.0,
  "53.0": 0.0,
  "54.0": 0.0,
  "55.0": 0.0,
  "56.0": 0.0,
  "57.0": 0.0,
  "58.0": 0.0
}