{
  "0.0": 0.7853154205896089,
  "1.0": 0.8788653475095731,
  "2.0": 0.8698223424403537,
  "3.0": 0.8566186541433792,
  "4.0": 0.8520056990623692,
  "5.0": 0.8457793312455203,
  "6.0": 0.8456798647580875,
  "7.0": 0.8468404569491721,
  "8.0": 0.8476325700847975,
  "9.0": 0.8503500624622726,
  "10.0": 0.8500130143750906,
  "11.0": 0.8540345294713688,
  "12.0": 0.8452577557198775,
  "13.0": 0.8461419990138596,
  "14.0": 0.8560174388613755,
  "15.0": 0.8574460910827802,
  "16.0": 0.864268598468814,
  "17.0": 0.8322389826354009,
  "18.0": 0.8344801586604355,
  "19.0": 0.8413402625565646,
  "20.0": 0.8399357341432262,
  "21.0": 0.8573837838088634,
  "22.0": 0.8668602702928382,
  "23.0": 0.8668602702928382,
  "24.0": 0.875691288876191,
  "25.0": 0.8903442883642608,
  "26.0": 0.8903370106494344,
  "27.0": 0.8931031869824627,
  "28.0": 0.8997914640308976,
  "29.0": 0.9180558908184743,
  "30.0": 0.9180558908184743,
  "31.0": 0.9265967908305235,
  "32.0": 0.9265967908305235,
  "33.0": 0.9336206857559229,
  "34.0": 0.9350817512409142,
  "35.0": 0.9164744700783274,
  "36.0": 0.9200094321815268,
  "37.0": 0.9200094321815268,
  "38.0": 0.9253604174853406,
  "39.0": 0.9293098850887924,
  "40.0": 0.9296975942011915,
  "41.0": 0.9373458880734197,
  "42.0": 0.9389106201417992,
  "43.0": 0.9403277428086323,
  "44.0": 0.9403277428086323,
  "45.0": 0.9403277428086323,
  "46.0": 0.94583872676374,
  "47.0": 0.94583872676374,
  "48.0": 0.9502994670751127,
  "49.0": 0.9502994670751127,
  "50.0": 0.9502994670751127,
  "51.0": 0.7127594627594628,
  "52.0": 0.7127594627594628,
  "53.0": 0.7127594627594628,
  "54.0": 0.7044733044733045,
  "55.0": 0.7235714285714285,
  "56.0": 0.7235714285714285,
  "57.0": 0.7235714285714285,
  "58.0": 0.7235714285714285,
  "59.0": 0.7235714285714285,
  "60.0": 0.7235714285714285,
  "61.0": 0.7235714285714285,
  "62.0": 0.7235714285714285,
  "63.0": 0.7325396825396825,
  "64.0": 0.7482142857142857,
  "65.0": 0.7482142857142857,
  "66.0": 0.7238095238095238,
  "67.0": 0.7238095238095238,
  "68.0": 0.7238095238095238,
  "69.0": 0.7238095238095238,
  "70.0": 0.7238095238095238,
  "71.0": 0.7238095238095238,
  "72.0": 0.7238095238095238,
  "73.0": 0.8444444444444444,
  "74.0": 0.8444444444444444,
  "75.0": 0.8666666666666666,
  "76.0": 0.8666666666666666,
  "77.0": 0.8666666666666666,
  "78.0": 0.8666666666666666,
  "79.0": 0.8666666666666666,
  "80.0": 0.8666666666666666,
  "81.0": 0.8666666666666666,
  "82.0": 0.8666666666666666,
  "83.0": 0.8666666666666666,
  "84.0": 0.5833333333333333,
  "85.0": 0.5833333333333333,
  "86.0": 0.0,
  "87.0": 0.0,
  "88.0": 0.0,
  "89.0": 0.0,
  "90.0": 0.0,
  "91.0": 0.0,
  "92.0": 0.0,
  "93.0": 0.0,
  "94.0": 0.0,
  "95.0": 0.0,
  "96.0": 0.0,
  "97.0": 0.0,
  "98.0": 0.0
}