{
  "0": {
    "0.07851851851851852": 0.0,
    "0.15703703703703703": 1.0,
    "0.23555555555555555": 1.0,
    "0.31407407407407406": 1.0,
    "0.3925925925925926": 1.0,
    "0.4711111111111111": 1.0,
    "0.5496296296296296": 1.0,
    "0.6281481481481481": 1.0,
    "0.7066666666666667": 1.0,
    "0.8637037037037036": 1.0,
    "0.9422222222222222": 0.6666666666666666,
    "1.0207407407407407": 1.0,
    "1.0992592592592592": 0.9120879120879121,
    "1.1777777777777778": 0.9142857142857143,
    "1.2562962962962962": 0.7083333333333334,
    "1.3348148148148147": 0.7794117647058824,
    "1.4918518518518518": 0.9532163742690059,
    "1.6488888888888888": 0.9047619047619048,
    "1.7274074074074073": 0.9134199134199135,
    "1.805925925925926": 0.8972332015810277,
    "1.8844444444444444": 0.8405797101449275,
    "1.9629629629629628": 0.7033333333333334,
    "2.0414814814814815": 0.7046153846153846,
    "2.12": 0.7948717948717948,
    "2.591111111111111": 0.634469696969697,
    "3.140740740740741": 0.4794871794871795,
    "3.3762962962962964": 0.4407530454042082,
    "5.103703703703704": 0.24711538461538463,
    "5.182222222222222": 0.21025641025641026,
    "5.81037037037037": 0.19770455386893743,
    "6.124444444444444": 0.18181818181818182,
    "6.752592592592593": 0.1521203830369357
  },
  "1": {
    "0.07153614457831325": 0.0,
    "0.1430722891566265": 1.0,
    "0.21460843373493974": 1.0,
    "0.286144578313253": 1.0,
    "0.35768072289156627": 1.0,
    "0.42921686746987947": 1.0,
    "0.5007530120481928": 1.0,
    "0.572289156626506": 1.0,
    "0.6438253012048193": 1.0,
    "0.7868975903614457": 1.0,
    "0.8584337349397589": 0.9545454545454546,
    "0.9299698795180722": 1.0,
    "1.0015060240963856": 0.9120879120879121,
    "1.0730421686746987": 0.9142857142857143,
    "1.144578313253012": 0.7083333333333334,
    "1.2161144578313252": 0.7794117647058824,
    "1.3591867469879517": 0.9532163742690059,
    "1.5022590361445782": 0.9047619047619048,
    "1.5737951807228914": 0.9134199134199135,
    "1.6453313253012047": 0.8972332015810277,
    "1.7168674698795179": 0.8405797101449275,
    "1.7884036144578312": 0.7033333333333334,
    "1.8599397590361444": 0.7046153846153846,
    "1.9314759036144578": 0.7948717948717948,
    "2.360692771084337": 0.634469696969697,
    "2.86144578313253": 0.4794871794871795,
    "3.07605421686747": 0.4407530454042082,
    "4.5067771084337345": 0.2309267793138761,
    "4.649849397590361": 0.24711538461538463,
    "5.150602409638554": 0.20892018779342722,
    "5.579819277108434": 0.18181818181818182,
    "6.009036144578313": 0.15949512335054503
  },
  "2": {
    "0.06656346749226007": 0.0,
    "0.1996904024767802": 1.0,
    "0.26625386996904027": 1.0,
    "0.3328173374613003": 1.0,
    "0.3993808049535604": 1.0,
    "0.46594427244582043": 1.0,
    "0.5325077399380805": 1.0,
    "0.5990712074303406": 1.0,
    "0.7321981424148607": 1.0,
    "0.7987616099071208": 0.9545454545454546,
    "0.8653250773993808": 1.0,
    "0.9318885448916409": 0.9120879120879121,
    "0.9984520123839009": 0.9142857142857143,
    "1.065015479876161": 0.7083333333333334,
    "1.131578947368421": 0.7794117647058824,
    "1.2647058823529411": 0.9532163742690059,
    "1.3978328173374612": 0.9047619047619048,
    "1.4643962848297214": 0.9134199134199135,
    "1.5309597523219813": 0.8972332015810277,
    "1.5975232198142415": 0.8405797101449275,
    "1.6640866873065014": 0.7033333333333334,
    "1.7306501547987616": 0.7046153846153846,
    "1.7972136222910218": 0.7948717948717948,
    "2.196594427244582": 0.634469696969697,
    "2.6625386996904026": 0.4794871794871795,
    "2.862229102167183": 0.4407530454042082,
    "3.8606811145510838": 0.26981246218995764,
    "4.326625386996904": 0.24711538461538463,
    "4.792569659442725": 0.20892018779342722,
    "4.925696594427245": 0.20066641984450204,
    "5.191950464396284": 0.18315018315018314
  },
  "3": {
    "0.23895253682487724": 1.0,
    "0.29869067103109653": 1.0,
    "0.35842880523731585": 1.0,
    "0.41816693944353517": 1.0,
    "0.4779050736497545": 1.0,
    "0.5376432078559739": 1.0,
    "0.5973813420621931": 0.9333333333333333,
    "0.6571194762684124": 1.0,
    "0.7168576104746317": 0.9545454545454546,
    "0.776595744680851": 1.0,
    "0.8363338788870703": 0.9120879120879121,
    "0.8960720130932897": 0.9142857142857143,
    "1.0155482815057284": 0.7794117647058824,
    "1.0752864157119477": 0.8562091503267973,
    "1.1350245499181668": 0.9532163742690059,
    "1.2545008183306054": 0.9047619047619048,
    "1.3142389525368248": 0.9134199134199135,
    "1.373977086743044": 0.8972332015810277,
    "1.4337152209492634": 0.8405797101449275,
    "1.4934533551554827": 0.7033333333333334,
    "1.6129296235679214": 0.7948717948717948,
    "1.9713584288052373": 0.634469696969697,
    "2.329787234042553": 0.5020242914979757,
    "2.56873977086743": 0.4407530454042082,
    "3.0466448445171848": 0.3411764705882353,
    "3.882978723404255": 0.24711538461538463,
    "4.002454991816694": 0.2369968340117594,
    "4.181669394435352": 0.22111801242236026,
    "4.301145662847791": 0.21087636932707354
  },
  "4": {
    "0.22375215146299482": 1.0,
    "0.27969018932874357": 1.0,
    "0.33562822719449226": 1.0,
    "0.39156626506024095": 1.0,
    "0.44750430292598964": 1.0,
    "0.5034423407917383": 1.0,
    "0.5593803786574871": 0.9333333333333333,
    "0.6153184165232358": 1.0,
    "0.6712564543889845": 0.9545454545454546,
    "0.7271944922547332": 1.0,
    "0.7831325301204819": 0.9120879120879121,
    "0.8390705679862306": 0.9142857142857143,
    "0.9509466437177281": 0.7794117647058824,
    "1.0068846815834767": 0.8562091503267973,
    "1.0628227194492255": 0.9532163742690059,
    "1.1746987951807228": 0.9047619047619048,
    "1.2306368330464716": 0.9134199134199135,
    "1.2865748709122202": 0.8972332015810277,
    "1.342512908777969": 0.8405797101449275,
    "1.3984509466437176": 0.7033333333333334,
    "1.5103270223752152": 0.7948717948717948,
    "1.8459552495697074": 0.634469696969697,
    "2.1815834767641995": 0.5020242914979757,
    "2.293459552495697": 0.4792682926829268,
    "2.4053356282271943": 0.4440753045404208,
    "2.796901893287435": 0.3526530612244898,
    "3.4122203098106714": 0.2748633879781421,
    "3.5240963855421685": 0.2626728110599078,
    "3.580034423407917": 0.2564484126984127
  },
  "5": {
    "0.32007233273056057": 1.0,
    "0.37341772151898733": 1.0,
    "0.4267631103074141": 1.0,
    "0.4801084990958408": 1.0,
    "0.5334538878842676": 0.9333333333333333,
    "0.5867992766726944": 1.0,
    "0.6401446654611211": 0.9545454545454546,
    "0.6934900542495479": 1.0,
    "0.7468354430379747": 0.9120879120879121,
    "0.8001808318264014": 0.9142857142857143,
    "0.906871609403255": 0.7794117647058824,
    "0.9602169981916816": 0.8562091503267973,
    "1.0135623869801085": 0.9532163742690059,
    "1.120253164556962": 0.9047619047619048,
    "1.1735985533453888": 0.9134199134199135,
    "1.2269439421338155": 0.8972332015810277,
    "1.2802893309222423": 0.8405797101449275,
    "1.333634719710669": 0.7033333333333334,
    "1.4403254972875226": 0.7948717948717948,
    "1.7603978300180831": 0.634469696969697,
    "2.027124773960217": 0.5234708392603129,
    "2.187160940325497": 0.4792682926829268,
    "2.2938517179023505": 0.4440753045404208,
    "2.453887884267631": 0.4028985507246377,
    "2.9873417721518987": 0.3142857142857143,
    "3.094032549728752": 0.29945553539019965
  },
  "6": {
    "0.31190926275992437": 1.0,
    "0.3638941398865784": 1.0,
    "0.4158790170132325": 1.0,
    "0.46786389413988655": 1.0,
    "0.5198487712665406": 0.9333333333333333,
    "0.5718336483931946": 1.0,
    "0.6238185255198487": 0.9545454545454546,
    "0.6758034026465027": 1.0,
    "0.7277882797731569": 0.9120879120879121,
    "0.7797731568998109": 0.9142857142857143,
    "0.883742911153119": 0.7794117647058824,
    "0.9357277882797731": 0.8562091503267973,
    "0.9877126654064271": 0.9532163742690059,