{
  "0.0": 0.8286312044659521,
  "1.0": 0.8771723701508821,
  "2.0": 0.8720116962243531,
  "3.0": 0.8641201177974195,
  "4.0": 0.861604524087838,
  "5.0": 0.8593570470904672,
  "6.0": 0.8565911195617258,
  "7.0": 0.8477816916757585,
  "8.0": 0.839783853014982,
  "9.0": 0.8337092309778341,
  "10.0": 0.8280835829028468,
  "11.0": 0.8273833806086006,
  "12.0": 0.8270377881413041,
  "13.0": 0.8219639852846948,
  "14.0": 0.8202961038640253,
  "15.0": 0.8197710653621132,
  "16.0": 0.81994353956632,
  "17.0": 0.8168510832373014,
  "18.0": 0.8027505119224456,
  "19.0": 0.7888637559972864,
  "20.0": 0.7874828109194802,
  "21.0": 0.7685610382267758,
  "22.0": 0.7676083819807249,
  "23.0": 0.7671408273944634,
  "24.0": 0.7656076843346709,
  "25.0": 0.7672125462532636,
  "26.0": 0.7489785499649152,
  "27.0": 0.7556190710824536,
  "28.0": 0.7610906053591943,
  "29.0": 0.7630555366238522,
  "30.0": 0.7622543630850616,
  "31.0": 0.7649150981248878,
  "32.0": 0.7675693720683694,
  "33.0": 0.7727680998018007,
  "34.0": 0.7752595495333643,
  "35.0": 0.7801799303172883,
  "36.0": 0.7829603151648484,
  "37.0": 0.7833624283470362,
  "38.0": 0.7879836596584899,
  "39.0": 0.7698323186277349,
  "40.0": 0.7686896535021854,
  "41.0": 0.7742378520972912,
  "42.0": 0.780441683881239,
  "43.0": 0.7887153358970657,
  "44.0": 0.7883503122156518,
  "45.0": 0.7883503122156518,
  "46.0": 0.7928878422880865,
  "47.0": 0.7941684386458344,
  "48.0": 0.7951756233475028,
  "49.0": 0.7951756233475028,
  "50.0": 0.8007823893959233,
  "51.0": 0.8007823893959233,
  "52.0": 0.8012388625515746,
  "53.0": 0.805480195838579,
  "54.0": 0.805480195838579,
  "55.0": 0.8084397445226601,
  "56.0": 0.8198950747309186,
  "57.0": 0.8198950747309186,
  "58.0": 0.8255598414142773,
  "59.0": 0.835163330942526,
  "60.0": 0.8402898567611647,
  "61.0": 0.8402898567611647,
  "62.0": 0.8440120036400253,
  "63.0": 0.8583331564208032,
  "64.0": 0.8667573555088609,
  "65.0": 0.8667573555088609,
  "66.0": 0.8703115040861792,
  "67.0": 0.884114068442476,
  "68.0": 0.8928718071413622,
  "69.0": 0.8928718071413622,
  "70.0": 0.8986000063803502,
  "71.0": 0.9152005619280076,
  "72.0": 0.9152005619280076,
  "73.0": 0.918611968768711,
  "74.0": 0.9200530155916447,
  "75.0": 0.9298651374979974,
  "76.0": 0.9323388957092517,
  "77.0": 0.9323388957092517,
  "78.0": 0.9323388957092517,
  "79.0": 0.9323388957092517,
  "80.0": 0.9450786632972977,
  "81.0": 0.9554673644712286,
  "82.0": 0.9554673644712286,
  "83.0": 0.9554673644712286,
  "84.0": 0.9626580391157045,
  "85.0": 0.9626580391157045,
  "86.0": 0.9626580391157045,
  "87.0": 0.9626580391157045,
  "88.0": 0.9626580391157045,
  "89.0": 0.9725426202501647,
  "90.0": 0.9725426202501647,
  "91.0": 0.9838008641957475,
  "92.0": 0.9846171488308585,
  "93.0": 0.9846171488308585,
  "94.0": 0.9855622604232168,
  "95.0": 0.9855622604232168,
  "96.0": 0.9901882026019959,
  "97.0": 0.9901882026019959,
  "98.0": 0.9901882026019959,
  "99.0": 0.9922008547008547,
  "100.0": 0.9922008547008547,
  "101.0": 0.9922008547008547,
  "102.0": 0.9922008547008547,
  "103.0": 0.9922008547008547,
  "104.0": 0.9942640075973408,
  "105.0": 0.9942640075973408,
  "106.0": 0.9942640075973408,
  "107.0": 0.9942640075973408,
  "108.0": 0.9942640075973408,
  "109.0": 0.9942640075973408,
  "110.0": 0.9942640075973408,
  "111.0": 0.9942640075973408,
  "112.0": 0.9938015607580825,
  "113.0": 0.9938015607580825,
  "114.0": 0.9938015607580825,
  "115.0": 0.9938015607580825,
  "116.0": 0.9938015607580825,
  "117.0": 0.9938015607580825,
  "118.0": 0.9938015607580825,
  "119.0": 0.9938015607580825,
  "120.0": 0.9938015607580825,
  "121.0": 0.9932806324110672,
  "122.0": 0.9932806324110672,
  "123.0": 0.9963768115942028,
  "124.0": 0.9963768115942028,
  "125.0": 0.9963768115942028,
  "126.0": 0.9960474308300394,
  "127.0": 0.9960474308300394,
  "128.0": 0.9960474308300394,
  "129.0": 0.9956709956709954,
  "130.0": 1.0,
  "131.0": 1.0,
  "132.0": 1.0,
  "133.0": 1.0,
  "134.0": 1.0,
  "135.0": 1.0,
  "136.0": 1.0,
  "137.0": 1.0,
  "138.0": 1.0,
  "139.0": 1.0,
  "140.0": 1.0,
  "141.0": 1.0,
  "142.0": 1.0,
  "143.0": 1.0,
  "144.0": 1.0,
  "145.0": 1.0,
  "146.0": 1.0,
  "147.0": 1.0,
  "148.0": 1.0,
  "149.0": 1.0,
  "150.0": 1.0,
  "151.0": 1.0,
  "152.0": 1.0,
  "153.0": 1.0,
  "154.0": 1.0,
  "155.0": 1.0,
  "156.0": 1.0,
  "157.0": 1.0,
  "158.0": 1.0,
  "159.0": 1.0,
  "160.0": 1.0,
  "161.0": 1.0,
  "162.0": 1.0,
  "163.0": 1.0,
  "164.0": 1.0,
  "165.0": 1.0,
  "166.0": 1.0,
  "167.0": 1.0,
  "168.0": 1.0,
  "169.0": 1.0,
  "170.0": 1.0,
  "171.0": 1.0,
  "172.0": 1.0,
  "173.0": 1.0,
  "174.0": 1.0,
  "175.0": 1.0,
  "176.0": 1.0,
  "177.0": 1.0,
  "178.0": 1.0,
  "179.0": 1.0,
  "180.0": 1.0,
  "181.0": 1.0,
  "182.0": 1.0,
  "183.0": 1.0,
  "184.0": 1.0,
  "185.0": 1.0,
  "186.0": 1.0,
  "187.0": 1.0,
  "188.0": 1.0,
  "189.0": 1.0,
  "190.0": 1.0,
  "191.0": 1.0,
  "192.0": 1.0,
  "193.0": 1.0,
  "194.0": 1.0,
  "195.0": 1.0,
  "196.0": 1.0,
  "197.0": 1.0,
  "198.0": 1.0,
  "199.0": 1.0,
  "200.0": 1.0,
  "201.0": 1.0,
  "202.0": 1.0,
  "203.0": 1.0,
  "204.0": 1.0,
  "205.0": 1.0,
  "206.0": 1.0,
  "207.0": 1.0,
  "208.0": 1.0,
  "209.0": 1.0,
  "210.0": 1.0,
  "211.0": 1.0,
  "212.0": 1.0,
  "213.0": 1.0,
  "214.0": 1.0,
  "215.0": 1.0,
  "216.0": 1.0,
  "217.0": 1.0,
  "218.0": 1.0,
  "219.0": 1.0,
  "220.0": 1.0,
  "221.0": 1.0,
  "222.0": 1.0,
  "223.0": 1.0,
  "224.0": 1.0,
  "225.0": 1.0,
  "226.0": 1.0,
  "227.0": 1.0,
  "228.0": 1.0,
  "229.0": 1.0,
  "230.0": 1.0,
  "231.0": 1.0,
  "232.0": 1.0,
  "233.0": 1.0,
  "234.0": 1.0,
  "235.0": 1.0,
  "236.0": 1.0,
  "237.0": 1.0,
  "238.0": 1.0,
  "239.0": 1.0,
  "240.0": 1.0,
  "241.0": 1.0,
  "242.0": 1.0,
  "243.0": 1.0,
  "244.0": 1.0,
  "245.0": 1.0,
  "246.0": 1.0,
  "247.0": 1.0,
  "248.0": 1.0,
  "249.0": 1.0,
  "250.0": 1.0,
  "251.0": 1.0,
  "252.0": 1.0,
  "253.0": 1.0,
  "254.0": 1.0,
  "255.0": 1.0,
  "256.0": 1.0,
  "257.0": 1.0,
  "258.0": 1.0,
  "259.0": 1.0,
  "260.0": 1.0,
  "261.0": 1.0,
  "262.0": 1.0,
  "263.0": 1.0,
  "264.0": 1.0,
  "265.0": 1.0,
  "266.0": 1.0,
  "267.0": 1.0,
  "268.0": 1.0,
  "269.0": 1.0,
  "270.0": 1.0,
  "271.0": 1.0,
  "272.0": 1.0,
  "273.0": 1.0,
  "274.0": 1.0,
  "275.0": 1.0,
  "276.0": 1.0,
  "277.0": 1.0,
  "278.0": 1.0,
  "279.0": 1.0,
  "280.0": 1.0,
  "281.0": 1.0,
  "282.0": 1.0,
  "283.0": 1.0,
  "284.0": 1.0,
  "285.0": 1.0,
  "286.0": 1.0,
  "287.0": 1.0,
  "288.0": 1.0,
  "289.0": 1.0,
  "290.0": 1.0,
  "291.0": 1.0,
  "292.0": 1.0,
  "293.0": 1.0,
  "294.0": 1.0,
  "295.0": 1.0,
  "296.0": 1.0,
  "297.0": 1.0,
  "298.0": 1.0,
  "299.0": 1.0,
  "300.0": 1.0,
  "301.0": 1.0,
  "302.0": 1.0,
  "303.0": 1.0,
  "304.0": 1.0,
  "305.0": 1.0,
  "306.0": 1.0,
  "307.0": 1.0,
  "308.0": 1.0,
  "309.0": 1.0,
  "310.0": 1.0,
  "311.0": 1.0,
  "312.0": 1.0,
  "313.0": 1.0,
  "314.0": 1.0,
  "315.0": 1.0,
  "316.0": 1.0,
  "317.0": 1.0,
  "318.0": 1.0,
  "319.0": 1.0,
  "320.0": 1.0,
  "321.0": 1.0,
  "322.0": 1.0,
  "323.0": 1.0,
  "324.0": 1.0,
  "325.0": 1.0,
  "326.0": 1.0,
  "327.0": 1.0,
  "328.0": 1.0,
  "329.0": 1.0,
  "330.0": 1.0,
  "331.0": 1.0,
  "332.0": 1.0,
  "333.0": 1.0,
  "334.0": 1.0,
  "335.0": 1.0,
  "336.0": 1.0,
  "337.0": 1.0,
  "338.0": 1.0,
  "339.0": 1.0,
  "340.0": 1.0,
  "341.0": 1.0,
  "342.0": 1.0,
  "343.0": 1.0,
  "344.0": 1.0,
  "345.0": 1.0,
  "346.0": 1.0,
  "347.0": 1.0,
  "348.0": 1.0,
  "349.0": 1.0,
  "350.0": 1.0,
  "351.0": 1.0,
  "352.0": 1.0,
  "353.0": 1.0,
  "354.0": 1.0,
  "355.0": 1.0,
  "356.0": 0.0,
  "357.0": 0.0,
  "358.0": 0.0,
  "359.0": 0.0,
  "360.0": 0.0,
  "361.0": 0.0,
  "362.0": 0.0,
  "363.0": 0.0,
  "364.0": 0.0,
  "365.0": 0.0,
  "366.0": 0.0,
  "367.0": 0.0,
  "368.0": 0.0,
  "369.0": 0.0,
  "370.0": 0.0,
  "371.0": 0.0,
  "372.0": 0.0,
  "373.0": 0.0,
  "374.0": 0.0,
  "375.0": 0.0,
  "376.0": 0.0,
  "377.0": 0.0,
  "378.0": 0.0
}