{
  "0.0": 0.8601877892079791,
  "1.0": 0.8758471613120727,
  "2.0": 0.8753877847336438,
  "3.0": 0.8744752184144488,
  "4.0": 0.8745036303844796,
  "5.0": 0.8738792276165814,
  "6.0": 0.873844532057326,
  "7.0": 0.873385534382555,
  "8.0": 0.8732426730773468,
  "9.0": 0.8724330410985972,
  "10.0": 0.8726757623602639,
  "11.0": 0.8728624990887053,
  "12.0": 0.8726286195429354,
  "13.0": 0.8724900911441857,
  "14.0": 0.8731005025936918,
  "15.0": 0.8723590945596413,
  "16.0": 0.8723590945596413,
  "17.0": 0.8727914467978632,
  "18.0": 0.8732235435574881,
  "19.0": 0.8724461190646149,
  "20.0": 0.8724461190646149,
  "21.0": 0.8726590312822528,
  "22.0": 0.8723417762431396,
  "23.0": 0.8725527955736024,
  "24.0": 0.8725218160933623,
  "25.0": 0.8722900472760763,
  "26.0": 0.8722900472760763,
  "27.0": 0.8717967219779028,
  "28.0": 0.8718053634038193,
  "29.0": 0.8718053634038193,
  "30.0": 0.8715342637494548,
  "31.0": 0.871421381170106,
  "32.0": 0.8714530382122423,
  "33.0": 0.8714530382122423,
  "34.0": 0.8715070729768469,
  "35.0": 0.8714157432674177,
  "36.0": 0.8714157432674177,
  "37.0": 0.8708706314107731,
  "38.0": 0.8711061380848156,
  "39.0": 0.8712996426117169,
  "40.0": 0.871665034020444,
  "41.0": 0.871665034020444,
  "42.0": 0.871665034020444,
  "43.0": 0.871665034020444,
  "44.0": 0.871665034020444,
  "45.0": 0.871665034020444,
  "46.0": 0.8716226467760976,
  "47.0": 0.8716480993794791,
  "48.0": 0.8716480993794791,
  "49.0": 0.8716480993794791,
  "50.0": 0.8716480993794791,
  "51.0": 0.8710852117208777,
  "52.0": 0.8713951170670023,
  "53.0": 0.8714047457053812,
  "54.0": 0.8716094319819166,
  "55.0": 0.8716094319819166,
  "56.0": 0.8716094319819166,
  "57.0": 0.8717566077707508,
  "58.0": 0.8716637044330546,
  "59.0": 0.8716655754660768,
  "60.0": 0.8716655754660768,
  "61.0": 0.8716655754660768,
  "62.0": 0.8716655754660768,
  "63.0": 0.8716892738088615,
  "64.0": 0.8716892738088615,
  "65.0": 0.8716892738088615,
  "66.0": 0.8719013692048363,
  "67.0": 0.8719013692048363,
  "68.0": 0.8719013692048363,
  "69.0": 0.8720487713596344,
  "70.0": 0.8720487713596344,
  "71.0": 0.8720487713596344,
  "72.0": 0.8720487713596344,
  "73.0": 0.8720487713596344,
  "74.0": 0.8720487713596344,
  "75.0": 0.8720487713596344,
  "76.0": 0.8720487713596344,
  "77.0": 0.8720487713596344,
  "78.0": 0.8720487713596344,
  "79.0": 0.8720635024232476,
  "80.0": 0.8721346505634908,
  "81.0": 0.8721889595522373,
  "82.0": 0.8722624321205037,
  "83.0": 0.8723086752562637,
  "84.0": 0.8723086752562637,
  "85.0": 0.8723086752562637,
  "86.0": 0.8724552884793668,
  "87.0": 0.8724552884793668,
  "88.0": 0.8724552884793668,
  "89.0": 0.8723582904497795,
  "90.0": 0.8724335413062365,
  "91.0": 0.8724335413062365,
  "92.0": 0.8724613955326719,
  "93.0": 0.8725702768716365,
  "94.0": 0.8725702768716365,
  "95.0": 0.8725702768716365,
  "96.0": 0.8726473204334906,
  "97.0": 0.8726473204334906,
  "98.0": 0.8727514032508515,
  "99.0": 0.8727514032508515,
  "100.0": 0.8729155112053988,
  "101.0": 0.8729155112053988,
  "102.0": 0.8729155112053988,
  "103.0": 0.8729155112053988,
  "104.0": 0.8732674379908862,
  "105.0": 0.8732674379908862,
  "106.0": 0.8732674379908862,
  "107.0": 0.8732674379908862,
  "108.0": 0.8732674379908862,
  "109.0": 0.8732674379908862,
  "110.0": 0.8732674379908862,
  "111.0": 0.873433707557193,
  "112.0": 0.873433707557193,
  "113.0": 0.873433707557193,
  "114.0": 0.873433707557193,
  "115.0": 0.8736362610830554,
  "116.0": 0.8736362610830554,
  "117.0": 0.8738446000078227,
  "118.0": 0.8738446000078227,
  "119.0": 0.8740437664203513,
  "120.0": 0.8741524739341215,
  "121.0": 0.8741524739341215,
  "122.0": 0.8741524739341215,
  "123.0": 0.8741524739341215,
  "124.0": 0.8741524739341215,
  "125.0": 0.8741524739341215,
  "126.0": 0.8741524739341215,
  "127.0": 0.87440577879857,
  "128.0": 0.87440577879857,
  "129.0": 0.87440577879857,
  "130.0": 0.87440577879857,
  "131.0": 0.87440577879857,
  "132.0": 0.87440577879857,
  "133.0": 0.874632206805423,
  "134.0": 0.874632206805423,
  "135.0": 0.874632206805423,
  "136.0": 0.874632206805423,
  "137.0": 0.874632206805423,
  "138.0": 0.8747965616933223,
  "139.0": 0.8747965616933223,
  "140.0": 0.8747965616933223,
  "141.0": 0.8747965616933223,
  "142.0": 0.8747965616933223,
  "143.0": 0.8747965616933223,
  "144.0": 0.8747965616933223,
  "145.0": 0.8747965616933223,
  "146.0": 0.8747965616933223,
  "147.0": 0.8747965616933223,
  "148.0": 0.8747965616933223,
  "149.0": 0.8750343367678182,
  "150.0": 0.8750343367678182,
  "151.0": 0.8750343367678182,
  "152.0": 0.8752693500306725,
  "153.0": 0.8752693500306725,
  "154.0": 0.8752693500306725,
  "155.0": 0.8752693500306725,
  "156.0": 0.8755233660777014,
  "157.0": 0.8755233660777014,
  "158.0": 0.8755233660777014,
  "159.0": 0.8755233660777014,
  "160.0": 0.8755233660777014,
  "161.0": 0.8757783275541617,
  "162.0": 0.8757783275541617,
  "163.0": 0.8757783275541617,
  "164.0": 0.877821418813933,
  "165.0": 0.877821418813933,
  "166.0": 0.877821418813933,
  "167.0": 0.877821418813933,
  "168.0": 0.877821418813933,
  "169.0": 0.877821418813933,
  "170.0": 0.877821418813933,
  "171.0": 0.877821418813933,
  "172.0": 0.877821418813933,
  "173.0": 0.877821418813933,
  "174.0": 0.877821418813933,
  "175.0": 0.8780935733402664,
  "176.0": 0.8780935733402664,
  "177.0": 0.8780935733402664,
  "178.0": 0.8780935733402664,
  "179.0": 0.8780935733402664,
  "180.0": 0.8780935733402664,
  "181.0": 0.8780935733402664,
  "182.0": 0.8789808193453361,
  "183.0": 0.8789808193453361,
  "184.0": 0.8789808193453361,
  "185.0": 0.8789808193453361,
  "186.0": 0.8798136401873553,
  "187.0": 0.8798136401873553,
  "188.0": 0.8803950933635842,
  "189.0": 0.8803950933635842,
  "190.0": 0.8803950933635842,
  "191.0": 0.8803950933635842,
  "192.0": 0.8803950933635842,
  "193.0": 0.8803950933635842,
  "194.0": 0.8803950933635842,
  "195.0": 0.8805733143718439,
  "196.0": 0.8805733143718439,
  "197.0": 0.8805733143718439,
  "198.0": 0.8805733143718439,
  "199.0": 0.8805733143718439,
  "200.0": 0.8805733143718439,
  "201.0": 0.8805733143718439,
  "202.0": 0.8805733143718439,
  "203.0": 0.8805733143718439,
  "204.0": 0.8805733143718439,
  "205.0": 0.8805733143718439,
  "206.0": 0.8805733143718439,
  "207.0": 0.8805733143718439,
  "208.0": 0.8805733143718439,
  "209.0": 0.8805733143718439,
  "210.0": 0.8805733143718439,
  "211.0": 0.8805733143718439,
  "212.0": 0.8805733143718439,
  "213.0": 0.8805733143718439,
  "214.0": 0.8808210890678774,
  "215.0": 0.8808210890678774,
  "216.0": 0.8808210890678774,
  "217.0": 0.8808210890678774,
  "218.0": 0.8808210890678774,
  "219.0": 0.8810633693187361,
  "220.0": 0.8810633693187361,
  "221.0": 0.8810633693187361,
  "222.0": 0.8810633693187361,
  "223.0": 0.881286596455861,
  "224.0": 0.881286596455861,
  "225.0": 0.881286596455861,
  "226.0": 0.881286596455861,
  "227.0": 0.881286596455861,
  "228.0": 0.881286596455861,
  "229.0": 0.881286596455861,
  "230.0": 0.881286596455861,
  "231.0": 0.881286596455861,
  "232.0": 0.881286596455861,
  "233.0": 0.881286596455861,
  "234.0": 0.881286596455861,
  "235.0": 0.881286596455861,
  "236.0": 0.881286596455861,
  "237.0": 0.881286596455861,
  "238.0": 0.881286596455861,
  "239.0": 0.881286596455861,
  "240.0": 0.881286596455861,
  "241.0": 0.881286596455861,
  "242.0": 0.881286596455861,
  "243.0": 0.881286596455861,
  "244.0": 0.881286596455861,
  "245.0": 0.881286596455861,
  "246.0": 0.881286596455861,
  "247.0": 0.881286596455861,
  "248.0": 0.881286596455861,
  "249.0": 0.881286596455861,
  "250.0": 0.881286596455861,
  "251.0": 0.881286596455861,
  "252.0": 0.881286596455861,
  "253.0": 0.881286596455861,
  "254.0": 0.881286596455861,
  "255.0": 0.881286596455861,
  "256.0": 0.881286596455861,
  "257.0": 0.881286596455861,
  "258.0": 0.881286596455861,
  "259.0": 0.881286596455861,
  "260.0": 0.881286596455861,
  "261.0": 0.881286596455861,
  "262.0": 0.881286596455861,
  "263.0": 0.881286596455861,