{
  "0": 0.780468824497336,
  "1": 0.8730797824044104,
  "2": 0.8624181880038868,
  "3": 0.870036301196772,
  "4": 0.8621511598799194,
  "5": 0.8537114376392675,
  "6": 0.8485511349463483,
  "7": 0.84364397024108,
  "8": 0.8436473169748583,
  "9": 0.8452112014005465,
  "10": 0.8452112014005465,
  "11": 0.8563163604112503,
  "12": 0.8708535092546963,
  "13": 0.886588933800465,
  "14": 0.9007059964132845,
  "15": 0.9121397103706814,
  "16": 0.9281031381385398,
  "17": 0.9476645189661747,
  "18": 0.9476645189661747,
  "19": 0.9571777424651294,
  "20": 0.9571777424651294,
  "21": 0.962536242567202,
  "22": 0.9622772617819055,
  "23": 0.9600535085829203,
  "24": 0.9710622710622712,
  "25": 1.0,
  "26": 1.0,
  "27": 1.0,
  "28": 1.0,
  "29": 1.0,
  "30": 1.0,
  "31": 1.0,
  "32": 1.0,
  "33": 1.0,
  "34": 1.0,
  "35": 1.0,
  "36": 1.0,
  "37": 1.0,
  "38": 1.0,
  "39": 1.0,
  "40": 1.0,
  "41": 1.0,
  "42": 1.0,
  "43": 1.0,
  "44": 1.0,
  "45": 1.0,
  "46": 1.0,
  "47": 1.0,
  "48": 1.0,
  "49": 1.0,
  "50": 1.0,
  "51": 1.0,
  "52": 1.0,
  "53": 1.0,
  "54": 1.0,
  "55": 1.0,
  "56": 1.0,
  "57": 1.0,
  "58": 1.0,
  "59": 1.0,
  "60": 1.0,
  "61": 1.0,
  "62": 1.0,
  "63": 1.0,
  "64": 1.0,
  "65": 1.0,
  "66": 1.0,
  "67": 1.0,
  "68": 1.0,
  "69": 1.0,
  "70": 1.0,
  "71": 1.0,
  "72": 1.0,
  "73": 1.0,
  "74": 0.0,
  "75": 0.0,
  "76": 0.0,
  "77": 0.0
}