{
  "0.0": 0.2704887464833446,
  "1.0": 0.2008847276738904,
  "2.0": 0.1853712693744689,
  "3.0": 0.1803266780682205,
  "4.0": 0.17322845120285787,
  "5.0": 0.17217170451942845,
  "6.0": 0.16872674720964367,
  "7.0": 0.173874032392015,
  "8.0": 0.1774760203104224,
  "9.0": 0.19154619047828753,
  "10.0": 0.1909205279104157,
  "11.0": 0.19817035604329403,
  "12.0": 0.19769993674638278,
  "13.0": 0.2044919786526583,
  "14.0": 0.20065293332649303,
  "15.0": 0.2044526464836448,
  "16.0": 0.2111720290625235,
  "17.0": 0.21279692808593081,
  "18.0": 0.2227959485923834,
  "19.0": 0.24302679257156176,
  "20.0": 0.2662838920400927,
  "21.0": 0.2913292263796583,
  "22.0": 0.3511071446879339,
  "23.0": 0.4647996044046847,
  "24.0": 0.5412111667737363,
  "25.0": 0.5487051603817794,
  "26.0": 0.5622014306158964,
  "27.0": 0.7045874897886393,
  "28.0": 0.14705882352941177,
  "29.0": 0.14705882352941177,
  "30.0": 0.14705882352941177,
  "31.0": 0.14705882352941177,
  "32.0": 0.125,
  "33.0": 0.13793103448275862,
  "34.0": 0.13793103448275862,
  "35.0": 0.13793103448275862,
  "36.0": 0.14285714285714285,
  "37.0": 0.14814814814814814,
  "38.0": 0.15384615384615385,
  "39.0": 0.16
}