user,hashtag,hour,weight
1,154,445695,1
1,2716,445695,1
1,10634,445695,1
24,4207,445735,1
24,4207,445760,2
34,154,445690,1
37,145,445711,1
37,154,445711,1
43,680,445692,1
43,2345,445692,1
43,3276,445692,1
43,3387,445692,1
43,4032,445692,1
43,4762,445692,1
43,5551,445692,1
43,6368,445692,1
43,7749,445692,1
43,8063,445692,1
43,8803,445692,1
51,3728,445715,1
51,6488,445715,1
52,6535,445692,1
99,154,445694,1
99,9579,445694,1
108,400,445714,1
108,4542,445714,1
108,9644,445714,1
108,10559,445714,1
123,8607,445698,1
129,10120,445717,1
148,3815,445759,1
155,2809,445697,1
172,8195,445715,1
175,8681,445692,1
175,9262,445692,1
178,4639,445698,1
198,6458,445759,1
210,2494,445759,1
218,154,445735,1
218,4762,445735,1
218,4995,445735,1
218,9536,445735,1
218,10694,445735,1
218,11386,445735,1
221,1373,445689,1
221,4250,445689,1
224,10380,445711,1
224,10380,445758,1
226,1475,445758,1
226,3649,445758,1
226,3815,445758,1
226,7693,445758,1
234,154,445734,1
244,2944,445699,1
265,2881,445690,1
265,3076,445690,1
265,4639,445690,1
265,5863,445690,1
265,6237,445690,1
265,6995,445690,1
272,9262,445700,1
275,4729,445703,1
293,722,445702,1
293,4706,445702,1
293,10120,445702,1
294,1316,445714,1
294,9138,445714,1
316,3401,445715,1
316,9262,445715,1
340,10869,445716,1
346,5918,445714,1
348,3401,445736,1
348,9183,445736,1
353,6538,445702,1
353,7100,445702,1
371,4445,445701,1
371,5671,445701,1
371,10218,445701,1
381,7132,445691,1
381,8062,445691,1
381,9262,445691,1
388,6553,445696,1
421,9138,445689,1
431,4639,445698,1
431,5858,445698,1
436,2343,445694,1
453,154,445698,1
459,9188,445701,1
461,5028,445736,1
461,6784,445736,1
461,8219,445736,1
461,9262,445736,1
475,1194,445714,5
475,5517,445714,5
475,8941,445714,5
487,2911,445736,1
510,154,445703,1
510,2809,445703,1
510,3871,445703,1
510,3956,445703,1
510,6995,445703,1
510,7013,445709,1
510,9579,445703,1
510,10635,445709,1
544,7509,445706,1
551,1164,445700,1
551,2064,445700,1
551,4639,445700,1
551,6583,445700,1
551,8588,445700,1
583,3401,445710,1
583,9262,445710,1
588,57,445715,1
601,5396,445736,1
613,7285,445702,1
622,8835,445694,1
628,1396,445706,1
628,3401,445706,1
628,9262,445706,1
628,10390,445706,1
628,10421,445706,1
628,10761,445706,1
629,10120,445707,1
632,9083,445690,1
635,2809,445717,1
635,11386,445717,1
651,6423,445736,1
651,6423,445759,1
661,10248,445692,1
685,9813,445703,1
698,8219,445734,1
698,9262,445734,1
698,10893,445734,1
705,5061,445714,1
707,4639,445696,1
707,4855,445696,1
707,6532,445696,1
707,11036,445696,1
725,3246,445715,1
725,3888,445715,1
733,4639,445758,1
738,9966,445708,1
753,3401,445700,1
753,9435,445700,1
757,7087,445715,1
760,10212,445692,1
771,964,445698,1
771,6235,445698,1
777,2302,445701,1
777,2302,445714,1
777,5940,445714,1
777,6817,445701,1
777,10567,445714,1
777,11353,445701,1
777,11353,445714,1
784,6381,445713,1
794,5583,445712,1
794,9382,445712,1
797,3806,445713,1
797,6930,445713,1
797,8717,445713,1
797,8733,445713,1
797,10761,445713,1
802,1175,445692,1
802,2064,445692,1
802,2810,445692,1
802,3728,445692,1
802,5546,445692,1
802,6784,445692,1
802,7429,445692,1
802,8086,445692,1
802,8430,445692,1
802,8563,445692,1
802,8681,445692,1
802,10361,445692,1
803,71,445759,1
803,10114,445759,1
815,2096,445703,1
840,4344,445717,1
840,4813,445717,1
840,10527,445717,1
866,405,445703,1
882,3841,445691,1
882,7104,445691,1
884,154,445708,1
884,10120,445708,1
894,4639,445696,1
900,11102,445709,1
902,470,445710,2
905,4639,445692,1
905,7404,445692,1
905,7509,445692,1
923,4639,445689,1
933,3401,445702,1
933,8016,445702,1
957,7986,445706,1
965,323,445692,1
965,2590,445692,1
965,3245,445692,1
965,3981,445692,1
965,4021,445692,1
965,6784,445692,1
965,7259,445692,1
987,199,445761,1
987,3401,445761,1
1005,1649,445735,1
1005,6784,445735,1
1005,9612,445735,1
1005,10420,445735,1
1005,10449,445735,1
1007,8724,445717,1
1038,154,445705,1
1038,5521,445705,1
1060,1194,445761,1
1060,1880,445761,1
1060,10353,445761,1
1073,6514,445713,1
1077,3542,445695,1
1077,8133,445695,1
1082,912,445701,1
1082,1690,445701,1
1082,8082,445701,1
1082,11386,445701,1
1084,8220,445759,1
1091,154,445735,1
1105,2096,445761,1
1105,6877,445761,1
1105,9262,445761,1
1107,4639,445718,1
1123,5426,445718,1
1166,154,445705,1
1166,10120,445705,1
1171,7284,445690,1
1175,10120,445706,1
1177,4762,445758,1
1184,3871,445703,1
1184,9404,445703,1
1184,10185,445703,1
1184,11353,445703,1
1192,4364,445758,1
1192,4531,445758,1
1192,6423,445758,1
1193,6642,445697,1
1206,1649,445714,1
1206,8016,445714,1
1206,8220,445714,1
1206,9579,445714,1
1223,3748,445700,1
1225,1649,445702,1
1243,1731,445703,1
1258,735,445710,1
1258,2240,445710,1
1258,3401,445710,1
1258,6077,445710,1
1258,9262,445710,1
1258,9708,445710,1
1267,4036,445713,1
1273,6540,445707,1
1273,7094,445707,1
1273,10120,445707,1
1305,9931,445742,1
1327,3401,445760,1
1327,9262,445760,1
1340,3342,445705,1
1340,3342,445716,1
1340,4751,445705,1
1340,4751,445716,1
1342,777,445708,1
1342,1164,445708,1
1342,4422,445708,1
1342,4639,445708,1
1342,6535,445708,1
1342,8016,445708,1
1342,10120,445708,1
1349,5054,445690,1
1366,895,445708,1
1372,3629,445736,1
1385,154,445760,1
1385,5480,445760,1
1385,10120,445760,1
1407,5862,445717,1
1409,154,445698,1
1410,154,445690,1
1412,154,445760,1
1412,1634,445760,1
1412,2674,445760,1
1412,6784,445760,1
1412,7132,445760,1
1412,9138,445760,1
1412,9547,445760,1
1422,1649,445710,1
1431,3046,445742,1
1431,4639,445689,1
1431,8013,445689,1
1441,722,445700,1
1468,2472,445701,1
1468,3589,445701,1
1468,3890,445701,1
1468,7005,445701,1
1468,10248,445701,1
1468,11196,445701,1
1469,286,445710,1
1469,4639,445710,1
1491,154,445690,1
1491,1537,445690,1
1491,8791,445690,1
1502,1457,445712,1
1502,2973,445712,1
1502,3112,445712,1
1542,360,445692,1
1542,1480,445692,1
1542,4639,445692,1
1542,7856,445692,1
1542,8791,445692,1
1542,9138,445692,1
1542,9262,445692,1
1546,722,445710,1
1546,4639,445710,1
1546,6535,445710,1
1546,7889,445710,1
1546,8016,445710,1
1546,9262,445710,1
1546,9723,445710,1
1546,9729,445710,1
1546,10120,445710,1
1546,11135,445710,1
1547,190,445760,1
1547,2546,445760,1
1547,5518,445760,1
1547,9262,445760,1
1547,10016,445760,1
1547,10527,445760,1
1551,3638,445708,3
1575,4639,445705,1
1582,154,445691,1
1582,722,445691,1
1582,2064,445691,1
1582,3638,445691,1
1582,6205,445691,1
1582,7569,445691,1
1582,8016,445691,1
1582,8681,445691,1
1582,8791,445691,1
1582,9138,445691,1
1582,9262,445691,1
1582,11386,445691,1
1619,42,445712,1
1619,4796,445712,1
1621,699,445736,2
1621,1323,445708,1
1621,1323,445713,1
1621,1323,445716,1
1621,1323,445734,1
1621,1323,445736,3
1621,1323,445758,2
1621,2630,445716,1
1621,2716,445734,1
1621,2716,445736,3
1621,2716,445758,2
1621,3309,445736,2
1621,4104,445758,1
1621,5016,445716,1
1621,5237,445708,1
1621,5237,445713,1
1621,5237,445734,1
1621,5237,445736,3
1621,5237,445758,2
1621,8515,445758,1
1621,10918,445708,1
1621,10918,445713,1
1621,10918,445734,1
1621,10918,445736,3
1621,10918,445758,1
1639,10120,445705,1
1648,1631,445716,1
1648,9042,445716,1
1648,9262,445716,1
1651,9424,445716,1
1654,154,445759,1
1668,214,445713,1
1668,9268,445713,1
1671,1512,445698,1
1673,2445,445718,1
1673,3728,445718,1
1682,154,445700,1
1682,10120,445717,1
1699,154,445703,1
1699,3477,445703,1
1699,10001,445703,1
1702,4222,445699,1
1718,713,445690,1
1730,3276,445712,1
1730,3638,445712,1
1730,9262,445712,1
1741,2809,445698,1
1769,154,445690,1
1772,1094,445692,1
1772,1094,445696,1
1772,1094,445700,1
1774,787,445734,1
1774,1353,445734,1
1795,10258,445698,1
1802,154,445758,1
1802,7302,445758,1
1819,1162,445742,1
1822,154,445690,1
1830,3401,445700,1
1830,4313,445700,1
1830,7862,445700,1
1830,9262,445700,1
1832,2309,445691,1
1832,4918,445691,1
1832,8035,445691,1
1848,154,445716,1
1849,560,445704,1
1865,722,445696,1
1865,8681,445696,1
1875,9271,445690,1
1875,10195,445690,1
1875,10195,445693,1
1875,10681,445693,1
1877,1861,445717,1
1883,8331,445695,1
1897,5598,445760,1
1897,6669,445760,1
1897,8445,445760,1
1897,10751,445760,1
1898,3084,445689,1
1898,4480,445689,1
1898,6784,445689,1
1898,7074,445689,1
1898,8791,445689,1
1898,11386,445689,1
1911,10527,445701,1
1929,5681,445711,1
1929,8049,445711,1
1932,2302,445715,1
1932,3401,445715,1
1932,6535,445715,1
1932,9262,445715,1
1952,154,445736,1
1952,4344,445736,1
1952,8170,445736,1
1952,9262,445736,1
1958,6514,445704,1
1974,3049,445698,1
1983,10120,445711,1
1985,8062,445701,1
2002,154,445703,1
2003,2656,445694,1
2003,2998,445694,1
2003,9027,445694,1
2003,9249,445694,1
2003,9536,445694,1
2031,7473,445761,1
2031,8220,445761,1
2031,9262,445761,1
2042,10973,445761,1
2044,154,445735,1
2044,5465,445735,1
2044,8016,445735,1
2044,9262,445735,1
2044,9949,445735,1
2044,10120,445735,1
2048,4762,445702,1
2137,5185,445696,1
2139,3484,445708,1
2139,4324,445708,1
2139,8057,445708,1
2142,506,445710,1
2142,3342,445710,1
2144,154,445696,1
2144,154,445698,1
2144,8791,445696,1
2169,2136,445696,1
2169,4480,445696,1
2171,3136,445689,1
2176,781,445734,1
2176,4344,445734,1
2176,9262,445734,1
2176,10120,445734,1
2178,9083,445704,1
2189,2545,445715,1
2191,154,445735,1
2191,4344,445735,1
2191,7569,445735,1
2191,10120,445735,1
2191,10527,445735,1
2191,11386,445735,1
2192,4562,445716,1
2192,9262,445716,1
2197,10396,445706,1
2226,4511,445714,1
2234,4751,445697,1
2255,6535,445706,1
2255,10120,445716,1
2269,9083,445696,1
2269,9103,445696,1
2269,11264,445696,1
2293,1164,445718,1
2295,2615,445709,1
2309,722,445693,1
2312,4639,445694,1
2317,3728,445701,1
2317,4639,445701,1
2351,154,445742,1
2353,10508,445691,1
2356,3815,445760,1
2358,3844,445761,1
2360,3606,445696,1
2385,353,445760,1
2388,9138,445692,1
2396,154,445716,1
2396,722,445716,1
2396,3871,445716,1
2403,7854,445696,1
2410,8941,445703,1
2415,154,445703,1
2416,3401,445734,2
2416,6845,445759,1
2416,10114,445759,1
2416,10527,445734,2
2419,4492,445704,1
2435,1194,445717,1
2455,4639,445696,1
2457,1703,445698,1
2457,2096,445698,1
2457,2545,445698,1
2457,2809,445698,1
2457,6475,445698,1
2466,154,445691,1
2514,7751,445698,1
2529,722,445704,1
2531,8062,445696,1
2568,1649,445713,1
2576,9086,445717,1
2603,3461,445696,1
2603,3997,445696,1
2603,4061,445696,1
2603,4321,445696,1
2603,4882,445696,1
2603,5193,445696,1
2603,5301,445696,1
2603,5805,445696,1
2603,5816,445696,1
2603,6537,445696,1
2603,6641,445696,1
2603,7049,445696,1
2603,7168,445696,1
2603,7406,445696,1
2603,8110,445696,1
2603,9262,445696,2
2603,9924,445696,1
2603,10001,445696,1
2603,11370,445696,1
2603,11386,445696,1
2615,10743,445736,1
2626,1094,445696,1
2626,1094,445706,1
2626,1094,445710,4
2640,4639,445691,1
2645,4989,445759,1
2645,6215,445759,1
2650,5513,445710,1
2650,10671,445710,1
2651,981,445717,1
2651,3728,445717,1
2651,9262,445717,1
2651,10120,445717,1
2669,1257,445690,1
2669,10623,445690,1
2670,10426,445690,1
2678,124,445760,1
2678,154,445760,1
2678,3453,445760,1
2678,5011,445760,1
2678,5454,445760,1
2678,6563,445760,1
2678,7149,445760,1
2678,10551,445760,1
2678,11386,445760,1
2690,4762,445689,1
2691,9744,445692,1
2705,3401,445706,1
2705,5474,445706,1
2705,9262,445706,1
2705,10120,445706,1
2709,5720,445704,1
2725,5858,445701,1
2730,154,445698,1
2730,9823,445698,1
2732,9856,445758,1
2751,695,445718,1
2751,722,445718,1
2751,3118,445718,1
2751,4318,445718,1
2754,2809,445717,1
2754,6167,445717,1
2755,8015,445758,1
2757,1748,445736,1
2761,1396,445700,1
2761,3401,445700,2
2761,9262,445700,1
2782,5700,445741,1
2784,3188,445716,1
2797,9262,445712,1
2800,722,445760,1
2800,6488,445760,1
2800,9262,445760,1
2807,3326,445736,1
2820,7192,445703,1
2850,9286,445736,1
2850,10012,445736,1
2855,1880,445716,1
2860,9178,445736,1
2867,4705,445742,1
2876,1509,445702,1
2876,8016,445702,1
2880,8016,445710,1
2893,1105,445697,1
2893,1297,445697,1
2893,10020,445697,1
2893,11030,445697,1
2905,6938,445735,1
2913,1073,445710,1
2923,519,445702,1
2923,5083,445702,1
2923,8310,445702,1
2923,8928,445702,1
2923,11386,445702,1
2944,4989,445706,1
2944,10426,445706,1
2949,2171,445712,1
2949,7574,445712,1
2965,4865,445692,1
2979,154,445696,1
2979,8062,445696,1
2981,7428,445735,1
2981,10529,445735,1
2981,11386,445735,1
2987,9262,445758,1
2988,5679,445689,1
2988,9076,445689,1
2988,10490,445689,1
2990,2756,445712,1
3012,2716,445691,1
3015,1649,445759,1
3019,405,445700,1
3019,6784,445700,1
3019,9490,445700,1
3028,154,445705,1
3041,2548,445692,1
3041,8062,445692,1
3045,10195,445717,1
3072,3728,445701,1
3097,9262,445761,1
3115,4639,445691,1
3115,8791,445691,1
3115,9138,445691,1
3136,1880,445717,1
3137,485,445760,1
3137,9262,445760,1
3137,10761,445760,1
3170,4639,445689,1
3170,8791,445689,2
3176,8062,445736,1
3183,3871,445692,1
3189,2809,445717,1
3191,6535,445703,1
3195,124,445742,1
3195,9297,445742,1
3195,9646,445742,1
3212,665,445758,3
3212,916,445758,3
3236,9262,445695,1
3238,154,445705,1
3238,1396,445705,1
3238,8016,445705,1
3265,154,445760,1
3265,3444,445760,1
3265,9135,445760,1
3268,154,445711,1
3274,9884,445734,1
3312,2932,445706,1
3314,8266,445705,1
3321,4639,445700,1
3321,6784,445700,1
3321,7569,445700,1
3321,11166,445700,1
3325,1649,445702,1
3325,2096,445702,1
3325,4023,445702,1
3325,4639,445702,1
3325,9262,445702,1
3325,10120,445702,1
3326,4639,445761,1
3326,5011,445761,1
3327,11386,445691,1
3330,4422,445690,1
3330,4639,445690,1
3331,5800,445701,1
3331,9987,445701,1
3346,9618,445742,1
3359,9642,445741,1
3363,6423,445734,1
3363,10597,445741,1
3366,6019,445695,1
3374,2594,445761,1
3374,6938,445761,1
3380,8062,445695,1
3393,9262,445741,1
3399,8566,445718,1
3424,2707,445707,1
3424,9262,445707,1
3424,10527,445707,1
3424,11353,445707,1
3425,4812,445707,1
3447,1733,445741,1
3447,2281,445741,1
3447,9795,445741,1
3452,8062,445708,1
3458,4592,445761,1
3458,6019,445761,1
3458,7548,445761,1
3458,8353,445761,1
3458,8596,445761,1
3458,8718,445761,1
3458,9708,445761,1
3458,10964,445761,1
3479,4793,445691,1
3483,302,445699,1
3496,405,445716,1
3496,4222,445699,1
3496,7132,445696,1
3496,7393,445711,1
3496,8063,445696,1
3504,1839,445709,1
3504,3735,445709,1
3516,2952,445690,1
3524,4639,445703,1
3540,9405,445714,1
3546,154,445711,1
3546,3756,445711,1
3566,154,445696,1
3566,373,445696,1
3566,722,445696,1
3566,4553,445696,1
3566,7013,445696,1
3575,3999,445703,1
3575,9262,445703,1
3590,651,445702,1
3590,9262,445702,1
3599,154,445692,1
3599,3401,445692,1
3599,9262,445692,1
3606,917,445692,1
3615,2960,445713,1
3615,7569,445713,1
3621,4639,445691,1
3625,6019,445735,1
3626,124,445705,1
3626,1649,445705,1
3640,4743,445735,1
3640,5693,445735,1
3640,8518,445735,1
3652,154,445742,1
3652,4344,445742,1
3652,10120,445742,1
3668,4421,445690,1
3699,6019,445718,1
3699,10120,445718,1
3738,4184,445760,1
3741,2430,445760,1
3741,6539,445710,1
3749,212,445703,1
3749,1164,445703,1
3749,1403,445703,1
3749,2809,445703,1
3749,4639,445703,1
3749,7634,445703,1
3764,154,445717,1
3764,1109,445717,1
3764,1257,445717,1
3764,7828,445717,1
3764,10321,445717,1
3765,8681,445700,1
3768,8062,445734,1
3777,3551,445715,1
3777,6514,445715,1
3777,7716,445715,1
3792,154,445759,1
3792,11386,445759,1
3795,2775,445717,1
3798,4639,445708,1
3808,1324,445699,1
3818,1076,445708,1
3818,8158,445708,1
3851,2809,445690,1
3869,10053,445735,1
3873,10001,445700,1
3878,154,445703,1
3878,154,445704,1
3878,606,445703,1
3878,5858,445703,1
3878,8791,445704,1
3878,10120,445703,1
3878,10120,445704,1
3878,10914,445704,1
3880,6514,445691,1
3886,1755,445692,1
3890,1649,445735,1
3890,7503,445735,1
3890,8154,445735,1
3890,8995,445735,1
3922,6287,445692,1
3943,6458,445736,2
3957,157,445691,1
3957,249,445691,1
3957,399,445691,1
3957,1846,445691,1
3957,3093,445691,1
3957,3216,445691,1
3957,3610,445691,1
3957,3802,445691,1
3957,3883,445691,1
3957,3894,445691,1
3957,4045,445691,1
3957,4590,445691,1
3957,4609,445691,1
3957,4762,445691,1
3957,4853,445691,1
3957,5148,445691,1
3957,6208,445691,1
3957,6256,445691,1
3957,7913,445691,1
3957,8279,445691,1
3957,8689,445691,1
3957,9189,445691,1
3957,10124,445691,1
3957,10649,445691,1
3957,10816,445691,1
3957,11017,445691,1
3961,9377,445692,1
3962,5465,445716,1
3970,6612,445689,1
3975,154,445760,1
3988,1439,445760,1
3992,1160,445715,1
3992,3638,445715,1
3992,5465,445715,1
3992,8062,445715,1
4011,9051,445741,1
4043,2330,445694,1
4043,10120,445735,1
4053,10784,445690,1
4083,3076,445714,1
4083,10387,445714,1
4098,5754,445700,1
4098,10431,445700,1
4109,3815,445760,1
4119,154,445759,1
4119,5011,445759,1
4136,154,445690,1
4136,154,445711,1
4136,1953,445690,1
4136,5149,445690,1
4136,5149,445711,1
4136,5355,445690,1
4136,6235,445690,1
4136,6235,445711,1
4136,6235,445761,1
4136,6784,445690,1
4136,6784,445761,1
4136,7132,445761,1
4136,9138,445690,1
4136,9138,445711,1
4136,10120,445761,1
4175,4119,445760,1
4197,4639,445702,1
4215,2575,445759,1
4215,4702,445759,2
4215,7398,445759,1
4223,1405,445761,1
4223,1903,445761,1
4223,3696,445761,1
4223,3801,445761,2
4223,4009,445761,1
4223,4124,445761,1
4223,4830,445761,1
4223,4854,445761,1
4223,4863,445761,1
4223,5707,445761,1
4223,7213,445761,1
4223,10806,445761,1
4228,2302,445714,2
4228,2384,445714,1
4228,4573,445714,1
4228,6784,445714,1
4228,7132,445714,1
4228,7588,445714,1
4228,9297,445714,1
4229,8016,445691,1
4229,11386,445691,1
4238,4292,445703,1
4238,8170,445703,1
4238,8348,445703,1
4239,9262,445735,1
4287,2171,445759,1
4287,7509,445759,1
4287,9797,445759,1
4321,2545,445705,1
4321,4762,445705,1
4323,722,445703,1
4323,1649,445703,1
4323,7013,445703,1
4323,7509,445703,1
4323,8016,445703,1
4331,6899,445699,1
4342,8739,445759,1
4368,8686,445695,1
4385,1653,445708,1
4385,2873,445708,1
4385,7041,445708,1
4395,2809,445695,1
4419,8016,445710,1
4419,9138,445710,1
4419,9262,445710,1
4446,9731,445716,1
4446,10120,445716,1
4454,7569,445709,1
4460,154,445698,1
4460,1988,445698,1
4460,6583,445698,1
4460,6784,445698,1
4460,7132,445698,1
4461,5294,445714,1
4470,9321,445695,1
4482,310,445709,1
4482,5501,445709,1
4482,6235,445709,1
4482,11386,445709,1
4486,770,445710,1
4486,3728,445710,1
4486,4639,445710,1
4486,7255,445710,1
4486,7526,445710,1
4486,9262,445710,1
4494,6544,445693,1
4511,722,445692,1
4511,7204,445692,1
4511,9262,445692,1
4511,9483,445692,1
4517,4884,445758,1
4528,10650,445708,1
4532,6705,445693,1
4549,9042,445714,1
4549,9268,445714,1
4551,770,445706,2
4551,770,445716,1
4551,3956,445706,2
4551,3956,445716,1
4551,10743,445706,2
4551,10743,445716,1
4554,8681,445692,1
4564,2809,445703,1
4577,154,445699,1
4582,32,445718,1
4582,2347,445718,1
4582,7410,445718,1
4582,9756,445702,1
4582,11090,445718,1
4582,11267,445702,1
4586,4397,445692,1
4612,8337,445710,1
4625,11386,445707,1
4629,4445,445717,1
4632,1164,445709,1
4632,3750,445709,1
4640,1088,445693,1
4640,4639,445693,1
4640,8415,445693,1
4652,7062,445761,1
4668,154,445711,1
4668,10120,445711,1
4673,154,445690,2
4673,1164,445690,1
4673,1480,445690,1
4673,4639,445690,1
4673,6784,445690,1
4673,7132,445690,1
4673,8062,445690,1
4673,8791,445690,1
4673,9138,445690,1
4680,4639,445701,1
4685,154,445698,1
4685,9262,445698,1
4702,2503,445713,1
4708,154,445694,1
4708,835,445694,1
4708,2509,445694,1
4708,4639,445694,1
4708,7132,445694,1
4708,7569,445694,1
4708,7922,445694,1
4708,8016,445694,1
4708,8681,445694,1
4708,10529,445694,1
4712,154,445735,1
4712,10120,445735,1
4717,10120,445735,1
4718,10030,445691,1
4723,6488,445707,1
4782,7569,445761,1
4796,6237,445690,1
4809,6514,445695,1
4809,6535,445695,1
4814,892,445697,2
4814,8376,445697,2
4814,8524,445697,2
4814,8546,445697,2
4814,9057,445697,1
4814,9896,445697,1
4814,10903,445697,1
4814,11330,445697,2
4832,154,445691,1
4832,154,445709,1
4832,7642,445709,1
4835,1286,445735,1
4835,2688,445735,1
4835,4938,445735,1
4838,62,445760,1
4838,102,445760,1
4838,528,445760,1
4838,561,445760,1
4838,1373,445761,1
4838,1423,445760,1
4838,4972,445760,1
4838,5974,445760,1
4838,6285,445760,1
4838,8671,445761,1
4838,8972,445760,1
4838,9952,445760,1
4838,11279,445760,1
4838,11367,445761,1
4873,3167,445742,1
4882,1460,445691,1
4901,1630,445703,1
4901,2196,445703,1
4902,6936,445703,1
4931,9262,445690,1
4941,154,445698,1
4941,4639,445698,1
4941,10195,445698,1
4943,3226,445697,1
4943,4639,445697,1
4943,8120,445697,1
4943,9804,445697,1
4943,11320,445697,1
4968,9579,445702,1
4981,154,445691,1
4981,154,445692,1
4981,1164,445691,1
4981,1164,445692,1
4981,2296,445692,1
4981,3124,445692,1
4981,4639,445691,1
4981,4639,445692,1
4981,5289,445692,1
4981,6784,445691,1
4981,6784,445692,1
4981,7132,445691,1
4981,7132,445692,1
4981,8062,445691,1
4981,8062,445692,1
4981,8791,445691,1
4981,8791,445692,1
4981,9138,445691,2
4981,9138,445692,2
4981,9740,445692,1
4986,4639,445702,1
4997,722,445693,1
5001,8170,445703,1
5004,4234,445716,1
5004,8062,445716,1
5014,11386,445692,1
5018,6475,445696,1
5018,7013,445696,1
5018,9103,445696,1
5032,4989,445692,1
5032,10224,445692,1
5048,3594,445716,1
5052,4745,445715,1
5064,5465,445716,1
5077,2957,445712,2
5077,7260,445712,1
5083,722,445703,1
5085,1377,445692,1
5085,4113,445692,1
5090,1649,445709,1
5090,3728,445709,1
5090,9262,445709,1
5092,7132,445690,1
5092,8063,445690,1
5092,9262,445690,1
5124,154,445689,1
5127,4762,445701,1
5184,968,445703,1
5188,241,445707,1
5188,2732,445707,1
5191,5753,445710,1
5206,11411,445734,1
5217,5227,445716,1
5258,154,445702,1
5258,540,445702,1
5258,2776,445702,1
5258,4639,445702,1
5258,7013,445702,1
5258,8566,445702,1
5264,2360,445711,1
5264,3076,445711,1
5264,8277,445711,1
5273,2096,445717,1
5277,1478,445699,1
5277,2377,445699,1
5313,9262,445761,1
5336,405,445711,1
5336,2809,445711,1
5336,8964,445711,1
5349,10595,445714,1
5350,154,445759,1
5350,1649,445759,1
5350,1649,445760,1
5350,7496,445759,1
5350,8220,445760,1
5353,3987,445734,1
5360,835,445702,1
5360,1182,445702,1
5360,7743,445702,1
5362,11386,445760,1
5376,9622,445692,1
5382,8037,445708,1
5390,4639,445690,1
5390,9138,445690,1
5390,9262,445690,1
5390,10248,445690,1
5393,8062,445689,1
5393,9138,445689,1
5401,154,445711,1
5401,3401,445711,1
5401,9262,445711,1
5404,469,445708,1
5420,3401,445742,1
5420,7345,445742,1
5420,9262,445742,1
5420,10527,445742,1
5427,1316,445716,1
5427,3728,445716,1
5427,5465,445716,1
5427,8016,445716,1
5427,9262,445716,1
5427,10120,445716,1
5445,154,445698,1
5445,10390,445698,1
5455,722,445705,1
5455,4434,445705,1
5455,10224,445705,1
5474,3736,445709,1
5491,4789,445742,1
5493,1630,445759,1
5493,2968,445759,1
5496,9262,445713,1
5501,154,445694,1
5521,5858,445702,1
5521,9103,445702,1
5547,9565,445690,1
5568,1316,445708,1
5568,8062,445708,1
5581,4876,445734,1
5581,8971,445734,1
5581,10053,445734,1
5594,154,445698,1
5597,6742,445715,1
5623,1227,445706,1
5626,2809,445696,1
5629,9262,445734,1
5629,10120,445734,1
5633,722,445690,1
5633,7569,445690,1
5658,4639,445708,1
5673,2246,445705,1
5673,2716,445705,1
5673,9440,445705,1
5673,10526,445705,1
5686,2445,445689,1
5686,5501,445689,1
5686,6784,445689,1
5686,10248,445689,1
5693,657,445690,1
5693,1142,445690,1
5693,9262,445690,1
5693,9262,445691,1
5693,9450,445691,1
5694,1039,445704,1
5699,9817,445761,1
5717,1649,445761,1
5717,3815,445761,1
5717,5094,445761,1
5717,8220,445761,1
5723,154,445758,1
5723,5024,445717,1
5723,9262,445717,1
5723,9262,445758,1
5762,2817,445696,1
5792,4639,445690,1
5806,154,445694,1
5806,7569,445694,1
5810,10120,445718,1
5812,10192,445715,1
5819,3890,445700,1
5821,4465,445714,1
5821,5782,445714,1
5821,8984,445714,1
5835,3523,445699,1
5835,4791,445699,1
5854,8220,445717,1
5854,9083,445717,1
5854,9579,445717,1
5856,7434,445696,1
5856,7807,445696,1
5856,10335,445696,1
5878,11386,445735,1
5883,3861,445709,1
5883,8395,445709,1
5893,154,445760,1
5893,3555,445760,1
5893,7427,445760,1
5896,10120,445699,1
5899,9138,445689,1
5899,9138,445697,1
5899,9138,445761,1
5941,154,445759,1
5941,1649,445711,1
5942,4639,445700,1
5952,154,445694,1
5952,4639,445694,1
5952,8120,445694,1
5954,3401,445711,1
5954,4639,445711,1
5954,7569,445711,1
5982,6784,445759,1
5982,7132,445734,1
5982,9019,445759,1
5983,722,445712,1
5983,2504,445705,1
5994,3815,445758,1
6014,3242,445759,1
6035,3118,445760,1
6044,1412,445693,1
6044,4345,445693,1
6044,8593,445693,1
6055,154,445690,1
6055,8681,445690,1
6075,6367,445692,1
6075,8681,445692,1
6082,124,445716,1
6082,7066,445716,1
6093,154,445690,1
6093,154,445691,1
6093,154,445702,1
6093,5328,445690,1
6093,5328,445691,1
6093,5328,445702,1
6111,6514,445710,1
6114,2071,445718,1
6114,3135,445717,1
6114,5681,445717,1
6114,7177,445717,1
6114,8958,445718,1
6131,722,445712,1
6131,3728,445712,1
6131,5465,445712,1
6131,9271,445712,1
6158,8062,445761,1
6162,88,445690,1
6162,88,445691,1
6162,154,445690,1
6162,154,445691,1
6162,4639,445690,1
6162,4639,445691,1
6162,6247,445690,1
6162,6247,445691,1
6162,7569,445690,1
6162,7569,445691,1
6162,8791,445690,1
6162,8791,445691,1
6168,7398,445697,1
6168,11386,445697,1
6171,5858,445700,1
6171,6535,445700,1
6177,154,445694,2
6178,2695,445699,1
6178,4639,445699,1
6186,5465,445711,1
6211,9058,445692,1
6230,4584,445698,1
6231,9240,445690,1
6231,9513,445690,1
6231,10426,445690,1
6257,4710,445712,1
6257,10829,445712,1
6258,2809,445692,1
6262,10219,445712,2
6292,1312,445703,1
6292,6784,445703,1
6292,9326,445703,1
6371,3709,445741,1
6379,4639,445760,1
6379,7569,445760,1
6382,11386,445692,1
6408,8062,445716,1
6411,154,445698,1
6411,2548,445698,1
6411,7080,445698,1
6418,5451,445709,1
6427,5094,445703,1
6437,1190,445709,1
6437,3919,445709,1
6437,4762,445709,2
6437,5903,445709,1
6437,7009,445709,1
6437,9262,445709,1
6437,9854,445709,1
6437,9902,445709,1
6437,10426,445709,1
6437,10485,445709,1
6441,1316,445717,1
6442,9218,445690,1
6446,4813,445742,1
6449,5858,445695,1
6452,154,445691,1
6455,4639,445701,1
6456,7585,445690,1
6467,6514,445695,1
6467,8681,445695,1
6474,405,445761,1
6480,1322,445712,1
6480,6742,445712,1
6492,11386,445700,1
6513,4466,445708,1
6513,10195,445708,1
6513,10700,445708,1
6528,154,445714,1
6544,10417,445693,1
6548,2809,445742,1
6548,4813,445742,1
6548,6784,445742,1
6549,154,445705,1
6549,1257,445705,1
6549,7619,445705,1
6549,9600,445692,1
6549,9600,445705,1
6569,10181,445704,1
6574,2541,445735,1
6584,8534,445696,1
6600,6337,445711,1
6600,8918,445711,1
6601,1649,445713,1
6601,4639,445713,1
6605,2925,445714,1
6605,6031,445714,1
6605,7571,445714,1
6619,722,445705,1
6619,10743,445705,1
6621,2302,445704,1
6621,10390,445704,1
6621,11386,445704,1
6622,134,445735,1
6623,4639,445696,1
6623,6784,445696,1
6640,3728,445698,1
6640,4639,445698,1
6640,7798,445698,1
6640,8686,445698,1
6651,790,445714,1
6651,9973,445714,1
6673,2809,445715,1
6683,2013,445711,1
6683,4345,445711,1
6683,5580,445711,1
6683,7509,445711,1
6683,9479,445711,1
6683,10096,445711,1
6704,3728,445709,1
6705,7569,445717,1
6705,10390,445717,1
6706,8780,445704,1
6712,154,445695,1
6712,4002,445695,1
6712,7608,445695,1
6712,8717,445695,1
6716,1055,445761,1
6716,5858,445736,1
6716,5858,445761,1
6716,8588,445710,1
6716,9262,445710,1
6716,9262,445736,1
6716,9792,445736,1
6716,11359,445710,1
6723,154,445703,1
6723,8727,445703,1
6723,10073,445703,1
6729,4797,445758,1
6729,9078,445758,1
6729,9588,445758,1
6729,9655,445758,1
6732,6535,445694,1
6747,1029,445690,1
6747,3204,445690,1
6747,7597,445690,1
6747,8847,445690,1
6747,9708,445690,1
6788,10001,445758,1
6807,154,445690,1
6807,4813,445690,1
6807,8062,445690,1
6818,154,445703,1
6845,154,445694,1
6845,2064,445694,1
6845,8791,445694,1
6846,6594,445701,1
6854,5782,445716,1
6855,1316,445716,1
6855,8062,445716,1
6860,3342,445711,1
6860,8063,445711,1
6872,3076,445717,1
6872,9435,445717,1
6889,1649,445713,1
6933,9262,445714,1
6941,1539,445742,1
6941,2387,445709,1
6941,9326,445742,1
6941,10158,445709,1
6941,10970,445715,1
6972,7613,445705,1
6990,8276,445695,1
6994,1101,445713,1
6994,2678,445713,1
6994,2939,445713,1
6994,4639,445713,1
6994,4921,445713,1
6994,5566,445713,1
6994,7508,445713,1
6994,10483,445713,1
7015,9077,445691,1
7035,406,445692,1
7035,413,445692,1
7035,666,445692,1
7035,784,445692,1
7035,1279,445692,1
7035,1428,445692,1
7035,1602,445692,1
7035,3661,445692,1
7035,4932,445692,1
7035,5212,445692,1
7035,6047,445692,1
7035,6258,445692,1
7035,7099,445692,1
7035,7187,445692,1
7035,8705,445692,1
7035,9623,445692,1
7035,10242,445692,1
7035,10260,445692,1
7035,10549,445692,1
7035,10642,445692,1
7042,9262,445697,1
7052,154,445703,1
7052,3401,445703,1
7052,4762,445703,1
7095,9262,445711,1
7095,10120,445711,1
7096,154,445703,1
7096,1880,445703,1
7096,9262,445703,1
7098,1672,445712,1
7115,2591,445705,1
7115,5691,445705,1
7120,4843,445761,1
7131,576,445709,1
7131,1887,445709,1
7131,2096,445709,1
7131,2707,445709,1
7131,5445,445709,1
7131,8868,445709,1
7131,9404,445709,1
7131,9536,445709,1
7131,10224,445709,1
7131,10248,445709,1
7131,10426,445709,1
7131,11353,445709,1
7144,8511,445703,1
7182,4639,445710,1
7191,10532,445736,1
7201,3090,445711,1
7207,11386,445735,1
7220,4531,445703,1
7220,6019,445703,1
7220,7569,445703,2
7220,7632,445703,1
7220,7738,445703,1
7220,8173,445703,1
7220,10304,445703,1
7224,4988,445760,1
7227,3237,445715,1
7246,8016,445701,1
7248,7291,445709,1
7261,4639,445713,1
7280,722,445701,1
7280,3728,445701,1
7280,9965,445701,1
7294,2662,445704,1
7305,4639,445693,1
7326,7545,445701,1
7327,7937,445707,1
7331,9138,445690,2
7333,7013,445701,1
7349,2506,445708,1
7353,7793,445690,1
7353,9793,445690,1
7362,6991,445736,2
7368,1649,445736,1
7384,5430,445699,1
7413,2096,445705,1
7413,2847,445705,1
7418,154,445691,1
7418,8717,445691,1
7420,154,445691,1
7433,5163,445761,1
7434,154,445707,1
7434,3728,445707,1
7434,6514,445707,1
7434,9324,445707,1
7434,10248,445707,1
7444,6168,445691,1
7482,615,445735,1
7486,1649,445758,1
7486,8220,445758,1
7497,8791,445692,1
7500,1581,445716,1
7500,2762,445716,1
7500,3374,445716,1
7500,8681,445716,1
7500,9553,445716,1
7502,9596,445716,1
7507,3238,445735,1
7514,4639,445761,1
7521,8016,445717,1
7544,6401,445712,1
7544,7863,445712,1
7544,7922,445712,1
7563,3401,445713,1
7563,4639,445713,1
7563,9262,445713,1
7565,2509,445706,1
7568,4464,445690,1
7572,154,445709,1
7582,1345,445741,3
7582,2716,445741,3
7582,3420,445741,3
7582,4516,445741,3
7582,5102,445741,3
7582,5209,445741,6
7582,5519,445741,6
7582,8760,445741,3
7582,10485,445741,3
7583,405,445759,1
7583,1649,445759,1
7583,6659,445759,1
7583,9318,445759,1
7583,9732,445759,1
7583,10747,445759,1
7585,3638,445697,1
7602,4639,445689,1
7602,6646,445689,1
7608,6467,445715,1
7610,2573,445742,1
7610,3401,445742,1
7610,3638,445742,1
7610,4762,445742,1
7610,7013,445742,1
7610,7766,445742,1
7610,9095,445742,1
7610,10248,445742,1
7610,10602,445742,1
7617,719,445735,1
7617,1404,445735,1
7617,9262,445735,1
7636,10395,445696,1
7644,9505,445716,1
7644,10661,445716,1
7652,7926,445704,1
7652,9262,445704,1
7660,6488,445758,1
7660,6608,445758,1
7661,154,445694,1
7661,1537,445694,1
7661,3946,445694,1
7661,6514,445694,1
7661,6784,445694,1
7661,7429,445694,1
7661,7569,445694,1
7661,8791,445694,1
7661,9138,445694,1
7661,9241,445694,1
7661,10390,445694,1
7667,10369,445710,1
7679,5782,445693,1
7705,124,445760,1
7705,154,445760,1
7711,10120,445713,1
7712,4639,445699,1
7734,5465,445735,1
7734,9179,445735,1
7741,2895,445716,1
7768,8220,445759,1
7825,1814,445715,1
7825,3076,445715,1
7825,6818,445715,1
7852,750,445760,1
7852,6302,445760,1
7852,6735,445711,1
7856,154,445693,1
7872,4813,445761,1
7872,5646,445761,1
7872,7922,445761,1
7872,8220,445761,1
7872,9262,445761,1
7872,11224,445761,1
7877,6784,445761,1
7883,154,445710,1
7888,2548,445717,1
7892,5655,445735,1
7892,9562,445735,1
7918,9262,445717,1
7927,9520,445701,1
7959,2803,445697,1
7959,3235,445697,1
7971,4639,445700,1
7971,8712,445700,1
8002,6927,445742,1
8002,7097,445742,1
8002,10692,445742,1
8006,2532,445713,1
8018,7958,445709,1
8019,5858,445696,1
8031,610,445714,1
8031,5482,445714,1
8031,9023,445714,1
8033,5858,445693,1
8038,154,445702,1
8038,722,445702,1
8038,3076,445702,1
8038,3728,445702,1
8038,4480,445702,1
8038,4762,445702,1
8052,4762,445692,1
8054,4749,445736,1
8054,7567,445736,1
8060,1985,445717,1
8060,5094,445717,1
8062,154,445691,1
8062,1164,445691,1
8062,4639,445691,1
8062,6784,445691,1
8062,7132,445691,1
8062,8062,445691,1
8062,8791,445691,1
8062,9138,445691,1
8069,6683,445697,1
8076,8048,445699,1
8085,2716,445734,1
8088,9138,445689,1
8088,9262,445689,1
8106,1512,445735,1
8106,1649,445735,1
8106,9262,445735,1
8107,9828,445741,1
8111,8791,445690,1
8130,11192,445759,1
8133,1164,445710,1
8140,243,445734,1
8140,1574,445734,1
8140,3720,445734,1
8169,6995,445691,1
8170,154,445691,1
8175,4344,445742,1
8180,889,445758,1
8180,10248,445758,1
8191,1537,445700,1
8191,3401,445700,1
8205,4762,445742,1
8205,5022,445742,1
8205,5094,445742,1
8238,7569,445689,1
8268,4639,445705,1
8268,10120,445705,1
8279,2809,445712,1
8283,517,445701,1
8283,6806,445701,1
8283,10632,445701,1
8286,7185,445699,1
8294,6242,445760,1
8296,144,445689,1
8296,5950,445689,1
8303,9158,445760,1
8312,3401,445761,1
8312,5011,445761,1
8312,8220,445761,1
8312,9262,445761,1
8315,3025,445718,1
8315,9428,445718,1
8334,6535,445704,1
8362,1221,445695,1
8362,6396,445695,1
8371,3555,445734,1
8425,4938,445761,1
8428,4639,445689,1
8428,8791,445689,1
8434,154,445736,1
8434,3401,445736,1
8434,3901,445736,1
8434,4171,445736,1
8434,4762,445736,1
8448,749,445695,1
8448,3042,445695,1
8448,9465,445695,1
8448,11139,445695,1
8450,1094,445698,1
8466,577,445703,1
8473,154,445701,1
8486,8333,445759,1
8486,9262,445759,1
8492,3728,445716,1
8492,7372,445716,1
8492,11386,445716,1
8517,8689,445696,1
8524,102,445704,1
8524,3871,445704,1
8524,6535,445704,1
8529,455,445691,1
8541,720,445758,1
8548,1943,445706,1
8548,3638,445706,1
8548,4853,445706,1
8558,7132,445742,1
8564,2809,445718,1
8585,9262,445758,1
8589,154,445734,1
8589,1230,445734,1
8589,3401,445734,1
8589,4344,445734,1
8589,7097,445734,1
8589,9262,445734,1
8589,10120,445734,1
8591,5282,445702,1
8592,154,445690,1
8592,2797,445690,1
8592,3638,445690,1
8592,6235,445690,1
8592,6784,445690,1
8592,7132,445690,1
8593,7518,445694,1
8593,9262,445694,1
8594,154,445692,1
8596,154,445696,1
8596,4639,445696,1
8600,7642,445760,1
8609,1770,445700,1
8610,1373,445714,1
8610,9262,445714,1
8631,2809,445694,1
8664,5420,445699,1
8665,9020,445701,1
8667,154,445709,1
8667,447,445709,1
8667,722,445709,1
8667,1164,445709,1
8667,4639,445709,1
8667,6784,445709,1
8667,7132,445709,1
8667,8016,445709,1
8667,8062,445709,1
8667,8791,445709,1
8667,9138,445709,1
8667,10158,445709,1
8689,4639,445691,1
8689,9262,445691,1
8702,9262,445695,1
8707,8062,445707,1
8729,5256,445689,1
8729,11386,445689,1
8731,1294,445705,1
8733,8716,445741,1
8743,10998,445735,1
8771,113,445691,1
8771,286,445691,1
8771,722,445691,2
8771,2064,445691,1
8771,3401,445691,1
8771,3909,445691,1
8771,4639,445691,2
8771,7569,445691,1
8771,8681,445691,1
8771,8791,445691,1
8771,9138,445691,1
8771,9262,445691,1
8771,10395,445691,1
8771,10532,445691,1
8771,11386,445691,2
8793,2809,445715,1
8793,8148,445715,1
8796,4155,445713,1
8796,4639,445713,1
8796,9262,445713,1
8800,8255,445701,1
8815,946,445713,1
8815,1164,445713,1
8815,1731,445713,1
8815,2399,445713,1
8833,2260,445690,1
8833,2661,445690,1
8851,722,445704,1
8852,5358,445692,1
8860,154,445742,1
8860,154,445761,2
8860,485,445742,1
8860,2143,445693,1
8860,2302,445742,1
8860,2302,445761,1
8860,3401,445689,1
8860,3401,445693,1
8860,3401,445714,1
8860,3401,445761,1
8860,3871,445761,1
8860,4007,445693,1
8860,4639,445693,1
8860,6260,445689,1
8860,6995,445761,1
8860,7134,445761,1
8860,9262,445689,1
8860,9262,445693,1
8860,9262,445714,1
8860,9262,445761,1
8862,8062,445691,1
8869,11215,445759,1
8879,2364,445704,1
8879,9943,445704,1
8882,8016,445758,1
8885,3401,445690,1
8885,3871,445690,1
8885,5871,445690,1
8885,7803,445690,1
8885,9262,445690,1
8885,10527,445690,1
8898,3401,445734,1
8898,9262,445734,1
8937,310,445695,1
8937,1316,445695,1
8977,1233,445691,1
8977,3871,445691,1
8977,4639,445691,1
8977,7803,445691,1
9000,154,445693,1
9000,722,445693,1
9006,1649,445760,1
9006,2672,445760,1
9006,8220,445760,1
9006,9262,445760,1
9006,9732,445760,1
9016,20,445696,1
9016,1324,445696,1
9016,5862,445696,1
9033,6458,445758,1
9054,960,445701,1
9054,2163,445701,1
9065,8288,445695,1
9065,8613,445695,1
9068,9262,445691,1
9069,1626,445707,1
9069,3946,445707,1
9069,4639,445707,1
9069,9167,445707,1
9069,9262,445707,1
9069,10001,445707,1
9079,722,445700,1
9094,4639,445709,1
9113,485,445700,1
9113,2302,445700,1
9116,3483,445714,1
9117,2240,445700,1
9117,3885,445700,1
9136,5482,445695,1
9136,9103,445695,1
9150,1164,445710,1
9150,3750,445710,1
9150,5513,445710,1
9172,154,445693,1
9172,1139,445693,1
9172,4473,445693,1
9172,4639,445693,1
9172,10555,445693,1
9172,10739,445693,1
9181,4100,445698,1
9181,6034,445698,1
9189,11099,445700,1
9189,11266,445700,1
9204,9262,445692,1
9212,8376,445705,1
9212,9896,445705,1
9233,9138,445696,1
9248,2809,445700,1
9248,8712,445700,1
9248,9674,445704,1
9248,10120,445704,1
9326,4762,445735,1
9326,10901,445735,1
9335,2272,445708,1
9337,10424,445708,1
9350,10120,445713,1
9369,6271,445734,1
9369,6938,445705,1
9369,6938,445734,1
9380,691,445735,1
9380,1961,445735,1
9380,11404,445735,1
9384,819,445691,1
9384,1142,445691,1
9384,9410,445691,1
9385,9262,445759,1
9388,154,445707,1
9392,154,445705,1
9406,3956,445705,1
9406,5959,445705,1
9420,9339,445699,1
9432,1444,445759,1
9432,1810,445759,1
9432,2809,445759,1
9432,5681,445759,1
9432,7478,445759,1
9432,8220,445759,1
9432,9262,445759,2
9432,9860,445759,1
9437,3401,445695,1
9437,4639,445695,1
9437,9262,445695,1
9454,10675,445698,1
9465,154,445701,1
9468,3540,445717,2
9469,722,445704,1
9492,1769,445699,1
9514,3638,445689,1
9514,8062,445689,1
9517,4639,445714,1
9524,1649,445735,1
9524,8062,445735,1
9531,5465,445711,1
9531,6423,445711,1
9537,6019,445717,1
9537,11386,445717,1
9555,1949,445715,1
9555,4532,445715,1
9555,9235,445715,1
9568,6810,445712,1
9568,7284,445712,1
9568,8016,445712,1
9569,103,445698,1
9569,812,445698,1
9569,3574,445698,1
9569,5230,445698,1
9569,6235,445698,1
9569,7703,445698,1
9574,9262,445691,1
9604,4639,445761,1
9610,7800,445742,1
9612,762,445707,1
9612,8062,445707,1
9620,5607,445703,1
9633,4518,445708,1
9633,5863,445708,1
9633,5998,445708,1
9633,7380,445708,1
9633,9708,445708,1
9663,8062,445710,1
9666,2543,445714,1
9666,8277,445714,1
9666,9262,445714,1
9666,10120,445714,1
9670,154,445701,1
9671,9749,445711,1
9671,11001,445711,1
9676,8588,445695,1
9691,8789,445701,1
9694,1649,445759,1
9694,8062,445759,1
9694,9262,445759,1
9696,6019,445695,1
9722,4762,445695,1
9744,8016,445708,1
9744,11293,445708,1
9745,10248,445710,1
9753,2036,445761,1
9753,2487,445761,1
9753,4762,445761,1
9753,5480,445761,1
9753,5537,445761,1
9753,7473,445761,1
9753,8045,445761,1
9761,713,445708,1
9761,5970,445708,1
9761,7594,445708,1
9779,1115,445760,1
9779,5474,445760,1
9786,6995,445699,1
9787,6614,445709,1
9794,4344,445734,1
9794,4639,445734,1
9794,4762,445734,1
9798,5508,445760,3
9830,205,445711,1
9830,4853,445711,2
9830,7167,445711,1
9830,9262,445711,1
9847,2755,445701,1
9847,5900,445701,1
9847,9523,445701,1
9856,1649,445735,1
9856,10120,445735,1
9861,10120,445713,1
9862,154,445712,1
9862,9979,445712,1
9862,10195,445712,1
9862,10628,445712,1
9896,4639,445708,1
9903,658,445690,1
9904,154,445705,1
9904,4762,445705,1
9907,4436,445704,1
9918,6396,445716,1
9939,154,445715,1
9939,1537,445707,1
9939,2548,445715,1
9939,4639,445707,1
9939,4639,445715,1
9939,5501,445707,1
9939,7956,445715,1
9965,7956,445691,1
9966,722,445718,1
9982,1202,445694,1
9982,9262,445694,1
9985,4639,445699,1
9985,8062,445699,1
9988,2746,445758,1
9988,4995,445758,1
9988,5011,445758,1
9988,9262,445758,1
10000,5514,445694,1
10011,4639,445691,1
10011,6970,445691,1
10011,7132,445691,1
10011,9262,445691,1
10015,1634,445718,1
10027,405,445696,1
10027,1164,445696,1
10027,6514,445696,1
10048,1754,445717,1
10061,2509,445699,1
10070,6423,445736,1
10073,4639,445705,1
10073,9262,445705,1
10073,10120,445705,1
10078,4762,445697,1
10078,4949,445697,1
10078,9512,445697,1
10084,154,445694,1
10084,221,445694,1
10084,2445,445694,1
10084,4639,445694,1
10084,6784,445694,1
10084,7132,445694,1
10084,8063,445694,1
10084,8681,445694,1
10084,9536,445694,1
10084,10035,445694,1
10084,10333,445694,1
10092,1649,445711,1
10105,154,445710,1
10107,3342,445691,1
10107,3820,445691,1
10107,4762,445691,1
10117,932,445759,1
10117,8936,445759,1
10119,102,445699,1
10119,6784,445699,1
10119,8062,445699,1
10119,9023,445699,1
10129,4121,445718,1
10129,7195,445718,1
10129,7518,445718,1
10129,8016,445718,1
10139,9881,445708,1
10140,154,445717,1
10140,770,445717,1
10140,3965,445717,1
10140,4639,445717,1
10140,7013,445717,1
10140,10120,445717,1
10151,2272,445692,1
10151,9138,445692,1
10151,9262,445692,1
10157,5465,445710,1
10166,8063,445715,1
10167,154,445693,1
10167,722,445693,1
10167,1065,445742,1
10167,3230,445742,1
10167,4141,445742,1
10167,7390,445742,1
10167,8203,445742,1
10167,8707,445742,1
10171,8411,445700,1
10173,7246,445706,1
10176,10120,445717,1
10186,10529,445741,1
10207,154,445698,1
10207,7509,445698,1
10208,6938,445700,1
10209,3728,445714,1
10209,4639,445714,1
10209,9262,445714,1
10209,10120,445714,1
10236,8681,445705,1
10239,2096,445701,1
10239,3401,445701,1
10239,3544,445701,1
10239,4639,445701,1
10239,8063,445701,1
10239,8696,445701,1
10239,8717,445701,1
10239,10327,445701,1
10239,10974,445701,1
10246,722,445707,1
10246,1316,445707,1
10246,1396,445707,1
10246,2784,445707,1
10246,2809,445707,1
10246,3728,445707,1
10246,4639,445707,1
10246,8062,445707,1
10246,9138,445707,1
10262,178,445692,1
10262,6024,445692,1
10272,1649,445736,1
10278,4878,445703,1
10278,9262,445703,1
10281,3559,445736,1
10281,3880,445736,1
10281,8220,445736,1
10281,9083,445736,1
10290,8764,445691,1
10300,4655,445696,1
10309,185,445708,1
10309,7024,445708,1
10311,8062,445693,1
10326,713,445715,1
10326,8712,445699,1
10327,9579,445742,1
10338,889,445760,1
10338,7071,445760,1
10339,124,445759,1
10406,8566,445690,1
10430,5323,445742,1
10431,154,445698,1
10438,426,445713,1
10438,4639,445713,1
10438,6784,445713,1
10438,7132,445713,1
10438,7569,445713,1
10438,8011,445713,1
10438,8791,445713,1
10445,6458,445696,1
10461,540,445713,1
10461,8686,445713,1
10502,3854,445758,1
10505,1880,445711,3
10522,3570,445713,1
10524,5094,445761,1
10524,8062,445709,2
10524,9262,445709,2
10526,4421,445708,1
10526,6965,445708,1
10544,10356,445736,1
10547,20,445692,1
10547,7094,445692,1
10550,7228,445691,1
10550,9138,445691,1
10566,4480,445691,1
10597,3638,445691,1
10597,8062,445691,1
10597,8686,445691,1
10612,4639,445708,1
10612,5984,445708,1
10612,6019,445708,1
10642,3871,445700,1
10652,2199,445691,1
10652,3638,445691,1
10652,4213,445691,1
10652,8686,445691,1
10652,9138,445691,1
10662,4639,445717,1
10672,7922,445741,1
10698,9262,445698,1
10707,154,445742,1
10707,1316,445742,1
10707,3815,445742,1
10707,4344,445742,1
10717,4793,445691,1
10717,8686,445691,1
10724,1723,445695,1
10729,2445,445707,1
10750,1630,445759,1
10809,7093,445698,1
10814,6475,445760,2
10814,6475,445761,5
10814,6845,445760,2
10814,6845,445761,5
10843,1115,445696,1
10843,4815,445696,1
10843,9773,445696,1
10848,713,445761,1
10848,1081,445761,1
10848,1142,445761,1
10848,2760,445761,1
10848,2834,445761,1
10848,3645,445761,1
10848,3757,445761,1
10848,4528,445761,1
10848,4642,445761,1
10848,5131,445761,1
10848,5177,445761,1
10848,5984,445761,1
10848,6237,445761,1
10848,6514,445761,1
10848,6516,445761,1
10848,6549,445761,1
10848,6969,445761,1
10848,7424,445761,1
10848,7848,445761,1
10848,8119,445761,1
10848,8718,445761,1
10848,9262,445761,1
10848,9431,445761,1
10848,9814,445761,1
10848,9886,445761,1
10848,10326,445761,1
10848,11178,445761,1
10857,9286,445716,1
10862,4694,445692,1
10865,4639,445707,1
10865,9262,445707,1
10867,154,445704,1
10867,4639,445697,1
10867,11341,445697,1
10880,433,445697,1
10880,2831,445697,1
10880,3025,445697,1
10880,4639,445697,1
10880,6499,445697,1
10880,6995,445697,1
10883,4639,445700,1
10883,9138,445700,1
10884,6167,445706,1
10932,8062,445691,1
10969,124,445714,1
10969,2548,445714,1
10969,3401,445714,1
10975,3401,445690,1
10975,9138,445690,1
10975,9262,445690,1
10976,2978,445759,1
10981,154,445696,1
10997,154,445759,1
10997,5011,445759,1
10997,5146,445759,1
10997,7473,445759,1
10997,9262,445759,1
11012,154,445734,1
11021,3638,445691,1
11021,8177,445691,1
11021,9138,445691,1
11031,2302,445702,1
11034,124,445702,4
11034,1649,445702,4
11034,7013,445702,4
11038,3342,445742,1
11039,9262,445759,1
11039,11039,445759,1
11045,154,445692,1
11045,5305,445692,1
11045,6663,445692,1
11045,6857,445692,1
11045,7328,445692,1
11045,7956,445692,1
11045,9268,445692,1
11045,10248,445692,1
11058,722,445759,1
11058,5357,445759,1
11058,10743,445759,1
11063,2141,445701,1
11063,10737,445701,1
11074,1094,445707,2
11078,9709,445717,1
11090,7569,445690,1
11105,10295,445761,1
11117,154,445692,1
11123,10120,445706,1
11132,1738,445758,1
11138,1142,445692,1
11138,1569,445692,1
11138,9262,445692,1
11142,1282,445759,2
11142,1370,445759,2
11142,6835,445759,2
11149,7060,445707,1
11157,722,445718,1
11157,2409,445718,1
11157,7805,445718,1
11160,2086,445701,1
11160,3677,445701,1
11160,7595,445701,1
11171,2096,445693,1
11193,1649,445735,1
11193,8220,445735,1
11197,722,445689,1
11197,3401,445689,1
11197,8062,445689,1
11197,8271,445689,1
11208,2809,445717,1
11213,9490,445742,1
11219,3638,445690,1
11238,5011,445761,1
11238,6845,445761,1
11238,8063,445761,1
11244,3885,445699,1
11244,3885,445716,1
11244,4222,445699,1
11244,4222,445716,1
11244,4639,445716,1
11256,10120,445713,1
11263,10467,445706,1
11273,9261,445735,1
11277,2148,445703,1
11277,4422,445703,1
11277,5636,445703,1
11303,3401,445691,1
11303,5794,445691,1
11303,8791,445691,1
11303,9262,445691,1
11306,3051,445736,1
11306,4342,445736,1
11306,9262,445736,1
11308,8016,445696,1
11327,10583,445711,1
11329,4762,445696,1
11334,1649,445711,1
11334,3638,445711,1
11334,3728,445711,1
11334,4762,445711,1
11334,8220,445711,1
11340,2809,445691,1
11340,4639,445691,1
11340,5858,445691,1
11345,3871,445695,1
11345,4639,445695,1
11345,6995,445695,1
11364,3207,445706,1
11364,7801,445706,1
11372,9138,445711,1
11380,9262,445759,1
11385,3118,445699,1
11388,9042,445714,1
11388,10532,445761,1
11401,5819,445691,1
11403,2150,445698,1
11409,10303,445696,1
11411,2096,445736,1
11412,847,445695,1
11418,154,445695,1
11418,1370,445695,1
11418,3401,445695,1
11418,10914,445695,1
11428,6467,445712,1
11448,7862,445698,1
11455,8894,445758,1
11476,154,445701,1
11476,2809,445701,1
11478,154,445734,1
11478,9453,445734,1
11479,2809,445694,1
11488,6784,445691,1
11488,7132,445691,1
11488,8062,445691,1
11492,154,445758,1
11507,10788,445741,1
11531,10120,445718,1
11534,4344,445714,1
11534,4639,445714,1
11534,8063,445714,1
11534,10120,445714,1
11538,4639,445704,1
11571,1847,445705,1
11573,3401,445698,1
11573,4762,445698,1
11573,5113,445698,1
11586,4137,445717,1
11589,2809,445695,1
11596,5094,445742,1
11604,8203,445703,1
11610,4588,445698,1
11610,5420,445698,1
11610,9122,445698,1
11610,10324,445698,1
11612,722,445711,1
11637,4875,445694,1
11646,1422,445690,1
11649,11386,445700,1
11652,753,445735,1
11652,1396,445735,1
11652,2302,445735,1
11652,10527,445735,1
11657,7013,445702,1
11659,965,445711,1
11659,10020,445711,1
11666,6451,445694,1
11670,722,445692,1
11670,3118,445692,1
11670,4989,445692,1
11670,6784,445692,1
11670,6857,445692,1
11674,412,445761,1
11674,2138,445761,1
11674,2161,445761,1
11674,2597,445761,1
11674,4068,445761,1
11674,4367,445761,1
11674,6784,445761,1
11674,9442,445761,1
11674,9723,445761,1
11674,10914,445761,1
11684,722,445709,1
11684,6181,445709,1
11684,6369,445709,1
11697,3555,445716,1
11697,6995,445716,1
11714,9262,445717,1
11741,1626,445692,1
11741,2064,445692,1
11741,6995,445692,1
11741,10262,445692,1
11741,10527,445692,1
11754,2809,445694,1
11761,4961,445695,1
11769,154,445705,1
11781,7338,445695,1
11793,185,445759,1
11793,1142,445717,1
11793,3898,445717,1
11793,5396,445759,1
11793,6626,445717,1
11793,6784,445759,1
11793,8313,445759,1
11793,9262,445759,1
11793,9326,445717,1
11793,10120,445717,1
11824,3071,445742,1
11824,7232,445742,1
11831,3401,445711,1
11849,1142,445707,1
11860,74,445696,1
11860,3733,445696,1
11860,6019,445696,1
11860,8219,445696,1
11860,8588,445696,1
11862,154,445759,1
11876,2548,445759,1
11876,4639,445759,1
11876,5011,445759,1
11876,6784,445759,1
11888,4639,445696,1
11906,10488,445712,1
11910,5527,445709,1
11931,154,445700,1
11931,7569,445700,1
11944,4232,445761,1
11973,154,445698,2
11973,10120,445698,2
11977,5681,445717,1
11984,154,445713,1
11995,3034,445690,1
11995,4147,445690,1
11995,9915,445690,1
11999,722,445734,1
11999,6019,445734,1
11999,6019,445736,1
11999,6967,445736,1
11999,8717,445734,1
11999,8717,445736,1
11999,9662,445736,1
11999,9710,445736,1
11999,10001,445734,1
11999,10479,445736,1
12001,6590,445760,1
12001,8078,445760,1
12002,263,445706,1
12002,7754,445706,1
12006,185,445698,1
12006,3871,445698,1
12006,6784,445698,1
12006,6953,445698,1
12006,8185,445698,1
12006,9262,445698,1
12006,10195,445698,1
12006,10423,445698,1
12012,9956,445692,1
12050,9262,445704,1
12050,10176,445704,1
12057,10018,445699,1
12077,8062,445717,1
12077,9779,445717,1
12089,2509,445709,1
12103,154,445759,1
12103,9262,445759,1
12111,5197,445761,1
12111,9262,445761,1
12118,4639,445695,1
12127,8035,445708,1
12133,3728,445712,1
12133,8353,445712,1
12133,9900,445712,1
12134,2064,445695,1
12134,4639,445713,1
12134,5501,445695,1
12134,5501,445713,1
12134,6235,445695,1
12134,6235,445713,1
12134,6784,445695,1
12134,6784,445713,1
12134,7132,445695,1
12134,7132,445713,1
12134,8062,445695,1
12134,8681,445695,1
12134,8681,445713,1
12134,9138,445695,1
12134,9138,445713,1
12134,9250,445695,1
12134,9250,445713,1
12157,4345,445713,1
12157,8220,445713,1
12157,9579,445713,1
12157,10488,445713,1
12162,3672,445714,1
12169,3109,445706,1
12179,7808,445698,1
12180,10359,445689,1
12190,9262,445696,1
12197,1316,445712,1
12201,2333,445759,1
12203,9193,445701,1
12207,154,445712,1
12207,858,445712,1
12209,4300,445758,1
12219,2067,445704,1
12221,2809,445707,1
12221,5858,445707,1
12245,1649,445708,1
12246,1630,445709,1
12251,11386,445692,1
12252,5482,445706,1
12252,6858,445706,1
12259,8916,445691,1
12276,4639,445691,1
12278,5094,445713,1
12278,5465,445713,1
12278,7013,445713,1
12278,7922,445713,1
12278,8062,445713,1
12278,9262,445713,1
12285,722,445703,1
12285,5582,445760,1
12286,154,445735,1
12286,3401,445710,1
12286,4809,445735,1
12286,5690,445710,1
12286,6169,445710,1
12286,7132,445735,1
12286,8696,445735,1
12286,9262,445710,1
12286,9262,445735,1
12286,9521,445710,1
12286,10527,445735,1
12306,2789,445692,1
12307,1142,445709,1
12307,1142,445714,2
12307,1257,445709,1
12307,1257,445711,1
12307,1257,445712,1
12307,1257,445735,1
12307,1308,445699,1
12307,1308,445712,1
12307,1308,445714,1
12307,3033,445699,1
12307,3033,445709,1
12307,3033,445711,1
12307,3033,445735,1
12307,5093,445699,1
12307,5093,445709,1
12307,9262,445709,1
12307,9262,445712,1
12307,9262,445714,2
12307,9607,445709,1
12307,9607,445711,1
12307,9607,445714,1
12307,9607,445735,1
12319,135,445692,1
12319,5297,445692,1
12320,1649,445736,1
12320,3880,445736,1
12320,5426,445736,1
12320,9271,445736,1
12322,10529,445695,1
12323,7928,445759,1
12325,340,445742,1
12325,2827,445742,1
12325,4639,445742,1
12325,6683,445742,1
12340,1049,445705,1
12340,1267,445705,1
12340,4787,445705,1
12340,11372,445705,1
12341,4639,445695,1
12343,4193,445692,1
12343,8062,445692,1
12347,6943,445705,1
12358,4038,445734,1
12358,11094,445734,1
12365,3446,445712,1
12365,8290,445712,1
12368,3401,445700,1
12373,4639,445696,1
12373,5714,445758,1
12373,9262,445697,1
12373,9262,445758,1
12384,2741,445707,1
12384,7013,445707,1
12384,8566,445707,1
12384,9907,445707,1
12403,154,445699,1
12403,4639,445699,1
12403,8062,445699,2
12403,10694,445699,1
12410,154,445761,1
12411,756,445690,1
12411,1164,445690,1
12411,1275,445690,1
12411,3750,445690,1
12411,6784,445690,1
12411,7132,445690,1
12411,7956,445690,1
12411,10929,445690,1
12411,11025,445690,1
12419,154,445758,1
12419,3820,445758,1
12431,6310,445759,1
12446,7534,445718,1
12451,6273,445735,1
12451,6519,445735,1
12464,5424,445735,1
12476,1316,445708,1
12479,154,445703,1
12479,991,445703,1
12479,5863,445703,1
12482,2569,445702,1
12482,2901,445702,1
12483,722,445708,1
12483,958,445708,1
12483,2096,445708,1
12483,4946,445708,1
12501,9083,445701,1
12501,9271,445701,1
12501,11386,445701,1
12523,1447,445694,1
12523,1971,445694,1
12551,6268,445691,1
12555,405,445692,1
12555,10217,445692,1
12558,7079,445702,1
12575,405,445693,1
12575,5513,445693,1
12577,1316,445715,1
12586,154,445735,1
12587,4070,445761,1
12587,6887,445761,1
12587,8554,445761,1
12587,10426,445761,1
12590,8412,445710,1
12616,554,445742,1
12616,704,445715,1
12616,727,445742,1
12616,798,445742,1
12616,1168,445761,1
12616,1259,445761,1
12616,1463,445761,1
12616,1658,445715,1
12616,2206,445742,1
12616,2228,445761,1
12616,2592,445715,1
12616,2810,445761,1
12616,2944,445761,1
12616,3026,445761,1
12616,3125,445761,1
12616,4304,445715,1
12616,4474,445761,1
12616,4829,445761,1
12616,5480,445742,1
12616,5640,445742,1
12616,6377,445761,1
12616,6473,445761,1
12616,6758,445742,1
12616,6766,445761,1
12616,6926,445742,1
12616,7236,445715,1
12616,7334,445742,1
12616,7455,445715,1
12616,7670,445761,1
12616,7695,445715,1
12616,8303,445742,1
12616,9873,445715,1
12616,10204,445715,1
12616,10659,445715,1
12616,10968,445761,1
12616,11218,445715,1
12620,2148,445760,1
12624,722,445716,1
12624,2096,445716,1
12639,154,445690,1
12639,154,445736,1
12643,1649,445734,1
12674,1316,445708,1
12674,3728,445708,1
12674,4639,445708,1
12676,10529,445742,1
12678,2433,445704,1
12678,2667,445704,1
12678,5651,445704,1
12678,6611,445704,1
12687,6458,445713,1
12693,1164,445690,1
12693,1537,445690,1
12693,1634,445690,1
12693,2191,445690,1
12693,3401,445690,1
12693,3750,445690,1
12693,4639,445690,1
12693,4762,445690,1
12693,6235,445690,1
12693,7956,445690,1
12693,8007,445690,1
12693,9138,445690,1
12693,9547,445690,1
12693,10248,445690,1
12693,10426,445690,1
12693,10998,445690,1
12697,154,445714,1
12697,722,445714,1
12697,1190,445714,1
12697,4434,445714,1
12697,6535,445714,1
12720,1164,445735,1
12720,9838,445735,1
12772,10926,445758,1
12778,10120,445735,1
12787,6818,445710,1
12794,4639,445712,1
12794,5468,445712,1
12794,8388,445712,1
12795,3734,445708,1
12795,8035,445704,1
12795,10529,445704,1
12816,1164,445690,1
12820,6282,445742,1
12820,8686,445742,1
12833,7398,445712,1
12845,8016,445700,1
12851,75,445734,1
12851,5934,445734,1
12851,6938,445734,1
12851,7658,445734,1
12851,9979,445734,1
12857,10527,445714,1
12868,4989,445714,1
12872,3750,445711,1
12872,10120,445711,1
12877,9138,445691,1
12880,722,445711,1
12892,1732,445714,1
12892,5858,445714,1
12892,11386,445714,1
12955,154,445699,1
12970,2174,445698,1
12970,8254,445698,1
12982,9262,445712,1
13020,1780,445716,1
13028,1612,445701,1
13034,3665,445708,1
13036,405,445692,1
13036,6019,445692,1
13057,9471,445760,1
13061,9530,445761,1
13064,7094,445741,1
13064,9326,445741,1
13069,3236,445692,1
13069,4886,445691,1
13069,8234,445691,1
13071,7933,445714,1
13071,8128,445714,1
13079,3543,445699,1
13079,3946,445699,1
13079,4639,445699,1
13097,1649,445735,1
13097,8220,445735,1
13097,10883,445735,1
13104,154,445691,1
13104,3401,445691,1
13109,154,445699,1
13118,3783,445695,1
13118,8053,445695,1
13123,1039,445717,1
13133,3927,445691,1
13141,1537,445715,1
13141,10120,445715,1
13152,1115,445710,1
13152,9243,445710,1
13154,3890,445717,1
13154,5996,445717,1
13169,6514,445705,1
13171,4971,445692,1
13188,7013,445714,1
13191,4222,445736,1
13192,3867,445706,1
13192,7246,445706,1
13194,763,445691,1
13219,4344,445716,1
13223,2096,445693,1
13225,3728,445709,1
13225,3750,445709,1
13225,4639,445709,1
13225,6535,445709,1
13225,9262,445709,1
13225,10120,445709,1
13225,10395,445709,1
13242,9532,445741,1
13254,9262,445692,1
13256,1300,445714,1
13256,9055,445714,1
13256,9731,445714,1
13256,10120,445714,1
13256,11277,445714,1
13292,517,445735,1
13292,713,445708,1
13292,713,445735,1
13292,1973,445735,1
13292,3401,445708,1
13292,3401,445735,1
13292,4706,445708,1
13292,4706,445735,1
13292,5549,445708,1
13292,5549,445735,1
13292,5566,445708,1
13292,5838,445708,1
13292,6019,445708,1
13292,6019,445735,1
13292,6784,445735,1
13292,6855,445735,1
13292,7132,445708,1
13292,7185,445708,1
13292,9262,445708,1
13292,9262,445735,1
13292,10176,445708,1
13292,10176,445735,1
13296,4639,445703,1
13312,4762,445712,1
13326,1649,445742,1
13332,7430,445702,1
13332,8195,445702,1
13349,1649,445742,1
13349,1880,445742,1
13349,3401,445742,1
13349,5465,445742,1
13349,9262,445742,1
13361,2,445702,1
13361,4639,445702,1
13367,154,445715,1
13367,1396,445715,1
13367,2161,445715,1
13367,2302,445715,1
13367,4027,445715,1
13367,4639,445742,1
13367,5094,445742,1
13367,5418,445715,1
13367,7345,445742,1
13367,8355,445715,1
13377,2809,445692,1
13378,3096,445758,1
13378,6995,445696,1
13378,9617,445716,1
13390,7585,445694,1
13423,3066,445695,1
13432,662,445691,1
13448,7132,445718,1
13448,9627,445718,1
13451,4639,445701,1
13465,53,445702,1
13465,2064,445702,1
13465,2064,445716,1
13465,3879,445702,1
13465,3879,445716,1
13465,4639,445702,1
13465,4639,445716,1
13478,1316,445713,1
13478,1597,445713,1
13478,2903,445713,1
13478,4008,445713,1
13478,4688,445713,1
13478,5032,445713,1
13478,6378,445713,1
13478,7281,445713,1
13478,9227,445713,1
13490,3506,445694,1
13490,4560,445694,1
13490,4837,445694,1
13490,5853,445694,1
13490,7132,445694,1
13490,7674,445694,1
13490,8624,445694,1
13509,3638,445715,1
13509,3728,445715,1
13509,4762,445715,1
13509,5465,445715,1
13509,8016,445715,1
13509,8062,445715,1
13515,154,445742,1
13515,4813,445742,1
13515,5094,445742,1
13515,5465,445742,1
13515,10120,445742,1
13521,722,445742,1
13521,2088,445742,1
13550,2881,445696,1
13550,3076,445696,1
13550,3401,445696,1
13550,4639,445696,1
13550,6995,445696,1
13550,9262,445696,1
13551,8868,445696,1
13551,10224,445696,1
13551,10224,445703,1
13551,10224,445706,1
13552,1250,445759,1
13552,1986,445759,1
13552,2097,445759,1
13552,2273,445759,1
13552,2273,445760,1
13552,6475,445759,1
13552,6475,445760,1
13571,124,445715,1
13590,268,445700,1
13590,3638,445700,1
13590,4639,445700,1
13597,7524,445715,1
13599,722,445761,1
13599,1316,445761,1
13599,2516,445761,1
13599,3401,445761,1
13599,3728,445761,1
13599,5011,445761,1
13599,5501,445761,1
13599,7956,445761,1
13599,8016,445761,1
13599,9262,445761,1
13599,9536,445761,1
13602,6484,445707,1
13602,7300,445707,1
13602,9167,445707,1
13603,3944,445708,1
13614,11125,445698,1
13616,185,445689,1
13616,4639,445689,1
13616,10248,445689,1
13633,10035,445697,1
13641,2723,445705,1
13641,6898,445705,1
13641,9262,445705,1
13661,11011,445709,1
13661,11211,445709,1
13667,1232,445718,1
13667,3378,445718,1
13667,9819,445718,1
13677,8191,445712,1
13679,1880,445690,1
13679,1912,445690,1
13679,3063,445690,1
13679,3878,445690,1
13679,4047,445690,1
13679,6367,445690,1
13679,6784,445690,1
13679,7399,445690,1
13679,7714,445690,1
13679,8111,445690,1
13679,8623,445690,1
13679,11200,445690,1
13680,1649,445712,1
13680,3401,445712,1
13680,9262,445712,1
13680,10120,445712,1
13690,1244,445693,1
13690,3342,445693,1
13690,4762,445693,1
13690,5197,445693,1
13690,5805,445693,1
13726,154,445703,1
13726,3626,445703,1
13726,6271,445703,1
13726,6822,445703,1
13726,9262,445703,1
13726,10120,445703,1
13726,10936,445703,1
13726,11386,445703,1
13727,7494,445690,1
13727,11011,445690,1
13736,1969,445690,1
13761,6861,445759,1
13761,8358,445759,1
13762,5011,445761,1
13764,9634,445706,1
13789,722,445691,2
13789,2296,445691,1
13789,2562,445691,1
13789,3124,445691,1
13789,3401,445691,1
13789,5954,445691,1
13789,6431,445691,1
13789,8062,445691,1
13789,11386,445691,1
13830,4802,445694,1
13830,10859,445694,1
13831,1316,445760,1
13831,3815,445760,1
13832,1316,445709,1
13846,1213,445705,1
13884,7183,445706,1
13894,2496,445701,1
13894,4380,445701,1
13894,6573,445701,1
13894,10248,445701,1
13897,3555,445707,1
13901,4669,445716,1
13901,4889,445716,1
13901,5906,445716,1
13914,6578,445718,1
13914,7742,445718,1
13915,154,445689,1
13915,8791,445689,1
13929,1041,445695,1
13929,2545,445695,1
13929,3536,445695,1
13929,7013,445695,1
13929,7398,445695,1
13929,10883,445695,1
13949,154,445690,1
13970,8016,445698,1
13981,4639,445700,1
13984,10092,445736,1
13985,11386,445697,1
14005,2122,445715,1
14005,4639,445712,1
14005,11179,445715,1
14009,10788,445714,1
14017,4639,445712,1
14019,154,445710,1
14019,154,445712,1
14019,510,445710,1
14019,510,445712,1
14019,638,445710,1
14019,638,445712,1
14019,671,445710,1
14019,671,445712,1
14019,3043,445710,1
14019,3043,445712,1
14019,4482,445710,1
14019,4482,445712,1
14019,5834,445710,1
14019,5834,445712,1
14019,6784,445710,1
14019,6784,445712,1
14019,7124,445710,1
14019,7124,445712,1
14019,7719,445710,1
14019,7719,445712,1
14019,7759,445710,1
14019,7759,445712,1
14019,8186,445710,1
14019,8186,445712,1
14019,8633,445710,1
14019,8633,445712,1
14019,10002,445710,1
14019,10002,445712,1
14019,10846,445710,1
14019,10846,445712,1
14019,11301,445710,1
14019,11301,445712,1
14024,9138,445689,1
14032,8062,445761,1
14055,6514,445712,1
14064,154,445699,1
14071,127,445690,1
14071,154,445690,1
14079,2626,445711,1
14079,3638,445711,1
14079,7523,445711,1
14079,7983,445711,1
14079,8402,445711,1
14102,154,445707,1
14102,8016,445707,1
14102,11386,445707,1
14118,731,445741,1
14118,4639,445760,1
14118,8219,445702,1
14118,8220,445741,1
14118,8291,445741,1
14118,10153,445741,1
14129,5094,445705,1
14130,769,445704,1
14130,3565,445704,1
14130,4734,445704,2
14130,5453,445704,1
14130,8240,445704,1
14130,9967,445704,1
14130,10050,445704,1
14131,10120,445700,1
14137,1316,445713,1
14137,2445,445713,1
14137,3401,445713,1
14137,5465,445713,1
14137,9262,445713,1
14152,8963,445697,1
14158,5011,445761,1
14161,1094,445760,2
14161,1094,445761,1
14165,2809,445698,1
14165,4002,445698,1
14167,154,445706,1
14167,9262,445706,1
14167,10120,445706,1
14176,929,445702,1
14176,1673,445702,1
14186,11075,445704,1
14196,5290,445698,1
14199,711,445741,1
14199,9262,445741,1
14205,154,445692,1
14205,2919,445692,1
14205,6260,445692,2
14207,8170,445710,1
14209,218,445700,1
14209,3750,445700,1
14209,4639,445700,1
14209,8016,445700,1
14209,9262,445700,1
14209,9318,445700,1
14212,154,445759,1
14212,5011,445759,1
14212,5467,445759,1
14212,8220,445759,1
14212,9262,445759,1
14216,2548,445707,1
14216,3401,445707,1
14216,3750,445707,1
14216,8016,445707,1
14262,154,445736,1
14265,4040,445691,1
14265,6514,445691,1
14309,154,445711,1
14309,154,445734,1
14309,154,445736,1
14309,187,445711,1
14309,1316,445711,1
14309,4639,445696,1
14309,5412,445696,1
14309,5465,445711,1
14309,5465,445736,1
14309,6784,445696,1
14309,8062,445696,1
14309,8062,445734,1
14309,8295,445711,1
14309,11283,445711,1
14318,8062,445714,1
14318,10593,445714,1
14326,900,445691,2
14326,2445,445691,1
14326,2674,445691,1
14326,6784,445691,1
14326,6784,445715,1
14326,8177,445691,1
14326,9138,445691,1
14331,6273,445696,1
14331,7428,445696,1
14335,154,445694,1
14338,722,445711,1
14340,6514,445691,1
14343,3401,445715,1
14343,9262,445715,1
14343,10120,445715,1
14351,155,445692,1
14351,9083,445692,1
14351,11386,445692,1
14353,154,445742,1
14353,485,445742,1
14362,4639,445702,1
14362,8791,445702,1
14389,154,445699,2
14389,533,445699,1
14389,713,445699,1
14389,1037,445699,1
14389,3388,445699,2
14389,7439,445699,2
14389,7683,445699,1
14389,8778,445699,1
14389,9262,445699,2
14391,770,445699,1
14400,8686,445692,1
14400,9138,445692,1
14416,8063,445691,1
14417,4171,445715,1
14446,635,445704,1
14446,3159,445704,1
14446,6019,445704,1
14446,7569,445704,1
14481,1094,445759,1
14487,154,445758,1
14487,2342,445758,1
14487,3657,445758,1
14487,5466,445758,1
14487,10529,445758,1
14497,5011,445761,1
14512,8062,445735,1
14520,6514,445759,1
14539,5465,445713,1
14555,154,445698,1
14555,5624,445698,1
14555,5909,445698,1
14555,6784,445698,1
14555,8062,445698,1
14559,3544,445711,1
14567,722,445706,1
14567,2096,445706,1
14567,3780,445706,1
14567,9262,445706,1
14578,3953,445696,1
14578,4762,445696,1
14578,9611,445696,1
14578,9725,445696,1
14614,2503,445707,1
14614,3401,445707,1
14614,7132,445707,1
14614,9262,445707,1
14614,10661,445707,1
14624,8016,445760,1
14626,185,445689,1
14640,6571,445736,1
14640,8062,445736,1
14655,1482,445691,1
14655,2427,445691,1
14655,2774,445696,1
14655,2774,445715,1
14655,3965,445696,1
14655,4350,445691,1
14657,7548,445694,1
14680,1369,445707,1
14680,6138,445695,1
14680,6204,445707,1
14680,7723,445695,1
14680,9858,445707,1
14680,10230,445695,1
14680,10817,445707,1
14680,10986,445695,1
14696,6469,445760,2
14704,4134,445701,1
14704,4890,445701,1
14712,154,445696,1
14712,4639,445696,1
14721,6784,445703,1
14753,3760,445713,1
14754,2809,445698,1
14754,5858,445698,1
14759,8016,445735,1
14769,154,445696,1
14769,5474,445696,1
14773,8566,445718,1
14777,452,445712,2
14777,5418,445712,2
14781,5211,445705,1
14781,9449,445705,1
14794,4445,445735,1
14795,10333,445693,1
14801,3401,445714,1
14807,60,445736,1
14807,667,445736,1
14807,1295,445736,1
14807,10171,445736,1
14811,2809,445702,1
14811,2809,445704,1
14815,9490,445701,1
14828,1142,445718,1
14828,3728,445718,1
14828,4345,445718,1
14828,4762,445718,1
14837,3467,445718,1
14867,635,445718,1
14867,1420,445718,1
14867,3188,445718,1
14867,3401,445718,1
14867,4514,445718,1
14867,8016,445718,1
14867,8868,445718,1
14867,10072,445718,1
14867,10224,445718,1
14881,59,445717,1
14891,9262,445760,1
14892,1537,445701,1
14892,3401,445701,1
14892,3728,445701,1
14892,8016,445701,1
14892,9262,445701,1
14892,11386,445701,1
14894,6409,445695,1
14898,4639,445712,1
14898,9262,445712,1
14902,7569,445692,1
14907,2509,445711,1
14916,1164,445760,1
14916,8220,445760,1
14919,154,445735,1
14919,4813,445735,1
14919,8062,445735,1
14919,9961,445735,1
14919,10120,445735,1
14932,9262,445761,1
14958,777,445716,1
14958,8063,445716,1
14958,9262,445716,1
14958,10736,445716,1
14967,4639,445699,1
14968,1164,445709,1
14973,1534,445703,1
14973,5090,445701,1
14973,8896,445701,1
14973,8896,445703,1
14979,6571,445761,1
14979,6959,445761,1
14995,4002,445693,1
15014,154,445692,1
15019,154,445693,1
15019,722,445693,1
15019,4639,445693,1
15019,7569,445693,1
15019,8016,445693,1
15030,1514,445760,1
15030,4076,445760,1
15040,310,445695,1
15052,4517,445705,1
15052,7548,445705,1
15097,10176,445710,1
15109,6334,445700,1
15116,4777,445695,1
15133,2096,445704,1
15138,3401,445703,1
15150,4762,445715,2
15150,5197,445715,2
15150,8609,445715,2
15150,10390,445715,2
15157,713,445735,1
15157,1373,445735,1
15157,3401,445735,1
15157,4171,445735,1
15157,4755,445735,1
15157,7755,445735,1
15157,9262,445735,1
15157,10035,445735,1
15180,8220,445708,1
15184,5400,445710,1
15184,8337,445710,1
15213,3769,445742,1
15224,3416,445710,1
15225,154,445690,1
15225,8791,445690,1
15232,11386,445705,1
15287,9262,445693,1
15341,722,445703,1
15341,8016,445703,1
15363,11011,445713,1
15381,6526,445710,1
15384,722,445701,1
15418,154,445694,1
15419,2809,445699,1
15436,722,445692,1
15436,4480,445692,1
15436,7994,445692,1
15437,4741,445761,1
15437,6622,445696,1
15437,8420,445761,1
15439,7326,445759,1
15462,2650,445711,1
15463,405,445689,1
15463,9564,445689,1
15469,6019,445695,1
15469,9262,445695,1
15473,6784,445693,1
15473,8588,445693,1
15473,9289,445693,1
15473,10001,445693,1
15476,5474,445759,1
15496,154,445712,1
15496,221,445712,1
15496,1194,445712,1
15506,1838,445718,1
15506,2672,445718,1
15506,2809,445718,1
15506,6938,445718,1
15506,7013,445718,1
15506,8220,445718,1
15541,154,445741,1
15551,1954,445718,1
15551,4900,445718,1
15551,11407,445718,1
15559,1649,445734,1
15576,911,445711,1
15578,4639,445713,1
15602,1094,445696,1
15609,5465,445712,1
15635,1316,445694,1
15635,5501,445694,1
15635,8062,445694,1
15638,1606,445696,1
15648,6701,445691,1
15648,8138,445691,1
15648,9667,445691,1
15648,11150,445691,1
15662,4639,445702,1
15667,4762,445700,1
15667,8016,445700,1
15669,4424,445694,1
15670,4639,445689,1
15683,777,445715,1
15683,4344,445715,1
15683,8109,445715,1
15683,10120,445715,1
15693,11386,445700,1
15694,2076,445690,1
15694,6935,445690,1
15694,9512,445690,1
15709,558,445692,1
15709,8839,445692,1
15713,9262,445708,1
15713,9404,445736,1
15713,11353,445736,1
15723,3401,445696,1
15723,9262,445696,1
15734,154,445698,1
15736,6604,445695,1
15738,6938,445761,1
15740,319,445703,1
15740,10120,445703,1
15741,154,445704,1
15745,3431,445702,1
15751,154,445692,1
15751,1396,445692,1
15751,3401,445692,1
15751,9262,445692,1
15756,154,445693,1
15756,3401,445693,1
15756,9262,445693,1
15770,1094,445706,1
15782,6018,445706,1
15805,2443,445693,1
15806,7569,445695,1
15807,4344,445703,1
15812,8277,445709,1
15819,8170,445759,1
15820,8542,445691,1
15841,10415,445717,1
15841,10977,445717,1
15865,6702,445691,1
15865,8156,445691,1
15865,10670,445691,1
15866,3728,445711,1
15875,4762,445711,1
15877,9404,445736,1
15893,7325,445742,1
15893,9262,445742,1
15900,6187,445718,1
15919,7013,445712,1
15922,154,445703,1
15922,4639,445703,1
15922,6784,445703,1
15922,7132,445703,1
15922,8062,445703,1
15922,8791,445703,1
15922,9138,445703,1
15943,8016,445708,1
15943,8062,445708,1
15953,6235,445699,1
15953,11386,445699,1
15975,772,445717,1
16010,211,445742,1
16010,4344,445742,1
16010,9326,445742,1
16032,4639,445713,1
16032,4762,445713,1
16032,10120,445713,1
16035,2948,445708,1
16040,11008,445736,1
16048,154,445698,2
16048,3401,445698,1
16048,8016,445698,1
16048,10120,445698,1
16061,9578,445714,1
16071,10788,445701,1
16088,2086,445694,1
16094,945,445714,1
16094,8681,445714,1
16094,9262,445714,1
16106,606,445701,1
16106,816,445701,1
16106,4639,445701,1
16106,4762,445701,1
16127,9138,445690,1
16128,283,445712,1
16128,1649,445712,1
16128,2096,445712,1
16128,3477,445712,1
16128,3728,445715,1
16128,4344,445715,1
16128,5465,445712,1
16128,6019,445712,1
16128,6784,445712,1
16128,6784,445715,1
16128,6810,445715,1
16128,7509,445712,1
16128,7895,445712,1
16128,8016,445712,1
16128,8725,445712,1
16128,9103,445712,1
16128,10390,445712,1
16129,722,445760,1
16189,4639,445690,1
16194,9262,445705,1
16195,2064,445708,1
16195,6810,445708,1
16203,8016,445692,1
16205,1298,445711,1
16205,4639,445711,1
16205,7094,445711,1
16205,8016,445711,1
16215,6019,445758,1
16215,9505,445758,1
16215,11011,445758,1
16240,9891,445742,1
16250,4639,445700,1
16250,10120,445700,1
16250,10488,445741,1
16259,5465,445713,1
16259,6235,445713,1
16259,10867,445713,1
16259,10958,445713,1
16261,154,445700,1
16261,3401,445700,1
16261,4171,445700,1
16261,5858,445700,1
16261,7569,445700,1
16261,9262,445700,1
16261,9547,445700,1
16270,1336,445709,1
16273,1710,445741,1
16284,4639,445696,1
16284,4639,445701,1
16302,124,445736,1
16302,979,445736,1
16302,8109,445736,1
16303,6279,445735,1
16303,6417,445735,1
16303,9436,445735,1
16303,10641,445735,1
16311,1094,445699,1
16313,4207,445705,1
16323,1851,445707,1
16326,154,445703,1
16335,7136,445705,1
16335,10750,445705,1
16351,10120,445716,1
16353,3815,445760,1
16397,9262,445701,2
16397,9709,445701,1
16405,8191,445704,1
16434,154,445700,1
16449,3578,445716,1
16449,6113,445716,1
16449,9610,445716,1
16457,405,445692,1
16457,3401,445692,1
16457,9262,445692,1
16486,1440,445761,1
16486,2298,445690,1
16486,5043,445761,1
16486,6743,445761,1
16503,4188,445699,2
16503,8776,445699,1
16531,4639,445714,1
16550,1910,445736,1
16550,3401,445736,1
16550,8720,445736,1
16563,154,445691,1
16563,8791,445691,1
16582,4639,445698,1
16584,1224,445705,1
16587,7020,445691,1
16603,82,445689,1
16603,154,445689,1
16603,6784,445689,1
16603,9613,445689,1
16603,10934,445689,1
16615,307,445700,1
16615,3100,445700,1
16615,3192,445700,1
16615,3297,445700,1
16615,3401,445700,1
16615,4702,445700,1
16615,5351,445700,1
16615,5552,445700,1
16615,7220,445700,1
16615,8220,445700,1
16615,9716,445700,1
16622,7284,445716,1
16632,6351,445698,1
16656,3605,445707,1
16656,3792,445707,1
16682,9262,445710,1
16682,10120,445710,1
16687,154,445689,1
16687,991,445689,1
16687,1164,445689,1
16687,4639,445689,1
16687,4762,445689,1
16687,6784,445689,1
16687,7132,445689,1
16687,8062,445689,1
16687,8791,445689,1
16687,9138,445689,1
16732,2809,445700,1
16734,4344,445716,1
16741,7569,445741,1
16769,4344,445742,1
16773,3455,445695,1
16784,35,445702,1
16791,124,445706,1
16791,3514,445706,1
16791,3643,445706,1
16791,9377,445706,1
16791,9490,445706,1
16791,10120,445706,1
16796,1265,445718,1
16855,405,445705,1
16855,7013,445705,1
16855,7509,445705,1
16855,9318,445705,1
16857,8062,445709,1
16864,6507,445710,1
16866,10012,445735,1
16874,3638,445696,1
16876,1316,445712,1
16876,5465,445712,1
16892,6848,445715,1
16896,102,445691,1
16896,154,445691,1
16896,4762,445691,1
16896,5418,445691,1
16912,7428,445734,1
16919,5779,445708,1
16919,6763,445708,1
16931,2827,445761,1
16931,9401,445761,1
16949,4762,445718,1
16989,10120,445707,1
17010,1312,445708,1
17010,2723,445708,1
17010,4434,445708,1
17010,9262,445708,1
17017,6253,445691,1
17023,4639,445694,1
17037,4639,445690,1
17037,8791,445690,1
17043,10788,445759,1
17056,154,445699,1
17059,3986,445699,1
17064,154,445759,1
17064,8062,445759,1
17081,154,445698,1
17081,8016,445698,1
17089,9012,445709,1
17090,3972,445696,1
17094,469,445718,1
17103,2809,445699,1
17103,5858,445699,1
17110,4639,445705,1
17126,9262,445714,1
17131,10201,445712,1
17141,7521,445707,1
17142,5259,445715,1
17172,1075,445713,2
17172,1655,445713,2
17172,1882,445713,2
17172,2809,445713,2
17172,5374,445713,2
17172,5858,445713,1
17172,5862,445713,1
17172,6356,445713,1
17172,6938,445713,1
17172,8540,445713,2
17177,8321,445689,1
17184,4712,445734,1
17184,5480,445734,1
17184,7000,445734,1
17184,7342,445734,1
17184,9262,445734,1
17184,9289,445734,1
17184,9544,445734,1
17184,9941,445734,1
17184,11108,445734,1
17209,10120,445717,1
17234,154,445699,1
17250,1147,445742,1
17250,3172,445742,1
17250,4762,445742,1
17250,9611,445742,1
17252,1308,445742,1
17252,6019,445742,1
17263,4639,445689,1
17279,5826,445735,1
17291,8745,445713,1
17303,3401,445691,1
17303,9138,445691,1
17303,9262,445691,1
17315,627,445707,1
17319,6784,445690,1
17332,154,445695,1
17346,585,445709,1
17347,3638,445698,1
17359,2509,445712,1
17359,3477,445712,1
17359,6106,445712,1
17360,2827,445736,1
17364,4762,445704,1
17364,10256,445704,1
17371,154,445690,1
17371,3124,445690,1
17371,3240,445690,1
17371,7569,445690,1
17371,8062,445690,1
17371,10248,445690,1
17403,3873,445694,1
17410,154,445761,1
17419,4639,445701,1
17419,8687,445701,1
17442,2096,445698,1
17444,3401,445710,1
17444,3728,445710,1
17444,5094,445710,1
17444,6407,445710,1
17444,8500,445710,1
17444,9262,445710,1
17444,10248,445710,1
17454,9262,445716,1
17455,2809,445697,1
17455,4762,445697,1
17455,5858,445697,1
17455,6889,445697,1
17458,10663,445709,1
17460,10279,445695,1
17464,4762,445760,1
17464,5011,445760,1
17464,9038,445760,1
17467,4639,445713,1
17476,10395,445702,1
17485,1164,445691,1
17490,154,445696,1
17497,1688,445758,1
17497,4454,445758,1
17497,5893,445758,1
17499,1396,445759,1
17499,2302,445759,1
17499,9262,445759,1
17499,9318,445759,1
17509,1634,445699,1
17509,4639,445699,1
17509,8791,445699,1
17509,9547,445699,1
17509,10120,445699,1
17519,6947,445735,1
17528,154,445689,1
17528,4639,445689,1
17528,8791,445689,1
17538,4639,445691,1
17542,2059,445690,1
17560,2548,445709,1
17568,6571,445692,1
17572,154,445759,1
17572,5011,445759,1
17572,8062,445759,1
17575,9262,445718,1
17588,5094,445761,1
17612,1316,445710,1
17612,1396,445710,1
17612,2509,445710,1
17612,6784,445710,1
17612,7013,445710,1
17612,7132,445710,1
17612,8062,445710,1
17612,9941,445710,1
17612,11270,445710,1
17640,2096,445714,1
17640,7407,445714,1
17640,10579,445714,1
17648,2809,445696,1
17653,8062,445735,1
17655,154,445735,1
17674,2532,445714,1
17692,9262,445760,1
17711,722,445696,1
17711,4639,445696,1
17711,6818,445696,1
17721,154,445695,1
17721,722,445695,1
17721,2096,445695,1
17721,4793,445695,1
17721,4989,445695,1
17722,2443,445714,1
17722,6784,445714,1
17727,3815,445759,1
17749,7761,445760,1
17759,3728,445708,1
17759,4639,445708,1
17759,9262,445708,1
17759,10120,445708,1
17761,1396,445705,1
17761,2147,445705,1
17761,11323,445705,1
17767,4639,445697,1
17782,2161,445703,1
17782,4639,445703,1
17785,615,445697,1
17785,4639,445697,1
17785,7569,445697,1
17785,8791,445697,1
17785,9262,445697,1
17789,5248,445699,1
17802,2096,445689,1
17811,4639,445689,1
17811,6775,445689,1
17811,9262,445689,1
17822,113,445697,1
17823,4639,445689,1
17823,6367,445689,1
17823,9262,445689,1
17828,9262,445691,1
17843,1743,445735,1
17843,6226,445735,1
17852,722,445714,1
17862,154,445735,1
17862,10605,445735,1
17867,1537,445695,1
17867,6784,445695,1
17867,7467,445695,1
17867,8016,445695,1
17867,10609,445695,1
17901,2809,445689,1
17960,3188,445699,1
17960,9318,445699,1
17960,9579,445699,1
17960,11386,445699,1
17965,2445,445707,1
17965,3728,445707,1
17965,4639,445707,1
17965,5465,445707,1
17965,6514,445707,1
17989,8734,445759,1
18011,1316,445706,1
18038,3638,445689,1
18038,4762,445689,1
18038,9138,445689,1
18040,5465,445711,1
18040,9138,445711,1
18064,2438,445700,1
18064,4171,445700,1
18064,5479,445700,1
18064,6575,445700,1
18064,7361,445700,1
18064,7956,445700,1
18064,8588,445700,1
18064,11167,445700,1
18069,904,445690,1
18086,4639,445698,1
18086,9779,445698,1
18096,1194,445716,1
18116,7482,445701,1
18143,154,445690,1
18159,3401,445758,1
18176,2226,445716,1
18176,7284,445716,1
18201,722,445708,1
18201,4793,445708,1
18201,7214,445708,1
18213,3380,445697,1
18218,10612,445700,1
18248,889,445758,1
18248,1649,445758,1
18248,8220,445758,1
18248,10519,445758,1
18269,5474,445702,1
18269,9262,445702,1
18277,3197,445714,1
18282,770,445717,1
18282,8844,445717,1
18283,2096,445689,1
18283,9262,445689,1
18287,4422,445698,1
18290,4639,445713,1
18295,154,445693,1
18295,9262,445693,1
18295,10069,445693,2
18295,10248,445693,1
18298,4639,445692,1
18298,9262,445692,1
18306,7132,445760,1
18318,8587,445736,1
18318,10636,445736,1
18319,1853,445692,1
18325,124,445696,1
18348,6656,445689,1
18355,154,445760,1
18360,2023,445694,1
18360,4278,445694,1
18360,6352,445694,1
18360,6374,445694,1
18363,2944,445695,1
18379,8566,445699,1
18380,300,445761,1
18380,932,445761,1
18380,3401,445761,1
18380,4882,445761,1
18380,5596,445761,1
18380,9262,445761,1
18380,10743,445761,1
18399,9670,445707,1
18428,1094,445760,5
18431,1809,445705,1
18438,6051,445735,1
18442,4697,445758,1
18443,154,445700,1
18454,154,445699,1
18454,2809,445699,1
18454,2809,445708,1
18454,5858,445699,1
18454,5858,445708,1
18454,6212,445708,1
18454,8062,445699,1
18454,8062,445708,1
18457,154,445758,1
18457,540,445758,1
18471,154,445707,1
18484,1649,445713,1
18484,4639,445713,1
18484,10120,445713,1
18488,125,445698,1
18496,5377,445698,1
18499,124,445736,1
18499,1649,445736,1
18499,5465,445736,1
18519,4639,445735,1
18531,4639,445696,1
18537,10139,445717,1
18543,1946,445690,1
18570,7428,445718,1
18571,117,445718,1
18571,154,445718,1
18571,7013,445718,1
18585,154,445742,1
18616,154,445693,1
18616,6796,445693,1
18638,154,445712,1
18638,1334,445712,1
18638,7149,445712,1
18641,154,445759,1
18641,6367,445759,1
18641,9262,445759,1
18655,3815,445760,1
18655,4639,445760,1
18657,154,445760,1
18657,1649,445760,1
18657,3815,445760,1
18657,5011,445760,1
18661,3401,445695,1
18661,9262,445695,1
18675,10530,445700,1
18679,154,445735,1
18679,7013,445735,1
18679,8220,445735,1
18680,2211,445735,1
18680,2827,445735,1
18728,3656,445760,1
18728,8276,445760,1
18728,9262,445760,1
18729,9138,445761,1
18770,8220,445716,1
18781,435,445701,1
18783,8681,445694,1
18788,9138,445690,1
18793,938,445760,1
18803,4639,445705,1
18803,10120,445705,1
18816,6818,445711,1
18819,10020,445718,1
18822,154,445693,1
18822,722,445693,1
18822,4639,445693,1
18822,4762,445693,1
18822,8016,445693,1
18822,8062,445693,1
18822,8791,445693,1
18835,185,445699,1
18835,4762,445699,1
18836,9985,445742,1
18844,10120,445717,1
18850,8689,445697,1
18866,722,445694,1
18866,7569,445694,1
18879,2670,445691,1
18879,3895,445691,1
18882,3401,445692,1
18882,8062,445692,1
18882,9262,445692,1
18900,5858,445700,1
18900,10120,445700,1
18904,154,445759,1
18916,785,445696,1
18916,859,445696,1
18916,2459,445696,1
18916,2710,445696,1
18916,2898,445696,1
18916,8063,445696,1
18916,8516,445696,1
18916,9262,445696,1
18916,11233,445696,1
18926,3865,445718,1
18950,3277,445758,1
18952,1690,445711,1
18952,1831,445711,1
18952,3401,445703,1
18952,3445,445703,1
18952,4463,445711,1
18952,5425,445711,1
18952,8219,445711,1
18952,9262,445703,1
18992,1034,445696,1
18992,1063,445696,1
18992,4987,445696,1
18992,9234,445696,1
19037,154,445715,1
19037,154,445735,1
19039,9262,445761,1
19045,7054,445712,1
19045,9268,445690,1
19048,3728,445713,1
19048,4639,445713,1
19058,154,445742,1
19058,4344,445742,1
19065,7013,445702,1
19074,3076,445710,1
19074,4222,445710,1
19074,5465,445710,1
19074,6235,445710,1
19074,9262,445710,1
19075,2809,445700,1
19077,9262,445692,1
19077,9262,445708,1
19077,9262,445736,1
19083,3401,445700,1
19083,9262,445700,1
19092,10001,445702,1
19092,11386,445702,1
19112,4639,445696,1
19123,9262,445701,1
19148,6818,445699,1
19148,9675,445699,1
19165,7285,445701,1
19182,3638,445711,1
19182,9262,445711,1
19189,9138,445690,1
19192,4761,445698,1
19205,4486,445712,1
19207,974,445735,1
19207,2175,445735,1
19207,2996,445735,1
19207,6899,445735,1
19207,8390,445735,1
19207,8765,445735,1
19207,8892,445735,1
19226,1934,445699,1
19247,10120,445717,1
19248,3342,445760,1
19251,2809,445701,1
19254,185,445742,1
19267,3490,445711,1
19267,3745,445711,1
19277,3188,445691,1
19277,6514,445691,1
19293,6367,445711,1
19293,7569,445711,1
19306,154,445697,1
19306,1394,445697,1
19306,1814,445697,1
19311,154,445694,1
19326,535,445736,1
19334,1194,445698,1
19334,6386,445698,1
19336,4639,445696,1
19336,8791,445696,1
19350,154,445706,1
19356,102,445760,1
19356,154,445760,1
19356,2809,445760,1
19356,8538,445760,1
19356,10120,445760,1
19358,722,445714,1
19358,2036,445714,1
19358,8595,445714,1
19358,8906,445714,1
19358,10527,445714,1
19370,9392,445759,1
19372,4639,445705,1
19378,473,445715,1
19388,3535,445706,1
19388,6301,445706,1
19406,6535,445710,1
19409,9073,445741,1
19411,11386,445702,1
19412,154,445712,1
19412,433,445712,1
19412,1142,445712,1
19412,1634,445712,1
19412,2302,445712,1
19412,3076,445712,1
19412,9262,445712,1
19416,3820,445760,1
19416,4762,445760,1
19416,5480,445760,1
19416,9079,445760,1
19426,722,445697,1
19426,1194,445697,1
19426,9508,445697,1
19485,1461,445708,1
19485,1477,445708,1
19485,4617,445708,1
19489,7085,445700,1
19498,1111,445760,1
19498,1883,445760,1
19498,7950,445760,1
19498,10333,445760,1
19498,10535,445760,1
19514,1325,445700,1
19556,3542,445691,1
19556,5097,445691,1
19556,6499,445691,1
19556,8867,445691,1
19563,154,445693,1
19563,4639,445693,1
19563,7569,445693,1
19563,8220,445693,1
19563,9262,445693,1
19563,10529,445693,1
19580,3401,445692,1
19580,8063,445692,1
19580,9262,445692,1
19586,10743,445718,1
19588,4762,445758,1
19590,4639,445694,1
19633,9262,445692,2
19633,9262,445700,1
19633,9262,445701,1
19633,9262,445708,1
19633,9262,445709,1
19633,9262,445712,1
19633,9262,445716,1
19644,1359,445736,1
19644,1649,445736,1
19644,3862,445736,1
19644,4403,445736,1
19644,8730,445736,1
19644,9262,445736,1
19644,9552,445736,1
19644,10120,445736,1
19677,2809,445708,1
19677,9262,445708,1
19677,11386,445708,1
19681,6789,445718,1
19681,9262,445718,1
19696,2532,445760,1
19696,3815,445760,1
19709,8382,445707,1
19733,1142,445735,1
19733,6019,445735,1
19740,9073,445709,1
19742,4438,445760,1
19765,722,445704,1
19766,4639,445700,1
19769,6306,445741,1
19773,3188,445708,1
19786,722,445708,2
19786,5162,445708,2
19788,154,445736,1
19788,618,445736,1
19788,1396,445736,1
19788,2043,445736,1
19788,4762,445736,1
19788,5197,445736,1
19788,7569,445736,1
19788,10120,445736,1
19789,2827,445758,1
19807,11022,445698,1
19808,2548,445711,2
19821,4938,445714,1
19821,10529,445714,1
19821,10628,445714,1
19824,3701,445690,1
19824,7966,445690,1
19839,6386,445689,1
19846,7398,445698,1
19846,10692,445698,1
19859,3638,445711,1
19859,4639,445711,1
19859,6784,445711,1
19859,7132,445711,1
19859,8062,445711,1
19884,4779,445693,1
19917,2809,445716,1
19917,8686,445716,1
19917,10120,445716,1
19934,7268,445707,1
19943,722,445690,1
19943,1649,445689,1
19943,2548,445690,1
19943,4639,445689,1
19943,4639,445690,1
19943,8016,445690,1
19943,8566,445690,1
19943,8924,445689,1
19943,8924,445694,1
19943,11386,445689,1
19943,11386,445690,1
19968,134,445734,1
19968,4762,445734,1
19979,1887,445711,1
19979,11238,445711,1
20040,4663,445708,1
20040,9724,445708,1
20072,124,445705,1
20072,7754,445705,1
20083,127,445710,1
20087,7569,445707,1
20087,8681,445707,1
20098,3401,445712,1
20098,9262,445712,1
20098,9669,445712,1
20146,3298,445736,1
20150,7883,445706,1
20152,1842,445761,1
20155,185,445735,1
20155,1649,445735,1
20155,4755,445735,1
20155,10120,445735,1
20160,6845,445758,1
20182,9085,445705,1
20199,154,445689,1
20199,8791,445689,1
20231,154,445693,1
20231,154,445694,1
20231,154,445695,1
20231,405,445693,1
20231,405,445694,1
20231,405,445695,1
20231,1300,445716,2
20231,2064,445693,1
20231,2064,445694,1
20231,2064,445695,1
20231,2809,445695,1
20231,4639,445693,1
20231,4639,445694,1
20231,4639,445695,1
20231,4944,445716,2
20231,7429,445693,1
20231,7429,445694,1
20231,7429,445695,1
20231,8681,445693,1
20231,8681,445694,1
20231,8681,445695,1
20231,8791,445693,1
20231,8791,445694,1
20231,8791,445695,1
20231,9322,445716,2
20231,9731,445716,2
20231,10120,445716,2
20231,10395,445693,1
20231,10532,445693,1
20231,10532,445694,1
20231,10532,445695,1
20231,10855,445693,1
20231,10855,445694,1
20231,10855,445695,1
20231,11150,445693,1
20231,11150,445694,1
20239,1548,445699,1
20239,2198,445699,1
20239,2440,445699,2
20239,4171,445699,1
20239,6406,445699,1
20239,8712,445699,1
20239,9262,445699,1
20239,9331,445699,1
20243,3342,445715,1
20243,11144,445715,1
20250,10634,445699,1
20254,4007,445707,1
20254,10120,445707,1
20267,8906,445698,1
20267,10394,445698,1
20275,5725,445693,1
20303,7085,445741,1
20311,5425,445760,1
20325,9280,445736,1
20334,9525,445698,1
20343,185,445690,1
20343,4762,445690,1
20343,5431,445690,1
20343,7569,445690,1
20343,8016,445690,1
20343,11386,445690,1
20348,4895,445741,1
20348,6778,445741,1
20348,7594,445741,1
20348,8947,445741,1
20348,9194,445741,1
20348,10015,445741,1
20348,11161,445741,1
20353,3342,445742,1
20353,10120,445742,1
20354,5342,445715,1
20376,9823,445709,1
20393,5127,445736,1
20400,3076,445705,1
20409,5276,445735,1
20419,8062,445709,1
20446,154,445697,1
20446,3401,445697,1
20446,8791,445697,1
20446,9262,445697,1
20447,8062,445701,1
20468,7412,445701,1
20468,10597,445701,1
20468,11386,445701,1
20484,1319,445690,1
20484,7132,445690,1
20484,9262,445690,1
20492,154,445689,1
20492,3638,445690,1
20492,3638,445695,1
20501,154,445690,1
20501,1649,445690,1
20501,8062,445690,1
20501,8566,445690,1
20505,2548,445711,1
20505,4639,445711,1
20505,8681,445711,1
20509,4639,445691,1
20509,9262,445691,1
20517,154,445759,1
20517,11386,445759,1
20555,540,445714,1
20586,3752,445695,1
20596,3518,445760,1
20600,154,445693,1
20602,4639,445690,1
20602,8791,445690,1
20617,405,445705,1
20617,10460,445705,1
20639,845,445759,1
20643,3843,445689,1
20661,1164,445689,1
20661,3401,445689,2
20661,3544,445689,1
20661,3638,445689,1
20661,4639,445689,2
20661,6784,445689,1
20661,7132,445689,1
20661,7569,445689,1
20661,8791,445689,1
20661,9103,445689,1
20661,9262,445689,2
20679,6350,445761,1
20682,6019,445695,1
20682,6988,445695,1
20698,9262,445708,1
20718,9138,445708,1
20721,9138,445692,1
20727,3727,445760,1
20732,9452,445713,1
20736,7716,445698,1
20740,10123,445735,1
20767,405,445707,1
20767,1190,445707,1
20786,11386,445701,1
20809,11147,445734,1
20814,4639,445689,1
20816,6235,445689,1
20832,1887,445714,1
20832,4639,445711,1
20832,5094,445716,1
20832,6468,445716,1
20832,6925,445711,1
20832,9138,445714,1
20832,10120,445711,1
20832,10120,445716,1
20842,7554,445714,2
20842,8348,445714,1
20842,10053,445714,1
20842,10788,445714,1
20842,10998,445714,1
20844,3401,445692,1
20844,4852,445692,1
20844,7214,445692,1
20844,7956,445692,1
20844,8393,445692,1
20844,9262,445692,1
20844,9262,445716,1
20847,1986,445692,1
20856,8062,445693,1
20858,8062,445689,1
20860,4345,445702,1
20860,8062,445702,1
20860,8220,445702,1
20860,11120,445702,1
20873,154,445698,1
20873,5858,445698,1
20914,405,445708,1
20914,8016,445708,1
20914,9083,445708,1
20914,11386,445708,1
20952,4671,445690,1
20952,7825,445690,1
20952,9342,445690,1
20952,9666,445690,1
20952,10321,445690,1
20952,10325,445690,1
20952,10745,445690,1
20952,10775,445690,1
20952,10988,445690,1
20957,837,445712,1
20957,3641,445712,1
20957,5330,445712,1
20957,9576,445758,1
20963,116,445760,1
20972,804,445759,1
20976,4688,445707,1
20985,9262,445699,1
20986,9373,445761,1
21008,154,445697,1
21008,185,445697,1
21008,2138,445697,1
21008,2970,445697,1
21008,4306,445697,1
21008,6347,445697,1
21008,7190,445697,1
21008,8016,445697,1
21008,8588,445697,1
21008,9262,445697,1
21008,10001,445697,1
21018,1316,445716,1
21018,1634,445716,1
21018,3871,445716,1
21018,6995,445702,1
21018,7569,445702,1
21018,9547,445716,1
21026,10329,445760,1
21035,3188,445742,1
21041,722,445696,1
21041,1552,445697,1
21041,3090,445697,1
21041,4762,445696,1
21041,4762,445697,1
21041,7304,445697,1
21046,1649,445701,1
21055,2036,445742,1
21075,3401,445716,1
21084,5803,445698,1
21086,578,445701,1
21086,1684,445701,1
21086,8219,445701,1
21086,9262,445701,1
21086,9450,445701,1
21094,5400,445695,1
21094,8035,445695,1
21107,8062,445709,1
21107,9384,445709,1
21125,2997,445742,1
21131,5144,445690,2
21131,6207,445690,1
21156,722,445736,1
21156,2096,445736,1
21156,3464,445736,1
21160,8062,445709,1
21182,2302,445718,1
21184,4762,445713,1
21184,5094,445713,1
21211,4812,445718,1
21234,5511,445735,1
21234,9262,445735,1
21238,4989,445705,1
21251,7013,445698,1
21251,8016,445698,1
21251,9262,445698,1
21258,1079,445760,1
21258,1649,445760,1
21258,7518,445760,1
21258,11386,445760,1
21262,722,445718,1
21294,154,445690,1
21294,154,445760,1
21297,722,445707,1
21297,1190,445707,1
21297,7006,445707,1
21297,9163,445707,1
21306,4639,445692,1
21310,7689,445761,1
21310,11163,445761,1
21336,9262,445760,1
21345,7612,445758,1
21345,8712,445758,1
21345,9083,445758,1
21357,7518,445761,1
21359,11099,445761,1
21363,11164,445705,1
21366,1532,445718,1
21366,2827,445718,1
21366,3172,445718,1
21380,5400,445735,1
21387,722,445703,2
21387,1649,445703,2
21387,2748,445703,2
21387,3728,445703,2
21387,4762,445703,2
21387,9550,445703,2
21394,8652,445710,1
21396,154,445694,1
21411,8566,445699,1
21411,9262,445699,1
21424,5678,445704,1
21437,1164,445759,1
21437,4762,445759,2
21437,11368,445759,1
21450,4639,445705,1
21450,10120,445705,1
21452,8220,445718,1
21453,2820,445736,1
21453,11386,445736,1
21457,3401,445706,1
21457,7922,445706,1
21469,297,445736,1
21478,9503,445759,1
21487,4762,445709,1
21487,5197,445709,1
21487,8063,445709,1
21492,10791,445716,1
21495,3076,445690,1
21495,10020,445690,1
21497,1316,445696,1
21497,8062,445696,1
21497,9138,445696,1
21511,154,445716,1
21516,10012,445714,1
21518,722,445696,1
21518,4480,445696,1
21545,8791,445702,1
21558,1015,445691,1
21558,1866,445691,1
21564,1880,445703,1
21567,9262,445696,1
21582,154,445713,1
21588,154,445702,1
21588,5328,445702,1
21588,5328,445736,1
21600,4639,445715,1
21616,4639,445705,1
21616,8062,445705,1
21629,154,445699,1
21632,4639,445716,1
21661,7646,445759,1
21676,4762,445708,1
21676,8983,445708,1
21677,3342,445691,1
21688,8016,445700,1
21697,8484,445699,1
21701,11153,445760,1
21703,1316,445711,1
21703,1649,445711,1
21703,5465,445711,1
21703,7013,445711,1
21703,8016,445711,1
21707,7462,445711,1
21735,154,445759,1
21757,1316,445741,1
21757,4639,445741,1
21759,154,445696,1
21759,433,445696,1
21759,2013,445696,1
21759,2064,445696,1
21759,2302,445696,1
21759,2809,445696,1
21759,3401,445696,1
21759,5672,445696,1
21759,5858,445696,1
21759,6995,445696,1
21759,7585,445696,1
21759,7614,445696,1
21759,8681,445696,1
21759,8791,445696,1
21759,9262,445696,1
21759,11111,445696,1
21765,154,445708,1
21769,6784,445715,1
21775,138,445694,1
21775,158,445694,1
21775,168,445694,1
21775,1618,445694,1
21775,4639,445694,1
21775,5611,445694,1
21775,6233,445694,1
21775,7640,445694,1
21775,8032,445694,1
21775,8809,445694,2
21797,7139,445691,1
21797,8686,445691,1
21822,154,445760,1
21822,5011,445760,1
21825,6016,445701,1
21825,6784,445701,1
21825,8062,445701,1
21841,10914,445697,1
21841,10914,445707,1
21850,10692,445741,1
21862,10426,445761,1
21865,1469,445761,1
21865,1841,445761,1
21865,2604,445761,1
21865,3499,445761,1
21865,7841,445761,1
21865,9262,445761,1
21865,10629,445761,1
21865,10725,445761,1
21865,10824,445761,1
21875,101,445694,1
21876,934,445760,1
21876,6019,445760,1
21908,3186,445706,1
21918,154,445715,1
21925,10272,445691,1
21928,3401,445703,1
21928,9262,445703,1
21938,6784,445718,1
21949,154,445689,1
21969,154,445701,1
21969,4762,445701,1
21969,8063,445701,1
21978,154,445759,1
21985,5284,445759,1
21985,5715,445759,1
21985,7398,445759,1
21985,7961,445759,1
21985,9997,445759,1
21985,10150,445759,1
21992,722,445703,1
21992,2161,445703,1
21993,6235,445698,1
21993,8089,445698,1
21998,9081,445690,1
22010,800,445716,1
22010,10426,445716,1
22019,8062,445702,1
22054,4639,445698,1
22056,154,445707,1
22071,2805,445692,1
22076,2809,445715,1
22076,5858,445715,1
22076,10120,445715,1
22076,10195,445715,1
22081,4639,445694,1
22090,4465,445736,1
22090,7237,445736,1
22104,2628,445715,1
22118,9262,445713,1
22152,722,445760,1
22162,722,445716,1
22162,5417,445716,1
22162,7132,445716,1
22167,154,445735,1
22167,722,445735,1
22182,4706,445761,1
22182,6343,445761,1
22182,6784,445761,1
22182,9262,445761,1
22182,9431,445761,1
22186,4409,445760,1
22187,9179,445699,1
22192,3076,445705,1
22192,10120,445705,1
22198,154,445706,1
22198,2809,445706,1
22203,7856,445714,1
22215,4639,445701,1
22216,154,445760,1
22227,1334,445715,1
22251,10357,445715,1
22265,412,445695,1
22270,6475,445695,1
22276,9262,445710,1
22276,10248,445710,1
22295,154,445692,1
22295,9262,445692,1
22295,11353,445692,1
22318,154,445717,1
22318,7891,445717,1
22326,3638,445691,1
22330,4714,445717,1
22361,5862,445736,1
22364,154,445735,1
22364,4422,445735,1
22364,5349,445735,1
22364,5824,445735,1
22364,8062,445735,1
22364,8109,445735,1
22364,10120,445735,1
22367,2682,445735,1
22367,9262,445735,1
22367,9709,445735,1
22393,9286,445709,1
22397,6514,445698,1
22397,9981,445698,1
22400,6620,445708,1
22400,7922,445701,1
22400,10542,445712,1
22407,8195,445715,1
22409,1142,445691,1
22409,8844,445691,1
22448,10788,445706,1
22449,7508,445710,1
22449,8508,445710,1
22465,3401,445690,1
22466,9138,445690,1
22483,405,445708,1
22483,3076,445708,1
22487,3728,445700,1
22487,6514,445700,1
22487,8062,445700,1
22487,9797,445700,1
22491,433,445699,1
22519,154,445717,1
22519,10120,445717,1
22543,5321,445736,1
22543,9286,445736,1
22545,2096,445758,1
22546,2716,445717,1
22546,9492,445717,1
22568,6659,445701,1
22573,154,445708,1
22574,3351,445715,1
22585,722,445690,1
22600,1412,445691,1
22600,1988,445691,1
22600,2669,445691,1
22600,3375,445691,1
22600,4839,445691,1
22600,4842,445691,1
22600,7780,445691,1
22600,8008,445691,1
22600,8863,445691,1
22619,154,445709,1
22619,10120,445709,1
22623,9083,445702,1
22632,4639,445701,1
22640,154,445705,1
22640,1537,445705,1
22640,3946,445705,1
22640,6514,445705,1
22640,6784,445705,1
22640,7429,445705,1
22640,7569,445705,1
22640,8791,445705,1
22640,9138,445705,1
22640,9241,445705,1
22640,10390,445705,1
22647,5465,445712,1
22650,2096,445701,1
22650,6195,445701,1
22650,9262,445701,1
22650,10934,445701,1
22657,405,445700,1
22687,3940,445690,1
22696,102,445708,1
22696,9579,445708,1
22712,3076,445698,1
22724,2564,445692,1
22724,6235,445692,1
22726,6514,445691,1
22728,154,445700,1
22729,2425,445691,1
22762,6713,445689,2
22792,1663,445718,1
22792,2001,445718,1
22792,5228,445718,1
22792,9993,445718,1
22792,10800,445718,1
22794,6458,445758,1
22812,2445,445714,1
22812,9539,445714,1
22813,3481,445760,1
22813,3820,445760,1
22815,945,445760,1
22823,4502,445690,1
22823,9262,445690,1
22848,8016,445699,1
22852,2671,445694,1
22852,8062,445694,1
22852,11380,445694,1
22908,3871,445761,1
22927,1649,445690,1
22938,3401,445691,1
22944,9181,445690,1
22953,4639,445690,1
22975,4639,445690,1
22977,177,445692,1
22977,1956,445692,1
22978,5470,445691,1
22978,7106,445691,1
22981,1115,445694,1
22981,6488,445694,1
22981,9634,445694,1
23005,8681,445700,1
23038,1340,445712,1
23038,8887,445712,1
23042,7398,445691,1
23044,880,445735,1
23044,1880,445735,1
23044,3071,445735,1
23044,4344,445735,1
23044,6784,445735,1
23044,7132,445735,1
23044,8062,445735,1
23044,8681,445735,1
23044,10390,445735,1
23062,1164,445701,1
23062,2809,445701,1
23062,4989,445701,1
23062,8016,445701,1
23063,2809,445693,1
23071,3181,445700,1
23077,1164,445695,1
23077,6235,445696,1
23077,6784,445695,1
23077,6784,445696,1
23077,9138,445695,1
23123,1754,445708,1
23134,6488,445735,1
23154,9286,445697,1
23163,310,445702,1
23163,1537,445702,1
23163,8062,445702,1
23163,9138,445702,1
23170,8220,445758,1
23170,9262,445758,1
23187,7518,445711,1
23191,2532,445701,1
23191,9262,445701,1
23211,10597,445741,1
23213,1066,445691,1
23216,10120,445760,1
23229,405,445694,1
23229,1762,445708,1
23231,8062,445758,1
23250,1582,445692,1
23250,2950,445692,1
23250,5711,445692,1
23250,5891,445692,1
23259,154,445691,1
23269,1316,445711,1
23269,9491,445711,1
23269,10146,445711,1
23269,10686,445711,1
23276,3188,445699,1
23280,525,445700,2
23280,6480,445700,1
23280,8040,445700,2
23288,6535,445689,1
23308,10803,445715,1
23324,3638,445692,1
23324,8177,445692,1
23324,9138,445692,1
23332,4639,445692,1
23332,4639,445761,1
23343,4504,445699,1
23343,4639,445699,1
23343,9262,445699,1
23343,10529,445699,1
23376,8876,445698,1
23383,2509,445710,1
23384,9262,445758,1
23392,3401,445699,1
23392,8062,445699,1
23392,9262,445699,1
23393,2548,445690,1
23393,8062,445690,1
23393,10761,445690,1
23397,6782,445702,1
23413,154,445695,1
23413,1537,445695,1
23413,2064,445695,1
23413,3401,445695,1
23413,4639,445695,1
23413,9262,445695,1
23430,6196,445697,1
23431,9107,445709,1
23431,9262,445709,1
23437,6784,445702,1
23464,11383,445700,1
23477,10317,445716,1
23486,3401,445712,1
23494,4646,445701,1
23512,124,445718,1
23512,7804,445718,1
23512,9648,445718,1
23518,1316,445712,1
23544,8016,445703,1
23544,9490,445703,1
23557,1564,445715,1
23561,5805,445692,1
23589,3342,445736,1
23596,6458,445742,1
23602,2422,445699,1
23612,8062,445701,1
23621,154,445717,1
23631,10457,445704,1
23632,4639,445761,1
23632,5011,445761,1
23642,154,445691,1
23650,154,445711,1
23650,3871,445711,1
23650,4639,445711,1
23650,4989,445711,1
23650,9262,445711,1
23650,10390,445711,1
23659,6781,445693,1
23671,3310,445711,1
23692,8062,445713,1
23693,1649,445715,1
23693,7013,445698,2
23693,7013,445715,2
23693,7509,445715,1
23698,6348,445717,1
23701,4639,445734,1
23701,4762,445734,1
23701,8132,445734,1
23723,7320,445741,1
23729,3545,445699,1
23748,1194,445736,3
23756,6357,445715,1
23756,10120,445715,1
23773,3564,445694,1
23773,4276,445694,1
23773,8498,445694,1
23773,10036,445694,1
23782,3401,445714,1
23782,8062,445714,1
23782,9262,445714,1
23785,517,445710,1
23785,725,445710,1
23785,3871,445710,1
23785,4690,445710,1
23785,5544,445710,1
23785,9262,445710,1
23785,9533,445710,1
23785,9799,445710,1
23785,9941,445710,1
23785,10146,445710,1
23785,11014,445710,1
23802,405,445696,1
23802,4762,445696,1
23802,4989,445696,1
23802,5513,445696,1
23802,6340,445696,1
23802,7345,445696,1
23817,154,445693,1
23832,1396,445736,1
23832,2302,445736,1
23832,3076,445736,1
23832,4813,445736,1
23832,5407,445736,1
23832,6838,445736,1
23832,9262,445736,1
23844,1115,445694,1
23844,4640,445694,1
23851,3728,445707,1
23851,3885,445707,1
23851,5465,445707,1
23851,9138,445707,1
23858,1211,445703,1
23863,1172,445716,1
23863,3276,445716,1
23863,8030,445716,1
23863,8062,445716,1
23863,9262,445716,1
23866,9674,445707,1
23874,3401,445708,1
23874,8016,445708,1
23874,10120,445708,1
23907,154,445691,1
23908,1396,445735,1
23908,2302,445735,1
23908,3076,445735,1
23911,9053,445703,1
23925,3442,445759,1
23925,5935,445759,1
23925,10721,445759,1
23950,4639,445710,1
23960,5304,445692,1
23971,38,445692,1
23971,3234,445692,1
23971,3617,445692,1
23971,4981,445692,1
23971,6019,445692,1
23971,8722,445692,1
23994,6986,445711,1
23995,11051,445713,1
23996,5681,445741,1
24013,9326,445699,1
24022,9513,445735,1
24030,2874,445713,1
24030,11210,445713,1
24033,8375,445713,1
24064,8712,445703,1
24093,9856,445736,1
24170,5804,445704,1
24170,6067,445704,1
24186,154,445736,1
24186,5501,445736,1
24186,6784,445736,1
24186,7015,445736,1
24186,7132,445736,1
24186,10120,445736,1
24192,1880,445711,3
24194,3815,445759,1
24201,1262,445714,1
24213,3065,445713,1
24213,3065,445734,1
24213,5396,445713,1
24213,5396,445734,1
24213,6157,445713,1
24213,6157,445734,1
24220,2548,445706,1
24220,5858,445706,1
24231,630,445704,1
24231,2993,445704,1
24237,154,445692,1
24242,5011,445758,1
24245,8109,445715,1
24260,9138,445701,1
24260,9262,445701,1
24263,5465,445761,1
24265,3145,445761,1
24285,1141,445759,1
24285,3635,445759,1
24285,10743,445759,1
24290,8520,445707,1
24290,10120,445707,1
24317,154,445689,1
24341,9138,445692,1
24345,2302,445699,1
24345,11353,445699,1
24373,3076,445715,1
24373,7803,445715,1
24373,7943,445715,1
24373,10367,445715,1
24381,10120,445708,1
24401,11244,445716,1
24403,6460,445716,1
24405,4762,445718,1
24411,4762,445758,1
24411,9348,445758,1
24411,10999,445735,1
24424,4480,445760,1
24435,9111,445700,1
24440,2131,445718,1
24440,3525,445718,1
24460,722,445701,1
24460,1194,445701,1
24460,6535,445701,1
24460,6784,445701,1
24460,8941,445701,1
24472,7811,445700,1
24488,722,445761,1
24488,3638,445761,1
24488,4207,445761,1
24488,5094,445761,1
24488,6488,445761,1
24490,3188,445698,1
24490,8016,445698,1
24516,3769,445735,1
24520,8191,445718,1
24529,154,445712,1
24529,9289,445712,1
24546,2432,445700,1
24546,3956,445700,1
24546,7437,445700,1
24583,1823,445758,2
24583,2011,445758,2
24583,2035,445758,2
24583,4001,445758,2
24583,10743,445758,2
24604,6689,445761,1
24605,2525,445708,1
24605,3880,445761,1
24605,5845,445708,1
24619,1752,445714,1
24624,3668,445742,1
24624,10831,445742,1
24624,11106,445742,1
24645,154,445700,1
24658,1556,445700,1
24658,1556,445703,1
24658,1595,445697,1
24658,3401,445700,1
24658,4435,445700,1
24658,5488,445697,1
24658,10392,445697,1
24685,491,445760,1
24685,1980,445759,1
24685,2489,445759,1
24685,2681,445759,1
24685,2947,445759,1
24685,3318,445759,1
24685,4179,445759,1
24685,4500,445760,1
24685,6912,445759,1
24685,7202,445759,1
24685,8034,445760,1
24685,9262,445759,1
24686,3401,445689,1
24686,6938,445689,1
24686,9262,445689,1
24692,10390,445761,1
24718,635,445718,1
24718,7626,445718,1
24718,8016,445718,1
24723,1164,445689,1
24723,11386,445689,1
24728,154,445692,1
24728,8791,445692,1
24751,722,445716,1
24751,2384,445716,1
24751,2720,445716,1
24751,3278,445716,1
24751,3728,445716,1
24753,1996,445718,1
24763,154,445704,1
24777,1655,445759,1
24782,4142,445734,1
24793,4921,445760,1
24806,4639,445699,1
24806,8686,445699,1
24806,10390,445699,1
24814,5787,445696,1
24843,6784,445695,1
24843,7063,445695,1
24843,7132,445695,1
24843,7284,445695,1
24843,7956,445695,1
24843,8140,445695,1
24843,10588,445695,1
24902,7209,445734,1
24902,7654,445734,1
24910,154,445694,1
24910,7094,445694,1
24930,391,445741,1
24930,2096,445741,1
24930,3076,445716,1
24930,5465,445716,1
24930,5465,445741,1
24930,6784,445716,1
24930,6784,445741,1
24930,7132,445716,1
24930,8719,445741,1
24961,154,445708,1
24964,4639,445693,1
24974,3151,445695,1
24981,458,445700,1
24981,3871,445700,1
24993,8510,445698,1
24998,2562,445713,1
24998,6784,445713,1
24999,4007,445690,1
24999,6237,445690,1
25002,154,445717,1
25005,9510,445714,1
25018,335,445759,1
25018,2758,445759,1
25018,5794,445759,1
25018,6712,445759,1
25018,10516,445759,1
25018,10857,445759,1
25040,1316,445707,1
25040,3728,445707,1
25040,5094,445707,1
25040,8016,445707,2
25040,9262,445707,1
25040,10120,445707,1
25040,10390,445707,1
25042,2853,445694,1
25046,124,445761,1
25046,3815,445761,1
25046,7473,445761,1
25046,8220,445761,1
25046,9262,445761,1
25046,10114,445761,1
25049,2372,445691,1
25111,5681,445758,1
25111,5681,445759,1
25111,7922,445759,1
25113,3401,445710,1
25113,3728,445710,1
25113,4639,445710,1
25113,8016,445710,1
25113,8062,445710,1
25113,9262,445710,1
25116,154,445718,1
25116,10527,445718,1
25118,10390,445702,1
25119,5593,445741,1
25133,3188,445713,1
25133,3401,445713,1
25133,4228,445713,1
25133,7922,445713,1
25136,10788,445705,1
25160,154,445689,1
25183,4639,445691,1
25188,4639,445759,1
25219,8566,445701,1
25219,11386,445701,1
25221,619,445705,1
25221,7428,445705,1
25221,9211,445705,1
25235,6683,445759,1
25241,9262,445705,1
25270,2702,445706,1
25292,9759,445700,1
25322,3815,445741,1
25322,5465,445741,1
25322,8062,445741,1
25331,2809,445708,1
25331,5465,445708,1
25331,6784,445708,1
25331,6792,445708,1
25346,427,445711,1
25346,2118,445711,1
25346,3082,445711,1
25346,3401,445711,1
25346,3475,445711,1
25346,4107,445711,1
25346,4232,445711,1
25346,4428,445711,1
25346,4673,445711,1
25346,7862,445711,1
25346,8063,445711,1
25346,9262,445711,1
25346,11111,445711,1
25370,3401,445690,1
25370,9262,445690,1
25383,9262,445700,1
25394,154,445703,1
25394,4639,445703,1
25394,8016,445703,1
25404,292,445759,1
25407,8062,445759,1
25409,154,445690,1
25409,1537,445690,1
25409,3401,445690,1
25409,7569,445690,1
25409,8791,445690,1
25409,9262,445690,1
25415,5972,445716,1
25436,8791,445691,1
25439,154,445697,1
25456,378,445760,1
25456,4658,445760,1
25483,4232,445758,1
25483,5682,445758,1
25498,1649,445759,1
25504,6514,445716,1
25510,6784,445708,1
25510,7284,445708,1
25513,217,445714,1
25513,1396,445714,1
25513,3401,445714,1
25513,3728,445714,1
25513,6759,445714,1
25513,9262,445714,1
25515,4148,445700,1
25523,3401,445735,1
25523,5915,445735,1
25523,9262,445735,1
25523,10061,445735,1
25539,4200,445691,1
25542,3871,445693,1
25542,11386,445693,1
25553,8266,445698,1
25561,4222,445703,1
25561,9262,445703,1
25565,7439,445692,1
25570,1115,445705,1
25570,3401,445705,1
25570,4053,445705,1
25570,10001,445705,1
25574,4762,445716,1
25574,6355,445716,1
25574,6987,445716,1
25579,6938,445699,1
25586,7013,445708,1
25595,11386,445689,1
25597,6260,445691,1
25602,3750,445715,1
25602,8588,445715,1
25603,3638,445735,1
25603,3728,445735,1
25603,4344,445735,2
25603,4897,445735,1
25603,8062,445735,1
25603,10012,445735,1
25603,10120,445735,1
25609,3713,445693,1
25609,4639,445693,1
25609,5074,445693,1
25609,9262,445693,1
25610,4385,445711,1
25610,8016,445712,1
25610,9262,445711,1
25630,6535,445699,1
25638,1649,445735,1
25658,9404,445711,1
25661,294,445760,1
25661,9004,445760,1
25672,1106,445698,1
25686,185,445760,1
25688,154,445712,1
25688,4344,445711,1
25688,4344,445712,2
25688,4344,445714,1
25688,4639,445712,2
25688,10120,445711,1
25695,6019,445708,1
25703,8062,445710,1
25712,3638,445691,1
25712,9138,445691,1
25744,4171,445691,1
25750,722,445700,1
25751,6535,445706,1
25759,10822,445697,1
25769,3536,445759,1
25769,4345,445759,1
25786,7569,445735,1
25790,10120,445702,1
25794,1316,445742,1
25794,4762,445742,1
25794,8791,445742,1
25807,798,445711,1
25807,4762,445711,1
25809,10523,445697,1
25811,154,445712,1
25828,3638,445700,1
25833,6857,445695,1
25837,5574,445735,1
25842,635,445703,1
25842,1248,445703,1
25842,2633,445703,1
25842,4821,445703,1
25842,6216,445703,1
25842,7048,445703,1
25842,9856,445703,1
25842,9960,445703,1
25842,10369,445703,1
25849,10355,445700,1
25850,8016,445707,1
25850,11011,445707,1
25863,10896,445691,1
25888,3510,445712,1
25897,5858,445692,1
25906,3401,445695,1
25906,9262,445695,1
25912,1316,445692,1
25912,6784,445692,1
25914,2883,445713,1
25915,722,445717,1
25915,1164,445717,1
25915,1316,445717,1
25915,1649,445717,1
25915,3728,445717,1
25915,4344,445717,1
25915,4639,445717,1
25915,5465,445717,1
25915,5501,445717,1
25915,6514,445717,1
25915,8016,445717,1
25915,8062,445717,1
25923,1291,445699,1
25934,154,445696,1
25934,6784,445696,1
25943,8220,445761,1
25950,1107,445696,1
25954,3798,445693,1
25959,8946,445703,1
25970,154,445736,1
25993,4762,445713,1
25993,7899,445713,1
25993,10075,445713,1
25993,10825,445713,1
26031,2763,445716,1
26031,4434,445716,1
26031,9634,445716,1
26032,4344,445718,1
26032,7569,445718,1
26032,11386,445718,1
26039,1609,445712,1
26039,2594,445712,1
26042,6143,445736,1
26042,10743,445736,1
26045,3638,445705,1
26051,125,445742,1
26051,938,445742,1
26051,1811,445742,1
26051,1939,445742,1
26051,3342,445742,1
26051,4936,445742,1
26051,7789,445742,1
26062,10120,445718,1
26070,4639,445689,1
26075,3342,445691,1
26075,8063,445691,1
26078,286,445700,1
26078,9513,445700,1
26089,722,445689,1
26089,7956,445689,1
26089,8063,445689,1
26093,4487,445714,1
26093,6488,445714,1
26093,10012,445714,1
26096,154,445692,1
26096,722,445692,1
26096,2847,445692,1
26096,3401,445692,1
26096,4639,445692,1
26096,7569,445692,1
26096,8566,445692,1
26096,8791,445692,1
26096,9262,445692,1
26100,2744,445758,1
26100,4813,445758,1
26103,4639,445703,1
26120,5501,445758,1
26123,10020,445699,1
26138,91,445699,1
26138,419,445699,1
26138,785,445699,1
26138,1030,445699,1
26138,4480,445699,1
26138,5305,445699,1
26138,6177,445699,1
26138,7007,445699,1
26138,10714,445699,1
26158,8200,445735,1
26160,6742,445713,1
26160,8897,445713,1
26161,7347,445693,1
26162,154,445736,2
26162,185,445736,1
26162,2532,445736,1
26167,154,445736,1
26167,1039,445736,1
26167,4344,445736,1
26167,10120,445736,1
26186,1565,445707,1
26186,2276,445707,1
26186,3813,445707,1
26186,5813,445690,1
26186,7956,445707,1
26186,9262,445707,1
26186,9854,445707,1
26195,722,445695,1
26195,2096,445695,1
26195,3728,445695,1
26195,7328,445695,1
26198,1649,445734,1
26199,4639,445692,1
26214,4989,445696,1
26242,154,445711,1
26242,5465,445711,1
26248,154,445691,1
26254,3295,445714,1
26261,9262,445736,1
26261,11167,445736,1
26263,517,445736,1
26263,5566,445736,1
26263,9262,445736,1
26265,4161,445691,1
26269,3561,445708,1
26282,5318,445758,1
26304,4639,445701,1
26325,2384,445712,1
26325,2809,445714,1
26325,3657,445714,1
26325,4755,445714,1
26325,8220,445712,1
26325,8220,445714,1
26325,8458,445712,1
26325,8897,445712,1
26325,9038,445712,1
26325,10120,445714,1
26341,154,445717,1
26350,4232,445695,1
26353,154,445699,1
26353,405,445699,1
26353,2064,445699,1
26353,3946,445699,1
26353,4344,445699,1
26353,4639,445699,1
26353,7429,445699,1
26353,7569,445699,1
26353,8791,445699,1
26353,9318,445699,1
26353,10426,445699,1
26353,10998,445699,1
26369,405,445759,1
26389,154,445708,1
26389,1101,445708,1
26400,3203,445708,1
26402,2302,445709,1
26402,3871,445709,1
26402,9262,445709,1
26402,10527,445709,1
26407,7621,445734,1
26407,10259,445734,1
26414,1649,445758,1
26414,8220,445758,1
26418,2096,445760,2
26429,4639,445697,1
26432,3025,445712,1
26432,3728,445712,1
26432,9262,445712,1
26442,9262,445695,1
26456,154,445742,1
26456,1649,445742,1
26456,2445,445742,1
26456,6784,445742,1
26456,10120,445742,1
26467,6514,445701,1
26474,1871,445696,1
26475,2613,445760,2
26488,9138,445690,1
26541,4909,445717,1
26574,3956,445692,1
26574,4633,445692,1
26574,10174,445692,1
26576,2284,445709,1
26576,6488,445709,1
26606,4639,445690,1
26606,6535,445690,1
26610,1649,445736,1
26610,6941,445736,1
26610,8220,445736,1
26610,9613,445736,1
26617,3938,445760,1
26624,1585,445699,1
26624,2446,445699,1
26624,3920,445699,1
26624,4240,445699,1
26624,10515,445699,1
26627,5465,445735,1
26627,8062,445735,1
26652,9262,445696,1
26662,154,445717,1
26671,124,445736,1
26671,619,445736,1
26677,2302,445759,1
26677,2809,445759,1
26677,3076,445759,1
26677,4819,445759,1
26677,5950,445759,1
26677,6514,445759,1
26677,7473,445759,1
26677,10527,445759,1
26678,8688,445718,1
26684,5566,445715,1
26685,286,445717,1
26685,405,445717,1
26685,3965,445717,1
26685,4298,445717,1
26685,4412,445717,1
26685,6784,445717,1
26686,2623,445694,1
26686,2875,445694,1
26686,7228,445694,1
26689,4439,445692,1
26702,4639,445692,1
26717,722,445707,1
26717,1184,445707,1
26717,6210,445707,1
26717,6683,445707,1
26717,8170,445707,1
26717,9326,445707,1
26717,9904,445707,1
26722,9262,445690,1
26722,9262,445694,1
26724,1403,445735,1
26724,1762,445713,1
26724,2302,445735,1
26724,3076,445713,2
26724,3076,445735,1
26724,3401,445735,1
26724,4027,445735,1
26724,4639,445713,1
26724,7569,445735,1
26724,8681,445735,1
26724,9262,445735,1
26724,10120,445713,1
26738,2809,445715,1
26738,4165,445715,1
26738,6742,445715,1
26738,7922,445715,1
26738,8220,445715,1
26738,10692,445715,1
26738,11386,445715,1
26743,154,445701,1
26743,7937,445701,1
26749,1649,445700,1
26749,1649,445705,1
26749,3973,445700,1
26766,8566,445702,1
26766,11048,445702,1
26788,10936,445712,1
26803,9262,445742,1
26808,722,445709,1
26808,8037,445709,1
26808,8804,445709,1
26813,7922,445705,1
26826,1673,445715,1
26827,6725,445717,1
26832,154,445700,1
26832,2809,445700,1
26832,4813,445700,1
26841,789,445702,1
26841,5705,445702,1
26841,6248,445702,1
26841,9505,445702,1
26845,7013,445703,1
26857,1598,445741,1
26876,6938,445700,1
26889,154,445692,1
26898,8712,445705,1
26898,10390,445705,1
26917,2408,445698,1
26917,8062,445698,1
26932,9748,445736,1
26947,9262,445713,1
26953,2716,445701,1
26959,1880,445741,1
26960,154,445713,1
26964,4762,445711,1
26964,9326,445711,1
26964,10426,445711,1
26988,4232,445694,1
27003,3903,445702,1
27003,8016,445702,1
27003,10618,445702,1
27007,3732,445716,1
27042,154,445691,1
27060,722,445717,1
27060,1164,445717,1
27060,4434,445717,1
27060,6514,445717,1
27060,6784,445717,1
27060,7328,445717,1
27060,7826,445717,1
27060,7956,445717,1
27060,10934,445717,1
27068,1797,445703,1
27070,2096,445703,1
27070,2809,445703,1
27070,7723,445703,1
27070,8712,445703,1
27112,3188,445713,1
27112,8016,445713,1
27112,9318,445713,1
27112,10529,445713,1
27112,11008,445713,1
27114,3076,445702,1
27118,4299,445742,1
27135,154,445694,1
27135,4989,445694,1
27135,9262,445694,1
27147,154,445692,1
27150,9857,445699,1
27156,9191,445698,1
27173,10120,445705,1
27176,11180,445760,1
27185,5858,445703,1
27190,5075,445741,1
27190,5700,445741,1
27190,10053,445741,1
27201,3907,445690,1
27210,8063,445705,1
27220,2809,445693,1
27220,9262,445693,1
27225,722,445691,1
27225,1190,445691,1
27225,2036,445691,1
27245,1768,445760,1
27245,9590,445760,1
27247,9262,445715,1
27251,4786,445708,1
27251,10020,445708,1
27256,5847,445742,1
27256,7922,445742,1
27256,10529,445742,1
27259,154,445709,1
27259,4639,445709,1
27259,4762,445709,1
27259,9216,445709,1
27277,154,445695,1
27277,722,445695,1
27277,1316,445695,1
27277,3401,445695,1
27277,3871,445695,1
27277,8718,445695,1
27277,9262,445695,1
27278,10020,445716,1
27303,4639,445690,1
27303,8791,445690,1
27303,9262,445690,1
27327,9262,445714,1
27329,154,445708,1
27329,154,445710,1
27329,154,445736,1
27329,3076,445736,1
27329,9559,445706,1
27329,10269,445708,1
27329,10527,445710,1
27334,3076,445706,1
27345,4207,445714,1
27381,1094,445761,3
27389,3401,445735,1
27389,5997,445734,1
27389,10527,445734,1
27394,8062,445694,1
27396,4272,445693,1
27396,4639,445693,1
27396,9262,445693,1
27401,4738,445708,1
27406,8062,445710,1
27407,1396,445711,1
27407,2310,445711,1
27407,3076,445711,1
27407,3519,445711,1
27407,3830,445711,1
27407,5774,445711,1
27407,7540,445711,1
27407,8242,445711,1
27407,9262,445711,1
27407,9473,445711,1
27407,11070,445711,1
27425,405,445705,1
27425,722,445705,1
27483,8016,445696,1
27488,6214,445711,1
27488,6992,445711,1
27488,10198,445711,1
27498,2336,445701,1
27502,929,445704,1
27523,4639,445694,1
27523,8062,445694,1
27543,9138,445691,1
27547,4639,445689,1
27547,5396,445689,1
27554,3525,445735,1
27556,6535,445692,1
27559,154,445703,1
27559,5458,445703,1
27559,10120,445703,1
27575,405,445695,1
27575,722,445695,1
27575,8016,445695,1
27590,368,445713,1
27590,3276,445713,1
27590,4559,445713,1
27590,5480,445713,1
27622,9138,445689,2
27631,10012,445712,1
27633,154,445691,1
27633,4639,445691,1
27633,7132,445691,1
27633,8791,445691,1
27633,9262,445691,1
27635,9138,445691,1
27640,9262,445692,1
27656,3428,445716,1
27661,7182,445693,1
27661,10395,445693,1
27667,3815,445760,1
27673,641,445697,1
27673,4002,445697,1
27682,154,445704,1
27682,1537,445704,1
27682,3946,445704,1
27682,6514,445704,1
27682,6784,445704,1
27682,7429,445704,1
27682,7569,445704,1
27682,8791,445704,1
27682,9138,445704,1
27682,9241,445704,1
27682,10390,445704,1
27685,6489,445742,1
27697,154,445712,1
27697,7201,445712,1
27697,11386,445712,1
27714,722,445700,1
27714,4639,445700,1
27714,4989,445700,1
27714,10224,445700,1
27719,5474,445705,1
27719,8062,445705,1
27719,9262,445705,1
27735,6845,445759,1
27779,8282,445717,1
27793,10092,445761,1
27794,1585,445705,1
27794,1887,445705,1
27794,3401,445705,1
27794,8799,445705,1
27795,119,445698,1
27797,6019,445693,1
27806,9643,445758,1
27807,8170,445700,1
27848,405,445711,1
27848,1649,445711,1
27848,1887,445712,1
27848,2548,445711,1
27848,2548,445712,1
27848,3188,445712,1
27848,3401,445711,1
27848,3728,445711,1
27848,4127,445712,1
27848,4335,445712,1
27848,4639,445711,1
27848,5513,445712,1
27848,6810,445711,1
27848,7013,445712,1
27848,7557,445712,1
27848,8016,445712,1
27848,8220,445711,1
27848,8814,445712,1
27848,9103,445712,1
27848,9262,445711,1
27848,9262,445712,1
27848,10120,445711,1
27848,11386,445712,1
27857,2809,445694,1
27864,1134,445695,1
27864,6479,445736,1
27874,11386,445758,1
27890,154,445699,1
27890,4762,445699,1
27916,154,445698,1
27916,566,445698,1
27916,2566,445698,1
27916,9343,445698,1
27916,10120,445698,1
27930,2809,445699,1
27930,11233,445699,1
27937,6019,445697,1
27942,4639,445696,1
27943,8881,445717,1
27948,713,445705,1
27963,1608,445692,1
27963,7879,445692,1
27989,1762,445708,1
27989,3076,445708,1
27989,5437,445708,1
27989,7086,445708,1
27989,9800,445708,1
27989,10195,445708,1
27989,10529,445708,1
28002,4639,445709,1
28003,1814,445700,1
28005,3401,445692,1
28005,5420,445692,1
28005,9262,445692,1
28006,11386,445698,1
28008,5582,445758,1
28008,10012,445758,1
28013,154,445691,1
28013,900,445691,1
28013,2439,445691,1
28013,2623,445691,1
28013,3356,445691,1
28013,3917,445691,1
28013,4105,445691,1
28013,5158,445691,1
28013,6470,445691,1
28013,6784,445691,1
28013,8018,445691,2
28013,10951,445691,1
28033,2576,445691,1
28033,3493,445691,1
28039,1537,445690,1
28039,3638,445690,1
28039,4639,445690,1
28039,8062,445690,1
28052,4762,445694,1
28065,154,445717,1
28067,154,445699,1
28067,154,445759,2
28067,1649,445759,1
28067,3815,445759,1
28067,4232,445699,1
28067,4556,445759,1
28067,5011,445759,1
28067,7956,445699,1
28067,8220,445759,1
28067,8681,445699,1
28067,9431,445759,1
28067,9723,445699,1
28067,11386,445759,1
28088,4583,445759,1
28088,8410,445759,1
28092,3118,445689,1
28092,4480,445689,1
28092,8844,445689,1
28092,8868,445689,1
28097,1534,445709,1
28097,2716,445735,1
28097,8191,445709,1
28097,8191,445735,1
28097,9262,445709,1
28106,154,445716,1
28107,340,445742,1
28107,2809,445742,1
28107,6938,445742,1
28114,405,445705,1
28114,490,445705,1
28144,154,445690,1
28144,9262,445690,1
28157,1636,445706,1
28157,4207,445706,1
28157,10426,445706,1
28170,2853,445692,1
28176,1942,445689,1
28176,4639,445689,1
28176,6235,445689,1
28177,4805,445700,1
28180,53,445714,1
28180,1626,445714,1
28180,3118,445714,1
28180,3238,445714,1
28180,3728,445714,1
28180,4901,445714,1
28180,7077,445714,1
28180,8799,445714,1
28180,8821,445714,1
28215,722,445701,1
28215,1157,445701,1
28215,1908,445701,1
28215,4639,445701,1
28215,5480,445701,1
28215,6535,445701,1
28227,4639,445697,1
28227,5087,445697,1
28268,3088,445690,1
28268,5326,445690,1
28268,6237,445690,1
28268,9138,445690,1
28270,7059,445760,1
28270,8220,445760,1
28270,8958,445760,1
28282,2267,445712,1
28282,8016,445712,1
28289,3070,445707,1
28289,5587,445707,1
28304,10020,445698,1
28361,1537,445758,1
28361,3240,445758,1
28361,5011,445758,1
28361,9262,445758,1
28361,11023,445758,1
28367,3401,445689,1
28367,3871,445689,1
28367,7803,445689,1
28367,8616,445689,1
28367,9262,445689,1
28386,9103,445735,1
28389,4719,445760,1
28401,8785,445703,1
28404,2809,445700,1
28404,7809,445700,1
28411,3871,445698,1
28411,4569,445698,1
28411,4639,445698,1
28412,3638,445699,1
28413,154,445698,1
28413,4344,445698,1
28413,4639,445698,1
28431,5326,445698,1
28442,91,445694,1
28456,722,445760,1
28456,1649,445760,1
28456,3728,445760,1
28456,4813,445758,1
28456,7013,445760,1
28456,8220,445760,1
28456,9613,445758,1
28462,9262,445698,1
28490,4639,445709,1
28491,10440,445702,1
28499,154,445692,1
28506,2809,445692,1
28510,2809,445693,1
28520,4639,445700,1
28520,7569,445700,1
28520,8016,445700,1
28531,3401,445691,1
28532,4639,445707,1
28532,9634,445707,1
28533,154,445736,1
28533,1165,445736,1
28536,722,445702,1
28556,8887,445760,1
28556,10184,445760,1
28583,4762,445713,1
28598,2163,445712,1
28598,9262,445712,1
28614,7779,445702,1
28620,1164,445713,1
28620,3401,445713,1
28620,6514,445713,1
28620,8177,445713,1
28644,1699,445735,1
28644,9262,445735,1
28656,9262,445711,1
28662,408,445709,1
28662,6501,445709,1
28670,8062,445691,1
28670,9318,445691,1
28672,4002,445696,1
28690,5465,445712,1
28691,8016,445700,1
28696,4344,445696,1
28696,4639,445696,1
28696,6938,445696,1
28696,8356,445696,1
28696,10662,445696,1
28700,1316,445713,1
28703,3342,445761,1
28703,4344,445761,1
28705,2536,445699,1
28705,2681,445699,1
28705,3544,445699,1
28705,4537,445699,1
28705,4639,445699,1
28705,4852,445699,1
28705,8616,445699,1
28705,9262,445699,1
28708,8266,445700,1
28725,4762,445716,1
28730,154,445701,1
28732,5547,445695,1
28785,2809,445695,1
28789,5296,445758,1
28792,4345,445735,1
28792,5580,445735,1
28792,8545,445735,1
28804,9686,445718,1
28808,8172,445696,1
28810,9262,445703,1
28813,8062,445692,1
28813,9138,445691,1
28815,6937,445699,1
28828,8016,445711,1
28828,9262,445711,1
28848,6514,445691,1
28849,722,445691,1
28856,5039,445713,1
28896,2548,445699,1
28897,8369,445718,1
28897,9519,445718,1
28966,8016,445705,1
28977,154,445692,1
28977,722,445692,1
28977,1164,445692,1
28977,1537,445692,1
28977,3401,445692,1
28977,3638,445692,1
28977,3895,445692,1
28977,4639,445692,1
28977,6235,445692,1
28977,6784,445692,1
28977,7569,445692,1
28977,9083,445692,1
28977,9138,445692,1
28977,9262,445692,1
28977,10390,445692,1
28977,11386,445692,1
28990,91,445707,1
28990,7862,445707,1
29015,4639,445698,1
29015,9138,445698,1
29035,341,445695,1
29035,9138,445695,1
29050,1396,445702,1
29050,3734,445702,1
29050,3871,445702,1
29050,4639,445702,1
29066,9262,445736,1
29069,1316,445709,1
29092,154,445699,1
29092,2445,445699,1
29092,2744,445690,1
29092,2744,445699,1
29092,3625,445690,1
29092,3625,445699,1
29092,7132,445690,1
29092,8791,445690,1
29092,9262,445690,1
29092,9262,445699,1
29094,4222,445702,1
29094,7509,445702,1
29113,6810,445710,1
29127,10614,445689,1
29141,2096,445690,1
29189,351,445689,1
29189,1316,445710,1
29189,3401,445710,1
29189,4639,445710,1
29189,8062,445689,1
29189,9138,445710,1
29189,9262,445710,1
29208,10066,445707,1
29214,9262,445690,1
29222,584,445758,1
29236,1557,445718,1
29236,6077,445718,1
29236,8455,445718,1
29236,10245,445718,1
29240,835,445693,1
29240,4639,445693,1
29246,2209,445693,1
29246,6003,445693,1
29246,7257,445693,1
29253,4539,445703,1
29253,4639,445703,1
29253,6019,445703,1
29253,7736,445703,1
29255,7149,445742,1
29266,7428,445700,1
29272,2031,445709,1
29272,8097,445707,1
29272,8097,445709,1
29295,3933,445758,1
29295,4506,445758,1
29295,5186,445758,1
29304,5702,445702,1
29312,1334,445691,1
29328,9027,445708,1
29338,2538,445690,1
29338,4243,445690,1
29349,154,445700,1
29349,2302,445700,1
29349,3076,445700,1
29358,8266,445705,1
29359,6197,445710,1
29359,10001,445710,1
29359,10120,445706,1
29359,10120,445710,1
29359,11386,445706,1
29362,9286,445713,1
29371,5858,445703,1
29372,410,445715,1
29395,2827,445758,1
29395,8063,445758,1
29402,9262,445692,1
29404,4916,445761,1
29437,1289,445700,1
29437,10516,445700,1
29437,10921,445700,1
29447,154,445692,1
29447,10511,445692,1
29452,6593,445760,1
29481,8170,445761,1
29495,154,445707,1
29508,1751,445699,1
29566,3401,445760,1
29566,6784,445760,1
29566,9709,445760,1
29573,154,445704,1
29573,576,445704,1
29573,1814,445704,1
29573,2564,445704,1
29573,2707,445704,1
29573,4639,445704,1
29573,4762,445704,1
29573,5197,445704,1
29573,9404,445704,1
29573,11341,445704,1
29573,11353,445704,1
29576,4531,445692,1
29576,8062,445692,1
29601,6938,445711,1
29603,9262,445706,1
29603,10248,445706,1
29629,154,445712,1
29648,818,445707,1
29648,4905,445707,1
29648,7643,445707,1
29667,154,445704,1
29667,777,445704,1
29667,8791,445704,1
29678,5465,445713,1
29678,6646,445713,1
29678,6650,445713,1
29678,6784,445713,1
29678,7284,445713,1
29690,310,445711,1
29690,3401,445711,1
29690,3750,445711,1
29690,5465,445711,1
29690,7956,445711,1
29690,9262,445711,1
29694,873,445691,1
29738,3815,445761,1
29738,4369,445761,1
29738,5011,445761,1
29738,5094,445761,1
29738,5501,445761,1
29738,6784,445761,1
29738,7115,445761,1
29738,9138,445761,1
29738,10761,445761,1
29741,185,445699,1
29741,8062,445699,1
29755,3401,445713,1
29755,6784,445713,1
29776,1668,445706,1
29776,3516,445706,1
29776,4023,445706,1
29793,6906,445758,1
29794,1352,445691,1
29794,4171,445691,1
29794,9268,445691,1
29794,10072,445691,1
29794,10400,445691,1
29799,1899,445709,1
29799,3276,445709,1
29810,6754,445742,1
29842,11167,445717,1
29860,154,445761,1
29860,10254,445761,1
29860,10414,445761,1
29867,5123,445708,1
29867,10735,445708,1
29880,9997,445704,1
29881,917,445705,1
29881,8903,445705,1
29881,10723,445705,1
29883,9138,445758,2
29889,1410,445697,1
29907,202,445696,2
29931,154,445695,1
29931,722,445695,1
29931,3401,445695,1
29931,3638,445695,1
29931,7896,445695,1
29931,7980,445695,1
29931,8016,445695,1
29950,2271,445690,1
29950,2846,445690,1
29950,4239,445690,1
29950,4707,445690,1
29950,4731,445690,1
29950,5749,445690,1
29964,6019,445759,1
29964,11167,445759,1
29979,1649,445705,1
29979,6784,445705,1
29979,7013,445705,1
29981,124,445759,1
29981,1649,445759,1
29981,3880,445759,1
29981,5513,445759,1
29981,5950,445759,1
29981,7220,445759,1
29981,7428,445759,1
29981,8220,445759,1
29981,10001,445759,1
29981,11126,445759,1
29981,11386,445759,1
29986,3401,445692,1
29986,7922,445692,1
29986,11386,445692,1
29992,3353,445691,1
29992,4639,445691,1
29992,10189,445691,1
29995,154,445692,1
29996,2332,445691,1
30046,154,445690,1
30053,2410,445714,1
30053,5001,445714,1
30068,1671,445761,1
30068,6584,445761,1
30068,9262,445761,1
30084,154,445698,1
30085,4512,445718,1
30111,154,445699,1
30121,5011,445761,1
30121,6845,445761,1
30126,2746,445714,1
30126,3401,445714,1
30126,4639,445714,1
30126,9262,445714,1
30126,10527,445714,1
30128,1709,445758,1
30129,6683,445760,1
30129,8461,445760,1
30129,9268,445760,1
30129,11146,445760,1
30138,8209,445760,1
30138,8712,445760,1
30141,3207,445695,1
30149,9243,445698,1
30167,1312,445735,1
30167,1887,445735,1
30167,3401,445735,1
30167,4344,445735,1
30167,4481,445735,1
30167,6683,445735,1
30167,9262,445735,1
30167,9686,445735,1
30167,10248,445735,1
30179,4762,445712,1
30179,10248,445712,1
30205,154,445691,1
30205,1314,445691,1
30205,2526,445691,1
30205,3485,445691,1
30205,3902,445691,1
30205,4536,445691,1
30205,5945,445691,1
30205,6995,445691,1
30205,7284,445691,1
30205,9068,445691,1
30205,9262,445691,1
30205,9816,445691,1
30205,11263,445691,1
30259,1115,445702,1
30259,4639,445702,1
30259,8632,445702,1
30261,4990,445708,1
30262,154,445694,1
30262,2809,445694,1
30270,2096,445718,1
30288,1094,445697,1
30314,8772,445710,1
30329,154,445696,1
30329,722,445696,1
30329,2155,445696,1
30329,2909,445696,1
30329,5222,445696,1
30329,5819,445696,1
30329,9709,445696,1
30348,8960,445709,1
30355,3871,445708,1
30361,154,445700,1
30361,4639,445700,1
30361,4762,445700,1
30361,5197,445700,1
30361,7569,445700,1
30366,154,445689,1
30366,154,445693,1
30366,351,445693,1
30366,7332,445693,1
30366,8062,445689,1
30366,8823,445693,1
30366,9262,445689,1
30366,10333,445689,1
30366,10761,445693,1
30366,11300,445689,1
30366,11300,445693,1
30366,11300,445714,1
30367,4263,445735,1
30367,6690,445735,1
30368,310,445690,1
30368,5197,445690,1
30368,6810,445690,1
30368,8016,445690,1
30368,9138,445690,1
30368,9262,445690,1
30388,179,445716,1
30388,5333,445716,1
30388,7521,445716,1
30388,9262,445716,1
30397,3217,445692,1
30405,9262,445708,1
30405,9262,445761,1
30410,10247,445761,1
30420,5964,445716,1
30422,6784,445701,1
30422,6869,445701,1
30422,7132,445701,1
30443,2675,445691,1
30443,3847,445691,1
30443,6385,445691,1
30443,8736,445691,1
30448,154,445713,1
30449,722,445709,1
30449,2445,445709,1
30449,2509,445709,1
30449,3638,445709,1
30449,3728,445709,1
30449,4639,445709,1
30449,5094,445709,1
30449,5501,445709,1
30449,7013,445709,1
30449,8016,445709,1
30449,9262,445709,1
30457,4639,445713,1
30457,5066,445713,1
30457,10020,445713,1
30462,2509,445710,1
30477,5487,445690,1
30477,5815,445690,1
30487,606,445698,1
30491,5877,445703,1
30495,6920,445714,1
30523,154,445705,1
30523,275,445705,1
30523,3062,445705,1
30523,5414,445705,1
30523,9000,445705,1
30523,9262,445705,1
30538,8016,445714,1
30581,8062,445700,1
30594,9262,445758,1
30595,10277,445695,1
30621,10383,445707,1
30629,106,445713,1
30629,118,445713,1
30629,557,445713,1
30629,1550,445713,1
30629,2356,445713,1
30629,2719,445713,1
30629,3302,445713,1
30629,3401,445713,4
30629,4844,445713,1
30629,5203,445713,1
30629,8277,445713,1
30629,9255,445713,1
30629,9262,445713,2
30643,9262,445701,1
30651,7132,445703,1
30651,8712,445703,1
30652,433,445690,1
30652,2302,445690,1
30652,4049,445690,1
30652,4762,445690,1
30652,7167,445690,1
30682,1501,445692,1
30682,2120,445689,1
30708,154,445698,1
30708,154,445702,5
30708,154,445717,1
30708,154,445759,2
30708,3401,445702,5
30708,3401,445717,1
30712,6903,445696,1
30721,4639,445689,1
30721,8791,445689,1
30728,154,445698,1
30728,7509,445698,1
30757,4310,445707,1
30757,8016,445707,1
30762,1508,445700,1
30762,3401,445700,1
30762,9262,445700,1
30765,185,445761,1
30765,5094,445761,1
30780,6200,445760,1
30783,5207,445702,1
30788,2967,445734,1
30811,2144,445698,1
30832,9105,445711,1
30832,10940,445711,1
30836,7158,445695,1
30837,1678,445698,1
30848,1000,445718,1
30848,8266,445718,1
30853,2384,445707,1
30861,4639,445699,1
30861,10195,445699,1
30890,2296,445713,1
30901,1326,445706,1
30902,417,445712,1
30907,6419,445697,1
30907,7990,445697,1
30916,154,445760,1
30916,2123,445760,1
30916,3314,445760,1
30916,4762,445760,1
30916,5011,445760,1
30916,5197,445760,1
30916,11386,445760,1
30925,4639,445691,1
30925,7110,445691,1
30925,7398,445691,1
30925,9748,445691,1
30926,4639,445708,1
30930,154,445735,1
30930,3881,445735,1
30930,4069,445735,1
30930,6309,445735,1
30943,587,445690,1
30956,7228,445712,1
30968,895,445693,1
30968,9262,445693,1
30968,9766,445693,1
30977,154,445692,1
30977,154,445694,2
30977,2809,445692,2
30977,2809,445694,4
30977,6938,445692,1
30977,6938,445694,2
30977,10195,445692,1
30977,10195,445694,2
30980,154,445714,1
30980,2384,445714,1
30980,4639,445714,1
30980,10120,445714,1
30985,673,445705,1
30995,9431,445759,1
31001,3638,445694,1
31001,3638,445761,1
31006,3144,445714,1
31007,154,445735,1
31013,1142,445712,1
31013,1316,445711,1
31013,1316,445712,1
31013,1396,445712,1
31013,1649,445711,1
31013,1649,445712,1
31013,3401,445711,1
31013,3401,445712,1
31013,3728,445711,1
31013,3728,445712,1
31013,4639,445711,1
31013,4639,445712,1
31013,5433,445711,1
31013,5465,445711,1
31013,5465,445712,1
31013,7569,445711,1
31013,7569,445712,1
31013,9138,445711,1
31013,9262,445711,1
31013,9262,445712,1
31013,11386,445712,1
31014,154,445716,1
31014,10091,445716,1
31014,10120,445716,1
31014,10796,445716,1
31028,154,445717,1
31049,1649,445712,1
31049,3008,445712,1
31049,3638,445712,1
31049,4762,445712,1
31049,8016,445712,1
31067,9318,445696,1
31070,49,445713,1
31070,3188,445713,1
31070,4639,445713,1
31070,4762,445713,1
31070,8016,445713,1
31077,8016,445709,1
31077,9262,445709,1
31080,4989,445693,1
31098,6458,445735,1
31102,1161,445695,1
31118,2809,445706,1
31120,154,445695,1
31123,1474,445691,1
31123,3401,445691,1
31123,9138,445691,1
31123,9262,445691,1
31123,10248,445691,1
31125,4639,445697,1
31130,4332,445758,1
31130,9991,445758,1
31133,3401,445691,2
31133,6646,445691,2
31133,9262,445691,2
31133,9948,445691,2
31133,10248,445691,2
31133,10333,445691,2
31133,10516,445691,2
31133,10567,445691,2
31133,10910,445691,2
31145,722,445690,1
31145,4639,445690,1
31149,4583,445692,1
31149,6781,445692,1
31149,10507,445692,1
31153,8016,445691,1
31169,2809,445694,1
31169,5963,445694,1
31169,9536,445694,1
31181,405,445708,1
31189,373,445699,2
31189,722,445699,2
31189,1853,445699,2
31189,4989,445699,2
31189,8906,445699,2
31194,3536,445703,1
31194,7085,445703,1
31203,2990,445714,1
31243,6019,445697,1
31249,10788,445759,1
31254,8276,445708,1
31254,9262,445708,1
31272,722,445714,1
31272,3401,445714,1
31272,3728,445714,1
31272,5465,445714,1
31272,8016,445714,1
31272,8062,445714,1
31272,9138,445714,1
31272,9262,445714,1
31301,1695,445690,1
31302,6248,445716,1
31302,11386,445716,1
31320,4639,445695,1
31343,2809,445703,1
31343,9701,445703,1
31359,4898,445691,1
31359,5358,445691,1
31389,3342,445715,1
31389,4344,445715,1
31405,6557,445758,1
31405,9248,445758,1
31443,10063,445701,1
31449,1728,445711,1
31449,10020,445711,1
31450,6971,445703,1
31450,9262,445703,1
31471,3797,445718,1
31487,154,445692,1
31487,8791,445692,1
31488,5827,445713,1
31525,9806,445701,1
31531,2078,445714,1
31535,5858,445695,1
31535,8681,445695,1
31535,9536,445695,1
31537,8220,445718,1
31551,8220,445701,1
31551,8220,445716,1
31551,8220,445717,1
31551,8712,445701,1
31551,8712,445716,1
31551,9083,445716,1
31551,9083,445717,1
31551,11386,445700,1
31563,102,445689,1
31563,591,445689,1
31563,1006,445689,1
31563,1638,445689,1
31563,1975,445689,1
31563,2571,445689,1
31563,3589,445689,1
31563,4845,445689,1
31563,5621,445689,1
31563,6019,445689,1
31563,6099,445689,1
31563,6940,445689,1
31563,7002,445689,1
31563,8816,445689,1
31563,9262,445689,1
31563,9557,445689,1
31563,9854,445689,1
31563,10001,445689,1
31563,10418,445689,1
31563,10603,445689,1
31563,11011,445689,1
31593,10120,445718,1
31608,154,445735,1
31608,3544,445735,1
31608,9262,445735,1
31608,10248,445735,1
31618,310,445706,1
31618,4958,445718,1
31618,9680,445691,1
31618,9680,445695,2
31620,2096,445707,1
31620,10120,445707,1
31621,10053,445701,1
31624,405,445759,1
31645,5331,445695,1
31645,10020,445695,1
31647,7013,445710,1
31649,405,445702,1
31649,4646,445702,1
31649,11386,445702,1
31669,154,445714,2
31669,405,445714,2
31669,777,445714,2
31669,2064,445714,2
31669,3946,445714,2
31669,4344,445714,2
31669,4639,445714,2
31669,7429,445714,2
31669,7569,445714,2
31669,7850,445714,2
31669,8791,445714,2
31669,9318,445714,2
31669,10120,445714,2
31679,154,445705,1
31679,676,445705,1
31679,722,445705,1
31679,3728,445705,1
31679,4639,445705,1
31679,6535,445705,1
31679,6961,445705,1
31679,8016,445705,1
31681,10058,445702,1
31687,6696,445711,1
31690,154,445706,1
31690,7569,445706,1
31726,10010,445692,1
31729,1853,445689,1
31735,9678,445694,1
31746,4762,445700,1
31747,8016,445699,1
31756,154,445714,1
31756,1316,445714,1
31756,1316,445716,1
31756,6784,445714,1
31756,6784,445716,1
31756,7132,445714,1
31756,7132,445716,1
31768,11120,445761,1
31785,3511,445691,1
31785,8791,445691,1
31785,9579,445691,1
31788,939,445696,1
31788,2275,445736,1
31788,4762,445696,1
31788,4762,445736,1
31788,4871,445736,1
31788,5561,445736,1
31788,7230,445696,1
31788,7468,445736,1
31788,8696,445696,1
31788,10029,445736,1
31789,310,445700,1
31789,2096,445700,1
31789,4793,445700,1
31789,9262,445700,1
31789,10224,445700,1
31791,1186,445711,1
31791,7542,445711,1
31791,8712,445711,1
31830,4639,445690,1
31830,8791,445690,1
31858,2161,445707,1
31858,3401,445707,1
31858,4639,445707,1
31858,9262,445707,1
31864,1076,445704,1
31864,1556,445705,1
31864,3291,445704,1
31864,3338,445704,1
31864,8712,445704,1
31864,8712,445705,1
31864,10203,445704,1
31873,6938,445718,1
31873,8016,445718,1
31873,10782,445718,1
31881,124,445735,1
31881,9262,445735,1
31881,9490,445735,1
31895,154,445694,1
31895,7569,445694,1
31909,8062,445716,1
31912,8791,445692,1
31919,1537,445698,1
31919,4639,445698,1
31919,7132,445698,1
31919,8791,445698,1
31924,154,445691,1
31924,1537,445691,1
31925,154,445700,1
31927,154,445691,1
31927,3401,445691,1
31927,6938,445691,1
31927,7980,445691,1
31927,9262,445691,1
31927,9634,445691,1
31927,10088,445691,1
31931,1595,445735,1
31931,1649,445735,1
31931,9579,445735,1
31931,10120,445735,1
31937,9188,445693,1
31954,722,445734,1
31959,3354,445692,1
31959,4762,445692,1
31959,5169,445692,1
31971,8016,445708,1
31983,3965,445699,1
31983,9262,445699,1
31985,982,445697,1
31985,2809,445697,1
31985,3382,445697,1
31985,5858,445697,1
31986,722,445718,1
31986,5184,445718,1
31987,6248,445761,1
31988,8062,445695,1
31991,154,445714,1
31991,2045,445714,1
32009,722,445691,1
32011,871,445759,1
32011,958,445759,1
32011,1871,445759,1
32011,5321,445759,1
32011,6215,445759,1
32011,6488,445759,1
32011,7273,445759,1
32011,9535,445759,1
32030,10120,445712,1
32044,154,445701,1
32052,722,445717,1
32052,991,445717,1
32052,9547,445717,1
32070,5969,445701,1
32070,6019,445701,1
32070,7589,445701,1
32070,10203,445701,1
32091,2809,445694,1
32091,8016,445694,1
32091,10195,445694,1
32097,1649,445735,1
32097,1893,445735,1
32102,9262,445717,1
32113,3871,445689,1
32113,8791,445689,1
32130,154,445692,1
32130,6019,445692,1
32130,6784,445692,1
32130,7756,445692,1
32130,10120,445707,1
32140,154,445699,1
32142,8791,445700,1
32154,124,445717,1
32154,1316,445717,1
32154,1731,445717,1
32154,2445,445717,1
32154,3728,445717,1
32154,6019,445717,1
32154,6784,445717,1
32154,8063,445717,1
32154,8681,445717,1
32154,8791,445717,1
32154,10120,445717,1
32159,154,445690,1
32159,9023,445690,1
32162,1164,445760,1
32162,2548,445760,1
32162,3638,445760,1
32162,3815,445760,1
32162,6784,445760,1
32173,6938,445691,1
32185,7956,445693,1
32185,8681,445693,1
32189,8472,445698,1
32219,8337,445761,1
32224,2809,445700,1
32234,3815,445761,1
32244,5050,445704,1
32253,8220,445761,1
32254,154,445692,1
32254,1537,445692,1
32254,4639,445692,1
32254,8717,445692,1
32254,8791,445692,1
32261,4639,445713,1
32267,4208,445759,1
32267,6078,445759,1
32267,8053,445759,1
32277,6466,445759,1
32277,9262,445759,1
32283,4907,445695,1
32283,9797,445695,1
32298,1316,445711,1
32340,847,445692,1
32362,9262,445710,1
32362,10012,445710,1
32371,124,445741,1
32371,2286,445741,1
32372,154,445691,1
32372,154,445695,1
32385,811,445707,1
32385,9262,445707,1
32390,2548,445759,1
32398,339,445690,1
32398,9262,445690,1
32400,6235,445690,1
32408,7398,445708,1
32421,9103,445708,1
32448,7013,445701,1
32448,9262,445701,1
32502,7422,445742,1
32502,8971,445742,1
32511,154,445694,1
32511,405,445694,1
32511,7569,445694,1
32513,7158,445698,1
32517,9262,445689,1
32529,3342,445718,1
32530,2551,445735,1
32532,4755,445698,1
32532,9262,445698,1
32535,2744,445718,1
32535,3728,445718,1
32535,5223,445718,1
32550,9286,445712,1
32560,5612,445760,1
32561,6744,445735,1
32564,1534,445703,1
32564,2509,445761,1
32564,4762,445703,1
32564,7314,445761,1
32564,10637,445761,1
32566,3076,445708,1
32566,10120,445708,1
32569,6235,445707,1
32582,2532,445709,1
32597,889,445708,1
32597,8427,445708,1
32606,154,445758,1
32606,1334,445758,1
32606,2827,445758,1
32616,8062,445690,1
32616,9138,445690,1
32617,154,445694,1
32624,645,445712,1
32624,2098,445712,1
32624,4470,445712,1
32624,4524,445712,1
32624,10011,445712,1
32624,10364,445712,1
32663,154,445696,1
32667,154,445712,1
32667,722,445708,1
32667,1115,445708,1
32667,5050,445708,1
32667,5050,445712,1
32667,5513,445708,1
32667,5950,445708,1
32667,6514,445708,1
32667,7758,445708,1
32667,9262,445708,1
32667,9262,445712,1
32667,10020,445712,1
32712,2809,445711,1
32712,4639,445711,1
32712,9138,445711,1
32712,10527,445711,1
32712,10529,445711,1
32719,1649,445760,1
32719,3340,445760,1
32719,4813,445760,1
32719,7268,445760,1
32721,4882,445705,1
32721,6092,445705,1
32721,6394,445705,1
32721,9262,445705,1
32721,9414,445705,1
32726,4639,445718,1
32728,405,445742,1
32728,4327,445742,1
32728,6514,445742,1
32730,3728,445699,1
32730,4639,445699,1
32730,8062,445699,1
32731,1401,445761,1
32731,9262,445761,1
32731,10504,445761,1
32767,722,445694,1
32767,1164,445694,1
32767,3401,445694,1
32770,7366,445705,1
32773,3638,445716,1
32773,9138,445689,1
32773,9262,445689,1
32773,9262,445716,1
32779,4427,445710,1
32779,6432,445710,1
32781,1142,445741,1
32781,8062,445736,1
32781,9262,445741,1
32793,5384,445741,1
32801,5049,445736,1
32801,6019,445736,1
32801,9262,445736,1
32805,4639,445694,1
32807,2581,445713,1
32807,3854,445713,1
32810,5848,445698,1
32810,10702,445698,1
32814,405,445715,1
32814,5513,445715,1
32837,10807,445696,1
32855,8062,445693,1
32856,715,445703,1
32884,2096,445708,1
32884,2716,445708,2
32884,4674,445708,1
32884,6216,445708,1
32884,8165,445708,1
32884,8868,445708,2
32885,722,445706,1
32885,7013,445706,1
32885,8016,445706,1
32886,1649,445760,1
32886,8220,445760,1
32890,7700,445712,1
32893,9138,445690,1
32908,10120,445715,1
32915,7013,445707,1
32917,5465,445710,1
32924,2931,445735,1
32931,154,445706,1
32934,2809,445689,1
32934,4639,445700,1
32953,1194,445693,1
32959,154,445708,1
32959,1720,445708,1
32959,4639,445708,1
32959,5324,445708,1
32959,6501,445708,1
32959,9334,445708,1
32959,10120,445708,1
32959,11386,445708,1
32971,2809,445714,1
33015,9138,445705,1
33018,154,445697,1
33019,8717,445700,1
33022,185,445760,1
33022,6784,445760,1
33033,5474,445700,1
33056,1258,445713,1
33056,1537,445713,1
33056,4639,445713,1
33056,8062,445713,1
33058,10012,445714,1
33067,154,445697,1
33076,154,445703,1
33104,5505,445758,1
33104,8170,445758,1
33119,2809,445717,1
33128,154,445695,1
33128,1302,445695,1
33128,1803,445695,1
33128,3401,445695,1
33128,4639,445695,1
33128,8016,445695,1
33128,9262,445695,1
33128,10529,445695,1
33134,4639,445710,1
33151,154,445696,1
33151,485,445696,1
33151,1202,445696,1
33151,1396,445696,1
33151,1747,445696,1
33151,2440,445696,1
33151,3240,445696,1
33151,3401,445696,1
33151,3866,445696,1
33151,3871,445696,1
33151,4014,445696,1
33151,5858,445696,1
33151,5984,445696,1
33151,6185,445696,1
33151,6260,445696,1
33151,6276,445696,1
33151,6995,445696,1
33151,7124,445696,1
33151,7345,445696,1
33151,7810,445696,1
33151,8485,445696,1
33151,9167,445696,1
33151,9262,445696,1
33151,11301,445696,1
33158,5011,445760,1
33158,9262,445760,1
33170,3871,445699,1
33170,9513,445699,1
33188,10969,445715,1
33200,1569,445698,1
33202,154,445706,1
33202,1316,445704,1
33202,1316,445708,1
33202,1316,445713,1
33202,1497,445713,1
33202,3815,445708,1
33202,3815,445713,1
33202,5465,445706,1
33202,5465,445708,1
33202,5465,445713,1
33202,5465,445714,1
33202,5672,445713,1
33202,6019,445706,1
33202,6019,445714,1
33202,6260,445706,1
33202,6644,445713,1
33202,8062,445704,1
33202,8062,445708,1
33202,8062,445713,1
33202,8062,445714,1
33202,8686,445704,1
33202,10587,445713,1
33203,154,445692,1
33203,3638,445692,1
33203,4639,445692,1
33203,7569,445692,1
33203,8016,445692,1
33203,8062,445692,1
33203,9262,445692,1
33203,10426,445692,1
33203,11386,445692,1
33210,4435,445699,1
33228,5858,445696,1
33228,6938,445696,1
33236,589,445690,1
33284,4014,445760,1
33284,4531,445760,1
33284,9262,445760,1
33284,10333,445760,1
33288,9262,445761,1
33296,1950,445698,1
33304,6995,445690,1
33319,10053,445718,1
33324,7110,445693,1
33326,1356,445689,1
33326,3635,445689,1
33326,4639,445689,1
33326,9367,445689,1
33326,9522,445689,1
33356,5782,445758,1
33363,3401,445690,1
33363,3728,445690,1
33363,4639,445690,1
33363,8062,445690,1
33363,8686,445690,1
33363,9138,445690,1
33363,9262,445690,1
33363,10248,445690,1
33376,8539,445700,1
33386,6070,445741,1
33386,10196,445741,1
33393,154,445712,1
33393,1316,445712,1
33393,3401,445712,1
33393,4762,445712,1
33393,5465,445712,1
33393,8016,445712,1
33393,8791,445712,1
33393,9250,445712,1
33409,5457,445708,1
33409,7812,445708,1
33413,9262,445691,1
33443,7428,445742,1
33444,8062,445736,1
33444,9262,445736,1
33468,9138,445690,1
33485,154,445718,1
33490,154,445691,1
33560,9907,445711,1
33576,9262,445716,1
33580,1649,445742,1
33580,7345,445742,1
33580,7428,445742,1
33580,8220,445742,1
33583,4950,445707,1
33588,5573,445699,1
33588,8708,445699,1
33588,9102,445699,1
33612,11161,445689,1
33627,2383,445760,1
33636,847,445759,1
33661,1396,445707,1
33661,3871,445707,1
33661,6514,445707,1
33661,8062,445707,1
33665,3590,445711,1
33665,5135,445711,1
33686,1164,445709,1
33692,4259,445735,1
33695,5026,445697,1
33695,5216,445697,1
33697,1396,445705,1
33723,4639,445690,1
33726,2240,445701,1
33726,10529,445701,1
33726,10692,445701,1
33772,1094,445735,2
33783,4344,445717,1
33801,154,445735,1
33801,154,445759,1
33801,722,445759,1
33801,1649,445735,1
33801,1649,445759,1
33801,2809,445714,1
33801,2809,445735,1
33801,2809,445759,1
33801,3401,445735,1
33801,4344,445735,1
33801,5011,445759,1
33801,6019,445735,1
33801,6260,445735,1
33801,7740,445759,1
33801,8016,445714,1
33801,8220,445735,1
33801,8220,445759,1
33801,9262,445735,1
33801,9262,445759,1
33801,10012,445714,1
33801,10120,445735,1
33801,11386,445759,1
33804,3076,445706,1
33804,3728,445706,1
33859,9490,445708,1
33870,4385,445716,1
33870,6784,445716,1
33871,8062,445689,1
33881,1194,445691,1
33881,3871,445691,1
33881,9138,445691,1
33883,3401,445699,1
33883,9262,445699,1
33883,10120,445699,1
33895,154,445758,1
33895,4639,445698,1
33895,4813,445698,1
33895,9262,445758,1
33897,405,445759,5
33897,5513,445759,5
33921,6488,445713,1
33923,10743,445718,1
33932,1445,445698,1
33948,4836,445702,1
33951,4639,445701,1
33965,5782,445691,1
33965,6582,445691,1
33965,7569,445691,1
33965,10120,445706,1
33967,3238,445717,1
33967,8109,445717,1
33974,4512,445758,1
33974,4996,445758,1
33975,842,445703,1
33977,9262,445695,1
33980,9083,445697,1
33997,5591,445689,1
34016,9262,445703,1
34016,9262,445761,1
34044,2809,445692,1
34047,5439,445706,1
34048,154,445712,1
34048,154,445713,1
34048,221,445712,1
34048,221,445713,1
34048,1115,445713,1
34048,1537,445712,1
34048,1537,445713,1
34048,3555,445713,1
34048,4344,445712,1
34048,4344,445713,1
34048,7569,445712,1
34048,8063,445712,1
34048,8063,445713,1
34048,8791,445712,1
34048,9286,445713,1
34048,9297,445712,1
34048,9297,445713,1
34048,10012,445713,1
34049,1649,445716,1
34057,154,445690,1
34057,4639,445690,1
34057,7569,445690,1
34062,4762,445699,1
34065,7428,445742,1
34115,6789,445708,1
34121,2818,445707,1
34121,9262,445707,1
34121,10808,445707,1
34135,2295,445712,1
34135,5029,445712,1
34147,1649,445761,1
34147,8062,445761,1
34154,10527,445700,1
34158,777,445697,1
34158,4639,445697,1
34163,606,445707,1
34173,8827,445695,1
34173,9262,445695,1
34186,9262,445735,1
34187,4698,445691,1
34193,3509,445711,1
34193,3530,445711,1
34193,5279,445711,1
34193,6654,445711,1
34208,9831,445759,1
34210,5858,445700,1
34212,7937,445694,1
34215,154,445699,1
34215,631,445699,1
34215,3842,445699,1
34225,154,445696,1
34225,8631,445696,1
34225,9063,445696,1
34231,1334,445693,1
34238,722,445714,26
34238,4639,445714,26
34245,8062,445700,1
34257,2809,445736,3
34269,8220,445759,1
34274,2330,445760,3
34288,9138,445712,1
34291,154,445691,1
34291,1164,445691,1
34291,4639,445691,1
34291,6784,445691,1
34291,7132,445691,1
34291,8062,445691,1
34291,8791,445691,1
34291,9138,445691,1
34298,4639,445716,1
34323,5922,445707,9
34324,4915,445742,2
34329,404,445714,1
34329,8681,445714,1
34338,1316,445710,1
34338,5465,445710,1
34338,8062,445710,1
34338,10784,445734,1
34365,4639,445692,1
34365,7429,445692,1
34365,9262,445692,1
34365,10542,445692,1
34371,1649,445714,1
34375,433,445708,1
34375,3871,445708,1
34375,4434,445708,1
34375,4869,445708,1
34375,7094,445708,1
34384,2532,445710,1
34384,2926,445710,1
34429,3401,445699,1
34429,4639,445699,1
34429,9262,445699,1
34435,6918,445735,1
34441,8062,445691,1
34442,8942,445712,1
34448,8062,445694,1
34477,9286,445709,1
34506,5605,445694,1
34514,6506,445703,1
34539,3638,445693,1
34546,8062,445693,1
34595,5862,445691,1
34610,1396,445735,1
34610,2302,445735,1
34610,3076,445735,1
34610,3401,445735,1
34610,9262,445735,1
34610,10527,445735,1
34615,8062,445701,1
34615,8195,445701,1
34622,154,445691,1
34622,2359,445691,1
34629,7569,445718,1
34630,2078,445718,1
34630,6158,445718,1
34665,9051,445760,1
34682,991,445714,1
34682,4010,445714,1
34712,199,445706,1
34712,5650,445708,1
34712,9262,445706,1
34712,9262,445708,1
34730,3638,445712,1
34732,11011,445758,1
34736,3295,445758,1
34743,6096,445702,1
34784,70,445696,1
34784,72,445696,1
34784,102,445696,1
34784,194,445696,1
34784,735,445696,1
34784,1523,445696,1
34784,1850,445696,1
34784,2634,445696,1
34784,3161,445696,1
34784,3342,445696,1
34784,4762,445696,1
34784,5197,445696,1
34784,6856,445696,1
34784,8071,445696,1
34784,10128,445696,1
34784,10389,445696,1
34811,509,445760,1
34822,696,445714,4
34827,1403,445692,1
34827,4639,445692,1
34827,5863,445692,1
34827,9262,445692,1
34835,6030,445702,1
34856,10053,445718,1
34860,1649,445717,1
34860,7398,445717,1
34860,8220,445717,1
34860,11324,445717,1
34862,514,445699,1
34862,4762,445699,1
34862,10761,445699,1
34873,5465,445715,1
34877,154,445691,1
34877,722,445691,1
34877,6535,445691,1
34880,3871,445702,1
34887,1148,445693,1
34905,2505,445705,1
34905,4162,445705,1
34906,7337,445716,1
34909,5029,445718,1
34909,9042,445718,1
34915,8016,445700,1
34931,1480,445694,1
34931,6816,445694,1
34931,8062,445694,1
34931,8068,445694,1
34931,9262,445694,1
34932,1094,445701,1
34932,5315,445715,1
34933,4639,445699,1
34935,991,445700,1
34946,8062,445706,1
34952,9262,445716,3
34967,2305,445742,1
34977,11167,445690,1
34982,9195,445708,1
34982,10743,445708,1
34997,2148,445761,1
35016,13,445696,1
35029,6235,445760,1
35038,1316,445709,1
35038,3750,445709,1
35038,5465,445709,1
35038,6784,445709,1
35038,7956,445709,1
35038,8062,445709,1
35069,55,445741,1
35069,1316,445741,1
35069,5465,445741,1
35072,4639,445704,1
35074,10120,445735,1
35077,9111,445699,1
35084,6220,445717,1
35099,492,445759,2
35118,3101,445700,1
35118,3188,445700,1
35118,4639,445700,1
35118,5858,445700,1
35118,8220,445700,1
35118,8578,445700,1
35118,10681,445700,1
35123,1219,445758,1
35123,2252,445758,1
35145,3501,445701,1
35145,4639,445701,1
35145,8063,445701,1
35155,8868,445703,1
35186,932,445761,1
35186,4639,445761,1
35186,5011,445761,1
35198,3171,445707,1
35198,4639,445707,1
35198,10120,445707,1
35209,5955,445713,1
35209,7721,445713,1
35209,9928,445713,1
35209,10003,445713,1
35209,11334,445713,1
35216,154,445698,1
35216,310,445698,1
35216,722,445698,1
35216,2847,445698,1
35216,3200,445698,1
35216,3401,445698,1
35216,3820,445698,1
35216,4384,445698,1
35216,4639,445698,1
35216,4762,445698,1
35216,7418,445698,1
35216,8016,445698,1
35216,8063,445698,1
35216,8628,445698,1
35216,10436,445698,1
35216,11386,445698,1
35221,4879,445706,1
35221,5782,445706,1
35221,7287,445706,1
35225,154,445690,1
35225,1808,445690,1
35243,722,445718,1
35243,2672,445718,1
35243,10120,445718,1
35243,11008,445718,1
35262,405,445717,1
35262,1115,445717,1
35262,6857,445717,1
35270,3401,445698,1
35270,7569,445698,1
35270,8791,445698,1
35270,9262,445698,1
35273,154,445689,1
35276,124,445742,1
35276,5094,445742,1
35276,10120,445742,1
35282,722,445759,1
35282,5357,445759,1
35282,10743,445759,1
35300,3342,445705,1
35316,8791,445689,1
35325,4639,445707,1
35328,9424,445758,1
35373,405,445692,1
35373,722,445692,1
35373,1537,445692,1
35373,3638,445692,1
35373,7132,445692,1
35373,8016,445692,1
35373,8062,445692,1
35373,8791,445692,1
35373,9138,445692,1
35373,9262,445692,1
35385,3638,445690,1
35396,7095,445760,1
35400,4002,445692,1
35401,4989,445714,1
35411,1316,445713,1
35411,5532,445713,1
35411,6350,445713,1
35414,1003,445703,1
35425,2077,445698,1
35425,4344,445698,1
35425,9262,445698,1
35425,10426,445698,1
35426,1316,445705,1
35426,2548,445705,1
35437,9260,445695,1
35437,9726,445706,1
35438,1076,445760,1
35447,7013,445689,1
35447,8220,445689,1
35451,722,445689,1
35460,9286,445710,1
35462,635,445715,1
35462,5278,445715,1
35465,5604,445706,1
35516,9416,445710,1
35520,8062,445692,1
35530,4207,445689,1
35539,1593,445714,1
35539,9603,445714,1
35539,10248,445714,1
35546,1194,445716,1
35546,7132,445716,1
35546,7956,445716,1
35546,8062,445716,1
35557,2911,445760,1
35557,10914,445760,1
35563,10635,445701,1
35604,2864,445760,1
35604,3589,445760,1
35604,5049,445760,1
35604,6564,445760,1
35604,9431,445760,1
35604,10473,445760,1
35609,4121,445705,1
35614,2809,445693,1
35622,6713,445694,1
35629,154,445690,1
35629,185,445690,1
35629,4171,445690,1
35629,4232,445690,1
35629,4615,445690,1
35629,7132,445690,1
35629,7569,445690,1
35629,9083,445690,1
35636,1649,445702,1
35641,154,445703,1
35641,8016,445703,1
35658,346,445735,1
35658,1115,445735,1
35658,1703,445735,1
35699,5124,445698,1
35716,154,445711,1
35716,8672,445711,1
35746,9081,445703,1
35746,11386,445703,1
35749,2759,445707,1
35751,57,445760,1
35751,684,445760,1
35751,2878,445760,1
35751,2897,445760,1
35751,3836,445760,1
35751,4080,445760,1
35751,5480,445760,1
35751,6190,445760,1
35751,6547,445760,1
35751,7199,445760,1
35751,7439,445760,1
35751,7510,445760,1
35751,7580,445760,1
35751,7910,445760,1
35751,8192,445760,1
35751,9262,445760,1
35751,10615,445760,1
35758,2809,445715,1
35758,5566,445715,1
35758,8016,445715,1
35779,146,445689,1
35779,4762,445689,1
35781,3638,445690,1
35781,8062,445690,1
35781,9138,445690,1
35781,9262,445690,1
35783,5465,445736,1
35822,10120,445705,1
35828,4639,445707,1
35828,6777,445707,1
35842,3401,445717,1
35843,4423,445758,1
35848,1619,445759,1
35879,5250,445711,1
35879,6784,445711,1
35879,7956,445711,1
35887,3020,445701,1
35890,5790,445707,1
35890,6271,445707,1
35890,9375,445707,1
35896,7175,445735,1
35896,7630,445735,1
35896,8868,445735,1
35896,10248,445735,1
35898,3625,445694,1
35898,10227,445694,1
35908,1158,445717,1
35926,1649,445735,1
35927,3342,445705,1
35927,11386,445705,1
35933,8149,445706,1
35966,6235,445713,1
35968,10108,445758,1
35973,2357,445758,1
35973,2809,445758,1
35981,8734,445717,1
35994,8864,445698,1
36008,6191,445696,1
36015,4639,445701,1
36031,1595,445742,1
36031,2545,445704,1
36031,2545,445742,1
36031,7013,445742,1
36039,4762,445699,1
36049,8754,445735,1
36049,10295,445735,1
36051,5510,445712,1
36098,154,445735,1
36109,5513,445712,1
36109,6514,445712,1
36109,10554,445735,1
36122,154,445718,1
36122,8791,445718,1
36134,1316,445710,1
36153,154,445705,1
36153,3401,445705,1
36153,4639,445705,1
36153,8016,445705,1
36153,9262,445705,1
36153,10120,445705,1
36169,7569,445693,1
36174,1649,445758,1
36179,1556,445703,1
36179,8963,445703,1
36184,6784,445714,1
36186,1209,445715,1
36191,5352,445697,1
36191,9262,445697,1
36212,10120,445735,1
36228,2809,445718,1
36228,10012,445718,1
36231,154,445705,1
36231,156,445705,1
36242,10120,445706,1
36249,102,445704,1
36249,154,445704,1
36249,8016,445704,1
36261,7369,445708,1
36268,154,445695,1
36275,10743,445699,1
36280,2992,445736,1
36284,1396,445705,1
36284,4639,445705,1
36288,211,445699,1
36300,3379,445691,1
36300,4872,445691,1
36300,6974,445691,1
36324,7569,445691,1
36325,6843,445759,1
36335,2163,445701,1
36346,154,445759,1
36354,9262,445689,1
36360,3401,445689,1
36360,7132,445689,1
36360,7585,445689,1
36360,8616,445689,1
36360,9262,445689,1
36365,8364,445692,1
36369,2445,445690,1
36369,7134,445690,1
36372,5970,445696,1
36378,11120,445758,1
36379,3188,445702,1
36379,7293,445702,1
36380,971,445716,1
36394,4639,445690,1
36394,7378,445699,1
36394,10743,445699,1
36399,5345,445716,1
36413,540,445710,1
36413,4639,445710,1
36413,9262,445710,1
36438,5642,445701,1
36438,10001,445701,1
36441,2809,445709,1
36441,3769,445709,1
36441,4639,445709,1
36441,6784,445709,1
36441,8062,445709,1
36445,154,445759,1
36445,4813,445759,1
36445,5011,445759,1
36445,11386,445759,1
36447,8220,445714,1
36447,8566,445714,1
36459,3205,445692,1
36459,3401,445692,1
36459,9262,445692,1
36493,10076,445760,1
36495,7569,445692,1
36496,2084,445759,1
36498,5461,445694,1
36504,4639,445700,1
36504,8016,445700,1
36507,154,445700,1
36507,9262,445700,1
36507,10757,445700,1
36527,635,445718,1
36527,1142,445718,1
36527,4318,445718,1
36527,6742,445718,1
36528,6235,445716,1
36528,9138,445716,1
36530,154,445759,1
36530,3401,445759,1
36530,5011,445759,1
36530,11386,445759,1
36545,405,445701,1
36545,743,445701,1
36545,3118,445701,1
36545,4480,445701,1
36545,9838,445701,1
36545,10614,445692,1
36563,3076,445711,1
36564,2096,445691,1
36565,8986,445708,1
36571,1746,445717,1
36588,4639,445741,1
36588,8712,445741,1
36605,2827,445711,1
36634,1928,445713,1
36641,154,445715,1
36641,5465,445715,1
36641,9272,445715,1
36641,10120,445715,1
36648,154,445734,1
36648,7569,445734,1
36660,2039,445704,1
36660,5708,445704,1
36662,9138,445759,1
36684,2858,445735,1
36684,11212,445735,1
36691,7242,445716,1
36699,9138,445690,1
36707,124,445760,1
36707,8220,445760,1
36724,646,445709,1
36724,10516,445709,1
36728,154,445735,1
36728,10120,445735,1
36731,4639,445699,1
36737,154,445692,1
36739,9161,445692,1
36749,4639,445701,1
36749,8062,445701,1
36749,8681,445701,1
36749,8791,445701,1
36755,11011,445693,1
36767,4639,445714,1
36767,5094,445714,1
36777,2843,445734,1
36793,4639,445708,1
36793,9262,445708,1
36794,1649,445701,1
36794,2997,445701,1
36794,4299,445701,1
36794,6248,445701,1
36794,6475,445701,1
36798,154,445689,1
36798,154,445735,1
36798,1732,445735,1
36798,3638,445735,1
36798,7323,445689,1
36798,8016,445689,1
36798,8016,445735,1
36798,8062,445735,1
36798,9262,445689,1
36798,9262,445735,1
36798,9942,445689,1
36798,10432,445735,1
36811,154,445704,1
36811,3401,445704,1
36811,8016,445704,1
36811,10120,445704,1
36823,6291,445710,1
36829,722,445690,2
36829,1142,445690,1
36832,154,445690,1
36832,3188,445690,1
36848,31,445759,1
36858,8062,445718,1
36865,154,445717,1
36866,238,445758,1
36866,8552,445736,1
36866,10488,445758,1
36906,286,445715,1
36906,815,445715,1
36906,2475,445715,1
36906,4639,445715,1
36906,5701,445715,1
36910,3366,445696,1
36910,9772,445696,1
36940,9262,445691,1
36951,4639,445693,1
36951,9262,445693,2
36959,154,445703,1
36959,4762,445703,1
36959,6784,445703,1
36974,1316,445695,1
36974,4762,445695,1
36974,5197,445695,1
36974,6386,445695,1
36974,11301,445695,1
36978,2545,445690,1
36978,2587,445690,1
36978,3119,445690,1
36978,4762,445691,1
36978,5782,445690,1
36978,6475,445690,1
36978,6497,445690,1
36978,6938,445690,1
36978,7922,445690,1
36978,9318,445690,1
36989,1649,445761,1
36989,8096,445761,1
37029,1396,445708,1
37029,2300,445708,1
37029,4027,445708,1
37029,7898,445708,1
37029,10197,445708,1
37033,1053,445697,1
37033,1205,445697,1
37033,2029,445697,1
37033,3235,445697,1
37033,3599,445697,1
37033,6438,445697,1
37033,7676,445697,1
37033,9262,445697,1
37033,9789,445697,1
37033,10169,445697,1
37049,841,445693,1
37049,841,445758,1
37069,848,445694,1
37069,1839,445694,1
37069,2302,445694,1
37069,5597,445694,1
37069,7803,445694,1
37069,10739,445694,1
37074,19,445706,1
37074,722,445706,1
37074,1448,445706,1
37074,3118,445706,1
37074,3477,445706,1
37074,3728,445706,1
37074,3734,445706,1
37074,4018,445706,1
37074,6226,445706,1
37074,7381,445706,1
37074,11386,445706,1
37090,2294,445696,1
37090,3412,445696,1
37132,3728,445709,1
37132,4639,445709,1
37132,6784,445709,1
37132,7132,445709,1
37156,722,445698,1
37156,3728,445698,1
37156,4762,445698,1
37161,7398,445703,1
37179,6845,445759,1
37183,353,445714,1
37188,25,445696,1
37188,5673,445696,1
37188,9493,445715,1
37188,9616,445696,1
37196,7391,445690,1
37209,1703,445761,1
37209,4584,445761,1
37255,6925,445696,1
37265,3401,445736,1
37265,7506,445736,1
37265,8033,445736,1
37265,9262,445736,1
37266,124,445714,3
37266,5782,445714,1
37294,6784,445690,1
37294,8483,445690,1
37294,9513,445690,1
37298,6845,445758,1
37316,8016,445698,1
37318,4639,445701,1
37318,9326,445701,1
37318,11303,445701,1
37319,4694,445716,1
37331,3728,445713,1
37331,5465,445713,1
37337,1427,445759,1
37337,3022,445759,1
37337,5393,445759,1
37342,867,445700,1
37347,304,445759,1
37347,6845,445759,1
37352,405,445691,1
37352,722,445691,1
37352,1164,445691,1
37352,1887,445691,1
37352,3401,445691,1
37352,4480,445691,1
37352,4639,445691,1
37352,6514,445691,1
37352,6784,445691,1
37352,7132,445691,1
37352,8016,445691,1
37352,8588,445691,1
37352,9262,445691,1
37352,10333,445691,1
37352,10350,445691,1
37352,11350,445691,1
37352,11386,445691,1
37366,154,445692,1
37371,154,445703,1
37371,7509,445703,1
37371,10424,445703,1
37375,8016,445698,1
37376,3956,445703,1
37376,4873,445703,1
37378,7923,445702,1
37382,3728,445715,1
37382,9262,445715,1
37404,2545,445694,1
37404,4218,445694,1
37404,6933,445694,1
37404,9613,445694,1
37404,10096,445694,1
37421,8062,445693,1
37421,11386,445693,1
37422,58,445760,1
37427,2809,445697,1
37463,5465,445706,1
37464,8148,445702,1
37471,9015,445760,1
37471,9579,445760,1
37484,10998,445712,1
37495,713,445760,1
37495,1447,445760,1
37495,9262,445760,1
37505,3188,445709,1
37505,11386,445709,1
37509,2545,445705,1
37509,2809,445705,1
37509,3511,445705,1
37509,3753,445705,1
37509,4938,445705,1
37509,7085,445705,1
37509,7509,445705,1
37518,1202,445700,1
37518,8325,445700,1
37520,154,445691,1
37520,5858,445691,1
37520,6784,445691,1
37520,7013,445691,1
37525,6458,445700,1
37526,4324,445705,1
37539,2842,445692,1
37539,4130,445692,1
37539,5606,445692,1
37539,7929,445692,1
37539,8505,445692,1
37539,10107,445692,1
37539,11045,445692,1
37540,9326,445760,1
37547,2715,445710,1
37574,6166,445758,1
37577,1649,445734,1
37577,7013,445734,1
37577,10319,445734,1
37591,1986,445716,1
37592,10507,445689,1
37606,7894,445699,1
37606,10216,445699,1
37611,3728,445700,1
37611,9262,445700,1
37625,154,445736,1
37625,10120,445736,1
37626,1218,445741,1
37626,3110,445741,1
37626,7690,445741,1
37628,4639,445692,1
37628,4762,445692,1
37628,5197,445692,1
37628,10176,445692,1
37628,11049,445692,1
37631,1316,445706,1
37631,2559,445706,1
37642,2302,445697,1
37642,2309,445697,1
37642,2809,445697,1
37642,3871,445697,1
37642,6938,445697,1
37647,154,445759,1
37684,6784,445711,1
37693,7569,445710,1
37700,154,445708,1
37709,218,445761,1
37709,2796,445761,1
37709,3638,445761,1
37709,5011,445761,1
37709,6685,445761,1
37709,6784,445761,1
37715,9262,445690,1
37735,9305,445690,1
37754,3871,445758,1
37754,5570,445758,1
37754,7991,445758,1
37760,2094,445735,1
37768,154,445714,1
37768,8946,445714,1
37770,2218,445735,1
37770,5229,445735,1
37770,6293,445735,1
37775,154,445759,1
37775,1649,445759,1
37775,3638,445759,1
37775,3815,445759,1
37775,7132,445759,1
37775,7473,445759,1
37775,8220,445759,1
37785,3238,445699,1
37785,3638,445699,1
37785,4639,445699,1
37785,4762,445699,1
37785,7428,445699,1
37793,2809,445707,1
37793,5858,445707,1
37794,3364,445761,1
37794,6480,445761,1
37794,9072,445761,1
37822,154,445734,1
37852,4639,445691,1
37856,8062,445689,1
37861,3638,445690,1
37861,8062,445690,1
37878,154,445760,1
37878,340,445760,1
37878,6019,445690,1
37878,6019,445760,1
37878,7132,445760,1
37878,9262,445690,1
37891,6235,445696,1
37917,6183,445697,1
37928,3597,445689,1
37928,6535,445689,1
37932,1839,445704,1
37937,310,445761,1
37937,6235,445761,1
37944,4639,445699,1
37946,8050,445761,1
37947,3401,445694,1
37956,2548,445710,1
37956,4639,445710,1
37956,6106,445710,1
37956,8998,445710,1
37957,1649,445716,1
37957,6475,445716,1
37957,8220,445716,1
37957,9262,445716,1
37960,2794,445760,1
37960,2809,445708,1
37960,8037,445690,1
37960,8183,445761,1
37960,9262,445761,1
37968,2132,445761,1
37989,4639,445692,1
37989,9138,445692,1
37990,6235,445705,1
37990,6514,445705,1
37991,9490,445705,1
37994,229,445712,1
37994,722,445712,1
37994,1316,445712,1
37994,1881,445712,1
37994,1993,445712,1
37994,2733,445712,1
37994,3064,445712,1
37994,3401,445712,1
37994,3544,445712,1
37994,3728,445712,1
37994,5354,445712,1
37994,5365,445712,1
37994,5465,445712,1
37994,6580,445712,1
37994,8016,445712,1
37994,9262,445712,1
37994,9690,445712,1
37994,11182,445712,1
37994,11310,445712,1
37994,11401,445712,1
38006,7569,445709,1
38006,9262,445709,1
38006,9684,445709,4
38019,185,445693,1
38019,2971,445693,1
38019,4762,445693,1
38044,8062,445718,1
38067,4762,445704,1
38114,4762,445735,1
38116,2578,445717,1
38118,4344,445742,1
38128,1901,445703,1
38128,6591,445703,1
38133,9262,445691,1
38174,4639,445703,1
38176,10345,445758,1
38183,540,445761,1
38184,154,445760,1
38184,10248,445760,1
38185,11187,445690,1
38188,4265,445703,1
38188,6019,445703,1
38193,1142,445696,1
38208,2548,445712,1
38208,2561,445712,1
38208,4786,445712,1
38214,412,445694,1
38214,1221,445694,1
38214,3401,445694,1
38214,3401,445695,1
38214,8016,445690,1
38214,8016,445694,1
38214,9421,445694,1
38214,11160,445694,1
38214,11386,445691,1
38262,405,445708,1
38262,6167,445758,1
38262,6514,445758,1
38263,3401,445760,1
38265,738,445704,1
38270,6985,445742,1
38277,8062,445735,1
38322,4639,445710,1
38323,8220,445742,1
38323,9490,445742,1
38323,10120,445742,1
38323,10788,445742,1
38326,777,445714,1
38326,3728,445714,1
38326,4344,445714,1
38326,5094,445714,1
38326,8062,445714,1
38326,10120,445714,1
38336,1094,445717,1
38337,7754,445761,1
38345,6938,445690,1
38355,2809,445697,1
38357,3401,445714,1
38357,9262,445714,1
38357,10065,445714,1
38359,4570,445759,1
38370,165,445760,1
38370,8170,445760,1
38370,10434,445760,2
38370,11284,445760,1
38374,154,445734,1
38374,1244,445734,1
38374,4722,445734,1
38374,5562,445734,1
38374,6005,445734,1
38374,8020,445734,1
38374,9200,445734,1
38374,9309,445734,1
38374,9829,445734,1
38374,10085,445734,1
38374,10176,445734,1
38374,10397,445734,1
38374,11124,445734,1
38374,11370,445734,1
38385,154,445701,1
38385,362,445701,1
38385,2927,445701,1
38392,2304,445701,1
38440,9262,445761,1
38455,8016,445710,1
38470,722,445694,1
38470,1300,445712,1
38470,6637,445694,1
38470,8062,445694,1
38470,9138,445712,1
38470,10983,445694,1
38470,10983,445712,1
38490,1657,445706,1
38501,2703,445701,1
38511,11386,445696,1
38520,33,445705,1
38520,5474,445705,1
38520,9262,445705,1
38525,6784,445699,1
38526,1537,445690,1
38528,540,445701,1
38542,185,445696,1
38542,2504,445696,1
38542,7509,445696,1
38542,8754,445696,1
38550,4345,445713,1
38550,8016,445713,1
38550,8062,445713,1
38550,9262,445713,1
38570,748,445735,1
38584,4207,445698,1
38584,10122,445698,1
38585,3922,445715,1
38585,5321,445715,1
38592,10529,445758,1
38610,4639,445715,1
38610,10120,445715,1
38611,1633,445705,1
38611,7163,445705,1
38611,7509,445705,1
38614,2716,445760,1
38614,2804,445760,1
38614,3487,445760,1
38614,3683,445760,1
38614,3775,445760,1
38614,4973,445760,1
38614,5209,445760,1
38614,7988,445760,1
38614,9854,445760,1
38614,9863,445760,1
38614,10288,445760,1
38614,10293,445760,1
38615,4639,445712,1
38672,909,445760,3
38672,1402,445734,2
38672,1454,445734,2
38672,1649,445734,2
38672,1649,445760,4
38672,3644,445734,2
38672,4342,445734,2
38672,5559,445760,4
38672,6015,445734,2
38672,6784,445760,4
38672,7013,445734,2
38672,7501,445734,2
38672,7501,445760,4
38672,7598,445760,3
38672,7726,445760,3
38672,8220,445760,4
38672,9262,445734,2
38672,9262,445760,4
38672,10001,445760,4
38672,10505,445734,2
38672,10610,445760,3
38672,10837,445734,2
38672,11127,445760,4
38672,11129,445734,2
38672,11270,445760,4
38675,1316,445717,1
38686,7013,445699,1
38691,9262,445691,1
38694,4639,445708,1
38694,9262,445708,1
38699,1094,445717,1
38700,154,445691,1
38734,4639,445690,1
38749,4639,445691,1
38757,9262,445692,1
38770,381,445700,1
38772,7013,445713,1
38783,9262,445759,2
38800,636,445702,1
38800,1887,445702,1
38830,154,445698,1
38830,5858,445698,1
38830,10120,445698,1
38846,4434,445716,1
38846,10448,445716,1
38848,3162,445690,1
38853,317,445742,1
38853,3815,445742,1
38857,574,445699,1
38857,2872,445699,1
38857,3321,445699,1
38857,4342,445699,1
38857,6284,445699,1
38857,6784,445699,1
38857,6784,445759,1
38857,7132,445699,1
38857,7132,445759,1
38857,7720,445699,1
38857,8419,445699,1
38857,9157,445699,1
38857,10473,445699,1
38857,10493,445699,1
38862,7359,445708,1
38871,2809,445709,1
38871,5858,445709,1
38871,10120,445709,1
38880,11087,445717,1
38885,9286,445711,1
38885,10426,445711,1
38889,1892,445716,1
38889,8220,445716,1
38889,9797,445716,1
38889,11386,445716,1
38924,2809,445708,1
38926,9138,445691,1
38938,3401,445709,1
38938,9262,445709,1
38972,3254,445709,1
38972,3355,445709,1
38972,5170,445709,1
38972,5556,445709,1
38972,5627,445709,1
38972,8832,445709,1
38972,10428,445709,1
38972,11397,445709,1
38986,3728,445708,1
39023,1986,445713,1
39023,3188,445759,1
39033,9663,445703,1
39034,9469,445694,1
39046,2695,445690,1
39058,9355,445696,1
39083,154,445690,1
39083,154,445691,1
39109,3728,445705,1
39121,3401,445696,1
39127,4749,445705,1
39127,5465,445705,1
39127,8062,445705,1
39127,8865,445705,1
39141,1316,445714,1
39141,6784,445714,1
39141,7132,445714,1
39141,8062,445714,1
39142,1931,445701,1
39142,4639,445701,1
39142,6633,445701,1
39145,1958,445707,1
39145,7183,445707,1
39149,1649,445736,1
39149,8566,445736,1
39149,9262,445736,1
39155,78,445706,1
39160,2096,445689,1
39160,8062,445689,1
39162,8016,445710,1
39178,154,445699,1
39178,4171,445699,1
39178,4755,445699,1
39178,8697,445699,1
39186,6908,445699,1
39192,198,445760,1
39192,2089,445760,1
39192,2918,445760,1
39192,6384,445760,4
39192,6622,445760,1
39192,9383,445760,1
39199,4541,445742,1
39199,4621,445742,1
39199,10772,445742,1
39199,11161,445742,1
39203,8427,445760,1
39217,2809,445712,2
39217,3638,445712,2
39217,5858,445712,2
39226,3342,445742,1
39227,5465,445711,1
39238,5005,445710,1
39238,10120,445710,1
39246,4200,445717,1
39255,185,445735,1
39255,7937,445735,1
39270,6784,445759,1
39294,3401,445713,2
39294,5513,445713,1
39294,9262,445713,1
39295,6164,445691,1
39297,10120,445714,1
39333,7569,445690,1
39358,4639,445691,1
39361,1853,445690,1
39361,1853,445692,1
39369,9579,445704,1
39372,154,445711,1
39395,7494,445713,1
39414,4639,445691,1
39414,8791,445691,1
39427,7569,445691,1
39427,8791,445691,1
39428,9286,445710,1
39444,8062,445706,1
39449,154,445697,1
39455,5396,445695,1
39461,5094,445694,1
39469,1190,445736,1
39498,5465,445712,1
39520,7081,445759,1
39526,11386,445716,1
39528,10442,445734,1
39530,1668,445711,1
39530,4822,445735,1
39530,6742,445735,1
39536,6019,445717,1
39537,7088,445705,2
39537,7088,445707,1
39539,154,445691,1
39542,4762,445706,1
39542,5197,445706,1
39556,3401,445760,1
39556,5011,445760,1
39556,10114,445760,1
39565,11386,445758,1
39568,4639,445701,1
39568,5197,445701,1
39568,9262,445701,1
39595,2809,445758,1
39598,722,445734,1
39598,5924,445734,1
39613,2717,445715,1
39613,8750,445715,1
39621,7013,445742,1
39645,3728,445704,1
39665,8299,445761,1
39665,9262,445761,1
39668,154,445690,1
39673,3076,445707,1
39673,9262,445707,1
39681,10380,445708,1
39690,8062,445759,1
39697,382,445695,1
39697,9262,445695,1
39698,280,445713,1
39702,1142,445700,1
39702,1952,445700,1
39713,4639,445761,1
39731,154,445696,1
39731,4639,445696,1
39731,8681,445696,1
39731,8791,445696,1
39747,5342,445715,1
39761,798,445710,1
39762,722,445699,1
39762,8566,445699,1
39764,3638,445689,1
39764,5501,445689,1
39764,6784,445689,1
39764,6910,445689,1
39764,7284,445689,1
39764,8062,445689,1
39764,9138,445689,1
39765,3401,445711,1
39765,8276,445711,1
39765,9262,445711,1
39776,4171,445758,1
39776,4401,445758,1
39776,4755,445758,1
39800,2096,445708,1
39800,4793,445708,1
39800,8868,445708,1
39808,8593,445692,1
39808,9748,445692,1
39824,10046,445711,1
39833,2096,445699,1
39833,2096,445702,1
39833,2716,445699,1
39833,2716,445702,1
39841,4639,445716,1
39841,10001,445698,1
39841,10001,445716,1
39851,154,445703,1
39851,1396,445703,1
39851,2809,445703,1
39851,3728,445703,1
39851,4949,445703,1
39851,7428,445703,1
39851,8712,445703,1
39851,9038,445703,1
39851,11265,445703,1
39877,124,445705,1
39877,722,445705,1
39887,8062,445700,1
39888,4709,445714,1
39888,6060,445714,1
39888,6535,445714,1
39888,9262,445714,1
39888,11386,445714,1
39892,1162,445695,1
39896,6535,445691,1
39896,10574,445691,1
39919,8952,445692,1
39920,1316,445718,1
39920,5465,445718,1
39920,6784,445718,1
39920,7132,445718,1
39920,9138,445718,1
39972,2365,445701,1
39976,1180,445761,1
39976,1359,445761,1
39976,2348,445761,1
39976,2887,445761,1
39976,3384,445761,1
39976,8549,445761,1
39976,10529,445761,1
39978,2509,445708,1
39978,9138,445708,1
39993,154,445693,1
39993,900,445693,1
39993,3638,445693,1
39993,4480,445693,1
39993,4639,445693,1
39993,7569,445693,1
39993,8941,445693,1
39993,9262,445693,1
39993,10248,445693,1
40010,6970,445742,1
40023,9415,445715,1
40023,10195,445707,1
40025,334,445704,1
40025,10482,445704,1
40075,154,445735,1
40075,1649,445735,1
40075,7482,445735,1
40075,7518,445735,1
40075,9097,445735,1
40075,10527,445735,1
40076,4478,445692,1
40082,10525,445697,1
40084,10558,445716,1
40102,3401,445690,1
40106,6535,445698,1
40118,553,445691,1
40127,7013,445718,1
40164,5463,445705,1
40165,3188,445715,1
40172,1164,445714,1
40172,6784,445714,1
40172,6810,445714,1
40174,6167,445761,1
40194,2937,445718,1
40198,154,445690,1
40198,1537,445690,1
40198,2611,445690,1
40198,3489,445690,1
40198,3492,445690,1
40198,5211,445690,2
40198,6142,445690,1
40198,9262,445690,2
40198,9720,445690,1
40198,10001,445690,1
40198,10176,445690,1
40198,10416,445690,1
40221,5726,445735,1
40224,1595,445709,1
40224,7013,445709,1
40224,7398,445709,1
40224,10883,445709,1
40230,3544,445735,1
40230,10099,445735,1
40244,154,445760,1
40249,10533,445695,1
40279,4639,445706,1
40279,10527,445706,1
40287,3728,445712,1
40287,6133,445712,1
40292,1981,445699,1
40292,8686,445699,1
40293,102,445736,1
40294,9083,445717,1
40297,891,445760,1
40297,4555,445760,1
40297,7450,445760,1
40297,7522,445760,1
40297,10040,445760,1
40300,464,445704,1
40338,6784,445693,1
40338,9138,445693,1
40338,10567,445693,1
40374,1194,445706,1
40379,9166,445716,1
40398,4141,445736,1
40398,4566,445736,1
40398,6610,445736,1
40398,6857,445736,1
40401,4989,445710,1
40413,1649,445704,1
40413,5234,445704,1
40413,8566,445704,2
40416,5443,445693,1
40416,7208,445693,1
40423,3638,445690,1
40423,4639,445690,1
40423,4762,445690,1
40429,10221,445716,1
40430,550,445703,1
40430,1926,445703,1
40430,2440,445703,1
40430,4171,445703,1
40430,4755,445703,1
40430,9262,445703,1
40430,10284,445703,1
40434,6863,445694,1
40439,11386,445718,1
40443,4639,445715,1
40453,154,445708,1
40462,5160,445703,1
40467,5180,445709,1
40467,9262,445709,1
40472,6250,445692,1
40478,4480,445705,1
40489,154,445689,1
40489,866,445689,1
40489,1219,445689,1
40489,1537,445689,1
40489,2919,445689,1
40489,4639,445689,1
40489,8063,445689,1
40489,9707,445689,1
40489,10881,445689,1
40513,3075,445735,1
40516,154,445705,1
40516,8016,445705,1
40522,6319,445716,1
40522,6871,445716,1
40544,1094,445717,1
40549,2509,445700,1
40549,9138,445700,1
40549,10096,445700,1
40558,722,445701,1
40598,4762,445735,1
40601,7190,445711,1
40601,10330,445711,1
40613,7428,445705,1
40647,9748,445761,1
40665,9262,445700,1
40674,6938,445710,1
40674,7569,445710,1
40675,4639,445742,1
40688,3955,445741,1
40688,7379,445741,1
40701,13,445707,1
40706,405,445691,1
40711,9609,445700,1
40716,7321,445707,1
40733,407,445705,1
40760,154,445707,1
40760,4639,445707,1
40766,1521,445741,1
40785,9262,445701,1
40790,7740,445759,1
40794,1491,445689,1
40798,10743,445691,1
40799,154,445735,1
40799,5349,445735,1
40799,5465,445735,1
40799,6514,445735,1
40799,8289,445735,1
40799,9318,445735,1
40799,10120,445735,1
40807,3755,445758,1
40807,5011,445758,1
40807,9262,445758,1
40807,11386,445758,1
40835,777,445693,1
40861,998,445715,1
40861,2445,445715,1
40861,4345,445715,1
40861,4524,445715,1
40861,6784,445715,1
40861,10120,445715,1
40867,4639,445691,1
40867,9138,445691,1
40869,722,445705,2
40893,3342,445691,1
40904,4639,445713,1
40904,8016,445713,1
40904,10120,445713,1
40925,7671,445709,1
40928,5988,445696,1
40928,6847,445702,1
40930,6273,445718,1
40930,10248,445718,1
40940,3342,445697,1
40940,8791,445697,1
40940,9262,445697,1
40942,6134,445717,1
40962,2096,445758,1
40963,10120,445717,1
40965,6059,445717,1
40980,154,445690,1
40980,3946,445690,1
40980,4639,445690,1
40980,6784,445690,1
40980,7569,445690,1
40980,8681,445690,1
40980,8791,445690,1
40980,11386,445690,1
40991,6458,445707,1
40996,7690,445700,1
41018,1537,445697,1
41018,8791,445697,1
41038,1649,445759,1
41038,3401,445700,1
41038,3994,445700,1
41038,4639,445700,1
41038,4762,445700,1
41038,4762,445759,1
41038,8220,445759,1
41038,8566,445759,1
41038,10120,445700,1
41042,154,445759,1
41058,405,445700,1
41058,4639,445700,1
41059,1316,445717,1
41061,9808,445699,1
41095,1164,445713,1
41095,2809,445713,1
41095,4466,445713,1
41095,9138,445689,1
41107,24,445699,1
41135,3820,445713,1
41135,6646,445713,1
41135,10516,445713,1
41159,1703,445734,1
41159,2063,445734,1
41159,10743,445734,1
41194,4639,445700,1
41194,4762,445717,1
41194,5529,445700,1
41194,9262,445700,1
41201,5011,445759,1
41201,5094,445759,1
41201,7473,445759,1
41201,7645,445759,1
41201,8220,445759,1
41201,10487,445759,1
41234,2019,445735,1
41235,154,445693,1
41235,8791,445693,1
41237,969,445718,1
41237,1359,445718,1
41237,2066,445718,1
41237,10345,445718,1
41237,11122,445718,1
41237,11386,445718,1
41237,11400,445718,1
41248,154,445691,1
41256,8712,445718,1
41273,1115,445760,1
41273,5445,445760,1
41280,9262,445700,1
41345,3217,445693,1
41345,10661,445693,1
41361,6784,445697,1
41361,9297,445697,1
41369,124,445735,1
41369,1649,445735,1
41369,4346,445735,1
41369,5094,445735,1
41369,6784,445735,1
41385,3728,445702,1
41385,4639,445702,1
41385,9268,445702,1
41387,154,445734,1
41401,4762,445701,1
41414,2134,445760,1
41414,2910,445760,1
41425,4196,445760,1
41425,9262,445760,1
41428,3956,445709,1
41429,3401,445718,1
41429,11386,445718,1
41430,154,445736,1
41430,8062,445736,1
41430,10120,445736,1
41437,453,445707,2
41437,453,445708,2
41441,1316,445689,1
41441,8062,445689,1
41441,8175,445689,1
41441,9264,445689,1
41442,154,445701,1
41442,2440,445701,1
41442,3115,445701,1
41442,4970,445701,1
41442,8717,445701,1
41442,9331,445701,1
41442,10248,445701,1
41465,2308,445696,1
41465,7030,445696,1
41466,5465,445712,1
41466,7056,445712,1
41484,3188,445708,1
41484,3728,445708,1
41484,4583,445708,1
41484,7013,445708,1
41484,8016,445708,2
41493,2548,445690,1
41493,2809,445690,1
41493,10834,445690,1
41494,154,445742,1
41494,3544,445742,1
41494,4028,445742,1
41494,4344,445742,1
41494,6019,445742,1
41494,6260,445742,1
41494,6784,445742,1
41494,8686,445742,1
41503,9262,445708,1
41510,3401,445702,1
41510,9262,445702,1
41525,10120,445712,1
41533,8712,445697,1
41555,9262,445760,1
41558,271,445761,1
41562,9262,445698,1
41588,689,445690,1
41588,8144,445690,1
41588,9138,445690,1
41610,4171,445701,1
41610,5218,445701,1
41610,8274,445701,1
41610,8717,445701,1
41610,9547,445701,1
41617,9138,445712,1
41618,154,445698,1
41623,3885,445691,1
41623,5619,445691,1
41637,9262,445707,1
41637,10248,445707,1
41642,27,445705,1
41642,1244,445705,1
41642,3544,445705,1
41642,7859,445705,1
41642,10964,445705,1
41646,2519,445694,1
41673,11386,445714,1
41680,2642,445701,3
41680,2642,445703,1
41680,2642,445710,2
41680,5577,445703,1
41680,5577,445710,2
41680,7596,445701,3
41718,2809,445701,1
41718,8016,445701,1
41718,11078,445701,1
41718,11386,445701,1
41735,154,445700,1
41764,10120,445716,1
41773,1089,445711,1
41788,154,445689,1
41788,991,445689,1
41788,1164,445689,1
41788,4639,445689,1
41788,4762,445689,1
41788,6784,445689,1
41788,7132,445689,1
41788,8062,445689,1
41788,8791,445689,1
41788,9138,445689,1
41791,2868,445713,1
41801,3555,445717,1
41805,1649,445760,1
41805,8220,445760,1
41808,10120,445717,1
41831,6427,445697,1
41833,624,445691,1
41833,1316,445691,1
41833,2096,445691,1
41833,6019,445691,1
41833,7132,445691,1
41833,9262,445691,1
41837,154,445759,1
41855,9138,445711,1
41862,185,445711,1
41862,282,445711,1
41862,850,445711,1
41862,1316,445711,1
41862,3307,445711,1
41862,3401,445711,1
41862,4420,445711,1
41862,4751,445711,1
41862,6808,445711,1
41862,7585,445711,1
41862,9205,445711,1
41862,9262,445711,1
41867,9567,445692,1
41870,722,445698,1
41889,3815,445760,1
41915,154,445689,1
41915,1164,445689,1
41915,4639,445689,1
41915,6784,445689,1
41915,7132,445689,1
41915,8062,445689,1
41915,8791,445689,1
41915,9138,445689,1
41926,5288,445701,1
41927,10282,445703,1
41928,10973,445700,1
41931,722,445691,1
41932,154,445712,1
41933,777,445692,1
41933,882,445692,1
41933,2445,445692,1
41933,8791,445692,1
41938,2809,445696,1
41949,1094,445692,1
41949,10973,445692,1
41952,2809,445695,1
41952,6500,445695,1
41952,10132,445695,1
41952,10504,445695,1
41953,9609,445741,1
41961,1649,445716,1
41961,3728,445716,1
41973,10120,445711,1
41978,4639,445701,1
41999,4344,445692,1
42009,6742,445715,1
42016,154,445706,1
42019,4232,445709,1
42019,6784,445709,1
42022,3401,445702,1
42022,6514,445702,1
42047,154,445736,1
42047,1987,445736,1
42047,3368,445736,1
42047,4522,445736,1
42047,7642,445736,1
42066,6424,445689,1
42069,1142,445700,1
42069,3728,445700,1
42075,722,445693,1
42075,8566,445693,1
42075,9138,445693,1
42076,2809,445701,1
42076,5858,445701,1
42076,10741,445701,1
42077,4639,445709,1
42077,5474,445709,1
42077,11386,445709,1
42088,1069,445694,1
42088,9909,445694,1
42108,10248,445692,1
42108,10936,445692,1
42121,405,445741,1
42121,8289,445741,1
42121,10635,445741,1
42124,6535,445698,1
42130,4507,445710,1
42132,10788,445698,1
42142,405,445713,1
42142,722,445713,1
42142,2847,445713,1
42142,5706,445713,1
42142,6488,445713,2
42144,722,445693,1
42146,1537,445742,1
42146,4344,445742,1
42146,4344,445760,1
42146,4639,445760,1
42146,4813,445742,1
42146,5011,445760,1
42146,5950,445742,1
42146,6514,445742,1
42151,1142,445713,1
42151,1316,445713,1
42151,3401,445713,1
42151,3728,445713,1
42151,5094,445713,1
42151,6535,445713,1
42151,9262,445713,1
42164,8686,445708,1
42164,8712,445708,1
42169,10583,445712,1
42170,8907,445710,1
42170,9262,445710,1
42189,1489,445695,1
42189,9262,445695,1
42226,1316,445708,1
42226,8062,445708,1
42226,10120,445708,1
42237,5465,445715,1
42269,4762,445698,1
42269,5197,445698,1
42269,6784,445698,1
42269,7425,445698,1
42269,8007,445698,1
42269,8063,445698,1
42269,9566,445698,1
42288,1880,445717,1
42290,8062,445690,1
42290,10120,445734,1
42315,4762,445690,1
42329,1887,445759,1
42329,5171,445759,1
42329,7956,445759,1
42329,10235,445759,1
42362,8551,445690,1
42362,9629,445690,1
42382,864,445700,1
42383,722,445707,1
42383,4639,445707,1
42390,8535,445697,1
42405,424,445705,1
42405,1458,445705,1
42405,9262,445705,1
42424,154,445705,1
42424,7569,445705,1
42424,10120,445705,1
42433,1316,445707,1
42456,1113,445695,1
42456,10032,445695,1
42457,7132,445694,1
42457,7134,445694,1
42476,6652,445708,1
42483,9318,445704,1
42493,4762,445711,1
42499,6350,445691,1
42499,6458,445691,1
42503,6784,445702,1
42504,26,445716,1
42504,491,445716,1
42504,1537,445716,1
42504,2062,445716,1
42504,6501,445716,1
42504,9262,445716,1
42504,10120,445716,1
42506,9587,445718,1
42516,1704,445708,1
42517,145,445711,1
42524,756,445712,1
42524,1164,445712,1
42524,1887,445712,1
42524,2548,445712,1
42524,4422,445712,1
42524,6810,445712,1
42524,8588,445712,1
42525,1867,445700,1
42525,4639,445700,1
42525,6427,445700,1
42540,546,445699,1
42540,1537,445699,1
42540,5531,445699,1
42540,8016,445699,1
42540,9083,445699,1
42572,2515,445698,1
42572,9262,445698,1
42584,7085,445741,1
42584,9002,445741,1
42588,1539,445735,1
42603,2532,445716,1
42603,5681,445716,1
42603,6514,445716,1
42603,7085,445716,1
42621,154,445692,1
42621,722,445715,1
42621,3401,445692,1
42621,3728,445715,1
42621,8220,445715,1
42621,9262,445692,1
42621,9262,445715,1
42621,9377,445715,1
42646,1484,445711,1
42646,2445,445711,1
42648,5098,445693,1
42650,1649,445735,1
42650,4853,445735,1
42650,4903,445735,1
42650,7013,445735,1
42650,7482,445735,1
42650,8220,445735,1
42650,9262,445735,1
42650,9569,445735,1
42669,124,445699,1
42669,957,445714,1
42669,1396,445714,1
42669,2809,445709,1
42669,2809,445714,1
42669,4748,445699,1
42669,5167,445699,1
42669,8042,445714,1
42669,8063,445714,1
42669,9528,445699,1
42669,10120,445714,1
42669,10527,445714,1
42669,11011,445699,1
42669,11011,445714,1
42669,11273,445714,1
42669,11277,445714,1
42669,11386,445699,1
42669,11386,445709,1
42671,154,445708,1
42674,4257,445690,1
42699,945,445690,1
42709,7428,445716,1
42710,1174,445708,1
42710,9461,445708,1
42710,9871,445708,1
42710,10410,445708,1
42718,3871,445695,1
42727,1194,445705,1
42727,1853,445705,1
42727,4553,445705,1
42727,4793,445705,2
42727,4938,445705,1
42727,4989,445705,1
42727,8841,445705,1
42727,8868,445705,1
42727,9283,445705,1
42727,10390,445705,1
42727,10756,445705,1
42731,2024,445760,1
42731,3987,445710,1
42731,6423,445710,1
42731,7399,445710,1
42731,7399,445760,1
42731,7457,445710,1
42731,8862,445710,1
42731,9158,445760,1
42757,10120,445717,1
42761,2467,445705,1
42773,154,445698,1
42773,154,445706,1
42773,154,445707,1
42773,4639,445702,1
42773,6995,445706,1
42773,11000,445698,1
42773,11000,445702,1
42773,11000,445706,1
42773,11000,445707,1
42778,154,445735,1
42783,2360,445711,1
42783,3728,445711,1
42783,4657,445711,1
42783,5686,445711,1
42783,6644,445711,1
42783,8472,445711,1
42783,8954,445711,1
42783,9262,445711,1
42783,10001,445711,1
42783,10120,445711,1
42783,10587,445711,1
42783,11011,445711,1
42788,154,445713,1
42788,9262,445713,1
42788,10120,445713,1
42792,154,445707,1
42795,5858,445759,1
42795,6475,445759,1
42795,7398,445759,1
42795,8220,445759,1
42809,3401,445714,1
42809,8062,445714,1
42849,4007,445735,1
42849,9262,445717,1
42863,2096,445691,1
42863,2289,445691,1
42863,5563,445691,1
42863,6695,445691,1
42863,10248,445691,1
42867,8062,445742,1
42868,185,445718,1
42868,2148,445718,1
42868,3188,445718,1
42868,4018,445718,1
42868,9318,445718,1
42868,10460,445718,1
42880,6784,445690,1
42882,3401,445735,1
42882,5950,445735,1
42882,9262,445735,1
42889,1115,445736,1
42889,10287,445736,1
42913,8170,445705,1
42960,8471,445698,1
42974,5979,445702,1
42974,6475,445702,1
42974,7085,445702,1
42974,7518,445702,1
42974,8799,445702,1
42989,10395,445695,1
42994,1300,445708,1
42994,1316,445708,1
42994,4639,445708,1
42994,6784,445708,1
42994,7132,445708,1
42994,9236,445708,1
42994,9785,445708,1
42997,882,445735,1
42997,1142,445735,1
42997,6784,445735,1
42997,7132,445735,1
43021,10534,445703,1
43023,3638,445696,1
43028,1644,445760,1
43048,9262,445707,1
43052,7284,445696,1
43052,8062,445696,1
43073,4222,445736,1
43073,4344,445736,1
43073,8016,445736,1
43073,10120,445736,1
43086,154,445714,1
43086,3638,445714,1
43088,4639,445698,1
43119,8089,445712,1
43119,9681,445712,1
43121,3638,445692,2
43130,6235,445690,1
43130,6784,445690,1
43130,8791,445690,1
43135,3728,445713,1
43135,4639,445713,1
43135,9262,445713,1
43139,9262,445736,1
43144,501,445713,1
43144,2376,445709,1
43144,5562,445709,1
43144,10906,445713,1
43145,5695,445718,1
43146,351,445704,1
43146,7132,445704,1
43146,8373,445704,1
43146,9262,445704,1
43146,10120,445704,1
43163,8062,445710,1
43184,3728,445713,1
43184,5197,445713,1
43184,7381,445713,1
43184,9435,445713,1
43221,3195,445734,1
43221,3638,445734,1
43221,4778,445734,1
43221,5975,445734,1
43221,7956,445734,1
43221,9262,445734,1
43227,9138,445715,1
43231,635,445716,1
43233,4531,445761,1
43233,4548,445761,1
43259,1685,445735,1
43259,3820,445735,1
43259,3989,445735,1
43259,4020,445735,1
43259,10779,445735,1
43261,3871,445708,1
43261,4639,445708,1
43261,9262,445708,1
43272,4639,445693,1
43272,8791,445693,1
43288,540,445705,1
43288,1164,445705,1
43288,3638,445705,1
43288,5513,445705,1
43288,6784,445705,1
43288,8062,445705,1
43289,154,445759,1
43289,9377,445759,1
43302,8016,445718,1
43302,8566,445718,1
43323,11386,445759,1
43331,4398,445703,1
43332,405,445706,1
43359,3342,445717,1
43378,5094,445741,1
43378,8005,445741,1
43378,8444,445741,1
43417,2366,445760,1
43417,8337,445760,1
43418,8016,445704,1
43425,8681,445718,1
43437,185,445700,1
43437,4531,445700,1
43437,9563,445700,1
43437,11196,445700,1
43457,1784,445700,1
43457,3401,445700,1
43457,5419,445700,2
43457,6260,445700,1
43457,9262,445700,1
43459,154,445695,1
43459,4232,445695,1
43459,5255,445695,1
43459,6362,445695,1
43468,154,445716,3
43473,154,445694,1
43473,2809,445694,1
43487,4691,445759,1
43487,5775,445759,1
43487,7058,445759,1
43487,9588,445759,1
43505,4989,445710,1
43505,6019,445710,1
43505,6019,445761,1
43510,4639,445689,1
43516,3643,445702,1
43517,154,445693,1
43517,722,445697,1
43517,4639,445693,1
43517,4639,445697,1
43517,7569,445693,1
43517,7569,445697,1
43517,8062,445697,1
43517,9262,445697,1
43529,154,445690,1
43529,4639,445690,1
43529,8791,445690,1
43530,3342,445709,1
43540,7889,445696,1
43540,8681,445696,1
43540,9262,445696,1
43540,11386,445696,1
43545,6713,445716,1
43565,3401,445692,1
43565,4639,445692,1
43565,8681,445692,1
43565,9262,445692,1
43585,10120,445710,1
43602,1649,445711,1
43602,2809,445711,1
43602,3306,445711,1
43602,7862,445711,1
43602,9490,445711,1
43605,3401,445705,1
43605,3728,445705,1
43605,3871,445705,1
43605,4639,445705,1
43605,5428,445705,1
43605,7803,445705,1
43605,8016,445705,1
43605,10120,445705,1
43605,10692,445705,1
43609,9702,445711,1
43612,4344,445761,1
43626,4639,445712,1
43626,6784,445712,1
43626,7569,445712,1
43626,10120,445712,1
43635,1649,445758,1
43639,4344,445691,1
43639,4639,445691,1
43639,8791,445691,1
43659,9032,445692,1
43659,9418,445692,1
43674,10120,445714,1
43677,10667,445709,1
43679,1880,445705,1
43684,6475,445718,1
43684,9149,445718,1
43691,4762,445714,1
43695,7013,445695,1
43699,4639,445689,1
43699,10129,445689,1
43722,154,445697,1
43722,722,445697,1
43722,1164,445697,1
43722,4639,445697,1
43722,5349,445697,1
43722,6784,445697,1
43722,7132,445697,1
43722,8062,445697,1
43722,8791,445697,1
43722,9138,445697,1
43724,1649,445736,1
43724,8744,445736,1
43724,9262,445736,1
43724,10120,445736,1
43727,6235,445689,1
43727,9138,445689,1
43727,9262,445689,1
43734,9262,445701,1
43735,4639,445701,1
43735,10914,445701,1
43745,3401,445758,1
43745,9262,445758,1
43760,1548,445706,1
43760,2459,445706,1
43761,6201,445761,1
43764,154,445698,1
43764,462,445698,1
43764,1164,445698,1
43764,5469,445698,1
43764,6514,445698,1
43764,11386,445698,1
43786,234,445699,1
43786,4242,445699,1
43786,4977,445699,1
43792,8791,445692,1
43799,3728,445713,1
43799,9262,445713,1
43803,124,445758,1
43803,405,445758,1
43803,1649,445758,1
43803,7754,445758,1
43803,8220,445758,1
43827,6746,445713,1
43827,9262,445713,1
43859,154,445707,1
43859,154,445708,1
43901,3635,445760,1
43901,3905,445760,1
43901,5396,445760,1
43901,5468,445760,1
43901,6110,445760,1
43901,7361,445760,1
43901,8115,445760,1
43901,8388,445760,1
43901,8596,445760,1
43905,405,445742,1
43905,2809,445742,1
43923,1579,445759,1
43923,7740,445759,1
43923,10070,445759,1
43944,3638,445701,1
43952,5513,445712,1
43971,405,445705,1
43971,7509,445705,1
43975,6784,445715,1
43975,10120,445715,1
44005,6780,445715,2
44023,8220,445759,1
44032,10219,445690,1
44039,11011,445700,1
44057,1684,445717,1
44057,1852,445717,1
44057,3401,445717,1
44057,4639,445717,1
44057,8016,445717,1
44057,8244,445717,1
44057,9262,445717,1
44057,10120,445717,1
44057,10960,445717,1
44095,886,445735,1
44108,154,445758,1
44111,5862,445707,1
44145,1316,445711,1
44146,154,445705,1
44179,10390,445698,1
44181,154,445697,1
44181,398,445697,1
44189,524,445759,1
44189,9262,445759,1
44195,9919,445717,1
44202,798,445709,1
44220,1264,445702,1
44220,2809,445702,1
44220,6323,445702,1
44234,7162,445691,1
44237,566,445710,1
44244,4639,445698,1
44246,154,445717,1
44246,2148,445717,1
44246,5589,445717,1
44274,154,445759,1
44280,154,445700,1
44283,4639,445706,1
44292,154,445699,1
44295,1685,445758,1
44301,4639,445705,1
44310,4639,445741,1
44313,2096,445702,1
44313,9256,445702,1
44319,7284,445716,1
44319,10613,445716,1
44328,9023,445742,1
44328,9411,445742,1
44337,8016,445702,1
44375,4639,445710,1
44377,154,445694,1
44383,722,445691,1
44383,3347,445691,1
44398,2809,445718,1
44398,6938,445718,1
44399,1316,445693,1
44399,1537,445693,1
44399,3401,445693,1
44399,6235,445693,1
44399,8016,445693,1
44399,9138,445693,1
44399,9262,445693,1
44405,4639,445706,1
44405,6938,445706,1
44445,6784,445691,1
44445,8062,445691,1
44445,9138,445691,1
44446,1649,445735,1
44450,405,445714,1
44450,6373,445714,1
44450,7414,445714,1
44461,7110,445701,1
44466,2073,445700,1
44466,8696,445700,1
44468,6234,445712,1
44468,9262,445712,1
44473,6784,445709,1
44473,7132,445709,1
44473,8163,445709,1
44479,154,445707,1
44482,722,445702,1
44482,4639,445702,1
44482,4639,445705,1
44482,4867,445705,1
44482,5094,445702,1
44482,6217,445702,1
44482,7569,445705,1
44482,8016,445702,1
44482,9262,445702,1
44482,9262,445705,1
44482,10120,445702,2
44482,10120,445705,1
44486,154,445709,1
44486,4639,445709,1
44486,7569,445709,1
44486,8791,445709,1
44488,8062,445710,1
44490,2371,445705,1
44490,8895,445705,1
44497,6938,445701,1
44508,4396,445704,1
44524,722,445696,1
44539,9262,445698,2
44539,11341,445698,1
44546,10503,445702,1
44565,9318,445741,1
44571,4639,445703,1
44609,3956,445707,1
44612,6514,445707,1
44631,154,445759,1
44631,4344,445759,1
44687,10739,445697,1
44697,835,445690,1
44697,835,445760,1
44697,6791,445690,1
44697,6911,445690,1
44697,6911,445760,1
44697,7669,445760,1
44697,9965,445760,1
44697,10692,445690,1
44697,11386,445690,1
44697,11386,445760,1
44734,10120,445712,1
44735,4639,445692,1
44737,252,445704,1
44746,6458,445692,1
44755,9262,445704,1
44770,5094,445758,1
44770,6784,445758,1
44770,11039,445758,1
44772,10998,445703,1
44789,7552,445702,1
44789,10320,445698,1
44794,5964,445761,1
44794,7132,445761,1
44794,8686,445761,1
44794,9459,445761,1
44807,9262,445702,1
44815,933,445760,1
44815,2375,445760,1
44815,3033,445760,1
44815,3240,445760,1
44815,4706,445760,1
44815,5211,445760,1
44815,6519,445760,1
44815,6784,445760,1
44815,7717,445760,1
44815,7796,445760,1
44815,8302,445760,1
44815,9529,445760,1
44815,9597,445760,1
44815,10093,445760,1
44815,10248,445760,1
44815,10552,445760,1
44820,154,445690,1
44820,154,445716,1
44821,4629,445692,1
44821,4762,445692,1
44821,7080,445692,1
44821,7846,445692,1
44821,10656,445692,1
44827,2809,445706,1
44827,6514,445706,1
44827,8013,445706,1
44837,625,445735,1
44842,8220,445759,1
44852,1418,445736,1
44853,9138,445693,1
44875,4639,445690,1
44875,8062,445690,1
44878,154,445690,1
44878,722,445690,1
44878,10020,445690,1
44885,4639,445694,1
44885,5425,445694,1
44885,8219,445694,1
44887,1142,445714,1
44887,1194,445714,1
44887,6235,445714,1
44887,7132,445714,1
44912,1316,445718,1
44914,2395,445699,1
44914,4200,445699,1
44937,154,445714,1
44937,722,445691,1
44937,2259,445691,1
44937,3401,445691,2
44937,4639,445691,1
44937,7569,445691,1
44937,8062,445691,1
44937,8791,445691,1
44937,9138,445714,1
44937,9262,445691,1
44949,1159,445759,1
44950,1812,445736,1
44950,2279,445736,1
44950,4930,445736,1
44950,6651,445736,1
44950,9262,445736,1
44955,9262,445712,1
44959,5705,445703,1
44967,154,445718,1
44967,8791,445718,1
44998,8272,445716,1
44998,10821,445715,1
45000,4639,445695,1
45000,6837,445695,1
45004,9267,445698,1
45015,3230,445697,1
45015,4639,445697,1
45015,4762,445697,1
45015,5197,445697,1
45015,6818,445697,1
45020,154,445736,1
45022,1649,445735,1
45022,8220,445735,1
45047,154,445709,1
45047,10527,445709,1
45051,9138,445691,1
45061,6390,445708,1
45069,2548,445708,1
45069,10195,445708,2
45074,5858,445700,1
45076,4007,445692,1
45076,9262,445692,1
45084,9376,445708,1
45099,5858,445703,1
45099,6938,445703,1
45105,7837,445689,1
45105,10992,445689,1
45112,4077,445692,1
45119,2152,445704,1
45124,4639,445695,1
45129,154,445701,1
45129,619,445701,1
45129,7509,445701,1
45129,10773,445701,1
45153,1649,445713,1
45153,3638,445713,1
45153,3728,445713,1
45160,154,445758,1
45160,3728,445758,1
45160,5011,445758,1
45160,7473,445758,1
45163,2809,445709,1
45163,4002,445709,1
45173,7509,445709,1
45173,8016,445709,1
45219,3188,445694,1
45219,3477,445694,1
45219,8016,445694,1
45223,3401,445696,1
45223,3728,445696,1
45223,5501,445696,1
45223,8062,445696,1
45223,8686,445696,1
45223,9138,445696,1
45223,9262,445696,1
45223,10248,445696,1
45259,2443,445717,1
45259,3638,445717,1
45267,3342,445710,2
45267,10426,445710,2
45276,16,445717,1
45276,4122,445717,1
45276,8504,445717,1
45282,1649,445711,1
45282,7013,445711,1
45310,1569,445693,1
45315,11057,445758,1
45315,11224,445758,1
45315,11390,445758,1
45317,4200,445703,1
45317,9505,445703,1
45317,11011,445708,1
45337,1649,445702,1
45341,3105,445701,1
45343,5949,445698,1
45357,2809,445693,1
45371,199,445760,1
45371,1333,445760,1
45371,1887,445760,1
45371,4187,445760,1
45371,5011,445760,1
45371,9262,445760,1
45371,10255,445760,1
45379,496,445759,1
45379,735,445692,1
45379,3287,445692,1
45379,5734,445759,1
45379,8899,445759,1
45379,8908,445692,1
45379,9182,445736,1
45379,9708,445736,1
45395,5331,445759,1
45395,9271,445759,1
45404,1194,445742,1
45405,722,445734,1
45405,3734,445734,1
45405,9890,445734,1
45405,10020,445734,1
45405,10527,445734,1
45405,10743,445734,1
45413,154,445711,1
45413,3076,445711,1
45416,1316,445708,1
45416,9935,445708,1
45418,4800,445707,1
45426,154,445742,1
45426,722,445742,1
45426,4055,445742,1
45426,4480,445742,1
45436,11386,445716,1
45454,154,445711,1
45454,722,445711,1
45454,3401,445711,1
45454,3728,445711,1
45454,7569,445711,1
45454,8016,445711,1
45454,8681,445711,1
45454,9262,445711,1
45454,9536,445711,1
45456,3342,445761,1
45457,8681,445695,1
45461,9262,445708,1
45469,154,445717,1
45469,2489,445717,1
45469,2847,445717,1
45469,4141,445717,1
45469,5947,445717,1
45469,6019,445717,1
45469,7183,445717,1
45469,9540,445717,1
45478,154,445690,1
45478,3401,445690,1
45478,4639,445690,1
45478,9262,445690,1
45480,1194,445735,1
45480,3475,445735,1
45480,8591,445735,1
45485,4639,445710,1
45485,4762,445710,1
45485,10120,445710,1
45485,10426,445710,1
45491,569,445698,1
45491,5585,445698,1
45491,6624,445698,1
45491,8220,445698,1
45491,10447,445698,1
45491,11071,445698,1
45492,154,445706,1
45492,722,445703,1
45492,5474,445703,1
45492,5474,445706,1
45499,3342,445761,1
45534,4639,445708,1
45534,9103,445708,1
45541,1512,445702,1
45566,10516,445694,1
45568,154,445691,1
45568,4639,445691,1
45568,8016,445691,1
45568,11386,445691,1
45591,4639,445690,1
45591,10248,445690,1
45596,2273,445702,1
45598,5094,445761,1
45598,9138,445698,1
45637,8891,445717,1
45645,6535,445692,1
45661,8712,445702,1
45665,154,445693,1
45665,3871,445693,1
45682,1094,445718,1
45689,3401,445714,1
45689,3728,445714,1
45689,9262,445714,1
45696,2096,445701,1
45696,3344,445702,1
45696,4674,445701,1
45703,154,445707,1
45708,1790,445696,1
45708,9268,445696,1
45735,2865,445713,1
45744,1634,445716,1
45744,10527,445716,1
45746,154,445704,1
45747,3376,445713,1
45755,2997,445717,1
45755,5681,445717,1
45755,10788,445717,1
45762,6784,445711,1
45765,6522,445760,1
45810,7922,445703,1
45819,3513,445695,1
45819,8415,445695,1
45840,4989,445704,1
45857,4344,445689,2
45857,4344,445690,1
45857,4344,445708,1
45857,4344,445758,1
45857,5474,445708,1
45857,5474,445758,1
45857,9262,445708,1
45857,9262,445758,1
45857,10248,445689,2
45857,10248,445690,1
45869,822,445758,1
45870,2509,445761,1
45870,2809,445761,1
45870,7132,445761,1
45876,6240,445759,1
45892,6019,445705,1
45904,283,445736,1
45904,284,445736,1
45904,2548,445736,1
45904,3439,445736,1
45904,4425,445736,1
45904,4624,445736,1
45904,4964,445736,1
45904,6367,445736,1
45904,6784,445736,1
45904,7428,445736,1
45904,8038,445736,1
45904,8725,445736,1
45904,8729,445736,1
45904,9667,445736,1
45904,10054,445736,1
45904,10942,445736,1
45907,1164,445707,1
45907,10120,445707,1
45909,2532,445707,1
45909,6698,445707,1
45916,4639,445699,1
45936,4433,445692,1
45946,4109,445761,1
45946,5094,445761,1
45946,7518,445761,1
45959,3611,445758,1
45959,4989,445758,1
45960,154,445698,1
45960,722,445698,1
45960,1537,445698,1
45960,2064,445698,1
45960,3946,445698,1
45960,7429,445698,1
45960,7517,445698,1
45960,7569,445698,1
45960,8047,445698,1
45960,8791,445698,1
45960,9262,445698,1
45960,10125,445698,1
45960,10219,445698,1
45960,10532,445698,1
45983,2562,445695,1
45987,1845,445759,1
46009,3076,445717,1
46019,154,445742,1
46024,5688,445760,1
46030,1396,445707,1
46030,9262,445707,1
46035,1164,445735,1
46069,8062,445700,1
46079,10203,445718,1
46084,9262,445711,1
46084,9723,445711,1
46084,10886,445711,1
46107,4966,445717,1
46107,6784,445717,1
46107,7132,445717,1
46107,8062,445717,1
46109,493,445690,1
46111,9262,445701,1
46117,279,445714,1
46117,6541,445714,1
46117,8758,445714,1
46151,2544,445709,1
46151,4639,445709,1
46151,6103,445709,1
46151,7750,445709,1
46153,4639,445689,1
46153,7569,445689,1
46170,2545,445710,1
46170,4762,445759,1
46170,9189,445759,1
46174,4365,445741,1
46178,1176,445709,1
46178,4639,445709,1
46178,8588,445709,1
46197,9262,445718,1
46235,2116,445700,1
46248,6423,445735,1
46310,1094,445716,1
46322,154,445696,1
46322,722,445696,1
46322,1164,445696,1
46322,2809,445696,1
46322,3401,445696,1
46322,3638,445696,1
46322,4639,445696,1
46322,5501,445696,1
46322,8016,445696,1
46322,8062,445696,1
46322,9138,445696,1
46322,9262,445696,1
46325,9401,445758,1
46332,1190,445697,1
46332,6986,445697,1
46332,10793,445697,1
46348,847,445706,1
46348,847,445707,1
46348,847,445708,1
46363,8016,445708,1
46363,10248,445708,1
46367,6938,445697,1
46372,4639,445698,1
46409,2173,445694,1
46409,2623,445694,1
46409,5421,445694,1
46409,9262,445694,1
46409,10248,445694,1
46421,10238,445718,1
46431,179,445696,1
46431,3401,445696,1
46431,4762,445704,1
46431,10001,445696,1
46431,11011,445696,1
46431,11386,445696,1
46438,154,445690,1
46438,1776,445690,1
46438,3401,445690,1
46438,7569,445690,1
46438,8641,445690,1
46438,9262,445690,1
46438,11408,445690,1
46453,9286,445711,1
46456,154,445702,1
46461,4344,445735,1
46477,9429,445742,1
46488,8016,445692,1
46488,8681,445692,1
46495,175,445714,2
46495,303,445714,2
46495,347,445714,2
46495,780,445714,2
46495,5937,445714,2
46495,8878,445714,2
46495,9582,445714,2
46495,9880,445714,2
46513,835,445711,1
46513,10692,445711,1
46518,3536,445689,1
46518,4639,445689,1
46527,154,445703,1
46529,485,445705,1
46529,1115,445705,1
46529,2302,445705,1
46529,3575,445705,1
46529,6442,445705,1
46529,8636,445705,1
46529,9262,445705,1
46529,9311,445705,1
46529,10646,445705,1
46542,10743,445706,1
46546,606,445714,1
46546,2115,445714,1
46546,2548,445714,1
46546,9256,445714,1
46546,10390,445714,1
46603,930,445690,1
46638,7377,445760,1
46638,10136,445760,1
46656,1615,445716,1
46656,6125,445716,1
46661,154,445693,1
46666,8062,445704,1
46668,6012,445691,1
46668,7838,445691,1
46687,11386,445703,1
46702,1242,445735,1
46704,1649,445735,1
46704,9262,445735,1
46704,10120,445735,1
46704,11386,445735,1
46734,1693,445758,1
46753,4466,445735,1
46762,5433,445692,1
46785,3401,445689,1
46785,4762,445689,1
46785,8062,445689,1
46787,1316,445711,1
46787,1649,445711,1
46787,3188,445711,1
46787,3638,445711,1
46787,3638,445760,1
46787,3815,445760,1
46787,4639,445760,1
46787,5011,445761,1
46787,5465,445711,1
46787,8220,445760,1
46787,8220,445761,1
46787,9262,445711,1
46787,9262,445760,1
46787,9262,445761,1
46789,3536,445694,1
46789,7398,445694,1
46789,7989,445694,1
46789,8501,445694,1
46792,154,445696,1
46792,310,445696,1
46792,722,445696,1
46792,1316,445696,1
46792,1887,445696,1
46792,2399,445696,1
46792,2548,445696,1
46792,3025,445696,1
46792,3401,445696,1
46792,3815,445696,1
46792,4639,445696,1
46792,6784,445696,1
46792,8016,445696,1
46792,8062,445696,1
46792,8588,445696,1
46792,8791,445696,1
46792,9138,445696,1
46792,10248,445696,1
46798,8016,445709,1
46812,6458,445693,1
46817,722,445699,1
46822,3188,445709,1
46827,57,445735,1
46827,735,445735,1
46827,1730,445735,1
46827,3391,445735,1
46827,5292,445735,1
46845,1043,445699,1
46845,1537,445699,1
46845,1682,445699,1
46845,2373,445699,1
46845,3486,445699,1
46845,8297,445699,1
46845,8602,445699,1
46845,8791,445699,1
46845,9138,445699,1
46845,9239,445699,1
46845,10477,445699,1
46856,8062,445708,1
46866,5021,445742,1
46869,154,445709,1
46869,4639,445709,1
46869,7569,445709,1
46877,154,445696,1
46877,360,445696,1
46877,3638,445696,1
46877,3750,445696,1
46877,3895,445696,1
46877,4639,445696,1
46877,6019,445696,1
46877,6535,445696,1
46877,6551,445696,1
46877,8016,445696,1
46877,8681,445696,1
46877,9138,445696,1
46877,11202,445696,1
46885,3401,445705,1
46885,4926,445705,1
46885,5566,445717,1
46885,7285,445705,1
46885,8799,445705,1
46885,9262,445705,1
46885,9262,445717,1
46885,9597,445705,1
46885,10045,445705,1
46892,1025,445707,1
46892,6981,445707,1
46892,9712,445761,1
46899,4762,445735,1
46899,7013,445735,1
46905,3871,445709,1
46914,6458,445695,1
46920,722,445705,1
46920,1853,445705,1
46920,2036,445705,1
46920,5034,445705,1
46920,8906,445705,1
46920,11371,445705,1
46922,447,445718,1
46922,1316,445718,1
46928,6019,445703,1
46938,3708,445712,1
46938,10554,445712,1
46938,10878,445712,1
46942,310,445700,1
46942,722,445700,1
46942,2809,445700,1
46942,3273,445700,1
46942,3728,445700,1
46942,4639,445700,1
46942,5858,445700,1
46942,7132,445700,1
46942,8791,445700,1
46942,9138,445700,1
46942,9262,445700,1
46942,10195,445700,1
46942,10813,445700,1
46956,7013,445705,1
46959,154,445694,1
46972,4762,445700,1
46972,5324,445700,1
46972,6514,445700,1
46972,8566,445700,1
46978,4416,445699,1
47002,2911,445696,1
47002,3401,445696,1
47002,8062,445696,1
47019,9138,445759,1
47025,3342,445697,1
47025,4762,445697,1
47025,5197,445697,1
47030,8016,445696,1
47030,8319,445696,1
47036,4639,445735,1
47036,9138,445735,1
47036,9262,445735,1
47047,800,445741,1
47050,606,445713,1
47052,8220,445741,1
47081,4005,445709,1
47088,1537,445690,1
47088,4639,445690,1
47088,7569,445690,1
47088,8791,445690,1
47089,405,445759,1
47089,5950,445759,1
47089,7473,445759,1
47089,10322,445759,1
47091,2178,445707,1
47097,9262,445695,1
47097,10236,445699,1
47099,7543,445702,1
47103,3634,445710,1
47103,7365,445710,1
47124,10149,445715,1
47138,635,445697,1
47183,4325,445694,1
47188,405,445698,1
47213,22,445704,1
47223,11117,445707,1
47229,10783,445736,1
47238,11386,445706,1
47283,11386,445715,1
47310,8861,445704,1
47326,10743,445742,1
47330,154,445700,1
47340,2202,445697,1
47362,154,445693,1
47362,3274,445693,1
47399,1261,445717,3
47399,1396,445717,3
47399,1583,445717,3
47399,4680,445717,3
47399,4762,445717,3
47399,5197,445717,3
47399,6122,445717,3
47399,8276,445717,3
47401,8062,445714,1
47411,6458,445695,1
47412,4002,445701,1
47412,4639,445701,1
47417,286,445734,1
47423,940,445706,1
47423,1091,445706,1
47423,6427,445706,1
47423,6516,445691,1
47423,6752,445706,1
47423,7094,445691,1
47423,7094,445706,1
47423,8596,445691,1
47423,10100,445691,1
47423,11181,445706,1
47430,10227,445711,1
47431,4639,445705,1
47431,10120,445705,1
47440,1731,445699,1
47442,5162,445710,1
47449,154,445698,1
47449,2809,445698,1
47484,154,445694,1
47484,4480,445694,1
47502,9326,445702,1
47505,154,445759,1
47524,8799,445704,1
47532,1373,445697,1
47548,8220,445696,1
47550,4007,445715,1
47553,102,445759,1
47553,4762,445759,1
47553,9568,445759,1
47556,588,445696,1
47567,1374,445713,1
47577,3638,445692,1
47577,4145,445692,1
47582,2991,445761,1
47582,10419,445761,1
47584,1649,445714,1
47585,3750,445760,1
47585,3820,445760,1
47585,5094,445760,1
47585,5513,445760,1
47585,9083,445760,1
47585,10248,445760,1
47605,154,445692,1
47605,1569,445692,1
47615,8062,445713,1
47622,713,445691,1
47622,4171,445691,1
47635,5226,445718,1
47635,10120,445718,1
47659,10120,445703,1
47667,7573,445700,1
47683,4434,445706,1
47687,3956,445714,1
47687,4002,445714,1
47687,7658,445714,1
47688,6938,445703,1
47689,4639,445690,1
47693,124,445759,1
47698,2746,445734,1
47698,10120,445734,1
47702,1396,445761,1
47702,2302,445761,1
47702,3076,445761,1
47702,6784,445694,1
47702,6784,445760,1
47702,6784,445761,1
47702,7132,445694,1
47702,7132,445760,2
47702,7132,445761,2
47702,10527,445761,1
47707,154,445692,1
47707,2161,445692,1
47707,7387,445692,1
47707,8973,445692,1
47713,617,445734,1
47713,1515,445734,1
47715,1595,445717,1
47715,3559,445717,1
47715,3728,445717,1
47715,7013,445717,1
47715,8195,445717,1
47715,8220,445717,1
47717,127,445711,1
47732,2716,445712,1
47732,3604,445712,1
47732,5471,445712,1
47732,7126,445712,1
47732,10852,445712,1
47737,1837,445715,1
47737,9262,445715,1
47758,2266,445711,1
47758,5465,445711,1
47758,6106,445711,1
47763,8712,445705,1
47773,3815,445759,1
47773,5094,445759,1
47781,285,445714,1
47781,2263,445714,1
47801,2223,445713,1
47801,6019,445713,1
47801,7345,445713,1
47801,9262,445713,1
47821,8791,445702,1
47826,4943,445741,1
47831,2302,445714,1
47831,6076,445714,1
47831,10688,445714,1
47831,10952,445714,1
47834,343,445691,1
47834,8062,445691,1
47836,4639,445691,1
47839,3403,445708,1
47852,10743,445742,1
47853,9262,445701,1
47880,5480,445703,1
47890,154,445712,1
47890,1164,445712,1
47890,2509,445712,1
47890,8109,445712,1
47890,10120,445712,1
47905,3401,445693,1
47905,10527,445691,1
47925,154,445736,1
47925,11386,445736,1
47929,154,445705,1
47929,1649,445705,1
47929,2809,445705,1
47929,3728,445705,1
47929,5858,445705,1
47929,10120,445705,1
47934,154,445736,1
47934,4755,445736,1
47934,9262,445736,1
47934,9271,445736,1
47934,10072,445736,1
47978,1194,445758,1
48009,154,445708,1
48009,629,445708,1
48010,154,445692,1
48012,9560,445700,1
48021,6713,445760,1
48033,154,445735,1
48033,328,445735,1
48033,1630,445735,1
48033,1649,445735,1
48033,3401,445735,1
48033,8818,445735,1
48033,10120,445735,1
48035,722,445718,1
48041,4639,445717,1
48053,10139,445761,1
48074,154,445705,1
48074,154,445709,1
48074,543,445705,1
48074,6001,445705,1
48081,6938,445698,1
48089,6784,445714,1
48102,1649,445759,1
48112,7200,445692,1
48112,8723,445698,2
48112,9262,445698,2
48112,10062,445698,2
48112,10122,445698,2
48123,3643,445736,1
48123,5836,445736,1
48123,8062,445736,1
48123,9266,445736,1
48123,11386,445736,1
48134,1649,445734,1
48134,5089,445734,1
48134,11037,445734,1
48135,1900,445760,1
48135,3434,445760,1
48135,4007,445760,1
48135,4168,445760,1
48135,10936,445760,1
48136,722,445714,1
48136,3728,445714,1
48136,9680,445714,1
48150,3401,445718,1
48150,3728,445718,1
48150,5226,445718,1
48150,8063,445718,1
48150,9262,445718,1
48150,10120,445718,1
48150,11277,445718,1
48158,3119,445703,1
48158,7922,445703,1
48169,2827,445736,1
48169,10743,445736,1
48188,6818,445703,1
48199,1962,445742,1
48199,5513,445742,1
48212,5420,445706,1
48226,3401,445701,1
48226,4639,445701,2
48226,8016,445701,1
48226,11386,445701,1
48234,7432,445758,1
48235,8991,445690,1
48243,154,445698,1
48243,5223,445698,1
48255,3638,445760,1
48256,154,445694,1
48256,2564,445694,1
48256,7569,445694,1
48256,7956,445694,1
48256,8062,445694,1
48256,9262,445694,1
48257,4919,445710,1
48257,6019,445710,1
48257,6235,445710,1
48259,9262,445711,1
48272,6260,445708,1
48285,3401,445713,1
48285,9262,445713,1
48285,10173,445713,1
48319,1680,445705,1
48319,10035,445705,1
48328,6514,445704,1
48333,1880,445760,1
48333,9262,445760,1
48337,4308,445718,1
48343,3020,445758,1
48346,2809,445717,1
48346,4639,445717,1
48346,7013,445717,1
48372,10120,445704,1
48372,10163,445704,1
48394,11112,445705,1
48407,8518,445701,1
48409,154,445759,1
48409,7473,445759,1
48421,154,445734,1
48421,8062,445734,1
48440,154,445709,1
48442,2944,445712,1
48460,8062,445693,1
48466,2509,445711,1
48501,8203,445714,1
48504,7210,445758,1
48539,1316,445712,1
48539,9262,445712,1
48548,1649,445713,1
48548,3728,445713,1
48548,7013,445713,1
48562,6845,445759,1
48562,10114,445759,1
48564,2809,445701,1
48570,405,445718,1
48584,154,445699,1
48584,2302,445699,1
48584,9262,445699,1
48595,4207,445699,1
48604,908,445713,1
48604,1164,445713,1
48604,1316,445714,1
48604,1396,445713,1
48604,6784,445713,1
48604,6784,445714,1
48604,7889,445713,1
48604,8686,445713,1
48604,8686,445714,1
48604,9138,445713,1
48607,1316,445700,1
48607,9138,445700,1
48609,8350,445704,1
48615,8016,445698,1
48617,962,445718,1
48617,1330,445718,1
48617,6235,445718,1
48617,6784,445718,1
48617,7132,445718,1
48617,7189,445718,1
48628,829,445694,1
48628,1953,445694,1
48628,6784,445694,1
48634,4681,445699,1
48634,4706,445699,1
48634,8062,445699,1
48634,8904,445713,1
48637,540,445689,1
48637,4639,445690,1
48637,10020,445690,1
48658,722,445758,1
48658,4989,445758,1
48668,6434,445695,1
48671,154,445703,1
48671,856,445703,1
48671,3544,445703,1
48675,676,445712,1
48675,1316,445712,1
48675,1513,445712,1
48675,2509,445712,1
48675,3076,445712,1
48675,3728,445712,1
48675,5465,445712,1
48675,6106,445712,1
48675,6460,445712,1
48675,6535,445712,1
48675,7013,445712,1
48675,8016,445712,1
48675,9138,445712,1
48675,9262,445712,1
48675,10120,445712,1
48685,722,445704,1
48714,2884,445703,1
48714,7957,445703,1
48714,8016,445703,1
48728,5845,445699,1
48738,1847,445709,1
48738,2548,445709,1
48738,9276,445709,1
48738,10914,445709,1
48748,4639,445712,1
48754,9286,445758,1
48754,10012,445758,1
48760,10858,445758,1
48786,485,445741,1
48786,2302,445741,1
48786,4813,445741,1
48786,10597,445741,1
48786,11011,445741,1
48789,4322,445717,1
48789,4353,445717,1
48789,6291,445717,1
48789,6536,445717,1
48789,6645,445717,1
48798,1142,445694,1
48798,4898,445694,1
48798,5358,445694,1
48800,4853,445692,1
48810,3871,445712,1
48810,6784,445712,1
48810,6784,445735,1
48810,6995,445712,1
48810,7132,445712,1
48810,7337,445735,1
48836,751,445714,1
48861,4762,445759,1
48862,154,445694,1
48862,8053,445694,1
48869,2072,445761,1
48869,7166,445761,1
48869,9127,445761,1
48876,154,445695,1
48876,722,445695,1
48876,6488,445695,1
48876,7938,445695,1
48876,8666,445695,1
48876,9138,445695,1
48876,9262,445695,1
48899,2064,445716,1
48899,4344,445716,1
48902,9152,445699,1
48910,4639,445689,1
48910,8062,445689,1
48932,154,445692,1
48932,2473,445692,1
48932,3401,445692,1
48932,4813,445692,1
48932,9262,445692,1
48934,3519,445689,1
48934,7795,445689,1
48934,10266,445689,1
48937,5176,445742,1
48937,6477,445742,1
48937,9256,445742,1
48941,1046,445715,1
48941,6514,445715,1
48941,8016,445715,1
48941,11386,445715,1
48955,9232,445694,1
48975,154,445759,1
48981,4466,445760,1
48998,1316,445710,1
48998,2509,445710,1
48998,3295,445710,1
48998,4534,445710,1
48998,9138,445710,1
49000,3401,445761,1
49000,9262,445761,1
49008,3401,445694,1
49014,6458,445705,1
49017,154,445693,1
49025,4639,445707,1
49025,7167,445707,1
49073,9579,445718,1
49097,3638,445702,1
49097,8016,445702,1
49097,8062,445702,1
49097,9262,445702,1
49097,10096,445702,1
49123,6845,445760,1
49125,6252,445713,1
49127,9262,445735,1
49127,10120,445735,1
49138,1585,445692,1
49143,895,445689,1
49143,4422,445689,1
49143,7595,445689,1
49143,8783,445689,1
49143,9083,445689,1
49152,2865,445761,1
49159,3856,445761,1
49159,4762,445761,2
49159,5197,445761,1
49159,8220,445761,1
49162,5011,445759,1
49176,4157,445707,1
49176,5465,445707,1
49180,1683,445761,1
49180,3401,445761,1
49180,4480,445761,1
49180,4989,445761,1
49180,6488,445761,1
49194,8016,445700,1
49198,1316,445713,1
49198,5465,445713,1
49199,3863,445736,1
49201,154,445716,1
49210,102,445694,1
49210,102,445695,1
49210,4207,445694,1
49210,4207,445695,1
49222,4639,445690,1
49261,3188,445698,1
49269,1316,445711,2
49269,3728,445711,1
49269,4639,445711,1
49269,5465,445711,1
49269,6235,445711,1
49269,7284,445711,1
49269,10120,445711,1
49274,1164,445759,1
49274,3815,445759,1
49274,5094,445759,1
49274,6784,445759,1
49274,7063,445759,1
49274,8062,445759,1
49275,4220,445698,1
49275,4639,445698,1
49275,5445,445698,1
49275,8588,445698,1
49275,8681,445698,1
49275,9262,445698,1
49279,4208,445760,1
49303,9299,445713,1
49321,3940,445702,1
49321,9579,445702,1
49334,10964,445761,1
49342,3638,445714,1
49342,10527,445714,1
49346,6458,445718,1
49352,6476,445702,1
49352,9262,445702,1
49361,3820,445692,1
49361,3820,445696,1
49361,3901,445714,1
49361,4762,445692,1
49361,4762,445696,1
49361,4762,445714,1
49361,5412,445714,1
49361,11196,445692,1
49361,11196,445696,1
49370,589,445691,1
49370,3401,445691,1
49370,9262,445691,1
49370,10454,445691,1
49370,10764,445691,1
49395,154,445758,1
49395,154,445759,1
49395,635,445758,1
49395,984,445758,1
49395,8220,445758,1
49395,9262,445758,1
49431,4782,445706,1
49432,154,445760,1
49435,3633,445760,1
49435,8220,445760,1
49455,3188,445717,1
49455,8220,445717,1
49469,5853,445689,1
49469,6784,445689,1
49469,7132,445689,1
49469,9138,445689,1
49479,405,445692,1
49479,6784,445692,1
49479,10176,445692,1
49487,2173,445711,1
49489,803,445707,1
49491,3118,445705,1
49491,4230,445705,1
49491,5274,445705,1
49491,8324,445705,1
49502,1192,445715,1
49502,2096,445715,1
49502,4318,445715,1
49502,5142,445715,1
49502,8902,445715,1
49502,9479,445715,1
49502,10012,445715,1
49502,10743,445715,1
49527,1235,445718,1
49527,1595,445718,1
49527,2716,445702,1
49527,8220,445702,1
49527,8588,445718,1
49527,10505,445702,1
49527,10883,445702,1
49529,1316,445710,1
49529,6235,445710,1
49529,6784,445710,1
49529,9262,445710,1
49536,4639,445690,1
49536,7569,445690,1
49536,8791,445690,1
49537,447,445690,1
49537,2981,445690,1
49537,3638,445690,1
49537,3815,445690,1
49537,5087,445690,1
49537,8062,445690,1
49537,9138,445690,1
49589,266,445708,1
49589,405,445708,1
49589,1190,445708,1
49589,2809,445708,1
49589,4989,445708,1
49589,5104,445708,1
49589,5474,445708,1
49589,7220,445708,1
49589,7548,445708,1
49589,8016,445708,1
49589,11011,445708,1
49589,11233,445708,1
49614,2840,445711,1
49617,221,445689,1
49617,3734,445689,1
49617,3871,445689,1
49617,8062,445689,1
49618,4762,445694,1
49647,182,445692,1
49659,1649,445742,1
49659,8220,445742,1
49659,9262,445742,1
49660,154,445690,1
49660,8016,445690,1
49660,8791,445690,1
49664,1164,445761,1
49664,3815,445761,1
49664,3955,445761,1
49664,7956,445761,1
49664,8062,445761,1
49680,6090,445707,1
49684,4989,445741,1
49684,10934,445741,1
49686,154,445701,1
49720,2809,445710,1
49720,8062,445710,1
49720,10120,445710,1
49724,4639,445709,1
49728,1459,445708,1
49731,4813,445761,1
49731,5011,445761,1
49737,722,445703,1
49737,4639,445703,1
49737,8016,445703,1
49737,10120,445703,1
49744,2809,445694,1
49746,6367,445707,1
49746,7754,445707,1
49746,10940,445707,1
49747,1649,445734,1
49751,3401,445705,1
49772,2322,445702,1
49819,154,445759,1
49819,1640,445759,1
49819,1649,445759,1
49819,4344,445759,1
49819,4639,445759,1
49819,5011,445759,1
49819,7569,445759,1
49819,11386,445759,1
49820,2139,445758,1
49820,6845,445758,1
49833,10176,445761,1
49849,2695,445700,1
49856,154,445694,1
49878,606,445703,1
49878,9514,445703,1
49878,11011,445703,1
49883,237,445758,1
49883,8717,445758,1
49883,9262,445758,1
49909,154,445698,2
49909,154,445708,1
49909,1316,445698,1
49909,1316,445708,1
49909,2064,445698,1
49909,3728,445708,1
49909,4344,445708,1
49909,4639,445698,1
49909,4639,445708,1
49909,5465,445708,1
49909,5474,445698,1
49909,7013,445708,1
49909,7569,445698,1
49909,8016,445708,1
49909,8062,445698,1
49909,8712,445698,1
49909,8791,445698,1
49909,10248,445708,1
49919,10120,445707,1
49925,517,445717,1
49925,5838,445717,1
49925,10377,445717,1
49931,4269,445696,1
49931,6082,445696,1
49931,8337,445696,1
49950,154,445699,1
49950,8978,445699,1
49956,4639,445702,1
49959,154,445735,1
49959,809,445735,1
49959,1316,445707,1
49959,1316,445713,1
49959,1396,445707,1
49959,5465,445735,1
49959,6784,445707,1
49959,6784,445735,1
49959,7132,445707,1
49959,8062,445735,1
49959,8600,445713,1
49959,8691,445707,1
49959,10972,445713,1
49969,3728,445701,1
49978,154,445695,1
49978,3871,445695,1
49978,4705,445695,1
49978,7569,445695,1
49979,4761,445706,1
49979,8062,445706,1
49979,8289,445706,1
49985,154,445708,1
49985,893,445708,1
49985,6810,445708,1
49985,10195,445708,1
49987,1725,445718,1
49992,154,445758,1
49992,5011,445758,1
49997,10120,445707,1
50017,9083,445760,1
50053,1832,445759,1
50060,9262,445759,1
50085,7398,445709,1
50111,2509,445714,1
50119,7018,445701,1
50124,154,445717,1
50124,5474,445717,1
50124,10120,445717,1
50136,722,445692,1
50155,3759,445741,1
50155,7101,445741,1
50157,6019,445713,1
50161,3401,445695,1
50161,4639,445695,1
50161,9262,445695,1
50165,1302,445701,1
50165,4834,445701,1
50165,10120,445701,1
50177,5141,445761,1
50182,8306,445702,1
50187,8963,445761,1
50192,1976,445695,1
50192,2149,445695,1
50198,3734,445717,1
50198,7569,445717,1
50198,8754,445717,1
50198,10692,445717,1
50214,10120,445718,1
50223,8016,445699,1
50225,2723,445702,1
50225,4639,445702,1
50230,5465,445710,1
50230,9262,445710,1
50230,10999,445710,1
50239,9326,445715,1
50239,10120,445715,1
50243,154,445700,1
50243,5858,445700,1
50243,6019,445700,1
50243,9262,445700,1
50243,9745,445700,1
50243,11203,445700,1
50244,5346,445718,1
50248,3728,445699,1
50251,154,445692,1
50251,2809,445692,1
50264,8062,445716,1
50270,4639,445761,1
50270,5011,445761,1
50286,3401,445761,1
50286,8655,445761,1
50286,9262,445761,1
50289,5343,445703,1
50299,827,445697,1
50303,154,445712,1
50308,4762,445692,1
50308,4762,445712,1
50308,8016,445712,1
50316,8681,445689,1
50316,10692,445689,1
50316,11386,445689,1
50327,7754,445713,1
50329,4639,445696,1
50329,8062,445696,1
50329,8791,445696,1
50329,9138,445696,1
50338,960,445699,1
50350,7283,445694,1
50362,8210,445761,1
50362,9262,445761,1
50366,2096,445716,1
50366,9119,445716,1
50367,2,445704,1
50372,154,445689,1
50372,3401,445689,1
50372,9262,445689,1
50394,683,445700,1
50394,2928,445700,1
50394,6372,445700,1
50394,6525,445700,1
50394,9051,445700,1
50394,11167,445700,1
50396,4639,445690,1
50398,102,445700,2
50398,154,445700,2
50398,1962,445700,2
50398,3890,445700,2
50398,7956,445700,2
50398,9262,445700,2
50424,5196,445711,1
50424,9167,445711,1
50452,2583,445759,1
50514,221,445706,1
50514,6784,445706,1
50514,8062,445706,1
50542,4023,445698,4
50542,9262,445698,1
50545,1316,445710,1
50550,2809,445695,1
50556,2865,445711,1
50564,622,445700,1
50564,1039,445700,1
50564,6558,445700,1
50564,10527,445700,1
50574,5950,445714,1
50574,9138,445714,1
50576,8062,445696,1
50576,8712,445696,1
50586,154,445700,1
50588,1316,445760,1
50588,5529,445760,1
50613,239,445736,1
50613,3463,445736,1
50616,3401,445712,1
50616,3638,445712,1
50616,9262,445712,1
50631,1649,445712,1
50631,2509,445712,1
50631,4422,445712,1
50631,7013,445712,1
50631,8220,445712,1
50631,9830,445712,1
50642,9318,445708,1
50643,10120,445706,1
50645,4207,445715,1
50645,5728,445715,1
50645,6679,445715,1
50645,9262,445715,1
50645,10890,445715,1
50650,3347,445690,1
50656,154,445696,1
50657,989,445708,1
50657,7850,445708,1
50657,9103,445708,1
50657,11169,445708,1
50663,11133,445701,1
50696,722,445701,1
50696,5821,445701,1
50717,405,445696,1
50717,1164,445696,1
50717,2548,445696,1
50717,6514,445696,1
50717,6784,445696,1
50717,6810,445696,1
50717,9103,445696,1
50724,9262,445696,1
50729,2147,445696,1
50729,10529,445696,1
50741,154,445715,1
50744,5681,445701,1
50750,4639,445689,1
50750,11386,445689,1
50752,4245,445695,1
50759,154,445703,1
50770,1325,445716,1
50770,7527,445716,1
50783,8211,445759,1
50792,2809,445701,1
50794,3401,445689,1
50794,8062,445689,1
50794,9262,445689,1
50795,708,445704,1
50795,6254,445704,1
50804,9083,445711,1
50804,9490,445711,1
50804,10390,445711,1
50819,1316,445710,1
50825,8016,445702,1
50825,8062,445702,1
50825,8332,445702,1
50840,1649,445709,1
50840,3728,445709,1
50840,4191,445709,1
50840,5074,445709,1
50840,5465,445709,1
50840,7013,445709,1
50840,8062,445709,1
50840,9262,445709,1
50840,10432,445709,1
50840,11088,445709,1
50843,2827,445696,1
50857,1311,445703,1
50877,154,445691,1
50877,185,445691,1
50877,3401,445691,1
50877,9262,445691,1
50877,10035,445691,1
50884,1396,445698,1
50884,2309,445698,1
50884,4639,445698,1
50891,124,445735,1
50891,1164,445735,1
50891,2548,445735,1
50891,6784,445735,1
50891,6810,445735,1
50904,6350,445701,1
50955,4344,445692,1
50955,4639,445692,1
50955,6938,445692,1
50955,8016,445692,1
50955,9262,445692,1
50957,154,445742,1
50957,5588,445742,1
50957,8681,445742,1
50958,2545,445698,1
50963,2399,445741,1
50963,4639,445741,1
50967,2690,445742,1
50987,8016,445704,1
51009,4639,445699,1
51015,1341,445701,1
51026,154,445701,1
51034,8220,445760,1
51039,4939,445690,1
51050,154,445693,1
51075,922,445717,1
51075,2363,445717,1
51075,4466,445717,1
51089,154,445716,1
51089,6784,445716,1
51089,9941,445716,1
51107,722,445690,1
51107,4639,445690,1
51107,8016,445690,1
51107,8791,445690,1
51110,9930,445717,1
51136,5858,445707,1
51136,6514,445707,1
51136,6938,445707,1
51137,11269,445712,1
51139,8062,445758,1
51139,8276,445758,1
51175,1720,445706,1
51177,7816,445717,1
51180,8195,445695,1
51191,2809,445700,1
51237,9262,445692,1
51237,10333,445692,1
51255,10369,445689,1
51262,9784,445692,1
51266,3871,445700,1
51266,4171,445700,1
51266,5167,445700,1
51266,6784,445700,1
51266,7132,445700,1
51266,7428,445700,1
51266,8016,445700,1
51266,8258,445700,1
51266,8424,445700,1
51266,9083,445700,1
51266,9103,445700,1
51266,9318,445700,1
51266,9579,445700,1
51266,10529,445700,1
51266,11386,445700,1
51269,154,445691,1
51269,1537,445691,1
51269,4639,445691,1
51269,8791,445691,1
51277,154,445694,1
51277,1164,445694,1
51277,4639,445694,1
51277,6784,445694,1
51277,7132,445694,1
51277,8062,445694,1
51277,8791,445694,1
51277,9138,445694,1
51286,10120,445706,1
51295,1645,445711,1
51307,7328,445718,1
51309,3653,445691,1
51314,2974,445698,1
51314,4762,445698,1
51314,7659,445698,1
51330,3815,445761,1
51331,7270,445694,1
51331,8062,445694,1
51339,8784,445697,1
51345,7518,445735,1
51345,9262,445735,1
51357,1648,445761,1
51361,1494,445709,1
51363,924,445704,1
51366,4639,445697,1
51369,185,445718,1
51369,2809,445718,1
51369,5858,445718,1
51369,6938,445718,1
51369,10195,445718,1
51393,3728,445698,1
51393,9138,445698,1
51405,10411,445718,1
51412,8566,445699,1
51412,9138,445699,1
51415,154,445696,1
51415,4639,445696,1
51415,4762,445696,1
51419,4639,445715,1
51424,2809,445717,1
51427,8772,445735,1
51438,5858,445689,1
51438,8791,445689,1
51441,665,445742,1
51441,10395,445742,1
51442,4646,445736,1
51461,485,445742,1
51461,7857,445742,1
51479,8904,445736,1
51528,10053,445761,1
51529,6488,445701,1
51531,154,445690,1
51531,4755,445690,1
51531,9262,445690,1
51535,11386,445709,1
51552,2662,445698,1
51552,11386,445698,1
51556,124,445706,1
51579,8266,445706,1
51583,154,445698,1
51583,722,445698,1
51583,1537,445698,1
51583,4639,445698,1
51583,4762,445698,1
51583,8791,445698,1
51586,8109,445718,1
51594,6336,445710,1
51606,722,445698,1
51614,6458,445703,1
51617,1714,445761,1
51617,3917,445761,1
51617,9335,445761,1
51617,9387,445761,1
51617,9600,445761,1
51623,8062,445707,1
51631,722,445758,1
51631,4023,445758,1
51631,4480,445758,1
51631,6514,445758,1
51631,8906,445758,1
51631,9326,445758,1
51658,4762,445700,1
51669,4639,445701,1
51673,9244,445715,1
51675,777,445705,1
51686,4639,445698,1
51690,7688,445690,1
51698,151,445698,1
51698,3401,445698,1
51698,5645,445698,2
51698,7509,445698,1
51698,9262,445698,1
51739,1094,445715,1
51739,2809,445715,3
51739,5858,445715,1
51760,1396,445708,1
51765,10426,445710,1
51773,5883,445696,1
51775,6421,445718,1
51775,8160,445718,1
51775,8704,445718,1
51775,9652,445718,1
51775,9936,445718,1
51782,405,445717,1
51782,2628,445717,1
51782,3295,445717,1
51787,3728,445706,1
51787,7013,445706,1
51787,7834,445706,1
51787,8014,445706,1
51796,154,445689,1
51800,310,445705,1
51800,2445,445705,1
51800,6444,445705,1
51800,7132,445705,1
51800,9262,445705,1
51800,9307,445705,1
51805,154,445758,1
51805,9262,445758,1
51823,1916,445736,1
51823,9262,445736,1
51823,10461,445736,1
51827,3188,445718,3
51827,7398,445718,3
51828,154,445693,1
51828,1394,445693,1
51828,10529,445693,1
51838,124,445742,1
51838,1649,445742,1
51838,1649,445760,1
51838,3815,445760,1
51838,8062,445742,1
51838,9318,445742,1
51838,10120,445709,1
51838,10120,445742,1
51858,2503,445717,1
51858,6235,445717,1
51858,10661,445717,1
51866,154,445694,1
51867,8016,445706,1
51869,154,445693,1
51881,154,445690,1
51883,8016,445712,1
51891,4639,445698,1
51908,1142,445718,1
51908,10120,445718,1
51917,7922,445694,1
51917,8946,445694,1
51917,10001,445694,1
51919,4706,445760,1
51919,7132,445760,1
51919,9262,445760,1
51919,11052,445760,1
51943,8220,445759,1
51947,4308,445704,1
51947,5129,445704,1
51949,6488,445711,1
51952,8062,445760,1
51952,8220,445760,1
51964,1128,445761,1
51964,2809,445761,1
51964,4156,445761,1
51964,6514,445716,1
51964,6514,445761,1
51964,8566,445761,1
51964,10675,445761,1
51991,154,445708,1
51991,10605,445708,1
52001,8062,445709,1
52006,4019,445710,1
52011,1649,445736,1
52017,1094,445710,1
52019,6742,445718,1
52019,9286,445718,1
52025,127,445718,1
52025,1045,445718,1
52025,2138,445718,1
52025,3082,445718,1
52025,4984,445718,1
52025,5492,445718,1
52025,6717,445718,1
52025,6971,445718,1
52025,7921,445718,1
52043,10369,445689,1
52057,675,445712,1
52057,722,445712,1
52057,3401,445712,1
52057,4639,445712,1
52057,7813,445712,1
52057,8085,445712,1
52057,9262,445712,1
52057,10529,445712,1
52062,9097,445708,1
52062,9262,445708,1
52062,9262,445718,1
52062,10043,445718,1
52066,3076,445718,1
52100,9113,445698,1
52102,3219,445709,1
52102,7196,445709,1
52102,9536,445709,1
52102,11170,445709,1
52104,10120,445703,1
52113,8062,445696,1
52113,9138,445696,1
52113,10248,445696,1
52122,3443,445713,1
52122,4345,445713,1
52122,8566,445713,1
52134,5507,445760,1
52140,154,445692,1
52153,405,445758,1
52171,4338,445716,1
52171,9035,445716,1
52201,8016,445695,1
52213,5065,445714,1
52213,8494,445714,1
52215,154,445691,1
52249,4558,445705,1
52256,154,445713,1
52256,11277,445713,1
52262,8717,445699,1
52263,154,445704,1
52263,4639,445697,1
52272,1198,445760,1
52272,11099,445760,1
52272,11266,445760,1
52275,7255,445736,1
52275,7417,445736,1
52275,8343,445736,1
52275,10035,445736,1
52275,10366,445736,1
52283,6895,445699,1
52289,4853,445718,1
52317,929,445692,1
52317,4385,445692,1
52317,4717,445692,1
52317,6000,445692,1
52317,6938,445692,1
52319,764,445692,1
52319,2447,445692,1
52319,2451,445692,1
52319,3333,445692,1
52319,3401,445692,1
52319,4639,445692,1
52319,4762,445692,1
52319,5761,445692,1
52319,7352,445692,1
52319,8062,445692,1
52327,5562,445742,1
52327,9083,445742,1
52349,7379,445713,1
52360,1655,445734,1
52360,5451,445734,1
52361,7849,445701,1
52402,1040,445705,1
52437,8791,445690,1
52438,4989,445702,1
52438,6742,445702,1
52438,7781,445702,1
52438,10584,445702,1
52439,4639,445692,1
52439,8791,445692,1
52450,2809,445704,1
52450,2956,445704,1
52450,11206,445704,1
52453,8062,445692,1
52456,10020,445705,1
52457,722,445707,1
52457,1142,445707,1
52457,4171,445707,1
52457,6488,445707,1
52457,7085,445707,1
52457,9262,445707,1
52475,293,445761,1
52475,3024,445761,1
52475,4429,445761,1
52475,4762,445761,1
52475,9589,445761,1
52483,9286,445709,1
52489,722,445701,1
52489,722,445702,1
52489,4639,445701,1
52489,4639,445702,1
52489,9262,445701,1
52489,9262,445702,1
52490,4476,445735,1
52502,2148,445734,1
52517,10426,445690,1
52523,10248,445704,1
52582,8062,445718,1
52593,154,445691,1
52593,4639,445698,1
52593,9138,445691,1
52593,9138,445698,1
52604,4639,445736,1
52604,8791,445736,1
52604,9262,445736,1
52604,11386,445736,1
52609,4639,445690,1
52611,2302,445700,1
52617,3020,445712,1
52626,11405,445713,1
52641,575,445742,1
52641,1073,445742,1
52641,9240,445742,1
52641,9944,445742,1
52647,1880,445700,1
52647,6367,445700,1
52647,6784,445700,1
52647,7132,445700,1
52647,9138,445700,1
52647,10788,445700,1
52661,9262,445703,1
52672,3638,445702,1
52673,7316,445704,1
52673,7316,445705,1
52678,154,445717,1
52678,1316,445717,1
52678,3728,445717,1
52682,7922,445712,1
52685,5465,445714,1
52685,8062,445714,1
52686,154,445705,1
52687,154,445713,1
52687,722,445713,1
52687,3401,445713,1
52687,9262,445713,1
52688,2138,445713,1
52688,4014,445713,1
52688,4531,445713,1
52688,4762,445713,1
52688,10248,445713,1
52698,6036,445735,1
52698,8062,445735,1
52708,9496,445759,1
52723,3527,445701,1
52748,6784,445735,1
52755,9262,445692,1
52762,8016,445702,1
52779,10120,445716,1
52787,340,445700,1
52787,7569,445700,1
52787,9262,445700,1
52803,722,445711,1
52803,1316,445711,1
52803,3401,445711,1
52803,3728,445711,1
52803,4344,445711,1
52803,4639,445711,1
52803,4813,445711,1
52803,5465,445711,1
52803,7569,445711,1
52803,8016,445711,1
52803,11386,445711,1
52812,3504,445761,1
52818,1649,445759,1
52818,2890,445759,1
52818,3456,445759,1
52818,6019,445759,1
52818,7283,445759,1
52818,9262,445759,1
52823,4639,445691,1
52823,6784,445691,1
52823,7569,445691,1
52823,8791,445691,1
52837,722,445693,1
52837,8016,445693,1
52837,9262,445693,1
52844,2816,445706,1
52844,6742,445706,1
52844,9262,445706,1
52844,10195,445706,1
52848,9262,445759,1
52851,2293,445693,1
52851,2871,445693,1
52851,5605,445693,1
52853,2335,445759,1
52853,7150,445759,1
52865,10390,445705,1
52868,4236,445710,1
52870,3394,445758,1
52873,8712,445703,1
52874,5400,445704,1
52876,5858,445707,1
52887,375,445710,1
52887,983,445711,1
52890,789,445716,1
52898,3076,445713,1
52916,10333,445712,1
52919,154,445711,1
52919,11109,445711,1
52936,8791,445692,1
52952,4639,445758,1
52952,10277,445758,1
52975,154,445689,1
52975,2994,445689,1
52975,5332,445689,1
52975,7569,445689,1
52975,8579,445689,1
52975,10402,445689,1
52988,2240,445760,1
52988,3047,445760,1
52988,5565,445760,1
52988,6077,445760,1
52988,8304,445760,1
52988,10762,445760,1
52993,4345,445696,1
52996,722,445705,1
52996,2096,445705,1
52996,4989,445705,1
53003,154,445690,1
53007,3401,445691,1
53007,9262,445691,1
53040,6630,445705,1
53044,722,445705,1
53045,6784,445693,1
53045,8062,445693,1
53056,5011,445758,1
53083,11386,445708,1
53087,5562,445690,1
53094,5532,445701,1
53097,6662,445699,1
53114,4639,445689,1
53127,6019,445759,1
53128,9262,445706,1
53129,7103,445759,1
53140,154,445694,1
53140,722,445694,1
53140,1421,445694,1
53140,2096,445694,1
53140,2809,445694,1
53140,4639,445694,1
53140,7569,445694,1
53140,8791,445694,1
53140,9138,445694,1
53140,9262,445694,1
53159,4639,445689,1
53159,4762,445689,1
53159,5197,445689,1
53169,958,445696,1
53175,1962,445735,1
53175,3890,445735,1
53175,6899,445735,1
53179,1164,445697,1
53194,154,445692,1
53194,3124,445692,1
53194,8791,445692,1
53195,3880,445712,1
53195,4679,445712,1
53195,7121,445712,1
53195,7398,445712,1
53195,7822,445712,1
53195,9062,445712,1
53203,7488,445698,1
53209,688,445716,1
53209,1649,445716,1
53209,6475,445716,1
53216,1411,445736,1
53216,3399,445736,1
53216,8062,445736,1
53229,4639,445700,1
53251,10491,445713,1
53254,4762,445714,1
53254,5197,445714,1
53262,5705,445700,1
53262,11386,445700,1
53265,154,445700,1
53265,154,445760,1
53269,2809,445715,1
53279,722,445735,1
53279,5011,445758,1
53279,6970,445735,1
53279,7569,445735,1
53279,7569,445758,1
53279,8681,445758,1
53279,9262,445758,1
53279,9536,445735,1
53279,10529,445758,1
53279,10761,445758,1
53284,154,445760,1
53284,999,445760,1
53284,1244,445760,1
53284,3593,445760,1
53284,10120,445760,1
53295,4639,445713,1
53307,566,445689,1
53307,7551,445689,1
53324,4639,445699,1
53324,5656,445699,1
53324,8681,445699,1
53327,2302,445708,1
53328,6784,445689,1
53328,7132,445689,1
53328,9138,445689,1
53329,3638,445698,1
53336,293,445694,1
53336,2598,445694,1
53336,9262,445694,1
53336,9709,445694,1
53336,10804,445694,1
53343,1880,445760,1
53360,632,445761,1
53360,3040,445761,1
53360,3127,445761,1
53360,6599,445761,1
53360,10278,445761,1
53363,5298,445758,1
53376,1202,445709,1
53376,1913,445709,1
53376,4938,445709,1
53376,5019,445709,1
53376,5382,445709,1
53376,5844,445709,1
53376,6248,445709,1
53376,6592,445709,1
53376,6668,445709,1
53376,10126,445709,1
53376,10151,445709,1
53376,11011,445709,1
53381,722,445706,1
53383,154,445698,1
53398,154,445735,1
53400,309,445759,1
53400,2148,445759,1
53413,7167,445736,1
53431,9138,445691,1
53431,11241,445691,1
53434,3638,445690,1
53435,722,445696,1
53435,2682,445696,1
53441,8062,445710,1
53461,9262,445700,1
53463,154,445712,1
53463,4153,445712,1
53468,7586,445694,1
53475,4639,445690,1
53476,1649,445761,1
53476,2096,445761,1
53476,5011,445761,1
53476,5094,445761,1
53476,11386,445761,1
53495,3638,445690,1
53495,8062,445690,1
53513,3401,445695,1
53513,5221,445695,1
53513,7948,445695,1
53513,8696,445695,1
53513,9262,445695,1
53513,11016,445695,1
53515,9262,445713,1
53516,154,445698,1
53546,9043,445736,1
53563,8063,445692,1
53567,2809,445714,1
53572,4202,445692,1
53572,4639,445692,1
53572,6391,445692,2
53578,1634,445758,1
53578,4755,445758,1
53578,9262,445758,1
53578,10529,445758,1
53584,161,445709,1
53590,154,445704,1
53590,8016,445704,1
53604,4639,445690,1
53604,8791,445690,1
53611,9179,445711,1
53649,9262,445702,1
53656,1316,445718,1
53660,4751,445712,1
53663,722,445697,1
53663,1316,445697,1
53663,3728,445697,1
53663,9262,445697,1
53670,2809,445735,1
53670,11386,445735,1
53672,9438,445691,1
53684,9262,445693,1
53689,154,445694,1
53689,4909,445694,1
53733,2161,445735,1
53739,1032,445716,1
53780,722,445735,1
53780,1164,445735,1
53780,9262,445735,1
53780,11386,445735,1
53781,722,445694,1
53781,6514,445694,1
53781,9262,445694,1
53802,2071,445699,1
53802,3910,445699,1
53802,6019,445699,1
53804,722,445703,1
53804,1649,445703,1
53804,7013,445703,1
53804,8016,445703,1
53804,9318,445703,1
53804,10529,445703,1
53820,7284,445689,1
53820,8062,445689,1
53826,3728,445708,1
53834,154,445700,1
53834,2422,445700,1
53834,9262,445700,2
53853,9446,445707,1
53877,1142,445714,1
53877,3188,445714,1
53877,3401,445714,1
53877,6703,445714,1
53877,7509,445714,1
53877,7922,445714,1
53877,8016,445714,1
53877,8679,445714,1
53877,9318,445714,1
53877,10529,445714,1
53877,10883,445714,1
53877,11386,445714,1
53885,2478,445761,1
53885,8062,445761,1
53890,26,445702,1
53890,1375,445702,1
53890,10353,445702,1
53898,4639,445706,1
53898,8016,445706,1
53899,3638,445691,1
53899,9262,445691,1
53909,1101,445758,1
53909,1190,445758,1
53909,1880,445758,1
53909,2096,445758,1
53909,4674,445758,1
53909,4813,445758,1
53909,4874,445758,1
53909,6405,445758,1
53909,7082,445758,1
53909,8465,445758,1
53909,8717,445758,1
53909,9035,445758,1
53909,9634,445758,1
53909,9677,445758,1
53909,10248,445758,1
53912,921,445715,1
53912,8566,445715,1
53912,9257,445715,1
53915,1070,445718,1
53915,1556,445699,1
53915,1556,445718,1
53915,4450,445718,1
53916,1164,445691,1
53916,1551,445691,1
53916,4361,445691,1
53929,4639,445711,1
53929,10120,445711,1
53944,433,445699,1
53944,4799,445699,1
53950,722,445692,1
53950,1227,445692,1
53950,1880,445692,1
53950,6418,445692,1
53950,7399,445692,1
53963,154,445758,1
53963,2096,445758,1
53963,3864,445758,1
53971,3032,445698,1
53971,6110,445698,1
53971,10726,445698,1
53971,11233,445698,1
54025,11386,445709,1
54027,154,445692,1
54027,1988,445692,1
54027,7058,445692,1
54027,9262,445692,1
54039,2354,445699,1
54044,9262,445698,1
54053,5048,445741,1
54053,5494,445741,1
54053,11314,445741,1
54053,11386,445741,1
54067,4639,445690,1
54080,4639,445703,1
54082,1164,445691,1
54082,2809,445691,1
54082,4639,445691,1
54082,6784,445691,1
54082,7132,445691,1
54082,8791,445691,1
54082,9138,445691,1
54095,722,445690,1
54101,1194,445715,1
54145,2809,445718,1
54145,5644,445718,1
54145,9138,445718,1
54151,154,445708,1
54151,6071,445708,1
54151,7132,445708,1
54151,7569,445708,1
54151,9246,445708,1
54165,3921,445700,1
54183,10120,445715,1
54184,771,445708,1
54184,9262,445708,1
54184,11167,445708,1
54209,3638,445700,1
54223,1537,445711,1
54223,4344,445711,1
54223,9138,445711,1
54223,10390,445711,1
54229,981,445713,1
54229,3860,445713,1
54229,7094,445713,1
54229,7398,445713,1
54229,9262,445713,1
54251,1595,445717,1
54251,1649,445760,1
54251,8566,445717,1
54253,4345,445759,1
54253,11071,445759,1
54274,1537,445694,1
54291,3401,445704,1
54291,7922,445704,1
54291,8016,445704,1
54302,6810,445711,1
54304,124,445736,1
54304,6784,445736,1
54317,154,445692,1
54317,3638,445692,1
54317,4639,445692,1
54317,6995,445692,1
54317,8062,445692,1
54317,8791,445692,1
54317,9138,445692,1
54320,154,445693,1
54320,8791,445693,1
54348,8016,445703,1
54360,2096,445711,1
54382,5681,445718,6
54389,154,445736,1
54401,9147,445716,1
54419,5197,445710,1
54419,9262,445710,1
54419,9262,445759,1
54427,6683,445710,1
54431,722,445690,1
54431,4674,445690,1
54434,154,445695,1
54453,7039,445693,1
54454,1257,445759,5
54454,2864,445759,5
54454,10567,445759,5
54497,6235,445694,1
54500,154,445700,1
54501,5433,445709,1
54501,10527,445710,1
54502,4639,445690,1
54502,5441,445690,1
54502,6260,445690,1
54502,7569,445690,1
54502,7862,445690,1
54502,8016,445690,1
54502,10978,445690,1
54514,5501,445707,1
54514,8062,445707,1
54519,3815,445760,1
54522,1609,445694,1
54546,5041,445710,1
54563,10527,445735,1
54578,127,445712,2
54578,1649,445712,2
54578,9262,445712,2
54591,4480,445690,1
54597,2809,445700,1
54622,1142,445718,1
54625,5474,445700,1
54647,3871,445712,1
54647,10343,445712,1
54651,722,445689,1
54651,3401,445689,1
54651,3638,445689,1
54651,8062,445689,1
54651,9138,445689,2
54656,9262,445734,1
54666,6235,445699,1
54666,6235,445709,1
54666,6235,445716,1
54666,10333,445699,1
54666,10333,445709,1
54666,10333,445716,1
54666,10393,445699,1
54666,10393,445709,1
54666,10393,445716,1
54667,5858,445735,1
54667,6938,445735,1
54667,8681,445735,1
54667,10120,445735,1
54690,154,445761,1
54690,1574,445761,1
54690,1664,445761,1
54690,3147,445761,1
54690,3321,445761,1
54690,3401,445761,1
54690,3677,445761,1
54690,5646,445761,1
54690,6093,445761,2
54690,6322,445761,1
54690,6767,445761,1
54690,6995,445761,1
54690,9138,445761,1
54690,10675,445761,1
54690,11145,445761,1
54690,11386,445761,1
54712,2166,445715,1
54717,4639,445701,1
54720,154,445692,1
54735,4639,445700,1
54737,10347,445705,1
54742,9318,445713,1
54748,5615,445695,1
54754,1839,445709,1
54754,8698,445709,1
54754,10548,445709,1
54762,4222,445706,1
54777,1649,445705,1
54777,8087,445705,1
54777,10594,445705,1
54780,3109,445736,1
54806,4345,445716,1
54806,7792,445716,1
54806,8712,445716,1
54806,9262,445716,1
54806,11386,445716,1
54807,3638,445693,1
54807,6514,445693,1
54807,6784,445693,1
54807,7132,445693,1
54810,2548,445703,1
54810,4639,445703,1
54810,8712,445703,1
54812,1219,445734,1
54832,3631,445700,1
54841,4639,445694,1
54850,10001,445707,1
54880,722,445690,1
54882,9262,445710,1
54882,9527,445710,1
54887,4811,445711,1
54887,4811,445713,1
54893,2567,445702,1
54901,9520,445758,1
54908,3041,445759,1
54920,10724,445716,1
54930,4247,445758,1
54935,1166,445703,1
54935,1166,445759,1
54935,4524,445735,1
54935,7303,445735,1
54935,8279,445703,1
54935,8279,445759,1
54935,10516,445703,1
54935,10516,445735,1
54935,10516,445759,1
54939,681,445696,1
54956,4762,445695,1
54964,10434,445711,1
54989,8062,445689,1
54993,4345,445699,1
55010,2723,445759,1
55017,824,445761,1
55021,740,445689,1
55021,4762,445689,1
55021,7132,445689,1
55021,8016,445689,1
55021,11386,445689,2
55022,3397,445703,1
55029,4639,445690,1
55029,6845,445760,1
55053,154,445742,1
55053,1115,445742,1
55053,1366,445742,1
55053,1649,445742,1
55053,4639,445742,1
55053,8220,445742,1
55053,10020,445742,1
55068,154,445736,1
55068,722,445736,1
55119,10634,445718,1
55121,405,445712,1
55133,2809,445711,1
55133,9138,445711,1
55145,10390,445707,1
55156,2823,445691,1
55156,2823,445694,1
55156,4166,445689,1
55156,4166,445691,1
55156,4166,445694,1
55156,4704,445689,1
55156,4704,445691,1
55156,4704,445694,1
55159,154,445692,2
55159,154,445694,1
55159,154,445717,1
55159,3401,445707,1
55159,5465,445707,1
55189,310,445697,1
55189,722,445697,1
55189,2847,445697,1
55189,7569,445697,1
55197,3522,445701,1
55203,1466,445713,1
55251,1316,445712,2
55251,6235,445712,1
55256,10182,445741,1
55256,11304,445741,2
55281,1177,445710,1
55286,8016,445690,1
55296,69,445710,1
55296,1204,445710,1
55296,2331,445710,1
55296,4974,445710,1
55296,5350,445710,1
55296,10991,445710,1
55319,2836,445741,1
55319,3811,445741,1
55319,4858,445741,1
55319,7466,445741,1
55319,10692,445741,1
55338,1094,445701,1
55339,4724,445758,1
55339,8017,445706,1
55339,9337,445758,1
55352,3536,445703,1
55352,7509,445703,1
55352,11386,445703,1
55358,11386,445735,1
55376,2809,445761,1
55376,3488,445761,1
55376,7428,445761,2
55376,7956,445761,1
55378,124,445742,1
55378,9490,445742,1
55383,8220,445699,1
55388,10120,445716,1
55398,6995,445696,1
55401,5858,445698,1
55415,966,445705,1
55432,154,445700,1
55432,6535,445700,1
55432,10120,445700,1
55438,4639,445696,1
55457,2096,445735,1
55457,2624,445761,1
55457,3725,445761,1
55457,9701,445761,1
55458,1655,445742,1
55483,2687,445761,1
55489,154,445736,1
55489,851,445736,1
55489,5465,445736,1
55489,8062,445736,1
55508,154,445706,1
55508,1965,445706,1
55508,3401,445706,1
55508,4762,445706,1
55517,5858,445706,1
55525,102,445716,1
55525,3408,445716,1
55525,5718,445716,1
55525,6178,445716,1
55525,6248,445716,1
55525,7409,445716,1
55525,8162,445716,1
55525,8330,445716,1
55525,10001,445716,1
55536,6683,445699,1
55546,405,445761,1
55546,2774,445761,1
55546,5036,445761,1
55546,6845,445761,1
55560,1325,445760,1
55560,3319,445760,1
55560,6081,445760,1
55560,10939,445760,1
55562,154,445760,1
55562,3401,445760,1
55562,4171,445760,1
55562,5011,445760,1
55562,9262,445760,1
55565,10120,445718,1
55587,2302,445691,1
55592,8791,445690,1
55592,9326,445690,1
55613,1633,445758,1
55624,6502,445717,1
55626,8952,445698,1
55645,4434,445709,1
55654,10848,445707,1
55658,9324,445759,1
55671,4123,445692,1
55671,7132,445698,1
55671,9262,445692,1
55673,9083,445710,1
55709,154,445693,1
55737,4593,445709,1
55737,5027,445709,1
55737,5056,445709,1
55737,6251,445709,1
55737,6427,445709,1
55737,8115,445709,1
55737,10885,445709,1
55741,4639,445700,1
55790,150,445707,1
55798,154,445692,1
55798,4639,445692,1
55799,2384,445702,1
55799,4007,445702,1
55799,5395,445702,1
55799,6019,445702,1
55799,9262,445702,1
55799,11149,445702,1
55813,1962,445705,1
55813,3188,445705,1
55813,3401,445705,1
55813,3728,445705,1
55813,7013,445705,1
55813,9262,445705,1
55822,1649,445707,1
55835,315,445691,1
55835,6009,445691,1
55835,8062,445691,1
55842,3401,445705,1
55842,10529,445705,1
55843,1194,445700,1
55844,8686,445690,1
55850,1937,445692,1
55856,6458,445715,1
55856,9579,445715,1
55864,2355,445716,1
55864,2537,445716,1
55864,3731,445716,1
55883,6514,445692,1
55884,7013,445715,1
55884,8220,445715,1
55886,882,445692,2
55886,1976,445692,1
55886,2302,445692,2
55886,4027,445692,2
55886,6392,445692,2
55886,6995,445692,1
55886,9116,445692,2
55886,10527,445692,2
55893,6784,445700,1
55893,11386,445700,1
55900,10186,445702,1
55910,2096,445700,1
55933,11386,445717,1
55934,895,445761,1
55934,4813,445761,1
55934,8432,445761,1
55934,8712,445761,1
55948,2809,445709,1
55948,3750,445709,1
55948,7398,445709,1
55953,8226,445718,1
55964,735,445707,1
55964,1400,445707,1
55964,3342,445707,1
55964,8007,445707,1
55964,9240,445707,1
55964,10311,445707,1
55965,7034,445716,1
55972,7588,445698,1
55985,8914,445700,1
55993,10426,445717,1
55995,3734,445714,1
55995,4222,445714,1
55995,4639,445714,2
55995,8355,445714,1
55995,9262,445714,1
56004,1094,445699,1
56010,8220,445758,1
56024,3890,445694,1
56024,8061,445701,1
56024,8775,445694,1
56032,2723,445697,1
56032,4434,445697,1
56058,6571,445710,1
56059,1094,445716,1
56111,415,445699,1
56117,2854,445702,1
56126,1512,445703,1
56126,7569,445703,1
56127,3815,445742,1
56163,7575,445693,1
56186,3638,445702,2
56186,7862,445703,1
56186,9262,445702,2
56186,9262,445703,1
56192,102,445698,1
56192,3022,445698,1
56192,3401,445698,1
56192,11111,445698,1
56216,635,445717,1
56221,4334,445734,1
56221,6423,445711,2
56221,6423,445734,1
56221,10406,445734,1
56223,2096,445760,1
56244,2662,445695,1
56244,5858,445695,1
56274,604,445705,1
56274,3401,445705,1
56274,9730,445709,1
56325,8277,445709,1
56325,9262,445709,1
56333,4853,445701,1
56340,9377,445697,1
56356,5195,445736,1
56363,277,445699,1
56364,1316,445709,1
56397,154,445736,1
56405,3401,445711,1
56405,8277,445710,1
56405,9262,445710,1
56405,9262,445711,1
56448,10038,445691,1
56459,4639,445712,1
56464,3020,445714,1
56464,7013,445714,1
56477,412,445702,1
56477,7754,445702,1
56507,2352,445700,1
56521,8,445758,1
56521,6514,445758,1
56539,3408,445713,1
56539,11386,445713,1
56556,8281,445698,1
56557,1334,445711,1
56557,1738,445711,1
56557,4639,445711,1
56588,10937,445759,1
56600,1359,445760,1
56600,2646,445760,1
56600,9262,445760,1
56600,9552,445760,1
56605,8013,445716,1
56618,4639,445712,1
56618,7569,445712,1
56623,1393,445691,1
56623,10498,445691,1
56658,154,445698,1
56663,6514,445742,1
56667,3401,445761,1
56667,9262,445761,1
56703,6784,445759,1
56730,8062,445690,1
56730,9250,445690,1
56765,4273,445699,2
56767,9262,445760,1
56778,9146,445718,1
56799,6458,445698,1
56812,722,445710,1
56812,8438,445710,1
56812,9501,445710,1
56816,1496,445760,1
56828,1194,445696,1
56828,9138,445696,1
56828,9287,445696,1
56828,10248,445696,1
56856,3638,445704,1
56856,3728,445704,1
56856,6784,445704,1
56856,7132,445704,1
56856,8062,445704,1
56856,9138,445704,1
56858,6206,445702,1
56878,7246,445704,1
56894,3988,445709,1
56895,2580,445705,1
56895,11386,445705,1
56912,4639,445713,1
56912,10120,445713,1
56937,154,445693,1
56940,4345,445703,1
56944,154,445698,1
56944,7492,445698,1
56944,7569,445698,1
56944,8791,445698,1
56958,154,445704,1
56958,6436,445704,1
56958,9262,445704,1
56962,592,445712,1
56966,2213,445735,1
56978,1942,445691,1
56978,9262,445691,1
56991,1814,445705,1
56991,1880,445705,1
56991,7013,445705,1
56991,11386,445705,1
56996,828,445699,1
56996,1400,445699,1
56996,2753,445699,1
56996,3002,445699,1
56996,7745,445699,1
57022,3401,445690,1
57022,8791,445690,1
57022,9262,445690,1
57027,2096,445758,1
57029,8062,445693,1
57033,1836,445702,1
57033,11196,445702,1
57043,10166,445703,1
57047,154,445709,1
57047,3935,445709,1
57047,4480,445709,1
57047,5983,445709,1
57047,6770,445709,1
57047,7956,445709,1
57047,10248,445709,1
57050,4762,445690,1
57050,8791,445690,1
57050,11386,445690,1
57073,4639,445692,1
57097,2809,445692,1
57100,2166,445736,1
57105,154,445691,1
57105,9490,445691,1
57105,11386,445691,1
57106,6784,445691,1
57114,3283,445710,1
57114,7272,445710,1
57118,3401,445710,1
57118,3401,445712,1
57118,3401,445758,1
57118,6260,445758,1
57118,8062,445710,1
57118,8062,445712,1
57118,8062,445758,1
57118,9262,445710,1
57118,9262,445712,1
57118,9262,445758,1
57135,5126,445718,1
57154,1194,445734,1
57198,4318,445717,1
57231,9138,445711,1
57272,154,445736,1
57272,10054,445736,1
57272,10120,445736,1
57285,6512,445715,1
57296,7118,445704,1
57316,10520,445715,1
57318,1316,445710,1
57364,8062,445693,1
57364,9262,445693,1
57375,3638,445736,1
57398,722,445700,1
57398,740,445700,1
57415,3871,445700,1
57415,6260,445700,1
57415,6784,445700,1
57418,6514,445707,1
57437,4639,445711,1
57437,5121,445711,1
57437,10068,445711,1
57446,9262,445700,1
57450,154,445698,1
57450,9262,445698,1
57512,1649,445710,1
57512,1649,445713,1
57512,3728,445713,1
57512,4762,445710,1
57512,7013,445713,1
57518,1720,445712,1
57522,1649,445734,1
57522,8566,445734,1
57544,1382,445703,1
57544,2096,445703,1
57544,3602,445703,1
57544,6683,445711,1
57544,8215,445703,1
57544,8591,445711,1
57544,9969,445703,1
57572,8220,445735,1
57579,154,445714,1
57579,6731,445691,1
57580,1788,445759,1
57580,2135,445759,1
57580,4178,445759,1
57580,4762,445759,1
57580,4980,445759,1
57580,5153,445759,1
57580,6640,445759,1
57583,8062,445717,1
57599,2532,445698,1
57624,8956,445705,1
57627,3401,445761,1
57627,11386,445761,1
57650,7075,445703,1
57650,10529,445703,1
57655,8853,445711,1
57658,3076,445711,1
57658,3638,445711,1
57658,3643,445711,1
57658,7268,445711,1
57658,9262,445711,1
57660,11386,445697,1
57666,722,445690,1
57668,480,445702,1
57668,2324,445702,1
57668,5532,445702,1
57668,6637,445702,1
57668,8247,445702,1
57680,2096,445709,1
57680,5759,445709,1
57680,9262,445709,1
57680,10684,445709,1
57690,6745,445761,1
57695,3786,445694,1
57701,9585,445715,1
57725,3244,445704,1
57725,4989,445704,1
57788,154,445735,1
57797,8062,445690,1
57805,3401,445690,1
57805,3638,445690,1
57805,6235,445690,1
57805,9138,445690,1
57805,9262,445690,1
57805,11386,445690,1
57806,6019,445761,1
57810,4989,445698,1
57810,8220,445698,1
57810,10635,445698,1
57824,6458,445692,1
57852,397,445694,1
57852,714,445694,1
57852,1084,445694,1
57852,1223,445694,1
57852,8428,445690,1
57857,722,445692,1
57857,3401,445692,1
57857,4480,445692,1
57857,7569,445692,1
57857,9262,445692,1
57862,873,445691,1
57862,2866,445689,1
57879,10235,445734,1
57886,154,445711,1
57886,2390,445711,1
57886,3401,445711,1
57886,3871,445711,1
57886,7803,445711,1
57886,8107,445711,1
57886,9262,445711,1
57904,1334,445714,1
57904,6818,445714,1
57904,10334,445714,1
57931,9262,445691,1
57932,2849,445717,1
57941,6784,445701,1
57955,154,445700,1
57955,722,445700,1
57955,1634,445700,1
57955,5149,445700,1
57955,9262,445700,1
57955,9547,445700,1
57968,154,445693,1
57968,4639,445693,1
57968,8791,445693,1
57971,3401,445693,1
57971,4639,445693,1
57971,9262,445693,1
57985,8571,445689,1
58013,154,445699,1
58013,310,445699,1
58013,722,445699,1
58013,3946,445699,1
58013,4295,445699,1
58013,4639,445699,1
58013,6535,445699,1
58013,6925,445699,1
58013,8016,445699,1
58013,8062,445699,2
58013,9138,445699,1
58013,9491,445699,1
58013,9691,445699,1
58020,1821,445703,1
58020,3209,445703,1
58020,4089,445703,1
58020,4762,445703,1
58020,4783,445703,1
58020,7770,445703,1
58032,3901,445704,1
58032,8062,445704,1
58032,10529,445704,1
58033,7389,445710,1
58041,5011,445761,1
58041,9262,445761,1
58044,8265,445702,2
58064,4648,445712,1
58068,1370,445705,1
58068,2138,445705,1
58068,6514,445705,1
58068,8681,445705,1
58072,154,445711,1
58072,9262,445711,1
58083,4702,445714,1
58094,4639,445693,1
58126,154,445694,1
58126,11386,445694,1
58131,2102,445701,1
58131,9100,445701,1
58143,606,445708,1
58143,1631,445708,1
58143,1880,445708,1
58143,10532,445708,1
58168,8016,445696,1
58177,6773,445694,1
58177,7080,445694,1
58177,7966,445694,1
58177,8118,445694,1
58177,10265,445694,1
58183,1217,445758,1
58190,722,445704,1
58190,2096,445704,1
58205,3401,445759,1
58205,3946,445759,1
58205,9262,445759,1
58205,9312,445759,1
58207,1456,445706,1
58207,9268,445706,1
58212,2827,445760,1
58212,5096,445760,1
58219,2090,445715,1
58219,4762,445715,1
58236,722,445696,1
58247,2302,445694,1
58247,7898,445694,1
58251,111,445759,1
58259,154,445702,1
58265,1358,445761,1
58265,9262,445761,1
58284,4639,445698,1
58293,10120,445703,1
58294,4989,445699,1
58302,154,445735,1
58302,3423,445735,1
58302,4363,445735,1
58302,5465,445735,1
58302,10527,445735,1
58325,154,445695,1
58336,5011,445742,1
58338,7428,445758,1
58345,222,445698,1
58345,2096,445698,1
58351,5042,445735,1
58370,882,445692,1
58375,405,445705,1
58375,722,445705,1
58375,7428,445705,1
58375,8016,445705,1
58375,10120,445705,1
58383,1595,445700,1
58383,3401,445700,1
58383,9262,445700,1
58383,9797,445700,1
58384,2445,445758,1
58384,5950,445758,1
58384,6514,445758,1
58384,6784,445758,1
58393,6514,445715,1
58416,8016,445703,1
58433,3312,445699,1
58449,1459,445699,1
58449,4639,445699,1
58449,6367,445699,1
58449,6938,445699,1
58455,154,445698,1
58455,154,445699,1
58455,3076,445699,1
58455,3871,445698,1
58479,154,445697,1
58479,154,445761,1
58479,8016,445761,1
58493,1814,445693,1
58498,2368,445707,1
58498,4639,445707,1
58498,9262,445707,1
58533,1012,445760,1
58538,9262,445707,1
58538,10120,445707,1
58540,2064,445700,1
58540,3076,445700,1
58540,4639,445700,1
58542,8791,445713,1
58546,4853,445689,1
58555,3491,445715,1
58555,10120,445715,1
58575,805,445707,1
58575,4793,445707,1
58577,2106,445699,1
58579,906,445712,1
58583,154,445736,1
58583,3815,445736,1
58583,5465,445736,1
58605,154,445690,1
58606,154,445712,1
58609,2514,445692,1
58609,10738,445692,1
58613,722,445702,1
58613,9262,445702,1
58621,3815,445760,2
58621,8337,445760,2
58621,9168,445760,2
58622,540,445711,1
58655,3509,445705,1
58667,722,445715,1
58667,991,445715,1
58667,4813,445715,1
58667,10120,445715,1
58667,11386,445715,1
58669,154,445718,1
58672,4639,445693,1
58673,124,445709,1
58684,11386,445760,1
58687,1649,445714,1
58696,154,445700,1
58696,4639,445700,1
58696,4762,445700,1
58696,5197,445700,1
58696,8791,445700,1
58699,7509,445703,1
58702,154,445708,1
58702,3401,445708,1
58702,5656,445708,1
58702,7956,445708,1
58702,8681,445708,1
58702,9138,445708,1
58702,11386,445708,1
58716,7846,445690,2
58716,7966,445690,2
58716,8062,445690,2
58720,5058,445703,1
58720,8048,445703,1
58731,2568,445704,1
58733,2827,445707,1
58733,9823,445707,1
58735,1334,445702,1
58765,4639,445696,1
58765,6995,445696,1
58765,9262,445696,1
58791,1194,445693,1
58791,1194,445699,1
58791,1194,445715,1
58791,1194,445716,1
58791,10964,445741,1
58800,7372,445711,1
58800,10120,445711,1
58801,102,445742,1
58801,321,445742,1
58801,8588,445742,1
58801,9262,445742,1
58801,11196,445742,1
58804,722,445699,1
58826,3127,445709,1
58829,7651,445694,1
58833,9509,445700,1
58834,3401,445707,1
58834,3401,445708,1
58834,4639,445707,1
58834,4639,445708,1
58842,9287,445694,1
58855,5295,445734,1
58855,9834,445734,1
58856,3401,445698,1
58856,9138,445698,1
58856,9262,445698,1
58856,10248,445698,1
58870,7017,445715,1
58870,9262,445715,1
58921,154,445689,2
58921,154,445696,1
58921,154,445700,1
58921,154,445705,1
58921,154,445706,1
58921,154,445712,1
58923,6475,445713,1
58929,8016,445701,1
58929,10692,445701,1
58941,1455,445761,1
58941,4639,445761,1
58941,6019,445761,1
58941,9262,445761,1
58941,9543,445761,1
58943,676,445702,1
58943,2296,445702,1
58943,3401,445702,1
58943,8016,445702,1
58943,8085,445702,1
58943,9262,445702,1
58943,9740,445702,1
58943,10651,445702,1
58975,789,445705,1
58975,1655,445705,1
58975,5735,445705,1
58975,8220,445705,1
59000,9138,445761,1
59012,7398,445690,1
59024,936,445714,1
59024,8016,445714,1
59035,1316,445735,1
59035,2413,445735,1
59035,2417,445735,1
59035,3401,445735,1
59035,3815,445735,1
59035,5465,445735,1
59035,5501,445735,1
59035,5513,445735,1
59035,6784,445735,1
59035,8062,445735,1
59035,8712,445735,1
59035,9262,445735,1
59035,10333,445735,1
59040,5394,445760,1
59045,4639,445703,1
59055,1094,445705,1
59063,3115,445761,1
59063,3401,445761,1
59063,3966,445761,1
59063,4171,445761,1
59063,4597,445761,1
59063,4755,445761,1
59063,4815,445761,1
59063,5683,445761,1
59063,6019,445761,1
59063,6514,445761,1
59063,7094,445761,1
59063,9262,445761,1
59063,9688,445761,1
59063,9925,445761,1
59063,11338,445761,1
59065,7428,445742,1
59071,722,445700,1
59071,9262,445700,1
59073,2509,445709,1
59078,1244,445696,1
59078,1814,445696,1
59078,1825,445696,1
59078,2607,445714,1
59078,3164,445714,1
59078,3288,445696,1
59078,3401,445696,1
59078,3819,445714,1
59078,4187,445714,1
59078,4972,445690,1
59078,6146,445696,1
59078,6376,445696,1
59078,9520,445714,1
59078,9680,445714,1
59078,9770,445696,1
59083,10345,445735,1
59109,960,445698,1
59117,1316,445713,1
59117,5465,445713,1
59119,2235,445694,1
59119,3324,445694,1
59119,3351,445694,1
59119,3401,445694,1
59119,4550,445694,1
59119,4639,445694,1
59119,9262,445694,1
59119,9427,445694,1
59119,9861,445694,1
59126,154,445736,1
59157,2096,445699,1
59157,2723,445699,1
59157,3076,445699,1
59157,3401,445699,1
59157,3871,445699,1
59157,4171,445699,1
59157,4967,445699,1
59157,6637,445699,1
59157,8062,445699,1
59157,9262,445699,2
59157,10416,445699,1
59157,11220,445699,1
59173,9572,445700,1
59179,154,445700,1
59179,722,445700,1
59179,835,445700,1
59179,2096,445700,1
59179,2302,445700,1
59179,3871,445700,1
59179,7569,445700,1
59179,7783,445700,1
59179,9262,445700,1
59179,9939,445700,1
59187,11386,445708,1
59188,1316,445708,1
59197,4222,445700,1
59214,2302,445690,1
59218,8263,445706,1
59221,4989,445759,1
59249,154,445695,1
59249,8016,445695,1
59249,10120,445695,1
59250,10176,445709,1
59271,1142,445690,2
59271,4639,445690,2
59271,8791,445690,2
59271,9138,445690,2
59271,9262,445690,2
59271,9524,445690,2
59293,7061,445705,1
59299,1880,445761,1
59302,9505,445697,1
59304,4344,445717,1
59304,10120,445717,1
59306,405,445759,1
59306,5646,445759,1
59306,11224,445759,1
59306,11390,445759,1
59309,1566,445735,1
59310,9111,445716,1
59331,2017,445759,1
59331,9767,445704,1
59333,1656,445689,1
59333,3401,445689,1
59333,3846,445689,1
59333,9262,445689,1
59334,8220,445760,1
59334,9262,445760,1
59349,10120,445708,1
59365,6742,445714,1
59397,8712,445698,1
59417,154,445695,1
59417,1194,445695,1
59417,7132,445695,1
59420,2784,445710,1
59420,7873,445710,1
59420,10120,445710,1
59420,10527,445710,1
59426,6053,445758,1
59426,6784,445758,1
59426,9104,445758,1
59427,2509,445713,1
59443,154,445708,1
59443,2148,445708,1
59443,3188,445708,1
59443,7509,445708,1
59443,11386,445708,1
59455,606,445707,1
59455,1631,445707,1
59455,5513,445707,1
59455,6367,445707,1
59455,10532,445707,1
59457,4639,445710,1
59457,8016,445710,1
59457,10120,445710,1
59462,6235,445699,1
59462,8062,445702,1
59471,5501,445699,1
59477,154,445761,1
59479,154,445692,1
59485,2096,445761,1
59485,3401,445761,1
59485,4813,445761,1
59485,4989,445761,1
59485,5011,445761,1
59485,6488,445761,1
59485,7473,445761,1
59485,9262,445761,1
59491,154,445759,1
59491,722,445759,1
59491,10527,445759,1
59494,5907,445715,1
59494,5950,445715,1
59496,3401,445701,1
59496,3638,445701,1
59496,3728,445701,1
59496,4639,445701,1
59496,9138,445701,1
59496,9262,445701,1
59496,10120,445701,1
59520,2096,445698,1
59520,9262,445698,1
59534,9262,445705,1
59539,7167,445736,1
59539,9240,445736,1
59547,4639,445700,1
59558,154,445694,1
59560,480,445760,1
59560,1076,445760,1
59560,5914,445760,1
59560,7699,445760,1
59560,7754,445760,1
59560,8095,445760,1
59562,8016,445703,1
59567,2809,445715,1
59581,4639,445702,1
59585,1142,445710,1
59585,10224,445710,1
59626,11386,445700,1
59634,185,445708,1
59634,499,445708,1
59634,660,445708,1
59634,3820,445708,1
59634,4762,445708,1
59634,5197,445708,1
59634,5242,445708,1
59634,8063,445708,1
59634,10176,445708,1
59638,154,445689,1
59638,2036,445689,1
59666,3401,445690,1
59666,8062,445690,1
59666,9262,445690,1
59687,4035,445711,1
59687,6784,445711,1
59687,7132,445711,1
59708,4884,445758,1
59727,10676,445716,1
59740,1164,445697,1
59740,4639,445697,1
59740,8791,445697,1
59745,9262,445707,1
59761,3638,445695,1
59761,6235,445695,1
59761,8062,445695,1
59761,9138,445695,1
59778,2548,445709,1
59778,8386,445709,1
59778,9138,445709,1
59795,8109,445716,1
59806,9536,445718,1
59814,2809,445711,1
59814,5681,445711,1
59814,11008,445711,1
59815,9103,445713,1
59829,4762,445705,1
59829,5197,445705,1
59829,7803,445705,1
59834,154,445693,1
59838,154,445705,1
59843,4611,445710,1
59851,4344,445697,1
59851,4639,445697,1
59851,6784,445697,1
59851,7569,445697,1
59913,1189,445711,1
59913,3076,445711,1
59913,4222,445711,1
59914,9262,445714,3
59922,310,445713,1
59922,722,445713,1
59922,1316,445713,1
59922,6235,445713,1
59922,8062,445713,1
59922,9138,445713,1
59930,340,445712,1
59930,1316,445712,1
59930,9262,445712,1
59932,11386,445708,1
59969,154,445691,1
59969,3401,445691,1
59969,7569,445691,1
59969,8062,445691,1
59969,8686,445691,1
59969,8791,445691,1
59969,9138,445691,1
59969,9318,445691,1
59969,11386,445691,1
59982,154,445760,1
59982,722,445760,1
59984,491,445736,1
59984,6784,445736,1
59984,8681,445736,1
59984,10120,445736,1
60005,405,445691,1
60005,6357,445691,1
60005,7398,445691,1
60005,7922,445691,1
60005,8016,445691,1
60019,1316,445709,1
60019,5823,445709,1
60021,1649,445734,1
60021,1649,445735,1
60021,9262,445734,1
60021,9262,445735,1
60022,9262,445702,1
60036,1213,445695,1
60038,6037,445696,1
60040,5465,445713,1
60053,4639,445711,2
60058,9326,445692,1
60065,4762,445742,1
60080,154,445701,1
60087,6350,445694,1
60099,154,445698,1
60099,4748,445698,1
60110,2809,445699,1
60110,3728,445699,1
60110,5858,445699,1
60110,7023,445699,1
60110,10120,445699,1
60125,8791,445691,1
60130,4989,445759,1
60130,5032,445759,1
60130,8360,445759,1
60130,8926,445759,1
60130,9262,445759,1
60130,10248,445759,1
60133,154,445701,1
60133,6938,445701,1
60134,9515,445704,1
60134,10273,445704,1
60150,5530,445705,1
60152,1649,445736,1
60152,7889,445736,1
60156,2068,445690,1
60158,9262,445758,1
60158,9355,445758,1
60164,4989,445761,1
60172,2096,445698,1
60179,10120,445717,1
60190,9262,445694,1
60198,6818,445696,1
60198,10743,445696,1
60217,481,445710,1
60217,991,445710,1
60217,2445,445715,1
60217,2809,445710,1
60217,2809,445715,1
60217,4755,445710,1
60217,5238,445710,1
60217,5658,445710,1
60217,8022,445710,1
60217,8195,445710,1
60217,8220,445710,1
60217,8502,445710,1
60217,9262,445710,1
60217,10120,445715,1
60217,11259,445710,1
60217,11369,445710,1
60218,1334,445698,1
60221,8062,445699,1
60234,3401,445689,1
60234,4639,445689,1
60234,9262,445689,1
60235,722,445713,1
60235,2096,445713,1
60235,4762,445713,1
60248,221,445708,1
60248,2509,445708,1
60271,3024,445759,1
60287,19,445710,1
60287,676,445710,1
60287,1396,445710,1
60287,2021,445710,1
60287,2631,445710,1
60287,2809,445710,1
60287,3276,445710,1
60287,3401,445710,1
60287,3477,445710,1
60287,3871,445710,1
60287,4434,445710,1
60287,4639,445710,1
60287,4762,445710,1
60287,6311,445710,1
60287,6535,445710,1
60287,6667,445710,1
60287,6784,445710,1
60287,8170,445710,1
60287,9909,445710,1
60295,4248,445718,1
60297,9262,445711,1
60305,154,445736,1
60305,2738,445736,1
60305,3141,445736,1
60305,6742,445736,1
60305,7132,445736,1
60311,3238,445717,1
60311,3728,445717,1
60311,4385,445717,1
60311,10120,445717,1
60320,4061,445735,1
60320,9138,445735,1
60336,1500,445710,1
60341,3076,445714,1
60341,9262,445714,1
60363,11331,445695,1
60367,722,445706,1
60390,8062,445701,1
60399,1990,445697,1
60401,2445,445709,1
60401,8062,445709,1
60402,154,445691,1
60402,722,445691,1
60413,5858,445697,1
60440,10529,445694,1
60454,8220,445742,1
60468,9319,445690,1
60496,9042,445714,1
60535,11386,445699,1
60547,7398,445697,1
60547,8536,445697,1
60557,1834,445696,1
60572,861,445761,1
60584,9286,445714,1
60584,10012,445714,1
60591,7264,445715,1
60605,4639,445708,1
60605,6019,445708,1
60605,9262,445708,1
60609,1880,445716,2
60609,10120,445716,1
60628,1316,445710,1
60628,8062,445710,1
60628,8457,445710,1
60628,9262,445710,1
60629,154,445758,1
60629,2302,445758,1
60629,8681,445758,1
60629,9286,445758,1
60629,9536,445758,1
60643,154,445704,1
60653,10248,445709,1
60723,154,445695,1
60723,154,445696,1
60723,154,445698,1
60723,433,445695,1
60723,2302,445696,1
60723,2302,445698,1
60723,3076,445698,1
60723,3871,445696,1
60723,4004,445696,1
60723,4004,445698,1
60723,5011,445695,1
60723,6995,445696,1
60723,9723,445695,1
60723,10527,445698,1
60724,4226,445700,1
60724,9262,445700,1
60724,10423,445700,1
60726,5246,445714,1
60748,7922,445714,1
60748,10120,445714,1
60817,6891,445705,1
60870,1142,445690,1
60870,9138,445690,1
60890,9052,445736,1
60902,1194,445702,1
60902,2036,445702,1
60902,2096,445702,1
60902,4755,445702,1
60902,9262,445702,1
60912,4623,445713,1
60932,154,445698,1
60932,11386,445698,1
60938,154,445707,1
60938,3728,445707,1
60968,4753,445690,1
60969,96,445710,1
60969,713,445711,1
60969,4639,445711,1
60969,9262,445710,1
60969,9268,445711,1
60969,10120,445711,1
60969,10248,445711,1
60972,154,445700,1
60974,3131,445689,1
60974,5231,445689,1
60979,7662,445760,1
60981,154,445690,1
60983,4758,445689,1
60984,266,445691,1
60984,4171,445691,1
60984,4639,445691,1
60984,5145,445691,1
60984,9262,445691,1
60987,154,445716,1
61002,9559,445706,1
61003,9213,445760,1
61013,3188,445695,1
61041,10964,445701,1
61043,768,445692,1
61043,2558,445692,1
61043,10998,445692,1
61046,3342,445711,1
61047,9262,445701,1
61079,2809,445741,1
61080,405,445759,1
61093,889,445716,1
61093,2443,445716,1
61093,6084,445716,1
61093,8979,445716,1
61102,4639,445704,1
61113,2302,445734,1
61120,4820,445693,1
61147,7398,445698,1
61154,11356,445759,1
61163,1396,445717,1
61163,10120,445717,1
61164,1164,445706,1
61164,7428,445706,1
61203,7509,445706,1
61212,3638,445760,1
61216,10449,445735,1
61227,5465,445704,1
61227,7132,445704,1
61227,7134,445704,1
61227,8712,445704,1
61238,2096,445717,1
61262,4639,445702,1
61262,8791,445702,1
61269,4344,445711,1
61269,4639,445711,1
61289,4776,445735,1
61289,11147,445735,1
61292,10788,445718,1
61297,3401,445693,1
61297,4639,445693,1
61297,7569,445693,1
61297,9262,445693,1
61297,9442,445693,1
61297,10739,445693,1
61298,9836,445690,1
61299,9377,445704,1
61301,798,445709,1
61301,1396,445709,1
61301,5197,445709,1
61301,6784,445709,1
61319,703,445707,1
61319,2778,445707,1
61319,4171,445707,1
61320,51,445690,1
61320,3770,445690,1
61322,4677,445695,1
61322,4762,445695,1
61322,7922,445695,1
61322,10739,445695,1
61342,6458,445699,1
61362,7473,445759,1
61388,4639,445692,1
61388,4639,445742,1
61398,6552,445693,1
61398,9262,445693,1
61398,11386,445693,1
61415,4639,445698,1
61418,1396,445700,1
61418,3401,445700,1
61418,3638,445700,1
61418,3728,445700,1
61418,8062,445700,1
61418,9262,445700,1
61418,9744,445700,1
61423,10120,445711,1
61425,154,445703,1
61430,711,445759,1
61430,722,445759,1
61430,1316,445759,1
61430,3728,445759,2
61430,5465,445759,1
61430,6784,445759,1
61430,8016,445759,1
61430,8062,445759,2
61430,11088,445759,1
61433,9262,445742,1
61434,4860,445736,1
61434,10853,445736,1
61436,735,445760,1
61436,761,445760,1
61436,1370,445760,1
61436,1685,445760,1
61436,4661,445760,1
61436,4762,445760,1
61436,6959,445760,1
61436,7585,445760,1
61436,9708,445760,2
61436,10426,445760,1
61460,154,445694,1
61460,1164,445694,1
61460,4639,445694,1
61460,6784,445694,1
61460,7132,445694,1
61460,8062,445694,1
61460,8791,445694,1
61460,9138,445694,1
61474,7076,445759,1
61482,7966,445695,1
61489,7428,445699,1
61489,8016,445699,1
61494,1094,445695,1
61503,6019,445717,1
61504,3401,445694,1
61504,6019,445694,2
61504,6260,445694,1
61504,6784,445694,1
61506,154,445713,4
61506,2445,445713,4
61506,3188,445713,4
61506,3728,445713,4
61506,5094,445713,4
61506,7013,445713,4
61506,9262,445713,4
61515,7754,445695,1
61515,11386,445695,1
61528,5452,445713,1
61541,8062,445701,1
61541,8062,445703,1
61548,9555,445692,1
61551,1708,445711,1
61551,3638,445711,1
61569,3401,445711,1
61569,3820,445711,1
61569,8063,445711,1
61569,8732,445711,1
61569,9262,445711,1
61585,1544,445759,1
61585,10733,445759,1
61589,1802,445704,1
61599,4864,445710,1
61599,4986,445710,1
61599,8062,445710,1
61614,540,445705,1
61626,9262,445760,1
61626,11386,445760,1
61671,2064,445695,1
61680,2096,445709,1
61688,5162,445698,1
61688,5700,445698,1
61688,8435,445698,1
61704,11313,445708,2
61713,10120,445706,1
61719,3401,445736,1
61719,3815,445760,1
61719,5465,445736,1
61719,8062,445736,1
61719,9262,445736,1
61719,9262,445760,1
61725,154,445708,1
61753,7398,445735,1
61753,8023,445735,1
61753,9271,445735,1
61760,1711,445701,1
61760,4639,445701,1
61761,3820,445713,1
61761,4751,445713,1
61761,8122,445713,1
61761,10226,445713,1
61797,7581,445691,1
61801,722,445708,1
61801,2928,445708,1
61801,3053,445708,1
61801,3076,445708,1
61801,6710,445708,1
61815,1316,445715,1
61828,7020,445759,1
61840,3838,445699,1
61842,2809,445717,2
61842,6248,445717,1
61842,6988,445717,1
61842,10924,445717,1
61842,11386,445701,1
61843,1396,445708,1
61843,3076,445708,1
61843,3178,445708,1
61843,3401,445708,1
61843,6721,445708,1
61843,9262,445708,1
61862,8689,445690,1
61869,1094,445693,1
61869,1094,445717,1
61875,8062,445714,1
61875,10120,445714,1
61904,6087,445701,1
61921,124,445717,1
61926,1537,445760,1
61926,4344,445760,1
61926,4762,445760,1
61926,4813,445760,1
61926,5011,445760,1
61926,5197,445760,1
61926,7569,445760,1
61926,9536,445760,1
61926,9536,445761,1
61926,10248,445760,1
61935,9262,445714,1
61951,10788,445735,1
61970,722,445699,1
61970,10586,445699,1
61979,722,445698,1
61979,1649,445698,1
61979,9262,445698,1
61985,3395,445697,1
61990,943,445761,1
62004,11039,445761,1
62015,2509,445707,1
62017,797,445695,1
62017,4675,445695,1
62017,10516,445695,1
62017,11301,445695,1
62018,1649,445701,1
62018,7013,445701,1
62018,8220,445701,1
62019,7637,445710,1
62030,1068,445716,1
62030,4270,445716,1
62030,5314,445716,1
62030,6211,445716,1
62033,2997,445702,1
62036,4318,445759,1
62037,4639,445710,1
62042,8337,445695,1
62055,10012,445710,1
62058,8843,445702,1
62087,154,445692,1
62090,2268,445691,1
62091,10157,445703,1
62104,2632,445700,1
62107,10372,445698,1
62121,3421,445691,1
62151,9262,445714,1
62151,10120,445714,1
62157,20,445703,1
62157,5474,445703,1
62157,5858,445703,1
62157,7094,445703,1
62157,7305,445707,1
62164,154,445716,1
62187,3815,445741,1
62189,6514,445710,1
62190,8170,445692,1
62215,2548,445690,1
62233,73,445717,1
62233,7535,445717,1
62240,9063,445696,2
62242,4813,445742,1
62242,10120,445742,1
62242,10597,445742,1
62243,4501,445690,1
62243,8425,445689,1
62253,8566,445697,1
62271,1728,445701,1
62275,4271,445697,1
62281,8191,445707,1
62285,1001,445691,1
62290,5465,445712,1
62306,4639,445701,1
62306,8016,445701,1
62306,10001,445701,1
62323,6457,445698,1
62324,1194,445716,1
62324,1880,445716,1
62360,1480,445759,1
62360,1574,445759,1
62360,8587,445759,1
62398,5447,445709,1
62404,10019,445699,1
62415,5364,445759,1
62429,167,445697,1
62429,855,445697,1
62429,1010,445697,1
62429,1016,445697,1
62429,1376,445697,1
62429,1677,445697,1
62429,2146,445697,1
62429,3566,445697,1
62429,3777,445697,1
62429,4762,445697,1
62429,5197,445697,1
62429,6137,445697,1
62429,6386,445697,1
62429,7107,445697,1
62429,8993,445697,1
62429,9833,445697,1
62429,9906,445697,1
62429,10426,445697,1
62429,10998,445697,1
62429,11067,445697,1
62431,6742,445709,1
62439,3342,445700,1
62449,4639,445690,1
62457,9262,445700,1
62462,1888,445717,1
62465,2830,445691,1
62466,154,445696,1
62466,4222,445696,1
62466,6995,445696,1
62466,9262,445696,1
62514,154,445695,1
62535,4934,445716,1
62557,2809,445694,1
62557,9674,445694,1
62558,3769,445742,1
62562,8062,445735,1
62562,10694,445735,1
62601,3815,445759,1
62633,6605,445710,1
62637,7427,445705,1
62651,10870,445694,1
62681,5785,445714,1
62681,8062,445714,1
62701,2509,445709,1
62701,5465,445709,1
62701,10120,445709,1
62705,1325,445689,1
62728,9262,445694,1
62735,7013,445734,1
62744,8016,445708,1
62772,3714,445701,1
62787,154,445706,1
62787,2809,445706,1
62790,405,445742,1
62790,1649,445742,1
62792,3728,445708,1
62792,4639,445708,1
62792,7013,445708,1
62811,713,445759,1
62811,4815,445759,1
62811,5566,445759,1
62811,6277,445759,1
62811,7956,445759,1
62811,8588,445759,1
62833,4128,445701,1
62833,4299,445701,1
62833,4827,445701,1
62833,5101,445701,1
62833,6569,445701,1
62833,8454,445701,1
62833,9118,445701,1
62833,9797,445701,1
62833,9807,445701,1
62833,10923,445701,1
62834,8016,445713,1
62838,9262,445758,1
62846,55,445693,1
62848,1880,445711,3
62873,2801,445692,1
62873,10693,445692,1
62878,6320,445758,2
62885,154,445701,1
62916,154,445698,1
62930,872,445741,1
62930,1649,445741,1
62940,4814,445708,1
62942,1115,445700,1
62952,154,445735,1
62952,3724,445735,1
62952,10120,445735,1
62992,6019,445708,1
62995,3401,445710,1
62997,1316,445712,1
62998,10120,445697,1
63000,4639,445698,1
63003,5910,445699,1
63005,4639,445700,1
63014,6141,445711,1
63014,6141,445714,1
63014,6784,445714,1
63014,7132,445711,1
63014,9138,445711,1
63014,9138,445714,1
63023,2509,445717,1
63049,3401,445716,1
63049,8472,445716,1
63049,9262,445691,1
63049,9262,445716,1
63049,11011,445716,1
63050,4639,445710,1
63058,1184,445713,1
63058,1574,445713,1
63058,3648,445713,1
63058,6273,445713,1
63058,6925,445713,1
63060,1189,445712,1
63060,2412,445712,1
63068,4639,445708,1
63085,1316,445698,1
63101,2064,445706,1
63101,3401,445706,1
63101,3728,445706,1
63101,4053,445706,1
63101,4639,445706,1
63101,9262,445706,1
63103,8062,445716,1
63104,2217,445735,1
63123,154,445693,1
63135,102,445715,1
63135,722,445715,1
63135,3624,445715,1
63141,7911,445761,1
63154,4639,445690,1
63154,4762,445690,1
63154,5197,445690,1
63154,8791,445690,1
63174,137,445718,1
63174,918,445718,1
63174,8741,445718,1
63174,11386,445718,1
63177,1274,445758,1
63177,1395,445758,1
63177,3712,445758,1
63177,8220,445758,1
63177,9054,445758,1
63177,9262,445758,1
63181,10672,445718,1
63182,6920,445714,1
63185,154,445707,1
63188,6535,445701,1
63188,10044,445701,1
63198,1260,445717,1
63214,6740,445761,1
63214,10718,445761,1
63220,1316,445718,1
63220,3401,445718,1
63220,3728,445718,1
63220,8062,445718,1
63237,4503,445735,1
63237,4503,445760,1
63240,9377,445758,1
63257,9300,445698,1
63285,4639,445699,1
63289,3060,445708,4
63290,3401,445693,1
63290,4639,445693,1
63290,9262,445693,1
63313,2658,445696,1
63313,9578,445696,1
63315,10516,445735,1
63334,5566,445710,1
63334,7132,445710,1
63334,9262,445710,1
63354,6514,445700,1
63359,7183,445758,1
63359,8220,445698,1
63359,9262,445758,1
63381,2096,445702,1
63381,4639,445702,1
63381,9262,445702,1
63381,11386,445702,1
63382,2809,445716,1
63394,489,445707,1
63394,1355,445707,1
63394,6938,445707,1
63394,7110,445707,1
63394,10505,445707,1
63394,10883,445707,1
63428,7803,445708,1
63431,4366,445703,1
63435,5322,445760,1
63456,3541,445741,1
63456,7010,445741,1
63459,4639,445700,1
63471,3559,445701,1
63471,7013,445701,1
63471,7398,445701,1
63471,7754,445701,1
63472,4639,445698,1
63472,4639,445708,1
63480,8109,445705,1
63487,11237,445709,1
63493,8681,445691,1
63495,2093,445713,1
63495,5926,445713,1
63497,3276,445703,1
63521,7013,445698,1
63546,9262,445759,1
63547,340,445698,1
63548,722,445696,1
63548,722,445715,1
63548,3871,445715,1
63548,4027,445696,1
63548,5433,445696,1
63559,8016,445715,1
63576,2445,445761,1
63591,5332,445703,1
63595,6248,445712,1
63604,105,445707,1
63605,6260,445715,1
63605,7922,445715,1
63613,1995,445694,1
63615,722,445718,1
63615,9990,445718,1
63616,3971,445712,1
63616,4462,445712,1
63618,2036,445715,1
63618,4171,445715,1
63618,8062,445715,1
63623,154,445710,1
63623,9083,445710,1
63623,11386,445710,1
63632,2809,445709,1
63640,9262,445742,1
63655,10001,445707,1
63656,3595,445689,6
63656,4762,445689,6
63656,4852,445689,6
63656,5873,445689,6
63656,7600,445689,6
63667,2803,445736,1
63680,722,445700,1
63680,1142,445700,1
63680,1316,445700,1
63680,3638,445700,1
63680,3728,445700,1
63680,5945,445700,1
63680,8016,445700,1
63680,8507,445700,1
63680,8686,445700,1
63680,8866,445700,1
63680,9138,445700,1
63680,9262,445700,1
63683,722,445714,1
63683,1487,445714,1
63683,2068,445714,1
63683,2096,445714,1
63683,3259,445714,1
63683,6488,445714,1
63703,4762,445703,1
63714,9138,445690,1
63723,2673,445708,1
63729,1300,445713,1
63729,3263,445713,1
63729,6106,445713,1
63729,11277,445713,1
63730,4639,445702,1
63730,8016,445702,1
63765,7956,445760,1
63773,154,445741,1
63779,7569,445709,2
63779,9262,445709,1
63779,9536,445709,1
63779,11386,445709,1
63794,154,445692,1
63794,221,445692,1
63794,405,445692,1
63794,735,445692,1
63794,775,445692,1
63794,1315,445692,1
63794,2511,445692,1
63794,4662,445692,1
63794,5518,445692,1
63794,6601,445692,1
63794,7780,445692,1
63794,7956,445692,1
63794,9802,445692,1
63799,7428,445742,1
63802,7511,445761,1
63802,10497,445761,1
63804,154,445714,1
63804,1396,445714,1
63804,1634,445714,1
63804,2302,445714,1
63804,2809,445714,1
63804,3076,445714,1
63804,4344,445695,1
63804,9262,445695,1
63808,1079,445705,1
63809,4639,445701,1
63828,8062,445734,1
63828,9262,445734,1
63843,7901,445734,1
63851,7780,445691,1
63856,8016,445699,1
63864,4639,445701,1
63864,8016,445701,1
63864,9262,445701,1
63868,154,445699,1
63874,1316,445718,1
63874,10412,445718,1
63874,11117,445718,1
63875,6995,445696,1
63878,701,445698,1
63896,2809,445692,1
63896,3401,445692,1
63896,9318,445692,1
63896,11386,445692,1
63897,9262,445761,1
63904,3890,445699,1
63905,20,445742,1
63905,5718,445742,1
63905,5862,445742,1
63905,7922,445742,1
63905,9083,445742,1
63905,9505,445742,1
63908,9505,445713,1
63912,8062,445759,1
63912,9262,445759,1
63922,4639,445706,1
63924,1512,445715,1
63931,7949,445759,1
63937,124,445735,1
63937,154,445735,1
63937,3728,445735,1
63971,2231,445718,1
63976,1537,445759,1
63976,4639,445759,1
63976,4813,445759,1
63976,8791,445759,1
63976,9262,445759,1
63977,4639,445702,1
63983,9286,445711,1
63987,10120,445702,1
63996,6343,445758,1
64004,5357,445707,1
64004,8712,445707,1
64017,4908,445701,1
64017,6019,445711,1
64017,6535,445701,1
64027,4762,445712,1
64029,154,445695,1
64029,9262,445695,1
64041,6742,445711,1
64041,9262,445711,1
64057,9083,445697,1
64066,10694,445711,1
64068,122,445689,1
64076,3124,445690,1
64076,4639,445690,1
64112,4313,445715,1
64112,6241,445715,1
64112,9903,445715,1
64146,2697,445701,1
64148,6226,445689,1
64148,8215,445689,1
64148,9620,445689,1
64156,9138,445689,1
64157,722,445700,1
64158,2868,445695,1
64162,5474,445701,1
64166,5858,445695,1
64166,8016,445695,1
64174,2154,445716,1
64176,154,445691,1
64176,4639,445691,1
64176,7569,445691,1
64176,8791,445691,1
64186,154,445708,1
64186,2476,445708,1
64186,4932,445708,1
64186,5212,445708,1
64186,6636,445708,1
64186,7865,445708,1
64186,9262,445708,1
64186,10277,445708,1
64196,4639,445713,1
64207,154,445693,1
64207,5465,445710,1
64233,6235,445698,1
64250,154,445694,1
64250,623,445694,1
64250,2526,445694,1
64250,2787,445694,1
64250,4639,445694,1
64250,4759,445694,1
64250,5480,445694,1
64250,5853,445694,1
64250,6043,445694,1
64250,6104,445694,1
64250,6488,445694,1
64250,6784,445694,1
64250,6879,445694,1
64250,7529,445694,1
64250,7569,445694,1
64250,9241,445694,2
64250,9709,445694,1
64250,10540,445694,1
64250,11255,445694,1
64257,2168,445761,1
64265,4480,445711,1
64265,4989,445711,1
64265,9262,445711,1
64265,10120,445711,1
64272,785,445708,1
64272,1548,445708,1
64272,2459,445708,1
64272,4383,445708,1
64272,10169,445708,1
64282,7454,445714,1
64297,308,445759,1
64297,2911,445759,1
64300,1214,445698,1
64302,3815,445759,1
64316,313,445708,1
64316,1174,445708,1
64316,9461,445708,1
64318,2809,445714,1
64320,405,445695,1
64320,4762,445695,1
64320,5197,445695,1
64322,8062,445689,1
64336,7754,445705,1
64336,9579,445705,1
64341,722,445697,1
64341,3965,445697,1
64346,10297,445742,1
64354,3815,445760,1
64356,154,445691,1
64357,185,445718,1
64357,4171,445718,1
64357,4639,445718,1
64357,6784,445718,1
64357,7132,445718,1
64357,9547,445718,1
64357,10120,445718,1
64359,530,445691,1
64359,1388,445691,1
64359,2330,445691,1
64359,3870,445691,1
64359,6683,445691,1
64364,4639,445689,1
64371,3809,445709,1
64411,154,445691,1
64411,11386,445691,1
64432,1570,445692,1
64432,9138,445692,1
64432,11386,445692,1
64450,154,445735,1
64452,7398,445692,1
64452,8016,445692,1
64452,9083,445692,1
64452,9579,445692,1
64453,722,445702,1
64468,2809,445715,1
64468,5858,445715,1
64498,1334,445718,1
64498,1871,445718,1
64509,395,445716,1
64509,3342,445716,1
64509,4762,445716,1
64509,5197,445716,1
64513,4210,445760,1
64516,154,445736,1
64521,1164,445701,1
64521,4639,445701,1
64525,10026,445742,1
64553,6144,445708,1
64553,8016,445708,1
64568,154,445760,1
64568,2394,445760,1
64582,6458,445715,1
64586,154,445692,1
64597,6235,445695,1
64597,9262,445695,1
64601,10761,445761,1
64610,1574,445690,1
64610,9262,445690,1
64610,10893,445690,1
64612,1373,445694,1
64612,10764,445694,1
64660,6350,445698,1
64661,777,445713,1
64661,4639,445703,1
64661,4639,445713,1
64670,9262,445699,1
64704,10120,445735,1
64706,154,445735,1
64709,2302,445715,1
64709,3401,445700,1
64709,4344,445715,1
64709,5008,445700,1
64709,8063,445715,1
64709,9262,445715,1
64709,10120,445715,1
64711,3728,445690,1
64711,6488,445690,1
64711,8353,445690,1
64711,9289,445690,1
64711,10904,445690,1
64714,4669,445692,1
64714,10001,445692,1
64717,687,445761,1
64717,798,445761,1
64717,2535,445761,1
64717,4762,445761,1
64717,5197,445761,1
64717,7167,445761,1
64717,8063,445761,1
64717,10426,445761,1
64717,10998,445761,1
64741,1190,445690,1
64741,1537,445690,1
64741,2036,445690,1
64741,2847,445690,1
64741,3188,445690,1
64741,3401,445690,1
64741,4639,445690,1
64741,8791,445690,1
64741,9262,445690,1
64748,1202,445695,1
64755,9138,445695,1
64756,6095,445701,1
64756,9282,445701,1
64765,368,445690,1
64765,2056,445696,2
64765,3276,445690,1
64765,3401,445690,1
64765,3401,445696,2
64765,7441,445690,1
64765,9262,445690,1
64765,9262,445696,2
64765,10936,445690,1
64765,10936,445696,2
64774,4989,445708,1
64774,5681,445708,1
64774,7754,445708,1
64782,10529,445711,1
64794,2061,445708,1
64797,154,445695,1
64797,1836,445691,1
64797,10340,445695,1
64798,1649,445761,1
64798,2809,445761,1
64798,5735,445761,1
64798,7978,445761,1
64798,8220,445761,1
64798,9262,445761,1
64814,2618,445692,1
64814,3082,445761,1
64814,4639,445692,1
64814,4639,445761,1
64814,5518,445761,1
64814,5595,445761,1
64814,9262,445692,1
64814,9974,445692,1
64814,10516,445692,1
64814,10516,445761,1
64814,10761,445692,1
64837,5532,445735,1
64849,8712,445704,1
64856,3401,445758,1
64859,2781,445759,1
64881,5011,445761,1
64881,6845,445761,1
64883,2827,445759,1
64883,5582,445759,1
64894,2809,445707,1
64894,5862,445707,1
64896,540,445708,1
64896,3638,445708,1
64896,5858,445708,1
64896,8062,445734,1
64900,10120,445712,1
64905,1142,445700,1
64905,4639,445700,1
64920,10544,445710,1
64940,3401,445707,1
64940,9262,445707,1
64940,11069,445707,1
64943,3342,445718,1
64954,8699,445700,1
64959,6956,445701,1
64961,4570,445695,1
64961,10299,445695,1
64970,4222,445699,1
64970,4639,445696,1
64970,6995,445696,1
64982,8136,445759,1
64985,4639,445700,1
64986,8062,445699,1
64987,4639,445694,1
64993,2392,445706,1
64995,428,445692,1
64995,3625,445692,1
64995,10248,445692,1
64995,10512,445692,1
65000,422,445710,1
65000,722,445710,1
65000,722,445716,1
65000,722,445761,1
65000,1054,445759,1
65000,1529,445761,1
65000,1574,445716,1
65000,2096,445710,1
65000,2096,445716,1
65000,2096,445761,1
65000,2861,445710,1
65000,3091,445761,1
65000,3544,445716,1
65000,3812,445761,1
65000,4043,445716,1
65000,4705,445759,1
65000,4747,445759,1
65000,5216,445759,1
65000,6888,445759,1
65000,6984,445759,1
65000,7112,445716,1
65000,7132,445716,1
65000,8317,445761,1
65000,8407,445761,1
65000,8717,445761,1
65000,8837,445761,1
65000,8859,445761,1
65000,8868,445710,1
65000,8868,445716,1
65000,8868,445761,1
65000,8941,445759,1
65000,9262,445759,1
65000,9536,445710,1
65000,9536,445716,1
65000,9536,445761,1
65000,9901,445761,1
65000,10119,445716,1
65000,10288,445761,1
65000,10293,445710,1
65018,9490,445699,1
65018,9490,445718,1
65023,1537,445692,1
65024,154,445693,1
65033,2809,445692,1
65035,4762,445759,1
65035,11039,445759,1
65043,3349,445735,1
65047,6784,445759,1
65051,10120,445716,1
65056,9954,445690,1
65068,5474,445709,1
65068,7132,445709,1
65068,7134,445709,1
65078,154,445697,1
65078,1814,445697,1
65078,11353,445697,1
65107,4480,445689,1
65107,4639,445689,1
65123,6248,445716,1
65131,2809,445704,1
65131,8016,445704,1
65131,9262,445704,1
65157,154,445693,1
65157,1164,445693,1
65157,4639,445693,1
65157,6784,445693,1
65157,7132,445693,1
65157,8062,445693,1
65157,8791,445693,1
65157,9138,445693,1
65167,154,445698,1
65167,4027,445698,1
65188,405,445691,1
65188,722,445691,1
65188,1142,445691,1
65188,1164,445691,1
65188,3401,445691,1
65188,8016,445691,1
65188,9138,445691,1
65224,853,445760,1
65228,4639,445715,1
65228,5905,445715,1
65231,9138,445694,1
65237,154,445742,1
65237,4762,445742,1
65237,10529,445742,1
65237,11386,445742,1
65262,7428,445716,1
65272,8000,445708,1
65292,154,445711,1
65303,6019,445741,1
65303,10248,445741,1
65312,9374,445701,1
65316,10195,445717,1
65316,11008,445717,1
65322,124,445734,1
65322,11386,445734,1
65324,722,445690,1
65324,1115,445690,1
65324,7569,445690,1
65324,8016,445690,1
65336,2367,445695,1
65341,1861,445708,1
65341,4434,445708,1
65341,4793,445708,1
65341,5803,445708,1
65341,6857,445708,1
65354,722,445691,1
65360,10395,445717,1
65365,8170,445708,1
65372,8791,445689,1
65378,798,445709,1
65386,4639,445692,1
65386,4762,445692,1
65386,8791,445692,1
65388,3118,445692,1
65388,4411,445692,1
65391,9797,445741,1
65449,722,445716,1
65449,2723,445716,1
65449,3076,445716,2
65449,3728,445716,2
65449,9286,445716,2
65449,10042,445716,2
65467,4639,445716,1
65467,11386,445716,1
65472,2403,445700,1
65472,6068,445700,1
65473,5687,445718,1
65475,154,445711,1
65475,3638,445711,1
65475,4344,445711,1
65475,10120,445711,1
65491,10120,445715,1
65498,722,445690,1
65498,722,445691,2
65498,2774,445691,2
65498,3401,445691,2
65498,3728,445690,1
65498,3728,445691,2
65498,6237,445691,2
65498,6995,445691,2
65498,8062,445691,2
65498,9262,445690,1
65498,9262,445691,2
65498,10390,445691,2
65498,10625,445691,2
65514,5648,445700,1
65516,1762,445717,1
65516,6736,445717,1
65521,2662,445701,1
65546,1469,445761,1
65546,1841,445761,1
65546,2604,445761,1
65546,3499,445761,1
65546,7841,445761,1
65546,9262,445761,1
65546,10629,445761,1
65546,10725,445761,1
65546,10824,445761,1
65551,467,445741,1
65574,1789,445711,1
65575,9262,445717,1
65577,154,445700,1
65586,1316,445697,1
65586,8062,445697,1
65602,6730,445698,1
65627,7132,445700,1
65636,1237,445690,1
65636,3701,445690,1
65636,6910,445690,1
65636,7846,445690,1
65636,7966,445690,1
65636,8062,445690,1
65636,8194,445690,1
65636,10643,445690,1
65638,3401,445714,1
65638,9262,445697,1
65638,9262,445714,2
65644,3728,445717,1
65644,10120,445717,1
65647,301,445695,1
65647,835,445695,1
65647,835,445707,1
65647,2420,445734,1
65647,4755,445734,1
65647,5474,445695,1
65647,9262,445734,2
65647,10328,445695,2
65668,154,445699,1
65676,185,445718,1
65676,2633,445718,1
65676,3821,445718,1
65676,5040,445718,1
65676,6938,445718,1
65676,9687,445718,1
65676,11386,445718,1
65681,6202,445689,1
65715,154,445691,1
65734,9262,445736,1
65736,6328,445691,1
65739,154,445703,1
65739,7572,445703,1
65739,7794,445703,1
65739,8159,445703,1
65822,9448,445705,1
65822,10120,445705,1
65823,929,445701,1
65829,4569,445689,1
65829,9138,445689,1
65830,1475,445699,1
65830,3385,445699,1
65830,3500,445699,1
65830,4475,445699,1
65830,4692,445699,1
65830,5936,445699,1
65830,6238,445699,1
65830,6709,445699,1
65830,6784,445699,1
65830,7132,445699,1
65830,8470,445699,1
65830,8825,445699,1
65830,9138,445699,1
65830,9519,445699,1
65830,9771,445699,1
65845,773,445712,1
65858,722,445690,1
65858,3638,445690,1
65861,5681,445701,1
65861,7782,445701,1
65861,9490,445701,1
65864,9709,445696,1
65864,10789,445696,1
65886,9262,445710,1
65886,10120,445710,1
65898,327,445704,1
65898,327,445713,1
65898,327,445735,2
65898,327,445736,1
65898,327,445759,2
65898,4581,445704,1
65898,4581,445713,1
65898,4581,445735,2
65898,4581,445736,1
65898,4581,445759,2
65902,1873,445710,1
65902,6737,445710,1
65902,8959,445710,1
65912,3401,445700,1
65912,9262,445700,1
65913,154,445693,1
65929,154,445717,1
65929,10120,445717,1
65953,1941,445718,1
65953,2593,445718,1
65953,5367,445718,1
65953,9541,445718,1
65953,11098,445718,1
65961,10614,445742,1
65971,5465,445761,1
65971,6235,445761,1
65974,154,445704,1
65981,2820,445761,1
65987,2422,445696,1
65989,11021,445718,1
66015,1414,445696,1
66028,4212,445702,1
66028,10120,445702,1
66028,10939,445702,1
66031,589,445690,1
66031,4639,445690,1
66031,9262,445690,1
66040,5094,445713,1
66040,5465,445713,1
66040,8062,445713,1
66066,8681,445695,1
66069,6784,445714,1
66074,1190,445701,1
66074,2096,445701,1
66074,3260,445701,1
66076,7456,445696,1
66087,3401,445735,1
66087,7132,445735,1
66113,4813,445718,1
66115,9603,445696,1
66116,1880,445741,1
66117,4639,445701,1
66120,2445,445713,1
66120,5465,445713,1
66120,6784,445713,1
66121,4639,445690,1
66142,929,445715,1
66149,8882,445692,1
66149,10620,445736,1
66156,10012,445711,1
66174,340,445691,1
66174,1202,445691,1
66174,7652,445691,1
66175,2809,445699,1
66175,8062,445699,1
66175,10195,445699,1
66180,6870,445734,1
66197,2509,445709,1
66218,8361,445760,1
66226,4594,445741,1
66231,154,445694,2
66231,2712,445694,2
66231,3912,445694,2
66244,6582,445692,1
66245,3401,445691,1
66245,3638,445691,1
66245,6784,445691,1
66245,9138,445691,1
66247,10039,445689,1
66253,3252,445699,1
66258,3728,445713,1
66265,154,445696,1
66265,154,445735,1
66265,2302,445735,1
66265,3401,445735,1
66265,4132,445735,1
66265,8220,445735,1
66265,9262,445735,1
66265,10205,445696,1
66265,10527,445735,1
66280,8355,445697,1
66295,6475,445760,1
66316,8062,445689,1
66321,54,445695,1
66321,1537,445695,1
66321,7370,445695,1
66321,8957,445695,1
66321,9224,445695,1
66321,9474,445695,1
66321,10739,445695,1
66322,6514,445705,1
66344,8387,445718,1
66349,6110,445707,1
66353,2809,445711,1
66353,9262,445711,1
66353,10120,445711,1
66353,11111,445711,1
66378,6845,445759,1
66378,7473,445761,1
66378,9262,445707,1
66378,9262,445761,1
66407,154,445704,1
66407,4639,445704,1
66408,185,445698,1
66408,2003,445698,1
66443,9262,445693,1
66443,10744,445693,1
66461,945,445693,1
66471,154,445695,2
66471,3038,445695,2
66471,6683,445695,2
66492,1142,445742,1
66492,1194,445742,1
66498,722,445760,1
66498,8434,445760,1
66498,8910,445760,1
66500,1094,445691,2
66514,722,445693,1
66514,2302,445693,1
66514,3871,445693,1
66514,7886,445693,1
66514,7956,445693,1
66514,10224,445693,1
66516,3750,445709,1
66516,6810,445709,1
66516,9262,445709,1
66535,4705,445689,1
66535,9326,445689,1
66535,10743,445736,1
66558,9262,445690,1
66558,10374,445690,1
66564,154,445698,1
66564,835,445698,1
66564,8681,445698,1
66566,1392,445709,1
66582,8958,445706,1
66582,9431,445706,1
66586,722,445694,1
66590,3382,445703,1
66594,2880,445735,1
66613,154,445693,1
66622,3728,445708,1
66622,5465,445708,1
66622,7013,445708,1
66627,3401,445693,1
66627,9262,445693,1
66627,9941,445693,1
66631,1391,445736,2
66631,1595,445736,1
66631,1649,445736,1
66631,1923,445736,1
66631,4964,445736,1
66631,6905,445736,1
66631,8235,445736,1
66631,8566,445736,1
66631,9262,445736,1
66636,6932,445711,1
66636,7428,445711,1
66661,154,445711,1
66661,722,445692,1
66661,2677,445711,1
66661,3401,445692,1
66661,3401,445711,1
66661,3820,445711,1
66661,4639,445692,1
66661,4639,445711,1
66661,4762,445692,1
66661,5480,445692,1
66661,8016,445692,1
66661,9262,445711,1
66661,11297,445711,1
66663,7722,445689,1
66672,405,445717,1
66682,154,445706,1
66682,8063,445706,1
66682,8391,445706,1
66682,10120,445706,1
66682,10281,445706,1
66683,2086,445718,1
66683,3753,445718,1
66715,154,445705,1
66715,11386,445705,1
66719,154,445689,1
66719,6488,445689,1
66722,154,445695,2
66722,722,445695,2
66722,2561,445695,2
66722,3871,445695,2
66722,4624,445695,2
66722,4639,445695,2
66722,6535,445695,2
66722,6784,445695,2
66722,7080,445695,2
66722,7132,445695,2
66722,8363,445695,2
66722,8681,445695,2
66722,8791,445695,2
66722,9564,445695,2
66724,4989,445707,1
66741,4639,445703,1
66747,5882,445704,1
66759,154,445705,1
66759,4762,445699,1
66759,5197,445699,1
66759,6535,445705,1
66759,8016,445705,1
66759,8062,445705,1
66759,9262,445705,1
66759,9474,445699,1
66759,10439,445699,1
66759,10978,445699,1
66765,4256,445718,1
66783,4762,445713,1
66783,10056,445713,1
66783,10120,445713,1
66795,1115,445702,1
66810,6423,445735,1
66811,6784,445692,1
66811,7132,445692,1
66825,2809,445709,1
66831,1332,445717,1
66831,4761,445717,1
66831,9801,445717,1
66853,4344,445716,1
66876,951,445705,1
66878,956,445712,1
66878,6488,445712,1
66878,7779,445712,1
66878,9262,445712,1
66882,7569,445712,1
66900,1649,445713,1
66900,4571,445713,1
66940,1872,445695,1
66940,4639,445695,1
66940,9138,445695,1
66940,9254,445695,1
66948,969,445735,1
66948,5095,445735,1
66948,7132,445735,1
66948,9736,445735,1
66951,3638,445691,1
66951,6235,445691,2
66951,8177,445691,1
66988,8062,445690,1
66989,4639,445701,1
66991,5858,445759,1
66991,10114,445759,1
66995,154,445693,1
66995,4639,445693,1
67040,9441,445741,1
67057,6514,445710,1
67066,154,445736,1
67066,1072,445736,1
67066,5858,445736,1
67066,10120,445736,1
67070,804,445759,1
67070,5696,445759,1
67093,4639,445691,1
67101,1649,445736,1
67115,1396,445708,1
67130,4639,445693,1
67146,10624,445699,1
67159,1649,445758,1
67159,5011,445758,1
67159,6784,445758,1
67159,7132,445758,1
67159,8220,445758,1
67160,3387,445689,1
67160,3401,445689,1
67160,9262,445689,1
67160,9324,445689,1
67166,2096,445707,1
67166,4989,445707,1
67168,6784,445695,1
67181,5251,445698,1
67194,3638,445712,1
67194,10762,445712,1
67226,10120,445736,1
67228,3118,445700,1
67228,4755,445700,1
67228,7956,445700,1
67230,2390,445711,1
67233,3401,445709,1
67233,9262,445709,1
67238,2809,445698,1
67238,5858,445698,1
67243,9032,445705,1
67245,4596,445736,1
67245,6464,445736,1
67245,8220,445736,1
67245,8921,445736,1
67255,722,445706,1
67255,7183,445706,1
67266,1880,445760,1
67266,5263,445760,1
67266,6367,445760,1
67266,6784,445760,1
67266,6872,445760,1
67266,7847,445760,1
67266,8550,445760,1
67266,9332,445760,1
67280,154,445698,1
67280,4639,445698,1
67280,7569,445698,1
67280,8791,445698,1
67290,2463,445696,1
67290,3638,445696,1
67290,5094,445696,1
67290,6784,445696,1
67301,4639,445693,1
67301,5197,445693,1
67301,9262,445693,1
67304,310,445711,1
67304,8721,445711,1
67319,9268,445710,1
67326,3401,445759,1
67326,9262,445759,1
67328,11274,445711,1
67334,2085,445689,1
67336,7364,445710,1
67344,10033,445715,1
67349,1316,445711,1
67349,4639,445711,1
67351,6784,445758,1
67362,540,445761,1
67369,4989,445703,1
67373,154,445703,1
67414,154,445693,1
67414,8062,445693,1
67415,1316,445712,1
67415,3638,445715,1
67415,4725,445712,1
67415,6784,445715,1
67415,7132,445715,1
67415,8146,445712,1
67415,9262,445712,1
67415,10666,445712,1
67418,4639,445710,1
67418,9262,445710,1
67418,10120,445710,1
67440,2125,445711,1
67440,3555,445711,1
67440,9262,445711,1
67447,1027,445758,1
67447,6784,445758,1
67466,3401,445761,1
67466,6172,445761,1
67466,8113,445761,1
67466,8601,445761,1
67466,9262,445761,1
67466,11054,445761,1
67472,722,445689,1
67472,1346,445689,1
67472,1491,445689,1
67472,4252,445689,1
67472,5757,445689,1
67472,8181,445689,1
67475,9262,445709,1
67476,5513,445707,1
67476,8016,445707,1
67479,1786,445703,1
67479,5112,445703,1
67479,8472,445703,1
67479,9262,445703,1
67479,11011,445703,1
67493,673,445735,1
67493,6804,445735,1
67504,2955,445761,1
67504,10248,445761,1
67512,154,445742,1
67512,1649,445742,1
67512,4762,445742,1
67512,5197,445742,1
67512,8220,445742,1
67512,10120,445742,1
67512,10529,445742,1
67514,1649,445759,1
67514,8220,445759,1
67519,405,445693,1
67540,154,445707,1
67540,1115,445707,1
67573,4639,445702,1
67586,4989,445712,1
67591,9103,445708,1
67591,10120,445708,1
67594,9520,445695,1
67595,9262,445735,1
67600,1003,445706,1
67600,2809,445696,1
67600,3076,445706,1
67600,6273,445696,1
67605,154,445700,1
67605,1164,445700,1
67608,7428,445695,1
67608,9103,445695,1
67613,9201,445698,1
67618,4639,445703,1
67618,10120,445703,1
67636,6938,445698,1
67638,2509,445690,1
67638,6784,445690,1
67638,8791,445690,1
67643,1316,445711,1
67654,154,445690,2
67654,154,445691,5
67654,722,445690,2
67654,722,445691,5
67654,900,445690,2
67654,900,445691,5
67654,3316,445690,2
67654,3316,445691,5
67654,3401,445690,2
67654,3401,445691,5
67654,5369,445691,5
67654,6492,445691,5
67654,7922,445690,2
67654,7922,445691,5
67654,8016,445690,2
67654,8016,445691,5
67654,9138,445690,2
67654,9138,445691,5
67654,11250,445690,2
67654,11250,445691,5
67654,11386,445690,2
67654,11386,445691,5
67656,3472,445710,1
67672,154,445691,1
67674,8365,445742,1
67675,465,445694,1
67675,4543,445694,1
67675,7310,445694,1
67684,6245,445707,1
67684,6488,445707,1
67686,3750,445716,1
67686,4298,445716,1
67686,9262,445716,1
67715,4344,445709,1
67715,4639,445709,1
67724,1232,445703,1
67724,2292,445703,1
67724,6019,445703,1
67747,1316,445708,1
67747,2548,445708,1
67747,3401,445708,1
67747,3728,445708,1
67747,4639,445708,1
67747,6535,445708,1
67747,6784,445708,1
67747,8016,445708,1
67747,8062,445708,1
67747,9262,445708,1
67754,10120,445735,1
67766,310,445708,1
67766,1316,445708,1
67772,8135,445703,1
67780,8712,445710,1
67783,2092,445735,1
67783,9262,445735,1
67791,9262,445702,1
67791,9262,445708,1
67796,2809,445695,1
67796,2809,445696,1
67808,6784,445708,1
67808,6925,445708,1
67810,2313,445736,4
67816,9490,445759,1
67817,4639,445691,1
67817,8791,445691,1
67824,5465,445713,1
67839,2809,445693,1
67841,2809,445693,1
67847,154,445696,1
67847,3401,445696,1
67847,4639,445696,1
67847,4813,445696,1
67847,6000,445696,1
67847,8791,445696,1
67847,9262,445696,1
67847,11386,445696,1
67850,154,445692,1
67860,8062,445699,1
67871,4762,445691,1
67874,154,445707,1
67874,10120,445707,1
67876,8219,445699,1
67876,9262,445699,1
67880,4639,445714,1
67915,127,445701,1
67924,4531,445711,1
67924,5465,445711,1
67924,9262,445711,1
67937,6488,445700,1
67961,11386,445700,1
67967,154,445700,1
67986,154,445708,1
67986,3401,445709,1
67986,4639,445708,1
67986,4639,445709,1
67986,8016,445708,1
67986,9262,445709,1
67986,10527,445709,1
67998,5011,445761,1
67998,9482,445761,1
68001,722,445702,1
68001,3401,445702,1
68001,3728,445702,1
68001,4639,445702,1
68001,9262,445702,1
68001,10145,445702,1
68032,1978,445735,1
68039,8254,445758,1
68039,9569,445758,1
68039,9646,445758,1
68044,154,445697,1
68044,4639,445697,1
68052,3267,445708,1
68061,10053,445689,1
68063,3401,445695,1
68063,4480,445695,1
68063,4762,445695,1
68078,10614,445700,1
68082,749,445714,1
68119,5783,445698,1
68143,4531,445717,1
68152,5858,445701,1
68152,9023,445701,1
68165,10020,445708,1
68192,154,445691,1
68192,3871,445691,1
68192,4639,445691,1
68201,154,445735,1
68201,10743,445735,1
68204,10616,445691,1
68232,11027,445700,1
68240,2096,445691,1
68240,4023,445691,1
68240,5442,445691,1
68265,5803,445701,1
68274,154,445689,1
68274,1164,445689,1
68274,4639,445689,1
68274,6784,445689,1
68274,7132,445689,1
68274,8062,445689,1
68274,8791,445689,1
68274,9138,445689,1
68277,2064,445716,1
68277,4639,445716,1
68279,4639,445701,1
68282,154,445742,1
68282,4813,445742,1
68282,10529,445742,1
68308,2205,445706,1
68308,7835,445706,1
68308,8651,445706,1
68308,9262,445706,1
68308,10164,445706,1
68357,4639,445699,1
68357,9262,445699,1
68388,5987,445702,1
68395,154,445712,1
68395,3401,445712,1
68395,3946,445712,1
68395,4264,445712,1
68395,4344,445712,1
68395,5475,445712,1
68395,8840,445712,1
68395,9262,445712,1
68395,10444,445712,1
68399,10433,445706,1
68412,3361,445700,1
68425,6215,445758,1
68432,1649,445741,1
68432,7013,445741,1
68432,8220,445741,1
68432,8566,445741,1
68432,11186,445741,1
68442,9262,445692,1
68442,11008,445692,1
68444,1953,445689,1
68444,4017,445689,1
68444,6784,445689,1
68444,7132,445689,1
68444,7844,445689,1
68449,4377,445759,1
68449,4465,445759,1
68449,4585,445759,1
68449,9455,445759,1
68452,154,445692,1
68452,2353,445692,1
68452,3401,445692,1
68452,8415,445692,1
68452,9262,445692,1
68453,3389,445758,1
68453,8710,445758,1
68459,1316,445711,1
68479,4639,445702,1
68487,9262,445708,1
68493,3401,445692,1
68493,6938,445692,1
68494,9138,445690,1
68494,9262,445690,1
68527,340,445758,1
68527,4358,445758,1
68527,9262,445758,1
68527,9885,445758,1
68527,10965,445758,1
68530,7374,445696,1
68530,10261,445696,1
68532,2096,445717,1
68532,10426,445717,1
68539,4639,445741,1
68540,3077,445716,1
68558,154,445692,1
68558,8681,445692,1
68591,895,445707,1
68597,4989,445696,1
68598,6938,445699,1
68598,11386,445699,1
68603,5400,445697,1
68603,10195,445697,1
68604,6514,445718,1
68604,10248,445718,1
68614,1595,445708,1
68614,1649,445708,1
68614,2431,445708,1
68614,5324,445708,1
68614,5860,445708,1
68614,7013,445708,2
68614,7564,445708,1
68628,154,445691,1
68630,6784,445699,1
68643,8322,445700,1
68643,9262,445700,1
68643,10768,445700,1
68644,154,445706,1
68644,722,445706,1
68644,2740,445706,1
68651,10095,445713,1
68674,411,445690,1
68674,3401,445690,1
68674,3519,445690,1
68674,4639,445690,1
68674,5081,445690,1
68674,6071,445690,1
68674,7386,445690,1
68674,7569,445690,1
68674,8191,445690,1
68674,8791,445690,1
68674,9704,445690,1
68674,10115,445690,1
68674,10248,445690,1
68674,10694,445690,1
68674,11386,445690,1
68682,1649,445735,1
68688,2730,445705,1
68691,3645,445693,1
68716,11341,445718,1
68753,5465,445711,1
68757,405,445702,1
68757,722,445702,1
68763,433,445712,1
68763,1310,445712,1
68763,1762,445712,1
68763,6001,445712,1
68763,6970,445712,1
68763,7569,445712,1
68763,8593,445712,1
68763,11011,445712,1
68825,3715,445700,1
68838,154,445735,1
68841,4639,445698,1
68841,7436,445698,1
68842,3885,445759,2
68854,1094,445696,1
68858,2809,445692,1
68858,8681,445692,1
68878,722,445691,1
68878,4639,445691,1
68878,4989,445691,1
68878,9262,445691,1
68896,8792,445710,1
68897,4073,445691,1
68897,4073,445692,1
68897,4073,445694,1
68897,4073,445698,1
68897,4305,445691,1
68897,4305,445692,1
68897,4305,445694,1
68897,4305,445698,1
68897,4305,445699,1
68897,4305,445702,1
68897,8711,445691,1
68897,8711,445692,1
68897,8711,445694,1
68897,8711,445698,1
68897,8711,445699,1
68897,8711,445702,1
68898,9577,445701,1
68902,8686,445701,1
68902,8712,445701,1
68902,11386,445701,1
68904,2445,445701,1
68913,1258,445695,1
68925,4639,445760,1
68931,1334,445689,1
68931,4171,445689,1
68931,8584,445689,1
68935,1164,445735,1
68935,1649,445735,2
68935,2548,445735,1
68935,3750,445735,1
68935,7097,445735,1
68935,9536,445735,1
68935,10529,445735,1
68935,11386,445735,1
68959,5482,445710,1
68959,8216,445710,1
68976,3076,445711,1
68977,9751,445697,1
68996,154,445758,1
68998,4207,445702,1
68998,11344,445702,1
69001,137,445704,1
69001,154,445704,1
69028,4639,445710,1
69028,5474,445710,1
69028,10120,445710,1
69047,4037,445715,1
69047,4344,445715,1
69065,5782,445734,1
69081,1595,445691,1
69081,2545,445691,1
69088,1926,445715,1
69099,154,445708,1
69150,3401,445758,1
69150,3638,445758,1
69150,3713,445758,1
69150,9186,445758,1
69150,10333,445758,1
69179,6135,445715,1
69179,8170,445715,1
69187,154,445705,1
69187,3076,445705,1
69194,722,445691,1
69194,3638,445691,1
69194,8016,445691,1
69194,8791,445691,1
69207,1537,445715,1
69207,4639,445715,1
69207,9262,445715,1
69207,10120,445715,1
69207,10529,445715,1
69208,154,445692,1
69208,1731,445692,1
69208,10692,445692,1
69222,9490,445703,1
69230,154,445689,1
69230,1537,445689,1
69230,9305,445689,1
69242,7052,445705,1
69244,1537,445691,1
69244,3401,445691,1
69244,6784,445691,1
69244,7132,445691,1
69244,8791,445691,1
69244,9262,445691,1
69246,7862,445690,1
69246,9262,445690,1
69260,722,445705,1
69260,4755,445705,1
69260,6784,445705,1
69260,8686,445705,1
69282,154,445714,1
69282,1537,445714,1
69282,3401,445714,1
69282,4639,445714,1
69282,5480,445714,1
69282,5482,445714,1
69282,7127,445714,1
69282,7569,445714,1
69282,8063,445714,1
69282,9138,445714,1
69282,9262,445714,1
69282,9466,445714,1
69287,154,445691,1
69290,3269,445706,1
69299,154,445700,1
69309,9262,445760,1
69317,2803,445760,1
69317,4639,445760,1
69317,8761,445760,1
69318,6235,445689,1
69319,1649,445760,1
69319,7013,445760,1
69319,7509,445760,1
69329,6750,445708,1
69346,3081,445716,1
69360,2809,445693,1
69360,6514,445693,1
69362,3638,445690,1
69362,6235,445690,1
69362,8177,445690,1
69362,9138,445690,1
69382,722,445694,1
69389,485,445761,1
69389,3401,445761,1
69389,5011,445761,1
69389,5094,445761,2
69389,9262,445761,1
69402,3580,445715,1
69403,6616,445711,1
69411,2814,445696,1
69440,154,445691,1
69440,722,445691,1
69440,835,445691,1
69447,10426,445715,1
69456,9318,445742,1
69459,7055,445742,1
69462,2809,445692,1
69462,2809,445702,1
69470,735,445689,1
69470,3321,445735,1
69470,3638,445689,1
69470,3638,445735,1
69470,4669,445735,1
69470,6235,445689,1
69470,7132,445689,1
69470,7132,445735,1
69470,7796,445735,1
69470,8904,445735,1
69487,154,445689,2
69487,1164,445689,1
69487,4639,445689,1
69487,6784,445689,1
69487,7132,445689,1
69487,8062,445689,1
69487,8791,445689,1
69487,9138,445689,1
69489,1313,445735,1
69504,9262,445759,1
69513,722,445690,1
69513,1853,445690,1
69513,9138,445690,1
69513,11386,445690,1
69534,154,445759,1
69534,5011,445759,1
69541,154,445693,1
69541,3401,445693,1
69541,3728,445693,1
69541,9138,445693,1
69541,9262,445693,1
69542,4639,445711,1
69552,405,445717,1
69552,5513,445717,1
69593,154,445717,1
69593,4813,445717,1
69593,5566,445717,1
69600,4639,445704,1
69618,1316,445715,1
69618,3728,445715,1
69622,3346,445715,1
69622,3713,445715,1
69622,8062,445715,1
69622,9359,445715,1
69622,9779,445715,1
69631,1316,445708,1
69631,3638,445708,1
69647,405,445713,1
69647,735,445713,1
69647,3583,445713,1
69647,8752,445713,1
69708,10529,445715,1
69735,2809,445698,1
69737,154,445742,1
69761,3401,445690,1
69761,4639,445690,1
69761,9262,445690,1
69768,722,445697,1
69776,185,445742,1
69776,10248,445742,1
69797,722,445696,1
69797,3401,445696,1
69797,5501,445696,1
69797,9138,445696,1
69824,10692,445696,1
69826,5168,445716,1
69826,5952,445716,1
69826,6784,445716,1
69826,6857,445716,1
69826,9723,445716,1
69829,5239,445758,1
69831,1649,445736,1
69833,722,445758,1
69833,3401,445758,1
69833,5286,445758,1
69833,6822,445758,1
69833,7097,445758,1
69833,7262,445758,1
69836,154,445709,1
69836,3106,445709,1
69836,7569,445709,1
69836,8016,445709,1
69836,8681,445709,1
69836,9536,445709,1
69837,5465,445713,1
69837,8062,445713,1
69857,2548,445692,1
69857,4639,445692,1
69857,9262,445692,1
69875,6781,445701,1
69882,961,445718,1
69882,1560,445718,1
69889,8315,445761,1
69889,10077,445761,1
69889,11039,445761,1
69893,10548,445696,1
69899,1870,445760,1
69910,6784,445760,1
69912,11028,445691,1
69915,722,445702,1
69916,606,445706,1
69916,2809,445706,1
69916,6367,445706,1
69925,1164,445709,1
69925,1537,445709,1
69925,3638,445709,1
69925,4639,445709,1
69925,5501,445709,1
69925,6535,445709,1
69925,7569,445709,1
69925,8062,445709,1
69925,8063,445709,1
69930,8016,445703,1
69931,8062,445709,1
69939,1166,445689,1
69939,1166,445692,1
69939,2362,445689,1
69939,2362,445692,1
69939,3073,445689,1
69939,3073,445692,1
69939,4370,445689,1
69939,4370,445692,1
69939,6077,445689,1
69939,6077,445692,1
69939,6314,445689,1
69939,6314,445692,1
69939,9176,445689,1
69939,9176,445692,1
69939,9338,445689,1
69939,9338,445692,1
69939,10516,445689,1
69939,10516,445692,1
69947,4639,445690,1
69947,4639,445700,1
69956,1316,445741,1
69956,3815,445741,1
69956,4639,445741,1
69956,5465,445741,1
69959,2772,445709,1
69977,7993,445699,1
69978,154,445734,1
69979,3076,445710,1
69979,7013,445710,1
69993,914,445717,1
69993,6784,445717,1
69993,7132,445717,1
69993,10761,445717,1
70015,9262,445692,1
70019,619,445699,1
70019,4639,445699,1
70019,10120,445699,1
70038,9190,445689,1
70038,11109,445689,1
70046,2572,445711,1
70058,11386,445699,1
70066,2752,445690,1
70066,6019,445690,1
70066,6248,445690,1
70066,7398,445690,1
70069,7013,445707,1
70069,10120,445707,1
70076,1143,445690,1
70076,3380,445690,1
70076,5191,445690,1
70079,154,445714,1
70079,3076,445714,1
70079,3401,445714,1
70079,9262,445714,1
70080,8218,445735,1
70080,11386,445735,1
70098,6423,445735,1
70098,8712,445735,1
70118,1094,445716,1
70133,1300,445710,1
70133,4157,445710,1
70133,5613,445710,1
70133,6586,445710,1
70134,154,445691,1
70134,7569,445691,1
70143,9490,445703,1
70151,7013,445701,1
70151,8566,445701,2
70152,5300,445704,1
70152,6721,445704,1
70156,2090,445710,1
70163,7723,445712,1
70172,154,445705,1
70172,3871,445705,1
70172,6120,445705,1
70186,405,445690,1
70186,4762,445690,1
70186,5197,445690,1
70211,5465,445712,1
70211,7132,445712,1
70222,8062,445699,1
70227,4639,445690,1
70230,154,445717,1
70230,1316,445699,1
70230,3638,445703,1
70230,5396,445699,1
70230,6535,445699,1
70230,6535,445703,1
70230,7569,445699,1
70230,8681,445699,1
70230,9328,445717,1
70230,10120,445717,1
70232,8062,445693,1
70243,2153,445697,1
70243,8556,445697,1
70243,9787,445697,1
70248,3510,445704,1
70262,2809,445734,1
70267,3728,445705,1
70267,8868,445705,1
70267,9262,445705,1
70267,10224,445705,1
70308,154,445692,1
70308,1172,445692,1
70308,1747,445692,1
70308,2770,445692,1
70308,3054,445692,1
70308,3252,445692,1
70308,3401,445692,1
70308,3894,445692,1
70308,5069,445692,1
70308,9262,445692,1
70308,10516,445692,1
70309,801,445706,1
70309,1318,445706,1
70321,4762,445696,1
70335,3638,445714,1
70335,6094,445714,1
70335,6784,445714,1
70335,7132,445714,1
70358,2090,445718,1
70370,7317,445713,1
70390,4639,445717,1
70390,6784,445717,1
70390,7132,445717,1
70390,8016,445717,1
70390,11386,445717,1
70421,4392,445735,1
70421,7043,445735,1
70427,154,445735,1
70427,3734,445735,1
70427,7569,445735,1
70427,8675,445735,1
70427,10833,445735,1
70429,10403,445691,1
70433,154,445712,1
70433,6535,445712,1
70433,8016,445712,1
70435,2809,445715,1
70448,1164,445735,1
70456,154,445698,1
70470,5286,445714,1
70470,9496,445714,1
70479,2809,445694,1
70479,5858,445695,1
70479,7922,445694,1
70511,1316,445714,1
70511,5465,445714,1
70511,8062,445714,1
70549,9138,445711,1
70550,9083,445700,1
70557,258,445705,1
70557,1719,445705,1
70557,3762,445705,1
70557,6583,445705,1
70557,7843,445705,1
70577,2064,445695,1
70577,4140,445695,1
70578,154,445703,1
70578,10109,445703,1
70578,10120,445703,1
70580,154,445716,1
70580,7343,445716,1
70607,5625,445691,1
70607,9856,445691,1
70618,1316,445710,1
70618,1537,445710,1
70618,3946,445710,1
70618,4639,445710,1
70618,5465,445710,1
70618,7569,445710,1
70618,8062,445710,1
70618,8063,445710,1
70618,10120,445710,1
70657,6985,445703,1
70657,11386,445703,1
70673,9262,445701,1
70695,2457,445706,1
70695,10369,445706,1
70695,10654,445706,2
70701,2809,445713,1
70707,4762,445742,1
70738,1094,445707,1
70740,2606,445758,1
70752,11386,445690,1
70764,3401,445712,1
70764,9262,445712,1
70766,5862,445759,1
70772,5420,445698,1
70787,2868,445706,1
70799,11386,445703,1
70812,7783,445760,1
70816,4036,445700,1
70859,2809,445708,4
70881,5236,445705,1
70885,9875,445696,1
70887,6248,445717,1
70887,8109,445717,1
70887,11326,445717,1
70919,6784,445702,1
70919,8062,445702,1
70920,1316,445710,1
70920,8062,445710,1
70932,2101,445702,1
70946,6030,445760,2
70954,154,445691,1
70955,10426,445700,1
70963,1551,445695,1
70971,1316,445710,1
70971,5094,445710,1
70971,7323,445710,1
70971,8016,445710,1
70971,8062,445710,1
70971,11386,445710,1
70979,1142,445696,1
70979,1142,445715,1
70979,1142,445760,1
70979,4400,445696,1
70979,4400,445715,1
70979,4400,445760,1
70979,6784,445696,1
70979,6784,445715,1
70979,6784,445760,1
70979,9262,445696,1
70979,9262,445715,1
70979,9262,445760,1
70988,4515,445692,1
70988,9029,445692,1
70995,10684,445704,1
71011,4480,445703,1
71020,5564,445736,1
71020,6327,445736,1
71026,2238,445735,1
71026,9347,445735,1
71026,10120,445735,1
71026,10489,445735,1
71039,3165,445694,2
71054,722,445699,1
71054,8016,445699,1
71054,8062,445699,1
71060,8427,445759,1
71065,6938,445718,1
71067,1164,445689,1
71067,8062,445689,1
71076,11222,445703,1
71081,8231,445710,1
71082,6938,445711,1
71085,1094,445701,1
71091,7485,445709,1
71096,154,445699,1
71127,4989,445707,1
71161,4023,445716,1
71161,7328,445716,1
71161,11236,445716,1
71164,2395,445702,1
71170,1548,445715,1
71170,3380,445715,1
71170,10849,445715,2
71174,6820,445761,1
71174,7023,445761,1
71184,1480,445761,1
71184,1574,445761,1
71184,1651,445760,1
71184,1909,445761,1
71184,5166,445761,4
71184,5736,445760,1
71184,6812,445761,1
71184,6867,445761,4
71184,7727,445761,1
71184,9369,445761,1
71184,9741,445761,1
71185,6514,445694,1
71196,1986,445742,1
71196,10669,445742,1
71197,4639,445697,1
71197,9138,445697,1
71199,4713,445713,1
71203,154,445692,1
71203,4639,445691,1
71204,847,445711,2
71204,1630,445711,1
71221,8062,445713,1
71237,7723,445695,1
71264,687,445714,1
71264,2096,445714,1
71264,4762,445714,1
71264,4989,445714,1
71264,5474,445714,1
71264,8868,445714,1
71264,10224,445714,1
71264,10426,445714,1
71271,154,445698,1
71278,10802,445761,1
71280,154,445696,1
71284,1394,445692,1
71284,3401,445692,1
71284,9262,445692,1
71294,154,445735,1
71294,9262,445735,1
71305,4285,445760,1
71305,10554,445760,1
71310,3437,445698,1
71310,4639,445698,1
71311,722,445702,1
71325,4762,445717,1
71325,4793,445717,1
71325,6488,445717,1
71325,10426,445717,1
71343,2418,445758,1
71343,8337,445758,1
71374,3728,445705,1
71374,4207,445705,1
71374,4762,445705,1
71374,8062,445705,1
71374,10426,445705,1
71383,8062,445736,1
71385,154,445712,1
71390,5474,445690,1
71390,9262,445690,1
71390,9262,445708,1
71408,1151,445698,1
71410,896,445716,1
71412,468,445760,1
71447,1595,445694,1
71447,7110,445694,1
71447,8195,445694,1
71447,11116,445694,1
71448,4639,445702,1
71458,8096,445701,1
71470,3401,445691,1
71470,9262,445691,1
71489,1676,445694,1
71492,9439,445691,1
71521,917,445692,1
71521,3010,445742,1
71521,3884,445742,1
71521,5847,445742,1
71521,6299,445742,1
71541,722,445710,1
71543,2416,445710,1
71543,5750,445710,1
71543,6923,445710,1
71543,8213,445710,1
71543,9668,445710,1
71566,1454,445717,1
71566,3880,445717,1
71566,7398,445717,1
71577,2507,445700,1
71595,2809,445704,1
71595,4508,445704,1
71598,3342,445716,1
71598,5162,445716,1
71598,10426,445716,1
71598,10998,445716,1
71615,6404,445703,1
71638,5217,445710,1
71638,5747,445710,1
71638,7936,445710,1
71647,1649,445709,1
71647,11058,445709,1
71654,5226,445712,1
71654,9114,445712,1
71654,10529,445712,1
71655,9138,445714,1
71661,11392,445735,1
71673,154,445703,1
71673,1316,445703,1
71673,8016,445703,1
71673,9262,445703,1
71676,3448,445708,2
71690,722,445704,1
71690,4989,445704,1
71690,5579,445704,1
71690,9377,445704,1
71720,154,445690,2
71720,154,445708,1
71720,1396,445708,1
71720,9761,445690,1
71724,3293,445709,1
71727,2738,445718,1
71729,6514,445691,1
71730,3676,445706,1
71739,1703,445736,1
71739,5244,445736,1
71754,10012,445718,1
71760,6765,445715,1
71760,9262,445715,1
71760,10957,445715,1
71768,8016,445735,1
71773,11386,445698,1
71774,154,445718,1
71774,1142,445718,1
71774,3342,445713,1
71774,3401,445713,1
71774,4171,445713,1
71776,1316,445711,1
71776,9138,445711,1
71777,722,445709,1
71777,6514,445709,1
71777,6784,445709,1
71778,6019,445715,1
71778,6271,445715,1
71778,7028,445715,1
71784,6019,445758,1
71784,6845,445758,1
71790,2096,445708,1
71804,1813,445700,1
71867,310,445698,1
71867,4762,445698,1
71874,154,445696,1
71874,8008,445696,1
71875,4344,445742,1
71889,641,445695,1
71889,641,445707,1
71889,641,445708,1
71889,641,445709,2
71889,641,445736,1
71889,5733,445736,1
71889,8016,445695,1
71889,8016,445707,1
71889,8016,445708,1
71889,8016,445709,2
71889,8712,445736,1
71889,9262,445695,1
71889,9262,445707,1
71889,9262,445708,1
71889,9262,445709,2
71889,9262,445736,3
71889,11289,445736,1
71916,5283,445718,1
71920,7840,445760,1
71926,5858,445695,1
71926,7328,445695,1
71926,8016,445695,1
71930,7228,445691,1
71933,2411,445718,1
71957,5815,445691,1
71957,9262,445691,1
71962,4762,445714,1
71978,1634,445760,1
71993,2096,445710,1
71993,7956,445710,1
72035,154,445735,1
72035,4762,445735,1
72035,5197,445735,1
72035,9447,445735,1
72035,10120,445735,1
72056,154,445698,1
72056,8754,445698,1
72056,9318,445698,1
72063,1649,445734,1
72063,6784,445734,1
72069,3359,445705,1
72075,4639,445690,1
72084,2809,445699,1
72094,3946,445699,1
72094,3946,445703,1
72094,4344,445699,1
72094,4344,445703,1
72113,6899,445704,1
72124,10529,445710,1
72140,8016,445698,1
72162,3401,445692,1
72162,7922,445692,1
72162,11386,445692,1
72165,10522,445742,1
72177,3650,445698,1
72177,7428,445698,1
72185,565,445694,1
72185,565,445742,1
72185,2459,445699,1
72185,3401,445699,1
72185,8016,445699,1
72185,8191,445694,1
72185,8191,445699,1
72194,8062,445695,1
72195,2474,445695,1
72195,6532,445736,1
72195,9262,445699,1
72206,3728,445691,1
72206,4639,445691,1
72206,8689,445691,1
72211,2302,445704,1
72211,10743,445716,1
72225,1389,445700,1
72238,2436,445707,1
72242,3465,445734,1
72242,4171,445734,1
72242,9597,445734,1
72244,6507,445742,1
72250,4682,445703,1
72251,1316,445718,1
72265,154,445697,1
72273,2096,445761,1
72273,9262,445761,1
72273,9794,445761,1
72283,9262,445703,1
72309,4007,445703,1
72309,5108,445701,1
72309,5389,445703,1
72309,6501,445703,1
72309,6598,445703,1
72309,6683,445742,1
72309,6818,445701,1
72309,6834,445690,1
72309,7241,445701,1
72309,8678,445703,1
72309,9061,445690,1
72309,9262,445690,1
72309,9262,445691,1
72309,9262,445701,1
72309,9262,445703,2
72309,9262,445742,1
72309,9262,445758,1
72309,9709,445691,1
72309,9709,445692,1
72309,10871,445691,1
72309,10871,445692,1
72316,9214,445702,1
72324,4639,445690,1
72325,606,445693,1
72332,1316,445715,1
72332,3401,445715,1
72332,3728,445715,1
72332,4014,445715,1
72332,5465,445715,1
72332,6504,445715,1
72332,8062,445715,1
72332,8686,445715,1
72332,9262,445715,1
72332,10035,445715,1
72332,10333,445715,1
72332,10529,445715,1
72332,11394,445715,1
72334,9569,445713,1
72338,154,445696,1
72339,5223,445700,1
72339,5223,445715,1
72341,8681,445689,1
72366,3263,445711,1
72366,3758,445711,1
72368,3401,445695,1
72368,4639,445695,1
72368,7569,445695,1
72368,9262,445695,1
72368,10192,445695,1
72399,2827,445735,1
72399,2827,445736,1
72401,154,445699,1
72401,10120,445699,1
72409,310,445716,1
72409,722,445716,1
72409,1316,445716,1
72409,1880,445716,1
72409,4639,445716,1
72409,8016,445716,1
72409,8062,445716,1
72409,8177,445716,1
72409,8791,445716,1
72409,9250,445716,1
72409,10248,445716,1
72409,11386,445716,1
72435,2539,445692,2
72435,7753,445717,1
72435,9262,445717,1
72435,9537,445692,1
72459,154,445759,1
72499,1120,445696,1
72499,9505,445696,1
72525,9251,445716,1
72525,10716,445710,1
72525,10716,445712,4
72548,10227,445703,1
72548,11011,445703,1
72568,270,445700,1
72568,2809,445700,1
72592,1880,445760,2
72600,9505,445741,1
72602,154,445695,1
72610,1258,445742,1
72610,1396,445717,1
72610,9262,445717,1
72610,9609,445717,1
72613,6995,445689,1
72613,9262,445689,1
72620,5566,445704,1
72620,9909,445704,1
72623,4232,445736,1
72635,1649,445760,1
72635,6899,445760,1
72635,8220,445760,1
72640,154,445735,1
72649,3638,445691,1
72649,9138,445691,1
72654,3880,445700,2
72654,7013,445700,2
72654,7398,445700,2
72654,8566,445700,2
72662,722,445695,1
72662,5858,445695,1
72662,7132,445695,1
72662,11111,445695,1
72676,722,445697,1
72679,2302,445710,1
72681,4639,445690,1
72681,8791,445690,1
72682,3879,445716,1
72692,2809,445700,1
72692,7750,445700,1
72705,4639,445709,1
72710,405,445703,1
72710,7077,445703,1
72710,9326,445703,1
72719,1028,445700,1
72719,1749,445700,1
72719,1756,445700,1
72719,3851,445700,1
72719,3917,445700,1
72719,3949,445700,1
72719,4267,445700,1
72719,4488,445700,2
72719,4665,445700,1
72719,4756,445700,1
72719,5206,445700,1
72719,7475,445700,1
72719,8938,445700,1
72719,9365,445700,1
72719,9575,445700,1
72719,10780,445700,1
72735,2096,445705,2
72745,6209,445691,1
72751,2509,445707,1
72767,10248,445696,1
72776,2509,445706,1
72776,9262,445706,1
72791,5681,445761,1
72794,10120,445736,1
72797,1321,445761,2
72797,7518,445761,1
72797,10053,445761,1
72797,10788,445761,2
72797,11311,445761,2
72799,4989,445708,2
72799,5070,445708,1
72800,154,445759,1
72800,5197,445759,1
72800,6097,445759,1
72800,6260,445759,1
72800,9262,445759,1
72801,154,445689,1
72801,1164,445689,1
72801,4639,445689,1
72801,6784,445689,1
72801,7132,445689,1
72801,8062,445689,1
72801,8791,445689,1
72801,9138,445689,1
72815,7665,445710,1
72822,3290,445707,1
72822,9601,445707,1
72829,1115,445736,1
72829,8799,445736,1
72829,10020,445736,1
72837,4639,445701,1
72851,4639,445701,1
72851,9262,445701,1
72852,6590,445760,1
72852,8078,445760,1
72853,2104,445690,1
72878,5681,445695,1
72901,7569,445690,1
72915,3132,445706,1
72921,3401,445713,1
72921,3900,445713,1
72921,4852,445713,1
72921,5155,445713,1
72921,5325,445713,1
72921,5480,445713,1
72921,6386,445713,1
72921,7058,445713,1
72921,7569,445713,1
72921,8810,445713,1
72921,9289,445713,1
72921,9435,445713,1
72921,10978,445713,1
72921,11301,445713,1
72922,9262,445702,3
72949,722,445701,1
72952,847,445703,1
72952,6019,445703,1
72952,6535,445703,1
72952,11386,445703,1
72962,3815,445741,1
72962,5465,445741,1
72973,9463,445708,1
73021,2445,445698,1
73037,2532,445703,1
73055,1194,445742,1
73061,1649,445735,1
73100,6098,445691,2
73122,8779,445701,1
73137,7428,445696,1
73143,1321,445758,1
73157,2793,445692,1
73157,8302,445692,1
73157,9150,445692,1
73157,9814,445692,1
73162,10120,445709,1
73164,5011,445759,1
73164,6784,445759,1
73165,722,445710,1
73165,960,445710,1
73165,1316,445710,1
73165,1365,445710,1
73165,2509,445710,1
73165,5465,445710,1
73165,6235,445710,1
73165,6535,445710,1
73165,7013,445710,1
73165,8062,445710,1
73165,9262,445710,1
73165,10093,445710,1
73171,3871,445702,1
73171,4639,445702,1
73172,154,445712,1
73172,2428,445712,1
73172,8919,445712,1
73174,5628,445714,1
73182,1067,445736,1
73182,2809,445736,1
73182,6317,445736,1
73192,5465,445707,1
73194,4639,445702,1
73194,10120,445702,1
73199,5828,445716,1
73200,5897,445698,1
73201,5009,445699,1
73207,5011,445760,1
73211,4639,445710,1
73215,3215,445742,1
73222,722,445694,1
73234,7013,445711,1
73243,6514,445700,1
73262,6535,445693,1
73269,4674,445690,1
73269,4989,445690,1
73269,8953,445690,1
73300,8560,445735,1
73300,10527,445735,1
73300,11386,445735,1
73306,1759,445717,1
73306,2010,445717,1
73306,6450,445717,1
73306,7897,445717,1
73306,9970,445717,1
73306,11298,445717,1
73307,154,445692,1
73308,1316,445710,1
73308,5858,445710,1
73308,8062,445710,1
73309,2350,445759,1
73309,3208,445759,1
73309,3449,445759,1
73309,4513,445759,1
73309,5100,445759,1
73309,5178,445759,1
73309,6644,445759,1
73309,6997,445759,1
73309,8261,445759,1
73309,8476,445759,1
73309,9262,445759,1
73309,9511,445759,1
73309,10728,445759,1
73317,673,445717,1
73319,10743,445692,1
73329,4342,445736,1
73329,6784,445736,1
73329,7119,445736,1
73358,6235,445691,1
73358,6235,445715,1
73370,8103,445761,1
73373,91,445718,1
73373,449,445707,1
73373,449,445718,1
73373,5907,445707,1
73373,8844,445718,1
73387,2537,445759,1
73394,8062,445736,1
73415,154,445735,1
73415,10120,445735,1
73415,10527,445735,1
73418,154,445708,1
73418,1316,445708,1
73418,2302,445708,1
73418,2509,445708,1
73418,2548,445708,1
73418,3728,445708,1
73418,9262,445708,1
73418,9549,445708,1
73418,10390,445708,1
73418,10575,445708,1
73435,8696,445690,1
73444,722,445707,1
73446,4639,445710,1
73446,10120,445710,1
73451,154,445710,1
73451,433,445710,1
73451,4639,445710,1
73454,154,445696,1
73455,6749,445706,1
73455,7956,445706,1
73456,10426,445713,1
73456,10426,445761,1
73465,11275,445716,1
73467,1316,445715,1
73467,7281,445715,1
73484,5122,445702,1
73485,5465,445735,1
73556,3076,445707,1
73556,11008,445707,1
73559,5195,445734,1
73561,10527,445735,2
73561,11386,445735,2
73578,2096,445691,1
73580,1451,445702,1
73580,4646,445702,1
73580,6105,445702,1
73589,4639,445702,1
73589,4639,445736,1
73589,6235,445689,1
73589,6235,445691,1
73589,6235,445702,1
73589,8791,445689,1
73589,8791,445691,1
73603,3638,445697,1
73603,4639,445697,1
73613,3076,445706,1
73613,3643,445706,1
73613,4639,445706,1
73613,9276,445706,1
73613,10120,445706,1
73682,6836,445702,1
73682,7569,445702,1
73682,9579,445702,1
73684,1649,445717,1
73684,2809,445717,1
73684,8220,445706,1
73684,8220,445717,1
73684,8566,445717,1
73684,10120,445706,1
73694,129,445734,1
73694,1649,445734,1
73695,6592,445705,1
73708,4565,445716,1
73710,5695,445696,1
73715,2472,445714,1
73715,5858,445714,1
73715,6140,445714,1
73715,7866,445714,1
73721,895,445760,1
73721,3815,445760,1
73721,5419,445760,1
73721,8220,445760,1
73722,722,445701,1
73722,3728,445701,1
73724,3871,445691,1
73724,4639,445691,1
73750,10020,445736,1
73768,3342,445761,1
73778,154,445691,1
73787,5396,445718,1
73790,3401,445699,1
73790,9262,445699,1
73790,11136,445699,1
73795,154,445699,1
73795,1119,445699,1
73795,6988,445699,1
73795,7398,445699,1
73795,10105,445698,1
73796,6734,445715,1
73803,9138,445689,1
73811,144,445689,1
73811,5950,445689,1
73818,3638,445690,1
73818,6784,445690,1
73818,9913,445690,1
73819,154,445735,1
73827,1292,445714,1
73827,2349,445714,1
73827,11082,445714,1
73827,11188,445714,1
73828,4938,445760,1
73828,6019,445760,1
73828,11386,445760,1
73848,3401,445759,1
73848,9262,445759,1
73852,154,445706,1
73852,2096,445706,1
73852,3871,445706,1
73852,7668,445706,1
73852,8717,445706,1
73852,8799,445706,1
73869,6742,445715,1
73873,2250,445689,1
73884,2096,445702,1
73886,3099,445698,1
73890,2847,445695,1
73890,7274,445695,1
73893,9262,445699,1
73898,3401,445713,1
73912,910,445759,1
73912,2712,445758,1
73912,3401,445758,1
73912,3401,445759,1
73912,5653,445758,1
73912,6919,445758,1
73912,7638,445758,1
73912,8581,445758,1
73912,9262,445758,1
73912,9262,445759,1
73912,9779,445758,1
73912,9844,445758,1
73915,4639,445700,1
73921,7013,445707,1
73921,7710,445704,1
73921,8195,445707,1
73921,8566,445707,1
73950,1814,445707,1
73950,1843,445707,1
73957,1649,445695,1
73958,124,445717,1
73958,947,445717,1
73958,6235,445717,1
73961,10550,445706,1
73965,2601,445701,1
73968,9946,445705,1
73972,3625,445701,1
73974,7818,445695,1
73974,8090,445695,1
73974,9262,445695,1
73974,10504,445695,1
73984,154,445708,1
73990,4639,445713,1
73994,1316,445716,1
73994,1396,445716,1
73994,2161,445716,1
73994,2302,445716,1
73994,4049,445716,1
73994,8062,445716,1
73994,11134,445716,1
73995,495,445741,1
73995,1373,445716,1
73995,1702,445716,1
73995,1944,445741,1
73995,4762,445741,1
73995,5842,445741,1
73995,6061,445741,1
73995,8331,445741,1
73995,8997,445716,1
74006,9138,445711,1
74011,6784,445736,1
74011,10120,445736,1
74011,10390,445736,1
74011,11147,445736,1
74047,154,445735,2
74047,4222,445735,1
74047,4344,445735,1
74047,6535,445735,1
74047,8062,445735,1
74053,5858,445699,1
74066,8322,445710,1
74067,1649,445735,1
74067,5858,445735,1
74067,9262,445735,1
74118,8550,445716,1
74126,3728,445700,1
74126,6126,445700,1
74148,7729,445694,1
74171,10368,445701,1
74183,722,445704,1
74183,5858,445704,1
74183,6683,445704,1
74190,10120,445709,1
74235,10426,445714,1
74256,10001,445689,1
74279,1649,445736,1
74279,2190,445689,1
74279,2809,445735,1
74279,2809,445736,2
74279,2927,445711,1
74279,4639,445711,1
74279,4639,445713,1
74279,6423,445711,1
74279,6423,445735,1
74279,6423,445736,2
74279,8016,445713,1
74279,8900,445711,1
74279,8900,445713,1
74279,9050,445735,1
74279,9050,445736,2
74279,10120,445736,2
74285,5727,445695,1
74298,599,445760,1
74298,2069,445760,1
74298,3401,445761,1
74298,5559,445761,1
74298,9262,445760,1
74298,10922,445760,1
74302,4222,445709,1
74302,4639,445709,1
74302,7094,445709,1
74313,4639,445705,1
74361,6458,445692,1
74362,6938,445695,1
74362,8458,445695,1
74396,405,445692,1
74396,2454,445692,1
74396,10582,445692,1
74406,540,445710,1
74424,5388,445705,1
74424,7832,445705,1
74429,2777,445708,1
74437,4639,445695,1
74437,4755,445695,1
74453,460,445696,1
74453,6995,445696,1
74453,11386,445696,1
74460,1169,445759,1
74461,154,445699,1
74461,4570,445699,1
74461,5586,445699,1
74461,6035,445699,1
74461,6340,445699,1
74461,6798,445699,1
74461,8791,445699,1
74461,9262,445699,1
74471,5858,445711,1
74476,722,445712,1
74476,1269,445712,1
74487,124,445761,1
74488,722,445716,1
74488,1880,445716,1
74488,2302,445716,1
74488,2445,445716,1
74488,2541,445716,1
74488,3711,445716,1
74488,4813,445716,1
74488,6367,445716,1
74488,6683,445716,1
74488,10120,445716,1
74494,722,445690,1
74494,722,445701,1
74494,777,445690,1
74494,1548,445690,1
74494,1887,445701,1
74494,4639,445690,1
74494,4639,445701,1
74494,4755,445690,1
74494,4793,445701,1
74494,4989,445701,1
74494,8016,445701,1
74494,9262,445690,1
74494,9262,445701,1
74494,10248,445701,1
74496,154,445691,1
74496,1537,445691,1
74496,8016,445691,1
74502,4531,445760,1
74502,4762,445760,1
74503,722,445711,1
74503,2549,445711,1
74503,3401,445711,1
74503,9262,445711,1
74503,9268,445711,1
74525,1976,445693,1
74525,7132,445693,1
74525,9366,445693,1
74525,10561,445693,1
74529,722,445707,1
74535,4762,445702,1
74544,154,445694,1
74544,722,445694,1
74544,8681,445694,1
74544,8799,445694,1
74556,154,445735,1
74556,1534,445735,1
74556,10120,445735,1
74558,3020,445695,1
74563,4755,445760,2
74573,10174,445699,1
74577,3510,445701,1
74578,55,445712,1
74582,1610,445702,1
74582,7663,445702,1
74582,8320,445702,1
74585,11386,445702,1
74587,6423,445759,2
74590,2315,445703,1
74592,2716,445761,1
74592,4171,445761,1
74592,5197,445713,1
74592,9348,445713,1
74592,10345,445713,1
74619,3728,445715,1
74619,4762,445715,1
74619,5094,445715,1
74619,8016,445715,1
74627,3573,445699,1
74634,47,445707,1
74634,2682,445707,1
74634,8388,445707,1
74634,11167,445707,1
74635,1649,445759,1
74636,9138,445692,1
74651,606,445695,1
74651,7132,445695,1
74651,8062,445695,1
74651,9262,445695,1
74656,4639,445712,1
74669,154,445759,1
74669,4639,445759,1
74674,154,445716,1
74674,4540,445716,1
74674,10069,445716,1
74676,2720,445699,1
74684,11103,445712,1
74691,5050,445708,1
74691,5226,445708,1
74700,5116,445760,1
74722,2351,445702,1
74748,9083,445717,1
74748,11386,445717,1
74760,9318,445708,1
74768,6784,445708,1
74768,7132,445708,1
74769,4639,445700,1
74769,7677,445700,1
74782,2809,445714,1
74783,176,445717,1
74783,1162,445717,1
74784,3,445695,1
74784,835,445695,1
74784,1115,445695,1
74784,3871,445695,1
74784,4244,445695,1
74784,8799,445695,1
74784,9324,445695,1
74784,9965,445695,1
74802,3734,445701,1
74802,3833,445701,1
74802,9318,445701,1
74803,3638,445698,1
74803,9326,445698,1
74809,1649,445711,1
74818,5757,445701,1
74818,7217,445701,1
74825,6475,445703,1
74825,8220,445703,1
74829,2509,445708,1
74829,8062,445708,1
74829,10120,445708,1
74874,1935,445700,1
74886,722,445708,1
74893,1316,445716,1
74893,1444,445716,1
74893,5501,445716,1
74893,6235,445716,1
74893,8062,445716,1
74893,9180,445716,1
74893,9262,445716,1
74902,3849,445717,1
74902,8203,445717,1
74902,10120,445717,1
74906,6784,445707,1
74907,478,445715,1
74907,777,445715,1
74907,1497,445715,1
74907,1880,445715,1
74907,4007,445715,1
74907,4207,445715,1
74907,4989,445715,1
74907,6367,445715,1
74907,8277,445715,1
74907,9262,445715,1
74907,10120,445715,1
74907,10532,445715,1
74916,2809,445696,1
74922,4639,445689,1
74922,7569,445689,1
74946,154,445759,1
74946,10788,445759,1
74948,2563,445761,1
74948,5181,445761,1
74948,7286,445761,1
74971,2081,445714,1
74971,8797,445714,1
74988,722,445706,1
74990,5094,445759,1
74990,6845,445759,1
74990,7473,445759,1
74994,10788,445742,1
75009,6989,445705,1
75023,6514,445710,1
75023,9083,445710,1
75048,5904,445708,1
75054,2727,445703,1
75054,11386,445703,1
75056,2096,445696,1
75085,4639,445713,1
75092,3020,445692,1
75092,3020,445694,1
75092,3020,445699,1
75092,3020,445711,1
75093,9206,445705,1
75110,6845,445758,1
75131,7256,445689,1
75134,4639,445709,1
75135,10012,445758,1
75138,1194,445706,1
75142,6784,445692,1
75142,6784,445698,1
75146,154,445694,1
75146,11386,445694,1
75147,9262,445699,1
75149,10743,445707,1
75166,5764,445714,1
75166,10109,445714,1
75169,171,445692,1
75169,250,445692,1
75169,4576,445759,1
75169,4603,445759,1
75169,6892,445759,1
75180,5646,445758,1
75180,8220,445758,1
75180,9262,445758,1
75182,4762,445734,1
75194,9211,445760,1
75196,14,445689,1
75196,8403,445689,1
75202,10053,445702,1
75247,4646,445692,1
75247,7961,445692,1
75247,8461,445692,1
75247,9505,445692,1
75265,1076,445704,1
75265,8016,445704,1
75270,7077,445695,2
75272,4639,445703,1
75272,10012,445708,1
75272,10020,445708,1
75285,4309,445710,1
75285,9262,445710,1
75285,10529,445710,1
75296,6514,445708,1
75296,7398,445708,1
75298,6488,445742,1
75304,2809,445710,1
75304,9286,445710,1
75348,1745,445695,1
75348,9268,445695,1
75352,11386,445734,1
75367,154,445691,1
75372,3076,445707,1
75391,4762,445761,1
75391,7533,445761,1
75391,7740,445761,1
75413,3401,445690,1
75413,7569,445690,1
75418,8016,445705,1
75490,7398,445695,1
75491,4639,445709,1
75491,10120,445709,1
75495,245,445693,1
75495,245,445698,1
75495,383,445693,1
75495,383,445698,1
75495,1257,445693,1
75495,1257,445698,1
75495,1346,445693,1
75495,1346,445698,1
75506,4639,445703,1
75507,4639,445691,1
75508,6784,445690,1
75516,1316,445715,1
75516,5465,445715,1
75516,6019,445715,1
75516,6367,445715,1
75516,6938,445715,1
75516,8062,445715,1
75516,9262,445715,1
75516,10333,445715,1
75516,11386,445715,1
75525,1649,445734,1
75525,7013,445734,1
75525,9262,445734,1
75535,4762,445711,1
75535,7975,445711,1
75545,6527,445705,1
75560,3638,445700,1
75567,154,445759,1
75602,154,445758,1
75602,722,445758,1
75602,932,445758,1
75602,4639,445758,1
75602,5321,445758,1
75602,6488,445758,1
75602,8791,445758,1
75602,9262,445758,1
75602,9403,445758,1
75602,10743,445758,1
75638,6235,445691,1
75646,154,445690,1
75651,876,445691,1
75651,2562,445691,1
75657,2508,445696,1
75662,1164,445711,1
75673,6007,445736,1
75683,722,445708,1
75683,6514,445708,1
75699,8999,445703,1
75699,10527,445703,1
75704,722,445691,1
75705,540,445715,1
75705,1574,445714,1
75705,1912,445714,1
75748,7605,445689,1
75762,9262,445699,1
75774,707,445711,1
75774,9207,445711,1
75774,10910,445711,1
75778,1164,445702,1
75789,2509,445709,1
75789,6784,445709,1
75789,7132,445709,1
75789,8712,445709,1
75789,9138,445709,1
75791,4762,445708,1
75799,405,445715,1
75800,154,445700,1
75818,4639,445707,1
75818,7658,445707,1
75825,154,445695,1
75825,185,445695,1
75825,5425,445695,1
75825,5892,445695,1
75825,8696,445695,1
75851,154,445699,1
75853,1219,445705,1
75853,2809,445702,1
75853,8063,445705,1
75853,9898,445702,1
75866,1094,445716,1
75876,8016,445701,1
75891,2167,445690,1
75893,722,445712,1
75896,6938,445690,1
75896,8062,445690,1
75927,4639,445708,1
75963,1880,445709,1
75963,9262,445709,1
75980,154,445695,1
75980,1956,445695,1
75980,4762,445695,1
75980,5616,445695,1
75980,9899,445695,1
75982,154,445693,1
75990,185,445690,1
75990,4385,445690,1
75996,2213,445690,1
75996,4639,445690,1
75996,8681,445690,1
76000,185,445694,1
76000,9262,445694,1
76031,405,445705,1
76031,3871,445705,1
76031,4480,445705,1
76048,5277,445709,1
76048,7013,445709,1
76051,8195,445760,1
76062,154,445699,1
76062,4639,445699,1
76072,7569,445699,1
76072,8062,445699,1
76096,1316,445707,1
76096,2548,445707,1
76096,6106,445707,1
76096,6535,445707,1
76096,8062,445707,1
76103,4434,445699,1
76103,10886,445699,1
76120,2440,445741,1
76120,5445,445741,1
76120,9331,445741,1
76138,4989,445709,1
76145,10743,445710,1
76159,2096,445691,1
76159,3311,445691,1
76165,9262,445710,1
76165,10426,445710,1
76169,9262,445689,1
76173,3401,445691,1
76173,9138,445691,1
76173,9262,445691,1
76173,10390,445691,1
76184,7868,445702,1
76197,7569,445692,1
76210,7922,445692,1
76227,1280,445711,1
76231,2716,445693,1
76231,5614,445693,1
76231,5811,445693,1
76231,7778,445693,1
76231,7956,445693,1
76231,9616,445693,1
76234,576,445708,1
76234,1396,445708,1
76234,1814,445708,1
76234,3667,445708,1
76234,4762,445708,1
76234,5445,445708,1
76243,9399,445742,1
76251,2096,445761,1
76277,10120,445708,1
76281,722,445692,1
76302,1024,445702,1
76306,8062,445709,1
76341,9490,445701,1
76346,3401,445758,1
76346,9262,445758,1
76356,1649,445742,1
76375,6938,445698,1
76378,10743,445718,1
76385,154,445699,1
76385,722,445699,1
76385,3401,445699,1
76385,8016,445699,1
76385,8566,445699,1
76385,9138,445699,1
76385,9536,445699,1
76385,10529,445699,1
76403,7398,445701,1
76403,8016,445701,1
76403,11008,445701,1
76403,11386,445701,1
76412,10527,445700,1
76428,562,445712,1
76428,1681,445712,1
76443,6049,445695,1
76443,8016,445695,1
76444,11011,445695,1
76446,1310,445706,1
76446,9318,445706,1
76446,10120,445706,1
76446,11386,445706,1
76451,7428,445742,1
76466,6655,445759,1
76482,9262,445735,1
76493,8062,445708,2
76503,4434,445706,1
76506,8712,445700,1
76528,4762,445713,1
76528,5319,445713,1
76528,6053,445713,1
76532,2509,445710,1
76532,4639,445710,1
76532,5465,445710,1
76532,6784,445710,2
76532,7132,445710,1
76536,154,445690,1
76536,388,445713,1
76536,4171,445713,1
76536,4254,445713,1
76536,4755,445713,1
76536,5525,445713,2
76536,8717,445690,1
76536,8717,445713,1
76569,4639,445715,1
76573,4989,445692,1
76573,9262,445692,1
76573,9954,445692,1
76584,1316,445709,1
76584,2218,445692,1
76584,3401,445709,1
76584,4007,445692,1
76584,6235,445708,2
76584,9262,445708,1
76584,9262,445709,1
76593,6501,445699,1
76641,3409,445705,1
76645,3401,445689,1
76645,5349,445689,1
76656,2671,445690,1
76656,4173,445690,1
76656,6286,445690,1
76656,7966,445690,1
76656,10266,445690,1
76657,770,445758,1
76657,2241,445758,1
76657,2290,445758,1
76657,2750,445758,1
76657,9586,445758,1
76661,4639,445690,1
76661,9138,445690,1
76670,8566,445702,1
76671,4762,445696,1
76691,7294,445717,1
76702,1150,445702,1
76709,3045,445712,1
76709,5772,445712,1
76735,9886,445698,1
76741,4989,445691,1
76741,7292,445691,1
76782,777,445698,1
76782,8073,445698,1
76790,5011,445760,1
76801,7013,445699,1
76803,847,445717,1
76803,9748,445717,1
76808,2809,445692,1
76808,3025,445691,1
76808,3025,445692,1
76808,3638,445691,1
76808,3638,445692,1
76808,3728,445691,1
76808,3728,445692,1
76808,6910,445692,1
76808,9138,445691,1
76808,9138,445692,1
76821,405,445690,1
76835,154,445698,1
76859,3294,445703,1
76862,1649,445700,2
76862,7013,445700,1
76865,576,445703,1
76865,722,445703,1
76865,4027,445703,1
76865,4639,445703,1
76869,6030,445717,1
76876,6845,445758,1
76883,154,445707,1
76883,1272,445707,1
76883,6581,445707,1
76884,8681,445693,1
76884,10692,445693,1
76896,606,445735,1
76898,154,445701,1
76901,1649,445716,1
76902,3401,445699,1
76902,4639,445699,1
76902,9262,445699,1
76904,9179,445735,1
76937,9579,445708,1
76947,4639,445690,1
76947,6235,445690,1
76947,7013,445690,1
76947,8791,445690,1
76973,3638,445760,1
76978,154,445696,1
76978,9262,445696,1
76988,722,445691,1
76988,9262,445691,1
76990,8767,445706,1
77016,2911,445715,1
77016,4639,445715,1
77016,4762,445715,1
77016,6784,445715,1
77016,8062,445715,1
77016,10120,445715,1
77038,6533,445734,1
77042,3555,445760,1
77042,5011,445760,1
77042,6683,445760,1
77042,8170,445760,1
77042,9025,445760,1
77042,9262,445760,1
77042,9546,445760,1
77046,857,445710,2
77046,1319,445710,2
77046,5953,445710,2
77046,7935,445710,2
77049,5406,445761,1
77049,10815,445761,1
77053,8681,445698,1
77058,7627,445702,1
77070,10233,445699,1
77072,154,445690,1
77072,154,445691,1
77072,154,445702,1
77072,154,445704,1
77072,154,445758,1
77072,5328,445690,1
77072,5328,445691,1
77072,5328,445702,1
77072,5328,445704,1
77072,5328,445758,1
77083,3401,445760,1
77093,6938,445692,1
77096,1424,445734,1
77103,11062,445707,1
77110,5617,445736,1
77113,185,445692,1
77113,568,445712,1
77113,2067,445692,1
77113,2911,445712,1
77113,3025,445712,1
77113,6673,445692,1
77113,7013,445712,1
77113,8013,445692,1
77113,8220,445712,1
77113,10924,445712,1
77115,1880,445717,1
77144,2809,445700,1
77144,9262,445700,1
77153,8686,445695,1
77164,8230,445695,1
77170,4755,445759,1
77170,6977,445759,1
77170,9262,445759,1
77178,558,445695,1
77204,6458,445705,1
77230,7013,445735,1
77230,8719,445735,1
77244,8016,445691,1
77270,5216,445691,1
77270,7295,445691,1
77270,8102,445691,1
77270,9262,445691,1
77301,8062,445691,1
77326,2305,445702,1
77329,4762,445758,1
77329,8629,445758,1
77329,9941,445758,1
77338,4639,445693,1
77357,3401,445701,1
77357,8686,445701,1
77357,9262,445701,1
77361,722,445761,1
77365,5513,445742,1
77376,10395,445694,3
77412,8191,445704,2
77425,8594,445704,1
77435,5024,445717,1
77440,1626,445708,1
77440,2064,445708,1
77440,3946,445708,2
77440,4639,445708,1
77440,5778,445708,1
77440,6784,445708,1
77440,7141,445708,1
77440,7429,445708,1
77440,8791,445708,1
77440,8871,445708,1
77440,10395,445708,1
77440,10532,445708,1
77440,10900,445708,1
77441,154,445704,1
77441,8650,445704,1
77446,5197,445708,1
77466,9185,445707,1
77469,4078,445699,1
77481,9781,445760,1
77485,355,445715,1
77504,978,445761,1
77504,11029,445761,1
77524,1316,445713,1
77527,7750,445697,1
77531,6938,445707,1
77534,9262,445735,1
77543,2768,445708,1
77545,310,445706,1
77545,3638,445706,1
77545,3728,445706,1
77545,9138,445706,1
77545,10248,445706,1
77545,10914,445706,1
77549,4639,445694,1
77550,154,445691,1
77552,113,445691,1
77572,722,445705,1
77583,6019,445736,1
77606,4084,445693,1
77606,7146,445693,1
77606,10456,445693,1
77614,1500,445758,1
77615,1649,445708,1
77615,1649,445711,1
77615,8062,445708,1
77629,3188,445691,1
77629,4639,445691,1
77629,7569,445691,1
77642,11214,445708,1
77712,3098,445699,1
77712,9262,445699,1
77726,4639,445712,1
77726,6308,445712,1
77726,9262,445712,1
77726,10120,445712,1
77744,9262,445716,1
77752,7013,445718,1
77767,154,445693,1
77767,3638,445712,1
77767,7053,445693,1
77773,3401,445703,1
77773,4639,445703,1
77773,7947,445703,1
77773,8681,445703,1
77773,9262,445703,1
77773,9676,445703,1
77783,3673,445736,1
77799,10527,445709,1
77807,2302,445702,1
77807,2809,445702,1
77807,4639,445702,1
77807,9262,445702,1
77816,2208,445700,1
77838,154,445735,1
77840,121,445711,1
77840,185,445711,1
77840,635,445711,1
77840,1190,445711,1
77840,8799,445711,1
77840,10091,445711,1
77851,1649,445736,1
77851,3728,445736,1
77851,8062,445736,1
77851,8220,445736,1
77851,9262,445736,1
77861,6350,445694,1
77861,6458,445694,1
77868,2827,445760,1
77868,6215,445760,1
77868,6857,445760,1
77868,10012,445760,1
77869,185,445690,1
77869,895,445690,1
77871,6768,445692,1
77871,10627,445692,1
77878,113,445693,1
77883,154,445705,1
77902,2594,445702,1
77902,2943,445702,1
77902,4171,445703,1
77902,7090,445702,1
77902,7956,445702,1
77902,8830,445703,1
77902,9130,445702,1
77902,9262,445702,1
77914,3638,445690,1
77914,4762,445690,1
77914,5197,445690,1
77914,9138,445690,1
77915,3515,445691,1
77915,3515,445705,1
77915,3515,445759,1
77915,10643,445691,1
77915,10643,445705,1
77915,10643,445759,1
77918,9296,445698,1
77937,8980,445735,1
77942,3276,445711,1
77942,4762,445711,2
77942,5197,445711,1
77955,6376,445714,1
77979,5026,445696,1
77988,8062,445707,1
77995,3251,445689,1
77997,9513,445694,1
78025,6509,445760,1
78043,1145,445698,1
78043,4848,445698,1
78043,6044,445698,1
78043,6615,445698,1
78043,8521,445698,1
78043,8621,445698,1
78043,9262,445697,1
78043,9262,445698,1
78043,9262,445742,1
78043,9310,445698,1
78043,9604,445742,1
78043,10248,445698,1
78043,10956,445697,1
78043,11312,445697,1
78067,579,445694,1
78067,835,445694,1
78067,2103,445694,1
78067,2949,445694,1
78067,3669,445694,1
78067,4685,445694,1
78067,4762,445694,1
78067,4831,445694,1
78067,5117,445694,1
78067,5197,445694,1
78067,5480,445694,1
78067,5712,445694,1
78067,6561,445694,1
78067,6646,445694,1
78067,7247,445694,1
78067,7702,445694,1
78067,7768,445694,1
78067,7813,445694,1
78067,7956,445694,1
78067,8007,445694,1
78067,8016,445694,1
78067,8901,445694,1
78067,9297,445694,1
78067,9892,445694,1
78067,10426,445694,1
78067,10869,445694,1
78067,11221,445694,1
78081,1164,445692,1
78081,1194,445692,1
78081,9138,445692,1
78086,6784,445758,1
78086,9262,445758,1
78086,11042,445758,1
78112,3401,445761,1
78112,4014,445761,1
78112,9262,445761,1
78113,154,445698,1
78125,722,445692,1
78139,7258,445691,2
78139,7312,445691,2
78139,8279,445691,2
78139,9016,445691,2
78140,9298,445711,1
78147,154,445741,1
78147,4639,445741,1
78151,1649,445700,1
78151,8016,445700,1
78151,9083,445700,1
78151,11386,445700,1
78154,6350,445758,1
78160,4115,445708,1
78160,4508,445708,1
78165,9326,445713,1
78181,8016,445705,3
78181,8016,445706,1
78208,154,445710,1
78208,4639,445710,1
78209,405,445699,2
78209,7132,445699,2
78209,8791,445699,2
78212,310,445696,1
78212,3432,445696,1
78212,9138,445696,1
78237,798,445713,1
78237,1396,445713,1
78237,2161,445713,1
78237,2302,445713,1
78237,3401,445713,1
78237,4007,445713,1
78237,4639,445713,1
78237,4762,445713,1
78245,4639,445695,1
78250,154,445735,1
78250,10176,445735,1
78281,9138,445691,1
78292,11018,445699,1
78317,576,445707,1
78317,2707,445707,1
78317,4639,445707,1
78317,7285,445707,1
78317,9404,445707,1
78317,10120,445707,1
78329,2445,445758,1
78329,3401,445758,1
78329,3638,445758,1
78329,5011,445758,1
78329,6235,445758,1
78329,6784,445758,1
78329,7132,445758,1
78329,8062,445758,1
78329,9138,445758,1
78329,10197,445758,1
78329,11386,445758,1
78330,1396,445708,1
78330,3076,445708,1
78330,9262,445708,1
78331,1432,445698,1
78333,3638,445696,1
78344,3401,445717,1
78353,11386,445714,1
78362,4296,445715,1
78362,9954,445715,1
78362,11187,445715,1
78367,3401,445690,1
78367,9262,445690,1
78373,678,445742,1
78388,10120,445705,1
78393,900,445689,1
78393,4639,445689,1
78393,10838,445689,1
78397,154,445696,1
78406,4639,445692,1
78406,4762,445692,1
78413,1880,445717,1
78426,154,445717,1
78426,4344,445717,1
78442,8734,445712,1
78445,154,445696,1
78446,8170,445696,1
78452,9520,445758,1
78458,887,445692,1
78458,2172,445692,1
78458,5013,445692,1
78458,6403,445692,1
78458,8456,445692,1
78467,2809,445695,1
78467,5025,445695,1
78467,10129,445695,1
78475,154,445705,1
78475,4480,445705,1
78475,4553,445705,1
78475,4762,445705,1
78475,9326,445705,1
78475,10426,445705,1
78478,8681,445704,1
78478,9262,445704,1
78478,10529,445704,1
78484,4639,445718,1
78484,4751,445741,1
78495,4669,445694,1
78495,10661,445694,1
78500,9262,445691,1
78507,1076,445700,1
78507,1655,445700,1
78507,6475,445700,1
78534,3905,445699,1
78534,3974,445699,1
78534,4222,445699,1
78534,8791,445699,1
78534,10120,445699,1
78538,9262,445691,2
78540,4762,445710,1
78540,6019,445710,1
78540,8063,445710,1
78540,9708,445710,1
78545,154,445692,1
78552,596,445711,1
78552,1172,445711,1
78552,1930,445711,1
78552,2301,445712,1
78552,2489,445712,1
78552,2682,445711,1
78552,2686,445711,1
78552,2845,445711,1
78552,3401,445711,1
78552,3401,445712,1
78552,3638,445712,1
78552,3894,445711,1
78552,4171,445712,1
78552,4232,445712,1
78552,4755,445712,1
78552,4773,445711,1
78552,5033,445711,1
78552,5465,445712,1
78552,5912,445711,1
78552,6235,445712,1
78552,6536,445711,1
78552,7578,445711,1
78552,7797,445711,1
78552,7890,445712,1
78552,8105,445711,1
78552,8126,445712,1
78552,8316,445711,1
78552,8388,445711,1
78552,8718,445711,1
78552,8927,445711,1
78552,9138,445711,1
78552,9262,445711,1
78552,9262,445712,1
78552,9709,445711,1
78552,10248,445712,1
78552,10540,445711,1
78552,10871,445711,1
78568,154,445758,1
78568,5011,445758,1
78568,8177,445758,1
78569,154,445698,1
78582,1853,445705,1
78582,7630,445705,1
78582,8906,445705,1
78582,9697,445705,1
78588,113,445742,1
78588,946,445742,1
78588,4748,445742,1
78588,7663,445742,1
78588,10529,445742,1
78600,4639,445705,1
78600,6019,445705,1
78606,3685,445717,1
78606,4422,445717,1
78606,4982,445717,1
78606,7509,445717,1
78606,8169,445717,1
78606,9083,445717,1
78606,9103,445717,1
78613,2951,445711,1
78613,3728,445711,1
78613,9262,445711,1
78614,154,445691,1
78614,4502,445691,1
78614,9262,445691,1
78642,576,445706,1
78642,1814,445706,1
78642,2707,445706,1
78642,3401,445706,1
78642,9404,445706,1
78642,11353,445706,1
78651,2716,445713,1
78651,4755,445713,1
78664,537,445696,1
78664,5746,445696,1
78664,6747,445696,1
78670,3401,445705,1
78670,6726,445705,1
78674,2531,445694,1
78688,1316,445698,1
78688,3076,445698,1
78688,8062,445698,1
78688,9138,445698,1
78688,9262,445698,1
78705,8062,445715,1
78706,4639,445692,1
78706,8791,445692,1
78708,6657,445761,1
78708,10611,445761,1
78749,7132,445690,1
78749,7569,445690,1
78749,8062,445689,1
78749,8686,445690,1
78749,9138,445690,1
78753,7569,445690,1
78753,10405,445690,1
78816,5850,445717,1
78816,11011,445717,2
78826,3401,445700,1
78826,8414,445700,1
78845,8045,445691,1
78853,1095,445704,1
78854,154,445709,1
78854,4639,445709,1
78854,9262,445709,1
78855,216,445714,1
78855,9048,445714,1
78885,3948,445701,1
78898,4222,445700,1
78904,154,445709,1
78904,286,445709,1
78904,286,445712,1
78904,4422,445712,1
78904,4639,445712,1
78904,5324,445709,1
78904,7569,445709,1
78904,7569,445712,1
78911,154,445702,1
78911,4639,445702,1
78911,10219,445702,1
78912,6206,445706,1
78943,348,445716,1
78943,9547,445716,1
78951,1239,445705,1
78970,5094,445713,1
78978,3401,445701,1
79022,154,445703,1
79022,3401,445703,1
79022,6784,445703,1
79022,8791,445703,1
79022,10120,445703,1
79026,5819,445760,1
79058,6039,445759,1
79067,8062,445710,1
79067,9138,445710,1
79072,11091,445735,1
79078,8697,445692,1
79090,154,445707,1
79103,6330,445718,1
79122,648,445742,1
79122,3689,445742,1
79122,4762,445742,1
79122,5030,445742,1
79122,5094,445742,1
79122,5197,445742,1
79122,5465,445742,1
79122,5867,445742,1
79122,7222,445742,1
79122,8583,445742,1
79122,9611,445742,1
79122,10847,445742,1
79134,6538,445700,1
79134,8016,445700,1
79137,3076,445705,1
79137,8220,445705,1
79137,10120,445705,1
79149,154,445694,1
79149,405,445694,1
79149,777,445694,1
79149,2064,445694,1
79149,3946,445694,1
79149,4344,445694,1
79149,4639,445694,1
79149,7429,445694,1
79149,7569,445694,1
79149,7850,445694,1
79149,8791,445694,1
79149,9318,445694,1
79158,8062,445761,1
79158,9262,445761,1
79158,10406,445761,1
79158,10451,445761,1
79159,3638,445759,1
79174,154,445702,1
79174,3821,445702,1
79175,3993,445708,1
79177,7941,445690,1
79186,1880,445715,1
79186,8063,445715,1
79186,9262,445715,1
79189,8048,445714,1
79189,9748,445714,1
79211,7398,445691,1
79226,4639,445710,1
79231,517,445711,1
79231,2548,445711,1
79231,6784,445711,1
79231,7132,445711,1
79231,7569,445711,1
79231,9547,445711,1
79237,154,445718,1
79247,7906,445736,1
79252,6920,445692,1
79282,8016,445689,1
79283,154,445690,1
79283,8791,445690,1
79283,9262,445690,1
79316,3146,445735,1
79316,6739,445735,1
79316,11194,445735,1
79316,11377,445735,1
79346,4091,445707,1
79378,4639,445761,1
79378,9138,445761,1
79387,154,445692,1
79387,1316,445693,1
79391,1164,445701,1
79391,2809,445701,1
79391,5531,445701,1
79397,2422,445717,1
79397,7180,445717,1
79397,11020,445717,1
79406,9262,445693,1
79411,9042,445693,1
79411,9262,445693,1
79412,154,445705,1
79427,11008,445698,1
79431,6784,445761,1
79431,7992,445761,1
79443,1342,445696,1
79443,2809,445696,1
79443,11114,445696,1
79452,154,445699,1
79452,7097,445699,1
79464,722,445699,1
79464,722,445705,3
79464,3091,445699,1
79464,7183,445699,1
79464,7183,445705,3
79464,8669,445705,1
79472,722,445695,1
79488,3890,445761,1
79490,313,445707,1
79490,1174,445707,1
79490,9734,445707,1
79491,1649,445761,1
79491,5858,445761,1
79491,6659,445761,1
79491,10390,445761,1
79497,2096,445716,1
79497,4639,445706,1
79497,4762,445706,1
79497,4762,445716,1
79497,5121,445706,1
79497,10120,445706,1
79497,11386,445716,1
79499,3115,445705,1
79499,3624,445705,1
79499,5373,445705,1
79499,7833,445705,1
79499,8090,445705,1
79499,8357,445705,1
79499,9262,445705,1
79499,10117,445705,1
79499,11249,445705,1
79531,9853,445692,1
79540,9649,445714,1
79556,2307,445759,1
79564,154,445704,1
79574,405,445693,1
79574,589,445693,1
79574,10764,445693,1
79576,4639,445693,1
79583,10020,445694,1
79584,6689,445707,1
79584,7013,445707,1
79584,8712,445707,1
79590,11205,445701,1
79608,4639,445712,1
79618,4207,445710,1
79618,5363,445710,1
79618,6439,445710,1
79618,7013,445710,1
79618,7959,445710,1
79618,8063,445710,1
79618,8220,445710,1
79618,9402,445710,1
79618,10176,445710,1
79618,10390,445710,1
79618,11319,445710,1
79624,546,445693,1
79624,1164,445693,1
79624,6938,445693,1
79635,8712,445703,1
79639,1631,445703,1
79639,1880,445703,1
79639,2765,445703,1
79639,3852,445703,1
79639,6367,445703,1
79639,7922,445703,1
79639,11276,445703,1
79641,7754,445742,1
79642,5895,445734,1
79645,4456,445761,1
79648,817,445711,1
79648,5465,445711,1
79648,8107,445711,1
79648,8799,445711,1
79648,9038,445711,1
79648,9262,445711,1
79648,9268,445711,1
79650,2409,445707,1
79673,1630,445701,1
79675,154,445689,1
79686,6235,445708,1
79695,1649,445760,1
79695,9262,445760,1
79714,7754,445700,1
79716,3032,445742,1
79716,3122,445742,1
79716,8220,445742,1
79727,10998,445713,1
79746,526,445708,1
79746,2133,445708,1
79759,713,445761,1
79759,4815,445761,1
79759,5032,445761,1
79759,6828,445761,1
79760,405,445703,1
79760,2716,445703,1
79760,9262,445703,1
79765,1316,445700,1
79765,3638,445701,1
79765,8486,445700,1
79765,9262,445700,1
79765,9262,445701,1
79765,9720,445700,1
79770,154,445692,1
79770,4541,445692,1
79770,8778,445692,1
79795,7013,445758,1
79795,7398,445758,1
79795,8220,445758,1
79798,5094,445758,1
79803,3804,445699,1
79803,8062,445699,1
79810,154,445716,1
79811,9262,445758,1
79859,10120,445711,1
79862,10426,445705,1
79890,9918,445691,1
79891,8487,445759,1
79899,4651,445698,1
79899,8016,445698,1
79899,11386,445698,1
79935,3076,445708,1
79935,4639,445708,1
79938,1951,445708,1
79944,10529,445713,1
79950,5094,445705,1
79950,10529,445705,1
79962,606,445742,1
79962,2548,445742,1
79962,4539,445742,1
79962,4639,445742,1
79962,10532,445742,1
79982,7299,445760,1
79982,9074,445736,1
79993,722,445712,1
79993,4434,445712,1
79993,6514,445712,1
79993,7956,445712,1
79993,8016,445712,1
79993,9262,445712,1
79993,10120,445712,1
79993,11386,445712,1
80006,4639,445695,1
80006,6514,445695,1
80008,9959,445694,1
80008,11376,445694,1
80011,2809,445696,1
80013,722,445700,1
80022,9138,445706,1
80031,722,445691,1
80031,4639,445691,1
80033,11167,445735,1
80035,185,445758,1
80035,4480,445758,1
80035,6514,445758,1
80035,9262,445758,1
80038,3728,445704,1
80049,746,445713,1
80053,8273,445701,1
80073,10017,445759,1
80083,580,445695,1
80101,10345,445759,1
80121,722,445691,1
80160,154,445690,1
80160,3084,445690,1
80160,6784,445690,1
80162,3815,445758,1
80162,5094,445758,1
80162,9262,445758,1
80166,3292,445702,1
80172,6938,445718,1
80176,503,445703,1
80176,1649,445703,1
80176,7714,445703,1
80176,10001,445703,1
80177,11201,445704,1
80185,154,445709,1
80188,7666,445689,1
80200,405,445759,1
80200,2096,445759,1
80200,3728,445759,1
80200,5950,445759,1
80200,7473,445759,1
80227,5418,445717,1
80228,9373,445759,1
80242,2124,445691,1
80242,4349,445691,1
80242,4683,445691,1
80250,8292,445761,1
80252,722,445700,2
80256,5566,445691,1
80266,8063,445698,1
80266,9204,445698,1
80266,10910,445698,1
80267,4209,445700,1
80267,4868,445700,1
80267,10129,445700,1
80267,10607,445700,1
80267,11386,445700,1
80275,5776,445742,1
80280,5342,445718,1
80281,7624,445741,1
80296,10120,445711,1
80313,49,445742,1
80313,3254,445742,1
80313,4968,445742,1
80313,6532,445742,1
80313,7132,445742,1
80313,9262,445742,1
80313,11011,445742,1
80322,1142,445693,1
80322,1316,445693,1
80322,2809,445693,1
80322,3638,445693,1
80322,5298,445761,1
80322,7132,445761,1
80322,8062,445693,1
80322,8062,445761,1
80322,9674,445761,1
80349,4639,445694,1
80357,9138,445691,1
80366,6054,445711,1
80366,7785,445711,1
80366,9262,445711,1
80366,10034,445711,1
80366,10199,445711,1
80368,4207,445761,1
80368,5331,445761,1
80368,5646,445761,1
80368,6514,445761,1
80368,9262,445761,1
80368,11224,445761,1
80368,11390,445761,1
80382,3049,445717,1
80386,3076,445710,1
80386,4639,445697,1
80386,4639,445710,1
80386,5681,445697,1
80386,10120,445706,1
80386,10447,445706,1
80412,1798,445704,1
80412,3076,445704,1
80412,3643,445704,1
80415,6086,445758,1
80416,8016,445704,1
80418,6890,445759,1
80421,4639,445699,1
80421,7569,445699,1
80421,8791,445699,1
80429,1687,445759,1
80429,11278,445759,1
80450,405,445697,1
80450,4480,445697,1
80451,3703,445718,1
80452,2672,445717,1
80452,3559,445717,1
80452,10111,445717,1
80452,11008,445717,1
80457,154,445708,1
80461,4639,445691,1
80486,1649,445736,1
80486,3401,445736,1
80486,9262,445736,1
80486,10195,445736,1
80487,6823,445696,1
80498,3734,445694,1
80498,6514,445694,1
80503,10036,445741,1
80506,2302,445735,1
80506,2509,445735,1
80506,7132,445735,1
80506,9262,445735,1
80537,4676,445759,1
80541,1575,445705,1
80541,9979,445705,1
80572,154,445711,2
80572,722,445711,2
80572,5631,445711,2
80572,10120,445711,2
80573,8538,445694,1
80580,498,445710,1
80580,722,445710,1
80580,1649,445710,1
80580,3025,445710,1
80580,3231,445710,1
80580,6019,445710,1
80580,6212,445710,1
80600,7061,445705,1
80609,39,445696,1
80609,7420,445696,1
80630,3560,445707,1
80640,154,445691,1
80641,1649,445716,1
80654,8220,445717,1
80686,1312,445698,1
80686,4309,445698,1
80686,4344,445698,1
80686,4762,445698,1
80686,5197,445698,1
80704,154,445698,1
80704,9138,445698,1
80705,722,445708,1
80705,1534,445708,1
80705,3728,445708,1
80705,6075,445708,1
80708,9138,445689,1
80715,154,445758,1
80715,5011,445758,1
80715,5011,445759,1
80715,6637,445758,1
80715,6845,445758,1
80715,6845,445759,1
80715,8924,445759,1
80723,7754,445705,1
80732,154,445711,1
80732,9262,445711,1
80732,10120,445711,1
80739,9262,445708,1
80740,4237,445759,1
80740,9520,445758,1
80740,10821,445759,1
80741,7473,445759,1
80741,9318,445759,1
80750,722,445694,1
80755,10375,445690,1
80760,3076,445704,1
80760,3643,445704,1
80760,4622,445704,1
80767,9083,445691,1
80778,8665,445709,1
80780,3871,445705,1
80786,8016,445711,1
80787,154,445706,1
80787,2809,445706,1
80787,5422,445706,1
80787,5858,445706,1
80787,10195,445706,1
80787,10788,445706,1
80813,3536,445698,2
80845,9381,445760,1
80847,154,445715,1
80867,1370,445707,1
80867,3342,445707,1
80867,4762,445707,1
80867,5197,445707,1
80867,5560,445707,1
80894,2346,445710,1
80894,4578,445691,1
80894,6235,445689,1
80894,6235,445710,1
80894,6784,445689,1
80894,6784,445691,1
80894,6784,445710,1
80894,7132,445689,1
80894,7803,445710,1
80894,9000,445759,1
80894,10333,445759,1
80896,3342,445741,1
80896,8063,445741,1
80916,9262,445692,1
80919,4639,445742,1
80919,10120,445742,1
80924,3728,445711,1
80925,798,445718,1
80925,5863,445718,1
80925,11406,445699,1
80938,7004,445697,1
80945,7132,445713,1
80947,4194,445698,1
80968,3188,445714,1
80968,5893,445714,1
80968,8016,445714,1
80968,9083,445714,1
80976,8229,445761,1
80989,7754,445758,1
81022,4639,445702,1
81050,1986,445702,1
81050,2853,445702,1
81050,8065,445702,1
81050,10786,445702,1
81052,154,445697,1
81052,3627,445697,1
81088,154,445713,1
81088,10120,445713,1
81098,4639,445696,1
81102,1194,445710,1
81102,3240,445710,1
81102,4853,445710,1
81102,5480,445710,1
81102,6970,445710,1
81102,8016,445710,1
81102,8681,445710,1
81105,154,445736,1
81113,7429,445693,1
81120,1595,445705,1
81120,1649,445704,1
81120,4406,445704,1
81120,4762,445704,1
81120,4762,445705,1
81120,8253,445704,1
81120,9238,445706,1
81120,11008,445705,1
81122,8062,445702,1
81174,7442,445690,1
81175,91,445689,1
81175,722,445689,1
81175,4639,445689,1
81175,7569,445689,1
81177,4639,445714,1
81183,8686,445690,1
81192,8745,445760,2
81198,4344,445698,1
81198,6784,445698,1
81198,8062,445698,1
81198,8063,445698,1
81201,3638,445692,1
81201,9262,445692,2
81246,154,445700,1
81246,2509,445700,1
81248,6535,445705,1
81248,7405,445713,1
81249,722,445758,1
81249,3420,445758,1
81254,9138,445699,1
81273,6995,445698,1
81278,4639,445690,1
81291,3076,445712,1
81299,619,445761,1
81299,4639,445761,1
81299,5011,445761,1
81299,11386,445761,1
81309,5721,445708,1
81350,5465,445710,1
81350,6235,445710,1
81362,3390,445689,1
81365,10037,445759,1
81369,154,445696,1
81369,7398,445696,1
81369,7398,445735,1
81369,10883,445735,1
81369,11386,445735,1
81371,2086,445708,1
81371,7956,445708,1
81373,8063,445718,1
81373,8397,445718,1
81377,1510,445700,1
81377,9017,445700,1
81386,6345,445699,1
81388,1164,445691,1
81388,8681,445691,1
81388,8791,445691,1
81388,11386,445691,1
81392,5400,445702,1
81392,6938,445702,1
81392,8712,445702,1
81393,8681,445690,1
81415,8062,445715,1
81431,3401,445700,2
81431,4639,445700,1
81431,9262,445700,1
81431,10120,445700,1
81457,9262,445708,1
81457,10883,445708,1
81458,154,445700,1
81478,1753,445694,1
81478,4639,445694,1
81478,5094,445694,1
81478,7132,445694,2
81493,7193,445711,1
81502,609,445707,1
81502,1669,445707,1
81505,1567,445691,1
81507,11386,445700,1
81538,4899,445691,1
81538,11315,445691,1
81539,9138,445691,1
81554,10527,445760,1
81556,799,445710,1
81556,3747,445710,1
81556,7038,445710,1
81556,9262,445710,1
81567,1649,445707,1
81568,6019,445699,1
81568,9621,445699,1
81583,1316,445736,1
81583,2445,445736,1
81583,9262,445736,1
81590,4785,445714,1
81590,5869,445714,1
81590,6722,445714,1
81590,6802,445714,1
81590,7488,445714,1
81590,10537,445714,1
81594,5965,445709,1
81594,8844,445709,1
81594,9262,445709,1
81594,10426,445709,1
81594,10485,445709,1
81599,2809,445694,1
81614,4639,445761,1
81617,4580,445697,1
81624,4931,445689,1
81666,8062,445692,1
81670,102,445760,1
81670,154,445760,1
81670,3401,445760,1
81670,3638,445760,1
81670,4639,445760,1
81670,4762,445760,1
81670,5011,445760,1
81670,8062,445760,1
81672,185,445735,1
81672,5879,445735,1
81672,10934,445735,1
81680,5541,445760,1
81717,8016,445702,1
81722,10120,445705,1
81724,2809,445716,1
81732,2530,445761,1
81733,9326,445758,1
81745,6741,445741,1
81745,9262,445741,1
81750,5211,445735,1
81750,7355,445714,1
81766,9138,445692,1
81783,4639,445692,1
81786,8791,445691,1
81786,9262,445691,1
81786,11386,445691,1
81794,1652,445689,1
81806,2302,445709,1
81806,2809,445709,2
81806,2809,445711,1
81806,2809,445718,1
81806,4942,445711,1
81806,5858,445718,1
81806,6938,445697,1
81806,6938,445709,2
81806,9183,445711,1
81806,10120,445718,1
81806,10739,445697,1
81812,3879,445696,1
81812,11337,445696,1
81820,1537,445692,1
81820,3638,445692,1
81820,4639,445692,1
81820,7569,445692,1
81820,8791,445692,1
81820,9138,445692,1
81821,5540,445704,1
81822,8575,445692,1
81823,2599,445710,1
81835,9262,445689,1
81837,6742,445717,1
81837,10120,445717,1
81848,2809,445698,1
81859,2302,445705,1
81864,6019,445742,1
81865,722,445689,1
81865,8791,445689,1
81865,10351,445689,1
81879,5802,445717,1
81880,114,445701,1
81891,3022,445708,1
81891,9262,445708,1
81893,1880,445718,1
81895,1052,445716,1
81901,6235,445690,1
81907,4246,445759,1
81907,8220,445759,1
81907,11364,445759,1
81910,3401,445692,1
81910,9262,445692,1
81951,4639,445695,1
81964,2809,445716,4
81964,5474,445716,4
81964,5858,445716,4
81964,6019,445716,4
81964,6260,445716,4
81964,6514,445716,4
81964,6938,445716,4
81964,7548,445716,4
81964,10195,445716,4
81970,2820,445708,1
81973,6920,445715,1
81997,4207,445701,1
82005,3401,445713,1
82005,3638,445713,1
82005,9262,445713,1
82005,10120,445713,1
82011,1569,445695,1
82012,154,445690,1
82025,154,445694,1
82025,2943,445694,1
82025,8717,445694,1
82030,5094,445742,1
82079,5950,445759,1
82081,9262,445689,1
82085,2532,445761,1
82085,5782,445761,1
82085,6248,445761,1
82091,405,445691,1
82091,517,445691,1
82091,3401,445691,1
82091,6514,445691,1
82094,9156,445704,1
82094,10426,445704,1
82100,154,445705,1
82104,9134,445717,1
82116,154,445700,1
82116,777,445700,1
82116,3871,445700,1
82128,154,445700,1
82128,6784,445700,1
82128,7132,445700,1
82128,8062,445700,1
82144,860,445736,1
82156,8689,445690,1
82163,11317,445718,1
82196,713,445691,1
82196,4639,445691,1
82196,9262,445691,1
82200,1920,445701,1
82200,5562,445701,1
82200,7548,445701,1
82200,7548,445704,1
82200,9262,445701,1
82203,1665,445761,1
82204,102,445711,1
82204,1370,445711,1
82204,1400,445711,1
82204,2037,445711,1
82204,3401,445711,1
82204,3618,445711,1
82204,3901,445711,1
82204,5383,445711,1
82204,5386,445711,1
82204,5480,445711,1
82204,5660,445711,1
82204,5855,445711,1
82204,6359,445711,1
82204,6697,445711,1
82204,8283,445711,1
82204,9262,445711,1
82204,9909,445711,1
82204,11185,445711,1
82210,154,445736,1
82226,1142,445692,1
82226,1257,445692,1
82226,1654,445692,1
82226,3033,445692,1
82226,3387,445692,1
82226,3544,445692,1
82226,9262,445692,1
82226,10892,445692,1
82235,154,445692,1
82235,3638,445692,1
82235,4639,445692,1
82235,6995,445692,1
82235,8062,445692,1
82235,8791,445692,1
82235,9138,445692,1
82241,488,445704,1
82241,521,445704,1
82241,735,445704,1
82241,1312,445704,1
82241,3761,445704,1
82241,3788,445704,1
82241,4258,445704,1
82241,4708,445704,2
82241,4762,445704,2
82241,5450,445704,1
82241,6950,445704,2
82241,7469,445704,1
82241,7585,445704,1
82241,9708,445704,3
82241,9742,445704,1
82249,1094,445698,1
82268,7284,445695,1
82271,8101,445691,1
82271,8791,445691,1
82276,10111,445759,1
82287,2827,445714,1
82289,154,445736,1
82310,4639,445709,1
82310,10554,445709,1
82316,10012,445714,1
82343,5280,445692,1
82358,354,445709,1
82358,635,445709,1
82358,4496,445709,1
82372,9277,445696,1
82392,4989,445691,1
82392,8062,445691,1
82394,4762,445758,1
82394,6800,445695,1
82394,9148,445695,1
82409,619,445699,1
82410,3401,445695,1
82410,3778,445695,1
82410,4133,445695,1
82410,4309,445695,1
82410,9262,445695,1
82416,4639,445695,1
82420,1605,445760,1
82420,3968,445760,1
82420,8963,445712,1
82420,8963,445760,1
82429,8062,445691,1
82444,7691,445689,1
82444,9262,445689,1
82452,5843,445702,1
82452,10415,445702,1
82457,8717,445734,1
82472,6260,445710,1
82482,2179,445703,1
82484,722,445702,1
82495,405,445703,1
82516,7283,445690,1
82516,8062,445690,1
82521,1194,445711,1
82521,7789,445701,1
82521,7789,445711,1
82526,124,445712,1
82526,847,445712,1
82526,4508,445712,1
82526,5465,445712,1
82526,7013,445712,1
82526,9111,445712,1
82539,154,445736,1
82585,154,445707,1
82585,3401,445707,1
82585,8791,445707,1
82585,9262,445707,1
82585,10120,445707,1
82586,1256,445691,1
82586,10136,445691,1
82602,3401,445707,1
82602,9262,445707,2
82609,154,445692,1
82609,1296,445692,1
82609,2589,445692,1
82622,154,445694,1
82622,2548,445694,1
82622,2809,445694,1
82629,10681,445695,1
82635,3283,445703,1
82656,10120,445706,1
82656,10426,445706,1
82660,1649,445716,1
82660,9262,445716,1
82667,8212,445761,1
82669,9326,445691,1
82671,3638,445689,1
82671,8062,445689,1
82684,3401,445698,1
82684,3728,445698,1
82684,9138,445698,1
82684,9262,445698,1
82690,2096,445735,1
82690,9501,445698,1
82713,665,445758,1
82713,9083,445758,1
82717,11386,445697,1
82724,4639,445708,1
82724,5858,445708,1
82724,7398,445708,1
82724,7569,445708,1
82731,11386,445707,1
82740,7555,445760,1
82750,2809,445694,1
82756,9262,445714,2
82774,4706,445704,1
82780,1880,445698,1
82802,5193,445690,1
82802,5805,445690,1
82802,6920,445690,1
82802,7919,445690,1
82809,621,445760,1
82819,4762,445701,1
82833,154,445699,1
82833,10248,445699,1
82846,1827,445735,1
82846,4762,445735,1
82846,8634,445735,1
82846,9550,445735,1
82855,8220,445760,1
82860,5760,445706,1
82860,10964,445706,1
82860,10964,445707,1
82901,7922,445697,1
82907,3754,445706,1
82907,9262,445706,1
82907,10743,445706,1
82912,9262,445716,1
82917,1649,445735,1
82918,154,445689,1
82918,154,445709,1
82918,7569,445689,1
82918,8791,445689,1
82924,8062,445694,1
82946,1642,445713,1
82946,2716,445713,1
82946,4769,445713,1
82957,4762,445742,1
82960,6458,445708,1
82963,2802,445700,8
82971,726,445715,1
82982,722,445701,1
82982,9276,445701,1
82988,9760,445689,1
82998,4639,445709,1
83009,10924,445689,1
83053,405,445760,1
83053,5582,445760,1
83053,5950,445760,1
83053,6215,445760,1
83053,6845,445760,1
83053,7785,445760,1
83053,8220,445760,1
83053,9292,445760,1
83068,9000,445716,1
83075,4639,445700,1
83076,1194,445710,1
83085,154,445712,1
83085,1537,445712,1
83085,4639,445712,1
83085,10120,445712,1
83123,4639,445741,1
83124,10369,445700,1
83131,10137,445698,1
83132,777,445708,1
83132,3401,445708,1
83132,9262,445708,1
83152,1649,445736,1
83158,7132,445707,1
83158,7489,445707,1
83158,7956,445707,1
83166,1649,445742,1
83175,3409,445706,1
83191,6173,445758,1
83209,154,445705,1
83212,4313,445714,1
83224,722,445709,1
83224,2068,445709,1
83224,2096,445709,1
83224,3728,445709,1
83224,7716,445709,1
83229,3110,445702,1
83229,8712,445702,1
83231,5342,445718,1
83237,9262,445689,1
83238,8543,445714,1
83238,9144,445714,1
83239,6514,445705,1
83248,154,445694,1
83271,1443,445715,1
83271,4786,445715,1
83288,9138,445704,1
83305,3956,445695,1
83305,3956,445698,1
83305,10020,445695,1
83314,735,445758,1
83314,3342,445758,1
83319,5969,445700,1
83321,4639,445714,1
83333,124,445734,1
83336,7209,445696,1
83350,7736,445707,1
83358,2664,445709,1
83358,6919,445709,1
83366,10742,445706,1
83370,1316,445712,1
83370,5501,445712,1
83370,5503,445712,1
83389,1762,445716,1
83389,2809,445716,1
83389,3076,445716,1
83389,5858,445716,1
83389,6938,445716,1
83389,9262,445716,1
83389,9720,445716,1
83389,11386,445716,1
83398,4762,445689,2
83398,8062,445689,1
83398,8205,445689,1
83398,8791,445689,1
83398,8822,445689,1
83420,6784,445760,1
83424,8016,445699,1
83439,3188,445703,1
83439,3401,445703,1
83439,7922,445703,1
83439,8016,445703,1
83439,9318,445703,1
83439,10529,445703,1
83466,4806,445713,1
83486,154,445760,1
83486,1194,445760,1
83486,1312,445760,1
83486,1847,445760,1
83486,3076,445760,1
83486,5011,445760,1
83486,6683,445760,1
83486,8606,445760,1
83486,9038,445760,1
83486,9326,445760,1
83499,8717,445703,1
83507,2472,445705,1
83522,4639,445711,1
83522,9262,445711,1
83522,11270,445711,1
83528,4639,445690,1
83528,9262,445690,1
83530,4639,445717,1
83533,154,445698,1
83533,722,445698,1
83533,1316,445698,1
83533,1537,445698,1
83533,3728,445698,1
83533,4639,445698,1
83533,6995,445698,1
83533,8791,445698,1
83533,9138,445698,1
83533,9262,445698,1
83553,722,445704,1
83553,8941,445704,1
83554,124,445741,1
83566,7838,445691,1
83574,11386,445692,1
83583,6938,445691,1
83590,2809,445699,1
83607,5634,445689,1
83607,8480,445689,1
83620,4278,445704,1
83634,1119,445692,1
83636,10504,445698,1
83638,3880,445758,1
83651,2164,445759,1
83658,154,445699,1
83659,4639,445698,1
83659,8791,445698,1
83659,11386,445698,1
83666,10390,445703,1
83671,154,445716,1
83671,7518,445716,1
83685,1649,445761,1
83686,7135,445700,1
83700,8016,445694,1
83716,154,445694,1
83716,154,445696,2
83716,4340,445715,1
83730,566,445759,1
83730,2548,445759,1
83730,3280,445759,1
83730,3750,445759,1
83730,4345,445759,1
83730,4535,445759,1
83730,7956,445759,1
83730,10643,445759,1
83730,11375,445759,1
83738,1716,445698,1
83745,154,445691,1
83759,2809,445694,1
83763,154,445717,1
83763,8063,445717,1
83763,10761,445717,1
83774,6893,445691,1
83778,8909,445715,1
83786,2548,445699,1
83804,10120,445703,1
83813,154,445691,1
83833,185,445708,1
83839,163,445734,1
83839,5050,445734,1
83862,6535,445705,1
83862,8623,445705,1
83870,3519,445690,2
83870,7080,445690,2
83870,7640,445690,2
83870,7795,445690,2
83870,7846,445690,2
83870,7966,445690,2
83870,8791,445690,2
83870,10266,445690,2
83872,9262,445758,1
83895,10746,445704,1
83923,3890,445703,1
83956,79,445707,1
83958,4989,445703,1
83958,7671,445703,1
83958,8016,445703,1
83960,4639,445703,1
83960,8062,445703,1
83960,10529,445703,1
83962,11386,445716,1
83965,2463,445714,2
83965,4171,445714,2
83965,8337,445714,2
83968,613,445716,1
83978,1193,445717,1
83984,9262,445715,1
83988,381,445699,1
83988,722,445699,1
83988,4639,445699,1
84012,3401,445717,1
84012,9262,445717,1
84018,7940,445736,1
84018,8062,445736,1
84020,154,445760,1
84020,1649,445760,1
84043,154,445694,1
84052,10120,445708,1
84053,2161,445742,1
84100,7887,445716,1
84103,6849,445759,1
84116,5152,445712,1
84116,9767,445712,1
84124,154,445711,2
84124,154,445718,1
84124,2096,445711,2
84124,2161,445718,1
84124,3076,445711,2
84124,3076,445718,1
84124,3728,445711,2
84124,3728,445718,1
84124,6514,445711,2
84124,6514,445718,1
84124,6535,445711,2
84124,6535,445718,1
84124,8062,445711,2
84124,8062,445718,1
84124,9262,445711,2
84124,9262,445718,1
84124,10120,445711,2
84124,10120,445718,1
84131,2067,445705,1
84131,7987,445705,1
84141,154,445758,1
84141,3428,445758,1
84141,6367,445758,1
84152,2302,445706,1
84152,4639,445706,1
84157,405,445759,1
84157,958,445759,1
84157,9262,445759,1
84162,154,445694,1
84162,722,445694,1
84162,2847,445694,1
84162,4639,445694,1
84162,6745,445694,1
84180,2809,445696,1
84187,3958,445709,1
84190,9262,445695,1
84207,10743,445734,1
84207,10743,445735,1
84208,637,445699,1
84208,655,445699,1
84208,1198,445699,1
84208,1316,445699,1
84208,4607,445699,1
84208,8683,445699,1
84217,154,445693,1
84217,154,445694,1
84217,154,445701,1
84224,9505,445702,1
84233,1649,445713,1
84233,3728,445713,1
84233,7013,445713,1
84233,8220,445713,1
84240,4682,445707,1
84240,9494,445707,1
84245,8246,445736,1
84253,7922,445706,1
84253,11386,445706,1
84261,777,445742,1
84261,4622,445742,1
84261,9449,445742,1
84265,2445,445736,1
84266,9426,445700,1
84271,10971,445691,1
84273,3388,445700,1
84321,2509,445710,1
84321,4007,445710,1
84321,6237,445710,1
84321,10248,445710,1
84349,3815,445761,1
84349,4014,445761,1
84349,4999,445761,1
84349,5465,445761,1
84349,5932,445761,1
84349,7473,445761,1
84349,9941,445761,1
84349,10248,445761,1
84359,3820,445741,1
84359,4639,445741,1
84359,6004,445741,1
84374,3638,445706,1
84374,4639,445699,1
84374,4639,445706,1
84374,9262,445699,1
84416,2282,445759,1
84416,4639,445759,1
84416,6784,445759,1
84416,7956,445759,1
84416,8815,445759,1
84424,9262,445735,1
84426,7226,445717,1
84429,405,445709,1
84429,4762,445709,1
84429,5197,445709,1
84454,6538,445761,1
84460,1316,445714,1
84460,3728,445714,1
84460,4344,445714,1
84460,4639,445714,1
84460,5465,445714,1
84460,6535,445714,1
84460,8016,445714,1
84460,8062,445714,1
84460,9262,445714,1
84460,10120,445714,1
84463,405,445690,1
84463,6642,445712,1
84471,1164,445689,1
84471,3871,445689,1
84471,6514,445689,1
84492,8062,445689,1
84511,154,445700,1
84511,7803,445700,1
84511,9262,445700,1
84554,1649,445735,1
84594,5858,445697,1
84595,5538,445734,1
84611,9262,445689,1
84615,2809,445699,1
84662,325,445696,1
84662,722,445758,1
84662,932,445758,1
84662,2382,445696,1
84662,2716,445696,1
84662,9409,445758,1
84665,154,445692,1
84665,895,445692,1
84665,6784,445692,1
84665,7132,445692,1
84673,3087,445735,1
84680,154,445691,1
84680,4639,445691,1
84680,7569,445691,1
84680,8791,445691,1
84682,11386,445712,1
84683,154,445693,1
84683,8791,445693,1
84683,9262,445693,1
84689,154,445702,1
84689,7877,445702,1
84691,2562,445690,1
84691,4762,445690,1
84691,5637,445690,1
84691,8062,445690,1
84699,6424,445709,1
84699,8016,445709,1
84729,1196,445735,1
84729,2096,445735,1
84729,2716,445735,1
84729,4222,445735,1
84729,4587,445735,1
84729,9262,445735,2
84729,10224,445735,1
84729,10556,445735,1
84729,11349,445735,1
84733,11172,445741,1
84734,3401,445712,1
84734,5094,445712,1
84734,9262,445712,1
84742,10120,445712,1
84748,148,445706,1
84748,1285,445706,1
84752,8768,445717,1
84755,4999,445698,1
84755,6784,445698,1
84755,7132,445698,1
84759,1094,445760,1
84760,8062,445689,1
84768,4639,445703,1
84773,154,445715,1
84802,1574,445697,1
84802,8543,445697,1
84804,10665,445736,1
84815,3728,445704,1
84815,4639,445704,1
84815,5418,445704,1
84815,9262,445704,1
84815,10527,445704,1
84823,4571,445710,1
84824,1142,445701,1
84824,10333,445701,1
84827,9228,445759,1
84846,4007,445691,1
84860,1202,445701,1
84860,4639,445701,1
84860,10504,445701,1
84877,154,445695,1
84877,9262,445695,1
84886,6784,445689,1
84886,7614,445689,1
84886,9166,445689,1
84886,10761,445689,1
84899,5047,445699,1
84907,711,445735,1
84907,4762,445735,1
84916,10359,445758,1
84924,5076,445696,1
84925,2180,445706,1
84928,405,445705,1
84928,5513,445705,1
84928,7509,445705,1
84928,7569,445705,1
84943,600,445707,1
84946,4541,445707,1
84946,8337,445707,1
84950,154,445690,1
84950,4007,445690,2
84950,5774,445690,1
84950,9536,445690,1
84954,507,445713,1
84954,3728,445713,1
84954,4639,445713,1
84993,4762,445701,1
85007,154,445735,1
85007,9262,445735,1
85019,3401,445742,1
85019,3941,445742,1
85019,4762,445742,1
85022,2809,445717,1
85022,6653,445717,1
85031,4639,445715,1
85057,1316,445708,1
85060,85,445699,1
85060,1801,445699,1
85060,2509,445699,1
85066,2070,445713,1
85104,1316,445712,1
85135,2096,445718,1
85137,3049,445692,1
85137,3119,445692,1
85137,4164,445692,1
85137,8035,445692,1
85145,1700,445700,1
85145,3427,445700,1
85145,7532,445700,1
85150,8062,445736,1
85168,6938,445697,1
85169,4639,445713,1
85180,9138,445690,1
85190,8062,445709,1
85190,11386,445709,1
85191,4007,445716,1
85191,8428,445716,1
85195,2302,445715,1
85195,6514,445715,1
85233,3068,445711,1
85233,7044,445711,1
85233,9196,445711,1
85233,9708,445711,1
85242,154,445690,1
85242,8791,445690,1
85255,466,445736,1
85255,1038,445736,1
85255,1574,445736,1
85255,2037,445736,1
85255,3058,445736,1
85255,4344,445736,1
85255,5310,445736,1
85255,6293,445736,1
85255,7714,445736,1
85255,10450,445736,1
85255,10528,445736,1
85269,9262,445709,1
85271,3147,445689,1
85271,7796,445689,1
85271,9262,445689,1
85303,1649,445715,1
85303,3342,445715,1
85303,4344,445715,1
85317,4479,445735,1
85325,10120,445716,1
85335,3638,445742,1
85340,3401,445760,1
85340,5851,445760,1
85340,6865,445760,1
85340,9262,445760,1
85345,3862,445711,1
85345,9262,445711,1
85348,10681,445709,1
85349,6234,445712,1
85355,4171,445690,1
85355,8063,445690,1
85358,1094,445759,2
85359,7568,445700,1
85391,4944,445717,1
85392,154,445692,1
85392,3291,445705,1
85396,3408,445760,1
85405,3401,445692,1
85405,11386,445692,1
85408,3209,445711,1
85408,8893,445761,1
85408,10700,445761,1
85408,10761,445761,1
85408,10871,445711,1
85427,4480,445699,1
85429,154,445714,1
85429,3728,445714,1
85442,154,445706,1
85442,1299,445706,1
85442,10635,445706,1
85452,692,445692,1
85452,1936,445692,1
85452,2954,445692,1
85452,5211,445692,1
85452,6273,445692,1
85456,9138,445712,1
85460,10246,445714,1
85464,8062,445692,1
85465,485,445759,1
85465,9262,445759,1
85474,102,445761,1
85474,901,445761,1
85474,1380,445761,1
85474,1910,445761,1
85474,3342,445761,1
85474,3728,445761,1
85474,4762,445761,1
85474,4813,445761,1
85474,5011,445761,1
85474,5197,445761,1
85474,5383,445761,2
85474,5700,445761,1
85474,6971,445761,1
85474,7473,445761,1
85474,7931,445761,1
85474,8063,445761,1
85474,8220,445761,1
85474,8791,445761,1
85474,10426,445761,1
85474,10529,445761,1
85474,10998,445761,1
85476,1202,445705,1
85476,3871,445705,1
85476,10120,445705,1
85476,11305,445705,1
85481,91,445699,1
85481,130,445699,1
85481,2499,445699,1
85481,4989,445699,1
85481,9268,445699,1
85481,10072,445699,1
85481,10248,445699,1
85486,10426,445716,1
85492,154,445692,1
85494,1136,445690,1
85494,1136,445713,1
85494,1144,445690,1
85494,1772,445713,1
85494,1961,445713,1
85494,2298,445690,1
85494,3276,445690,2
85494,3345,445690,1
85494,3401,445690,2
85494,3401,445713,4
85494,3519,445713,1
85494,3638,445713,1
85494,3680,445690,1
85494,4359,445690,1
85494,4531,445690,2
85494,4531,445713,3
85494,4610,445713,1
85494,5158,445690,2
85494,5265,445713,1
85494,5465,445713,4
85494,6235,445690,2
85494,6235,445713,1
85494,6359,445713,1
85494,7408,445713,1
85494,7600,445690,1
85494,8062,445713,2
85494,8105,445690,1
85494,9262,445690,2
85494,9262,445713,4
85494,10248,445713,1
85494,10938,445690,1
85494,10938,445713,3
85494,10963,445690,2
85494,10963,445713,3
85494,11033,445690,2
85494,11033,445713,3
85494,11081,445690,1
85494,11081,445713,3
85507,540,445690,1
85507,540,445702,1
85570,7018,445699,1
85573,154,445760,1
85573,4813,445760,1
85573,5011,445760,1
85632,5193,445691,1
85632,6920,445691,1
85638,4639,445702,1
85640,7398,445718,1
85640,10120,445718,1
85654,2809,445697,1
85666,6794,445710,1
85669,154,445692,1
85669,2848,445692,1
85690,4639,445706,1
85690,9262,445706,1
85695,9262,445705,1
85706,11005,445690,1
85730,124,445718,1
85730,2809,445718,1
85730,10046,445718,1
85737,5465,445741,1
85743,2600,445760,1
85743,6915,445760,1
85747,4920,445694,1
85763,4639,445700,1
85784,154,445708,1
85784,8016,445708,1
85801,9286,445710,1
85811,2096,445699,1
85811,3342,445699,1
85811,5553,445699,1
85818,2809,445691,1
85826,4639,445705,1
85835,8063,445761,1
85847,280,445695,1
85847,5858,445695,1
85857,2930,445691,1
85860,6234,445712,1
85866,185,445708,1
85866,8016,445708,1
85866,9262,445708,1
85867,10120,445708,1
85876,9262,445699,1
85891,154,445692,1
85891,8177,445692,1
85891,8588,445692,1
85891,8681,445692,1
85891,10248,445692,1
85913,3049,445694,1
85955,650,445704,1
85955,2148,445704,1
85955,6546,445704,1
85955,6689,445704,1
85959,2809,445700,1
85959,2809,445710,1
85961,4639,445713,1
85967,154,445760,1
85973,4639,445709,1
85973,9262,445709,1
85985,5465,445735,1
85985,8062,445735,1
85993,4639,445711,1
85999,1649,445735,1
85999,6475,445735,1
85999,7013,445735,1
86019,701,445689,1
86019,1164,445689,1
86019,5349,445689,1
86019,8062,445689,1
86019,9138,445689,1
86019,10998,445689,1
86037,5050,445704,1
86037,10020,445704,1
86056,722,445710,1
86056,3551,445710,1
86056,4207,445710,1
86056,4762,445710,1
86056,5412,445710,1
86064,340,445707,1
86064,835,445707,1
86064,1202,445707,1
86064,3375,445707,1
86064,10174,445707,1
86074,1316,445709,1
86075,3401,445689,1
86075,8062,445689,1
86075,9262,445689,1
86087,6609,445702,1
86109,5858,445695,1
86109,7398,445695,1
86109,8305,445695,1
86109,10460,445695,1
86113,2701,445759,1
86113,10362,445759,1
86113,11148,445759,1
86117,3638,445715,1
86117,6744,445715,1
86117,10120,445715,1
86128,3091,445695,1
86128,5682,445698,1
86130,4762,445690,1
86130,6623,445690,1
86130,8243,445690,1
86143,2096,445701,1
86143,10635,445701,1
86195,9761,445689,1
86196,7276,445759,1
86200,4639,445696,1
86203,10012,445711,1
86215,11348,445717,1
86216,2809,445718,1
86217,3083,445707,1
86279,154,445742,1
86311,4989,445695,1
86311,8906,445695,1
86312,991,445710,1
86312,9326,445710,1
86318,154,445694,1
86318,1478,445701,1
86318,2809,445694,1
86318,4639,445701,1
86318,8016,445694,1
86318,9262,445694,1
86318,10532,445701,1
86324,2679,445759,1
86343,7428,445701,1
86343,8889,445701,1
86343,9262,445701,1
86343,10761,445701,1
86366,8170,445701,1
86409,847,445760,1
86409,7518,445760,1
86409,9211,445760,1
86409,9579,445760,1
86409,10635,445760,1
86410,1649,445703,1
86410,8016,445703,1
86410,10529,445711,1
86425,9225,445702,1
86432,1737,445700,1
86433,1649,445741,1
86433,8791,445741,1
86435,5250,445704,1
86443,8337,445695,1
86466,2218,445697,1
86466,3401,445697,1
86466,9262,445697,1
86466,9707,445697,1
86473,6514,445713,1
86473,9262,445713,1
86473,9262,445758,1
86488,2809,445699,1
86501,3638,445689,1
86501,9138,445689,1
86529,7569,445759,1
86531,895,445718,1
86537,5465,445715,1
86575,8337,445759,1
86590,4639,445689,1
86590,7569,445689,1
86617,1316,445714,1
86617,3728,445714,1
86617,5465,445714,1
86617,8062,445714,1
86617,9138,445714,1
86617,9262,445714,1
86617,10248,445714,1
86624,228,445705,1
86640,5862,445710,1
86640,10257,445710,1
86648,8566,445691,1
86654,1316,445710,1
86654,8203,445710,1
86659,1561,445714,1
86659,1649,445714,1
86669,7473,445758,1
86684,476,445708,1
86684,1396,445708,1
86684,3401,445708,1
86684,3728,445708,1
86684,3871,445708,1
86684,4639,445708,1
86684,5094,445708,1
86684,6488,445708,1
86684,6995,445708,1
86684,7345,445708,1
86684,10527,445708,1
86684,11386,445708,1
86695,10969,445700,1
86759,749,445758,1
86759,1100,445758,1
86759,1351,445758,1
86759,10754,445758,1
86772,3247,445694,1
86772,4468,445694,1
86772,5474,445694,1
86772,9888,445694,1
86774,4525,445695,2
86792,4900,445702,1
86799,2723,445691,1
86799,3401,445691,1
86799,4639,445691,1
86799,9262,445691,1
86803,310,445712,1
86803,1316,445712,1
86803,5465,445712,1
86803,7132,445712,1
86803,8016,445712,1
86816,4639,445708,1
86816,5121,445708,1
86816,7167,445734,1
86816,10120,445734,1
86824,6423,445711,1
86832,4639,445692,1
86840,3228,445700,1
86846,300,445761,1
86846,2564,445761,1
86846,3401,445761,1
86846,5011,445761,1
86846,9262,445761,1
86847,8431,445715,1
86863,139,445713,1
86863,3342,445713,1
86863,4762,445713,1
86863,10191,445713,1
86863,10755,445713,1
86863,10868,445713,1
86875,2302,445695,1
86875,2302,445705,1
86875,3579,445705,1
86875,3871,445695,1
86875,5716,445705,1
86875,6159,445705,1
86875,8130,445705,1
86875,9262,445695,1
86875,9262,445705,1
86875,9433,445705,1
86875,9578,445705,1
86875,10006,445705,1
86875,10445,445705,1
86875,10882,445705,1
86884,3076,445704,1
86884,9490,445704,1
86886,8016,445692,1
86895,405,445695,2
86895,3823,445695,1
86895,4345,445695,1
86895,6692,445695,1
86895,6970,445695,1
86895,7942,445695,1
86895,9262,445695,1
86895,9536,445695,1
86895,10532,445695,1
86895,10743,445695,1
86895,11386,445695,1
86902,3401,445716,1
86902,8062,445716,1
86902,9262,445716,1
86916,1703,445707,1
86925,1316,445707,1
86925,1517,445707,1
86925,3401,445707,2
86925,3638,445707,1
86925,3728,445707,2
86925,4639,445707,1
86925,5094,445707,1
86925,5465,445707,1
86925,6217,445707,1
86925,6535,445707,1
86925,6784,445707,2
86925,7013,445707,2
86925,8016,445707,1
86925,8062,445707,1
86925,9262,445707,1
86925,10120,445707,1
86930,154,445697,1
86930,9138,445697,1
86946,1370,445715,2
86946,1728,445715,1
86946,4762,445715,1
86946,4942,445715,1
86946,5197,445715,1
86946,6185,445715,1
86946,9435,445715,1
86946,9536,445715,1
86955,3450,445714,1
86956,4345,445702,1
86956,4639,445702,1
86956,7922,445702,1
86956,8977,445702,1
86956,9536,445702,1
86992,154,445742,1
86992,10120,445742,1
86997,402,445701,1
87006,154,445690,1
87017,3188,445691,1
87017,4639,445691,1
87017,8791,445691,1
87038,2289,445714,1
87053,235,445701,1
87058,4639,445697,1
87059,7507,445760,1
87070,3342,445742,1
87070,9262,445742,1
87090,1933,445713,1
87094,2121,445699,1
87099,668,445691,1
87099,1595,445691,1
87099,6535,445691,1
87099,7966,445691,1
87114,5384,445700,1
87114,7133,445700,1
87122,9262,445714,1
87135,1018,445702,1
87135,5050,445702,3
87135,5682,445702,1
87135,9262,445702,1
87141,1271,445702,1
87141,1539,445702,1
87141,4681,445702,1
87141,8388,445702,1
87142,8016,445702,1
87142,9534,445702,1
87155,3880,445758,1
87155,8566,445758,1
87155,8958,445758,1
87155,9621,445758,1
87177,2096,445689,1
87183,10998,445691,1
87186,154,445701,1
87186,2809,445701,1
87205,3523,445709,1
87207,154,445700,1
87207,7569,445700,1
87215,4803,445690,1
87219,2368,445709,1
87226,154,445692,1
87240,154,445696,1
87240,3401,445696,1
87240,9262,445696,1
87245,1944,445706,1
87245,2384,445706,1
87245,9038,445706,1
87246,4639,445692,1
87246,9727,445692,1
87246,11386,445691,1
87261,4583,445711,1
87261,9303,445714,1
87261,10120,445714,1
87261,10120,445715,1
87269,802,445706,1
87282,154,445694,1
87282,1537,445694,1
87282,4639,445694,1
87286,1115,445735,1
87286,4762,445735,1
87315,154,445758,1
87315,2357,445758,1
87315,5011,445758,1
87315,6784,445758,1
87325,6784,445715,1
87351,110,445690,1
87351,1479,445690,1
87351,3035,445690,1
87351,3402,445690,1
87351,3936,445690,1
87351,4628,445690,1
87351,5291,445690,1
87351,5473,445690,1
87351,6149,445690,1
87351,6784,445690,1
87351,8081,445690,1
87351,8241,445690,1
87351,8777,445690,1
87351,9046,445690,1
87351,9067,445690,1
87351,10165,445690,1
87351,10670,445690,1
87351,10989,445690,1
87351,11077,445690,1
87351,11394,445690,1
87362,1334,445717,1
87362,9326,445717,1
87363,3401,445713,1
87363,4639,445713,1
87363,6475,445713,1
87363,7013,445713,1
87363,8712,445713,1
87363,9083,445713,1
87363,9262,445713,1
87363,10120,445713,1
87378,8786,445712,1
87385,7094,445701,1
87385,9221,445701,1
87389,5011,445761,1
87389,7132,445761,1
87389,9262,445761,1
87392,4639,445758,1
87392,5094,445758,1
87392,7132,445758,1
87392,9262,445758,1
87398,3401,445711,1
87398,4344,445711,1
87398,5344,445711,1
87398,8063,445711,1
87398,9262,445711,1
87448,1649,445702,1
87448,3598,445702,1
87448,5858,445696,1
87448,10195,445696,1
87448,10635,445702,1
87448,11391,445702,1
87452,4921,445705,1
87452,5216,445705,1
87452,10872,445705,1
87457,1142,445691,1
87457,7185,445691,1
87468,9138,445689,1
87473,438,445758,1
87473,882,445758,1
87473,2447,445758,1
87473,4189,445758,1
87473,4235,445758,1
87473,5063,445758,1
87473,5864,445758,1
87473,5931,445758,1
87473,6757,445758,1
87473,7701,445758,1
87473,8155,445758,1
87473,8488,445758,1
87473,8728,445758,1
87473,9125,445758,1
87473,10679,445758,1
87473,10961,445758,1
87473,11142,445758,1
87473,11402,445758,1
87476,6784,445691,1
87505,7013,445718,1
87505,8016,445694,1
87505,11386,445697,1
87507,154,445696,1
87507,4762,445696,1
87507,5197,445696,1
87510,102,445699,1
87510,964,445699,1
87510,2036,445699,1
87510,4639,445699,1
87510,5696,445699,1
87510,9023,445699,1
87512,8062,445690,1
87512,9138,445690,1
87517,4824,445710,1
87525,8843,445694,1
87527,6784,445713,1
87527,7132,445713,1
87529,8062,445703,1
87535,4480,445703,1
87538,9286,445761,1
87538,10012,445761,1
87541,5247,445761,1
87545,8714,445701,1
87546,9165,445760,1
87555,9979,445715,1
87555,11386,445715,1
87566,777,445702,1
87566,2417,445702,1
87566,8062,445702,1
87566,9262,445702,1
87566,10120,445702,1
87568,628,445759,1
87568,3401,445759,1
87568,8062,445759,1
87568,9262,445759,1
87577,420,445742,1
87577,432,445742,1
87577,1631,445742,1
87577,3769,445711,1
87577,5986,445717,1
87577,6367,445742,1
87577,6985,445711,1
87577,7518,445717,1
87577,7661,445742,1
87577,9223,445742,1
87599,1326,445758,1
87605,1094,445698,1
87618,2809,445713,1
87625,9262,445704,1
87625,9404,445704,1
87625,10122,445704,1
87625,11341,445704,1
87625,11353,445704,1
87634,791,445759,1
87634,938,445759,1
87635,5094,445758,1
87650,4531,445713,1
87659,104,445694,1
87659,4639,445694,1
87659,6632,445694,1
87660,4639,445715,1
87672,1142,445759,1
87672,2054,445759,1
87672,2461,445759,1
87672,3544,445759,1
87672,7134,445759,1
87672,7473,445759,1
87672,8735,445759,1
87672,9158,445759,1
87672,9262,445759,1
87680,10120,445716,1
87681,154,445698,1
87681,3401,445698,1
87681,3638,445698,1
87681,4762,445698,1
87702,2809,445691,1
87716,2218,445715,1
87716,4171,445715,1
87716,4755,445715,1
87716,7185,445714,1
87716,9262,445715,1
87716,10333,445715,1
87725,10907,445700,1
87725,11341,445700,1
87743,11339,445712,1
87750,154,445689,1
87750,1164,445689,1
87750,4639,445689,1
87750,6784,445689,1
87750,7132,445689,1
87750,8062,445689,1
87750,8791,445689,1
87750,9138,445689,1
87756,3401,445760,1
87767,2504,445711,1
87775,4040,445698,2
87802,4553,445698,1
87802,10743,445698,1
87813,4207,445736,2
87814,340,445699,1
87818,870,445742,1
87839,713,445718,1
87849,5480,445759,1
87849,8062,445759,1
87875,154,445704,1
87875,8791,445704,1
87889,10773,445708,1
87894,154,445692,1
87894,779,445690,1
87894,5805,445692,1
87894,6784,445689,1
87894,6784,445690,1
87894,6784,445692,1
87895,3380,445706,1
87895,11176,445710,1
87931,1976,445692,1
87931,3871,445692,1
87943,4942,445691,1
87943,6053,445691,1
87943,8063,445691,1
87943,9262,445691,1
87956,10353,445699,1
87988,3401,445736,1
87990,4207,445690,1
87990,4989,445696,1
87992,1531,445705,1
87995,9256,445712,1
88003,451,445692,1
88003,2455,445692,1
88003,10690,445692,1
88020,1485,445736,1
88022,154,445708,1
88032,798,445710,1
88047,3845,445699,1
88051,3773,445702,1
88078,4752,445702,1
88090,154,445694,1
88090,9262,445694,1
88092,1366,445741,1
88101,154,445689,2
88101,1164,445689,2
88101,4639,445689,2
88101,6784,445689,2
88101,7132,445689,2
88101,8062,445689,2
88101,8791,445689,2
88101,9138,445689,2
88172,7096,445694,1
88175,774,445709,1
88175,8062,445709,1
88177,8062,445715,1
88181,7481,445699,1
88187,3871,445692,1
88187,3871,445709,1
88194,9262,445761,1
88198,511,445741,1
88214,5880,445715,1
88215,3188,445700,1
88237,2421,445698,1
88237,2988,445698,1
88245,722,445703,1
88245,10998,445703,1
88252,154,445700,1
88278,154,445692,1
88296,10554,445718,1
88303,433,445692,1
88303,4639,445692,1
88303,9634,445692,1
88303,10158,445692,1
88304,10517,445707,1
88316,847,445706,1
88316,2809,445706,1
88316,6514,445706,1
88316,8016,445706,1
88316,9502,445706,1
88316,9579,445706,1
88316,10390,445706,1
88316,11011,445706,1
88334,722,445710,1
88334,4639,445710,1
88334,8063,445710,1
88334,10120,445710,1
88349,1956,445698,1
88349,6938,445698,1
88368,154,445698,1
88369,3750,445717,1
88371,1649,445711,1
88371,5465,445711,1
88394,1094,445698,1
88418,1562,445697,1
88418,7421,445697,1
88419,6260,445698,1
88419,6752,445698,1
88424,154,445690,1
88424,154,445691,1
88424,154,445700,1
88424,154,445702,1
88424,5328,445690,1
88424,5328,445691,1
88424,5328,445700,1
88424,5328,445702,1
88425,2399,445704,1
88425,4524,445704,1
88425,4639,445704,1
88425,5474,445704,1
88425,6535,445704,1
88425,9262,445704,1
88443,3992,445759,1
88448,221,445714,1
88448,8062,445714,1
88461,3885,445712,1
88464,7940,445704,1
88489,9083,445699,1
88489,9377,445699,1
88533,11257,445761,1
88534,1649,445709,1
88557,1986,445742,1
88572,10120,445708,1
88577,4639,445691,1
88577,5858,445691,1
88577,10969,445691,1
88590,4345,445704,1
88590,7922,445704,1
88590,9083,445697,1
88590,9579,445704,1
88627,9138,445708,1
88647,1880,445696,1
88648,895,445701,1
88648,1190,445701,1
88648,2096,445701,1
88648,2809,445701,1
88648,4222,445701,1
88648,5858,445701,1
88648,6066,445701,1
88648,7569,445701,1
88648,8791,445701,1
88648,9513,445701,1
88649,6241,445759,1
88655,127,445735,1
88659,124,445742,1
88676,154,445714,1
88682,4232,445694,1
88697,10914,445704,1
88718,8799,445690,1
88730,154,445710,1
88730,722,445735,1
88730,4762,445691,1
88730,4762,445710,1
88730,4762,445735,1
88730,5524,445710,1
88730,7013,445735,1
88730,10120,445710,1
88730,10120,445735,1
88756,154,445760,1
88756,6488,445760,1
88756,9262,445760,1
88757,3401,445714,1
88757,3728,445714,1
88757,9262,445714,1
88760,7922,445704,1
88769,1195,445702,1
88784,2809,445700,1
88797,7428,445759,1
88801,9262,445761,1
88809,353,445712,1
88812,9138,445710,1
88818,154,445736,1
88818,3852,445736,1
88818,4344,445736,1
88818,5315,445736,1
88818,7218,445736,1
88818,7956,445736,1
88818,9271,445736,1
88818,9536,445736,1
88818,10248,445736,1
88818,10353,445736,1
88844,6606,445715,1
88847,713,445703,1
88847,2871,445703,1
88852,6389,445715,1
88852,9904,445715,1
88859,154,445707,1
88892,595,445695,1
88892,1433,445695,1
88892,1447,445695,1
88892,1691,445695,1
88892,1886,445695,1
88892,3401,445695,1
88892,4114,445695,1
88892,4282,445695,1
88892,4344,445695,1
88892,4639,445695,1
88892,4933,445695,1
88892,6026,445695,1
88892,6689,445695,1
88892,7179,445695,1
88892,9262,445695,1
88892,9782,445695,1
88892,10248,445695,1
88892,10847,445695,1
88907,2917,445717,1
88910,7282,445717,1
88932,566,445700,1
88932,722,445700,1
88932,3025,445700,1
88932,8566,445700,1
88932,9262,445700,1
88948,154,445694,1
88958,19,445761,1
88958,5094,445761,1
88958,5465,445761,1
88958,7509,445761,1
89046,9262,445699,1
89050,9262,445709,1
89052,3728,445704,1
89052,4639,445704,1
89065,722,445691,1
89065,6744,445691,1
89083,1008,445759,1
89116,154,445689,1
89116,722,445689,1
89116,4639,445689,1
89116,7569,445689,1
89116,8791,445689,1
89125,5735,445693,1
89137,9878,445709,1
89145,7013,445735,1
89145,8220,445735,1
89151,6514,445718,1
89173,4639,445690,1
89173,8686,445690,1
89204,154,445718,1
89205,154,445700,1
89205,2005,445700,1
89205,3871,445700,1
89205,8016,445700,1
89206,154,445708,1
89206,10020,445708,1
89224,4345,445699,1
89224,6881,445699,1
89224,9536,445699,1
89242,3258,445735,1
89242,3335,445735,1
89242,3447,445735,1
89242,4503,445735,1
89242,7254,445735,1
89242,9153,445735,1
89262,1323,445699,1
89287,2809,445710,1
89287,4639,445710,1
89303,154,445760,1
89303,4639,445735,1
89303,5383,445735,1
89311,722,445699,1
89328,2017,445758,1
89329,8568,445759,1
89342,1442,445761,1
89342,8440,445761,1
89347,7013,445697,1
89350,6868,445735,1
89363,1595,445690,1
89363,3728,445690,1
89363,4639,445690,1
89363,9262,445690,1
89368,102,445714,1
89380,3401,445703,1
89380,5173,445703,1
89380,9262,445703,1
89380,9968,445703,1
89387,2096,445758,1
89396,1406,445709,1
89417,2295,445734,1
89422,6350,445759,1
89429,4205,445711,1
89429,6145,445711,1
89429,9262,445711,1
89449,8062,445689,1
89450,4786,445691,1
89450,9138,445691,1
89459,1408,445703,1
89474,6333,445694,1
89477,1484,445759,1
89477,7134,445759,1
89492,5020,445701,1
89495,6475,445707,1
89503,4639,445691,1
89521,2184,445692,1
89521,3232,445692,1
89521,3991,445692,1
89521,4639,445692,1
89521,4716,445692,1
89521,6243,445692,1
89521,8433,445692,1
89548,6664,445718,1
89564,185,445710,1
89564,3839,445710,1
89576,722,445702,1
89576,7013,445702,1
89576,9262,445702,1
89582,5742,445693,1
89582,9326,445693,1
89583,3401,445758,1
89599,6733,445703,1
89625,1649,445696,1
89627,10546,445703,1
89629,722,445703,1
89633,154,445692,1
89633,722,445692,1
89633,1417,445692,1
89633,2064,445692,1
89633,3946,445692,1
89633,7429,445692,1
89633,7517,445692,1
89633,7569,445692,1
89633,8791,445692,1
89633,10219,445692,1
89633,10532,445692,1
89633,11004,445692,1
89636,10761,445712,1
89647,2966,445708,1
89647,3454,445708,1
89647,10158,445708,1
89687,1563,445761,1
89687,5646,445761,1
89687,6799,445761,1
89687,8078,445761,1
89687,11354,445761,1
89687,11390,445761,1
89688,4637,445742,1
89702,154,445735,1
89706,8062,445690,1
89706,9262,445690,2
89724,4203,445703,1
89724,4203,445710,1
89745,1853,445713,1
89745,1880,445713,1
89745,2809,445713,1
89745,3401,445713,1
89745,3728,445713,1
89745,6784,445713,1
89745,10532,445713,1
89745,11072,445713,1
89756,3525,445716,1
89765,7428,445742,1
89777,2201,445695,1
89777,3401,445695,1
89777,9262,445695,1
89786,3401,445701,1
89805,405,445700,1
89805,5465,445734,1
89805,7185,445710,1
89808,2096,445702,1
89815,10313,445703,1
89818,1085,445699,1
89818,1085,445717,1
89818,3625,445699,1
89818,3625,445717,1
89818,4762,445699,1
89818,4762,445717,1
89818,5223,445699,1
89818,5223,445717,1
89830,124,445711,1
89830,2384,445711,1
89830,4453,445711,1
89830,4639,445711,1
89836,4705,445712,1
89858,154,445716,1
89860,9370,445692,1
89861,9326,445758,1
89876,154,445735,2
89876,1649,445735,2
89876,4344,445735,2
89876,6784,445735,2
89876,8062,445735,2
89876,10120,445735,2
89886,4387,445690,1
89889,372,445710,1
89889,372,445716,1
89889,372,445718,1
89889,383,445710,1
89889,396,445710,1
89889,396,445716,1
89889,547,445710,1
89889,547,445716,1
89889,1244,445710,1
89889,1244,445716,1
89889,1252,445710,1
89889,1252,445716,1
89889,1473,445718,1
89889,1542,445716,1
89889,1631,445718,1
89889,1734,445710,1
89889,1976,445716,1
89889,2302,445716,1
89889,2422,445716,1
89889,3086,445718,1
89889,3401,445718,1
89889,3825,445710,1
89889,3825,445716,1
89889,3871,445716,1
89889,4053,445710,1
89889,4333,445710,1
89889,4364,445710,1
89889,5193,445710,1
89889,5193,445716,1
89889,5309,445718,1
89889,5412,445710,1
89889,5412,445716,1
89889,5566,445716,1
89889,5713,445710,1
89889,5713,445716,1
89889,5713,445718,1
89889,5805,445710,1
89889,5805,445716,1
89889,6092,445718,1
89889,6367,445718,1
89889,6995,445716,1
89889,7172,445710,1
89889,8788,445710,1
89889,8788,445716,1
89889,8788,445718,1
89889,8930,445718,1
89889,9348,445710,1
89889,9348,445716,1
89889,9456,445710,1
89889,9456,445716,1
89889,9474,445710,1
89889,9474,445716,1
89889,9474,445718,1
89889,9671,445716,1
89889,9728,445710,1
89889,9728,445716,1
89889,9728,445718,1
89889,9790,445710,1
89889,9790,445716,1
89889,9790,445718,1
89889,9909,445710,1
89889,10486,445710,1
89889,10604,445716,1
89889,11213,445710,1
89889,11213,445716,1
89889,11213,445718,1
89889,11386,445710,1
89893,3518,445759,1
89894,2509,445708,1
89941,722,445703,1
89941,9286,445703,1
89947,10120,445700,1
89970,4639,445700,1
89998,154,445715,1
89998,3728,445715,1
89998,10120,445715,1
90004,1762,445705,1
90025,889,445734,2
90037,5011,445760,1
90052,6458,445694,1
90060,9439,445691,1
90108,286,445711,1
90108,3401,445711,1
90108,9262,445711,1
90139,9138,445713,1
90143,7013,445701,1
90143,8754,445701,1
90153,2096,445701,1
90173,154,445698,1
90177,154,445706,1
90177,1257,445706,1
90177,2809,445706,1
90177,3268,445706,1
90177,5400,445706,1
90177,7569,445706,1
90191,722,445702,1
90191,1312,445702,1
90191,4762,445702,1
90191,8016,445702,1
90191,8063,445702,1
90196,4948,445736,1
90196,8755,445736,1
90216,3401,445705,1
90216,4639,445705,1
90216,9262,445705,1
90226,3638,445691,1
90226,4749,445691,1
90226,9262,445691,1
90226,11238,445691,1
90227,2631,445709,1
90227,3477,445709,1
90227,4422,445709,1
90227,4639,445709,1
90230,4813,445760,1
90249,3815,445741,1
90249,4762,445741,1
90249,5197,445741,1
90249,5465,445741,1
90249,10652,445741,1
90266,713,445700,1
90266,11248,445700,1
90266,11386,445700,1
90271,9803,445760,1
90272,8016,445703,1
90280,2443,445697,1
90280,5782,445697,1
90280,6300,445697,1
90285,154,445711,1
90286,3638,445691,1
90287,840,445707,1
90290,6920,445692,1
90298,10120,445705,1
90315,6488,445758,1
90315,6488,445761,1
90315,7842,445761,1
90333,379,445698,1
90333,405,445698,1
90333,1115,445698,1
90341,154,445758,1
90341,6522,445758,1
90341,11386,445758,1
90344,154,445697,1
90356,5387,445708,1
90358,635,445696,1
90358,7085,445696,1
90358,10305,445696,1
90368,9192,445702,1
90374,154,445703,1
90374,1537,445698,1
90376,8331,445706,1
90381,517,445712,1
90381,6248,445699,1
90381,8755,445717,1
90381,10713,445712,1
90383,4962,445692,1
90399,2096,445717,1
90429,8062,445714,1
90435,154,445717,1
90435,9262,445717,1
90435,10527,445717,1
90436,1960,445734,2
90436,2833,445734,2
90436,3182,445734,2
90436,3550,445734,2
90436,5188,445734,2
90436,5264,445734,2
90436,5499,445734,2
90436,6304,445734,2
90436,9056,445734,2
90438,9142,445760,1
90462,154,445703,1
90462,5858,445703,1
90462,6742,445703,1
90462,8791,445703,1
90462,10120,445703,1
90463,372,445690,1
90463,372,445693,1
90463,372,445742,1
90463,372,445761,1
90463,1236,445690,1
90463,1236,445693,1
90463,1236,445742,1
90463,1236,445761,1
90463,1244,445690,1
90463,1244,445693,1
90463,1244,445742,1
90463,1244,445761,1
90463,1701,445690,1
90463,1701,445693,1
90463,1701,445742,1
90463,1701,445761,1
90463,2121,445761,1
90463,4033,445690,1
90463,4033,445693,1
90463,4033,445742,1
90463,4033,445761,1
90463,4051,445690,1
90463,4051,445693,1
90463,4316,445690,1
90463,4316,445693,1
90463,4316,445742,1
90463,4316,445761,1
90463,4835,445742,1
90463,5158,445690,1
90463,5158,445693,1
90463,5158,445742,1
90463,5158,445761,1
90463,5404,445761,1
90463,5581,445690,1
90463,5581,445693,1
90463,5581,445761,1
90463,5805,445690,1
90463,5805,445693,1
90463,5805,445742,1
90463,5805,445761,1
90463,6223,445690,1
90463,6223,445693,1
90463,6223,445761,1
90463,6463,445693,1
90463,6463,445761,1
90463,6647,445690,1
90463,6647,445693,1
90463,6647,445742,1
90463,6647,445761,1
90463,6928,445690,1
90463,6928,445761,1
90463,7464,445690,1
90463,7464,445693,1
90463,7464,445742,1
90463,7464,445761,1
90463,7696,445693,1
90463,8208,445690,1
90463,8208,445742,1
90463,8514,445690,1
90463,8514,445742,1
90463,10206,445690,1
90463,10206,445693,1
90463,10206,445742,1
90463,10206,445761,1
90463,10277,445693,1
90463,10964,445690,1
90463,10964,445693,1
90463,10964,445742,1
90463,10964,445761,1
90463,11213,445690,1
90463,11213,445693,1
90463,11213,445742,1
90463,11213,445761,1
90463,11322,445690,1
90463,11322,445693,1
90463,11322,445742,1
90463,11322,445761,1
90463,11388,445690,1
90463,11388,445693,1
90463,11388,445742,1
90463,11388,445761,1
90504,7497,445699,1
90510,9262,445716,2
90517,10195,445717,1
90520,2809,445717,1
90530,3401,445759,1
90530,3638,445759,1
90530,3892,445759,1
90530,3932,445759,1
90530,6280,445759,1
90530,6288,445759,1
90530,6517,445759,1
90530,8312,445759,1
90530,9262,445759,1
90530,11195,445759,1
90534,154,445698,1
90538,3401,445700,1
90538,3638,445700,1
90538,4989,445700,1
90538,6857,445700,1
90538,9262,445700,1
90538,9326,445700,1
90546,7428,445709,1
90599,8062,445696,1
90601,8791,445691,1
90611,179,445706,1
90631,9505,445761,1
90632,7518,445742,1
90637,2809,445702,1
90660,9262,445759,2
90668,3638,445690,1
90668,4755,445690,1
90668,6784,445690,1
90677,9661,445707,1
90690,8220,445735,1
90699,8935,445715,1
90702,4989,445703,1
90721,2809,445692,1
90721,6938,445692,1
90730,3401,445742,1
90730,9709,445742,1
90734,1115,445717,1
90734,8799,445717,1
90741,4715,445693,1
90742,4639,445698,1
90743,10426,445702,1
90747,3401,445702,1
90753,4639,445713,1
90753,8062,445713,1
90764,3401,445708,1
90764,9262,445708,1
90781,154,445699,1
90808,154,445696,1
90809,3638,445691,1
90809,6702,445691,1
90822,9507,445759,1
90822,9715,445759,1
90834,1512,445718,1
90861,1880,445700,1
90861,3076,445700,1
90861,9262,445700,1
90881,48,445711,1
90881,8973,445711,1
90881,9356,445711,1
90911,6784,445742,1
90923,2509,445702,1
90936,10529,445718,1
90943,8212,445703,1
90949,3108,445700,1
90949,11291,445700,1
90964,5849,445741,1
90964,8056,445741,1
90994,10120,445735,1
91007,8062,445692,1
91008,226,445707,1
91008,525,445707,1
91008,3037,445707,1
91008,3350,445707,1
91008,6785,445707,1
91008,11040,445707,1
91025,7398,445704,1
91025,11071,445704,1
91035,546,445702,1
91035,4639,445702,1
91035,10692,445702,1
91044,6488,445700,1
91061,8062,445714,1
91092,185,445693,1
91092,1325,445695,1
91092,2532,445693,1
91092,2532,445695,1
91092,6019,445693,1
91092,7089,445693,1
91092,7922,445695,1
91092,7956,445693,1
91092,10529,445693,1
91092,11011,445693,1
91099,8220,445760,1
91099,11386,445760,1
91105,3188,445705,1
91105,7013,445705,1
91125,4639,445692,1
91125,9262,445692,1
91155,9848,445691,1
91158,11386,445734,1
91160,9262,445706,1
91180,9262,445705,1
91191,4639,445689,1
91191,6367,445689,1
91203,2373,445689,1
91203,8068,445689,1
91203,9138,445689,1
91204,4530,445706,1
91209,55,445759,1
91209,154,445759,1
91209,722,445759,1
91209,9286,445759,1
91215,2809,445701,1
91215,10120,445701,1
91220,6708,445697,1
91224,11386,445734,1
91239,3401,445718,1
91239,4060,445718,1
91239,9262,445718,1
91241,1194,445705,1
91241,2384,445705,1
91242,4639,445690,1
91242,9262,445690,1
91249,5273,445693,1
91279,2323,445761,1
91280,10120,445715,1
91313,3401,445759,1
91313,9262,445759,1
91317,154,445736,1
91321,576,445708,1
91321,1396,445708,1
91321,2302,445708,1
91321,3401,445708,1
91321,8507,445708,1
91321,9262,445708,1
91321,10248,445708,1
91321,10390,445708,1
91321,10886,445708,1
91332,1364,445736,1
91332,5681,445736,1
91355,9262,445736,1
91357,9477,445698,1
91377,5066,445696,1
91377,5468,445696,1
91382,3629,445735,1
91389,10395,445703,2
91392,831,445692,1
91392,1621,445692,1
91392,2105,445692,1
91392,2258,445692,1
91392,2792,445692,1
91392,4276,445692,1
91392,4764,445692,1
91392,5722,445692,1
91392,5875,445692,1
91392,9145,445692,1
91392,9262,445692,1
91392,9584,445692,1
91404,9262,445692,1
91405,412,445692,1
91405,11386,445692,1
91424,722,445717,1
91424,3796,445717,1
91438,5695,445716,1
91438,9777,445716,1
91442,9569,445761,1
91461,4639,445707,1
91476,264,445761,1
91476,578,445761,1
91476,1142,445761,1
91476,1782,445761,1
91476,2096,445761,1
91476,2483,445761,1
91476,2803,445761,1
91476,6693,445761,1
91476,9262,445761,1
91476,10248,445761,1
91489,6514,445694,1
91496,154,445694,1
91497,9379,445700,1
91499,6514,445689,1
91499,8062,445689,1
91499,9262,445689,1
91508,8791,445689,1
91510,777,445713,1
91510,1674,445712,1
91510,2096,445712,1
91510,2096,445715,1
91510,4171,445713,1
91510,7094,445712,1
91510,7328,445713,1
91510,7328,445715,1
91516,143,445759,1
91516,154,445759,1
91516,4453,445759,1
91516,5094,445759,1
91516,6845,445759,1
91516,7473,445759,1
91523,4639,445690,1
91534,5480,445706,1
91534,7585,445706,1
91539,3457,445700,1
91545,154,445699,1
91545,2809,445699,1
91547,3401,445708,1
91547,6514,445708,1
91547,8016,445708,1
91547,8062,445708,1
91575,9318,445741,1
91592,635,445718,1
91592,722,445718,1
91595,1574,445758,1
91595,2030,445758,1
91595,2189,445758,1
91595,3210,445758,1
91595,4143,445758,1
91595,5211,445758,1
91595,7956,445758,1
91595,8967,445758,1
91595,9262,445758,1
91595,9431,445758,1
91595,9634,445758,1
91595,10224,445758,1
91617,154,445707,1
91617,643,445707,1
91617,2096,445707,1
91617,2734,445707,1
91617,5420,445707,1
91617,10734,445707,1
91619,1710,445736,2
91619,3695,445736,2
91619,4344,445736,2
91619,4539,445736,2
91619,11386,445736,2
91623,722,445704,1
91623,3401,445704,1
91623,3638,445704,1
91623,4344,445704,1
91623,4639,445704,1
91623,8016,445704,1
91623,9262,445704,1
91623,10390,445704,1
91635,1135,445734,1
91638,8063,445707,1
91654,722,445760,1
91654,9138,445760,1
91695,10020,445696,1
91708,10787,445706,1
91709,4639,445700,1
91711,10539,445759,1
91735,9262,445713,1
91743,889,445758,1
91743,3518,445758,1
91743,5298,445758,1
91743,9262,445758,1
91747,4639,445692,1
91747,9262,445692,1
91749,2852,445703,1
91749,3803,445703,1
91750,154,445692,1
91750,487,445692,1
91750,3401,445692,1
91750,7569,445692,1
91750,7956,445692,1
91750,8791,445692,1
91750,9262,445692,1
91750,10248,445692,1
91754,5197,445693,1
91754,9262,445693,1
91764,530,445693,1
91764,6415,445693,1
91764,8039,445693,1
91764,8617,445693,1
91764,10941,445693,2
91794,7072,445716,1
91798,517,445690,1
91798,7132,445690,1
91798,7398,445690,1
91798,8566,445690,1
91798,9262,445690,1
91810,2131,445760,1
91829,220,445760,1
91829,3729,445760,1
91829,4531,445760,1
91830,154,445691,1
91830,1164,445691,1
91830,4762,445691,1
91830,5197,445691,1
91832,1927,445692,1
91832,8503,445692,1
91832,8868,445692,1
91832,10020,445692,1
91833,4639,445692,1
91839,4920,445702,1
91844,10555,445691,1
91846,2809,445710,1
91846,5858,445710,1
91846,9622,445710,1
91853,9698,445714,1
91853,10683,445714,1
91854,154,445697,1
91854,3728,445697,1
91859,8016,445703,1
91862,7505,445735,1
91867,6554,445693,1
91867,6554,445697,1
91867,6554,445698,1
91867,6554,445705,1
91867,6554,445717,1
91867,9633,445693,1
91867,9633,445697,1
91867,9633,445698,1
91867,9633,445705,1
91867,9633,445717,1
91896,3773,445703,1
91912,3076,445693,1
91912,11386,445693,1
91934,7956,445760,1
91949,9978,445696,1
91957,9679,445709,1
91967,4342,445735,1
91967,6784,445735,1
92000,3728,445713,2
92000,7013,445713,2
92000,8220,445761,1
92000,8566,445690,1
92000,9262,445690,1
92000,9262,445713,2
92000,9262,445761,1
92005,3401,445700,1
92005,4251,445700,1
92005,9602,445700,1
92005,10611,445700,1
92005,11386,445700,1
92007,5663,445717,1
92007,8380,445717,1
92007,9080,445717,1
92012,154,445693,1
92012,4928,445693,1
92012,8791,445693,1
92042,3401,445700,1
92042,3728,445700,1
92042,4639,445700,1
92042,9262,445700,1
92056,1649,445735,2
92056,8220,445735,1
92059,2809,445704,1
92059,10120,445704,1
92078,4639,445689,1
92078,4762,445689,1
92107,5495,445700,1
92108,537,445702,1
92133,3871,445707,1
92147,6188,445736,1
92152,7020,445696,1
92159,154,445698,1
92163,2827,445714,1
92171,1054,445713,1
92171,7210,445713,1
92171,8323,445713,1
92176,9412,445758,1
92189,4394,445710,1
92189,5420,445710,1
92189,10020,445710,1
92226,4639,445703,1
92226,8681,445703,1
92238,6110,445698,1
92240,835,445695,1
92240,2213,445695,1
92240,5718,445695,1
92243,1316,445718,1
92243,5465,445718,1
92243,9138,445718,1
92243,10120,445718,1
92249,1649,445736,1
92249,2445,445736,1
92249,7013,445736,1
92249,9262,445736,1
92260,1649,445701,1
92260,2330,445701,1
92289,931,445692,1
92289,1627,445692,1
92289,3401,445692,1
92292,11386,445735,1
92301,185,445712,1
92301,3638,445712,1
92301,6784,445712,1
92301,7956,445712,1
92303,1194,445705,1
92303,10120,445705,1
92304,154,445706,1
92319,154,445707,1
92319,4639,445707,1
92329,722,445714,1
92329,2197,445714,1
92329,3025,445714,1
92329,3728,445714,1
92329,4639,445714,2
92329,4689,445714,1
92329,4762,445714,1
92329,5334,445714,1
92329,6171,445714,1
92329,6427,445714,1
92329,8351,445714,1
92329,8940,445714,1
92329,10120,445714,1
92329,10472,445714,1
92332,9287,445692,1
92332,9287,445710,1
92342,154,445698,1
92347,8681,445710,1
92355,4885,445707,1
92363,1316,445710,1
92363,8062,445710,1
92374,10773,445716,1
92378,3871,445716,1
92378,6244,445716,1
92379,154,445709,1
92383,2161,445707,1
92418,7966,445698,1
92425,154,445758,1
92425,7473,445758,1
92434,1082,445707,1
92441,8529,445717,1
92460,8016,445717,1
92464,4639,445709,1
92464,5199,445709,1
92479,1649,445736,1
92479,7013,445736,1
92488,154,445700,1
92488,10120,445700,1
92490,80,445692,1
92493,9262,445692,1
92493,10761,445692,1
92517,4639,445691,1
92519,446,445711,1
92519,1164,445711,1
92519,3401,445711,1
92519,4917,445711,1
92519,9262,445711,1
92519,10120,445711,1
92530,10120,445709,1
92539,9961,445735,1
92539,10120,445735,1
92540,9138,445689,1
92555,7428,445758,1
92568,735,445707,1
92568,2471,445707,1
92568,3066,445707,1
92568,3082,445707,1
92568,5193,445707,1
92568,5497,445707,1
92568,5805,445707,1
92568,7341,445707,2
92568,7445,445707,1
92568,8007,445707,1
92568,8324,445707,1
92568,8479,445707,1
92568,8696,445707,1
92568,8831,445707,1
92568,9240,445707,1
92568,9442,445707,1
92568,9708,445707,1
92577,1164,445710,1
92582,6718,445710,1
92591,1649,445735,1
92614,1164,445735,1
92614,3401,445735,1
92614,7956,445735,1
92614,9262,445735,1
92625,10120,445735,1
92627,4762,445689,1
92637,154,445690,1
92644,124,445760,1
92650,4810,445760,1
92650,9126,445760,1
92660,5465,445736,1
92660,8062,445736,1
92668,7740,445760,1
92668,9262,445760,1
92677,269,445714,1
92677,5807,445714,1
92677,9301,445714,1
92710,2809,445717,1
92710,7518,445717,1
92711,1775,445713,1
92711,3728,445713,1
92711,4639,445713,1
92711,6535,445713,1
92711,9326,445713,1
92711,10120,445713,1
92727,3188,445707,1
92727,3188,445708,1
92727,3772,445707,1
92727,3772,445708,1
92727,4584,445707,1
92727,4584,445708,1
92727,7051,445707,1
92727,7051,445708,1
92730,405,445715,1
92732,154,445691,1
92740,551,445711,1
92740,2504,445711,1
92740,4469,445711,1
92740,9505,445711,1
92740,10883,445711,1
92747,6938,445693,1
92747,11386,445693,1
92768,1720,445718,1
92768,2443,445718,1
92768,3238,445718,1
92768,3405,445718,1
92768,3774,445718,1
92768,6784,445718,1
92768,8016,445718,1
92768,8109,445718,1
92768,8473,445718,1
92768,10120,445718,1
92785,9276,445695,1
92797,3401,445690,1
92797,4639,445690,1
92797,7569,445690,1
92797,8016,445690,1
92797,8791,445690,1
92797,9262,445690,1
92827,2718,445708,1
92827,9909,445708,1
92832,3728,445710,1
92832,4639,445710,1
92832,5226,445710,1
92837,124,445742,1
92837,154,445742,1
92837,4762,445742,1
92837,10774,445742,1
92842,8016,445708,1
92842,8566,445708,1
92850,8016,445702,1
92851,2096,445712,1
92851,8868,445712,1
92902,8062,445701,1
92908,10382,445695,1
92912,6019,445702,1
92912,9262,445702,1
92922,5717,445706,1
92928,154,445692,1
92931,4639,445761,1
92931,5011,445761,1
92934,154,445703,1
92934,8806,445703,1
92934,11386,445703,1
92939,10427,445697,1
92953,2357,445736,1
92953,2548,445736,1
92958,6475,445708,1
92991,3401,445694,1
92991,8016,445694,1
92991,9262,445694,1
92998,8062,445692,1
92998,9031,445692,1
93002,2562,445689,1
93007,1718,445741,1
93011,10692,445695,1
93013,154,445700,1
93013,3401,445700,1
93013,3569,445700,1
93013,5235,445700,1
93013,6019,445700,1
93013,10915,445700,1
93029,286,445715,1
93029,9262,445715,1
93031,5630,445707,1
93077,8016,445701,1
93077,11386,445701,1
93083,10120,445713,1
93084,7709,445715,1
93084,9766,445715,1
93086,154,445704,1
93086,3871,445704,1
93093,154,445735,1
93093,4344,445735,1
93093,7167,445735,1
93100,601,445734,1
93101,124,445704,1
93101,2651,445704,1
93101,7428,445704,1
93109,1592,445699,1
93109,1592,445742,1
93109,1848,445742,2
93109,10208,445699,1
93134,2809,445690,1
93161,9326,445734,1
93172,4884,445760,1
93180,154,445734,1
93180,606,445734,1
93180,8681,445734,1
93180,9138,445734,1
93180,9536,445734,1
93180,10532,445734,1
93183,722,445716,1
93183,6742,445716,1
93183,9262,445716,1
93183,9378,445716,1
93197,1164,445698,1
93197,2302,445698,1
93197,3638,445698,1
93197,4639,445698,1
93197,6784,445698,1
93197,7132,445698,1
93197,8062,445698,1
93205,6248,445707,1
93213,545,445698,1
93213,2719,445698,1
93213,4650,445698,1
93224,4639,445704,1
93243,1892,445760,1
93243,2844,445760,1
93243,8248,445760,1
93263,3401,445690,1
93263,9262,445690,1
93273,4639,445716,1
93273,9262,445716,1
93286,9695,445715,1
93310,6242,445713,1
93314,3370,445759,1
93314,5433,445759,1
93314,5863,445759,1
93314,6784,445759,1
93314,11328,445759,1
93316,4345,445702,1
93336,4531,445710,1
93340,114,445711,1
93340,3401,445711,1
93340,4458,445711,1
93340,10120,445711,1
93349,154,445698,1
93349,895,445698,1
93349,1595,445698,1
93393,722,445692,1
93393,8703,445692,1
93393,9262,445692,1
93394,4639,445735,1
93406,960,445705,1
93406,9028,445705,1
93406,10120,445705,1
93411,1880,445704,1
93425,3525,445698,2
93429,2302,445693,1
93429,3871,445693,1
93429,4027,445690,1
93429,5501,445710,1
93429,6235,445710,1
93429,6235,445718,1
93429,6784,445693,1
93429,6784,445710,1
93429,6784,445718,1
93429,6995,445693,1
93429,7132,445693,1
93429,8062,445690,1
93429,8062,445693,1
93429,10527,445710,1
93430,4639,445705,1
93430,7956,445705,1
93433,9630,445705,1
93442,340,445699,1
93442,7785,445699,1
93442,9262,445699,1
93442,10504,445699,1
93444,722,445691,1
93450,154,445689,1
93470,3076,445700,1
93477,6488,445716,1
93482,6514,445758,1
93482,6784,445758,1
93495,3839,445710,1
93496,701,445690,1
93496,4345,445690,1
93496,6784,445690,1
93496,7132,445690,1
93509,997,445698,1
93509,1244,445698,1
93509,2096,445698,1
93509,3871,445698,1
93509,5412,445698,1
93509,8664,445698,1
93509,9262,445698,1
93527,1595,445711,1
93553,4639,445761,1
93568,154,445742,1
93579,571,445692,1
93579,1880,445692,1
93579,2921,445692,1
93579,6251,445692,1
93579,6411,445692,1
93579,9262,445692,1
93580,1509,445691,1
93580,2138,445759,1
93580,3057,445758,1
93580,4984,445759,1
93580,5741,445691,1
93580,6139,445759,1
93580,8948,445758,1
93580,9480,445759,1
93608,2096,445760,1
93615,94,445713,1
93615,948,445717,1
93615,1316,445713,1
93615,2391,445691,1
93615,5226,445717,1
93615,6366,445691,1
93615,7228,445691,1
93615,8062,445691,1
93615,8794,445691,1
93615,9767,445713,1
93615,10120,445717,1
93615,10146,445713,1
93653,11038,445711,1
93657,6535,445717,1
93658,10536,445761,1
93658,10562,445761,1
93659,8686,445694,1
93659,10390,445694,1
93685,4639,445698,1
93687,1986,445760,1
93687,4748,445702,1
93687,10788,445702,1
93692,970,445699,1
93699,7569,445689,1
93699,8062,445689,1
93699,10312,445689,1
93717,6845,445761,1
93717,10114,445761,1
93726,722,445698,1
93726,2302,445698,1
93726,2585,445698,1
93726,5703,445698,1
93726,9290,445698,1
93726,10248,445698,1
93726,11332,445698,1
93727,8604,445742,1
93737,4674,445702,1
93741,3871,445707,1
93757,11386,445717,1
93763,8016,445701,2
93770,3815,445758,1
93771,154,445693,1
93771,7569,445693,1
93771,8016,445693,1
93771,8791,445693,1
93771,11386,445693,1
93774,9262,445698,1
93787,8597,445694,1
93800,1334,445760,1
93819,981,445698,1
93819,2809,445700,1
93819,4318,445698,1
93819,7094,445700,1
93822,722,445710,1
93823,154,445735,1
93823,1649,445735,1
93868,3551,445699,1
93897,9809,445714,1
93908,6899,445759,1
93908,7754,445759,1
93911,1316,445696,1
93911,9138,445696,1
93967,10120,445703,1
93968,4751,445691,1
93997,9268,445758,1
94002,6602,445714,1
94005,722,445706,1
94005,8336,445706,1
94016,1986,445714,1
94018,680,445709,1
94018,765,445709,1
94018,1001,445709,1
94018,1481,445709,1
94018,2520,445709,1
94018,3820,445709,1
94018,4171,445709,1
94018,4226,445709,1
94018,4755,445709,1
94018,6784,445709,1
94018,6852,445709,1
94018,7132,445709,1
94018,7956,445709,1
94018,8063,445709,1
94018,10333,445709,1
94024,340,445714,1
94024,6019,445714,1
94024,8062,445714,1
94024,9262,445714,1
94043,11386,445709,1
94061,885,445705,1
94061,2102,445705,1
94061,4742,445705,1
94061,8348,445705,1
94061,8955,445705,1
94061,9983,445705,1
94061,10053,445705,1
94061,11227,445705,1
94073,8062,445693,1
94093,1094,445694,1
94099,5858,445692,1
94106,1244,445692,1
94106,3401,445692,1
94106,4417,445692,1
94106,5197,445692,1
94106,6272,445692,1
94106,9262,445692,2
94106,10283,445692,2
94106,10283,445693,1
94106,10709,445692,1
94106,10709,445708,1
94106,10987,445692,1
94115,1986,445708,1
94140,11373,445758,1
94143,3401,445691,1
94150,2809,445690,1
94150,5858,445690,1
94150,6853,445690,1
94151,7838,445690,1
94152,8958,445698,1
94183,1316,445715,1
94190,5569,445694,1
94190,6358,445694,1
94190,6910,445694,1
94190,7080,445694,1
94190,8778,445694,1
94190,8820,445694,2
94190,10265,445694,1
94195,2096,445715,2
94195,9957,445715,1
94196,124,445760,1
94196,4813,445760,1
94196,5858,445760,1
94196,7754,445760,1
94196,7878,445760,1
94205,154,445759,1
94205,367,445759,1
94205,6683,445759,1
94220,4639,445714,1
94229,8415,445736,1
94229,11233,445736,1
94229,11233,445761,1
94234,5474,445703,1
94234,7402,445703,1
94234,10665,445703,1
94258,3749,445758,1
94258,5237,445758,1
94258,7210,445758,1
94258,7210,445760,1
94258,7448,445760,1
94258,8969,445758,1
94258,8969,445760,1
94258,10248,445758,4
94258,10248,445760,4
94269,2484,445700,1
94269,8062,445700,1
94273,10120,445710,1
94280,619,445734,1
94280,7754,445734,1
94280,8195,445734,1
94282,9083,445692,1
94282,9579,445692,1
94339,4639,445712,1
94339,5465,445712,1
94339,8062,445712,1
94363,11011,445758,1
94366,154,445703,1
94366,10120,445703,1
94372,3013,445708,1
94380,3471,445705,1
94418,9262,445703,1
94438,4639,445706,1
94440,154,445735,1
94440,1649,445735,1
94440,4232,445735,1
94440,4422,445760,1
94440,6899,445760,1
94440,7509,445760,1
94440,9262,445735,1
94440,9797,445760,1
94440,10120,445735,1
94440,11386,445735,1
94445,3815,445760,1
94479,6938,445690,1
94491,286,445736,1
94492,722,445758,1
94492,4846,445758,1
94492,8777,445758,1
94492,9262,445758,1
94492,10248,445758,1
94492,10743,445758,1
94558,11386,445697,1
94564,3188,445692,1
94564,3638,445692,1
94564,3728,445692,1
94564,9138,445692,1
94573,3646,445713,1
94577,288,445707,1
94577,5854,445707,1
94588,8751,445735,1
94589,154,445741,1
94589,4639,445741,1
94593,6298,445708,1
94593,6764,445708,1
94594,3401,445704,1
94594,4639,445704,1
94594,9262,445704,1
94608,154,445761,1
94612,2610,445717,1
94624,10120,445701,1
94628,2077,445760,1
94628,3401,445760,1
94629,3401,445709,1
94629,4678,445709,1
94629,8737,445709,1
94629,10333,445709,1
94641,154,445701,1
94657,3020,445713,1
94657,3413,445713,1
94657,3525,445713,1
94657,4480,445713,1
94657,4700,445713,1
94657,5950,445713,1
94657,6514,445713,1
94657,6784,445713,1
94657,9196,445713,1
94657,9708,445713,1
94665,5286,445716,1
94671,756,445698,2
94671,5380,445698,1
94671,7129,445698,1
94671,9797,445698,1
94671,10505,445698,1
94688,154,445699,1
94688,7185,445699,1
94695,3638,445691,1
94695,8791,445691,1
94699,5933,445696,1
94700,9262,445761,1
94714,2809,445712,1
94719,7803,445708,1
94720,4804,445714,1
94722,5767,445718,1
94722,10914,445718,1
94728,3638,445691,1
94728,6784,445691,1
94728,7132,445691,1
94728,8686,445691,1
94728,9138,445691,1
94728,10035,445691,1
94734,9377,445710,1
94736,8062,445689,1
94742,5425,445711,1
94745,10810,445698,1
94750,3401,445712,1
94750,4786,445712,1
94750,6265,445712,1
94750,9262,445712,1
94755,8337,445758,1
94765,154,445694,1
94768,4639,445705,1
94772,185,445716,1
94772,1728,445716,1
94772,9262,445716,1
94782,209,445694,1
94782,3261,445694,1
94782,9262,445694,1
94782,10121,445694,1
94789,2809,445692,1
94789,10739,445692,1
94801,3401,445702,1
94801,9262,445702,1
94802,8220,445735,1
94802,9315,445695,1
94805,2809,445705,1
94809,8686,445692,1
94815,2509,445707,1
94826,2705,445714,1
94826,7895,445714,1
94828,8382,445716,1
94832,2302,445700,2
94839,9262,445702,1
94839,9268,445702,1
94839,9709,445702,1
94844,154,445691,1
94855,8016,445698,1
94855,9579,445698,1
94881,1649,445736,1
94881,2809,445736,1
94881,5858,445736,1
94881,7922,445736,1
94883,7398,445698,1
94883,8220,445698,1
94884,6424,445699,1
94884,8016,445699,1
94892,154,445690,1
94892,512,445690,1
94892,1293,445690,1
94892,3959,445690,1
94892,4391,445690,1
94892,4909,445690,1
94892,5138,445690,1
94892,5985,445690,1
94892,6498,445690,1
94892,6868,445690,1
94892,8762,445690,1
94892,8791,445690,1
94892,9796,445690,1
94918,10120,445703,1
94924,7713,445703,1
94928,8866,445742,1
94949,4639,445700,1
94949,5398,445700,1
94968,4639,445691,1
94971,4639,445708,1
94989,154,445713,1
95005,1880,445711,2
95048,154,445761,1
95051,8717,445695,1
95053,722,445718,1
95064,1649,445759,2
95078,4884,445760,1
95078,10908,445760,1
95090,154,445716,1
95090,777,445716,1
95119,2302,445717,1
95119,4171,445717,1
95119,4755,445717,1
95119,5336,445717,1
95119,9262,445717,1
95120,6475,445704,1
95120,7388,445704,1
95120,9413,445704,1
95130,6235,445691,1
95139,3871,445693,1
95139,7077,445693,1
95139,9138,445693,2
95139,10739,445693,1
95152,9489,445698,1
95166,4207,445705,1
95167,1203,445707,1
95173,8791,445708,1
95173,10120,445708,1
95179,154,445718,1
95179,1396,445718,1
95179,6753,445718,1
95179,9262,445718,1
95195,6347,445759,1
95195,9434,445759,1
95195,10664,445759,1
95195,11393,445759,1
95209,4639,445709,1
95212,8062,445690,1
95224,1184,445695,1
95224,9326,445695,1
95225,4639,445699,1
95226,3638,445693,1
95226,6784,445693,1
95226,7132,445693,1
95226,9138,445693,1
95245,8016,445693,1
95254,10468,445700,1
95259,4639,445707,1
95259,7803,445707,1
95259,8016,445707,1
95263,10369,445690,1
95264,9262,445713,1
95292,7132,445713,1
95304,1312,445760,1
95320,7862,445692,1
95351,10052,445690,1
95354,735,445695,1
95354,2835,445695,1
95354,3820,445695,1
95354,11077,445695,1
95362,9713,445758,1
95387,6117,445696,1
95390,7277,445690,2
95405,3728,445703,1
95405,4639,445703,1
95405,9262,445703,1
95409,405,445704,1
95409,789,445704,1
95409,1164,445704,1
95409,2384,445704,1
95409,2809,445704,1
95409,2970,445704,1
95409,5858,445704,1
95409,6784,445704,1
95409,11101,445704,1
95411,4727,445759,1
95416,722,445698,1
95417,3401,445711,1
95417,7956,445711,1
95417,9262,445711,1
95422,3401,445700,1
95422,3728,445700,1
95422,4639,445700,1
95422,9262,445700,1
95436,440,445695,1
95436,1042,445695,1
95456,606,445761,1
95456,6845,445761,1
95467,8326,445742,1
95469,154,445699,1
95469,2445,445699,1
95472,606,445704,1
95472,3401,445704,1
95472,11109,445689,1
95472,11386,445689,1
95472,11386,445704,1
95474,2161,445734,1
95491,7518,445759,1
95499,491,445761,1
95499,9262,445761,1
95514,2538,445689,1
95514,6205,445689,1
95514,8337,445689,1
95518,4639,445702,1
95519,3657,445703,1
95519,5670,445703,1
95519,6899,445703,1
95519,9502,445703,1
95521,1396,445736,2
95521,3076,445736,2
95521,4138,445736,2
95521,7345,445736,2
95528,1577,445702,1
95528,11118,445702,1
95533,2627,445715,1
95541,5465,445714,1
95544,3795,445735,1
95564,185,445760,1
95564,900,445760,1
95564,5438,445760,1
95564,5968,445760,1
95564,10934,445760,1
95569,2218,445712,1
95572,5632,445717,1
95577,154,445698,1
95579,1094,445697,1
95579,1094,445714,4
95579,1094,445718,2
95579,9505,445714,1
95579,11032,445714,1
95580,5353,445692,1
95580,6042,445692,2
95580,9262,445692,1
95588,154,445758,1
95598,8059,445695,1
95606,6535,445695,1
95617,6538,445703,1
95618,1731,445715,1
95618,1986,445715,1
95618,1986,445736,1
95618,3401,445736,1
95618,4989,445715,1
95618,4989,445736,1
95618,6379,445715,1
95618,6379,445736,1
95618,7826,445715,1
95618,7826,445736,1
95618,8016,445706,1
95618,8024,445715,1
95618,8024,445736,1
95618,8044,445715,1
95618,8044,445736,1
95618,8593,445715,1
95618,8868,445715,1
95618,8868,445736,1
95618,9505,445715,1
95618,9505,445736,1
95618,11386,445736,1
95626,1649,445760,1
95626,3728,445760,1
95626,5011,445760,1
95626,8220,445760,1
95658,4938,445741,1
95658,4941,445741,1
95684,4602,445742,1
95688,8195,445695,1
95712,693,445695,1
95712,3401,445695,1
95712,8681,445695,1
95712,9262,445695,1
95712,9741,445695,1
95712,9786,445695,1
95727,154,445691,1
95727,154,445694,1
95728,5858,445698,1
95728,9579,445698,1
95733,722,445703,1
95749,1142,445758,1
95776,2944,445698,1
95776,4207,445698,1
95776,4639,445698,1
95776,4762,445698,1
95776,9551,445698,1
95776,10009,445698,1
95779,8016,445734,1
95783,3838,445698,1
95785,7615,445698,1
95785,10261,445698,1
95795,154,445691,1
95795,7569,445691,1
95795,8697,445691,1
95796,9682,445703,1
95802,6452,445714,1
95803,8054,445716,1
95803,9997,445716,1
95803,11386,445716,1
95809,3738,445742,1
95809,4414,445715,1
95809,4414,445717,3
95809,4414,445742,1
95809,6019,445715,1
95809,6019,445717,3
95809,6019,445742,1
95809,7903,445715,1
95809,7903,445717,3
95809,10596,445715,1
95809,10596,445717,3
95809,10596,445742,1
95815,11386,445706,1
95834,4639,445705,1
95834,10120,445705,1
95835,3401,445709,1
95835,3871,445709,1
95835,4706,445760,1
95835,5714,445760,1
95835,6995,445709,1
95835,9262,445709,1
95835,9262,445760,1
95835,10748,445760,1
95839,9996,445716,1
95840,10120,445706,1
95843,6784,445759,1
95855,8062,445690,1
95858,3401,445689,1
95858,4762,445689,1
95858,8062,445689,1
95858,11386,445689,1
95861,4639,445690,1
95862,154,445717,1
95862,10120,445717,1
95881,1190,445700,1
95881,2509,445700,1
95881,3750,445700,1
95881,6784,445700,1
95881,10438,445700,1
95895,3401,445742,1
95895,6857,445742,1
95895,8588,445742,1
95895,9262,445742,1
95898,9111,445701,1
95915,735,445708,1
95915,735,445710,1
95915,1396,445708,1
95915,1396,445710,1
95915,2302,445708,1
95915,2302,445710,1
95915,3076,445708,1
95915,3076,445710,1
95915,4027,445708,1
95915,4027,445710,1
95915,4639,445708,1
95915,4639,445710,1
95915,7132,445708,1
95915,7132,445710,1
95915,7167,445708,1
95915,7167,445710,1
95915,8062,445708,1
95915,8062,445710,1
95915,10090,445708,1
95915,10090,445710,1
95915,11134,445708,1
95915,11134,445710,1
95934,286,445695,1
95934,4639,445695,1
95934,5501,445695,1
95934,8791,445695,1
95936,10999,445711,1
95953,2809,445705,1
95953,6148,445705,1
95953,7544,445705,1
95953,10452,445705,1
95960,180,445709,1
95960,942,445709,1
95960,1241,445709,1
95960,1419,445709,1
95960,2388,445709,1
95960,3700,445709,1
95960,4014,445709,1
95960,4455,445709,1
95960,4639,445709,1
95960,4693,445709,1
95960,4780,445709,1
95960,4851,445709,1
95960,5077,445709,1
95960,8271,445709,1
95960,9262,445709,1
95960,9571,445709,1
95960,9632,445709,1
95960,10248,445709,1
95960,10527,445709,1
95960,11063,445709,1
95960,11278,445709,1
95966,57,445711,1
95966,3401,445711,1
95966,3734,445711,1
95966,4762,445711,1
95966,5480,445711,1
95966,9547,445711,1
95969,9262,445759,1
96000,1164,445690,1
96000,3638,445690,1
96000,4639,445690,1
96000,4762,445690,1
96000,7132,445690,1
96000,8016,445690,1
96000,9138,445690,1
96023,55,445695,1
96026,3156,445759,1
96031,1177,445761,1
96039,9262,445718,1
96042,8062,445693,1
96049,7685,445712,1
96099,722,445689,1
96102,1853,445701,1
96106,722,445702,1
96111,3401,445691,1
96113,263,445705,1
96113,3321,445705,1
96116,9138,445693,1
96120,1802,445705,1
96122,3525,445703,1
96122,7922,445703,1
96126,154,445692,1
96140,3871,445692,1
96147,154,445692,1
96147,3401,445692,1
96147,9138,445692,1
96147,9262,445692,1
96159,3880,445711,1
96159,4989,445711,1
96175,8062,445700,1
96180,9262,445692,1
96229,7740,445758,1
96233,8062,445735,1
96246,2302,445701,1
96246,3871,445701,1
96246,5474,445701,1
96246,6120,445701,1
96246,9293,445701,1
96246,9556,445701,1
96253,154,445704,1
96262,5251,445698,1
96303,1316,445711,1
96307,1300,445710,1
96307,3263,445710,1
96307,5226,445710,1
96307,9763,445710,1
96307,10120,445710,1
96307,10443,445710,1
96323,154,445694,1
96323,340,445694,1
96323,9536,445694,1
96333,4620,445758,1
96346,154,445734,1
96347,10120,445702,1
96351,154,445695,1
96362,154,445702,1
96362,4639,445702,1
96362,10129,445702,1
96372,1595,445711,1
96373,3188,445694,1
96373,7922,445694,1
96373,8016,445694,1
96373,10529,445694,1
96385,3871,445708,1
96403,2055,445735,1
96403,10120,445761,1
96418,625,445761,1
96418,4942,445761,1
96418,9908,445761,1
96428,1649,445760,1
96428,5011,445760,1
96428,8220,445760,1
96430,722,445741,1
96430,1649,445741,1
96430,8220,445741,1
96450,8062,445696,1
96456,4639,445690,1
96466,405,445697,1
96466,722,445697,1
96466,2096,445697,1
96474,722,445703,1
96474,4231,445703,1
96481,724,445734,1
96490,154,445709,1
96490,9326,445709,1
96492,11061,445736,1
96499,3401,445689,1
96499,7585,445689,1
96502,8062,445702,1
96516,1396,445741,1
96516,2302,445741,1
96516,3076,445741,1
96516,8195,445741,1
96516,10527,445741,1
96516,10914,445741,1
96524,154,445702,1
96539,1697,445692,1
96539,7132,445692,1
96539,8686,445692,1
96539,10936,445692,1
96543,722,445760,1
96543,1142,445760,1
96543,2096,445760,1
96543,2660,445760,1
96543,3551,445760,1
96543,4055,445760,1
96543,4639,445760,1
96543,4989,445760,1
96548,5786,445760,1
96562,2809,445699,1
96591,722,445691,1
96610,445,445742,1
96614,3365,445759,1
96620,7942,445758,1
96634,4639,445697,1
96635,5858,445703,1
96635,8818,445703,1
96645,2024,445714,1
96645,7142,445714,1
96645,10820,445714,1
96649,4345,445697,1
96649,7955,445697,1
96649,9579,445697,1
96652,9262,445702,1
96660,5205,445699,1
96678,11011,445717,1
96682,3401,445761,1
96682,4755,445761,1
96682,5094,445761,1
96682,5474,445761,1
96682,6514,445761,1
96682,9262,445761,1
96709,154,445705,1
96709,10120,445705,1
96724,706,445699,1
96724,9262,445699,1
96778,10089,445741,1
96786,1675,445736,1
96786,6659,445736,1
96786,7754,445736,1
96819,154,445714,1
96819,2096,445714,1
96819,2808,445714,1
96841,6784,445760,1
96849,3728,445697,1
96849,4639,445697,1
96851,2728,445714,1
96855,8016,445703,1
96856,154,445696,1
96856,3401,445696,2
96856,4762,445696,1
96856,9748,445696,1
96856,10248,445696,1
96858,4639,445690,1
96871,5465,445711,1
96871,6235,445712,1
96883,3401,445735,1
96883,6742,445735,1
96883,7013,445735,1
96883,8220,445735,1
96883,9262,445735,1
96894,1337,445699,1
96894,3965,445699,1
96905,4625,445691,1
96913,1142,445742,1
96922,3401,445694,1
96922,4639,445694,1
96922,9262,445694,1
96927,2809,445708,1
96942,1164,445696,1
96942,9268,445696,1
96949,7067,445713,1
96954,405,445705,1
96954,3871,445705,1
96956,5858,445698,1
96993,154,445694,1
96993,777,445694,1
96993,3401,445694,1
96993,7569,445694,1
96993,8016,445694,1
96993,8686,445694,1
96993,9083,445694,1
96993,9579,445694,1
96993,10529,445694,1
96997,8016,445713,1
97004,2096,445696,1
97010,4751,445742,1
97014,8062,445693,1
97014,8689,445693,1
97026,11386,445693,1
97043,4068,445705,1
97061,1880,445760,1
97061,5805,445760,1
97061,7097,445760,1
97061,8681,445760,1
97061,9332,445760,1
97061,10432,445760,1
97062,4762,445761,1
97062,8007,445761,1
97068,8016,445695,1
97077,7244,445735,1
97108,5562,445696,1
97109,4171,445758,1
97109,9262,445758,1
97119,722,445710,2
97119,6033,445710,2
97132,405,445708,1
97132,3383,445708,1
97132,3401,445708,1
97132,6350,445708,1
97132,6458,445708,1
97132,8441,445708,1
97137,517,445736,1
97137,1164,445736,1
97137,5838,445736,1
97149,722,445705,1
97151,2094,445736,1
97153,4639,445702,1
97167,3401,445696,1
97172,1334,445698,1
97172,6784,445698,1
97172,8062,445698,1
97172,10195,445698,1
97182,7922,445705,1
97184,102,445715,1
97184,3728,445715,1
97184,4762,445715,1
97184,5197,445715,1
97184,10014,445715,1
97184,10120,445715,1
97184,10390,445715,1
97192,1537,445694,1
97192,4639,445694,1
97193,2414,445703,1
97193,2414,445706,1
97209,1649,445734,1
97209,10120,445734,1
97224,1142,445712,1
97224,9262,445712,1
97224,10333,445712,1
97235,4422,445711,1
97235,4422,445717,1
97245,2193,445712,2
97245,11037,445712,1
97250,10053,445759,1
97256,124,445698,1
97258,4627,445706,1
97258,6510,445706,1
97266,2096,445699,1
97266,4641,445703,1
97266,4641,445705,1
97266,7750,445699,1
97266,10626,445702,1
97266,10969,445699,1
97303,8876,445696,1
97321,9530,445691,1
97341,3120,445759,1
97341,4180,445759,1
97341,7956,445759,1
97341,10291,445759,1
97341,10845,445759,1
97341,11386,445759,1
97346,1257,445693,1
97346,9262,445693,1
97353,154,445734,1
97353,1649,445734,1
97353,4762,445734,1
97353,10120,445734,1
97358,9698,445709,1
97388,5465,445704,1
97388,5465,445711,1
97395,4102,445707,1
97399,4171,445715,1
97399,10623,445715,1
97407,4639,445702,1
97415,6874,445692,1
97421,9023,445709,1
97422,154,445694,1
97451,10529,445715,1
97451,10602,445715,1
97458,185,445708,1
97458,10120,445708,1
97466,1094,445689,1
97470,6260,445736,1
97491,3401,445704,1
97491,6475,445704,1
97491,9138,445704,1
97524,124,445714,1
97524,9595,445714,1
97527,5465,445710,1
97527,8062,445710,1
97532,4793,445718,1
97555,8062,445700,1
97560,154,445690,1
97566,340,445690,1
97566,4639,445690,1
97566,7569,445690,1
97566,7956,445690,1
97578,4639,445690,1
97578,4639,445691,1
97586,3728,445698,1
97588,2129,445700,1
97588,3859,445700,1
97588,4589,445700,1
97588,7336,445700,1
97609,1502,445712,1
97609,1818,445712,1
97609,2176,445690,1
97609,2316,445712,1
97609,2676,445690,1
97609,3371,445712,1
97609,5158,445712,1
97609,7173,445712,1
97609,7474,445690,1
97609,8659,445712,1
97609,9874,445690,1
97609,10025,445712,1
97609,11033,445712,1
97609,11143,445712,1
97629,154,445692,1
97629,3728,445692,1
97629,9103,445692,1
97629,10692,445692,1
97631,539,445760,1
97631,4466,445760,1
97631,9297,445760,1
97655,1649,445760,1
97655,4300,445760,1
97655,8195,445760,1
97655,8266,445760,1
97655,9083,445760,1
97655,10488,445760,1
97676,7956,445691,1
97701,57,445693,1
97701,4762,445693,1
97701,5197,445693,1
97702,2723,445710,1
97702,4232,445710,1
97736,9490,445704,1
97787,9975,445699,1
97790,3887,445693,1
97793,2809,445707,1
97794,154,445707,1
97794,1731,445707,1
97794,4345,445707,1
97794,7960,445707,1
97794,10120,445707,1
97794,10883,445707,1
97794,10914,445707,1
97794,11386,445707,1
97807,485,445717,1
97807,2302,445717,1
97807,3082,445717,1
97807,3401,445717,1
97807,4809,445717,1
97807,7890,445717,1
97809,5094,445742,1
97832,635,445716,1
97833,6514,445690,1
97843,124,445742,1
97843,8712,445742,1
97850,154,445759,1
97855,10120,445705,1
97856,65,445714,1
97856,98,445714,1
97856,751,445714,1
97856,777,445714,1
97856,1220,445714,1
97856,3401,445714,1
97856,3879,445714,1
97856,3894,445714,1
97856,4639,445714,1
97856,5260,445714,1
97856,6155,445714,1
97856,6488,445714,1
97856,6536,445714,1
97856,7836,445714,1
97856,9138,445714,1
97856,9262,445714,1
97865,76,445718,1
97865,4969,445718,1
97865,5381,445718,1
97874,3960,445718,1
97874,9519,445718,1
97874,10492,445718,1
97874,11299,445718,1
97896,1983,445703,1
97909,154,445707,1
97940,154,445692,1
97964,5890,445709,1
97964,7046,445709,1
97974,3401,445718,1
97974,6995,445718,1
97984,1169,445703,1
98017,11386,445716,1
98019,865,445761,1
98019,2379,445761,1
98019,5934,445761,1
98019,6006,445761,1
98019,6834,445761,1
98019,8098,445761,1
98036,405,445709,1
98036,2548,445709,1
98036,6810,445709,1
98036,8016,445709,1
98057,2161,445735,1
98059,5125,445706,1
98061,5603,445761,1
98061,6305,445761,1
98062,8062,445691,1
98067,10227,445718,1
98070,9262,445690,1
98084,10529,445695,1
98085,3638,445689,1
98089,4549,445707,1
98090,4639,445691,1
98094,9797,445760,1
98131,2323,445702,1
98131,9262,445702,1
98138,6535,445694,1
98175,722,445695,1
98175,2096,445695,1
98177,7471,445712,1
98177,8016,445712,1
98177,8177,445712,1
98177,9138,445712,1
98186,1574,445700,1
98186,6784,445700,1
98186,6925,445700,1
98186,7132,445700,1
98186,10225,445700,1
98186,10248,445700,1
98213,8062,445697,1
98218,4639,445695,1
98224,2702,445699,1
98227,2295,445717,1
98227,6235,445717,1
98227,10460,445717,1
98289,8791,445690,1
98303,405,445717,1
98303,1190,445717,1
98303,3552,445717,1
98309,6475,445705,1
98323,2809,445718,1
98330,8016,445705,1
98337,3831,445704,1
98348,6235,445690,1
98353,2992,445759,1
98357,3728,445714,1
98382,9262,445698,1
98393,3305,445689,1
98393,3425,445696,1
98393,6241,445696,1
98393,7982,445689,1
98393,10248,445689,1
98411,11386,445698,1
98412,2911,445692,1
98428,6742,445734,1
98430,5841,445713,1
98435,2302,445697,1
98435,6535,445697,1
98457,5681,445704,1
98457,6458,445704,2
98457,8016,445704,1
98457,9289,445704,1
98482,2860,445690,1
98493,6248,445692,1
98505,2809,445709,1
98505,5858,445709,1
98505,6131,445759,1
98505,8062,445709,1
98507,1164,445697,1
98507,3728,445712,1
98507,9026,445697,1
98509,2099,445712,1
98509,2545,445712,1
98509,2725,445712,1
98509,4319,445712,1
98525,10274,445708,1
98538,7398,445741,1
98578,2714,445691,1
98578,2809,445691,2
98578,2995,445691,1
98578,11044,445691,1
98582,9262,445696,1
98589,2182,445716,1
98599,154,445709,1
98607,8016,445717,1
98607,8220,445717,1
98617,154,445714,1
98617,2161,445714,1
98617,9262,445714,1
98617,10120,445714,1
98617,11386,445714,1
98620,10601,445759,1
98627,154,445690,2
98627,154,445692,1
98627,5272,445690,1
98631,7398,445696,1
98634,722,445696,1
98634,958,445694,1
98634,2754,445694,1
98634,3956,445696,1
98634,6760,445694,1
98634,7956,445694,1
98634,9262,445694,1
98634,9262,445696,1
98634,10712,445694,1
98663,8062,445715,1
98674,581,445702,1
98674,581,445758,1
98674,581,445759,1
98674,581,445760,1
98674,581,445761,1
98675,310,445698,1
98675,1316,445698,1
98675,3401,445705,1
98675,3728,445705,1
98675,4639,445698,1
98675,4639,445705,1
98675,4639,445710,1
98675,5465,445705,1
98675,10333,445710,1
98699,5513,445695,1
98702,154,445698,1
98702,536,445698,1
98702,4222,445698,1
98702,6681,445698,1
98702,6995,445698,1
98723,7013,445702,1
98723,7398,445702,1
98723,10505,445702,1
98727,4618,445703,1
98749,154,445694,1
98774,1197,445715,1
98774,1366,445710,1
98774,4039,445715,1
98774,4762,445710,1
98774,11019,445715,1
98780,776,445699,1
98780,1194,445699,1
98780,2617,445699,1
98780,4171,445699,1
98780,6367,445699,1
98780,7824,445699,1
98780,9909,445699,1
98803,3020,445692,1
98805,5130,445701,1
98805,7110,445701,1
98805,7754,445701,1
98805,7922,445701,1
98805,10883,445701,1
98805,11008,445701,1
98811,8197,445696,1
98823,8062,445734,1
98836,2606,445759,1
98838,3815,445760,1
98838,5474,445760,1
98842,2809,445699,1
98861,4639,445695,1
98880,10120,445706,1
98882,4344,445742,1
98882,8016,445742,1
98882,10529,445742,1
98887,154,445758,1
98887,154,445759,1
98887,8605,445759,1
98892,154,445761,1
98892,10248,445761,1
98892,10539,445761,1
98901,6784,445761,1
98901,7473,445761,1
98903,2509,445759,1
98903,6784,445759,1
98911,4480,445716,1
98918,1170,445701,1
98933,7671,445698,1
98933,7754,445698,1
98961,405,445708,1
98961,1164,445708,1
98961,6514,445708,1
98961,8681,445708,1
98972,2500,445694,1
98972,4762,445694,1
99003,9158,445758,1
99014,1283,445698,2
99015,132,445709,1
99015,789,445709,1
99015,1692,445709,1
99015,2829,445709,1
99015,3629,445699,1
99015,3730,445709,1
99015,3999,445709,1
99015,4094,445709,1
99015,5733,445699,1
99015,5894,445699,1
99015,6269,445709,1
99015,8660,445709,1
99015,8712,445699,1
99015,9845,445709,1
99015,10169,445709,1
99015,11386,445699,1
99018,1194,445717,1
99018,7013,445717,1
99025,3624,445699,1
99057,154,445703,1
99057,154,445707,1
99057,6248,445707,1
99057,6535,445703,1
99057,6535,445707,1
99057,8195,445703,1
99057,8195,445707,1
99057,10120,445703,1
99057,10120,445707,1
99057,10635,445703,1
99057,10635,445707,1
99062,1634,445712,1
99062,3871,445712,1
99074,491,445690,1
99076,636,445702,1
99078,405,445708,1
99078,2445,445708,1
99078,3728,445708,1
99078,10120,445708,1
99085,722,445700,1
99089,3549,445711,1
99089,4771,445711,1
99105,8311,445717,1
99117,9138,445689,1
99130,4639,445701,1
99135,102,445700,1
99135,4762,445691,1
99135,4762,445700,1
99135,8681,445700,1
99143,619,445703,1
99145,57,445692,1
99145,735,445692,1
99145,6514,445692,1
99145,7258,445692,1
99148,9362,445760,1
99152,1573,445696,1
99152,8791,445696,1
99173,3559,445718,1
99177,4639,445691,1
99203,4705,445758,1
99234,1802,445691,1
99234,3188,445691,1
99267,8996,445742,1
99268,7956,445735,1
99268,8063,445735,1
99268,9262,445735,1
99272,3117,445703,1
99272,5143,445703,1
99272,7686,445703,1
99272,9950,445703,1
99300,154,445698,7
99300,154,445700,1
99300,2064,445698,7
99300,2064,445700,1
99300,3401,445698,7
99300,3401,445700,1
99300,4639,445698,7
99300,4639,445700,1
99300,5778,445698,7
99300,5778,445700,1
99300,6784,445698,7
99300,6784,445700,1
99300,7429,445698,7
99300,7429,445700,1
99300,7569,445698,7
99300,7569,445700,1
99300,8566,445698,7
99300,8566,445700,1
99300,8681,445698,7
99300,8681,445700,1
99300,8791,445698,7
99300,8791,445700,1
99300,10390,445698,7
99300,10390,445700,1
99300,10395,445698,7
99300,10395,445700,1
99300,10532,445698,7
99300,10532,445700,1
99300,11150,445698,7
99300,11150,445700,1
99305,4639,445710,1
99311,4639,445700,1
99311,8016,445700,1
99313,1142,445712,1
99313,1649,445712,1
99313,7362,445712,1
99326,6514,445709,1
99332,9193,445702,1
99341,9326,445697,1
99341,10532,445697,1
99369,4533,445710,1
99371,4882,445718,1
99371,6343,445718,1
99371,10432,445718,1
99387,6458,445715,1
99394,10120,445702,1
99395,5041,445759,1
99395,5532,445759,1
99395,6350,445759,1
99425,1551,445690,1
99425,4762,445690,1
99425,8941,445690,1
99449,7328,445698,1
99460,534,445694,1
99460,534,445698,1
99460,767,445698,1
99460,5082,445694,1
99460,8681,445698,1
99460,11386,445694,1
99460,11386,445698,1
99470,9622,445699,1
99470,9622,445701,1
99492,5226,445715,1
99492,8712,445715,1
99495,310,445695,1
99512,537,445705,1
99512,1142,445705,1
99512,7754,445705,1
99512,10248,445705,1
99512,10761,445705,1
99525,10120,445715,1
99541,7137,445707,1
99541,9767,445707,1
99560,2636,445706,1
99560,6813,445706,1
99560,7013,445706,1
99588,4639,445714,1
99593,2096,445715,1
99595,2548,445712,1
99595,10120,445712,1
99613,9490,445694,1
99614,9042,445715,1
99618,9432,445758,1
99628,9663,445703,1
99631,2809,445690,1
99633,9478,445758,1
99639,3728,445715,1
99648,4639,445695,1
99648,5400,445695,1
99648,8035,445695,1
99648,11386,445695,1
99655,2827,445702,1
99655,5523,445702,1
99655,8318,445702,1
99669,9613,445717,1
99671,7922,445697,1
99691,3739,445695,1
99691,6875,445695,1
99695,2047,445735,1
99705,751,445697,1
99707,6514,445735,1
99711,10729,445736,1
99719,1726,445716,1
99719,2096,445716,1
99719,2302,445716,1
99719,3871,445716,1
99719,4027,445716,1
99719,10527,445716,1
99722,1164,445689,1
99722,4762,445689,1
99734,2329,445718,1
99734,7156,445718,1
99757,4914,445708,1
99760,2325,445711,1
99760,3401,445711,1
99760,4172,445711,1
99760,4526,445711,1
99760,9262,445711,1
99770,540,445735,1
99783,154,445689,1
99783,722,445689,1
99783,2161,445689,1
99783,2309,445689,1
99783,3519,445689,1
99783,3638,445689,1
99783,3871,445689,1
99783,3946,445689,1
99783,4007,445689,1
99783,4027,445689,1
99783,4639,445689,1
99783,6235,445689,1
99783,8791,445689,1
99809,10839,445758,1
99810,405,445702,1
99832,310,445713,1
99832,1537,445713,1
99836,540,445712,1
99848,6488,445741,1
99849,3638,445701,1
99849,5071,445701,1
99849,9138,445701,1
99867,5378,445700,1
99867,8062,445700,1
99872,124,445718,1
99872,8791,445718,1
99872,9233,445718,1
99872,10120,445718,1
99873,154,445701,1
99883,1894,445759,1
99883,2395,445759,1
99883,3623,445759,1
99883,8220,445699,1
99883,8220,445759,1
99883,8638,445759,1
99883,9262,445759,1
99889,11386,445690,1
99897,9090,445698,1
99897,10829,445698,1
99906,3571,445736,1
99906,4368,445736,1
99906,4853,445736,1
99906,9348,445736,1
99920,4344,445736,1
99936,8769,445701,1
99936,11343,445701,1
99946,4639,445690,1
99946,11386,445690,1
99949,722,445706,1
99949,4434,445706,1
99949,6742,445706,1
99966,3871,445698,1
99966,9638,445698,1
99969,9605,445718,1
99976,405,445710,1
99976,1257,445710,1
99976,3931,445710,1
99976,4444,445710,1
99976,5086,445710,1
99976,6273,445710,1
99976,6784,445710,1
99976,7132,445710,1
99983,9698,445708,1
99989,722,445689,1
99989,4639,445689,1
99999,4762,445689,1
99999,10917,445689,1
100021,606,445705,1
100021,619,445705,1
100021,1880,445705,1
100021,7428,445705,1
100021,10532,445705,1
100021,11386,445705,1
100046,6576,445715,1
100048,4224,445705,1
100055,6205,445689,1
100064,2633,445706,1
100065,8876,445698,1
100066,6019,445691,1
100074,154,445692,1
100074,154,445693,1
100074,154,445701,1
100074,154,445714,1
100077,4639,445717,1
100084,3118,445692,1
100084,5562,445692,1
100089,1880,445702,1
100089,3076,445702,1
100089,4639,445702,1
100089,9262,445702,1
100113,1164,445708,1
100113,2548,445708,1
100113,6019,445708,1
100113,9579,445708,1
100113,10001,445708,1
100128,154,445695,1
100131,10779,445700,1
100139,1478,445691,1
100139,6698,445691,1
100144,1094,445708,1
100148,3076,445702,1
100165,4639,445715,1
100176,154,445696,1
100176,6019,445696,1
100176,8681,445695,1
100189,20,445707,1
100189,10914,445707,1
100193,3282,445761,1
100193,4762,445761,1
100223,9138,445694,1
100243,2417,445696,1
100243,10643,445696,1
100250,940,445692,1
100250,6372,445692,1
100250,11060,445692,1
100250,11302,445692,1
100265,2809,445692,1
100272,4639,445712,1
100285,87,445690,1
100286,4813,445691,1
100286,9262,445691,1
100293,154,445760,1
100293,8085,445760,1
100293,11386,445760,1
100299,3511,445706,1
100299,4646,445706,1
100299,11386,445706,1
100307,2137,445691,1
100310,1316,445689,1
100310,2548,445689,1
100310,3401,445689,1
100310,4639,445689,1
100310,6235,445689,1
100310,7956,445689,1
100310,9262,445689,1
100313,4002,445695,1
100323,7862,445758,1
100323,9262,445758,1
100323,11386,445758,1
100330,8016,445712,1
100330,8035,445712,1
100330,8851,445712,1
100333,2809,445692,1
100333,4002,445692,1
100333,11114,445692,1
100340,4639,445709,1
100340,8016,445709,1
100340,9262,445709,1
100344,3536,445694,1
100360,1865,445692,1
100366,9262,445697,1
100374,913,445706,1
100374,2716,445706,1
100374,6538,445706,1
100374,9750,445706,1
100374,10911,445706,1
100375,1048,445715,1
100384,1029,445712,1
100384,9262,445712,1
100391,5465,445717,1
100391,8062,445717,1
100391,10120,445717,1
100405,9826,445703,1
100419,3342,445701,1
100419,4762,445701,1
100419,5197,445701,1
100419,8063,445701,1
100419,10248,445701,1
100448,3401,445718,1
100484,102,445718,1
100484,4344,445718,1
100484,4639,445718,1
100484,5462,445718,1
100487,4422,445714,1
100487,7509,445714,1
100487,9083,445714,1
100487,9797,445714,1
100490,185,445698,1
100490,3638,445698,1
100490,3750,445698,1
100490,9138,445698,1
100495,1316,445717,1
100503,154,445709,1
100503,8681,445709,1
100517,6019,445758,1
100534,6234,445712,1
100546,2531,445694,1
100549,10527,445734,1
100607,2548,445709,1
100607,8218,445709,1
100611,154,445759,1
100613,5990,445690,1
100647,154,445699,1
100666,394,445734,1
100666,2422,445734,1
100666,2809,445734,1
100666,3401,445734,2
100666,5433,445734,1
100666,6995,445734,1
100666,7167,445734,1
100666,8027,445734,1
100666,9106,445734,1
100666,9183,445734,1
100666,9262,445734,1
100677,9579,445704,1
100683,154,445695,1
100688,5757,445700,1
100688,6749,445700,1
100688,7956,445700,1
100688,8751,445700,1
100688,9262,445700,1
100689,384,445698,1
100689,2662,445698,1
100689,6382,445698,1
100689,6424,445698,1
100689,8004,445698,1
100689,10692,445698,1
100689,11008,445698,2
100695,102,445760,1
100695,154,445760,1
100695,2535,445760,1
100695,2766,445760,1
100695,4762,445760,1
100695,5197,445760,1
100695,5485,445760,1
100695,5518,445760,1
100722,5681,445704,1
100733,4639,445690,1
100736,9138,445691,1
100736,10248,445691,1
100746,154,445710,1
100746,3076,445710,1
100746,10120,445710,1
100768,2911,445712,1
100768,3655,445714,1
100768,8823,445712,1
100769,8791,445692,1
100778,1325,445703,1
100780,4639,445706,1
100785,1325,445716,1
100785,5307,445716,1
100785,7174,445716,1
100785,9083,445716,1
100785,9579,445716,1
100785,9613,445716,1
100788,1992,445692,1
100794,4861,445712,1
100794,6124,445712,1
100794,8276,445716,1
100794,9262,445716,1
100800,2620,445760,2
100804,5532,445761,1
100804,6350,445761,1
100804,6458,445761,1
100805,1316,445713,1
100805,10120,445713,1
100805,10943,445713,1
100807,5087,445689,1
100807,8223,445689,1
100807,9034,445689,1
100807,9138,445689,1
100807,9262,445689,1
100827,191,445761,1
100833,7569,445690,1
100856,2809,445699,1
100863,5532,445758,1
100863,6458,445758,1
100868,337,445698,1
100875,4344,445705,1
100877,8195,445735,1
100891,405,445696,1
100906,5465,445736,1
100915,154,445703,1
100915,4762,445703,1
100915,7871,445703,1
100915,8016,445703,1
100915,9132,445703,1
100915,10529,445703,1
100915,10761,445703,1
100931,9262,445700,1
100935,6857,445715,1
100935,10170,445715,1
100935,10706,445715,1
100941,1649,445700,1
100947,4989,445693,1
101013,310,445707,1
101013,9138,445707,1
101013,10529,445707,1
101018,2809,445694,1
101027,6110,445698,1
101034,4801,445760,2
101063,6535,445700,1
101083,154,445693,1
101083,7569,445693,1
101083,8791,445693,1
101086,11256,445696,1
101087,10914,445713,1
101094,154,445706,1
101094,4437,445706,1
101094,4896,445706,1
101094,11386,445706,1
101099,485,445741,1
101151,154,445691,1
101179,83,445709,1
101179,1471,445709,1
101179,2028,445709,1
101179,5317,445709,1
101179,5440,445709,1
101179,10120,445709,1
101193,1142,445691,1
101193,10333,445691,1
101199,154,445701,1
101199,2096,445701,1
101199,3728,445701,1
101199,4639,445701,1
101199,4793,445701,1
101199,8566,445701,1
101214,9262,445690,1
101220,4762,445690,1
101220,6514,445690,1
101220,9955,445690,1
101221,578,445689,2
101221,958,445689,1
101221,3414,445718,1
101221,3732,445718,1
101221,5197,445718,1
101221,6384,445689,1
101221,8791,445718,1
101221,9035,445689,1
101221,9091,445689,1
101221,11025,445718,1
101225,154,445690,1
101225,722,445690,1
101225,1537,445690,1
101225,2445,445690,1
101225,2509,445690,1
101225,2809,445690,1
101225,4639,445690,1
101225,6235,445690,1
101225,6784,445690,1
101225,8062,445690,1
101225,8686,445690,1
101225,8791,445690,1
101225,9138,445690,2
101241,11167,445690,1
101250,154,445717,1
101254,55,445735,1
101256,154,445709,1
101256,2445,445709,1
101256,10532,445709,1
101300,1649,445702,1
101300,7398,445702,1
101324,6514,445734,1
101358,6245,445742,1
101362,6535,445689,1
101362,8220,445689,1
101362,10914,445689,1
101365,154,445758,1
101365,5011,445758,1
101368,3638,445758,1
101380,11360,445712,1
101383,1094,445715,1
101383,11386,445715,1
101387,4639,445695,1
101390,9262,445690,1
101406,4639,445694,1
101420,9262,445742,1
101423,2809,445758,1
101423,3728,445758,1
101423,6742,445758,1
101423,10694,445758,1
101440,1657,445717,1
101440,2643,445717,1
101480,2809,445716,1
101513,4207,445760,1
101513,5412,445760,1
101513,8220,445760,1
101527,1649,445759,1
101527,5094,445759,1
101527,8220,445759,1
101527,9262,445759,1
101529,6672,445700,1
101529,7398,445700,1
101535,3638,445692,1
101535,9262,445692,1
101535,11386,445692,1
101539,3401,445703,1
101539,7518,445703,1
101539,8016,445703,2
101539,11386,445703,1
101540,154,445689,1
101540,154,445691,1
101540,154,445692,1
101540,154,445699,1
101540,154,445741,1
101540,991,445690,1
101540,8062,445699,1
101544,154,445689,1
101544,3613,445689,1
101575,4762,445705,1
101575,9258,445705,1
101577,10777,445690,1
101591,1819,445715,1
101591,2065,445715,1
101591,2096,445715,1
101591,7862,445715,1
101591,8616,445715,1
101591,8868,445715,1
101591,9262,445715,1
101618,2096,445760,1
101623,1969,445709,1
101623,4639,445709,1
101623,8203,445709,1
101623,10426,445709,1
101632,1720,445705,2
101643,7473,445760,1
101652,7398,445690,1
101668,10945,445734,1
101672,10388,445758,1
101675,4639,445758,1
101675,5513,445758,1
101683,6784,445709,1
101688,4654,445758,1
101689,6102,445702,1
101711,6938,445698,1
101718,3525,445700,1
101740,2716,445716,1
101742,4131,445759,1
101742,8220,445759,1
101750,3401,445697,1
101750,3401,445761,1
101750,9262,445697,1
101750,9262,445715,1
101757,7966,445689,1
101757,8175,445689,1
101770,2445,445760,1
101770,2509,445760,1
101770,6809,445760,1
101791,6019,445718,1
101804,154,445716,1
101804,9279,445716,1
101808,6749,445715,1
101818,1553,445698,1
101830,3243,445735,1
101830,4531,445735,1
101830,6367,445735,1
101834,8062,445692,1
101841,10899,445706,1
101860,1661,445691,1
101860,8062,445691,1
101868,8035,445690,1
101873,254,445698,1
101917,2809,445716,1
101920,3401,445716,1
101920,9262,445716,1
101922,4639,445690,1
101922,9262,445690,1
101922,9262,445698,1
101932,4682,445689,1
101932,4762,445689,1
101932,5197,445689,1
101932,8062,445689,1
101943,9424,445689,1
101944,3729,445736,1
101944,11347,445736,1
101951,3337,445760,1
101960,1720,445758,1
101977,1964,445703,1
101985,7972,445710,1
102004,4639,445709,1
102026,6784,445742,1
102054,5862,445741,1
102056,722,445704,1
102056,1173,445704,1
102056,2847,445704,1
102056,5950,445704,1
102062,2096,445712,1
102062,6181,445712,1
102080,4639,445760,1
102089,722,445759,1
102093,9262,445707,1
102096,10999,445711,1
102114,1396,445710,1
102141,9487,445699,1
102148,5010,445698,1
102148,7665,445692,1
102155,5858,445697,1
102176,1316,445704,1
102176,6235,445704,1
102200,4480,445696,1
102206,2369,445691,1
102206,9894,445691,1
102218,2809,445717,1
102228,1164,445760,1
102228,5011,445758,1
102228,6784,445760,1
102235,154,445708,1
102235,2402,445708,1
102267,4639,445691,1
102277,900,445715,1
102277,6514,445715,1
102277,6970,445715,1
102277,8062,445715,1
102277,10529,445715,1
102291,9037,445758,1
102302,1649,445703,1
102305,4639,445758,1
102305,5011,445758,1
102305,6845,445758,1
102305,10114,445758,1
102308,3728,445713,1
102308,4639,445713,1
102308,5465,445713,1
102310,154,445700,1
102310,4639,445700,1
102312,4434,445715,1
102316,4287,445708,1
102316,9598,445708,1
102323,154,445699,1
102323,4639,445699,1
102323,7569,445699,1
102350,7443,445703,1
102350,9262,445703,1
102350,9472,445703,1
102354,9262,445692,1
102362,1094,445698,1
102364,6938,445713,1
102364,9138,445713,1
102367,6995,445697,1
102381,3387,445705,1
102398,6458,445692,1
102413,1023,445717,1
102413,9997,445742,1
102417,2406,445759,1
102445,10120,445718,1
102449,3401,445691,1
102449,4639,445691,1
102449,9262,445691,1
102457,3382,445715,1
102457,5451,445715,1
102457,9262,445715,1
102459,4762,445758,1
102459,7132,445758,1
102459,8062,445758,1
102472,2417,445691,1
102472,4639,445691,1
102472,9262,445691,1
102486,2809,445711,1
102486,5858,445711,1
102486,9286,445711,1
102516,860,445699,1
102516,11386,445699,1
102521,4639,445691,1
102530,6514,445707,1
102553,1649,445718,1
102553,2672,445718,1
102558,2400,445698,1
102566,11083,445714,1
102567,3401,445695,1
102567,9262,445695,1
102587,859,445759,1
102587,7132,445759,1
102587,8791,445697,1
102587,9262,445759,1
102595,7658,445715,1
102595,8468,445715,1
102595,8717,445715,1
102595,9262,445715,1
102596,10914,445712,1
102641,10788,445690,1
102662,7061,445705,1
102687,154,445689,1
102701,1194,445717,1
102701,2302,445717,1
102701,3871,445717,1
102701,4171,445717,1
102701,6995,445717,1
102701,10160,445717,1
102715,2809,445697,1
102716,5465,445711,1
102721,369,445742,1
102740,10154,445704,1
102768,7637,445715,1
102803,3905,445699,1
102803,10195,445699,1
102805,4046,445710,1
102805,11056,445710,1
102841,4639,445694,1
102846,2440,445702,1
102846,3401,445702,1
102846,4639,445702,1
102846,4755,445702,1
102846,8062,445702,1
102846,9262,445702,1
102846,9547,445702,2
102850,8686,445701,1
102877,10133,445699,1
102884,6715,445696,1
102896,9262,445736,1
102918,9286,445713,1
102937,204,445710,1
102937,5919,445710,1
102939,10120,445715,1
102941,4480,445690,1
102953,722,445700,1
102956,4318,445734,1
102957,4639,445690,1
102957,4639,445714,1
102964,4762,445706,1
102966,8170,445736,1
102980,10503,445758,1
102991,1537,445700,1
102991,3946,445700,1
102991,4639,445700,1
102991,8063,445700,2
102991,8791,445700,1
102991,10120,445700,1
103008,4018,445691,1
103008,11386,445691,1
103019,4222,445717,1
103019,8062,445717,1
103029,1094,445705,1
103040,357,445715,1
103040,1110,445715,1
103040,1584,445715,2
103040,5073,445715,1
103040,6720,445715,1
103067,4639,445694,1
103067,8791,445694,1
103070,3494,445710,1
103098,1316,445709,1
103098,6784,445709,1
103098,8062,445709,1
103176,3188,445761,1
103176,10174,445761,1
103181,154,445692,1
103181,9262,445692,1
103198,8286,445714,1
103198,8478,445714,1
103198,8693,445714,1
103216,6938,445759,1
103236,1316,445714,1
103236,3401,445714,1
103236,3871,445714,1
103236,4284,445714,1
103236,5465,445714,1
103236,8016,445714,1
103236,9262,445714,1
103239,4639,445699,1
103241,7862,445716,1
103248,154,445735,1
103249,620,445691,1
103255,2458,445699,1
103258,3190,445700,1
103259,1374,445703,1
103273,86,445714,1
103273,4141,445704,1
103273,4645,445704,1
103273,5682,445704,1
103273,6161,445704,1
103273,6845,445704,1
103273,8021,445714,1
103273,10020,445714,1
103273,11046,445704,1
103275,1829,445708,1
103275,9083,445708,1
103275,10998,445708,1
103275,11386,445708,1
103284,1649,445742,1
103284,8220,445742,1
103284,9262,445742,1
103289,4762,445691,1
103331,2373,445713,1
103331,3728,445713,1
103331,9138,445713,1
103331,10307,445713,1
103361,6938,445700,1
103381,405,445711,1
103381,1164,445711,1
103383,722,445711,1
103383,8016,445711,1
103383,10001,445711,1
103383,10692,445711,1
103383,11071,445711,1
103392,124,445736,1
103392,2545,445707,1
103392,3321,445715,1
103392,4356,445761,1
103392,6019,445761,1
103392,6248,445714,1
103392,6475,445715,1
103392,7588,445707,1
103392,8016,445707,1
103392,8016,445761,1
103392,8214,445759,1
103392,8419,445715,1
103392,10681,445761,1
103394,136,445700,1
103394,9262,445700,1
103410,4639,445695,1
103410,7569,445695,1
103421,1164,445689,1
103426,10020,445758,1
103426,10743,445758,1
103437,154,445698,1
103437,3750,445698,1
103437,4531,445698,1
103437,4639,445698,1
103437,6784,445698,1
103437,7132,445698,1
103437,8791,445698,1
103452,154,445735,1
103452,1649,445735,1
103452,1885,445735,1
103452,2859,445735,1
103452,6453,445735,1
103452,8062,445735,1
103452,9262,445735,1
103460,8062,445760,1
103470,154,445712,1
103470,7013,445712,1
103492,1164,445691,1
103492,7956,445691,1
103492,9138,445691,1
103494,154,445699,1
103494,3401,445699,1
103494,9262,445699,1
103518,154,445706,1
103518,1083,445706,1
103527,48,445713,1
103527,835,445713,1
103527,1634,445713,1
103527,3401,445713,1
103527,3728,445713,1
103527,4762,445713,1
103527,5197,445713,1
103527,6857,445713,1
103527,10051,445713,1
103528,4639,445717,1
103528,5223,445717,1
103528,10248,445717,1
103533,4639,445709,1
103554,4639,445708,1
103554,6235,445708,1
103575,3076,445711,1
103575,9517,445711,1
103575,10120,445711,1
103618,154,445696,1
103618,405,445696,1
103618,777,445696,1
103618,2064,445696,1
103618,3946,445696,1
103618,4344,445696,1
103618,4639,445696,1
103618,7429,445696,1
103618,7569,445696,1
103618,7850,445696,1
103618,8791,445696,1
103618,9318,445696,1
103623,1163,445761,1
103623,3787,445761,1
103623,6784,445761,1
103623,7191,445761,1
103623,9661,445761,1
103623,9963,445761,1
103623,10142,445761,1
103623,11318,445761,1
103629,8399,445693,1
103629,9262,445693,1
103633,9138,445698,1
103634,7912,445709,2
103634,7912,445710,3
103634,7912,445711,1
103637,9709,445706,1
103643,5011,445760,1
103643,10460,445760,1
103647,4755,445759,1
103647,5197,445759,1
103659,322,445698,1
103659,2077,445698,1
103659,2809,445698,1
103659,4227,445698,1
103659,4639,445698,1
103659,4762,445698,1
103659,6273,445698,1
103659,6938,445698,1
103659,8062,445698,1
103661,1969,445702,1
103664,154,445695,1
103665,4527,445697,1
103671,8337,445690,1
103673,2434,445692,1
103673,4639,445692,1
103673,8574,445692,1
103697,154,445735,1
103697,3401,445692,1
103697,4639,445692,1
103697,9262,445692,1
103697,9262,445708,2
103697,9262,445735,1
103698,540,445703,1
103698,2302,445711,1
103698,3871,445703,1
103698,5465,445711,1
103698,9262,445703,1
103718,340,445761,1
103718,9552,445761,1
103724,20,445705,1
103745,1649,445760,1
103745,8757,445760,1
103757,1728,445758,1
103762,7558,445742,1
103762,10120,445742,1
103762,10788,445742,1
103762,11282,445742,1
103766,6019,445694,1
103767,1194,445708,1
103767,9138,445708,1
103785,154,445698,1
103785,154,445701,2
103785,4639,445698,1
103785,4639,445701,2
103785,7569,445698,1
103785,7569,445701,2
103800,2788,445700,1
103805,4055,445693,1
103805,6225,445693,1
103805,8791,445693,1
103805,9846,445693,1
103806,10120,445708,1
103815,4639,445741,1
103844,2809,445690,1
103844,4639,445690,1
103844,9027,445690,1
103844,9318,445690,1
103855,1595,445714,1
103917,9109,445701,1
103942,3728,445704,1
103962,8062,445690,1
103962,9250,445690,1
103984,2809,445700,1
103985,9262,445691,1
104006,10081,445712,1
104010,221,445696,1
104017,185,445694,1
104017,4813,445694,1
104018,722,445696,1
104018,9262,445696,1
104021,3750,445735,1
104021,6784,445735,1
104032,31,445710,1
104045,4097,445699,1
104062,2509,445708,1
104075,2809,445690,1
104075,5858,445694,1
104075,6938,445694,1
104077,713,445742,1
104077,1142,445711,1
104077,3401,445742,1
104077,4762,445711,1
104077,4762,445742,1
104077,7013,445711,1
104077,10333,445742,1
104078,9138,445709,1
104111,154,445696,1
104111,4758,445696,1
104112,7922,445717,1
104132,154,445705,1
104137,1316,445735,1
104137,10120,445735,1
104138,5647,445759,1
104146,9262,445692,1
104151,572,445761,1
104165,9138,445705,1
104198,11358,445718,1
104216,9262,445741,1
104223,91,445693,1
104223,6514,445693,1
104223,7569,445693,1
104234,7354,445699,1
104234,8063,445699,1
104234,9377,445699,1
104251,1910,445701,1
104252,7799,445698,1
104257,154,445692,1
104257,1164,445692,1
104257,4639,445692,1
104257,6784,445692,1
104257,7132,445692,1
104257,8062,445692,1
104257,8791,445692,1
104257,9138,445692,1
104271,10390,445698,1
104305,7569,445697,1
104305,8507,445697,1
104306,154,445698,1
104306,722,445698,1
104306,1880,445698,1
104306,2096,445698,1
104306,3871,445698,1
104306,4639,445698,1
104306,9262,445698,1
104306,10109,445698,1
104311,9083,445761,1
104314,3188,445742,1
104314,6514,445742,1
104314,9262,445718,1
104314,9262,445742,1
104319,11116,445694,1
104352,154,445692,1
104363,1164,445691,1
104363,4639,445691,1
104363,5501,445691,1
104363,6784,445691,1
104363,7132,445691,1
104363,8791,445691,1
104363,9138,445691,1
104374,8016,445718,1
104374,9748,445718,1
104382,7922,445692,1
104389,4434,445714,1
104389,4762,445714,1
104389,10120,445714,1
104389,10426,445714,1
104390,6850,445708,1
104390,6983,445708,1
104390,7438,445708,1
104390,10518,445708,1
104402,8922,445698,1
104403,722,445705,1
104403,3728,445705,1
104403,4639,445705,1
104418,8016,445702,1
104418,9253,445702,1
104424,447,445704,1
104424,1316,445704,1
104424,1316,445716,1
104424,2445,445716,1
104424,2713,445716,2
104424,2809,445742,1
104424,5094,445704,1
104424,5094,445742,1
104424,5465,445704,1
104424,8062,445716,2
104430,1649,445742,1
104430,8220,445742,1
104430,10120,445742,1
104437,8062,445694,1
104440,7228,445691,1
104468,11386,445761,1
104475,3638,445691,1
104475,4755,445691,1
104475,9107,445691,1
104475,9138,445691,1
104479,8288,445758,1
104479,8477,445694,1
104479,10959,445694,1
104483,154,445701,1
104489,2976,445691,1
104489,10743,445691,2
104507,3474,445706,1
104521,154,445742,1
104521,1649,445742,1
104521,2096,445742,1
104521,4344,445742,1
104521,5474,445742,1
104521,6899,445742,1
104521,8220,445742,1
104521,9318,445742,1
104521,10529,445742,1
104522,3401,445690,1
104522,4639,445690,1
104522,8016,445690,1
104542,154,445690,1
104542,6784,445690,1
104542,10805,445690,1
104559,3076,445717,1
104559,3871,445717,1
104559,9262,445717,1
104559,10120,445717,1
104564,1316,445712,1
104577,2148,445691,1
104588,154,445736,1
104588,4344,445736,1
104588,6784,445736,1
104588,9262,445736,1
104588,10120,445736,1
104618,3401,445713,1
104618,3889,445713,1
104618,4639,445713,1
104618,6789,445713,1
104618,8791,445713,1
104618,9262,445713,1
104618,10120,445713,1
104620,2302,445700,1
104620,3076,445700,1
104620,4027,445700,1
104620,10527,445700,1
104627,1480,445708,1
104629,4207,445713,1
104630,8062,445698,1
104637,1500,445735,1
104639,11043,445701,1
104691,441,445700,1
104691,4870,445700,1
104691,10481,445700,1
104693,4639,445710,1
104698,8791,445702,1
104698,10120,445702,1
104698,11386,445702,1
104703,722,445689,1
104703,4639,445689,1
104703,7428,445703,1
104703,8791,445689,1
104722,3401,445760,1
104722,9289,445760,1
104725,5465,445708,1
104726,7094,445702,1
104735,3401,445692,1
104735,8686,445692,1
104735,9138,445692,1
104736,3401,445694,1
104736,5859,445694,1
104736,8106,445694,1
104736,8946,445694,1
104736,9262,445694,1
104736,10093,445694,1
104765,3020,445713,1
104765,5944,445713,1
104765,6938,445713,1
104765,8191,445713,1
104766,4275,445758,1
104772,8016,445691,1
104785,10695,445694,1
104789,2493,445711,1
104789,4225,445709,1
104800,7509,445701,1
104806,4639,445690,1
104819,8583,445734,1
104820,179,445735,1
104822,4434,445711,1
104822,11343,445711,1
104837,5342,445691,1
104850,4750,445760,1
104874,6181,445701,1
104878,10861,445715,1
104887,3325,445701,1
104887,5562,445701,1
104887,5896,445701,1
104887,9536,445701,1
104887,10734,445701,1
104935,8016,445706,1
104935,10529,445706,1
104939,10424,445717,1
104940,7592,445707,1
104944,7040,445708,1
104954,735,445718,1
104954,1029,445718,1
104954,3076,445718,1
104954,3295,445718,1
104954,9708,445718,1
104956,8696,445696,1
104961,154,445703,1
104966,154,445735,1
104966,1188,445735,1
104966,2668,445735,1
104966,6784,445735,1
104976,4639,445709,1
104998,1587,445758,1
105021,4371,445717,1
105025,3837,445703,1
105025,4207,445703,1
105025,5641,445703,1
105025,7159,445703,1
105057,5681,445703,1
105057,9262,445702,1
105058,9286,445709,2
105062,578,445761,1
105062,882,445761,1
105062,958,445761,1
105062,7183,445761,1
105062,7328,445761,1
105062,7956,445761,1
105062,8906,445761,1
105062,10224,445761,1
105073,4639,445708,1
105085,7518,445761,1
105087,154,445700,1
105087,3401,445700,1
105087,3773,445700,1
105087,4385,445700,1
105087,6789,445700,1
105087,8596,445700,1
105087,9262,445700,1
105087,10120,445700,1
105107,2068,445691,1
105107,3779,445691,1
105107,10069,445691,1
105108,4639,445692,1
105114,3342,445689,1
105114,3400,445689,1
105114,10008,445689,1
105117,6936,445697,1
105120,8791,445691,1
105121,154,445689,2
105121,4639,445689,2
105127,7266,445689,1
105127,9262,445689,1
105127,11024,445689,1
105129,9262,445717,1
105137,1189,445698,1
105137,1189,445715,1
105139,154,445694,1
105139,154,445714,1
105139,1794,445694,1
105139,1794,445714,1
105139,3401,445698,1
105139,6280,445713,1
105139,7569,445694,1
105139,7569,445714,1
105139,8276,445698,1
105139,9262,445698,1
105139,9262,445705,1
105139,9262,445711,1
105139,9262,445713,1
105145,5320,445741,1
105156,569,445704,1
105180,8062,445700,1
105202,770,445759,1
105208,653,445710,1
105208,1712,445710,1
105208,1979,445710,1
105208,2864,445710,1
105208,3498,445710,1
105208,3917,445710,1
105208,4557,445710,1
105208,9571,445710,1
105208,11278,445710,1
105209,11374,445761,1
105213,9198,445761,1
105218,789,445699,1
105218,4702,445699,1
105218,10137,445699,1
105228,2096,445717,1
105228,6742,445717,1
105233,5501,445690,1
105248,9262,445758,1
105260,680,445712,1
105260,1887,445712,1
105260,4022,445712,1
105260,7330,445712,1
105314,3916,445692,1
105314,5739,445692,1
105328,9286,445713,1
105331,4199,445692,1
105331,6019,445692,1
105339,3728,445707,1
105349,4639,445714,2
105359,154,445758,1
105371,8977,445695,1
105374,3743,445706,1
105374,4639,445706,1
105374,9262,445706,1
105374,10711,445706,1
105374,11399,445706,1
105378,8791,445695,1
105391,1649,445734,1
105435,4639,445708,1
105435,9262,445708,1
105446,20,445715,1
105446,4762,445715,1
105449,2809,445693,1
105449,9262,445693,1
105449,10524,445693,1
105457,6514,445708,1
105462,2981,445713,1
105462,3871,445713,1
105462,6784,445713,1
105462,7803,445713,1
105463,722,445711,1
105463,3638,445711,1
105463,5888,445711,1
105463,6235,445711,1
105463,8062,445711,1
105463,9138,445711,1
105463,10761,445711,1
105463,11238,445711,1
105463,11386,445711,1
105466,3410,445708,1
105466,10120,445708,1
105466,10156,445708,1
105466,11290,445708,1
105481,3332,445711,1
105481,5815,445711,1
105481,9262,445711,1
105483,1545,445711,1
105483,2904,445711,1
105483,4762,445711,1
105483,4832,445711,1
105486,1918,445706,1
105486,8870,445706,1
105488,8266,445713,1
105489,8180,445759,1
105495,1316,445709,1
105495,1396,445709,1
105495,8062,445709,1
105510,869,445736,1
105512,1334,445717,1
105513,5829,445708,1
105518,5535,445701,1
105528,8062,445689,1
105528,9138,445689,1
105538,3401,445700,1
105538,9262,445700,1
105538,10333,445700,1
105551,8388,445717,1
105551,8987,445717,1
105551,9268,445717,1
105551,10073,445717,1
105580,9103,445735,1
105601,4222,445710,1
105601,8277,445710,1
105624,1316,445702,1
105624,4639,445702,1
105624,5175,445702,1
105624,5425,445702,1
105624,8219,445702,1
105624,8815,445702,1
105624,8856,445702,1
105624,9138,445702,1
105624,9262,445702,1
105624,9536,445702,1
105624,9686,445702,1
105624,10120,445702,1
105624,10694,445702,1
105626,6784,445736,1
105626,7132,445736,1
105636,5958,445694,1
105647,8718,445759,1
105651,5094,445697,1
105660,7922,445691,1
105660,9138,445691,1
105686,7132,445715,1
105689,4639,445710,1
105694,6938,445692,1
105728,154,445693,1
105728,2302,445693,1
105728,7569,445693,1
105728,8681,445693,1
105739,1316,445713,1
105739,2126,445713,1
105739,4762,445713,1
105751,3544,445698,1
105751,6273,445698,1
105751,9262,445698,1
105756,3505,445691,1
105794,4639,445699,1
105799,4344,445715,1
105800,6375,445702,1
105813,6019,445714,1
105813,6938,445714,1
105815,7322,445708,1
105822,10001,445699,1
105837,154,445693,1
105837,3638,445693,1
105841,154,445692,1
105865,3913,445691,1
105874,971,445718,1
105874,6255,445718,1
105875,11386,445694,1
105877,154,445735,1
105877,8220,445735,1
105877,8566,445735,1
105877,9262,445735,1
105877,11008,445735,1
105883,4195,445701,1
105883,6994,445701,1
105913,945,445692,1
105954,154,445689,1
105954,9138,445689,1
105997,2480,445706,1
106007,154,445742,1
106007,7862,445760,1
106007,10529,445742,1
106010,405,445700,1
106010,2809,445700,1
106010,5984,445718,1
106010,11261,445718,1
106010,11386,445700,1
106017,6514,445706,1
106023,7013,445715,1
106037,6248,445693,1
106047,310,445713,1
106047,1316,445713,1
106047,1316,445714,1
106047,3728,445713,1
106047,5465,445714,1
106047,8062,445714,1
106047,9262,445713,1
106052,6535,445703,1
106052,9103,445703,1
106052,9262,445703,1
106079,981,445706,1
106079,4434,445706,1
106079,7094,445706,1
106084,154,445716,1
106084,5465,445716,1
106088,9286,445707,1
106094,154,445690,1
106108,6945,445700,1
106109,154,445713,1
106112,4639,445701,1
106112,6535,445701,1
106115,6343,445708,1
106115,9083,445708,1
106117,154,445717,1
106117,2809,445717,1
106117,6535,445717,1
106136,4171,445760,1
106136,5197,445760,2
106136,10176,445760,1
106143,10044,445711,1
106144,6699,445711,1
106159,1316,445717,1
106159,10120,445717,1
106183,6248,445703,1
106209,7800,445742,1
106213,1316,445691,1
106213,4762,445691,1
106213,5197,445691,1
106213,6191,445691,1
106213,8167,445691,1
106213,9250,445691,1
106215,3944,445704,1
106215,11041,445704,1
106222,9289,445712,1
106248,3090,445698,1
106252,8016,445698,1
106278,9,445690,1
106288,1191,445718,1
106289,6273,445760,1
106298,625,445736,1
106298,1649,445736,1
106298,5465,445736,1
106298,9262,445736,1
106303,5642,445710,1
106313,4207,445700,1
106330,6882,445713,1
106337,9318,445698,1
106353,9945,445718,1
106366,1407,445703,1
106369,3401,445734,1
106369,4344,445734,1
106369,6535,445734,1
106369,9262,445734,1
106369,10120,445734,1
106388,4631,445707,1
106388,11386,445707,1
106390,4339,445699,1
106390,8220,445699,1
106390,11357,445699,1
106412,8062,445735,1
106422,154,445691,1
106422,2809,445691,1
106422,7398,445691,1
106422,9262,445691,1
106432,7344,445690,1
106449,8062,445707,1
106463,9262,445700,1
106465,1397,445708,1
106465,1511,445708,1
106465,1882,445708,1
106465,4314,445708,1
106465,6056,445708,1
106465,9767,445708,1
106492,10296,445718,1
106497,3124,445690,1
106501,6249,445689,1
106508,8062,445700,1
106521,4762,445694,1
106531,154,445694,1
106531,2302,445694,1
106531,3871,445694,1
106531,4639,445694,1
106531,6995,445694,1
106531,7569,445694,1
106531,8681,445694,1
106592,5480,445698,1
106592,5557,445698,1
106600,8276,445761,1
106606,3728,445702,1
106619,10653,445702,1
106622,147,445760,1
106629,7569,445699,1
106630,2384,445715,1
106630,6742,445715,1
106630,6784,445715,1
106634,1478,445692,1
106634,6064,445692,1
106634,8221,445692,2
106634,10504,445699,1
106672,154,445758,1
106674,9262,445692,1
106693,3871,445693,1
106724,677,445712,1
106724,3213,445712,1
106724,3300,445712,1
106724,8076,445712,1
106724,8513,445712,1
106730,7307,445699,1
106731,3089,445742,1
106731,3342,445742,1
106731,9346,445742,1
106737,9318,445735,1
106742,4762,445717,1
106742,5197,445717,1
106742,8063,445717,1
106772,154,445690,1
106772,154,445698,1
106772,7569,445698,1
106772,8791,445690,1
106824,6528,445714,1
106848,154,445689,1
106851,798,445741,1
106851,2096,445741,1
106851,3788,445741,1
106851,4639,445741,1
106851,5197,445741,1
106851,5863,445741,1
106851,7167,445741,1
106851,8709,445741,1
106851,9262,445741,1
106862,3544,445691,1
106862,4027,445691,1
106862,6237,445691,1
106862,10384,445691,1
106862,10527,445691,1
106890,9262,445702,1
106903,5094,445713,1
106903,5465,445713,1
106903,6784,445713,1
106911,722,445702,1
106921,1131,445735,1
106929,1202,445698,1
106929,1394,445698,1
106929,3734,445698,1
106929,9262,445698,1
106932,1818,445691,1
106942,84,445691,1
106942,1736,445691,1
106942,2716,445691,1
106942,3637,445691,1
106942,3674,445691,1
106942,4024,445691,1
106942,5476,445691,1
106942,6920,445691,1
106942,7293,445691,1
106942,7629,445691,1
106942,8401,445691,1
106942,8700,445691,1
106942,10147,445691,1
106942,10752,445691,1
106943,6761,445761,1
106950,6196,445695,1
106960,953,445699,1
106960,1715,445699,1
106960,2923,445699,1
106960,3177,445699,1
106960,3554,445699,1
106960,3937,445699,1
106960,4484,445699,1
106960,4671,445699,1
106960,5984,445699,1
106960,6091,445699,1
106960,7819,445699,1
106960,10294,445699,1
106966,2096,445709,1
106966,3956,445709,1
106973,10529,445695,2
106976,10012,445718,1
106983,3815,445761,1
106983,8337,445761,1
106988,10670,445715,1
107010,242,445697,1
107010,7398,445697,1
107010,10822,445697,2
107010,11008,445697,2
107011,3331,445698,1
107037,4574,445761,1
107038,1142,445690,1
107038,3638,445690,1
107038,3750,445690,1
107038,6784,445690,1
107038,7132,445690,1
107038,8062,445690,1
107038,9138,445690,1
107038,9579,445690,1
107073,11008,445717,1
107077,4639,445694,1
107084,154,445691,1
107084,3401,445691,1
107084,4639,445691,1
107084,7569,445691,1
107084,8791,445691,1
107084,9138,445691,1
107084,9262,445691,1
107100,8844,445713,1
107127,154,445707,1
107142,3127,445689,1
107144,1366,445704,1
107144,7585,445704,1
107144,11066,445704,1
107147,7569,445691,1
107152,907,445695,1
107152,7922,445695,1
107165,4583,445705,1
107210,8229,445761,1
107221,154,445708,1
107221,2302,445708,1
107221,3076,445708,1
107237,8570,445711,1
107247,2548,445700,1
107247,9184,445700,1
107247,9262,445700,1
107265,722,445695,1
107265,740,445695,1
107269,2809,445736,1
107269,6938,445736,1
107269,10195,445736,1
107274,3862,445710,1
107296,154,445702,1
107296,11386,445702,1
107302,6487,445709,1
107321,2161,445705,1
107321,4639,445705,1
107321,8681,445705,1
107375,209,445735,1
107375,491,445735,1
107375,661,445735,1
107375,751,445735,1
107375,835,445735,1
107375,1350,445735,1
107375,1373,445735,2
107375,1559,445735,1
107375,1585,445735,1
107375,1646,445735,1
107375,1690,445735,1
107375,1720,445735,2
107375,2522,445735,2
107375,2721,445735,1
107375,2868,445735,1
107375,3240,445735,2
107375,3401,445735,2
107375,3962,445735,1
107375,4014,445735,1
107375,4171,445735,1
107375,4614,445735,2
107375,4651,445735,1
107375,4706,445735,2
107375,4741,445735,1
107375,4967,445735,1
107375,5590,445735,1
107375,5739,445735,2
107375,7154,445735,1
107375,7313,445735,1
107375,7985,445735,1
107375,8043,445735,1
107375,8547,445735,1
107375,8719,445735,1
107375,8924,445735,1
107375,9262,445735,2
107375,9332,445735,1
107375,9492,445735,1
107375,10241,445735,1
107375,10248,445735,2
107375,10577,445735,1
107375,10602,445735,1
107375,10799,445735,1
107375,11007,445735,2
107375,11052,445735,1
107375,11394,445735,1
107377,475,445710,1
107380,4639,445704,1
107381,722,445709,1
107383,154,445735,1
107400,154,445692,1
107400,10120,445705,1
107406,10001,445703,1
107415,6458,445698,1
107416,1142,445736,1
107416,3401,445736,1
107421,2495,445702,1
107421,3025,445702,1
107421,7013,445702,1
107427,2809,445717,1
107427,4813,445717,1
107429,2809,445712,1
107437,9262,445709,1
107461,1363,445761,1
107493,3728,445690,1
107507,2096,445709,1
107522,2556,445690,1
107522,8016,445690,1
107522,8791,445690,1
107571,5465,445708,1
107580,2716,445697,1
107599,6938,445696,1
107626,8791,445690,1
107626,9564,445690,1
107632,1470,445709,1
107632,2096,445711,1
107632,3076,445711,1
107632,3401,445709,1
107632,3401,445711,1
107632,4545,445709,1
107632,6781,445711,1
107632,9262,445709,1
107632,9262,445711,1
107657,1631,445717,1
107657,9797,445717,1
107657,10532,445717,1
107671,2161,445736,1
107675,2809,445699,1
107675,8016,445699,1
107700,6784,445758,1
107720,8016,445706,1
107720,8062,445706,1
107735,6719,445714,1
107740,749,445697,1
107741,6514,445707,1
107742,1537,445690,1
107742,6784,445690,1
107742,7132,445690,1
107762,90,445701,1
107782,6749,445735,1
107782,9262,445735,1
107786,4639,445741,1
107795,4639,445699,1
107797,256,445735,1
107799,6784,445742,1
107799,7428,445742,1
107800,9437,445690,1
107815,722,445709,1
107815,8016,445709,1
107815,9262,445709,2
107822,4751,445691,2
107822,8062,445691,1
107825,4639,445690,1
107825,4639,445691,1
107825,4762,445690,1
107825,4762,445691,1
107825,5197,445690,1
107825,5197,445691,1
107832,9262,445690,1
107855,2067,445698,1
107863,735,445708,1
107863,3342,445708,1
107863,3914,445708,1
107863,4762,445708,1
107863,8063,445708,1
107863,9240,445708,1
107863,9708,445708,1
107877,4639,445741,1
107877,11174,445741,1
107881,1396,445716,1
107881,4639,445716,1
107906,4411,445698,1
107907,3401,445710,1
107907,5856,445710,1
107907,8063,445710,1
107907,9262,445710,1
107918,185,445706,1
107918,1118,445706,1
107918,2096,445706,1
107918,2384,445706,1
107918,3401,445706,1
107918,4013,445706,1
107918,5324,445706,1
107918,5474,445706,1
107918,7132,445706,1
107918,7964,445706,1
107918,8267,445706,1
107918,9262,445706,1
107918,10248,445706,1
107918,10333,445706,1
107918,10645,445706,1
107935,8791,445709,1
107935,9138,445709,1
107935,9949,445709,1
107958,6019,445691,1
107962,8289,445741,1
107968,4639,445702,1
107968,8791,445702,1
107976,9421,445712,1
107986,10,445760,2
107986,739,445760,2
107986,1591,445760,1
107986,2464,445760,2
107986,3020,445760,1
107986,4935,445760,2
107986,5789,445760,2
107986,5881,445760,1
107986,6413,445760,1
107986,8009,445760,2
107986,8858,445760,1
107986,9263,445760,1
107986,9754,445760,2
107986,9840,445760,1
107986,9989,445760,2
108002,3401,445712,1
108002,9262,445712,1
108010,7421,445758,1
108018,221,445705,1
108018,6784,445705,1
108023,5465,445712,1
108025,3536,445702,1
108029,2809,445701,1
108052,2465,445707,1
108061,1316,445708,1
108071,57,445714,1
108071,1029,445714,1
108071,1370,445714,1
108071,4762,445714,1
108071,5197,445714,1
108071,5480,445714,1
108071,7134,445714,1
108088,2036,445760,1
108088,2267,445760,1
108089,3576,445713,1
108090,9921,445696,1
108091,3871,445699,1
108091,4639,445699,1
108097,1094,445704,1
108097,6154,445704,1
108114,1162,445700,1
108131,3809,445713,1
108131,8266,445713,1
108131,10788,445713,1
108137,154,445692,1
108137,4480,445692,1
108150,9138,445690,1
108153,10120,445717,1
108154,3411,445708,1
108154,9262,445708,1
108154,10333,445708,1
108155,286,445711,1
108155,722,445711,1
108155,1047,445711,1
108155,2192,445711,1
108155,2306,445711,1
108155,3401,445711,1
108155,3404,445711,1
108155,6901,445711,1
108155,8085,445711,1
108155,9262,445711,1
108155,9393,445711,1
108155,9740,445711,1
108156,6784,445691,1
108156,7185,445691,1
108156,9138,445691,1
108163,10739,445691,1
108163,11406,445691,1
108165,1316,445703,1
108165,5465,445703,1
108165,6784,445703,1
108165,7132,445703,1
108168,319,445701,1
108198,5765,445713,1
108210,735,445742,1
108210,2131,445742,1
108210,3342,445742,1
108210,4762,445742,1
108210,5480,445742,1
108210,10964,445742,1
108211,11165,445710,1
108217,154,445718,1
108217,7149,445718,2
108217,8063,445718,1
108218,71,445758,1
108218,1790,445758,1
108218,2545,445758,1
108225,2779,445734,1
108228,2066,445759,1
108230,4866,445717,1
108239,2809,445694,1
108246,1561,445759,1
108246,3169,445759,1
108246,3408,445759,1
108246,5483,445759,1
108246,5792,445759,1
108246,7644,445759,1
108267,4434,445700,1
108267,8037,445700,1
108318,1370,445709,1
108318,4762,445709,2
108318,5425,445709,1
108318,5516,445709,1
108318,7065,445709,1
108318,10231,445709,1
108324,2064,445703,1
108324,8681,445703,1
108331,5446,445760,3
108333,10120,445717,1
108334,4500,445759,1
108334,4813,445759,1
108334,5011,445759,1
108346,1649,445702,1
108346,4639,445702,1
108346,7013,445702,1
108346,8791,445702,1
108346,10120,445702,1
108364,663,445703,1
108364,3036,445703,1
108364,4639,445703,1
108364,10779,445703,1
108365,7428,445761,1
108369,1316,445713,1
108369,2548,445713,1
108369,3544,445713,1
108379,1396,445717,1
108379,2161,445717,1
108379,2357,445717,1
108379,3076,445717,1
108379,9262,445717,1
108420,1648,445759,2
108420,5420,445759,1
108422,9159,445705,1
108427,154,445690,1
108434,9262,445703,1
108434,9547,445703,1
108435,4278,445703,1
108444,7452,445699,1
108464,3401,445713,1
108472,830,445706,1
108472,3401,445706,1
108472,8062,445706,1
108472,9138,445706,1
108472,9262,445706,1
108488,2809,445705,1
108507,9262,445713,1
108525,630,445694,1
108525,882,445694,1
108525,1994,445694,1
108525,2723,445694,1
108525,4207,445694,1
108525,5814,445694,1
108525,6784,445694,1
108525,7132,445694,1
108525,7134,445694,1
108525,7159,445694,1
108525,8576,445694,1
108525,9297,445694,1
108525,10426,445694,1
108525,11198,445694,1
108566,2809,445718,1
108566,6616,445718,1
108566,8220,445718,1
108574,8062,445714,1
108589,10120,445715,1
108589,10529,445715,1
108595,4762,445735,1
108595,6295,445735,1
108595,8063,445735,1
108611,11116,445704,1
108611,11386,445704,1
108612,4762,445694,1
108612,5197,445694,1
108623,5978,445692,1
108632,4762,445700,1
108638,9079,445692,1
108645,7754,445698,1
108649,2919,445698,1
108649,9797,445698,1
108649,10692,445698,1
108655,10120,445712,1
108658,9138,445691,1
108672,4344,445691,1
108672,10148,445691,1
108675,8712,445708,1
108676,4639,445708,1
108676,10120,445708,1
108683,193,445712,1
108683,2302,445712,1
108683,3871,445712,1
108683,5474,445712,1
108683,10020,445712,1
108705,2096,445760,1
108724,405,445761,1
108724,5011,445761,1
108728,1394,445691,1
108728,4639,445691,1
108728,5941,445691,1
108732,3344,445698,1
108732,6019,445698,1
108741,722,445690,1
108741,3638,445690,1
108741,8016,445690,1
108744,154,445736,1
108744,625,445736,1
108744,1649,445736,1
108744,3519,445736,1
108744,3733,445736,1
108744,3871,445736,1
108744,4007,445736,1
108744,5445,445736,1
108744,6019,445736,1
108744,8690,445736,1
108744,8924,445736,1
108744,9156,445736,1
108744,9262,445736,1
108744,9518,445736,1
108744,10248,445736,1
108764,4639,445709,1
108764,6535,445709,1
108764,10120,445709,1
108796,9262,445702,1
108810,5400,445706,1
108810,9341,445706,1
108810,9797,445706,1
108810,10120,445706,1
108810,10460,445706,1
108810,11386,445706,1
108871,2509,445709,1
108871,3519,445709,1
108871,4639,445709,1
108871,6784,445709,1
108871,10120,445709,1
108872,8985,445693,1
108874,6350,445690,1
108874,6458,445690,1
108914,6704,445705,1
108914,9164,445705,1
108914,10290,445705,1
108927,4098,445699,1
108931,2207,445691,1
108931,8489,445691,1
108931,8610,445692,1
108931,9329,445691,1
108938,8016,445703,1
108938,8016,445705,1
108948,2445,445760,1
108948,3638,445760,1
108948,8062,445760,1
108954,8686,445692,1
108970,4087,445761,1
108971,154,445701,1
108984,2096,445703,1
108984,2547,445703,1
108984,3928,445703,1
108984,4200,445703,1
108984,4694,445703,1
108984,5051,445703,1
108984,5474,445703,1
108984,6027,445703,1
108987,154,445704,1
108987,8016,445704,1
108994,3638,445708,1
109001,8016,445717,1
109027,154,445761,1
109027,835,445761,1
109027,4639,445761,1
109027,6938,445761,1
109035,154,445711,1
109035,433,445711,1
109035,4639,445711,1
109035,4762,445711,1
109035,7969,445711,1
109035,10120,445711,1
109044,1497,445706,1
109044,3115,445709,1
109044,3871,445705,1
109044,4171,445709,1
109044,5474,445709,1
109044,6235,445705,1
109044,8062,445706,1
109044,8062,445709,1
109074,722,445707,1
109074,1031,445707,1
109095,444,445715,1
109095,4146,445715,1
109095,6312,445715,1
109097,154,445735,1
109099,154,445735,1
109099,1164,445735,1
109099,4480,445735,1
109105,722,445711,1
109105,8062,445711,1
109105,9138,445711,1
109105,9262,445711,1
109107,8791,445689,1
109117,6367,445705,1
109132,8016,445691,1
109140,154,445735,1
109140,5465,445735,1
109159,102,445695,1
109159,154,445695,1
109159,875,445695,1
109159,926,445695,1
109159,2138,445695,1
109159,5426,445695,1
109159,7094,445695,1
109159,9262,445695,1
109159,10532,445695,1
109159,11333,445695,1
109161,3401,445694,1
109161,9262,445694,1
109163,4639,445704,1
109170,882,445760,1
109184,8062,445708,1
109196,3188,445718,1
109196,5580,445718,1
109203,9262,445692,2
109209,589,445690,2
109209,735,445690,2
109209,1164,445690,1
109209,3401,445690,2
109209,3728,445690,2
109209,4519,445690,2
109209,4639,445690,2
109209,4762,445690,2
109209,5480,445690,2
109209,8016,445690,2
109209,8122,445690,2
109209,8791,445690,2
109209,9262,445690,2
109209,10426,445690,2
109209,10615,445690,2
109209,10764,445690,2
109209,10998,445690,2
109229,154,445700,1
109242,9262,445698,1
109257,3734,445692,1
109258,154,445759,1
109258,5465,445759,1
109258,7232,445759,1
109258,8566,445759,1
109258,9041,445759,1
109267,820,445707,1
109267,3342,445707,1
109267,6729,445707,1
109276,6505,445759,1
109276,11286,445759,1
109292,1164,445692,1
109292,6784,445692,1
109292,10286,445692,1
109295,19,445718,1
109295,566,445718,1
109295,2631,445718,1
109295,3415,445718,1
109295,4989,445718,1
109295,8727,445718,1
109295,8906,445718,1
109318,57,445735,1
109318,251,445735,1
109318,735,445735,1
109318,1029,445735,1
109318,1735,445735,1
109318,3853,445735,1
109318,4762,445735,1
109318,9708,445735,1
109318,10162,445735,1
109318,10998,445735,1
109318,11190,445735,1
109343,2445,445703,1
109347,3494,445710,1
109355,9551,445703,1
109382,2819,445715,1
109389,43,445717,1
109397,8681,445693,1
109397,9262,445693,1
109401,4639,445696,1
109409,9262,445709,1
109427,154,445693,1
109428,154,445701,1
109439,3638,445714,1
109445,154,445692,1
109445,11167,445692,1
109446,1194,445735,1
109446,1206,445735,1
109446,1249,445735,1
109446,3188,445735,1
109446,11233,445735,1
109450,6899,445761,1
109460,2809,445691,1
109474,154,445695,1
109478,6042,445700,1
109482,9262,445697,1
109485,9138,445692,1
109485,9262,445692,1
109485,9547,445692,1
109494,154,445704,1
109494,10120,445704,1
109547,154,445736,5
109547,1316,445713,1
109547,4639,445713,2
109547,5465,445713,1
109547,7132,445713,1
109547,9138,445690,2
109547,10120,445736,3
109548,7893,445701,1
109551,6784,445702,1
109559,3401,445689,1
109559,5566,445689,1
109559,9262,445689,1
109573,1466,445698,1
109573,7707,445698,1
109573,10373,445698,1
109584,4813,445758,1
109587,8637,445736,1
109593,154,445699,1
109601,2096,445759,1
109613,7739,445735,1
109639,732,445698,1
109639,2177,445698,1
109639,2870,445698,1
109639,6556,445698,1
109639,8063,445698,1
109648,6458,445696,1
109676,8245,445760,1
109682,3854,445734,1
109685,3401,445707,1
109685,9262,445707,1
109689,705,445758,1
109689,5951,445758,1
109701,6475,445761,1
109701,9278,445761,1
109701,10773,445761,1
109718,6273,445741,1
109724,3401,445761,1
109724,3815,445761,1
109726,11389,445718,1
109733,5817,445703,1
109739,10531,445692,1
109742,4310,445707,1
109763,1189,445704,1
109772,154,445695,1
109772,1604,445695,1
109772,2138,445695,1
109772,7227,445695,1
109783,5465,445711,1
109783,9262,445711,1
109820,8066,445701,1
109852,1790,445742,1
109862,5400,445711,1
109870,2809,445696,1
109870,4761,445696,1
109870,9377,445696,1
109870,10096,445696,1
109870,10692,445696,1
109870,10883,445696,1
109878,2809,445697,1
109881,124,445741,1
109881,1649,445717,1
109881,1649,445718,1
109881,1649,445741,1
109881,5858,445717,1
109881,7013,445717,1
109881,7754,445741,1
109881,7803,445717,1
109881,8220,445718,1
109881,8220,445741,1
109881,10012,445718,1
109881,10195,445717,1
109923,576,445704,1
109923,722,445704,1
109923,1036,445704,1
109923,1814,445704,1
109923,1907,445714,1
109923,2096,445714,1
109923,2879,445704,1
109923,4095,445704,1
109923,4667,445714,1
109923,4766,445714,1
109923,4989,445704,1
109923,5420,445714,1
109923,6535,445704,1
109923,7147,445704,1
109923,9268,445704,1
109923,9404,445704,1
109923,10434,445714,1
109923,10769,445704,1
109923,11353,445704,1
109924,672,445734,1
109924,8958,445734,1
109930,8566,445699,1
109931,255,445758,1
109931,3095,445758,1
109941,4593,445714,1
109946,2156,445698,1
109946,10370,445698,1
109949,3638,445690,1
109950,3728,445707,1
109950,4422,445707,1
109972,405,445690,1
109972,6784,445690,1
109972,10761,445690,1
109972,10936,445690,1
109991,9158,445690,1
109992,3342,445696,1
110012,9424,445716,1
110018,3401,445713,1
110018,5465,445713,1
110023,1871,445693,1
110023,9326,445693,1
110024,154,445759,1
110026,1537,445689,1
110026,4639,445689,1
110026,7569,445689,1
110027,8062,445735,1
110028,372,445698,1
110028,372,445717,1
110028,372,445741,1
110028,421,445741,1
110028,1236,445698,1
110028,1236,445717,1
110028,1236,445741,1
110028,1244,445698,1
110028,1244,445717,1
110028,1244,445741,1
110028,1701,445698,1
110028,1701,445717,1
110028,1701,445741,1
110028,2121,445698,1
110028,2121,445717,1
110028,2683,445741,1
110028,3287,445741,1
110028,4033,445698,1
110028,4033,445717,1
110028,4033,445741,1
110028,4051,445698,1
110028,4051,445717,1
110028,4051,445741,1
110028,4316,445698,1
110028,4316,445717,1
110028,4316,445741,1
110028,5158,445698,1
110028,5158,445717,1
110028,5158,445741,1
110028,5404,445698,1
110028,5404,445717,1
110028,5581,445698,1
110028,5581,445717,1
110028,5581,445741,1
110028,5805,445698,1
110028,5805,445717,1
110028,5805,445741,1
110028,6223,445698,1
110028,6223,445717,1
110028,6223,445741,1
110028,6463,445698,1
110028,6463,445717,2
110028,6647,445698,1
110028,6647,445741,1
110028,6928,445717,1
110028,6928,445741,1
110028,7464,445698,1
110028,7464,445717,1
110028,7464,445741,1
110028,8514,445717,1
110028,10206,445698,1
110028,10206,445717,1
110028,10206,445741,1
110028,10964,445698,1
110028,10964,445717,1
110028,10964,445741,1
110028,11213,445698,1
110028,11213,445717,1
110028,11213,445741,1
110028,11322,445717,1
110028,11322,445741,1
110028,11388,445717,1
110028,11388,445741,1
110041,3342,445736,1
110048,154,445717,1
110048,4639,445717,1
110048,9262,445717,1
110048,10120,445717,1
110060,208,445760,1
110089,154,445736,1
110089,4762,445736,1
110089,5197,445736,1
110089,6866,445736,1
110089,6894,445736,1
110092,4222,445699,1
110092,4639,445699,1
110099,9262,445713,1
110103,10395,445760,1
110110,2445,445713,1
110110,2509,445713,1
110110,3401,445713,1
110110,5465,445713,1
110110,7013,445713,1
110110,8016,445713,1
110110,10390,445713,1
110122,3304,445759,1
110128,4639,445699,1
110128,8052,445699,1
110133,10339,445691,1
110135,10943,445761,1
110137,4639,445702,1
110140,6350,445703,1
110142,4018,445759,1
110142,9262,445759,1
110148,185,445706,1
110148,8465,445706,1
110148,9083,445706,1
110148,11386,445706,1
110174,154,445705,1
110174,154,445711,1
110174,4222,445705,1
110174,8791,445710,1
110189,1366,445742,1
110189,2096,445742,1
110189,7922,445742,1
110189,9318,445742,1
110189,10529,445742,1
110191,9467,445715,1
110194,2445,445710,1
110207,5133,445710,1
110208,10761,445701,1
110216,1966,445690,1
110216,1966,445758,1
110216,4233,445713,1
110220,3401,445713,1
110220,3638,445713,1
110220,3728,445713,1
110220,5465,445713,1
110220,7013,445713,1
110237,759,445714,1
110239,9318,445759,1
110242,3401,445761,1
110242,4869,445761,1
110242,6085,445761,1
110260,1800,445761,1
110260,2218,445761,1
110260,2244,445761,1
110260,4639,445761,1
110260,7123,445761,1
110260,9262,445761,1
110274,7569,445690,2
110274,7830,445690,2
110274,8681,445690,2
110307,722,445718,1
110307,735,445718,1
110307,1316,445718,1
110307,2277,445718,1
110307,2445,445718,1
110307,3638,445718,1
110307,3728,445718,1
110307,5094,445718,2
110307,5465,445718,1
110307,6235,445718,1
110307,6248,445718,1
110307,8062,445718,1
110307,8566,445718,1
110307,9138,445718,2
110307,9708,445718,1
110307,10079,445718,1
110308,2894,445761,1
110311,154,445698,1
110317,154,445711,1
110325,8689,445708,1
110348,504,445692,1
110375,154,445699,1
110375,2716,445699,1
110375,4023,445699,1
110375,4570,445699,1
110375,5420,445699,1
110379,722,445711,1
110379,9262,445711,1
110394,154,445691,1
110394,7228,445691,1
110405,2357,445761,1
110409,154,445742,1
110409,1649,445742,1
110409,9262,445742,1
110419,8712,445696,1
110428,4639,445710,1
110440,4639,445702,1
110447,9138,445710,1
110457,6187,445693,1
110459,2283,445717,1
110459,6938,445717,1
110481,4639,445710,1
110481,9262,445710,1
110515,3871,445703,1
110515,4393,445703,1
110515,4639,445703,1
110515,9262,445703,1
110515,10120,445703,1
110522,310,445689,1
110522,1429,445689,1
110522,1801,445689,1
110522,2445,445689,1
110522,3115,445689,1
110522,3529,445689,1
110522,4362,445689,1
110522,4749,445689,1
110522,6784,445689,1
110522,7267,445689,1
110522,7453,445689,1
110522,9138,445689,1
110522,10943,445689,1
110536,2970,445696,1
110536,3188,445696,1
110536,6776,445696,1
110536,9262,445696,1
110536,9547,445696,1
110550,2453,445761,1
110578,3109,445717,1
110578,7920,445717,1
110578,7940,445717,1
110608,6019,445704,1
110611,3731,445760,1
110642,7625,445715,1
110669,405,445701,1
110669,5513,445701,1
110669,10670,445701,1
110680,1595,445699,1
110680,1649,445699,1
110680,8016,445699,1
110680,8220,445699,1
110684,4639,445698,1
110684,7588,445698,1
110684,10120,445698,1
110693,9262,445698,1
110698,3118,445697,1
110698,6625,445697,1
110700,9391,445695,1
110708,154,445717,1
110711,8016,445708,1
110716,4639,445705,1
110719,8062,445689,1
110723,4055,445736,1
110759,3212,445758,1
110759,9262,445758,1
110760,371,445761,1
110760,1415,445761,1
110760,1574,445761,1
110760,1857,445761,1
110760,2381,445761,1
110760,5425,445761,1
110760,5566,445761,1
110760,5879,445761,2
110760,7771,445761,1
110760,8062,445761,1
110760,8219,445761,1
110760,9262,445761,1
110760,10333,445761,1
110760,10502,445761,1
110781,9138,445713,1
110789,1946,445706,1
110802,154,445697,1
110802,405,445697,1
110802,835,445697,1
110802,1915,445697,1
110802,2236,445697,1
110802,2256,445697,1
110802,2273,445697,1
110802,4106,445697,1
110802,4639,445697,1
110802,8681,445697,1
110806,4007,445698,1
110814,154,445693,1
110814,433,445693,1
110814,722,445693,1
110814,1394,445693,1
110814,2509,445693,1
110814,2907,445693,1
110814,5571,445693,1
110814,8016,445693,1
110814,8791,445693,1
110814,9262,445693,1
110814,9318,445693,1
110814,10835,445693,1
110814,11386,445693,1
110817,5404,445710,1
110855,2509,445710,1
110855,10309,445710,1
110872,4639,445710,21
110893,154,445735,1
110893,6784,445735,1
110893,10120,445735,1
110915,11173,445735,1
110971,3597,445717,1
110978,3544,445716,1
110983,8718,445713,1
110983,9262,445713,1
110989,7140,445696,1
111013,1316,445717,1
111013,9262,445717,1
111014,154,445698,1
111014,4639,445698,1
111014,8791,445698,1
111023,9262,445704,1
111037,4344,445735,1
111037,8016,445735,1
111037,11386,445735,1
111051,8062,445759,1
111053,1270,445758,1
111053,2643,445758,1
111053,7122,445758,1
111053,8702,445758,1
111053,9262,445758,1
111053,10466,445758,1
111067,889,445702,1
111070,2273,445700,1
111070,3497,445700,1
111070,3548,445700,1
111070,3687,445700,1
111070,4705,445700,1
111070,6904,445700,1
111070,8123,445700,1
111076,154,445742,1
111076,1537,445742,1
111076,4639,445742,1
111076,9262,445742,1
111092,9138,445690,1
111093,10227,445699,1
111106,5197,445761,1
111106,6977,445761,1
111106,9262,445761,1
111106,9326,445761,1
111119,8062,445710,1
111139,2302,445699,1
111139,2809,445699,1
111139,4639,445699,1
111139,9138,445699,1
111139,9262,445699,1
111159,154,445690,1
111159,6784,445690,1
111159,7132,445690,1
111159,8686,445690,1
111159,9138,445690,1
111183,1822,445702,1
111183,1822,445707,1
111183,1822,445761,1
111192,9262,445692,1
111214,4913,445689,1
111214,7085,445689,1
111214,11346,445689,1
111215,1314,445692,3
111215,2261,445692,3
111215,2761,445692,3
111215,5267,445692,3
111215,11234,445692,3
111225,1988,445691,1
111225,4007,445691,1
111225,4754,445691,1
111225,10028,445691,1
111248,5858,445695,1
111258,5011,445761,1
111258,8062,445698,1
111258,10120,445718,1
111270,546,445689,1
111314,4318,445699,1
111317,3401,445735,1
111317,9262,445735,1
111333,8062,445699,1
111333,8062,445761,1
111335,5208,445711,1
111335,7243,445711,1
111356,485,445706,1
111356,9326,445706,1
111362,3728,445699,1
111368,1476,445715,1
111368,5474,445715,1
111368,7330,445715,1
111381,10067,445689,1
111387,10788,445718,1
111401,1880,445760,1
111416,3790,445712,1
111418,1039,445735,1
111444,9262,445735,1
111447,8717,445734,1
111461,8566,445759,1
111470,649,445718,1
111484,2096,445700,1
111484,6488,445700,1
111490,7110,445697,1
111507,6237,445712,1
111511,1537,445690,1
111511,9083,445690,1
111520,4639,445690,1
111520,7569,445690,1
111526,8062,445699,1
111526,9138,445699,1
111526,9262,445699,1
111545,107,445736,1
111545,2743,445736,1
111545,4071,445736,1
111545,5155,445736,1
111545,5197,445736,2
111545,10345,445736,1
111566,3097,445698,1
111579,267,445714,1
111595,8062,445735,1
111631,340,445699,1
111631,1778,445714,1
111631,4171,445713,1
111631,4991,445701,2
111631,9262,445699,1
111631,9262,445713,1
111631,9262,445714,1
111631,9268,445713,1
111631,9688,445699,1
111633,2262,445693,1
111638,2809,445692,1
111644,4065,445703,1
111644,8542,445704,1
111649,2096,445701,1
111649,8868,445701,1
111656,10395,445717,1
111664,835,445694,1
111677,5465,445758,1
111678,3150,445713,1
111678,3713,445713,1
111678,8701,445713,1
111678,9186,445713,1
111678,9237,445713,1
111678,9262,445713,1
111678,11386,445713,1
111683,2064,445693,1
111686,4793,445707,1
111712,1357,445698,1
111729,10127,445709,1
111729,11233,445709,1
111730,4639,445713,1
111730,10044,445713,1
111741,498,445758,1
111742,9262,445759,1
111756,5482,445691,1
111758,4762,445705,1
111758,10122,445705,1
111760,154,445692,1
111760,1853,445692,1
111760,2096,445692,1
111760,3401,445692,1
111760,3477,445692,1
111760,6784,445692,1
111766,7013,445702,1
111766,8062,445702,1
111768,154,445690,1
111768,154,445708,1
111777,154,445759,1
111777,9262,445759,1
111793,74,445695,1
111793,7595,445695,1
111809,4725,445715,1
111809,9262,445715,1
111820,11292,445714,1
111827,11386,445758,1
111830,3277,445760,1
111830,5705,445760,1
111830,6899,445760,1
111830,11216,445760,1
111832,6542,445707,1
111833,1694,445713,1
111834,6514,445695,1
111862,8566,445704,1
111862,11008,445704,1
111865,1537,445690,1
111865,3401,445690,1
111865,4222,445690,1
111865,6745,445690,1
111865,7569,445690,1
111865,8791,445690,1
111865,9262,445690,1
111865,9536,445690,1
111865,10390,445690,1
111865,10529,445690,1
111881,209,445697,1
111881,4639,445697,1
111888,8988,445735,1
111890,3969,445691,1
111890,4639,445691,1
111890,9262,445691,1
111897,154,445758,1
111897,3357,445758,1
111897,6689,445758,1
111897,9262,445758,1
111905,3049,445758,1
111915,5465,445710,1
111916,3076,445707,1
111936,1115,445694,1
111936,9824,445694,1
111940,3401,445698,1
111940,9262,445698,1
111956,154,445736,1
111964,2654,445715,1
111964,6190,445715,1
111964,6784,445715,1
111964,8092,445715,1
111968,4989,445718,1
111976,1396,445714,1
111976,2302,445714,1
111976,3076,445714,1
111976,4117,445711,1
111976,6986,445711,1
111976,9262,445692,1
111976,9262,445711,1
111976,10120,445714,1
111976,10527,445714,1
111976,10581,445711,1
112036,2171,445711,1
112036,8897,445718,1
112046,4217,445700,1
112047,4812,445694,1
112068,5566,445691,1
112068,8579,445691,1
112068,9262,445691,1
112075,9138,445711,1
112079,1194,445734,1
112102,722,445735,1
112102,5408,445735,1
112102,6215,445735,1
112102,7159,445735,1
112103,2509,445710,2
112120,3815,445761,1
112120,5094,445761,1
112120,8507,445761,1
112120,9262,445761,1
112120,11059,445761,1
112120,11386,445761,1
112126,154,445691,1
112126,1164,445691,1
112126,4639,445712,1
112126,8791,445691,1
112126,9138,445691,1
112126,9919,445712,1
112138,9262,445695,1
112146,4318,445760,1
112153,9262,445742,1
112153,10597,445742,1
112162,4730,445761,1
112162,7473,445761,1
112162,8647,445761,1
112171,722,445696,1
112183,881,445701,1
112190,154,445700,1
112190,154,445703,1
112190,8016,445703,1
112192,4326,445692,1
112200,4755,445718,1
112200,4813,445718,1
112200,9262,445718,1
112204,8203,445713,1
112206,124,445705,1
112211,3401,445707,1
112211,3728,445707,1
112211,4329,445707,1
112211,4639,445707,1
112211,8016,445707,1
112211,9262,445707,1
112211,10120,445707,1
112211,11003,445707,1
112221,8178,445713,1
112221,9286,445713,1
112229,2716,445706,1
112231,4762,445736,1
112231,5474,445736,1
112240,2633,445695,1
112240,3753,445695,1
112240,4949,445695,1
112240,7908,445695,1
112240,9247,445712,1
112240,9980,445695,1
112252,154,445692,1
112252,9292,445692,1
112275,2809,445697,1
112288,4431,445708,1
112288,4431,445713,1
112288,4431,445758,1
112288,8062,445708,1
112288,8062,445713,1
112303,6535,445692,1
112326,2064,445694,1
112326,6784,445694,1
112337,8472,445713,1
112347,2809,445713,1
112357,4639,445700,1
112361,221,445692,1
112361,6810,445692,1
112378,154,445692,1
112390,2809,445761,1
112390,5094,445761,1
112390,7473,445761,1
112398,1316,445712,1
112398,3728,445712,1
112398,5501,445712,1
112398,7013,445712,1
112398,8016,445712,2
112398,9138,445712,1
112398,10129,445712,1
112398,11386,445712,1
112404,3401,445692,1
112404,8062,445692,1
112404,9262,445692,1
112406,6819,445713,1
112415,7487,445704,1
112416,9262,445742,1
112427,154,445691,2
112427,1537,445691,2
112427,3638,445691,1
112427,4344,445691,1
112427,4639,445691,1
112427,6235,445691,1
112427,6784,445691,1
112427,7132,445691,1
112427,7569,445691,1
112427,8791,445691,1
112440,4222,445703,1
112441,2096,445701,1
112446,154,445758,1
112446,286,445758,1
112446,3401,445758,1
112446,3638,445758,1
112446,3946,445758,1
112446,4639,445758,1
112446,5566,445758,1
112446,8062,445758,1
112446,9262,445758,1
112448,6053,445697,1
112459,1194,445709,1
112464,6235,445693,1
112472,1880,445698,1
112483,2809,445702,1
112483,6884,445702,1
112489,578,445709,1
112489,9262,445709,1
112491,722,445714,1
112502,154,445689,1
112513,6343,445702,1
112526,154,445692,1
112526,6488,445692,1
112526,9262,445692,1
112526,10226,445692,1
112533,10053,445735,1
112534,7731,445760,1
112540,1029,445693,1
112540,2586,445693,1
112540,3891,445693,1
112540,4751,445693,1
112540,4762,445693,1
112540,5197,445693,1
112540,6266,445693,1
112540,7290,445693,1
112540,10677,445693,1
112547,10529,445696,1
112557,425,445689,1
112557,2162,445689,1
112583,20,445705,1
112583,75,445705,1
112583,185,445705,1
112583,5370,445705,1
112583,8588,445705,1
112583,10120,445705,1
112583,10529,445705,1
112585,1962,445742,1
112585,9505,445742,1
112588,6261,445735,1
112600,7500,445761,1
112600,9262,445761,1
112600,9650,445761,1
112624,10120,445707,1
112632,875,445704,1
112632,2822,445704,1
112632,4007,445704,1
112632,4293,445704,1
112632,10505,445697,1
112632,11386,445697,1
112634,9262,445704,1
112647,154,445742,1
112662,154,445699,1
112667,8681,445695,1
112673,405,445690,1
112673,2502,445690,1
112673,3401,445690,1
112673,4762,445690,1
112675,6458,445695,1
112682,722,445736,1
112682,4516,445736,1
112682,4762,445736,1
112682,7209,445736,1
112682,9902,445736,1
112682,10797,445736,1
112684,154,445699,2
112684,405,445699,1
112684,722,445699,1
112684,1164,445699,1
112684,3401,445699,1
112684,4480,445699,1
112684,4639,445699,1
112684,8062,445699,1
112684,8791,445699,1
112684,10390,445699,1
112684,11130,445699,1
112685,6857,445713,1
112690,154,445714,1
112690,1316,445714,1
112695,1316,445699,1
112696,1202,445713,1
112696,2716,445713,1
112696,9115,445713,1
112703,3082,445715,1
112703,9262,445715,1
112704,2809,445718,1
112708,1649,445701,1
112708,2509,445701,1
112708,5400,445701,1
112753,9316,445701,1
112780,112,445760,1
112780,5011,445760,1
112783,1316,445714,1
112795,8229,445760,1
112808,2509,445714,1
112813,9262,445691,2
112814,1655,445702,1
112829,4793,445694,1
112829,8868,445694,1
112829,10224,445694,1
112846,1880,445694,1
112850,6161,445759,1
112850,6176,445759,1
112859,154,445691,1
112859,4639,445691,1
112863,1094,445701,1
112867,1880,445700,1
112876,722,445689,1
112876,4480,445689,1
112878,3625,445716,1
112878,5584,445716,1
112889,207,445694,1
112889,4639,445694,1
112889,6019,445694,1
112889,9262,445694,1
112889,9909,445694,1
112909,7183,445707,1
112919,9216,445708,1
112920,8191,445701,1
112941,4027,445703,1
112941,5183,445703,1
112941,5383,445703,1
112941,8062,445703,1
112941,10694,445703,1
112945,154,445693,1
112976,433,445694,1
112976,5094,445694,1
112976,6995,445694,1
112976,8016,445694,1
112976,10914,445694,1
112979,9262,445696,1
112980,3588,445760,1
112980,4639,445760,1
112989,262,445760,1
112989,798,445703,1
112989,1344,445760,1
112989,2751,445735,1
112989,4661,445735,1
112989,4762,445703,1
112989,4762,445716,1
112989,4762,445759,1
112989,4963,445760,1
112989,5087,445759,1
112989,5197,445760,1
112989,5224,445760,1
112989,5421,445735,1
112989,5421,445759,1
112989,6753,445716,1
112989,7845,445703,1
112989,7948,445735,1
112989,7948,445759,1
112989,8063,445703,1
112989,8075,445759,1
112989,8731,445760,1
112989,9075,445716,1
112989,10187,445703,1
112989,10398,445703,1
112989,11162,445735,1
112989,11406,445716,1
112989,11412,445759,1
113006,154,445742,1
113006,7428,445742,1
113006,10120,445742,1
113006,10129,445742,1
113021,3102,445707,1
113023,8016,445712,1
113028,8717,445698,1
113039,3544,445694,1
113039,5566,445694,1
113039,9262,445694,1
113039,9683,445694,1
113040,5197,445704,1
113040,6514,445704,1
113040,8791,445704,1
113040,10527,445704,1
113062,1689,445714,1
113099,2809,445708,1
113099,5858,445708,1
113107,3401,445703,1
113107,4639,445703,1
113107,8791,445703,1
113107,11386,445703,1
113108,10527,445715,1
113111,2395,445742,1
113111,5474,445742,1
113111,10120,445742,1
113111,10597,445742,1
113135,4639,445761,1
113158,1094,445693,1
113164,154,445690,1
113164,6702,445690,1
113168,2132,445715,2
113179,2302,445692,1
113179,3076,445692,1
113179,3871,445692,1
113179,4027,445692,1
113179,6995,445692,1
113179,9138,445692,1
113179,10527,445692,1
113195,1238,445692,1
113195,4639,445692,1
113195,5186,445692,1
113195,6238,445692,1
113195,7132,445692,1
113195,7284,445692,1
113195,7956,445692,1
113195,9241,445692,1
113195,9262,445692,1
113195,10909,445692,1
113215,6343,445700,1
113222,2809,445700,1
113222,9351,445700,1
113232,9490,445703,1
113246,7984,445736,2
113246,10490,445736,1
113286,2809,445694,1
113295,10188,445758,1
113295,11011,445758,1
113297,2445,445760,1
113297,9646,445760,1
113302,6235,445717,1
113329,10743,445717,1
113332,154,445760,1
113332,5011,445760,1
113332,9053,445760,1
113332,9262,445760,1
113332,10743,445760,1
113332,11168,445760,1
113338,6114,445735,1
113338,7609,445735,1
113356,9262,445707,1
113364,540,445758,1
113369,3398,445718,1
113369,3753,445718,1
113369,9035,445718,1
113370,6938,445692,1
113374,6938,445705,1
113374,8331,445705,1
113374,9909,445705,1
113374,10120,445705,1
113374,10228,445705,1
113381,2809,445717,1
113397,154,445692,1
113413,5635,445718,1
113433,9112,445703,1
113434,6784,445689,1
113434,7132,445689,1
113434,9138,445689,1
113435,3638,445711,1
113435,6260,445711,1
113444,4989,445760,1
113478,310,445712,1
113478,3224,445712,1
113501,4762,445692,1
113501,5197,445692,1
113501,6514,445692,1
113501,8686,445692,1
113501,10176,445692,1
113522,6784,445700,1
113547,4639,445711,1
113561,4639,445698,1
113578,3614,445714,1
113579,2633,445695,1
113583,8557,445713,1
113599,2151,445705,1
113614,1649,445741,1
113614,8016,445741,1
113614,8851,445741,1
113632,9138,445701,1
113646,3264,445696,1
113646,9138,445696,1
113646,10473,445694,1
113659,3188,445713,1
113659,7848,445713,1
113661,154,445759,1
113663,8599,445702,1
113663,10337,445702,1
113695,722,445695,1
113695,4639,445695,1
113695,7345,445695,1
113695,9262,445695,1
113698,154,445692,1
113698,5511,445692,1
113724,6938,445713,1
113736,8016,445703,1
113736,8593,445703,1
113736,8681,445703,1
113736,10140,445703,1
113736,10529,445703,1
113754,9424,445742,1
113772,4222,445713,1
113780,8460,445742,1
113795,2695,445697,1
113816,6784,445717,1
113826,3342,445713,1
113833,154,445692,1
113833,2096,445692,1
113833,9262,445692,1
113846,9262,445692,1
113848,5748,445702,1
113854,8974,445736,1
113860,9400,445702,1
113879,5700,445741,1
113891,9262,445715,1
113892,405,445710,1
113912,265,445707,1
113912,3336,445698,1
113912,3351,445698,1
114003,1142,445691,1
114003,4951,445691,1
114013,2809,445694,1
114013,5858,445694,1
114013,6938,445694,1
114019,7428,445718,1
114026,1537,445702,1
114026,4639,445702,1
114026,10129,445702,1
114026,11386,445702,1
114029,6050,445715,1
114029,6784,445715,1
114029,11270,445715,1
114050,5298,445760,1
114050,6845,445760,1
114050,7013,445760,1
114050,8220,445760,1
114069,782,445705,1
114070,2809,445704,1
114072,3547,445710,1
114072,4639,445710,1
114072,8681,445710,1
114078,4200,445700,2
114078,4200,445708,2
114091,3567,445717,1
114091,9825,445717,1
114093,113,445703,1
114100,1537,445759,1
114100,7569,445759,1
114100,9262,445759,1
114116,7083,445700,1
114122,8170,445706,1
114131,8062,445734,1
114132,9138,445689,1
114142,9138,445692,1
114170,405,445700,1
114170,1190,445700,1
114170,4480,445700,1
114170,5412,445700,1
114170,5782,445700,1
114170,11386,445700,1
114177,4639,445735,1
114197,154,445701,1
114197,2548,445701,1
114197,10120,445701,1
114222,808,445708,1
114222,9709,445708,1
114230,1116,445735,1
114230,8842,445735,1
114230,9490,445735,1
114243,4639,445701,1
114248,10140,445694,1
114257,3076,445711,1
114257,4171,445711,1
114257,6367,445711,1
114257,9262,445692,1
114257,9262,445711,1
114257,10012,445711,1
114270,1864,445693,1
114270,4762,445693,1
114270,5197,445693,1
114270,6235,445693,1
114286,4840,445758,1
114296,722,445689,1
114296,2302,445689,1
114296,2422,445689,1
114296,2809,445689,1
114296,3638,445689,1
114296,3645,445689,1
114296,3871,445689,1
114296,4007,445689,1
114296,4639,445689,1
114296,6535,445689,1
114296,6995,445689,1
114296,9138,445689,1
114299,722,445699,1
114310,3728,445703,1
114310,4967,445703,1
114310,6019,445703,1
114310,10120,445703,1
114313,9138,445692,1
114319,154,445695,2
114319,722,445695,1
114319,5858,445695,1
114319,6237,445695,1
114319,6367,445695,1
114319,7037,445695,1
114319,7111,445695,1
114319,7132,445695,2
114319,7328,445695,1
114319,9083,445695,1
114319,9262,445695,1
114328,4989,445714,1
114328,5200,445714,1
114328,5321,445698,1
114328,5732,445714,1
114328,9262,445714,1
114328,9286,445698,1
114328,10012,445714,2
114329,8437,445699,1
114337,7956,445692,1
114343,1649,445759,1
114343,9262,445759,1
114394,5681,445712,1
114404,9103,445696,1
114421,154,445697,1
114425,3342,445741,1
114427,4957,445696,1
114431,5420,445761,1
114451,2809,445698,1
114451,7509,445698,1
114452,4007,445690,1
114458,3544,445710,1
114458,3728,445710,1
114465,154,445736,1
114465,1922,445736,1
114481,8016,445712,1
114481,8566,445712,1
114490,154,445699,1
114503,8817,445758,1
114503,8963,445758,1
114527,2847,445705,1
114527,3401,445705,1
114527,7939,445705,1
114532,154,445742,1
114536,154,445716,1
114536,1232,445716,1
114546,4613,445703,1
114569,154,445696,1
114569,6020,445696,1
114571,4419,445700,1
114571,5960,445700,1
114571,8063,445700,1
114579,4762,445690,1
114579,5649,445690,1
114579,7080,445690,1
114579,7197,445690,1
114579,7966,445690,1
114579,9181,445690,1
114579,9394,445690,1
114585,2594,445715,1
114585,2621,445715,1
114585,10120,445715,1
114593,3731,445742,1
114593,6980,445742,1
114602,3750,445699,1
114602,4639,445699,1
114607,154,445699,1
114607,722,445699,1
114607,4639,445699,1
114607,10120,445699,1
114623,9262,445760,1
114639,3728,445705,1
114639,4639,445705,1
114639,10120,445705,1
114646,154,445693,1
114646,722,445693,1
114646,6166,445693,1
114665,722,445702,1
114665,7001,445702,1
114670,10001,445704,1
114670,10120,445704,1
114674,6373,445713,1
114675,4639,445708,1
114675,10120,445708,1
114683,8016,445701,1
114687,6514,445742,1
114693,7061,445705,1
114695,4639,445692,1
114705,1731,445735,1
114705,9536,445735,1
114705,10692,445735,1
114718,8062,445699,1
114751,3401,445759,1
114754,722,445694,1
114754,2799,445694,1
114754,4570,445694,1
114762,722,445760,1
114762,4639,445760,1
114762,4989,445760,1
114770,2632,445690,1
114775,102,445696,1
114775,7445,445696,1
114778,9262,445693,1
114788,154,445704,1
114821,722,445742,1
114821,2036,445742,1
114821,6488,445742,1
114844,154,445701,1
114846,286,445691,1
114846,1880,445691,1
114846,4171,445691,1
114846,4222,445691,1
114846,4755,445691,1
114846,6019,445691,1
114846,6216,445691,1
114846,6367,445691,1
114846,7161,445691,1
114846,8643,445691,1
114846,8924,445691,1
114846,9167,445691,1
114846,9262,445691,1
114846,9289,445691,1
114846,10248,445691,1
114901,8681,445759,1
114928,7013,445710,1
114928,11059,445710,1
114936,6475,445696,1
114936,7398,445696,1
114937,405,445701,1
114939,7132,445690,1
114939,9138,445690,1
114961,4639,445708,1
114973,4639,445708,1
114973,8277,445708,1
114985,6446,445759,1
114985,6922,445717,1
114985,7440,445717,1
114992,8525,445705,1
114999,4639,445691,1
115010,3952,445761,1
115031,2509,445712,1
115036,5618,445759,1
115036,7276,445759,1
115039,4088,445695,1
115039,5506,445695,1
115039,9262,445695,1
115047,154,445709,1
115076,9245,445698,1
115079,4767,445703,1
115079,6840,445703,1
115100,3871,445742,1
115100,7803,445741,1
115100,7803,445742,1
115100,9065,445742,1
115100,9262,445741,1
115100,10195,445741,1
115107,9916,445761,1
115107,10801,445761,1
115112,10527,445735,1
115126,5109,445710,1
115126,6514,445710,1
115126,6784,445710,1
115126,7132,445710,1
115126,10120,445710,1
115128,4793,445694,1
115132,154,445735,1
115132,2809,445735,1
115132,5474,445735,1
115154,1649,445761,1
115176,749,445761,1
115176,4422,445761,1
115178,4286,445761,1
115178,5219,445761,1
115178,6793,445761,1
115178,8787,445761,1
115178,10159,445761,1
115185,1779,445718,1
115185,3060,445714,1
115185,7956,445714,1
115214,5876,445705,1
115214,8063,445705,1
115214,8834,445705,1
115214,10516,445705,1
115236,8523,445718,1
115236,10012,445718,1
115248,8016,445696,1
115254,3621,445718,1
115261,4639,445709,1
115263,4411,445759,1
115263,9262,445759,1
115272,154,445695,1
115276,4385,445705,1
115276,6248,445709,1
115276,9262,445705,1
115276,10924,445709,1
115280,8381,445714,1
115286,1537,445695,1
115286,4755,445695,1
115286,7585,445695,1
115286,8016,445695,1
115286,8072,445695,1
115286,8791,445695,1
115286,10426,445695,1
115287,2791,445708,1
115293,7803,445699,1
115296,2809,445699,1
115305,6019,445758,1
115309,9490,445701,1
115334,770,445698,1
115339,1657,445709,1
115339,2532,445709,1
115339,3890,445709,1
115339,8841,445709,1
115352,5197,445709,1
115363,4422,445714,1
115363,7509,445714,1
115363,9262,445714,1
115363,10635,445714,1
115363,11386,445714,1
115380,154,445703,1
115380,11386,445703,1
115397,154,445694,1
115397,2809,445694,1
115397,4002,445699,1
115397,8897,445694,1
115404,4344,445698,1
115404,4344,445711,1
115404,9031,445698,1
115404,9031,445711,1
115410,1098,445711,1
115410,5465,445711,1
115414,4639,445708,1
115414,8016,445708,1
115414,9262,445708,1
115415,722,445712,1
115415,6488,445712,1
115417,2096,445700,1
115420,5057,445708,1
115420,8553,445708,1
115422,7927,445701,1
115427,6488,445734,1
115429,4639,445691,1
115429,11386,445691,1
115457,5182,445703,1
115477,4639,445692,1
115478,2122,445712,1
115484,2809,445706,1
115484,10120,445706,1
115498,3357,445758,1
115498,4813,445758,1
115498,5197,445758,1
115498,6845,445758,1
115498,7327,445758,1
115498,9262,445758,1
115498,9810,445758,1
115502,722,445710,1
115503,154,445696,1
115505,4639,445705,1
115505,9262,445705,1
115515,154,445691,1
115542,3342,445710,1
115553,8062,445710,1
115553,8656,445710,1
115553,10263,445710,1
115553,10543,445710,1
115554,154,445761,1
115554,1522,445761,1
115554,1537,445761,1
115554,2064,445761,1
115554,3238,445761,1
115554,4344,445761,1
115554,4345,445761,1
115554,4762,445761,1
115554,4813,445761,1
115554,5480,445761,1
115554,7345,445761,1
115554,7569,445761,1
115554,7648,445761,1
115554,8063,445761,1
115554,8109,445761,1
115554,8741,445761,1
115554,8791,445761,1
115554,9536,445761,1
115554,10120,445761,1
115563,4330,445709,1
115604,154,445708,1
115605,7482,445758,1
115622,154,445692,2
115622,722,445692,1
115622,835,445692,2
115622,2302,445692,1
115622,2809,445692,1
115622,3401,445692,2
115622,4395,445692,1
115622,4639,445692,1
115622,5858,445692,1
115622,7491,445692,1
115622,7569,445692,1
115622,8016,445692,1
115622,8681,445692,2
115622,8686,445692,1
115622,8791,445692,1
115622,9262,445692,2
115622,10337,445692,1
115625,4762,445707,1
115625,9240,445707,1
115625,9513,445707,1
115628,6851,445694,1
115644,3401,445691,1
115644,6063,445691,1
115644,6530,445691,1
115644,7421,445697,1
115644,8602,445697,1
115650,6,445758,1
115650,37,445758,1
115650,154,445758,1
115650,5766,445758,1
115650,6839,445758,1
115650,7823,445758,1
115650,8344,445758,1
115650,11132,445758,1
115663,2219,445759,1
115664,7754,445716,1
115664,11386,445716,1
115685,9262,445703,1
115716,6993,445717,1
115719,2470,445759,1
115721,10120,445708,1
115723,1324,445735,1
115723,2809,445735,1
115723,6620,445735,1
115723,7848,445735,1
115723,8644,445735,1
115726,154,445761,2
115726,976,445761,2
115726,3401,445761,2
115726,7216,445761,2
115726,8443,445761,2
115726,9262,445761,2
115726,10743,445761,2
115728,154,445693,1
115728,1073,445693,1
115728,6784,445693,1
115728,10319,445693,1
115736,154,445692,1
115736,7569,445692,1
115740,2445,445715,1
115740,2509,445715,1
115772,8037,445736,1
115775,722,445697,1
115775,4207,445697,1
115775,4639,445697,1
115775,4813,445697,1
115775,9262,445697,1
115776,4016,445758,1
115776,5011,445758,1
115776,10057,445758,1
115784,3871,445700,1
115785,4410,445717,1
115785,7117,445717,1
115796,7595,445695,1
115804,3401,445742,1
115804,6367,445742,1
115804,9262,445742,1
115808,4639,445708,1
115827,1434,445759,1
115827,5031,445759,1
115827,9820,445759,1
115849,2466,445699,1
115849,7148,445699,1
115855,8195,445759,1
115855,9262,445759,1
115879,2445,445734,1
115879,5465,445734,1
115879,6514,445734,1
115879,6784,445734,1
115882,154,445734,1
115882,11386,445734,1
115889,6784,445701,1
115890,777,445698,1
115890,3443,445698,1
115890,4222,445698,1
115890,4639,445698,1
115890,7569,445698,1
115890,8791,445698,1
115906,154,445758,1
115906,4639,445705,1
115906,4813,445758,1
115923,310,445690,1
115923,2161,445690,1
115923,3188,445690,1
115923,3401,445690,2
115923,3871,445690,1
115923,4344,445690,1
115923,4639,445690,1
115923,6683,445690,1
115923,8453,445690,1
115923,8479,445690,1
115923,8756,445690,1
115923,9084,445690,1
115923,9262,445690,2
115923,11386,445690,1
115933,154,445702,1
115936,4150,445708,1
115936,5434,445708,1
115944,440,445735,1
115944,967,445735,1
115944,4014,445735,1
115944,9262,445735,1
115946,2096,445759,1
115959,3074,445709,1
115963,3076,445705,1
115966,4639,445691,1
115976,1142,445696,1
115996,3750,445709,1
115996,4639,445709,1
115996,10120,445709,1
115997,154,445708,1
115997,722,445708,1
116039,154,445690,1
116047,405,445705,1
116062,8715,445742,1
116077,19,445718,1
116077,3477,445718,1
116077,3728,445718,1
116077,10554,445718,1
116088,405,445760,1
116088,9289,445760,1
116120,5130,445759,1
116148,430,445699,1
116154,8220,445717,1
116183,154,445695,1
116187,9886,445713,1
116215,7690,445709,1
116220,10287,445710,1
116221,1386,445704,1
116232,1316,445714,1
116232,3401,445714,1
116232,3728,445714,1
116232,5465,445714,1
116232,6429,445714,1
116232,7922,445714,1
116232,10093,445714,1
116237,10120,445717,1
116238,1115,445707,1
116238,4852,445707,1
116238,9262,445707,1
116238,11334,445707,1
116247,2159,445761,1
116247,5819,445761,1
116247,7660,445761,1
116262,11386,445713,1
116276,3243,445735,1
116276,5456,445735,1
116276,6423,445735,1
116276,8413,445735,1
116276,10820,445735,1
116288,2809,445701,1
116288,5858,445701,1
116288,7746,445701,1
116288,11386,445701,1
116296,5719,445689,1
116310,10120,445735,1
116312,1343,445712,1
116312,2809,445711,1
116312,9286,445711,1
116317,1590,445758,1
116324,124,445735,1
116324,1649,445735,1
116324,9262,445735,1
116329,154,445689,1
116329,154,445691,1
116329,546,445689,1
116329,3401,445689,1
116329,8063,445689,1
116329,9137,445689,1
116329,9137,445691,1
116334,1649,445707,1
116346,6703,445700,1
116346,10141,445699,1
116348,6458,445703,1
116370,1649,445759,1
116370,8220,445759,1
116376,154,445699,1
116413,154,445701,1
116414,154,445703,1
116414,8791,445703,1
116437,7132,445699,2
116441,4639,445701,1
116444,4639,445701,1
116458,3638,445690,1
116470,10120,445696,1
116514,736,445714,1
116514,9659,445714,1
116540,6361,445760,1
116540,10435,445760,1
116540,10458,445714,1
116540,10790,445714,1
116547,722,445697,1
116547,3387,445697,1
116547,3857,445697,1
116547,5738,445697,1
116559,4207,445709,1
116559,4434,445709,1
116559,4762,445709,1
116559,10122,445709,1
116568,4953,445709,1
116571,7587,445693,1
116571,8467,445693,1
116578,154,445696,1
116578,3401,445696,1
116578,7818,445696,1
116578,9262,445696,1
116580,1631,445692,1
116580,2068,445692,1
116580,4007,445692,1
116584,9283,445759,1
116613,4639,445692,1
116613,6535,445692,1
116630,3728,445706,1
116630,9262,445706,1
116639,722,445699,1
116647,9262,445702,1
116660,1649,445711,1
116660,10390,445711,1
116671,4342,445734,1
116671,6784,445734,1
116682,3638,445700,1
116682,7013,445700,1
116689,1072,445710,1
116689,5419,445710,1
116689,9262,445736,3
116707,10271,445761,1
116709,3713,445711,1
116709,7252,445711,1
116709,9186,445711,1
116721,6784,445692,1
116721,6784,445706,1
116726,1099,445759,1
116726,3728,445711,1
116726,4639,445711,1
116726,9138,445711,1
116726,10120,445711,1
116726,11386,445711,1
116731,9262,445761,1
116758,154,445735,1
116758,9262,445735,1
116763,154,445706,1
116763,405,445706,1
116763,3638,445706,1
116763,6367,445706,1
116763,7569,445706,1
116763,8062,445706,1
116765,10795,445707,1
116775,405,445760,1
116775,1649,445760,1
116775,3815,445760,1
116775,5011,445760,1
116775,5646,445760,1
116775,6784,445760,1
116775,7132,445760,1
116775,7760,445760,1
116775,8220,445760,1
116775,11224,445760,1
116783,9424,445691,1
116785,1162,445698,1
116826,1094,445713,1
116833,6458,445702,1
116839,7151,445692,1
116841,6784,445712,1
116848,8062,445715,1
116856,9262,445703,1
116860,9262,445712,1
116869,310,445695,1
116869,3261,445695,1
116869,3401,445695,1
116869,3638,445695,1
116869,7956,445695,1
116869,9262,445695,1
116927,4762,445716,1
116948,2786,445707,1
116954,4200,445735,1
116962,9579,445697,1
116971,3722,445690,1
116981,4639,445700,1
116991,1649,445703,1
116991,8526,445703,1
116991,9344,445703,1
116991,10353,445703,1
116991,11008,445703,1
117010,359,445712,2
117010,1880,445712,2
117010,3654,445712,2
117010,3825,445712,2
117010,5193,445712,2
117010,5663,445712,2
117010,5805,445712,2
117010,9474,445712,2
117010,9474,445713,1
117010,9852,445712,2
117022,2809,445696,1
117029,7428,445742,1
117035,154,445712,1
117040,6235,445692,1
117049,10539,445759,1
117064,2080,445710,1
117107,722,445693,1
117107,6784,445693,1
117115,127,445758,1
117115,537,445758,1
117115,2148,445758,1
117122,2631,445690,1
117122,4007,445690,1
117122,6285,445690,1
117122,6971,445690,1
117166,8064,445715,1
117178,4445,445708,1
117180,2809,445697,1
117180,6248,445697,1
117182,2809,445717,1
117182,10120,445717,1
117191,5201,445759,1
117193,11011,445701,1
117196,1219,445710,1
117196,1316,445710,1
117198,4762,445690,1
117201,154,445693,1
117207,540,445708,1
117207,540,445709,1
117207,540,445735,1
117219,9138,445711,1
117222,1814,445711,1
117224,9887,445699,1
117254,4639,445761,1
117254,5948,445761,1
117278,5430,445691,1
117280,3401,445710,1
117280,7132,445710,1
117281,10378,445758,1
117291,5180,445735,1
117298,9718,445709,1
117302,3638,445691,1
117321,3342,445711,1
117337,8062,445735,1
117337,9262,445735,1
117337,10035,445735,1
117372,4222,445718,1
117375,3401,445758,1
117375,7862,445758,1
117375,9262,445758,1
117387,9083,445760,1
117398,2036,445690,1
117398,4639,445690,1
117402,358,445711,1
117402,1316,445711,1
117402,1316,445712,1
117402,4960,445711,1
117402,5465,445711,1
117402,5465,445712,1
117422,2358,445758,1
117422,5087,445758,1
117422,5663,445758,1
117422,9435,445758,1
117424,2809,445699,1
117424,4434,445699,1
117424,6535,445699,1
117424,7094,445699,1
117424,9513,445699,1
117427,635,445717,1
117427,5156,445717,1
117427,9262,445717,1
117430,1819,445759,1
117430,2096,445759,1
117430,4674,445759,1
117430,4989,445759,1
117430,6251,445759,1
117430,9162,445759,1
117430,9262,445759,1
117430,9552,445759,1
117430,10224,445759,1
117430,11308,445759,1
117439,3666,445710,1
117441,6458,445706,1
117449,3049,445758,1
117449,7085,445758,1
117449,10939,445758,1
117453,9138,445690,1
117473,254,445736,1
117484,10712,445704,1
117493,2445,445698,1
117495,10120,445716,1
117513,154,445707,1
117531,4639,445698,1
117531,8791,445698,1
117547,340,445735,1
117547,1316,445735,1
117547,9262,445735,1
117560,5810,445709,1
117561,154,445694,1
117588,4639,445712,1
117588,10120,445712,1
117588,11305,445705,1
117596,1649,445711,1
117596,7372,445711,1
117596,9262,445711,1
117596,10120,445711,1
117601,154,445695,1
117605,154,445693,1
117620,2645,445761,1
117620,6896,445761,1
117628,2509,445714,1
117628,3728,445714,1
117628,8062,445714,1
117628,10120,445714,1
117641,2305,445701,1
117645,722,445690,1
117645,1194,445690,1
117645,2813,445690,1
117645,3839,445690,1
117645,4639,445690,1
117645,10694,445690,1
117657,722,445690,1
117657,1164,445690,1
117657,3401,445690,1
117657,3638,445690,1
117657,4639,445690,1
117657,6784,445690,1
117657,9138,445690,1
117657,9536,445690,1
117657,10692,445690,1
117657,11325,445690,1
117657,11386,445690,1
117660,7013,445711,2
117674,154,445736,1
117674,1245,445736,1
117674,3137,445736,1
117674,8791,445736,1
117699,3189,445696,1
117701,5818,445759,1
117703,2809,445761,1
117703,5011,445761,1
117703,6535,445708,1
117703,10120,445708,1
117709,8170,445702,1
117709,9009,445702,1
117715,6784,445715,1
117715,8062,445715,1
117715,11386,445715,1
117748,7398,445695,1
117750,8717,445715,1
117756,44,445697,1
117756,4053,445697,1
117761,4639,445696,1
117761,8120,445696,1
117766,11039,445761,1
117770,2096,445690,1
117770,5486,445690,1
117779,1791,445701,1
117779,3257,445701,1
117779,3388,445701,1
117779,4639,445701,1
117779,4762,445701,1
117779,6435,445701,1
117779,6618,445701,1
117779,8041,445701,1
117779,9262,445701,1
117779,10376,445701,1
117795,735,445705,1
117795,735,445707,1
117795,735,445715,2
117795,1219,445705,1
117795,1219,445707,1
117795,1219,445715,2
117795,4207,445705,1
117795,4207,445707,1
117795,4207,445715,2
117795,4762,445705,1
117795,4762,445707,1
117795,4762,445715,2
117795,6260,445705,1
117795,6260,445707,1
117795,6260,445715,2
117795,6278,445705,1
117795,6278,445707,1
117795,6278,445715,2
117795,9097,445705,1
117795,9097,445707,1
117795,9097,445715,2
117795,10426,445705,1
117795,10426,445707,1
117795,10426,445715,2
117800,197,445711,1
117800,259,445711,1
117800,3820,445711,1
117800,4762,445711,1
117800,5197,445711,1
117800,7003,445711,1
117800,7817,445711,1
117800,8374,445711,1
117800,8591,445711,1
117800,9388,445711,1
117802,722,445698,1
117803,9262,445708,1
117823,1649,445735,1
117823,6465,445735,1
117823,8062,445715,1
117823,9262,445715,1
117823,9262,445735,1
117825,6916,445736,1
117828,8791,445690,1
117864,722,445689,1
117864,1537,445689,1
117864,3401,445689,1
117864,4639,445689,1
117864,8791,445689,1
117864,9138,445689,1
117865,2148,445691,1
117879,2666,445705,1
117879,2868,445705,1
117879,4139,445705,1
117882,9307,445713,1
117883,2477,445712,1
117883,3115,445712,1
117883,9138,445712,1
117884,1631,445761,1
117884,9042,445714,1
117886,102,445712,1
117886,8879,445712,1
117886,9323,445712,1
117886,9579,445712,1
117886,9701,445712,1
117886,10692,445712,1
117888,10012,445713,1
117905,3514,445758,1
117919,722,445700,1
117919,5858,445700,1
117924,220,445758,1
117924,531,445758,1
117924,3401,445758,1
117924,4531,445758,1
117924,9262,445758,1
117933,4639,445712,1
117942,4762,445691,1
117960,9262,445692,1
117984,4989,445710,1
117987,4586,445735,1
117988,8191,445704,1
117988,8708,445704,1
117988,9490,445704,1
118000,1164,445760,1
118000,1551,445760,1
118020,3638,445706,1
118020,4348,445706,1
118020,5806,445706,1
118020,6248,445706,1
118020,6475,445706,1
118020,7013,445706,1
118020,8016,445706,1
118020,10120,445706,1
118021,4451,445761,1
118030,154,445712,1
118030,1503,445712,1
118031,7630,445702,1
118044,2096,445704,1
118044,3698,445704,1
118044,4055,445704,1
118044,4755,445704,1
118044,4989,445704,1
118044,5474,445704,1
118044,9552,445704,1
118053,4688,445698,1
118054,1164,445695,1
118054,4639,445695,1
118054,5342,445695,1
118054,6514,445695,1
118054,8791,445695,1
118054,10532,445695,1
118054,10886,445695,1
118057,4639,445691,1
118061,9377,445700,1
118087,3401,445698,1
118087,3638,445698,1
118087,3728,445698,1
118087,8062,445698,1
118087,9262,445698,1
118089,154,445734,1
118102,4649,445759,1
118102,8220,445759,1
118113,4639,445699,1
118115,4639,445712,1
118118,8062,445759,1
118118,9262,445759,1
118118,10761,445759,1
118132,3638,445702,1
118132,9036,445702,1
118132,11167,445702,1
118138,1316,445711,1
118138,1649,445711,1
118138,8016,445711,1
118170,1094,445715,1
118183,722,445702,1
118187,4041,445761,1
118191,8016,445708,1
118191,10735,445708,1
118203,5967,445759,1
118206,154,445709,1
118210,8773,445690,1
118216,3113,445761,1
118216,6472,445761,1
118216,8567,445761,1
118216,9088,445761,1
118225,2771,445759,1
118265,735,445708,1
118265,1370,445708,1
118265,1898,445708,1
118265,4762,445708,1
118265,5087,445708,1
118265,5197,445708,1
118265,5428,445708,1
118265,7258,445708,1
118269,154,445708,1
118269,5858,445708,1
118269,11386,445708,1
118274,5962,445710,1
118292,57,445709,1
118292,687,445709,1
118292,1029,445709,1
118292,1147,445709,1
118292,2535,445709,1
118292,4762,445709,1
118292,5416,445709,1
118292,8152,445709,1
118292,9117,445709,1
118292,9611,445709,1
118292,10257,445709,1
118292,10426,445709,1
118296,1094,445690,1
118305,4924,445714,1
118305,7803,445714,1
118332,3638,445713,1
118334,2809,445711,1
118335,296,445758,1
118342,8791,445691,1
118361,307,445708,1
118361,9262,445708,1
118366,9262,445718,1
118366,10333,445718,1
118366,10931,445718,1
118366,11026,445718,1
118369,1316,445717,1
118388,2515,445707,1
118388,9941,445707,1
118399,2323,445760,1
118402,792,445702,1
118408,517,445690,1
118415,2338,445712,1
118420,1495,445714,1
118433,826,445734,1
118433,1649,445734,1
118433,6805,445734,1
118447,154,445697,1
118465,2161,445718,1
118465,10263,445718,1
118473,102,445690,1
118473,8791,445690,1
118473,9262,445690,1
118478,7288,445759,1
118482,3401,445692,1
118482,4639,445692,1
118482,8791,445692,1
118482,9262,445692,1
118490,154,445712,1
118490,2096,445712,1
118490,4553,445712,1
118500,917,445716,1
118519,1887,445711,1
118519,2970,445759,1
118519,5956,445758,1
118519,6706,445759,1
118519,9089,445759,1
118519,10401,445758,1
118519,10516,445711,1
118519,10699,445758,1
118519,10699,445759,1
118519,11386,445758,1
118527,4639,445690,1
118527,7569,445690,1
118527,8681,445690,1
118527,8791,445690,1
118539,1880,445741,1
118543,958,445701,2
118543,958,445703,1
118590,2738,445715,1
118590,2809,445715,1
118590,4639,445715,1
118590,8016,445715,1
118590,10120,445715,1
118601,5094,445760,1
118609,9262,445689,1
118611,240,445702,1
118611,4639,445702,1
118623,1828,445734,1
118626,4336,445712,1
118626,5237,445712,1
118626,8267,445712,1
118626,8515,445712,1
118640,722,445698,1
118640,3401,445690,1
118640,3401,445698,1
118640,3728,445698,1
118640,3946,445698,1
118640,4344,445698,1
118640,4639,445690,1
118640,4639,445698,1
118640,8016,445698,1
118640,8791,445698,1
118640,9262,445690,1
118640,9262,445698,1
118640,10248,445698,1
118642,11386,445691,1
118651,4344,445717,1
118651,6784,445717,1
118653,8384,445698,1
118657,5582,445758,1
118657,8203,445758,1
118660,5994,445759,1
118661,154,445708,1
118661,6535,445708,1
118672,124,445710,1
118672,2809,445710,1
118672,6535,445710,1
118672,10424,445710,1
118702,2809,445716,1
118702,8220,445716,1
118705,154,445699,1
118705,1596,445699,1
118705,2096,445699,1
118705,4959,445699,1
118705,7395,445699,1
118705,9131,445699,1
118705,9262,445699,1
118705,10886,445699,1
118710,4762,445707,1
118712,3500,445708,1
118714,3929,445699,1
118714,6868,445699,1
118714,9262,445699,1
118732,416,445712,1
118740,8126,445761,1
118740,9138,445761,1
118748,3638,445690,1
118748,8062,445690,1
118748,9138,445690,1
118749,9579,445712,1
118754,722,445692,1
118754,8062,445692,1
118769,185,445712,1
118769,7149,445712,1
118769,7614,445712,1
118769,8290,445712,1
118769,9591,445712,1
118769,9886,445712,1
118771,8016,445708,1
118787,5368,445697,2
118809,154,445717,1
118817,2851,445695,1
118817,11094,445695,1
118828,9262,445761,1
118845,7149,445718,1
118850,102,445691,1
118850,418,445691,1
118850,1452,445691,1
118850,1458,445698,1
118850,1760,445691,1
118850,1785,445698,1
118850,6293,445691,1
118850,7383,445691,1
118850,7720,445691,1
118850,8080,445698,1
118850,8463,445691,1
118850,9959,445691,1
118850,10447,445691,1
118850,11181,445691,1
118850,11181,445698,1
118850,11376,445691,1
118872,154,445700,1
118874,9262,445699,1
118880,2774,445715,1
118886,9268,445760,1
118888,9177,445703,1
118909,4111,445760,1
118909,10912,445760,1
118930,2633,445690,1
118930,3638,445690,1
118945,1263,445699,1
118945,2680,445699,1
118945,4207,445699,1
118949,41,445693,1
118949,41,445707,1
118949,1507,445693,1
118949,2867,445693,1
118949,3776,445693,1
118949,3904,445707,1
118949,4192,445693,1
118949,7045,445693,1
118949,9262,445693,1
118949,9262,445707,1
118949,9837,445693,1
118956,2731,445696,1
118961,6784,445736,1
118962,1649,445703,1
118962,7013,445703,1
118969,863,445713,1
118969,10930,445713,1
119000,3401,445706,1
119011,4413,445709,1
119016,1164,445690,1
119016,3638,445690,1
119016,4538,445690,1
119016,4639,445690,1
119016,4762,445690,1
119016,6925,445690,1
119016,7132,445690,1
119016,7956,445690,1
119016,8686,445690,1
119016,9138,445690,1
119016,9769,445690,1
119038,9138,445715,1
119044,1143,445693,1
119055,1944,445741,1
119055,2018,445741,1
119055,4762,445741,1
119055,10029,445741,1
119063,1880,445717,1
119099,2809,445693,1
119099,4639,445693,1
119133,2302,445715,1
119133,4007,445717,1
119133,4300,445717,1
119133,9042,445691,1
119133,9042,445715,1
119141,4639,445702,1
119143,310,445703,1
119143,1316,445703,1
119143,3401,445703,1
119143,3728,445703,1
119143,5501,445703,1
119143,6488,445703,1
119143,6925,445703,1
119143,8016,445703,1
119143,9262,445703,1
119143,11386,445703,1
119150,1649,445741,1
119150,1731,445741,1
119150,3401,445741,1
119150,7132,445741,1
119150,8016,445741,1
119150,8063,445741,1
119150,9262,445741,1
119150,10333,445741,1
119159,8379,445698,1
119176,1853,445718,1
119181,154,445735,1
119181,9262,445735,1
119189,7263,445699,1
119189,8220,445699,1
119190,4639,445701,1
119190,8375,445701,1
119222,10120,445715,1
119227,6534,445761,2
119227,7426,445761,2
119227,7486,445761,1
119227,8013,445761,2
119240,154,445708,1
119254,7125,445713,1
119269,4813,445760,1
119301,10529,445695,1
119325,10161,445716,1
119339,4849,445718,1
119339,10120,445718,1
119347,1316,445715,1
119347,5465,445715,1
119347,6784,445715,1
119347,8016,445715,1
119347,8062,445715,1
119347,8681,445715,1
119354,2594,445715,1
119382,2036,445690,1
119382,2036,445713,1
119382,2036,445714,1
119382,2036,445715,1
119382,2036,445717,1
119403,4260,445711,1
119405,5465,445741,1
119405,7916,445741,1
119409,6057,445700,1
119421,8697,445702,1
119435,8404,445711,1
119443,516,445696,1
119443,3977,445696,1
119443,5692,445696,1
119446,5268,445708,3
119452,10555,445703,1
119510,7013,445711,1
119547,1115,445692,1
119554,4390,445700,1
119580,722,445708,1
119580,2201,445708,1
119580,8791,445708,1
119586,7940,445696,1
119588,4762,445716,1
119588,8063,445716,1
119588,9240,445716,1
119597,1732,445734,1
119597,5465,445734,1
119601,3728,445715,1
119601,6650,445715,1
119601,10120,445715,1
119604,154,445713,1
119604,991,445713,1
119604,1316,445713,1
119604,5465,445713,2
119617,21,445695,1
119617,722,445695,1
119617,2020,445695,1
119617,2913,445695,1
119617,5055,445695,1
119617,6474,445695,1
119618,722,445759,1
119623,1396,445700,1
119623,9262,445700,1
119623,10044,445700,1
119624,735,445741,1
119624,9534,445741,1
119624,11177,445741,1
119632,4853,445697,1
119632,5819,445697,1
119640,5011,445761,1
119662,9262,445701,1
119693,4639,445707,1
119693,7569,445707,1
119693,9262,445707,1
119693,9445,445707,1
119693,10120,445707,1
119693,10248,445707,1
119694,9262,445760,1
119700,5913,445690,1
119714,8062,445694,1
119716,154,445735,1
119716,9262,445735,1
119719,7013,445715,1
119738,10181,445734,1
119752,9486,445710,1
119761,1343,445712,1
119787,9138,445704,1
119789,4634,445700,1
119798,1164,445698,1
119798,3401,445698,1
119798,4422,445698,1
119798,6514,445698,1
119798,8026,445698,1
119798,8791,445698,1
119798,10529,445698,1
119810,7523,445717,1
119810,10675,445717,1
119818,10749,445702,1
119821,973,445710,1
119823,4639,445692,1
119834,5858,445698,1
119836,372,445712,1
119836,372,445761,1
119836,1236,445712,1
119836,1236,445761,1
119836,1244,445712,1
119836,1244,445761,1
119836,1701,445712,1
119836,1701,445761,1
119836,2121,445761,1
119836,4033,445712,1
119836,4033,445761,1
119836,4051,445712,1
119836,4051,445761,1
119836,4316,445712,1
119836,4316,445761,1
119836,5158,445712,1
119836,5158,445761,1
119836,5404,445761,1
119836,5581,445712,1
119836,5581,445761,1
119836,5805,445712,1
119836,5805,445761,1
119836,6223,445712,1
119836,6223,445761,1
119836,6463,445712,1
119836,6463,445761,1
119836,6647,445712,1
119836,6647,445761,1
119836,7464,445712,1
119836,7464,445761,1
119836,7696,445712,1
119836,8208,445712,1
119836,8208,445761,1
119836,8514,445712,1
119836,8514,445761,1
119836,10206,445712,1
119836,10206,445761,1
119836,10277,445712,1
119836,10964,445712,1
119836,10964,445761,1
119836,11213,445712,1
119836,11213,445761,1
119836,11322,445712,1
119836,11322,445761,1
119836,11388,445712,1
119836,11388,445761,1
119837,1194,445760,1
119837,7473,445760,1
119838,5782,445741,1
119851,2096,445718,1
119854,7591,445709,1
119854,10761,445709,1
119874,10980,445715,1
119876,606,445717,1
119881,8335,445712,1
119892,6590,445760,1
119892,8078,445760,1
119894,1316,445706,1
119894,6235,445706,1
119894,8865,445706,1
119894,9262,445706,1
119905,2468,445761,1
119907,11386,445706,1
119917,3401,445702,1
119917,9138,445702,1
119917,9262,445702,1
119919,154,445700,1
119919,3638,445700,1
119919,4639,445700,1
119919,7569,445700,1
119919,8062,445700,1
119922,9579,445703,1
119936,1956,445705,1
119936,6535,445705,1
119936,10120,445705,1
119943,1129,445761,1
119949,1766,445742,1
119949,2015,445703,1
119949,2672,445742,1
119949,3880,445742,1
119949,6815,445742,1
119949,9847,445742,1
119954,4768,445735,1
119969,154,445696,1
119969,3638,445696,1
119969,4639,445696,1
119969,8062,445696,1
119969,8791,445696,1
119969,9138,445696,2
119970,8712,445701,1
119975,9431,445759,1
119986,6313,445734,1
119986,8388,445734,1
119992,1316,445711,1
119992,9767,445711,1
120011,154,445706,1
120011,8062,445706,1
120013,8083,445698,1
120014,9988,445698,1
120036,8016,445694,1
120047,2014,445698,1
120047,4639,445698,1
120059,2445,445713,1
120059,6784,445713,1
120059,8062,445713,1
120060,5594,445758,1
120062,7094,445716,1
120062,10020,445716,1
120102,10020,445708,1
120104,5465,445735,1
120104,6784,445735,1
120105,5383,445761,1
120105,5872,445761,1
120105,9350,445761,1
120111,1880,445759,1
120116,4639,445696,1
120118,722,445689,1
120118,4232,445689,1
120118,8016,445689,1
120118,8170,445689,1
120118,9262,445689,1
120124,10053,445735,1
120126,154,445699,1
120126,1450,445699,1
120126,2064,445699,1
120126,3946,445699,1
120126,7429,445699,1
120126,7569,445699,1
120126,8047,445699,1
120126,8791,445699,1
120126,10125,445699,1
120126,10219,445699,1
120126,10532,445699,1
120140,3267,445708,1
120145,154,445698,1
120146,3815,445742,1
120146,8615,445742,1
120152,154,445691,1
120152,4757,445691,1
120152,6784,445691,1
120153,8565,445714,1
120153,8829,445714,1
120153,9657,445714,1
120164,2809,445696,1
120173,405,445697,1
120173,433,445697,1
120173,1194,445697,1
120173,3734,445697,1
120173,4434,445697,1
120173,4869,445697,1
120173,5925,445697,1
120173,6120,445697,1
120173,6514,445697,1
120173,7068,445697,1
120173,7866,445697,1
120173,8941,445697,1
120176,154,445712,1
120176,1316,445712,1
120176,4639,445690,1
120176,4639,445712,1
120176,7569,445712,1
120176,7956,445712,1
120176,8791,445690,1
120176,9262,445712,1
120176,10120,445712,1
120180,1378,445700,1
120190,10120,445710,1
120191,2064,445698,5
120191,6535,445698,5
120191,10120,445698,5
120194,4639,445702,1
120209,3342,445691,1
120212,3401,445760,1
120212,6784,445760,1
120212,7132,445714,1
120212,7132,445760,1
120212,7956,445714,1
120212,9262,445760,1
120219,154,445696,1
120219,1505,445698,1
120219,7569,445696,1
120219,8062,445696,1
120225,6784,445708,1
120229,3890,445736,1
120229,9149,445736,1
120230,9262,445742,1
120235,1880,445718,1
120239,225,445689,1
120239,225,445715,1
120239,1617,445689,1
120239,1617,445715,1
120239,3121,445689,1
120239,3121,445715,1
120239,3589,445689,1
120239,3589,445715,1
120239,3717,445689,1
120239,3717,445715,1
120239,4159,445689,1
120239,4159,445715,1
120239,6186,445689,1
120239,6186,445715,1
120239,8383,445689,1
120239,8383,445715,1
120253,898,445760,1
120253,1142,445760,1
120253,2660,445760,1
120253,3261,445760,1
120253,5137,445760,1
120253,7013,445760,1
120253,7523,445760,1
120253,9038,445760,1
120253,10608,445760,1
120253,11288,445760,1
120264,154,445689,1
120264,1537,445689,1
120264,2064,445689,1
120264,4344,445689,1
120264,4639,445689,1
120264,7569,445689,1
120264,8063,445689,1
120264,8791,445689,1
120265,154,445691,1
120272,9262,445698,1
120272,9948,445698,1
120272,10910,445761,1
120276,635,445736,1
120276,2809,445712,1
120276,2809,445736,1
120276,3401,445735,1
120276,9780,445736,1
120276,10222,445712,1
120283,6235,445697,1
120283,7966,445697,1
120283,8820,445697,1
120298,3638,445692,1
120298,7080,445692,1
120298,8062,445692,1
120303,9579,445715,1
120304,722,445709,1
120304,2096,445709,1
120304,3728,445709,1
120304,4639,445709,1
120324,9262,445709,1
120333,154,445689,1
120335,3076,445704,1
120335,4921,445704,1
120335,7008,445704,1
120335,8016,445704,1
120335,8218,445704,1
120338,7132,445697,1
120338,9262,445697,1
120338,9262,445734,1
120338,10284,445697,1
120338,10527,445734,1
120348,2716,445694,1
120358,1269,445735,1
120358,2134,445735,1
120358,9286,445735,1
120359,9622,445734,1
120364,1744,445695,1
120364,3098,445695,1
120364,3401,445695,1
120364,4480,445695,1
120364,7132,445695,1
120364,7956,445695,1
120364,9262,445695,1
120364,10020,445695,1
120370,2809,445718,1
120373,3961,445689,1
120373,7094,445689,1
120394,352,445699,1
120405,2384,445716,1
120405,9262,445716,1
120410,3919,445707,1
120431,722,445702,1
120431,1649,445702,1
120431,3728,445702,1
120431,9262,445702,1
120439,7922,445716,1
120443,4577,445759,1
120443,7292,445759,1
120447,154,445694,1
120447,154,445700,1
120447,566,445694,1
120447,566,445700,1
120447,722,445694,1
120447,722,445700,1
120447,1956,445694,1
120447,1956,445700,1
120447,3401,445694,1
120447,3401,445700,1
120447,3728,445700,1
120447,4344,445694,1
120447,4344,445700,1
120447,4639,445694,1
120447,4639,445700,1
120447,7569,445694,1
120447,7569,445700,1
120447,8016,445694,1
120447,8016,445700,1
120447,8681,445694,1
120447,8681,445700,1
120447,8686,445694,1
120447,8686,445700,1
120447,8791,445694,1
120447,8791,445700,1
120447,9262,445694,1
120447,9262,445700,1
120447,10390,445694,1
120447,10390,445700,1
120447,11386,445694,1
120447,11386,445700,1
120453,3361,445705,1
120463,3401,445696,1
120463,9987,445696,1
120478,9138,445690,1
120485,1649,445741,1
120485,4639,445741,1
120485,8799,445741,1
120485,9341,445741,1
120488,154,445702,1
120488,154,445708,1
120488,154,445714,1
120488,3638,445709,1
120488,7185,445700,1
120488,7185,445759,1
120488,11109,445759,1
120502,2096,445758,1
120502,7355,445758,1
120502,10249,445758,1
120509,5,445734,1
120509,1883,445734,1
120509,1883,445735,1
120509,2007,445735,1
120509,2449,445734,1
120509,2908,445735,1
120509,2980,445734,1
120509,3129,445735,1
120509,3521,445734,1
120509,3807,445735,1
120509,4762,445734,1
120509,4762,445735,1
120509,5197,445734,1
120509,5197,445735,1
120509,5610,445734,1
120509,5610,445735,1
120509,6077,445734,1
120509,6077,445735,1
120509,6152,445735,1
120509,6339,445734,1
120509,8063,445735,1
120509,8275,445735,1
120509,9435,445734,1
120509,9435,445735,1
120509,10516,445734,1
120509,10516,445735,1
120509,10913,445734,1
120509,10941,445735,1
120519,606,445734,1
120523,4639,445741,1
120569,9262,445736,1
120578,154,445742,1
120579,5858,445699,1
120579,6535,445699,1
120579,6938,445699,1
120586,777,445714,1
120586,4344,445714,1
120586,4762,445714,1
120586,5050,445714,1
120586,5197,445714,1
120586,5808,445714,1
120586,8063,445714,1
120586,9634,445714,1
120586,9886,445714,1
120586,10516,445714,1
120599,154,445693,1
120601,6235,445760,1
120601,6784,445760,1
120601,7132,445760,1
120609,884,445704,1
120621,418,445692,1
120621,2232,445692,1
120621,8124,445692,1
120627,8141,445714,1
120640,154,445704,1
120640,154,445735,1
120640,10527,445704,1
120640,10527,445735,1
120664,154,445690,1
120670,3728,445707,1
120670,4639,445707,1
120676,4751,445734,1
120723,154,445690,1
120729,6938,445692,1
120741,154,445695,1
120746,8975,445692,1
120754,8016,445701,1
120769,1880,445711,3
120778,6110,445717,1
120782,1956,445698,1
120782,8681,445698,1
120808,154,445742,1
120831,3046,445699,1
120831,8493,445699,1
120852,2096,445705,2
120876,5659,445697,1
120876,6784,445697,1
120882,3363,445716,1
120889,2509,445713,1
120889,5465,445713,1
120889,8062,445713,1
120889,9138,445691,1
120892,3638,445698,1
120892,8062,445698,1
120907,154,445708,1
120907,9830,445708,1
120935,9262,445694,1
120954,2203,445708,1
120971,8799,445703,1
120987,1039,445717,1
120987,4639,445717,1
120987,10527,445718,1
120997,1840,445717,1
120997,10541,445717,1
121004,1880,445711,3
121006,4639,445706,1
121006,4639,445741,1
121012,9424,445697,1
121016,5419,445759,1
121027,1400,445711,2
121027,4380,445711,2
121027,5329,445711,2
121027,5856,445711,2
121027,9262,445711,2
121033,8062,445718,1
121037,154,445742,1
121037,7013,445742,1
121037,10120,445742,1
121050,8791,445689,1
121051,10082,445690,1
121060,7943,445697,1
121063,9513,445708,1
121066,5501,445706,1
121071,2096,445717,1
121076,2809,445690,1
121076,4762,445690,1
121077,10176,445702,1
121086,4755,445714,2
121086,5237,445714,1
121086,9262,445715,1
121092,188,445706,1
121096,4639,445709,1
121097,154,445716,1
121098,766,445702,1
121098,11386,445702,1
121152,154,445714,1
121154,3628,445708,1
121159,3119,445694,1
121167,10933,445718,1
121174,154,445708,1
121174,310,445708,1
121174,4344,445708,1
121174,8016,445708,1
121174,9262,445708,1
121174,11386,445708,1
121176,154,445760,1
121176,154,445761,1
121176,4344,445760,1
121176,4344,445761,2
121176,4639,445761,1
121176,6845,445761,1
121178,3728,445761,1
121178,5094,445761,1
121192,154,445694,1
121192,429,445694,1
121192,10129,445694,1
121195,1142,445715,1
121195,3728,445698,1
121195,5465,445715,1
121195,8062,445698,1
121195,8062,445715,1
121195,9262,445698,1
121196,4904,445709,1
121197,2529,445717,1
121197,4280,445718,1
121213,9641,445697,1
121216,10743,445760,1
121225,13,445694,1
121225,1588,445694,1
121225,11386,445694,1
121234,2716,445707,1
121234,3401,445707,1
121234,3728,445707,1
121234,8558,445707,1
121234,9262,445707,1
121255,3401,445716,1
121255,9262,445716,1
121256,7132,445698,1
121256,10788,445698,1
121290,2075,445760,1
121290,7754,445760,1
121295,9286,445709,1
121296,10120,445712,1
121306,9495,445735,1
121309,1254,445761,1
121309,2655,445761,2
121312,10529,445742,1
121313,1316,445712,1
121339,154,445717,1
121367,154,445742,1
121368,154,445693,1
121377,2716,445700,1
121377,6642,445700,1
121377,8799,445700,1
121386,3188,445707,1
121386,6514,445707,1
121386,6784,445707,1
121386,8016,445707,1
121429,2302,445701,1
121429,4639,445701,1
121448,2638,445693,1
121449,4762,445700,1
121453,4207,445712,1
121453,4755,445712,1
121453,5089,445712,1
121453,5474,445712,1
121453,6784,445712,1
121453,7736,445712,1
121453,9262,445712,1
121458,8062,445690,1
121458,9138,445690,1
121467,9262,445689,1
121469,1079,445761,1
121469,5094,445761,1
121469,9262,445761,1
121469,10994,445761,1
121474,4762,445690,1
121474,5197,445690,1
121474,5501,445690,1
121474,6235,445690,1
121474,9138,445690,1
121512,154,445700,1
121512,10743,445700,1
121557,2096,445691,1
121557,4793,445691,1
121559,3275,445708,1
121559,4318,445704,1
121559,4318,445708,1
121559,5410,445704,1
121559,5410,445708,1
121565,154,445691,1
121565,3728,445691,1
121565,4253,445691,1
121571,722,445702,1
121571,8016,445702,1
121594,722,445715,1
121594,8340,445715,1
121596,2809,445718,1
121604,4639,445691,1
121604,6427,445691,1
121604,6995,445691,1
121604,7569,445691,1
121604,8791,445691,1
121604,9103,445691,1
121605,7026,445709,1
121605,9714,445709,1
121611,8062,445701,1
121637,3728,445706,1
121637,4989,445706,1
121652,722,445703,1
121652,2302,445703,1
121652,4639,445703,1
121652,8016,445703,1
121654,5474,445696,1
121654,10709,445696,2
121666,350,445706,1
121666,2234,445706,1
121666,5426,445706,1
121696,13,445718,1
121696,2809,445718,1
121696,5858,445718,1
121697,9083,445699,1
121705,6878,445717,1
121706,6784,445692,1
121706,7667,445692,1
121713,722,445702,1
121713,3025,445702,1
121713,3728,445702,1
121713,4639,445702,1
121713,6359,445702,1
121713,6532,445702,1
121713,7132,445702,1
121753,154,445698,2
121753,154,445701,1
121753,154,445704,1
121753,1783,445701,1
121753,1783,445704,1
121753,2441,445698,1
121753,4639,445701,1
121753,4639,445704,1
121753,7569,445698,1
121753,7569,445701,1
121753,7569,445704,1
121772,9262,445711,1
121792,4197,445760,1
121802,10950,445692,1
121811,722,445735,1
121818,3076,445706,1
121839,9262,445692,1
121840,3076,445709,1
121843,2044,445706,1
121843,5271,445706,1
121843,10333,445706,1
121859,497,445701,1
121861,491,445710,1
121861,9262,445710,1
121861,10766,445710,1
121862,1880,445742,1
121862,5018,445742,1
121867,1595,445691,1
121867,4186,445691,1
121867,4575,445691,1
121867,6294,445691,1
121867,7767,445691,1
121867,7839,445691,1
121867,8592,445691,1
121867,10560,445691,1
121873,9138,445692,1
121875,4639,445710,1
121880,1986,445758,1
121885,8016,445699,1
121892,154,445717,1
121892,7283,445717,1
121895,1094,445758,1
121911,1149,445718,1
121911,6742,445718,1
121936,9513,445761,1
121959,154,445701,1
121963,4762,445759,1
121963,7379,445759,1
121974,124,445735,1
121974,154,445735,1
121975,5420,445690,1
121975,10754,445690,1
121976,635,445717,1
121976,985,445717,1
121976,2782,445717,1
121976,3688,445717,1
121976,5396,445717,1
121976,9262,445717,1
121976,9815,445717,1
121980,185,445692,1
121980,6784,445692,1
121980,7956,445692,1
121999,154,445690,1
122008,6151,445689,1
122024,8368,445761,1
122039,7930,445692,1
122054,1138,445760,1
122054,1164,445760,1
122054,7492,445760,1
122054,7569,445760,1
122055,8062,445709,1
122056,154,445700,1
122056,7569,445700,1
122058,405,445702,1
122058,4762,445702,1
122058,5197,445702,1
122071,295,445711,1
122071,722,445711,2
122071,1149,445711,1
122071,3401,445711,1
122071,4639,445711,1
122071,8686,445711,1
122071,9138,445711,1
122071,9262,445711,1
122077,9262,445760,1
122078,2171,445689,1
122078,3638,445689,1
122078,8062,445689,1
122078,9138,445689,1
122096,5220,445695,1
122103,1162,445701,1
122103,1630,445701,1
122103,2532,445701,1
122103,2809,445701,1
122103,10424,445701,1
122116,10020,445760,1
122120,722,445707,1
122120,2096,445707,1
122132,3342,445701,1
122144,4762,445716,1
122145,8518,445759,1
122149,10999,445690,1
122158,9138,445694,1
122206,11386,445707,1
122216,3502,445714,1
122216,4762,445714,3
122257,2096,445696,1
122269,741,445689,1
122269,1164,445689,1
122273,2545,445706,1
122273,7509,445706,1
122273,11386,445706,1
122289,4828,445702,1
122310,5315,445718,1
122312,374,445718,1
122344,2913,445698,1
122344,2969,445698,1
122344,5252,445698,1
122354,2693,445736,1
122354,3651,445736,1
122354,4344,445736,1
122354,7569,445736,1
122354,8327,445736,1
122354,10120,445736,1
122365,11246,445689,1
122368,722,445702,1
122368,1537,445702,1
122368,4639,445702,1
122368,8791,445702,1
122368,11135,445702,1
122384,9622,445716,1
122411,5858,445697,1
122411,10195,445697,1
122412,405,445707,1
122442,310,445705,1
122442,3728,445705,1
122442,9262,445705,1
122449,11002,445712,1
122455,2445,445714,1
122455,4534,445697,1
122455,4639,445697,1
122455,6784,445697,1
122455,6784,445714,1
122473,3820,445691,1
122482,71,445759,1
122482,154,445759,1
122482,6845,445759,1
122482,7509,445759,1
122482,9797,445759,1
122483,80,445696,1
122483,597,445696,1
122483,1493,445696,1
122483,2564,445696,1
122483,3401,445696,2
122483,7132,445696,1
122483,9262,445696,1
122483,9262,445705,1
122483,11341,445696,1
122486,2545,445702,1
122497,9286,445713,1
122497,10012,445713,1
122502,1202,445759,1
122511,154,445699,1
122511,9262,445699,1
122534,154,445734,1
122534,10120,445734,1
122542,3020,445705,1
122548,154,445697,1
122548,3401,445697,1
122548,9262,445697,1
122548,10120,445697,1
122563,7132,445714,1
122578,340,445698,1
122578,1634,445698,1
122578,7754,445698,1
122578,8800,445698,1
122578,9262,445698,1
122578,11334,445698,1
122581,154,445699,1
122581,6784,445699,1
122581,7132,445699,1
122604,4639,445692,1
122628,3890,445692,1
122629,154,445689,1
122633,1537,445761,1
122633,3401,445761,1
122633,5011,445761,1
122633,7473,445761,1
122633,8220,445761,1
122633,10120,445761,1
122640,6535,445695,1
122646,3728,445713,1
122646,4639,445713,1
122646,5465,445713,1
122646,10120,445713,1
122646,11202,445713,1
122649,3815,445758,1
122660,154,445693,1
122665,154,445695,1
122665,3118,445695,1
122665,4171,445695,1
122665,10120,445695,1
122670,3809,445761,1
122705,5501,445711,1
122705,8062,445715,1
122705,10643,445711,1
122705,10967,445711,1
122719,3815,445758,1
122751,46,445691,1
122751,9389,445691,1
122752,154,445715,1
122758,154,445735,1
122773,10318,445717,1
122800,722,445708,1
122800,4101,445708,1
122800,4639,445708,1
122800,9262,445708,1
122800,10394,445708,1
122848,6290,445712,1
122869,4388,445735,1
122881,2809,445708,1
122881,10195,445708,1
122882,8566,445759,1
122886,5465,445689,1
122886,8062,445689,1
122899,154,445734,1
122899,4639,445690,1
122906,6307,445690,1
122906,9302,445690,1
122907,8062,445691,1
122907,9748,445691,1
122911,6968,445694,1
122913,8109,445759,1
122913,9938,445759,1
122913,11386,445759,1
122942,124,445760,1
122942,1649,445760,1
122942,7013,445760,1
122942,8220,445760,1
122943,9340,445713,1
122943,10120,445713,1
122955,2896,445689,1
122993,3023,445758,1
122993,9318,445758,1
122993,10962,445758,1
122995,124,445708,1
122997,92,445706,2
122997,8279,445706,2
123011,1130,445760,1
123023,2809,445691,1
123023,3401,445691,1
123023,4639,445691,1
123023,9262,445691,1
123036,4989,445704,1
123057,185,445759,1
123057,758,445759,1
123057,2659,445759,1
123057,4402,445759,1
123057,8062,445759,1
123057,9262,445759,1
123057,10120,445759,1
123057,10248,445759,1
123059,2814,445713,1
123061,2452,445713,1
123062,722,445702,1
123103,2064,445692,1
123103,3401,445692,1
123103,3638,445692,1
123103,3678,445692,1
123103,4639,445692,1
123103,5858,445692,1
123103,7569,445692,1
123103,7956,445692,1
123103,8062,445692,1
123103,8791,445692,1
123103,9262,445692,1
123122,154,445697,1
123122,154,445708,1
123122,2233,445697,1
123122,3871,445697,1
123122,7077,445697,1
123122,7579,445708,1
123123,3603,445714,1
123127,154,445696,1
123127,7569,445696,1
123127,8791,445696,1
123147,1649,445701,1
123156,11031,445699,1
123163,8016,445699,1
123163,11386,445699,1
123172,7569,445760,1
123172,11386,445760,1
123189,9175,445704,1
123193,525,445760,1
123193,5266,445760,1
123193,10001,445760,1
123195,4755,445735,1
123214,6784,445760,1
123229,7036,445761,1
123240,6818,445735,1
123243,154,445708,1
123243,4639,445708,1
123243,4813,445708,1
123243,6535,445708,1
123243,9262,445708,1
123253,4762,445708,1
123253,9513,445708,1
123253,10879,445708,1
123258,6237,445698,1
123267,1478,445715,1
123267,2295,445715,1
123291,1325,445698,1
123291,3104,445698,1
123291,4034,445698,1
123291,6147,445698,1
123291,7757,445698,1
123301,8016,445701,1
123319,211,445759,1
123319,8965,445759,1
123329,722,445758,1
123329,6683,445758,1
123329,8932,445759,1
123329,9286,445758,1
123329,9286,445759,1
123329,10426,445759,1
123332,1462,445690,1
123332,2574,445690,1
123332,8686,445690,1
123333,5011,445758,1
123333,8717,445760,1
123343,3871,445760,1
123344,1316,445713,1
123344,3728,445713,1
123344,5465,445713,1
123344,7284,445713,1
123344,9138,445713,1
123344,9849,445713,1
123344,10143,445713,1
123347,8569,445710,1
123350,7385,445708,1
123365,4639,445697,1
123365,4813,445697,1
123365,9536,445697,1
123365,10692,445697,1
123365,11386,445697,1
123386,4381,445761,1
123409,154,445700,1
123448,8062,445691,1
123453,1316,445712,1
123453,2148,445712,1
123453,5465,445712,1
123453,9103,445712,1
123468,429,445742,1
123468,558,445742,1
123468,722,445695,1
123468,722,445742,1
123468,996,445695,1
123468,2847,445695,1
123468,3280,445742,1
123468,3441,445742,1
123468,3452,445742,1
123468,3874,445695,1
123468,3900,445742,1
123468,3996,445742,1
123468,5480,445742,1
123468,5550,445742,1
123468,6019,445695,1
123468,7050,445742,1
123468,7248,445742,1
123468,7649,445742,1
123468,8016,445695,1
123468,8016,445742,1
123468,8150,445742,1
123468,8771,445742,1
123468,9318,445695,1
123468,9696,445742,1
123468,9842,445742,1
123468,10379,445742,1
123468,10944,445695,1
123468,11105,445742,1
123481,8016,445712,1
123510,7538,445735,1
123527,2809,445710,1
123527,5321,445710,1
123531,154,445712,1
123531,1537,445712,1
123531,7569,445712,1
123539,4422,445691,1
123539,11386,445691,1
123547,3401,445712,1
123547,9262,445712,1
123584,340,445698,1
123584,810,445698,1
123585,5617,445707,1
123608,57,445761,1
123638,2809,445715,1
123644,3741,445707,1
123667,154,445690,1
123676,4762,445690,1
123703,4067,445702,1
123712,1656,445696,1
123712,6886,445696,1
123712,8063,445696,1
123713,10998,445697,1
123713,11386,445697,1
123719,1607,445735,1
123719,2847,445735,1
123719,7658,445735,1
123719,8844,445735,1
123728,2186,445714,1
123750,2188,445693,1
123750,8826,445693,1
123756,1194,445735,1
123756,1649,445735,1
123756,6784,445735,1
123770,1094,445696,1
123777,8062,445692,1
123794,722,445698,1
123797,7319,445760,1
123797,8527,445760,1
123797,9138,445760,1
123797,9262,445760,1
123801,3581,445736,1
123807,154,445691,1
123807,154,445702,1
123807,1537,445702,1
123807,3401,445691,1
123807,3401,445702,1
123807,3401,445714,1
123807,4639,445691,1
123807,4639,445702,1
123807,4639,445713,1
123807,4639,445714,1
123807,6376,445691,1
123807,7569,445691,1
123807,7569,445702,1
123807,8016,445713,1
123807,8681,445702,1
123807,8791,445691,1
123807,8791,445702,1
123807,9262,445691,1
123807,9262,445702,1
123807,9262,445713,1
123807,9262,445714,1
123807,10035,445702,1
123807,10120,445713,1
123807,10120,445714,1
123807,10532,445691,1
123807,10532,445702,1
123816,4639,445701,1
123824,1094,445701,1
123824,1094,445742,1
123824,1094,445759,1
123833,8268,445704,1
123833,8869,445704,1
123833,9977,445704,1
123847,1740,445698,1
123860,2302,445693,1
123863,8976,445708,1
123865,5740,445742,1
123865,7085,445742,1
123865,7545,445742,1
123865,9354,445742,1
123873,7956,445700,1
123874,4639,445713,1
123878,3507,445703,1
123878,9443,445691,1
123888,1316,445700,1
123888,1696,445700,1
123888,3638,445700,1
123907,2809,445698,1
123910,2319,445735,1
123918,154,445696,1
123920,8131,445710,1
123939,1962,445702,1
123939,3799,445702,1
123939,3890,445702,1
123939,9098,445702,1
123939,11383,445702,1
123952,9262,445706,1
123952,10215,445706,1
123952,10333,445706,1
123982,2435,445706,1
123993,3532,445692,1
124002,10692,445735,1
124004,52,445698,1
124004,1283,445698,1
124011,694,445718,1
124028,1164,445709,1
124028,5226,445709,1
124030,154,445735,1
124030,1164,445735,1
124030,1634,445735,1
124030,4344,445735,1
124030,5197,445735,1
124030,5480,445735,1
124030,5501,445735,1
124030,10120,445735,1
124048,2242,445718,1
124053,2809,445700,1
124063,5501,445693,1
124063,8791,445693,1
124063,9138,445693,1
124081,3139,445758,1
124081,3861,445758,1
124081,8467,445758,1
124081,9962,445758,1
124087,2809,445701,1
124087,5858,445701,1
124102,9262,445734,1
124108,8016,445691,1
124120,154,445707,1
124120,4639,445707,1
124120,8791,445707,1
124120,10532,445707,1
124132,9138,445690,1
124132,9138,445713,1
124137,2532,445709,1
124137,10053,445709,1
124160,7788,445761,1
124160,8062,445761,1
124164,1649,445712,1
124168,154,445709,1
124168,722,445709,1
124168,2096,445709,1
124168,5090,445709,1
124172,4292,445711,1
124172,5893,445711,1
124176,6048,445713,1
124178,11386,445697,1
124184,1630,445701,1
124193,124,445702,1
124194,310,445694,1
124194,851,445694,1
124194,3188,445694,1
124194,3477,445694,1
124194,3638,445694,1
124194,3815,445694,1
124194,4422,445694,1
124194,5094,445694,1
124194,9103,445694,1
124194,9138,445694,1
124203,6904,445689,1
124210,10707,445761,1
124217,1312,445703,1
124217,2698,445703,1
124217,4718,445703,1
124217,6857,445703,1
124246,722,445712,1
124261,1029,445703,1
124261,1316,445703,1
124261,5094,445703,1
124274,3468,445741,1
124282,9045,445710,1
124295,6784,445761,1
124295,9431,445761,1
124307,6865,445702,1
124312,154,445691,1
124317,1106,445706,1
124317,2068,445706,1
124317,2631,445706,1
124317,4480,445706,1
124317,5321,445706,1
124324,4989,445742,1
124345,5465,445735,1
124361,2864,445717,1
124361,3401,445717,1
124361,3879,445717,1
124361,6160,445717,1
124361,6235,445717,1
124361,6811,445717,1
124361,7303,445717,1
124361,7528,445717,1
124361,9059,445717,1
124361,9262,445717,1
124361,10539,445717,1
124361,11337,445717,1
124382,9262,445760,1
124389,154,445695,1
124389,722,445695,1
124389,8121,445695,1
124389,8506,445695,1
124389,10730,445695,1
124390,5465,445760,1
124390,9262,445760,1
124392,6694,445703,1
124392,6694,445714,1
124394,3317,445708,1
124394,8681,445708,1
124404,722,445689,1
124404,3750,445689,1
124404,6488,445689,1
124405,2082,445694,1
124414,8976,445734,1
124444,540,445699,1
124444,2776,445699,1
124444,7379,445699,1
124446,8062,445691,1
124486,4639,445690,1
124496,722,445707,1
124496,4639,445707,1
124510,55,445692,1
124520,4639,445708,1
124520,6343,445708,1
124522,722,445713,1
124522,1194,445713,1
124522,2161,445713,1
124522,4477,445713,1
124522,4989,445713,1
124523,778,445696,1
124523,1219,445696,1
124523,2726,445696,1
124523,2855,445696,1
124523,3566,445696,1
124523,4000,445696,1
124523,5480,445696,1
124523,5868,445696,1
124523,6101,445696,1
124523,6260,445696,1
124523,7171,445696,1
124523,8055,445696,1
124536,10529,445758,1
124543,10388,445696,1
124548,154,445712,1
124548,1537,445712,1
124548,5862,445712,1
124548,10692,445712,1
124560,10681,445691,1
124560,11008,445691,1
124564,185,445717,1
124564,3188,445717,1
124564,4422,445717,1
124564,6519,445717,1
124564,7509,445717,1
124564,9318,445717,1
124564,9490,445717,1
124564,9797,445717,1
124568,8062,445691,1
124569,154,445691,1
124569,952,445691,1
124569,955,445691,1
124569,1438,445691,1
124569,2825,445691,1
124569,3587,445691,1
124569,7509,445691,1
124575,1231,445736,1
124575,4604,445736,1
124575,7025,445736,1
124575,8256,445736,1
124575,9484,445736,1
124579,154,445698,1
124579,7877,445698,1
124606,2302,445741,1
124613,6565,445736,1
124639,7113,445697,1
124648,626,445706,1
124648,5420,445706,1
124651,7379,445707,1
124657,1149,445713,1
124657,3076,445713,1
124657,6742,445713,1
124660,9490,445707,1
124663,10120,445702,1
124674,154,445700,1
124674,2311,445736,1
124674,2783,445700,1
124674,2783,445736,1
124674,4030,445736,1
124674,4313,445700,1
124674,5034,445700,1
124674,7790,445700,1
124674,10248,445736,1
124674,11097,445736,1
124679,5465,445717,1
124681,722,445699,1
124681,3318,445699,1
124681,8016,445699,1
124708,5681,445736,1
124721,1104,445715,1
124721,1449,445715,1
124721,4732,445715,1
124731,8791,445695,1
124735,10788,445703,1
124751,9286,445718,1
124751,10012,445718,1
124756,2847,445708,1
124756,4023,445708,1
124756,6488,445708,1
124811,4434,445718,1
124811,4989,445718,1
124811,10224,445718,1
124812,7013,445735,1
124812,8220,445735,1
124812,9318,445735,1
124817,11386,445735,1
124843,154,445704,1
124858,690,445708,1
124858,1222,445708,1
124858,1814,445708,1
124858,3834,445708,1
124858,4762,445708,1
124858,7708,445708,1
124873,8062,445693,1
124873,11386,445693,1
124885,154,445693,1
124900,2837,445736,2
124900,2837,445760,2
124901,1121,445735,1
124906,6362,445696,1
124906,9287,445696,1
124910,4074,445692,1
124923,1383,445689,1
124928,10129,445694,1
124955,2650,445711,1
124967,154,445692,1
124970,9262,445761,1
124978,7536,445689,1
124981,154,445711,1
124981,10120,445711,1
124997,4639,445761,1
125008,1114,445708,1
125008,7013,445708,1
125017,5465,445711,1
125017,5501,445711,1
125017,7705,445711,1
125017,9138,445711,1
125025,154,445758,1
125026,659,445761,1
125026,1895,445761,1
125026,2545,445699,1
125026,3478,445692,1
125026,3609,445761,1
125026,5211,445761,1
125026,5681,445699,1
125026,8537,445692,1
125026,9262,445761,1
125026,10367,445761,1
125028,3758,445715,1
125033,2509,445709,1
125033,3728,445709,1
125033,4639,445709,1
125033,8016,445709,1
125033,8062,445709,1
125046,5513,445760,1
125046,9578,445760,1
125066,154,445713,1
125066,3118,445713,1
125066,6857,445713,1
125066,7132,445713,1
125066,9262,445713,1
125067,3728,445712,2
125067,10120,445712,2
125072,4682,445699,1
125072,6371,445699,1
125072,8681,445699,1
125073,405,445734,1
125073,892,445734,2
125073,6486,445734,1
125073,8376,445734,1
125073,9262,445734,1
125073,10120,445734,1
125073,11386,445734,1
125074,4639,445711,1
125074,10120,445711,1
125089,4639,445689,1
125089,8791,445689,1
125096,154,445698,1
125096,9262,445698,1
125110,6784,445705,1
125110,10120,445705,1
125122,2042,445700,1
125131,4639,445701,1
125147,572,445759,1
125152,1396,445701,1
125152,2302,445701,1
125152,2809,445701,1
125152,3076,445701,1
125152,3871,445701,1
125152,6995,445701,1
125154,4762,445693,1
125154,5197,445693,1
125182,6784,445691,1
125198,5513,445713,1
125201,10647,445760,1
125204,835,445703,1
125204,4345,445703,1
125204,8681,445703,1
125213,4762,445711,1
125213,9353,445711,1
125226,5189,445718,1
125233,5091,445689,1
125233,8791,445689,1
125240,1853,445715,1
125244,9262,445735,1
125253,154,445716,1
125262,1164,445717,1
125268,722,445714,1
125268,1853,445714,1
125268,2096,445714,1
125268,8868,445714,1
125292,154,445689,1
125296,2095,445741,1
125300,8772,445758,1
125311,185,445761,1
125316,1078,445699,1
125316,2032,445699,1
125316,5654,445699,1
125316,6961,445699,1
125316,10576,445699,1
125317,1649,445735,1
125317,9103,445735,1
125324,248,445760,1
125324,713,445760,1
125324,1720,445760,1
125328,11359,445695,1
125332,9138,445692,1
125336,1115,445736,1
125336,1699,445758,1
125336,4639,445736,1
125336,4639,445758,1
125336,8958,445736,1
125336,9262,445758,1
125348,1194,445707,1
125348,4762,445707,1
125348,5197,445707,1
125348,5480,445707,1
125348,9138,445707,1
125369,6260,445761,1
125369,9103,445761,1
125369,9262,445761,1
125372,6857,445699,1
125372,10020,445699,1
125378,154,445693,1
125400,6270,445718,1
125409,9262,445710,1
125409,11270,445710,1
125413,3188,445717,1
125413,11386,445717,1
125418,10297,445693,1
125420,722,445696,1
125420,2288,445696,1
125420,9138,445696,1
125420,9680,445696,1
125431,1880,445742,1
125431,10120,445742,1
125431,10529,445742,1
125434,154,445700,1
125435,8195,445708,1
125440,154,445758,1
125440,154,445760,1
125440,439,445758,1
125440,1164,445712,1
125440,2548,445712,1
125440,3815,445758,1
125440,4141,445760,1
125440,4762,445712,1
125440,4762,445758,1
125440,4762,445760,1
125440,5094,445758,1
125440,5197,445712,1
125440,5197,445758,1
125440,5197,445760,1
125440,5513,445712,1
125440,5858,445760,1
125440,6514,445712,1
125440,6683,445760,1
125440,6845,445758,1
125440,6857,445760,1
125440,9051,445760,1
125440,10012,445760,1
125440,10120,445760,1
125440,10412,445758,1
125461,3871,445700,1
125488,407,445758,1
125490,154,445704,1
125490,8016,445704,1
125492,154,445758,1
125492,4344,445758,1
125492,6475,445758,1
125492,8220,445758,1
125492,9262,445758,1
125492,10001,445758,1
125496,1568,445712,2
125496,9723,445712,1
125501,9262,445759,1
125504,310,445710,1
125504,1316,445710,1
125513,527,445742,1
125519,154,445710,1
125519,185,445710,1
125538,9262,445716,1
125550,2291,445705,1
125550,2291,445706,1
125550,2291,445718,1
125550,4653,445718,1
125550,7559,445718,1
125550,10696,445705,1
125550,10696,445718,1
125565,154,445691,1
125565,1537,445691,1
125565,3638,445691,1
125565,4639,445691,1
125565,7569,445691,1
125565,9138,445691,1
125579,310,445705,1
125579,1316,445705,1
125579,3638,445705,1
125579,8062,445705,1
125598,6845,445760,3
125603,9505,445711,1
125607,992,445760,1
125607,3223,445760,1
125607,4881,445760,1
125607,8680,445760,1
125623,154,445692,1
125623,154,445694,1
125623,154,445759,1
125623,2481,445692,1
125623,2919,445759,1
125623,3401,445759,1
125623,5211,445692,1
125623,5513,445694,1
125623,7132,445759,1
125623,7490,445694,1
125623,8220,445759,1
125623,9245,445692,1
125623,9262,445692,1
125623,9262,445694,1
125623,9262,445759,1
125623,9505,445694,1
125623,9505,445759,1
125623,10227,445694,1
125627,384,445707,1
125627,1924,445707,1
125627,7110,445707,1
125627,9621,445707,1
125635,154,445706,1
125650,4222,445695,1
125650,9262,445695,1
125675,154,445695,1
125681,4207,445758,1
125699,2181,445690,1
125699,2777,445690,1
125699,4762,445690,1
125699,5984,445690,1
125704,102,445689,1
125704,120,445689,1
125704,185,445689,1
125704,245,445689,1
125704,735,445689,1
125704,1219,445689,1
125704,1370,445689,1
125704,1412,445689,1
125704,1685,445689,1
125704,1908,445689,1
125704,3820,445689,1
125704,4344,445689,1
125704,4762,445689,1
125704,5197,445689,1
125704,5480,445689,1
125704,7585,445689,1
125704,8063,445689,1
125704,9708,445689,1
125704,9927,445689,1
125704,10035,445689,1
125704,10516,445689,1
125708,1191,445702,1
125712,4639,445700,1
125712,4639,445760,1
125712,11386,445700,1
125727,3596,445702,1
125727,9262,445693,1
125727,10120,445702,1
125733,1799,445717,1
125733,6784,445717,1
125738,6532,445716,1
125760,6090,445690,1
125782,1916,445712,1
125782,3692,445712,1
125782,5866,445712,1
125782,8219,445712,1
125782,9262,445712,1
125782,10644,445712,1
125807,154,445692,1
125807,6241,445692,1
125807,10020,445692,1
125827,722,445760,1
125829,154,445696,1
125874,2064,445742,1
125898,5905,445735,1
125899,1316,445703,1
125899,3401,445703,1
125899,5465,445703,1
125899,6297,445703,1
125904,154,445759,1
125904,5011,445759,1
125918,606,445761,1
125918,4344,445761,1
125918,5011,445761,1
125919,3401,445707,1
125919,3750,445707,1
125919,6810,445707,1
125919,9138,445707,1
125943,7956,445714,1
125943,8062,445714,1
125946,1316,445711,1
125946,2828,445711,1
125946,3401,445711,1
125946,4639,445711,1
125946,9262,445711,1
125952,8865,445700,1
125956,9404,445706,1
125965,1649,445736,1
125977,154,445699,1
125985,1634,445759,1
125985,9262,445759,1
125987,2716,445735,1
125987,8522,445735,1
125994,6845,445760,1
126003,2809,445715,1
126026,5513,445713,1
126026,6810,445713,1
126026,9262,445713,1
126031,1467,445717,1
126041,4090,445703,1
126041,7881,445703,1
126057,154,445705,1
126057,1164,445705,1
126057,4639,445705,1
126057,6784,445705,1
126057,7132,445705,1
126057,8062,445705,1
126057,8791,445705,1
126057,9138,445705,1
126076,154,445691,1
126076,3401,445691,1
126076,3638,445691,1
126076,3815,445691,1
126076,4344,445691,1
126076,4639,445691,1
126076,6235,445691,1
126076,8062,445691,1
126076,9262,445691,1
126082,7715,445718,1
126102,2501,445742,1
126131,5474,445699,1
126131,6784,445699,1
126138,5118,445707,1
126138,9621,445707,1
126138,10668,445707,1
126146,8951,445699,1
126146,9262,445699,1
126177,10597,445741,1
126177,10597,445742,1
126179,2548,445711,1
126205,2941,445697,1
126206,9138,445690,1
126211,4639,445700,1
126217,4207,445698,1
126217,6784,445698,1
126245,11327,445735,1
126246,2423,445711,1
126246,6488,445711,1
126256,3401,445696,1
126256,6784,445696,1
126256,9138,445696,1
126264,102,445760,1
126264,1162,445707,1
126264,3401,445707,1
126264,6080,445760,1
126264,7754,445707,1
126264,8016,445707,1
126264,10308,445760,1
126274,6241,445758,1
126274,9262,445758,1
126282,754,445761,1
126282,2148,445761,1
126282,5298,445761,1
126282,7956,445761,1
126282,8220,445760,1
126310,10323,445760,1
126312,4672,445699,1
126318,154,445699,1
126318,3401,445699,1
126318,9262,445699,1
126318,10120,445699,1
126321,10120,445706,1
126328,154,445735,1
126328,1649,445735,1
126328,8062,445735,1
126334,4639,445702,1
126348,10024,445741,1
126359,9262,445711,1
126366,4639,445707,1
126368,154,445700,1
126369,1034,445691,1
126369,2012,445691,1
126369,5372,445691,1
126369,5756,445691,1
126369,7846,445691,1
126369,9262,445691,1
126383,3728,445713,1
126391,485,445758,1
126391,4171,445758,1
126391,4762,445689,1
126391,9262,445758,1
126391,9262,445761,1
126391,10761,445761,1
126400,2809,445697,1
126400,5858,445697,1
126406,3188,445736,1
126412,154,445742,1
126420,154,445689,1
126420,154,445698,1
126420,5566,445689,1
126420,5566,445698,1
126420,6784,445689,1
126420,6784,445698,1
126420,6995,445698,1
126420,7132,445689,1
126420,7132,445698,1
126420,10589,445698,1
126423,8016,445714,1
126429,8062,445709,1
126432,7872,445706,1
126448,1556,445691,1
126454,6784,445710,1
126456,10179,445695,2
126457,154,445703,1
126464,3728,445700,1
126464,7013,445700,1
126473,4639,445691,1
126474,2440,445689,1
126474,2892,445689,1
126474,3401,445689,1
126474,4171,445689,1
126474,4798,445689,1
126474,6784,445689,1
126476,4204,445690,1
126476,4204,445715,2
126476,4204,445760,2
126476,5158,445690,1
126476,5158,445715,2
126476,5158,445760,2
126476,6326,445690,1
126476,6326,445715,2
126476,6326,445760,2
126476,10516,445690,1
126476,10516,445715,2
126476,10516,445760,2
126498,1649,445736,1
126498,4345,445736,1
126498,9083,445736,1
126498,9262,445736,1
126498,11386,445736,1
126504,6535,445692,1
126507,10743,445736,1
126552,9262,445702,1
126562,7013,445712,1
126575,9384,445695,1
126584,9138,445689,1
126584,9138,445690,1
126584,9138,445691,1
126618,154,445693,1
126632,1534,445692,1
126632,2138,445692,1
126632,7956,445692,1
126632,8588,445692,1
126632,10403,445692,1
126641,154,445693,1
126641,154,445702,1
126641,4027,445693,1
126641,9262,445693,1
126649,4639,445695,1
126649,7569,445695,1
126658,1316,445717,1
126658,9262,445717,1
126660,2790,445709,1
126688,4639,445692,1
126689,7428,445759,1
126697,5608,445706,1
126697,9262,445706,1
126705,4639,445710,1
126705,10120,445710,1
126710,4344,445710,1
126741,5465,445735,1
126753,8062,445689,1
126757,6019,445714,1
126760,154,445711,1
126760,1534,445711,1
126760,11386,445711,1
126776,154,445742,1
126776,10529,445742,1
126780,1750,445700,1
126780,5971,445700,1
126780,6388,445700,1
126782,10529,445695,1
126785,798,445709,1
126785,2302,445709,1
126785,3871,445709,1
126785,5863,445709,1
126785,8016,445709,1
126785,9262,445709,1
126785,11406,445709,1
126792,5725,445707,1
126792,6643,445707,1
126792,9262,445707,1
126792,11117,445707,1
126798,3406,445700,1
126807,1312,445698,1
126807,9513,445698,1
126817,366,445692,1
126817,7956,445692,1
126817,9262,445692,1
126827,1947,445711,1
126827,4762,445711,1
126845,154,445702,1
126845,6784,445702,1
126845,7132,445702,1
126845,7569,445702,1
126856,4955,445708,1
126865,3496,445699,1
126865,5430,445699,1
126868,154,445703,1
126868,340,445703,1
126868,722,445703,1
126868,7952,445703,1
126881,6784,445713,1
126881,7132,445713,1
126881,9619,445713,1
126881,10390,445713,1
126881,10981,445713,1
126881,11340,445713,1
126901,3188,445716,1
126901,11386,445691,1
126913,154,445692,1
126913,2064,445692,1
126913,3401,445692,1
126913,4639,445692,1
126913,5778,445692,1
126913,6784,445692,1
126913,7429,445692,1
126913,7569,445692,1
126913,8566,445692,1
126913,8681,445692,1
126913,8791,445692,1
126913,10390,445692,1
126913,10395,445692,1
126913,10532,445692,1
126917,10567,445698,1
126931,154,445694,1
126931,3944,445694,1
126939,1094,445706,1
126957,154,445736,1
126957,640,445736,1
126957,713,445736,2
126957,2381,445736,1
126957,5425,445736,1
126998,154,445700,1
126998,6784,445700,1
126998,8681,445700,1
126999,636,445692,1
126999,722,445692,1
126999,1537,445692,1
126999,3885,445692,1
126999,4639,445692,1
126999,6784,445692,1
126999,7105,445692,1
126999,9268,445692,1
126999,10567,445692,1
126999,10634,445692,1
127014,154,445698,1
127014,4700,445698,1
127014,4762,445698,1
127014,4985,445698,1
127014,5197,445698,1
127014,7569,445698,1
127014,8171,445698,1
127014,8372,445698,1
127014,10998,445698,1
127018,2554,445741,1
127018,9717,445741,1
127018,9843,445741,1
127031,4639,445710,1
127031,6784,445710,1
127048,4639,445715,1
127054,3315,445713,1
127066,6136,445716,1
127066,11386,445716,1
127075,2809,445691,1
127077,1649,445712,1
127077,4222,445712,1
127077,7428,445712,1
127077,11008,445712,1
127082,1649,445735,1
127082,2809,445735,1
127082,4344,445735,1
127110,11353,445742,1
127134,5858,445695,1
127139,154,445742,1
127139,4762,445742,1
127139,9708,445742,1
127140,154,445691,1
127140,7569,445691,1
127143,9262,445710,1
127143,10012,445710,1
127144,154,445761,1
127149,6260,445712,1
127165,9286,445736,1
127165,10012,445736,1
127174,4674,445698,1
127182,4932,445697,1
127182,8198,445697,1
127185,8016,445714,1
127185,9271,445714,1
127192,2532,445705,1
127192,2532,445735,1
127199,8860,445698,1
127202,3032,445695,1
127225,4547,445692,1
127229,1649,445735,1
127229,9262,445735,1
127283,3955,445713,1
127286,154,445692,1
127308,1142,445760,1
127308,2821,445760,1
127324,154,445699,1
127330,1164,445709,1
127330,2445,445709,1
127330,4639,445709,1
127330,6810,445709,1
127330,7013,445709,1
127330,10120,445709,1
127371,7611,445700,1
127384,154,445698,1
127390,2270,445690,1
127390,3401,445716,1
127390,9262,445690,1
127391,1202,445701,1
127391,4639,445701,1
127391,9138,445701,1
127402,7476,445690,1
127412,7922,445700,1
127413,5031,445761,1
127460,8016,445705,1
127483,154,445707,1
127483,10120,445707,1
127494,722,445698,1
127494,10743,445698,1
127512,4751,445741,1
127536,6203,445689,1
127547,8062,445741,1
127550,8062,445736,1
127561,2422,445697,1
127562,4639,445715,1
127573,8635,445696,1
127575,9424,445702,1
127584,154,445693,1
127584,3401,445693,1
127584,5223,445693,1
127584,6338,445693,1
127584,8062,445693,1
127584,9262,445693,1
127584,10889,445693,1
127603,5681,445704,1
127603,7428,445704,1
127608,185,445702,1
127608,2820,445701,1
127608,3890,445716,1
127608,10788,445701,1
127611,3401,445699,1
127611,4639,445699,1
127611,9262,445699,1
127619,3401,445715,1
127619,9262,445715,1
127621,6418,445760,1
127626,1956,445693,1
127658,11386,445718,1
127671,4315,445758,1
127671,5092,445758,1
127671,5681,445758,1
127671,6019,445758,1
127671,6383,445758,1
127671,9262,445758,1
127677,1316,445718,1
127677,3188,445718,1
127678,2809,445690,1
127678,2960,445690,1
127687,10059,445695,1
127708,3728,445758,1
127738,10865,445694,1
127747,4793,445758,1
127749,2399,445690,1
127749,2928,445690,1
127749,4101,445690,1
127749,7409,445690,1
127749,8791,445690,1
127749,10684,445690,1
127750,10390,445705,1
127754,174,445698,1
127754,6995,445698,1
127768,7308,445703,1
127783,154,445690,1
127783,154,445692,1
127783,4639,445690,1
127783,4639,445692,1
127783,8016,445690,1
127783,8016,445692,1
127783,8062,445690,1
127783,8062,445692,1
127783,8791,445690,1
127783,8791,445692,1
127783,9068,445690,1
127783,9138,445690,1
127783,9138,445692,1
127787,1094,445715,1
127796,4639,445699,1
127800,7132,445696,1
127800,7973,445696,1
127800,9262,445696,1
127804,154,445736,1
127808,274,445718,1
127812,4639,445698,1
127812,4740,445698,1
127812,5858,445698,1
127812,10592,445698,1
127813,3638,445689,1
127813,4749,445689,1
127816,807,445761,1
127816,5094,445761,1
127816,9262,445761,1
127848,1247,445707,1
127848,2809,445697,1
127848,2809,445707,1
127848,5858,445697,1
127848,5858,445707,1
127848,6019,445707,1
127848,6938,445707,1
127848,8016,445707,1
127848,10109,445707,1
127861,2500,445692,1
127861,10529,445692,1
127868,4288,445709,1
127876,1649,445704,1
127876,7509,445704,1
127876,10554,445704,1
127886,154,445696,1
127886,2096,445696,1
127886,7392,445696,1
127886,8868,445696,1
127886,9262,445696,1
127886,9536,445696,1
127891,4207,445701,1
127891,4207,445715,1
127891,6920,445715,1
127894,8062,445695,1
127907,5902,445702,1
127926,2064,445695,1
127926,6535,445695,1
127926,10120,445695,1
127931,1201,445703,1
127931,2635,445703,1
127935,10012,445708,1
127946,11386,445713,1
127961,154,445693,1
127961,4639,445693,1
127987,154,445734,1
127987,1649,445734,1
127987,3401,445734,1
127987,10120,445734,1
127996,2503,445690,1
127996,3728,445690,1
127996,9262,445690,1
128000,310,445708,1
128000,1316,445708,1
128000,5094,445708,1
128000,6925,445708,1
128009,7285,445712,1
128009,9262,445712,1
128061,7398,445698,1
128062,1762,445700,1
128062,1814,445700,1
128062,4989,445700,1
128078,10195,445694,1
128085,154,445716,1
128085,4344,445716,1
128085,10120,445716,1
128088,8222,445689,1
128088,9138,445689,1
128104,5582,445759,1
128104,10695,445759,1
128109,11386,445715,1
128130,142,445697,1
128130,338,445697,1
128130,6115,445697,1
128130,10969,445697,1
128144,159,445711,1
128144,5633,445689,1
128144,6215,445760,1
128168,8684,445700,1
128174,154,445713,1
128174,2445,445713,1
128174,3728,445713,1
128174,4639,445713,1
128174,7349,445713,1
128174,7956,445713,1
128178,635,445699,1
128184,9560,445736,1
128198,722,445689,1
128198,6514,445689,1
128205,8220,445761,1
128205,9262,445761,1
128208,8062,445699,1
128225,6458,445692,1
128230,10110,445705,1
128244,154,445694,1
128244,154,445700,1
128244,722,445694,1
128244,722,445700,1
128244,1115,445700,1
128244,1466,445694,1
128244,1466,445700,1
128244,1539,445694,1
128244,1539,445700,1
128244,1976,445694,1
128244,2096,445694,1
128244,2096,445700,1
128244,2302,445700,1
128244,3091,445694,1
128244,4141,445694,1
128244,4141,445700,1
128244,4989,445694,1
128244,4989,445700,1
128244,5202,445694,1
128244,5468,445694,1
128244,5468,445700,1
128244,6924,445700,1
128244,8868,445694,1
128244,8911,445700,1
128244,9711,445694,1
128244,9711,445700,1
128244,10020,445694,1
128244,10020,445700,1
128244,10224,445694,1
128244,10400,445694,1
128244,10400,445700,1
128244,10695,445694,1
128244,10695,445700,1
128246,11386,445709,1
128255,3638,445693,1
128255,4171,445693,1
128255,9262,445693,1
128256,8,445699,1
128256,3401,445699,1
128256,6289,445699,1
128256,8681,445699,1
128256,10513,445699,1
128256,10529,445699,1
128256,11386,445699,1
128267,1117,445701,1
128267,7194,445701,1
128277,8742,445710,1
128292,2096,445760,1
128292,4222,445760,1
128292,4762,445760,1
128292,6784,445760,1
128318,9079,445703,1
128321,1686,445692,1
128329,6119,445760,1
128329,8220,445760,1
128329,9561,445760,1
128330,9262,445710,1
128338,3691,445702,1
128355,1649,445734,1
128355,11386,445734,1
128377,4639,445701,1
128377,7509,445701,1
128377,8791,445701,1
128384,2809,445704,1
128397,2509,445707,1
128406,10219,445760,1
128413,1649,445734,1
128442,1316,445717,1
128442,3728,445717,1
128442,7013,445717,1
128449,154,445705,1
128461,2445,445734,2
128471,154,445701,1
128471,4344,445701,1
128471,4639,445701,1
128471,8062,445701,1
128471,8791,445701,1
128471,10120,445701,1
128503,11386,445758,1
128508,6559,445735,1
128535,185,445690,1
128535,3401,445690,1
128535,3401,445697,1
128535,4639,445690,1
128535,4762,445690,1
128535,5197,445758,1
128535,8151,445758,1
128535,8220,445758,1
128535,9262,445697,1
128535,9262,445758,1
128535,11386,445758,1
128545,154,445706,1
128545,1762,445706,1
128545,1814,445706,1
128545,3076,445706,1
128545,3401,445706,1
128545,4257,445706,1
128545,8277,445706,1
128545,10001,445710,1
128549,4639,445705,1
128549,10120,445705,1
128552,10219,445760,1
128558,2399,445702,1
128558,3401,445702,1
128558,6702,445702,1
128558,8538,445702,1
128558,8681,445702,1
128558,9262,445702,1
128559,154,445690,2
128559,835,445690,1
128559,2064,445690,1
128559,2399,445690,1
128559,4639,445690,1
128559,7569,445690,1
128559,8681,445690,1
128559,8791,445690,1
128581,9245,445742,1
128582,1880,445699,1
128614,154,445709,1
128629,6234,445712,1
128639,1342,445708,1
128639,8016,445708,1
128644,8855,445707,1
128644,8855,445718,1
128644,9664,445718,1
128671,154,445700,1
128679,10287,445714,1
128680,8271,445736,1
128680,9262,445736,1
128683,5681,445759,1
128692,1956,445694,1
128692,2809,445694,1
128696,1649,445703,1
128702,9138,445689,1
128708,154,445695,1
128714,154,445693,1
128714,8791,445693,1
128748,154,445689,1
128748,3815,445689,1
128748,8062,445689,1
128748,8791,445689,1
128751,2488,445715,1
128751,3879,445715,1
128751,4376,445715,1
128755,5420,445734,1
128760,6784,445759,1
128787,8016,445695,1
128820,589,445693,1
128820,4639,445693,1
128826,675,445702,1
128826,722,445702,1
128826,3124,445702,1
128826,3401,445702,1
128826,3728,445702,1
128826,9262,445702,1
128840,11386,445742,1
128866,3316,445692,1
128866,3401,445692,1
128866,9138,445692,1
128866,9262,445692,1
128867,7630,445689,1
128889,10446,445712,1
128895,1880,445761,1
128899,1537,445742,1
128899,1710,445742,1
128899,4639,445742,1
128933,2809,445706,1
128952,1880,445742,1
128952,3815,445742,1
128952,5094,445742,1
128975,608,445706,1
128975,1257,445706,1
128975,1316,445706,1
128975,3638,445706,1
128975,4014,445706,1
128975,5501,445706,1
128975,6235,445706,1
128975,6784,445706,1
128975,7132,445706,1
128975,8062,445706,1
128975,8681,445706,1
128975,9941,445706,1
128975,10248,445706,1
128977,5821,445736,1
128977,6784,445736,1
128977,10120,445736,1
128989,154,445699,1
128989,154,445736,1
129011,1649,445713,1
129011,5515,445713,1
129011,6019,445713,1
129011,10120,445713,1
129011,10441,445713,1
129020,11386,445690,1
129032,2809,445709,1
129032,9262,445709,1
129032,10120,445709,1
129040,124,445758,1
129040,1164,445758,1
129040,3750,445709,1
129040,5513,445709,1
129040,5782,445758,1
129040,5950,445709,1
129040,6019,445709,1
129040,9262,445709,1
129040,10120,445758,1
129040,11126,445758,1
129051,1519,445692,2
129069,8016,445710,1
129088,3020,445707,1
129088,6946,445707,1
129100,10936,445692,1
129103,700,445703,1
129103,8414,445703,1
129103,9336,445703,1
129103,10064,445703,1
129108,9262,445735,1
129121,4721,445696,1
129121,5863,445696,1
129121,9639,445696,1
129146,6648,445707,1
129146,8880,445707,1
129155,1013,445697,1
129175,4762,445758,1
129183,9692,445701,1
129199,6957,445695,1
129199,9262,445695,1
129214,154,445699,1
129272,2096,445700,1
129279,6597,445689,1
129279,9138,445689,1
129288,7569,445693,1
129313,8143,445697,1
129340,8740,445699,1
129351,154,445734,1
129351,154,445758,1
129362,6995,445689,1
129374,154,445699,1
129374,310,445699,1
129374,642,445699,1
129374,3764,445699,1
129374,3871,445699,1
129374,7569,445699,1
129374,8016,445699,1
129374,8062,445699,1
129374,8681,445699,1
129374,8825,445699,1
129374,9094,445699,1
129374,11386,445699,1
129408,7398,445709,1
129410,154,445716,1
129410,10529,445716,1
129419,594,445707,1
129419,8365,445707,1
129419,9548,445707,1
129419,11386,445707,1
129430,722,445718,1
129455,8142,445736,1
129460,3930,445761,1
129460,6514,445761,1
129461,2964,445704,1
129461,6818,445704,1
129461,9262,445704,1
129469,540,445702,1
129469,3638,445702,1
129469,5465,445736,1
129472,8016,445695,1
129472,8062,445695,1
129472,9579,445695,1
129478,1396,445716,1
129478,2302,445716,1
129478,4171,445716,1
129478,4262,445716,1
129478,5433,445716,1
129478,10527,445716,1
129478,11406,445716,1
129500,3031,445760,1
129500,3229,445760,1
129503,4762,445690,1
129510,4480,445708,1
129510,5420,445708,1
129526,9163,445718,1
129553,1844,445703,1
129554,7428,445695,1
129570,1316,445698,1
129570,8791,445702,1
129583,8170,445734,1
129583,9197,445734,1
129583,9262,445734,1
129584,1729,445703,1
129589,1533,445692,1
129599,1649,445759,1
129599,8220,445759,1
129599,9262,445759,1
129627,1720,445712,1
129628,154,445736,1
129633,1225,445704,1
129633,3098,445704,1
129633,10426,445704,1
129661,11006,445704,1
129664,11055,445761,1
129667,10369,445695,1
129693,7428,445742,1
129699,1573,445717,1
129702,9138,445689,1
129710,2302,445700,1
129724,9143,445761,1
129724,9262,445761,1
129741,1396,445715,1
129741,1585,445715,1
129741,2445,445715,1
129741,3401,445715,1
129741,3544,445715,1
129741,6217,445715,1
129741,6784,445715,1
129741,7132,445715,1
129741,7134,445715,1
129741,8062,445715,1
129741,9262,445715,1
129741,10120,445715,1
129741,10248,445715,1
129760,1316,445761,1
129769,3295,445692,1
129769,4762,445692,1
129769,5197,445692,1
129769,7546,445692,1
129773,10120,445708,1
129780,5465,445734,1
129780,8062,445734,1
129836,2445,445718,1
129836,2509,445718,1
129838,9911,445701,1
129877,5784,445696,1
129878,1798,445714,1
129879,2013,445704,1
129879,3401,445704,1
129883,4982,445761,1
129891,6246,445691,1
129891,9262,445691,1
129893,9971,445759,1
129913,57,445702,1
129913,3625,445702,1
129913,4906,445702,1
129922,1787,445703,1
129922,3686,445703,1
129922,4200,445703,1
129929,11207,445736,1
129930,154,445692,1
129930,11386,445692,1
129933,154,445704,1
129933,6683,445704,1
129935,154,445711,1
129935,4755,445711,1
129935,8751,445711,1
129935,9262,445711,1
129938,4989,445692,1
129938,5445,445692,1
129947,1316,445703,1
129965,185,445702,1
129965,9846,445702,1
129969,2809,445702,1
129970,3401,445695,1
129970,9262,445695,1
129984,6358,445692,1
129984,6910,445692,1
129984,7851,445692,1
129984,9042,445692,2
129984,9262,445692,1
129995,154,445702,1
130000,4989,445715,1
130012,4167,445742,1
130021,4746,445758,1
130021,9083,445758,1
130021,10554,445758,1
130021,11386,445758,1
130038,5916,445735,1
130043,6535,445704,1
130043,7754,445704,1
130052,6942,445711,1
130065,154,445701,1
130074,713,445705,1
130098,6535,445707,1
130098,9262,445707,1
130098,10120,445707,1
130115,878,445711,1
130117,4639,445690,1
130138,4639,445700,1
130149,6167,445758,1
130155,4415,445708,1
130161,8062,445698,1
130174,5513,445708,1
130183,722,445689,1
130183,6303,445689,1
130201,6019,445709,1
130201,8062,445709,1
130206,154,445736,1
130206,5433,445736,1
130211,1537,445715,1
130211,3544,445715,1
130211,4344,445715,1
130211,10120,445715,1
130226,7611,445697,1
130238,10695,445696,1
130242,7730,445717,1
130247,154,445735,1
130247,4639,445735,1
130247,5223,445735,1
130247,7064,445735,1
130266,9709,445709,1
130277,8115,445710,1
130278,3452,445692,1
130278,4521,445692,1
130278,8798,445692,1
130278,9128,445692,1
130286,154,445689,1
130286,3401,445689,1
130286,4344,445689,1
130286,4639,445689,1
130286,4762,445689,1
130286,7569,445689,1
130293,4639,445701,1
130293,5942,445701,1
130293,6979,445701,1
130296,4639,445691,1
130296,7569,445691,1
130300,6458,445698,1
130313,154,445760,1
130338,154,445758,1
130338,5011,445758,1
130338,5094,445758,1
130338,5480,445758,1
130343,405,445717,1
130343,8016,445717,1
130343,11386,445717,1
130345,461,445694,1
130350,4622,445692,1
130350,6938,445692,1
130350,9262,445692,1
130371,3728,445717,1
130371,8003,445717,1
130371,10120,445717,1
130372,1991,445735,1
130372,2113,445735,1
130372,3030,445735,1
130372,3401,445735,1
130372,6032,445735,1
130372,6595,445735,1
130372,9262,445735,1
130372,11252,445735,1
130410,10426,445703,2
130415,722,445702,1
130415,8452,445702,1
130415,10047,445702,1
130430,6018,445758,1
130437,3381,445758,1
130446,3815,445761,1
130446,4762,445761,1
130446,6845,445761,1
130446,8220,445761,1
130446,10114,445761,1
130448,4639,445704,1
130448,9262,445704,1
130449,10788,445701,1
130467,4171,445689,1
130467,6285,445689,1
130467,8791,445689,1
130467,11386,445689,1
130488,154,445694,1
130488,9262,445694,1
130496,154,445692,1
130496,4639,445692,1
130496,7569,445692,1
130500,154,445711,1
130500,7563,445711,1
130500,10120,445711,1
130511,3586,445717,1
130569,7428,445761,1
130569,7633,445761,1
130569,11229,445761,1
130584,1771,445758,1
130584,2902,445758,1
130584,3188,445758,1
130584,8220,445758,1
130584,9318,445758,1
130624,7748,445707,1
130625,2096,445760,1
130625,8037,445759,1
130625,11196,445760,1
130634,3020,445691,1
130647,154,445736,1
130647,1649,445736,1
130662,1500,445698,1
130662,4222,445698,1
130696,1649,445700,1
130696,7132,445700,1
130707,5400,445713,1
130713,154,445699,1
130713,2809,445699,1
130727,7183,445718,1
130742,3885,445698,1
130742,4222,445698,1
130742,4639,445698,1
130742,8062,445698,1
130742,9262,445698,1
130762,2479,445761,1
130764,3382,445701,1
130772,805,445718,1
130775,4762,445735,1
130775,5197,445735,1
130783,4639,445708,1
130820,9262,445692,1
130834,9462,445700,1
130844,1783,445700,1
130852,4222,445699,1
130865,154,445742,1
130870,552,445759,1
130871,9407,445692,1
130892,2509,445709,1
130895,1316,445711,1
130901,2716,445696,1
130901,8924,445696,1
130901,10237,445696,1
130912,1763,445717,1
130912,4639,445717,1
130912,5312,445717,1
130912,5391,445717,1
130912,6257,445717,1
130912,6426,445717,1
130912,7951,445717,1
130912,9068,445717,1
130912,9816,445717,1
130915,1649,445758,1
130915,2210,445758,1
130915,5011,445758,1
130915,9187,445758,1
130919,9976,445694,1
130939,154,445736,1
130939,10532,445736,1
130945,154,445689,1
130948,6514,445690,1
130949,10120,445710,1
130960,862,445758,1
130960,7398,445758,1
130960,10635,445758,1
130960,11386,445758,1
130966,9262,445706,1
130967,1194,445758,1
130976,2809,445716,1
130976,5858,445716,1
130976,6938,445716,1
130976,7013,445716,1
130976,7097,445716,1
130976,8220,445716,1
130981,4952,445718,1
130983,1372,445713,1
130983,5295,445713,1
130983,10743,445691,1
130985,4820,445690,1
131000,3728,445708,1
131000,9262,445708,1
131000,10086,445708,1
131001,2548,445711,1
131001,9941,445711,1
131018,1574,445704,1
131018,6156,445704,1
131018,10333,445704,1
131032,8062,445761,1
131063,154,445735,1
131063,8016,445735,1
131063,9103,445735,1
131063,11386,445735,1
131089,10509,445693,1
131097,154,445690,1
131097,154,445716,1
131132,3073,445702,1
131132,10516,445702,1
131141,847,445698,1
131143,3871,445715,1
131143,4434,445715,1
131143,9005,445715,1
131149,3728,445713,1
131158,1194,445760,1
131158,5011,445760,1
131170,4792,445702,1
131171,3592,445693,1
131171,3956,445693,1
131180,4639,445704,1
131186,5858,445690,1
131188,981,445711,1
131215,8791,445689,1
131228,11008,445697,1
131232,540,445712,1
131236,154,445698,1
131236,3871,445698,1
131236,4639,445698,1
131236,9262,445698,1
131241,2959,445761,1
131249,4989,445712,1
131249,7013,445712,1
131249,9262,445712,1
131250,8566,445711,1
131250,9138,445711,1
131252,1685,445689,1
131252,3295,445759,1
131252,4207,445689,1
131252,4207,445759,1
131252,4762,445689,1
131252,4762,445759,1
131252,5480,445689,1
131252,5480,445759,1
131252,10426,445689,1
131252,10426,445759,1
131253,4044,445758,1
131253,5662,445758,1
131260,7569,445742,1
131260,10120,445742,1
131285,6545,445692,7
131302,540,445691,1
131353,1527,445694,1
131353,2662,445694,1
131353,3524,445694,1
131362,4345,445715,1
131362,6514,445715,1
131362,9613,445715,1
131382,2738,445735,1
131391,1142,445710,1
131391,3401,445710,1
131399,2096,445710,1
131399,4553,445710,1
131399,6235,445710,1
131399,6488,445710,1
131399,11386,445710,1
131402,3334,445709,1
131402,3826,445709,1
131403,154,445703,1
131403,1396,445703,1
131403,8062,445703,1
131419,9262,445696,1
131419,9262,445715,1
131430,4639,445735,1
131444,9083,445717,1
131454,722,445698,1
131454,1132,445698,1
131454,3027,445698,1
131454,4171,445698,1
131454,5570,445698,1
131454,8898,445698,1
131454,9395,445698,1
131454,10020,445698,1
131479,154,445692,1
131479,457,445692,1
131479,2299,445692,1
131479,2462,445692,1
131479,2498,445692,1
131479,3048,445692,1
131479,3142,445692,1
131479,4158,445692,1
131479,4181,445692,1
131479,4504,445692,1
131479,4762,445692,1
131479,5197,445692,1
131479,6443,445692,1
131479,6748,445692,1
131479,6934,445692,1
131479,8016,445692,1
131479,10253,445692,1
131479,10426,445692,1
131479,10514,445692,1
131479,11386,445692,1
131479,11402,445692,1
131499,243,445718,3
131499,722,445718,6
131499,4448,445718,3
131499,6513,445718,3
131499,6742,445718,3
131520,154,445736,1
131545,1396,445694,1
131545,3871,445694,1
131545,6995,445694,1
131585,8016,445705,1
131586,154,445735,1
131589,4222,445760,1
131590,154,445735,1
131590,8111,445735,1
131592,3342,445703,1
131592,6019,445703,1
131594,11382,445709,1
131595,3563,445736,1
131597,722,445696,1
131597,4171,445696,1
131597,8178,445696,1
131597,8341,445696,1
131599,7569,445735,1
131599,9262,445735,1
131599,10122,445735,1
131605,5311,445761,1
131608,9699,445695,1
131619,4697,445689,1
131646,4635,445711,1
131661,7594,445693,1
131661,8791,445693,1
131661,10914,445693,1
131661,11161,445693,1
131671,895,445701,1
131676,6475,445691,1
131676,6475,445741,1
131697,11386,445707,1
131701,3238,445705,1
131701,10248,445705,1
131702,1860,445701,1
131726,154,445698,1
131762,5480,445712,1
131773,4639,445689,1
131773,8062,445689,1
131782,4639,445716,1
131793,4639,445735,1
131793,8588,445735,1
131793,9262,445735,1
131805,154,445698,1
131840,7922,445694,1
131849,9579,445698,1
131849,9579,445718,1
131849,11386,445698,1
131849,11386,445718,1
131857,9256,445741,1
131869,8220,445714,1
131879,154,445709,1
131879,8791,445709,1
131879,10120,445709,1
131896,154,445691,1
131896,1164,445691,1
131896,4639,445691,1
131896,6784,445691,1
131896,7132,445691,1
131896,8062,445691,1
131896,8791,445691,1
131896,9138,445691,1
131899,3401,445690,1
131899,6445,445690,1
131899,7749,445690,1
131899,8963,445690,1
131899,10729,445690,1
131903,154,445741,1
131905,9364,445697,1
131925,4639,445695,1
131940,4639,445713,1
131940,7013,445713,1
131940,8062,445713,1
131953,702,445742,1
131953,796,445742,1
131953,1215,445742,1
131953,1923,445742,1
131953,4762,445742,1
131953,6397,445742,1
131953,6628,445742,1
131953,7091,445742,1
131953,10615,445742,1
131953,11113,445742,1
131957,4639,445697,1
131963,299,445698,1
131963,7013,445698,1
131963,8220,445698,1
131969,6784,445698,1
131984,3401,445707,1
131984,7850,445707,1
131984,9103,445707,1
131984,9262,445707,1
131989,154,445717,1
131989,4639,445699,1
132029,714,445702,1
132033,154,445701,1
132033,154,445761,1
132033,6019,445761,1
132039,1839,445697,1
132039,1955,445697,1
132039,5695,445697,1
132039,8096,445697,1
132039,8712,445697,1
132039,9083,445697,1
132069,9520,445761,1
132074,1316,445741,1
132074,5465,445741,1
132074,9262,445741,1
132082,9419,445735,1
132085,9262,445690,1
132087,3401,445700,1
132087,3638,445700,1
132087,9262,445700,1
132093,154,445707,1
132093,405,445707,1
132093,722,445707,1
132093,5149,445707,1
132093,8016,445707,1
132093,9262,445707,1
132093,10120,445707,1
132109,9138,445691,1
132111,4344,445689,2
132111,4344,445690,1
132111,4344,445708,1
132111,5474,445708,1
132111,9262,445708,1
132111,10248,445689,2
132111,10248,445690,1
132115,4229,445716,1
132115,8581,445716,1
132115,10758,445716,1
132126,1058,445742,1
132129,154,445759,1
132132,1956,445701,1
132132,8791,445701,1
132132,9262,445701,1
132132,9536,445701,1
132132,10197,445701,1
132133,770,445736,1
132133,7570,445736,1
132133,9051,445736,1
132133,11030,445736,1
132136,722,445693,1
132168,2532,445735,1
132168,2997,445735,1
132174,4639,445699,1
132179,149,445698,1
132183,5489,445699,1
132199,1189,445690,1
132199,8233,445690,1
132199,9138,445690,1
132209,3401,445698,1
132219,957,445742,1
132219,2809,445697,1
132219,8220,445697,1
132245,9262,445761,1
132257,713,445690,1
132284,722,445690,1
132284,8016,445690,1
132304,154,445692,1
132304,4720,445692,1
132310,4639,445714,1
132310,5805,445714,1
132310,8170,445714,1
132310,10120,445714,1
132320,4762,445691,1
132323,8746,445708,1
132323,9209,445708,1
132330,3329,445758,1
132330,3815,445758,1
132330,5094,445758,1
132330,6784,445758,1
132330,7132,445758,1
132337,1025,445701,2
132342,3702,445710,1
132342,11011,445710,1
132354,2809,445712,1
132363,6458,445700,1
132364,1649,445699,1
132370,89,445701,1
132370,154,445701,1
132370,2096,445701,1
132370,2374,445701,1
132370,9667,445701,1
132384,6845,445758,1
132387,6938,445718,1
132387,7977,445718,1
132394,2027,445706,1
132409,2096,445695,1
132409,3118,445695,1
132409,4891,445695,1
132409,7092,445695,1
132409,9243,445689,1
132409,9262,445695,1
132409,9326,445695,1
132409,9709,445689,1
132413,3401,445704,1
132413,4639,445704,1
132413,6019,445704,1
132413,6189,445704,1
132413,9262,445704,1
132415,3055,445741,1
132419,1094,445761,1
132425,7428,445699,1
132441,4639,445703,1
132442,3638,445691,1
132454,874,445734,1
132454,1670,445734,1
132454,3401,445734,1
132454,9262,445734,1
132465,7013,445742,1
132484,5465,445713,1
132497,6938,445698,1
132502,7221,445735,1
132506,1649,445707,1
132506,10660,445702,1
132507,5107,445734,1
132507,9313,445734,1
132507,9660,445734,1
132546,10395,445695,1
132546,10702,445695,1
132549,3582,445700,1
132553,3638,445694,1
132553,9138,445694,1
132569,154,445698,1
132570,5695,445690,1
132588,8697,445700,1
132591,3624,445706,1
132591,4171,445706,1
132591,6683,445706,1
132598,960,445698,1
132598,3193,445698,1
132598,3401,445698,1
132598,9262,445698,1
132614,1142,445714,1
132614,3382,445714,1
132614,5668,445714,1
132614,5751,445714,1
132614,6248,445714,1
132614,7085,445714,1
132614,9289,445714,1
132653,3111,445701,1
132653,4615,445701,1
132663,154,445759,1
132663,4639,445698,1
132663,8062,445711,1
132668,6784,445706,1
132668,8062,445706,1
132676,2307,445736,1
132676,8757,445736,1
132678,2716,445718,1
132685,2809,445704,1
132689,4635,445734,1
132700,2809,445713,1
132700,5858,445713,1
132700,7094,445713,1
132700,10020,445713,1
132737,8451,445692,2
132751,1784,445692,1
132767,10120,445713,1
132779,6030,445735,1
132780,286,445741,1
132792,10743,445691,1
132795,4639,445700,1
132807,9217,445742,1
132813,2096,445759,1
132813,8224,445759,1
132813,8712,445759,1
132813,9262,445759,1
132833,55,445736,1
132836,1932,445706,1
132836,5385,445706,1
132839,7013,445701,1
132847,401,445692,1
132857,1194,445701,1
132863,8376,445709,1
132863,9896,445709,1
132868,1316,445708,2
132868,9138,445708,1
132880,154,445705,1
132880,722,445705,1
132880,4639,445705,1
132886,8712,445703,1
132894,4639,445700,1
132901,9797,445714,1
132929,6514,445700,1
132940,11092,445761,1
132976,8791,445701,1
132983,5298,445761,1
132983,7514,445761,1
132995,10395,445717,1
133067,9579,445716,1
133074,8586,445705,1
133075,5465,445709,1
133078,3638,445689,1
133078,8062,445689,1
133078,8588,445689,1
133078,9262,445689,1
133103,1634,445693,1
133103,4171,445693,1
133103,8681,445693,1
133103,9536,445693,1
133142,154,445703,1
133142,185,445703,1
133142,367,445703,1
133142,1142,445703,1
133142,5566,445703,1
133142,9262,445703,1
133149,722,445691,1
133149,1164,445691,1
133149,8791,445691,1
133153,6372,445695,1
133168,154,445689,1
133168,5620,445689,1
133168,6503,445689,1
133204,154,445689,1
133204,4639,445689,1
133218,8195,445718,1
133242,4136,445711,1
133251,6535,445707,1
133255,154,445717,1
133274,154,445701,1
133287,1472,445712,1
133287,5838,445712,1
133287,9262,445712,1
133287,9513,445712,1
133289,9262,445695,1
133318,7569,445691,1
133329,5858,445695,1
133329,10001,445695,1
133330,9262,445699,1
133335,154,445699,1
133356,3638,445694,1
133357,1492,445698,1
133357,4203,445698,1
133374,7569,445708,1
133392,3737,445761,1
133392,9262,445761,1
133394,6248,445702,1
133408,9283,445695,1
133416,3401,445692,1
133416,4626,445692,1
133416,4639,445692,1
133416,9262,445692,1
133437,7569,445704,1
133437,9326,445704,1
133444,835,445713,1
133444,3585,445713,1
133444,9764,445713,1
133453,6845,445760,1
133453,9262,445760,1
133454,4689,445700,1
133454,6427,445700,1
133454,6784,445700,1
133461,102,445703,1
133461,4639,445703,1
133461,8681,445703,1
133499,4639,445699,1
133506,5770,445717,1
133529,8712,445703,1
133529,11085,445703,1
133532,3401,445760,1
133532,9262,445760,2
133532,10761,445760,1
133537,4079,445709,3
133537,5156,445709,3
133537,9505,445709,1
133553,11386,445709,1
133560,5858,445715,1
133560,9294,445715,1
133571,2067,445706,1
133574,8337,445694,1
133576,4762,445698,1
133578,2,445690,1
133578,119,445690,1
133578,244,445690,1
133578,882,445690,1
133578,1667,445690,1
133578,2738,445690,1
133578,3769,445690,1
133578,4458,445690,1
133578,5449,445690,1
133578,6689,445690,1
133578,6784,445690,1
133578,7346,445690,1
133578,8740,445690,1
133591,9138,445689,1
133595,6986,445759,1
133604,4313,445704,1
133608,1853,445692,1
133616,154,445735,1
133620,10697,445692,1
133635,1887,445736,1
133635,9262,445736,2
133635,10248,445736,1
133635,11386,445736,1
133639,4639,445700,1
133639,7569,445700,1
133644,6784,445759,1
133652,6399,445718,1
133691,2302,445690,1
133691,9723,445690,1
133696,154,445706,1
133706,4762,445712,1
133712,5465,445712,1
133712,8062,445712,1
133714,4813,445742,1
133721,154,445704,1
133721,4411,445704,1
133736,9262,445700,1
133750,1649,445699,1
133750,3401,445696,1
133750,5474,445699,1
133750,6784,445696,1
133750,9262,445699,1
133767,5993,445691,1
133767,6262,445691,1
133771,154,445712,1
133771,722,445712,1
133771,2847,445712,1
133771,3076,445712,1
133771,4344,445712,1
133771,9262,445712,1
133771,10224,445712,1
133783,1316,445742,1
133783,3401,445742,1
133783,9262,445742,1
133799,113,445689,1
133799,2096,445689,1
133814,1649,445712,1
133835,154,445694,1
133835,722,445694,1
133835,1537,445694,1
133835,3076,445694,1
133835,4639,445694,1
133855,20,445717,1
133855,5462,445717,1
133855,5862,445717,1
133858,1710,445760,1
133858,3401,445760,1
133858,3945,445760,1
133864,8062,445693,1
133867,1649,445735,1
133873,154,445702,1
133873,6360,445702,1
133879,3750,445709,1
133888,154,445699,1
133888,8220,445699,1
133899,2602,445689,1
133899,4219,445689,1
133899,4841,445689,1
133899,6205,445689,1
133913,7085,445717,1
133913,8688,445717,1
133923,4639,445703,1
133924,4639,445703,1
133927,722,445710,1
133927,2096,445710,1
133927,9806,445710,1
133930,6458,445694,1
133937,1962,445705,1
133937,3890,445705,1
133937,6746,445705,1
133937,10924,445705,1
133941,169,445691,1
133941,1028,445691,1
133941,1984,445691,1
133941,3001,445691,1
133941,3148,445691,1
133941,3266,445691,1
133941,3706,445691,1
133941,3851,445691,1
133941,4204,445691,1
133941,4856,445691,1
133941,4925,445691,1
133941,5502,445691,1
133941,5643,445691,1
133941,6022,445691,1
133941,7641,445691,1
133941,8423,445691,1
133941,8640,445691,1
133941,9259,445691,1
133941,9635,445691,1
133941,10190,445691,1
133941,10244,445691,1
133941,10352,445691,1
133941,10540,445691,1
133941,10827,445691,1
133941,10932,445691,1
133941,11385,445691,1
133943,4443,445691,1
133944,1251,445694,1
133966,7549,445714,1
133966,10137,445714,1
133967,3519,445715,1
133967,9262,445715,1
133967,10120,445715,1
133973,2622,445702,1
133974,8225,445760,1
133974,9262,445760,1
133982,2556,445712,1
133985,2809,445694,1
133989,2809,445696,1
133989,11386,445696,1
133997,5195,445736,1
134003,91,445692,1
134003,4171,445692,1
134003,8868,445692,1
134003,9262,445692,1
134003,10224,445692,1
134029,8712,445705,1
134038,6769,445705,1
134038,8509,445705,1
134038,10120,445705,1
134039,5420,445758,1
134039,11073,445758,1
134041,5432,445708,1
134061,2548,445700,1
134061,4639,445700,1
134063,6784,445711,1
134072,102,445698,1
134072,6478,445698,1
134072,9262,445698,1
134080,405,445742,1
134080,10529,445742,1
134085,154,445694,1
134085,722,445694,1
134085,4344,445694,1
134085,4639,445694,1
134085,4762,445694,1
134085,6841,445694,1
134085,7569,445694,1
134085,7956,445694,1
134090,4639,445701,1
134116,2445,445761,1
134116,9262,445761,1
134121,4949,445697,1
134123,7011,445715,1
134129,3638,445696,1
134131,4684,445718,1
134178,7379,445714,1
134178,8348,445714,1
134178,9262,445714,1
134178,9879,445714,1
134178,11399,445714,1
134188,5157,445736,1
134188,6053,445736,1
134188,8220,445736,1
134212,951,445715,1
134212,7293,445715,1
134234,10811,445703,1
134265,12,445699,1
134269,3401,445718,2
134269,9262,445718,2
134269,9914,445718,1
134307,722,445698,1
134344,154,445735,1
134344,4639,445689,1
134360,6683,445691,1
134360,9262,445691,1
134366,9138,445691,1
134375,7429,445691,1
134390,5755,445758,1
134390,7518,445758,1
134396,9262,445706,1
134399,9083,445695,1
134400,5938,445759,1
134400,6248,445759,1
134421,11386,445706,1
134437,3133,445693,1
134438,3728,445704,1
134438,7132,445704,1
134438,10998,445704,1
134443,4408,445718,1
134443,9651,445718,1
134450,5782,445758,1
134450,6019,445758,1
134450,7754,445758,1
134450,8220,445758,1
134464,10484,445704,1
134480,9262,445708,1
134488,7132,445712,1
134488,9033,445712,1
134488,9138,445712,1
134488,10248,445712,1
134507,2548,445710,1
134507,4639,445710,1
134507,9262,445710,1
134518,9998,445699,1
134532,154,445758,1
134532,835,445758,1
134532,2744,445758,1
134532,10529,445758,1
134538,9979,445717,1
134540,9671,445713,1
134561,7584,445760,1
134563,130,445704,1
134563,1448,445704,1
134563,4261,445704,1
134563,8799,445704,1
134566,1084,445712,1
134578,3227,445695,1
134584,7762,445696,1
134592,4260,445705,1
134592,4762,445705,1
134607,154,445735,1
134607,154,445736,1
134607,2096,445735,1
134607,2096,445736,1
134607,8016,445735,1
134607,8016,445736,1
134607,10120,445735,1
134607,10120,445736,1
134607,11386,445735,1
134607,11386,445736,1
134612,3357,445692,1
134656,882,445692,1
134656,3401,445695,1
134656,3923,445706,1
134656,5815,445692,1
134656,6235,445695,1
134656,7132,445692,1
134656,7569,445706,1
134656,8062,445706,1
134656,9138,445692,1
134656,9138,445706,1
134656,9262,445695,1
134663,9528,445697,1
134663,11386,445697,1
134665,1998,445694,1
134665,2545,445694,1
134665,7922,445694,1
134665,11079,445694,1
134674,3328,445717,1
134688,154,445689,1
134688,4639,445689,1
134688,8791,445689,1
134692,1096,445759,1
134692,2809,445759,1
134694,5677,445692,1
134707,8016,445705,1
134723,154,445692,1
134723,2809,445692,1
134723,4989,445692,1
134765,6784,445734,1
134766,4639,445735,1
134774,4639,445695,1
134774,8791,445695,1
134776,9042,445690,1
134793,2767,445704,1
134797,1817,445718,1
134797,8782,445704,1
134821,154,445705,1
134833,6784,445761,1
134840,833,445761,1
134850,154,445706,1
134850,722,445706,1
134850,2407,445706,1
134850,2809,445706,1
134850,3401,445706,1
134850,3728,445706,1
134850,3871,445706,1
134850,3946,445706,1
134850,4171,445706,1
134850,4639,445706,1
134850,4755,445706,1
134850,5863,445706,1
134850,6535,445706,1
134850,7569,445706,1
134850,8681,445706,1
134850,9138,445706,1
134850,9262,445706,1
134850,9536,445706,1
134850,10529,445706,1
134850,10998,445706,1
134852,847,445707,1
134852,10053,445707,1
134860,5429,445697,1
134871,722,445698,1
134871,3076,445704,1
134871,3082,445704,1
134871,3401,445704,1
134871,3732,445698,1
134871,4434,445698,1
134871,7094,445698,1
134871,7094,445704,1
134881,11386,445700,1
134890,3990,445759,1
134890,4762,445759,1
134890,7132,445759,1
134890,7134,445759,1
134896,154,445694,1
134901,3638,445692,1
134901,5465,445692,1
134901,9138,445692,1
134910,154,445703,1
134911,9262,445759,1
134914,154,445693,1
134914,1164,445693,1
134914,4639,445693,1
134914,6784,445693,1
134914,7132,445693,1
134914,8062,445693,1
134914,8791,445693,1
134914,9138,445693,1
134919,9262,445713,1
134937,9536,445690,1
134938,2253,445699,1
134938,6874,445699,1
134940,9262,445696,1
134943,154,445699,1
134943,5011,445761,1
134979,5681,445703,1
134999,3638,445689,1
134999,6784,445689,1
134999,7132,445689,1
134999,8062,445689,1
134999,8952,445689,1
134999,9262,445689,1
134999,10345,445689,1
135000,185,445692,1
135000,722,445692,1
135000,1142,445692,1
135000,3839,445692,1
135000,4639,445692,1
135000,7956,445692,1
135000,8016,445692,1
135000,8686,445692,1
135000,10248,445692,1
135012,8147,445718,1
135040,154,445692,1
135040,722,445692,1
135040,6514,445692,1
135041,6196,445718,1
135062,722,445718,1
135062,4434,445718,1
135062,9425,445718,1
135070,4639,445707,1
135070,5094,445707,1
135070,9262,445707,1
135104,1649,445735,1
135113,770,445760,1
135124,1362,445759,1
135127,1396,445736,1
135127,9262,445736,1
135141,154,445714,1
135141,10120,445714,1
135142,154,445717,1
135142,1396,445717,1
135149,5858,445735,1
135151,9547,445692,1
135161,2096,445734,1
135161,6931,445734,1
135189,11147,445734,1
135194,10465,445691,1
135202,2730,445705,1
135222,185,445717,1
135222,2148,445717,1
135222,3728,445717,1
135222,10883,445717,1
135237,1649,445736,1
135237,3495,445736,1
135237,6065,445736,1
135237,7013,445736,1
135237,8461,445736,1
135237,9083,445736,1
135237,9569,445736,1
135246,4171,445690,1
135275,154,445704,1
135275,4938,445704,1
135275,6986,445704,1
135280,1244,445710,1
135280,4762,445710,1
135292,8016,445702,1
135292,8791,445702,1
135292,9262,445702,1
135292,10529,445702,1
135303,10224,445707,1
135316,4639,445701,1
135338,3638,445758,1
135348,1396,445717,1
135348,2161,445717,1
135348,4354,445717,1
135360,8219,445710,1
135360,9262,445710,1
135360,10617,445710,1
135373,4639,445691,1
135399,8266,445710,1
135408,5819,445697,1
135408,9243,445697,1
135425,1146,445704,1
135425,1239,445704,1
135425,2422,445704,1
135425,3157,445704,1
135425,4207,445704,1
135425,4762,445704,1
135425,4875,445704,1
135425,4968,445704,1
135425,9377,445704,1
135425,9427,445704,1
135426,6962,445690,1
135427,5562,445690,1
135427,6535,445690,1
135427,8791,445690,1
135427,9262,445690,1
135431,2264,445734,1
135434,11386,445717,1
135436,9262,445706,1
135436,10215,445706,1
135436,10333,445706,1
135442,4639,445696,1
135463,154,445717,1
135463,9262,445717,1
135470,6784,445713,1
135470,7132,445713,1
135494,3728,445713,1
135494,5465,445713,2
135496,185,445701,1
135496,1317,445701,1
135496,10152,445701,1
135496,11386,445701,1
135502,4639,445691,1
135503,4762,445716,1
135503,4911,445716,1
135503,5566,445716,1
135503,7802,445716,1
135510,4323,445691,1
135512,29,445692,1
135537,1910,445697,1
135566,154,445689,1
135566,1164,445689,1
135566,4639,445689,1
135566,4639,445690,1
135566,6784,445689,1
135566,7132,445689,1
135566,7132,445690,1
135566,7569,445690,1
135566,8062,445689,1
135566,8791,445689,1
135566,9138,445689,1
135566,9138,445690,1
135566,9262,445690,1
135586,6019,445760,1
135586,6260,445760,1
135594,1786,445717,1
135594,1786,445718,2
135594,7279,445717,1
135594,7279,445718,2
135596,8016,445707,1
135606,3401,445696,1
135606,10969,445696,1
135607,6387,445698,1
135607,8062,445698,1
135607,9262,445698,1
135620,4639,445741,1
135620,7013,445741,1
135624,405,445735,1
135624,722,445735,1
135624,6857,445735,1
135627,7054,445710,1
135628,1304,445698,1
135628,3526,445698,1
135628,9545,445698,1
135648,3342,445705,1
135657,6514,445691,1
135666,9295,445761,1
135705,5965,445691,1
135711,154,445735,1
135711,3342,445712,1
135722,1649,445701,1
135722,3049,445701,1
135722,3728,445701,1
135722,7013,445701,1
135732,5088,445711,1
135733,8348,445697,1
135739,4938,445758,1
135755,6514,445693,1
135755,8062,445693,1
135756,2986,445710,1
135756,7569,445710,1
135773,7132,445708,1
135773,9262,445708,1
135789,6784,445712,1
135789,6784,445714,1
135793,6235,445704,1
135798,722,445689,1
135798,1316,445689,1
135798,4639,445689,1
135798,7569,445689,1
135798,8062,445689,1
135798,8791,445689,1
135798,9138,445689,1
135801,11386,445759,1
135803,5094,445742,1
135820,8016,445691,1
135823,456,445710,1
135823,471,445710,1
135823,7331,445710,1
135824,6272,445692,1
135847,9138,445698,1
135853,5011,445759,1
135859,3728,445709,1
135859,4639,445709,1
135859,4762,445709,1
135859,10120,445709,1
135864,11233,445735,1
135866,154,445712,1
135871,433,445691,1
135871,6972,445691,1
135884,1273,445701,1
135893,1237,445758,1
135893,1316,445758,1
135893,3401,445758,1
135893,3638,445758,1
135893,3728,445758,1
135893,3815,445758,1
135893,5011,445758,1
135893,5094,445758,1
135893,7473,445758,1
135893,8062,445758,1
135893,9262,445758,2
135896,1164,445709,2
135896,1316,445709,1
135896,2847,445709,1
135896,5465,445709,1
135896,6235,445709,1
135896,6745,445709,1
135896,7428,445709,1
135896,8062,445709,1
135896,8177,445709,1
135896,8588,445709,1
135896,9250,445709,1
135896,9262,445709,1
135896,10424,445709,1
135899,722,445703,1
135899,1649,445703,1
135899,3025,445703,1
135899,8016,445703,1
135899,10415,445703,1
135917,4639,445714,1
135917,10120,445714,1
135922,6742,445718,1
135922,10120,445718,1
135922,10195,445718,1
135931,11386,445698,1
135935,5838,445708,1
135935,9262,445708,1
135950,4442,445735,1
135953,6475,445691,1
135955,5513,445758,1
135955,9513,445758,1
135960,8347,445736,1
135960,8718,445736,1
135960,9262,445736,1
135966,1765,445735,1
135966,9262,445735,1
135983,8062,445690,1
136001,10474,445718,1
136003,3401,445703,1
136003,4639,445703,1
136003,9262,445703,1
136025,154,445695,1
136025,7013,445695,1
136028,7882,445717,1
136034,1396,445693,1
136034,3728,445701,1
136034,3750,445693,1
136034,3871,445693,1
136034,6995,445693,1
136034,7948,445693,1
136034,8062,445701,1
136034,8353,445693,1
136034,9138,445701,1
136034,9262,445701,1
136034,9490,445701,1
136034,10284,445693,1
136090,2509,445709,1
136125,2809,445695,1
136137,154,445702,1
136138,7482,445714,1
136156,154,445704,1
136156,1316,445704,1
136156,3728,445704,1
136168,710,445760,8
136168,10300,445760,8
136172,4639,445707,1
136172,10120,445707,1
136175,8016,445707,1
136175,11386,445692,1
136189,5465,445711,1
136205,5465,445712,1
136211,2628,445705,2
136223,859,445735,1
136223,10212,445735,1
136230,4407,445697,1
136230,9504,445697,1
136231,7953,445696,1
136235,1184,445698,1
136235,2440,445698,1
136235,4279,445698,1
136235,4493,445698,1
136235,5474,445698,1
136235,9262,445698,1
136235,9331,445698,1
136235,11205,445698,1
136236,3684,445711,1
136239,10120,445712,1
136259,5465,445715,1
136265,154,445716,1
136278,5858,445718,1
136278,10120,445718,1
136282,8686,445706,1
136289,4705,445696,1
136300,9262,445760,1
136304,1396,445692,1
136304,9262,445692,1
136309,2809,445708,1
136314,4337,445702,1
136314,10661,445702,1
136323,154,445717,1
136342,4289,445760,1
136342,4341,445760,1
136342,4668,445760,1
136342,8062,445760,1
136342,9262,445760,1
136347,4762,445689,1
136347,5197,445689,1
136347,8062,445689,1
136351,9138,445700,1
136363,899,445715,1
136383,7155,445761,1
136404,1119,445698,1
136415,3222,445692,1
136415,6938,445692,1
136448,3624,445697,1
136448,6683,445697,1
136458,9681,445758,1
136461,154,445700,1
136461,4171,445700,1
136461,4755,445700,1
136463,4480,445706,1
136466,564,445715,1
136475,8062,445735,1
136480,1316,445713,1
136486,5639,445702,1
136486,5681,445702,1
136486,6784,445702,1
136486,8016,445702,1
136486,8220,445702,1
136486,9579,445702,1
136493,1631,445697,1
136493,1880,445697,1
136493,5482,445697,1
136493,6367,445697,1
136493,6995,445697,1
136493,9103,445697,1
136497,154,445692,1
136497,405,445692,1
136497,777,445692,1
136497,2064,445692,1
136497,3946,445692,1
136497,4344,445692,1
136497,4639,445692,1
136497,7429,445692,1
136497,7569,445692,1
136497,7850,445692,1
136497,8791,445692,1
136497,9318,445692,1
136520,3497,445700,1
136520,5213,445700,1
136525,4344,445701,1
136525,4820,445701,1
136556,154,445689,1
136556,1739,445689,1
136556,7569,445689,1
136556,8791,445689,1
136561,4762,445761,1
136568,7132,445694,1
136568,8062,445694,1
136574,154,445716,1
136574,2809,445716,1
136574,5035,445716,1
136581,1190,445691,1
136581,1420,445691,1
136581,5420,445691,1
136581,8069,445691,1
136581,8916,445691,1
136587,9396,445694,1
136587,10710,445694,1
136607,3638,445690,1
136611,4816,445689,1
136629,7548,445702,1
136633,10504,445696,1
136651,1792,445706,1
136651,5572,445706,1
136651,8584,445706,1
136665,2809,445699,1
136677,353,445691,1
136690,8063,445702,1
136715,310,445699,1
136715,722,445699,1
136715,3728,445699,1
136715,3871,445699,1
136715,8062,445699,1
136724,154,445714,1
136753,3638,445694,1
136753,9262,445694,1
136753,10333,445694,1
136763,4639,445689,1
136763,9262,445689,1
136769,8496,445693,1
136796,381,445692,1
136796,4989,445692,1
136796,7128,445692,1
136798,4091,445698,1
136803,154,445716,1
136803,6818,445716,1
136822,1164,445708,1
136822,1537,445708,1
136822,4762,445708,1
136822,5513,445708,1
136822,6514,445708,1
136822,8063,445708,1
136834,2562,445694,1
136840,286,445760,1
136840,4344,445742,1
136844,1534,445760,1
136844,4215,445760,1
136844,4459,445760,1
136844,6055,445760,1
136844,9262,445760,1
136844,9789,445760,1
136844,10344,445760,1
136863,4639,445735,1
136885,3975,445700,1
136885,5887,445700,1
136885,7296,445718,1
136885,10172,445702,1
136885,11333,445718,1
136895,4023,445707,1
136895,4023,445708,1
136913,766,445689,1
136913,2548,445689,1
136913,6784,445689,1
136913,7132,445689,1
136914,928,445690,1
136914,7013,445690,1
136914,7132,445690,1
136914,9262,445690,1
136925,1316,445710,1
136925,5465,445710,1
136925,8062,445710,1
136930,10053,445696,1
136946,154,445759,1
136946,1142,445759,1
136946,6784,445759,1
136946,7132,445759,1
136946,7569,445759,1
136956,3643,445759,1
136961,4430,445758,1
136980,154,445736,1
136980,1649,445736,1
136980,2445,445714,1
136980,2445,445736,1
136980,6784,445714,1
136986,722,445708,1
136986,1853,445708,1
136992,4007,445694,1
136992,6273,445694,1
136992,7078,445694,1
136992,9536,445694,1
136992,11241,445694,1
136994,154,445716,1
136994,1164,445716,1
137023,4041,445707,1
137046,722,445690,1
137046,4989,445690,1
137046,9920,445690,1
137049,3401,445692,1
137049,8791,445692,1
137049,9138,445692,1
137049,9262,445692,1
137059,2809,445718,1
137065,6689,445708,1
137072,2942,445691,1
137103,722,445689,1
137103,10754,445689,1
137111,722,445697,1
137111,3401,445697,1
137111,4639,445697,1
137111,9262,445697,1
137111,11386,445697,1
137120,835,445716,1
137120,3871,445716,1
137120,7315,445716,1
137120,7995,445716,1
137130,8586,445695,1
137141,9010,445690,1
137141,11140,445690,1
137147,1029,445702,1
137147,4222,445702,1
137156,5602,445712,1
137169,3638,445691,1
137176,154,445704,1
137176,4762,445704,1
137177,1649,445761,1
137177,4345,445761,1
137177,4762,445761,1
137177,5011,445761,1
137177,8220,445761,1
137180,1194,445734,1
137180,2492,445734,1
137180,2810,445734,1
137180,6966,445734,1
137180,8759,445734,1
137180,8905,445734,1
137180,8962,445734,1
137180,10720,445734,1
137180,10874,445734,1
137181,10120,445715,1
137182,994,445760,1
137204,8799,445695,1
137220,20,445713,1
137223,5099,445698,1
137226,19,445760,1
137226,154,445694,1
137226,603,445760,1
137226,1389,445694,1
137226,1634,445760,1
137247,2077,445691,1
137247,2584,445691,1
137247,4344,445735,1
137247,7569,445735,1
137247,10743,445735,1
137276,6028,445690,1
137281,154,445710,1
137281,1312,445707,1
137281,4639,445707,1
137281,6514,445707,1
137281,6876,445710,1
137281,8681,445707,1
137281,10020,445710,1
137305,10106,445761,1
137313,154,445691,1
137322,1500,445711,1
137322,1500,445735,1
137324,9262,445758,1
137334,6692,445690,1
137349,7736,445693,1
137349,8593,445693,1
137368,2161,445700,1
137368,5197,445700,1
137368,5863,445700,1
137368,9138,445700,1
137368,10739,445700,1
137368,11406,445700,1
137392,4813,445695,1
137401,7080,445690,1
137401,9138,445690,1
137401,9181,445690,1
137407,154,445716,1
137421,8016,445716,1
137430,1649,445710,1
137445,4639,445709,2
137450,10120,445702,1
137465,11047,445710,1
137475,2929,445700,1
137475,3568,445700,1
137475,6973,445700,1
137489,938,445760,1
137489,1595,445760,1
137489,3401,445760,1
137489,4762,445760,1
137489,4853,445760,1
137489,5819,445760,1
137489,7473,445760,1
137489,8220,445760,1
137489,10884,445760,1
137489,11350,445760,1
137489,11386,445760,1
137501,6938,445715,1
137513,6458,445694,1
137515,405,445759,1
137515,6215,445759,1
137522,154,445698,1
137522,5400,445700,1
137522,7306,445698,1
137522,7306,445700,1
137525,4222,445698,1
137531,102,445696,1
137531,4762,445696,1
137531,4994,445696,1
137531,5197,445696,1
137558,4639,445695,1
137570,154,445715,1
137570,1814,445715,1
137570,9262,445715,1
137575,722,445714,1
137575,4762,445714,1
137585,390,445710,1
137591,3728,445704,1
137591,4992,445704,1
137591,6996,445704,1
137605,5094,445742,1
137605,9431,445742,1
137609,5646,445760,1
137609,7740,445760,2
137610,4300,445709,1
137610,11010,445709,1
137618,6235,445734,1
137619,889,445718,1
137621,10999,445709,1
137622,154,445707,1
137627,537,445742,1
137636,5478,445692,1
137636,8191,445692,1
137670,722,445697,2
137670,4141,445697,2
137670,4755,445697,2
137670,6514,445697,2
137670,7956,445697,2
137680,1309,445696,1
137686,1649,445713,1
137686,3572,445713,1
137686,8220,445713,1
137691,6784,445690,1
137693,9262,445692,1
137703,233,445695,1
137703,2303,445695,1
137704,3153,445701,1
137704,6938,445701,1
137704,8493,445701,1
137712,3921,445700,1
137712,4639,445700,1
137712,7569,445700,1
137718,1194,445736,1
137718,3480,445736,1
137733,154,445707,1
137744,154,445714,1
137744,11099,445714,1
137753,9262,445714,1
137781,4639,445691,1
137784,405,445697,1
137784,9103,445697,1
137786,102,445708,1
137786,1142,445708,1
137786,1257,445708,1
137786,1370,445708,1
137786,4524,445708,1
137786,4639,445708,1
137786,6784,445708,1
137786,6810,445708,1
137793,9101,445699,1
137823,473,445717,1
137832,1316,445689,1
137832,3638,445689,1
137832,9138,445689,1
137832,9297,445689,1
137856,1762,445710,1
137874,722,445700,1
137874,1086,445700,1
137874,2147,445700,1
137875,4135,445694,1
137882,2827,445690,1
137882,3638,445690,1
137882,9138,445690,1
137913,3032,445690,1
137913,5782,445690,1
137913,7118,445690,1
137917,7132,445758,1
137917,9262,445758,1
137919,8660,445698,1
137930,735,445736,1
137930,1147,445736,1
137930,1829,445736,1
137930,3342,445736,1
137930,4762,445736,1
137930,5383,445736,1
137930,8492,445736,1
137930,9240,445736,1
137930,9708,445736,1
137930,10226,445736,1
137957,7183,445692,1
137959,154,445694,1
137959,4639,445694,1
137959,7569,445694,1
137959,9103,445694,1
137959,9297,445694,1
137967,2809,445701,1
137972,154,445742,1
137972,221,445742,1
137972,1062,445742,1
137972,2445,445742,1
137972,4639,445742,1
137972,6784,445742,1
137972,8681,445742,1
137973,1055,445706,1
137973,3076,445706,1
137973,4249,445706,1
137973,6818,445706,1
137973,9262,445706,1
137996,4639,445713,1
137996,5465,445713,1
138015,4220,445705,1
138021,6458,445714,1
138064,2401,445705,1
138064,6301,445705,1
138072,4639,445759,1
138072,8799,445759,1
138072,9262,445759,1
138073,847,445701,1
138074,5513,445708,1
138075,8062,445709,1
138075,9262,445709,1
138082,2510,445758,1
138084,722,445708,1
138098,154,445690,1
138105,10120,445705,1
138112,102,445700,1
138112,709,445700,1
138112,722,445700,1
138112,3401,445700,1
138112,6514,445700,1
138112,8681,445700,1
138112,10692,445700,1
138131,9534,445707,1
138133,3248,445693,1
138137,5858,445718,1
138143,4426,445711,1
138143,9522,445711,1
138143,10478,445711,1
138162,7569,445734,1
138162,9318,445734,1
138168,154,445696,1
138168,2809,445696,1
138174,3220,445718,1
138174,8260,445718,1
138174,9653,445718,1
138180,4639,445691,1
138193,1503,445712,1
138193,10120,445712,1
138196,4434,445717,1
138209,2096,445713,1
138209,2809,445713,1
138209,4989,445713,1
138213,1649,445706,1
138213,6784,445706,1
138213,9262,445706,1
138225,8963,445760,2
138234,2096,445716,1
138265,8062,445713,1
138268,2594,445742,1
138269,405,445694,1
138269,9318,445694,1
138289,8682,445707,1
138289,10120,445707,1
138338,9262,445703,1
138342,442,445716,1
138354,1164,445691,1
138354,8566,445691,1
138364,1202,445697,1
138364,3342,445697,1
138364,5984,445697,1
138364,6260,445697,1
138364,9262,445697,1
138367,2658,445758,1
138385,10395,445761,5
138418,1528,445714,1
138418,4171,445714,2
138418,4331,445714,1
138418,8146,445714,1
138418,9628,445714,1
138422,1166,445693,1
138422,4307,445693,1
138422,8116,445693,1
138422,10117,445693,1
138431,4639,445700,1
138433,8745,445696,1
138438,10369,445734,1
138467,8846,445761,1
138470,6248,445689,1
138473,7998,445699,1
138475,10120,445714,1
138481,6751,445699,1
138485,1396,445708,1
138485,9262,445708,1
138485,10120,445708,1
138535,5681,445696,1
138542,3638,445689,1
138545,4555,445711,1
138549,9262,445705,1
138568,3401,445713,1
138568,4059,445713,1
138568,6625,445742,1
138568,8763,445713,1
138568,9262,445713,1
138568,9592,445742,1
138568,10020,445713,1
138568,10248,445742,1
138568,10743,445742,1
138591,4639,445692,1
138593,4465,445698,1
138593,6807,445701,1
138595,11292,445741,1
138617,4669,445759,1
138619,3269,445716,1
138619,6970,445698,1
138619,9528,445698,1
138621,4762,445760,1
138625,6019,445760,1
138625,9262,445760,1
138655,10120,445734,1
138688,9447,445708,1
138723,154,445706,1
138732,4002,445718,1
138732,7658,445718,1
138745,6574,445711,1
138746,8062,445698,1
138769,154,445701,1
138795,318,445710,1
138795,3092,445710,1
138795,7089,445710,1
138795,8516,445710,1
138795,9758,445710,1
138798,1094,445704,1
138802,3638,445760,1
138802,7574,445760,1
138803,3401,445695,1
138803,9262,445695,1
138824,307,445760,1
138824,8307,445760,1
138824,8963,445760,2
138824,9864,445760,1
138826,5465,445712,1
138829,4639,445705,1
138829,8016,445705,1
138837,11096,445760,1
138839,889,445718,1
138847,950,445710,1
138847,1634,445710,1
138847,1887,445710,1
138847,3750,445710,1
138847,4639,445710,1
138847,6535,445710,1
138847,6784,445710,1
138847,8681,445710,1
138847,9138,445710,1
138855,7875,445696,1
138873,5858,445701,1
138874,6073,445712,1
138876,1649,445714,1
138876,4018,445714,1
138876,7013,445714,1
138876,7369,445714,1
138876,7569,445714,1
138876,10044,445714,1
138876,11386,445714,1
138882,3020,445711,1
138883,6818,445698,1
138884,540,445758,1
138903,5226,445716,1
138903,6000,445716,1
138903,8805,445716,1
138907,185,445691,1
138910,5739,445711,1
138923,3897,445691,1
138923,6341,445700,1
138923,6341,445702,1
138923,6343,445700,1
138923,6343,445702,1
138923,7905,445735,1
138923,8294,445761,1
138926,4639,445702,1
138926,10120,445702,1
138943,4007,445690,1
138943,7229,445690,1
138949,1115,445701,1
138949,4434,445701,1
138961,4978,445758,1
138968,4762,445713,1
138969,9218,445689,1
138969,9218,445714,1
138979,6248,445714,1
138979,7398,445714,1
138979,11008,445714,1
138982,4639,445702,1
138982,6784,445702,1
138982,7132,445702,1
138982,7372,445702,1
138982,8791,445702,1
138982,9138,445702,1
138982,10219,445702,1
138995,154,445693,1
138995,3589,445693,1
139010,7569,445690,1
139010,8062,445690,1
139024,2482,445712,1
139024,3418,445712,1
139033,5094,445708,1
139035,1483,445734,1
139035,8914,445734,1
139067,4639,445706,1
139069,154,445713,1
139069,6784,445713,1
139069,10390,445713,1
139074,5011,445761,1
139111,4639,445705,1
139121,154,445713,1
139122,798,445736,1
139122,1488,445736,1
139122,2302,445736,1
139122,4762,445736,1
139122,5197,445736,1
139122,5465,445736,1
139122,5863,445736,1
139122,7167,445736,1
139122,8062,445736,1
139136,1002,445761,1
139136,1446,445761,1
139136,11231,445761,1
139137,154,445698,1
139137,11000,445698,1
139143,154,445696,1
139143,4989,445696,1
139158,4762,445703,1
139187,154,445702,1
139194,154,445759,1
139194,4467,445759,1
139194,5356,445759,1
139194,7687,445759,1
139194,9748,445759,1
139195,713,445692,1
139195,3401,445691,1
139195,3401,445692,1
139195,3478,445692,1
139195,4232,445691,1
139195,4335,445692,1
139195,5492,445692,1
139195,6053,445692,1
139195,6260,445692,1
139195,7144,445692,1
139195,8686,445691,1
139195,8686,445692,1
139195,9262,445691,1
139195,9262,445692,2
139195,11333,445692,1
139198,1880,445699,1
139198,8791,445699,1
139199,4639,445695,1
139200,802,445695,1
139200,2785,445695,1
139200,2965,445695,1
139200,6273,445695,1
139200,8518,445695,1
139200,8963,445695,1
139209,722,445759,1
139209,5357,445759,1
139209,10743,445759,1
139210,1249,445690,1
139211,154,445695,1
139211,2716,445695,1
139211,4313,445695,1
139211,9917,445695,1
139211,10832,445695,1
139226,2096,445760,1
139226,2357,445760,1
139226,5011,445760,2
139233,2302,445703,1
139233,11164,445703,1
139241,109,445708,1
139241,10630,445708,1
139258,8016,445718,1
139263,1914,445689,1
139263,3130,445689,1
139263,7956,445689,1
139263,8924,445689,1
139263,9262,445689,1
139287,154,445700,1
139287,3728,445700,1
139287,4639,445700,1
139287,8645,445700,1
139287,9262,445700,1
139291,8398,445759,1
139297,9505,445706,1
139307,8062,445716,1
139340,10053,445702,1
139349,154,445691,1
139355,6324,445705,1
139355,10194,445705,1
139355,10529,445705,1
139355,11359,445705,1
139364,2827,445758,1
139364,5518,445758,1
139377,10585,445709,1
139378,1649,445741,1
139378,3995,445741,1
139378,7013,445741,1
139388,9262,445703,1
139394,1790,445742,1
139394,3525,445742,1
139400,11059,445701,1
139418,2809,445703,1
139418,6489,445696,1
139429,8141,445697,9
139454,8062,445699,1
139473,1316,445707,1
139473,8062,445707,1
139521,4639,445703,1
139539,154,445705,1
139564,3869,445697,1
139565,735,445716,1
139565,1685,445716,1
139565,4639,445716,1
139565,4762,445716,1
139565,6242,445716,1
139565,8063,445716,1
139565,9240,445716,1
139565,9708,445716,1
139565,10120,445716,1
139565,10426,445716,1
139565,10998,445716,1
139595,8791,445692,1
139598,3392,445692,1
139624,6285,445690,1
139627,219,445714,1
139650,10692,445712,1
139670,4639,445690,1
139681,537,445716,1
139684,3528,445741,1
139698,547,445716,1
139698,4554,445716,1
139698,5474,445716,1
139699,5106,445715,1
139705,722,445759,1
139705,5357,445759,1
139705,10743,445759,1
139706,5465,445711,1
139718,4462,445760,1
139723,963,445715,1
139727,154,445735,1
139728,326,445715,1
139732,185,445715,2
139732,597,445703,1
139732,1576,445715,2
139732,1639,445718,1
139732,1945,445715,2
139732,4984,445718,1
139732,6505,445718,1
139732,7741,445715,2
139732,7956,445715,2
139732,8219,445703,1
139732,8219,445715,2
139732,9262,445715,2
139732,10779,445718,1
139732,11099,445703,1
139744,2809,445711,1
139744,6742,445711,1
139744,9490,445711,1
139750,9286,445715,1
139753,7518,445735,1
139761,520,445690,1
139761,5456,445690,1
139761,9218,445690,1
139768,7639,445761,1
139780,1829,445704,1
139785,4989,445702,1
139794,9138,445691,1
139801,2450,445691,1
139801,3401,445691,1
139801,5332,445691,1
139801,7185,445691,1
139801,9262,445691,1
139813,5442,445691,1
139813,8868,445691,1
139816,4355,445711,1
139816,7132,445711,1
139818,2372,445742,1
139818,4207,445742,1
139818,4762,445742,1
139818,5197,445742,1
139818,7013,445742,1
139818,9262,445742,1
139818,10264,445742,1
139818,10529,445742,1
139818,10760,445742,1
139823,4639,445691,1
139841,2096,445705,1
139841,3076,445705,1
139841,4755,445705,1
139841,5474,445705,1
139841,9262,445705,1
139841,9552,445705,1
139850,3638,445691,1
139850,6019,445691,1
139850,8062,445691,1
139852,10998,445709,1
139864,7369,445706,1
139868,19,445691,1
139868,154,445691,1
139868,479,445691,1
139868,1164,445691,1
139868,4639,445691,1
139868,6784,445691,1
139868,7132,445691,1
139868,8062,445691,1
139868,8791,445691,1
139868,9138,445691,1
139872,102,445712,1
139872,154,445712,1
139872,2445,445712,1
139872,2548,445712,1
139872,3401,445712,1
139872,3728,445712,1
139872,8063,445712,1
139872,8337,445712,1
139872,8791,445712,1
139872,9262,445712,1
139875,2615,445712,1
139897,6019,445695,1
139897,9262,445695,1
139910,4632,445699,1
139910,8063,445699,1
139916,3401,445716,1
139916,3728,445716,1
139916,4639,445716,1
139916,8681,445716,1
139916,9262,445716,1
139921,5240,445760,1
139921,6475,445760,1
139921,6527,445760,1
139931,4639,445689,1
139938,2809,445714,1
139938,5858,445714,1
139938,8272,445714,1
139938,10012,445714,1
139950,4639,445696,1
139950,9262,445696,1
139963,91,445705,1
139963,154,445705,1
139963,4793,445705,1
139963,4989,445705,1
139970,10554,445709,1
139978,7357,445699,1
139988,154,445708,2
139993,9268,445691,2
140006,4639,445691,1
140009,5160,445704,1
140033,1478,445691,1
140033,4762,445691,1
140033,10174,445691,1
140037,4639,445692,1
140038,5735,445692,1
140039,3401,445702,1
140039,8016,445702,1
140039,8220,445702,1
140039,8712,445702,1
140053,2944,445710,1
140055,8062,445715,1
140060,664,445712,1
140060,3459,445712,1
140060,6017,445712,1
140060,6514,445712,1
140061,3728,445716,1
140061,9138,445716,1
140082,8016,445698,1
140087,646,445711,1
140087,8077,445711,1
140089,6111,445697,1
140089,8220,445697,1
140094,1076,445761,1
140110,3401,445691,2
140110,3871,445691,2
140110,9262,445691,2
140149,154,445696,1
140179,612,445705,1
140179,2068,445705,1
140179,4989,445705,1
140179,6072,445705,1
140190,310,445709,1
140190,3728,445709,1
140190,6810,445709,1
140239,938,445700,1
140239,10475,445700,1
140244,8257,445696,1
140248,4723,445759,1
140255,7862,445742,1
140255,10743,445742,1
140273,154,445690,1
140273,154,445691,1
140273,154,445704,1
140273,154,445705,1
140273,154,445710,1
140273,540,445704,1
140273,5328,445690,1
140273,5328,445691,1
140273,5328,445704,1
140273,5328,445705,1
140273,5328,445710,1
140277,3401,445716,1
140277,3728,445716,1
140277,4762,445716,1
140277,8062,445716,1
140278,4639,445696,1
140278,7569,445696,1
140278,9262,445696,1
140288,9536,445694,1
140289,6514,445697,1
140290,722,445691,1
140290,3401,445691,1
140293,2532,445696,1
140295,9097,445704,1
140296,154,445697,1
140309,722,445705,1
140336,4207,445709,1
140336,11386,445709,1
140341,154,445696,2
140341,1370,445696,2
140341,4207,445696,2
140341,4762,445696,2
140341,9262,445696,2
140352,517,445735,1
140355,722,445702,1
140355,1064,445702,1
140355,1497,445702,1
140355,1946,445702,1
140355,2380,445702,1
140355,2933,445702,1
140355,3147,445702,1
140355,4007,445702,1
140355,4774,445702,1
140355,4807,445702,1
140355,4922,445702,1
140355,5879,445702,1
140355,6658,445702,1
140355,7491,445702,1
140355,8394,445702,1
140355,8718,445702,1
140355,9167,445702,1
140355,9257,445702,1
140355,9262,445702,1
140355,11197,445702,1
140355,11379,445702,1
140355,11394,445702,1
140360,8681,445690,1
140365,1301,445704,1
140365,1453,445704,1
140365,10103,445704,1
140365,10136,445704,1
140365,11151,445704,1
140366,4669,445694,1
140366,6019,445694,1
140376,3401,445735,1
140376,4639,445689,1
140376,8062,445689,1
140376,8566,445689,1
140376,9262,445689,1
140376,9262,445735,1
140376,10120,445735,1
140376,10527,445735,1
140383,2445,445714,1
140397,4639,445709,1
140405,3750,445689,1
140411,260,445702,1
140411,685,445702,1
140411,9262,445702,1
140412,3473,445713,1
140418,4989,445705,1
140420,4528,445702,1
140432,3255,445698,1
140435,938,445690,1
140435,5425,445690,12
140435,9101,445690,1
140442,3033,445707,1
140442,3871,445707,1
140442,5379,445707,1
140442,9656,445707,1
140442,10413,445707,1
140465,9138,445691,1
140470,11011,445760,2
140483,10120,445705,1
140486,7473,445758,1
140490,3728,445706,1
140490,7013,445706,1
140490,9262,445706,1
140490,10120,445706,1
140496,4639,445705,1
140531,7094,445701,1
140531,9326,445701,1
140541,1968,445696,1
140542,722,445714,1
140553,2535,445697,1
140565,3508,445717,1
140565,8377,445717,1
140565,8649,445717,1
140596,3728,445701,1
140654,9752,445692,1
140658,154,445735,1
140658,2302,445735,1
140660,10426,445690,1
140664,154,445696,1
140664,2588,445696,1
140669,7281,445714,1
140685,5313,445707,1
140690,1649,445713,1
140693,6488,445735,1
140693,9286,445735,1
140709,11011,445716,1
140721,10404,445716,1
140724,3954,445691,1
140731,3728,445705,1
140733,1042,445759,1
140733,2684,445759,1
140733,2916,445759,1
140733,3243,445759,1
140733,7132,445759,1
140733,9262,445759,1
140733,11108,445759,1
140750,154,445689,1
140767,722,445709,1
140793,4374,445690,1
140794,540,445735,1
140794,1649,445735,1
140794,10120,445735,1
140799,154,445689,1
140814,3201,445718,1
140814,3577,445718,1
140814,4760,445718,1
140814,8658,445718,1
140814,8808,445718,1
140814,9776,445718,1
140814,10426,445718,1
140814,10964,445718,1
140828,777,445690,1
140828,777,445693,1
140828,1690,445693,1
140828,2812,445690,1
140828,3612,445689,1
140828,5474,445689,1
140828,5709,445689,1
140828,9262,445689,1
140828,9262,445690,2
140828,9262,445693,2
140828,10248,445689,1
140828,10529,445693,1
140846,6938,445713,1
140846,9103,445713,1
140846,9262,445713,1
140847,1649,445714,1
140847,3728,445714,1
140857,9332,445690,1
140861,6458,445703,1
140865,5011,445761,1
140865,8220,445761,1
140877,522,445701,1
140886,1316,445705,1
140886,3401,445705,1
140886,5465,445705,1
140886,6429,445705,1
140886,8385,445705,1
140886,10093,445705,1
140886,11386,445705,1
140909,4243,445709,1
140934,4048,445760,1
140934,7328,445760,1
140937,593,445761,1
140937,4502,445761,1
140937,4762,445761,1
140944,154,445698,1
140945,5474,445697,1
140960,154,445698,1
140960,1649,445761,1
140960,3871,445698,1
140960,4422,445761,1
140960,4762,445761,1
140960,8220,445761,1
140960,9262,445698,1
140986,3734,445709,1
140986,5465,445709,1
140986,7937,445709,1
140999,8141,445734,1
141021,10905,445707,1
141036,3401,445699,1
141036,3885,445699,1
141036,4639,445699,1
141037,4320,445704,1
141037,5700,445704,1
141037,10053,445704,1
141049,735,445708,1
141049,1216,445708,1
141049,8589,445708,1
141049,9708,445708,1
141064,8866,445698,1
141091,9262,445736,1
141139,4762,445711,1
141144,5197,445705,1
141144,9262,445705,1
141160,3642,445713,2
141178,8475,445736,1
141178,9522,445692,1
141178,9522,445708,1
141178,9522,445735,1
141184,3020,445700,1
141184,8931,445700,1
141191,86,445704,1
141200,9262,445712,1
141220,3271,445736,1
141220,9185,445736,1
141223,154,445760,1
141251,2077,445761,1
141251,3401,445761,1
141258,154,445736,1
141266,154,445706,1
141273,722,445711,1
141273,722,445712,2
141273,722,445713,1
141273,722,445714,1
141273,1835,445711,1
141273,1835,445712,1
141273,1835,445713,1
141273,1835,445714,1
141273,2096,445711,1
141273,2096,445712,2
141273,2096,445713,1
141273,2096,445714,1
141273,5423,445712,1
141276,123,445692,2
141276,1314,445692,1
141276,2404,445692,1
141276,4923,445692,2
141276,7339,445692,1
141276,9999,445692,1
141276,11035,445692,2
141285,6194,445700,1
141285,9599,445700,1
141300,11386,445714,1
141334,154,445701,1
141334,7110,445701,1
141334,7922,445701,1
141334,8016,445691,1
141334,8016,445701,1
141334,11386,445691,1
141350,405,445735,1
141350,5197,445735,1
141350,6784,445735,1
141350,10529,445735,1
141350,11386,445735,1
141358,3401,445714,1
141358,4201,445714,1
141358,9262,445714,1
141358,9307,445714,1
141363,3413,445717,1
141363,8585,445717,1
141363,10426,445717,1
141378,1219,445713,1
141378,7013,445713,1
141378,8016,445713,1
141378,11386,445713,1
141387,6514,445735,1
141389,2809,445692,1
141411,2096,445695,1
141417,154,445703,1
141425,2026,445716,1
141425,6019,445716,1
141432,954,445718,1
141441,9674,445758,1
141445,10284,445698,1
141446,1316,445761,1
141446,2809,445761,1
141446,3401,445761,1
141446,5801,445761,1
141446,7473,445761,1
141446,8220,445761,1
141446,9138,445761,1
141446,9262,445761,1
141446,9363,445761,1
141446,10337,445761,1
141467,231,445712,1
141467,2548,445712,1
141467,3018,445712,1
141467,3401,445712,1
141467,3728,445712,1
141467,5405,445712,1
141467,6810,445712,1
141467,9138,445712,1
141467,9262,445712,2
141467,11386,445712,2
141469,154,445692,1
141475,2809,445692,1
141475,7548,445705,3
141489,5694,445692,1
141495,5167,445713,1
141495,8016,445713,1
141526,722,445736,1
141526,1853,445736,1
141526,8109,445736,1
141526,11080,445736,1
141536,1094,445702,1
141536,1094,445703,1
141547,154,445699,1
141556,4762,445710,1
141595,376,445705,1
141601,154,445695,1
141601,1312,445695,1
141601,6762,445695,1
141618,1955,445690,1
141618,6982,445690,2
141618,8062,445690,2
141618,9262,445690,1
141633,2096,445697,1
141633,10053,445697,1
141634,4639,445708,1
141641,8432,445759,1
141659,5858,445700,1
141679,3638,445700,1
141704,722,445736,1
141704,2064,445736,1
141704,3401,445736,1
141704,3638,445736,1
141704,3815,445736,1
141704,4422,445736,1
141704,4639,445736,1
141704,6235,445736,1
141704,7956,445736,1
141704,8016,445736,1
141704,8062,445736,1
141704,9262,445736,1
141706,8482,445707,1
141706,8966,445707,1
141708,9138,445692,1
141709,10176,445718,1
141732,154,445705,1
141734,154,445693,1
141734,2213,445693,1
141744,10120,445702,1
141744,10698,445702,1
141748,2307,445759,1
141748,4531,445759,1
141748,4762,445759,1
141749,8062,445716,1
141767,9674,445713,1
141771,9138,445691,1
141773,7940,445718,1
141804,2509,445702,1
141804,6784,445702,1
141804,8686,445702,1
141807,5436,445759,1
141814,8717,445735,1
141814,10399,445735,1
141814,11129,445735,1
141823,6467,445760,1
141830,154,445760,1
141830,3025,445760,1
141830,7150,445760,1
141830,8220,445760,1
141830,9262,445760,1
141830,10120,445760,1
141830,11342,445760,1
141830,11386,445760,1
141831,431,445715,1
141861,6845,445758,1
141865,2257,445697,1
141865,6514,445697,1
141879,4639,445700,1
141879,7569,445700,1
141890,8747,445694,1
141908,5946,445700,1
141944,6414,445696,1
141953,2790,445701,1
141953,2790,445703,1
141953,4292,445701,1
141953,5930,445701,1
141953,7027,445701,1
141953,7027,445703,1
141953,7816,445701,1
141953,7816,445703,1
141953,10306,445703,1
141953,11386,445701,1
141953,11386,445703,1
141958,1019,445709,1
141962,154,445700,1
141962,8441,445700,1
141963,4639,445701,1
141963,8016,445701,1
141968,7569,445696,1
141968,9262,445696,1
141977,8277,445711,1
141977,10333,445711,1
141983,5465,445735,1
141989,154,445716,1
141989,8848,445716,1
141990,10120,445715,1
141994,2445,445713,1
141994,3638,445713,1
141997,154,445703,1
142018,1164,445735,1
142027,5270,445699,1
142027,9262,445699,1
142034,6938,445697,1
142035,8371,445703,1
142040,91,445741,1
142040,2746,445741,1
142050,1537,445690,1
142050,4639,445690,1
142050,4813,445690,1
142050,8062,445690,1
142050,8791,445690,1
142078,941,445698,1
142088,5900,445716,1
142093,5209,445691,2
142093,11384,445691,1
142120,154,445696,1
142120,4639,445696,1
142120,8062,445696,1
142124,9083,445715,1
142136,2309,445759,1
142138,4989,445689,1
142153,3170,445690,1
142153,4639,445690,1
142153,7284,445690,1
142153,9262,445690,1
142153,9276,445690,1
142153,10041,445690,1
142162,3728,445709,1
142162,8062,445709,1
142164,154,445703,1
142174,1649,445761,1
142174,9103,445761,1
142188,154,445713,1
142188,5482,445713,1
142194,185,445692,1
142194,3126,445692,1
142194,4762,445692,1
142195,10599,445760,1
142196,154,445692,1
142196,154,445693,1
142196,286,445693,1
142196,997,445693,1
142196,1226,445693,1
142196,4007,445693,1
142196,4171,445692,1
142196,4344,445692,1
142196,4755,445692,1
142196,5672,445693,1
142196,6784,445692,1
142196,6784,445693,2
142196,7132,445692,1
142196,7132,445693,1
142196,8608,445693,1
142205,154,445697,1
142205,452,445697,1
142205,722,445697,1
142205,1316,445697,1
142205,1537,445697,1
142205,3638,445697,1
142205,4344,445697,2
142205,4639,445697,1
142205,4813,445697,1
142205,5465,445697,1
142205,6514,445697,1
142205,8791,445697,1
142205,9138,445697,1
142205,9262,445697,1
142205,10120,445697,1
142214,2922,445712,1
142214,4887,445712,1
142214,7569,445712,1
142214,8791,445712,1
142220,1649,445715,1
142223,3283,445707,1
142223,4639,445707,1
142223,8016,445707,1
142223,9262,445707,1
142223,10953,445707,1
142235,9262,445692,1
142236,405,445734,1
142236,7283,445734,1
142243,9138,445701,1
142243,9262,445701,1
142246,1437,445759,1
142271,2405,445735,1
142271,4075,445735,1
142272,9262,445702,1
142281,154,445693,1
142296,1600,445758,1
142299,5858,445713,1
142308,5858,445714,1
142308,10120,445714,1
142337,3705,445713,1
142351,991,445761,1
142351,4639,445761,1
142354,5094,445742,1
142375,1394,445761,1
142375,2096,445761,1
142375,5011,445761,1
142375,9262,445761,1
142375,10114,445761,1
142375,10120,445761,1
142375,10540,445761,1
142379,405,445715,1
142379,3076,445715,1
142379,4989,445715,1
142394,10044,445701,1
142408,102,445692,1
142408,2893,445692,1
142408,3005,445692,1
142408,5460,445692,1
142414,3638,445694,1
142423,9262,445760,1
142443,6784,445715,1
142443,8062,445715,1
142464,9262,445692,1
142478,8530,445705,1
142485,1370,445759,1
142485,8122,445759,1
142485,8686,445759,1
142487,9262,445692,1
142499,5358,445691,1
142508,154,445704,1
142508,5681,445704,1
142508,9083,445704,1
142508,10529,445704,1
142510,5822,445699,1
142514,7569,445711,1
142517,6582,445690,1
142522,2575,445759,1
142522,3277,445759,1
142549,3020,445690,1
142553,154,445734,1
142553,10120,445734,1
142559,7623,445691,1
142559,7846,445691,1
142559,7966,445691,1
142568,586,445690,1
142568,586,445691,3
142568,586,445708,2
142568,586,445742,3
142568,7479,445690,1
142568,7479,445691,3
142568,7479,445708,2
142568,7479,445742,3
142572,5006,445703,1
142572,9708,445698,1
142579,3631,445699,1
142614,9138,445713,1
142636,6475,445698,1
142648,2500,445693,1
142648,3289,445693,1
142666,7080,445690,1
142666,7966,445690,1
142666,8062,445690,1
142666,8262,445690,1
142666,10391,445690,1
142672,8963,445761,1
142685,5957,445702,1
142698,1164,445695,1
142698,4639,445695,1
142698,8016,445695,1
142698,8220,445695,1
142698,9262,445695,1
142698,10390,445695,1
142701,9672,445713,1
142718,8686,445717,1
142718,9262,445717,1
142737,8791,445689,1
142742,637,445709,1
142742,2716,445690,1
142742,2716,445713,1
142742,2716,445758,1
142742,3243,445713,1
142742,4762,445709,1
142742,5590,445758,1
142742,6367,445713,1
142742,6538,445713,1
142742,6792,445758,1
142742,8093,445713,1
142742,9899,445758,1
142742,10371,445709,1
142751,5858,445692,1
142764,4639,445708,1
142767,3401,445708,1
142767,3728,445708,1
142767,3871,445708,1
142767,4639,445708,1
142767,9262,445708,1
142767,10120,445708,1
142783,9674,445701,1
142798,4480,445696,1
142812,10729,445700,1
142820,1599,445716,1
142820,3470,445758,1
142820,3483,445758,1
142820,4967,445758,1
142820,5566,445716,1
142820,5566,445758,1
142820,9000,445758,1
142820,9262,445758,2
142820,9709,445758,1
142825,154,445695,1
142852,3401,445718,3
142852,4171,445718,1
142852,6019,445718,1
142852,9262,445718,1
142852,9262,445736,1
142852,9722,445718,1
142852,10073,445736,1
142862,7375,445700,1
142863,11386,445712,1
142869,133,445709,1
142869,4762,445709,1
142876,185,445700,1
142878,6535,445703,1
142890,8062,445736,1
142911,7428,445742,1
142915,1164,445759,1
142915,4639,445759,1
142933,3652,445735,1
142935,960,445698,1
142937,154,445742,1
142949,4345,445734,1
142972,154,445689,1
142972,722,445689,1
142972,1705,445689,1
142972,1740,445689,1
142972,3401,445689,1
142972,4639,445689,1
142972,6011,445689,1
142972,6803,445689,1
142972,8016,445689,1
142972,8661,445689,1
142972,8681,445689,1
142972,9120,445689,1
142972,9700,445689,1
142972,10469,445689,1
142976,3871,445711,1
142976,6995,445711,1
142976,9262,445711,1
142976,10248,445711,1
142976,10390,445711,1
142976,11353,445711,1
142977,1972,445708,1
142985,154,445690,1
142985,154,445706,1
142985,7569,445713,1
142985,8791,445690,1
142992,722,445690,1
142992,9138,445690,1
142998,1880,445698,1
143005,6845,445761,1
143016,2809,445714,1
143016,4639,445714,1
143030,6019,445690,1
143030,8791,445690,1
143030,9243,445690,1
143049,154,445690,1
143058,3401,445689,1
143058,4639,445689,1
143058,6841,445689,1
143068,4639,445702,1
143075,2096,445690,1
143075,5853,445690,1
143075,6784,445690,1
143079,185,445701,1
143081,1431,445741,1
143082,4323,445716,1
143082,9573,445716,2
143084,4385,445713,1
143084,6929,445713,1
143084,6938,445713,1
143084,9262,445713,1
143084,10120,445713,1
143090,1732,445716,1
143090,10120,445716,1
143091,10997,445711,1
143094,8179,445711,1
143111,4838,445713,1
143114,8062,445736,1
143124,4023,445697,1
143126,154,445706,1
143126,2827,445706,1
143134,4639,445700,1
143134,6019,445712,1
143134,6784,445700,1
143134,6784,445712,1
143134,7132,445700,1
143137,2809,445709,1
143137,2989,445709,1
143158,474,445718,1
143158,731,445718,1
143158,2809,445718,1
143158,5862,445718,1
143158,7922,445718,1
143158,10129,445718,1
143159,5341,445718,1
143159,9307,445718,1
143171,3448,445694,1
143189,9083,445696,1
143189,11386,445696,1
143210,5858,445703,1
143227,8288,445691,1
143232,9590,445758,1
143235,5399,445741,1
143235,9018,445741,1
143235,9460,445741,1
143247,7364,445761,1
143249,6483,445702,1
143257,3269,445694,1
143259,1316,445718,1
143266,8062,445708,1
143283,3360,445711,1
143286,154,445700,1
143286,1307,445700,1
143286,8203,445700,1
143307,1316,445710,1
143307,2509,445710,1
143307,2548,445710,1
143307,4749,445710,1
143307,5094,445710,1
143307,6810,445710,1
143307,6925,445710,1
143307,7132,445710,1
143307,8062,445710,1
143307,9262,445710,1
143312,5400,445697,1
143327,4207,445758,1
143327,6488,445758,1
143337,5014,445734,1
143338,6535,445707,1
143338,7013,445707,1
143338,9256,445707,1
143338,9262,445707,1
143338,10390,445707,1
143341,9262,445708,1
143352,2096,445716,1
143364,102,445707,1
143364,223,445707,1
143364,590,445707,1
143364,835,445707,1
143364,1774,445707,1
143364,1830,445707,1
143364,2033,445707,1
143364,4647,445707,1
143364,6550,445707,1
143364,7168,445707,1
143364,10529,445707,1
143371,9138,445699,1
143415,154,445693,1
143415,7509,445693,1
143415,8035,445693,2
143415,10529,445693,1
143442,1649,445703,1
143442,9262,445703,1
143455,2399,445702,1
143455,4744,445702,1
143455,8681,445702,1
143455,9536,445702,1
143460,10234,445712,1
143463,2832,445712,1
143464,7483,445717,1
143464,10568,445716,1
143483,154,445736,1
143483,1164,445736,1
143483,1370,445736,1
143483,3401,445736,1
143483,7569,445736,1
143483,9262,445736,1
143483,10120,445736,1
143490,6290,445702,1
143490,7013,445702,1
143490,8841,445702,1
143498,2384,445713,1
143498,3401,445705,1
143498,4639,445705,1
143498,7569,445705,1
143498,9038,445713,1
143498,9262,445705,1
143498,9262,445713,1
143498,9536,445705,1
143502,8062,445690,1
143507,8449,445758,1
143507,9000,445758,2
143526,7509,445716,1
143529,9138,445760,1
143529,9262,445760,1
143529,9738,445760,1
143535,2594,445741,1
143535,2827,445741,1
143542,10120,445710,1
143543,2809,445761,1
143543,5419,445761,1
143543,9262,445759,1
143543,9262,445761,1
143575,9334,445710,1
143589,154,445698,1
143589,3401,445698,1
143589,3820,445698,1
143589,8791,445698,1
143589,9262,445698,1
143593,10261,445759,1
143600,8561,445700,1
143627,1400,445705,1
143630,4639,445699,1
143630,9138,445699,1
143639,10346,445696,1
143661,124,445758,1
143661,5011,445758,1
143676,154,445758,1
143676,777,445758,1
143688,4639,445712,1
143732,1316,445712,1
143732,3728,445712,1
143732,5465,445712,1
143743,9262,445696,1
143748,124,445761,1
143748,2509,445761,1
143748,3401,445761,1
143748,7473,445761,1
143748,8016,445761,1
143748,8220,445761,1
143748,9262,445761,1
143748,10114,445761,1
143748,10390,445761,1
143748,11126,445761,1
143748,11386,445761,1
143750,8301,445701,1
143783,3241,445742,1
143783,8801,445742,1
143784,154,445700,1
143784,154,445707,1
143784,154,445761,1
143784,3638,445689,2
143799,154,445696,1
143827,835,445717,1
143827,3476,445717,1
143827,11394,445717,1
143832,5513,445699,1
143832,8723,445699,1
143832,10998,445699,1
143832,11008,445699,1
143835,2214,445713,1
143864,3505,445694,1
143877,221,445717,1
143877,900,445717,1
143877,1316,445717,1
143877,1649,445717,1
143877,3728,445717,1
143877,5465,445717,1
143877,6784,445717,1
143877,7013,445717,1
143877,7372,445717,1
143877,8062,445717,1
143877,8109,445717,1
143877,9297,445717,1
143877,10120,445717,1
143886,154,445694,1
143886,7956,445694,1
143886,9268,445694,1
143912,1316,445761,1
143912,3815,445761,1
143912,4639,445761,1
143912,8791,445761,1
143912,10527,445761,1
143921,1264,445758,1
143922,2004,445715,1
143922,9268,445715,1
143922,9373,445715,1
143953,8062,445689,1
143964,969,445714,1
143964,3957,445714,1
143964,8201,445714,1
143964,9933,445714,1
143964,10060,445714,1
143969,154,445693,1
143974,3401,445689,1
143974,3638,445689,1
143974,8062,445689,1
143974,9262,445689,1
143976,1720,445707,1
143995,1986,445699,1
144000,3401,445760,1
144000,3815,445760,1
144000,5094,445760,1
144000,9262,445760,1
144000,10248,445760,1
144000,10527,445760,1
144022,10743,445690,1
144053,7473,445760,1
144057,437,445700,1
144057,2417,445700,1
144057,9262,445700,1
144057,9262,445760,1
144057,10567,445700,1
144057,10567,445760,1
144063,1869,445704,1
144063,7207,445704,1
144085,154,445691,1
144090,4600,445760,1
144118,286,445742,1
144118,5223,445742,1
144118,11128,445742,1
144128,9262,445705,1
144129,119,445759,1
144132,4434,445707,1
144132,10120,445707,1
144149,7398,445758,1
144150,1164,445716,1
144150,5921,445716,1
144150,6784,445716,1
144150,9550,445716,1
144183,1620,445694,1
144183,3417,445694,1
144183,4328,445694,1
144183,5459,445694,2
144183,5474,445694,1
144183,7094,445694,1
144183,7601,445694,1
144183,8588,445694,1
144183,9262,445694,1
144183,9271,445694,1
144183,10280,445694,1
144188,1889,445698,1
144188,4639,445698,1
144190,697,445696,1
144190,1142,445696,1
144223,154,445734,1
144223,6680,445734,1
144223,7215,445734,1
144223,7569,445734,1
144223,8166,445734,1
144223,9099,445734,1
144223,10120,445734,1
144245,2096,445702,1
144252,9929,445717,1
144257,11011,445715,1
144262,7604,445696,1
144262,9262,445696,1
144274,5041,445707,2
144303,8590,445695,1
144314,3279,445718,1
144314,9763,445718,1
144317,9333,445741,1
144320,4853,445699,1
144320,8380,445699,1
144340,11386,445701,1
144345,722,445709,1
144350,154,445696,1
144365,5037,445759,1
144365,10020,445759,1
144370,1368,445758,1
144370,2975,445758,1
144370,3296,445758,1
144370,8195,445761,1
144370,8220,445761,1
144370,9149,445758,1
144370,9766,445758,1
144379,5706,445760,1
144388,4639,445741,1
144412,3690,445695,1
144412,10098,445695,1
144423,2809,445697,1
144423,5858,445697,1
144436,4639,445734,1
144436,7569,445734,1
144437,9262,445700,1
144459,154,445693,1
144463,4318,445706,1
144463,9262,445706,1
144463,10195,445706,1
144467,154,445689,1
144468,10788,445760,2
144471,3401,445692,1
144471,8791,445692,1
144471,9262,445692,1
144472,722,445718,1
144480,8062,445690,1
144486,7548,445760,1
144486,8220,445760,1
144491,1164,445690,1
144491,1537,445690,1
144491,3638,445690,1
144491,4639,445690,1
144491,6235,445690,1
144491,6784,445690,1
144491,7132,445690,1
144491,8686,445690,1
144491,9138,445690,1
144492,3076,445699,1
144492,3871,445699,1
144492,6995,445699,1
144504,4187,445715,1
144511,1184,445713,1
144519,5465,445711,1
144523,4557,445693,1
144531,722,445709,1
144531,2445,445709,2
144531,2509,445709,1
144531,3401,445709,1
144531,3638,445709,1
144531,3728,445709,1
144531,4639,445709,1
144531,5094,445709,1
144531,5501,445709,1
144531,7013,445709,1
144531,8016,445709,1
144531,9262,445709,1
144534,10104,445693,1
144538,5044,445760,1
144538,11311,445760,1
144539,154,445712,1
144539,3769,445712,1
144539,7569,445712,1
144546,71,445758,1
144560,4989,445711,1
144560,8016,445711,1
144561,1783,445717,1
144561,1974,445717,1
144561,2900,445717,1
144561,3401,445717,1
144561,6826,445717,1
144561,8267,445717,1
144561,9262,445717,1
144561,9583,445717,1
144577,722,445694,1
144592,1764,445703,1
144592,4889,445703,1
144605,8062,445736,1
144606,5681,445735,1
144607,154,445708,1
144618,11386,445736,1
144622,11386,445701,1
144628,4762,445713,1
144628,9286,445713,1
144655,10001,445694,1
144664,6845,445761,1
144664,7870,445761,1
144664,9262,445761,1
144665,9138,445708,1
144668,3401,445689,1
144668,9262,445689,1
144669,9422,445717,1
144671,154,445709,1
144671,861,445707,1
144675,722,445691,1
144675,5358,445691,1
144675,5992,445691,1
144687,2809,445693,1
144687,5197,445693,1
144687,5858,445693,1
144687,7723,445693,1
144687,8016,445693,1
144690,576,445711,1
144690,3401,445711,1
144690,9262,445711,1
144690,9404,445711,1
144690,11353,445711,1
144693,6475,445705,1
144700,2723,445712,1
144706,4639,445761,1
144706,5011,445761,1
144715,1164,445703,1
144716,154,445700,1
144716,11386,445700,1
144734,2809,445698,1
144734,3401,445698,1
144734,6938,445698,1
144734,9262,445698,1
144750,9579,445718,1
144776,5647,445735,1
144784,6236,445709,1
144788,4222,445734,1
144789,5021,445742,1
144823,7548,445692,1
144823,9479,445692,1
144847,9262,445690,1
144858,153,445711,1
144858,5465,445711,1
144871,10012,445711,1
144911,3537,445690,1
144911,3643,445710,1
144911,7569,445710,1
144911,8791,445690,1
144911,9262,445690,1
144911,9276,445710,1
144911,9536,445690,1
144912,10120,445717,1
144920,10251,445714,1
144922,4639,445691,1
144922,5681,445691,1
144948,154,445717,1
144948,9262,445717,1
144966,4639,445708,1
144966,10120,445708,1
144980,843,445702,1
144987,154,445698,1
144987,154,445705,1
144987,405,445705,1
144987,597,445705,1
144987,3401,445705,1
144987,4755,445698,1
144987,6784,445698,1
144987,9262,445698,1
144987,9262,445705,1
144997,3401,445711,1
144997,9262,445711,1
144997,9919,445711,1
144999,9262,445708,1
145010,2694,445707,1
145025,486,445759,1
145025,8875,445759,1
145025,9665,445759,1
145025,9733,445759,1
145030,6260,445705,1
145031,154,445701,1
145031,1069,445701,1
145031,1798,445701,1
145031,10390,445701,1
145031,10770,445701,1
145050,6938,445690,1
145050,6955,445690,1
145055,2083,445735,1
145055,3697,445735,1
145055,5481,445735,1
145055,6579,445735,1
145055,7628,445735,1
145055,10996,445735,1
145078,1649,445701,1
145078,3401,445701,1
145078,7922,445701,1
145080,722,445736,1
145080,8016,445736,1
145080,8062,445736,1
145080,9250,445736,1
145082,11011,445718,1
145082,11386,445718,1
145092,154,445694,1
145093,9490,445701,1
145101,154,445706,1
145101,6784,445706,1
145101,10120,445706,1
145102,7142,445692,1
145125,10053,445717,1
145127,1480,445692,1
145127,7996,445692,1
145127,8068,445692,1
145132,9505,445707,1
145170,9390,445703,1
145173,6019,445713,1
145174,7569,445691,1
145174,9262,445691,1
145177,10053,445715,1
145202,4639,445761,1
145208,3020,445702,1
145208,4386,445702,1
145208,5253,445702,1
145208,6239,445702,1
145211,5482,445698,1
145211,9851,445698,1
145217,4639,445741,1
145217,9262,445741,1
145226,8062,445701,1
145228,1649,445761,1
145228,4639,445761,1
145228,5011,445761,1
145239,635,445707,1
145239,2806,445707,1
145239,6514,445707,1
145239,7217,445707,1
145239,10513,445707,1
145244,154,445696,1
145244,7569,445696,1
145249,722,445698,1
145249,1114,445698,1
145249,3890,445698,1
145253,124,445716,1
145253,1649,445716,1
145253,9498,445716,1
145253,10044,445716,1
145266,154,445705,1
145279,4639,445710,1
145279,10120,445710,1
145295,10120,445736,1
145298,9138,445691,1
145299,635,445704,1
145299,2548,445704,1
145299,6938,445704,1
145304,9262,445689,1
145342,2548,445703,1
145342,2548,445708,1
145342,4378,445703,1
145342,7878,445708,1
145342,8681,445703,1
145342,8681,445708,1
145342,9377,445708,1
145342,9709,445708,1
145346,7432,445696,1
145365,4639,445715,1
145368,6367,445705,1
145368,8016,445705,1
145368,8886,445705,1
145373,8062,445760,1
145375,8220,445761,1
145375,11386,445761,1
145390,3728,445692,1
145390,7398,445692,1
145396,154,445704,1
145396,10527,445704,1
145403,2040,445691,1
145403,2809,445691,1
145403,5858,445691,1
145403,6938,445691,1
145403,10195,445691,1
145413,9262,445716,1
145418,5044,445761,1
145430,4520,445760,1
145430,5095,445760,1
145431,154,445692,1
145431,8016,445692,1
145440,7829,445716,1
145457,8063,445702,1
145484,6019,445707,1
145484,9262,445707,1
145505,3401,445718,1
145506,7473,445760,2
145515,3342,445690,1
145515,4639,445690,1
145515,8791,445690,1
145531,1156,445696,1
145533,405,445707,1
145533,1731,445707,1
145541,6110,445718,1
145593,4639,445691,1
145593,8791,445691,1
145605,3950,445736,1
145605,11386,445736,1
145618,6367,445736,1
145618,9262,445736,1
145619,3207,445706,1
145620,9268,445690,1
145621,1649,445701,1
145647,154,445699,1
145647,6358,445699,1
145647,9262,445699,1
145648,3525,445716,1
145651,437,445706,1
145651,2509,445706,1
145651,5501,445706,1
145651,5773,445706,1
145651,6784,445706,1
145651,7132,445706,1
145651,10542,445706,1
145660,2809,445691,1
145660,4762,445691,1
145663,10120,445689,1
145667,154,445700,1
145710,4639,445691,1
145710,4639,445695,1
145714,5858,445691,3
145750,1537,445741,1
145750,2737,445741,1
145750,3071,445741,1
145750,4639,445741,1
145750,5011,445741,1
145768,10597,445742,1
145784,154,445698,1
145790,5545,445735,1
145790,6235,445735,1
145821,1649,445716,1
145821,3341,445698,1
145822,7814,445716,1
145847,8337,445696,1
145869,154,445716,1
145869,1194,445716,1
145869,1649,445716,1
145869,8016,445716,1
145873,3401,445689,1
145873,9138,445689,1
145873,9262,445689,1
145893,124,445759,1
145893,8062,445759,1
145893,11386,445759,1
145901,2577,445698,1
145913,154,445691,1
145913,154,445716,1
145913,6784,445691,1
145913,6784,445716,1
145913,7132,445691,1
145913,7132,445716,1
145913,8791,445691,1
145913,10120,445716,1
145914,1303,445736,1
145932,7214,445718,1
145955,6260,445695,1
145971,11236,445712,1
145978,3815,445759,1
145978,5501,445759,1
145978,10539,445759,1
145997,4639,445701,1
146006,10395,445697,1
146009,6784,445760,1
146015,4344,445713,1
146015,5513,445713,1
146015,9138,445713,1
146017,380,445718,1
146017,2138,445718,1
146017,2173,445718,1
146017,4302,445718,1
146017,5788,445718,1
146017,10385,445718,1
146020,10788,445742,5
146021,6938,445718,1
146026,7056,445760,1
146026,7821,445760,1
146028,2603,445760,1
146029,10079,445690,1
146040,185,445703,1
146040,2148,445703,1
146040,5025,445703,1
146040,7509,445703,1
146040,9797,445703,1
146058,722,445706,1
146078,7922,445690,1
146086,9138,445690,1
146092,544,445734,1
146092,829,445734,1
146092,3003,445734,1
146092,3840,445734,1
146092,3947,445734,1
146092,5920,445734,1
146092,6784,445734,1
146092,7477,445734,1
146092,7900,445734,1
146092,8018,445734,1
146092,11296,445734,1
146122,154,445700,1
146125,9268,445696,1
146125,10925,445696,1
146127,1537,445689,1
146127,4639,445689,1
146133,3728,445707,1
146133,6390,445707,1
146133,10822,445707,1
146137,4206,445742,1
146151,5858,445712,1
146165,405,445696,1
146165,5858,445696,1
146177,154,445692,1
146178,2357,445758,1
146195,5400,445711,1
146207,386,445691,1
146207,2218,445691,1
146207,2218,445759,1
146207,3401,445690,1
146207,3401,445759,1
146207,4232,445691,1
146207,7284,445691,1
146207,9262,445690,1
146207,9262,445759,1
146207,10875,445691,1
146211,8681,445694,1
146218,3726,445715,1
146218,6683,445715,1
146218,9719,445715,1
146218,9755,445715,1
146218,10120,445715,1
146220,7013,445711,1
146220,7671,445711,1
146220,9138,445711,1
146227,9262,445717,1
146227,10120,445717,1
146230,896,445709,1
146230,3276,445709,1
146230,4639,445709,1
146240,8062,445710,1
146243,185,445704,1
146247,154,445697,1
146247,4639,445708,1
146249,3750,445698,1
146249,8681,445698,1
146260,4965,445735,1
146260,9286,445735,1
146262,6873,445759,1
146265,154,445735,1
146279,966,445759,2
146292,9138,445705,1
146305,7381,445709,1
146305,8062,445709,1
146316,722,445698,1
146316,1890,445698,1
146337,9286,445710,1
146350,2169,445693,1
146350,7774,445693,1
146358,7355,445697,1
146358,7876,445697,1
146376,5090,445714,1
146377,154,445689,1
146377,4762,445689,1
146383,312,445695,1
146383,2545,445695,1
146383,4689,445695,1
146383,6112,445695,1
146383,6248,445695,1
146397,363,445718,1
146397,11409,445718,1
146418,8681,445705,1
146456,154,445693,1
146461,3638,445693,1
146461,3638,445715,1
146461,5501,445715,1
146461,9138,445693,1
146485,722,445691,1
146485,4989,445696,1
146500,1035,445708,1
146504,9262,445691,1
146535,722,445690,1
146535,3734,445690,1
146535,10529,445690,1
146562,10704,445709,1
146570,154,445735,1
146570,261,445735,1
146570,1649,445735,1
146570,2737,445735,1
146570,3693,445735,1
146570,6107,445735,1
146588,1643,445698,1
146588,10842,445698,1
146591,7013,445702,1
146616,10120,445741,1
146639,722,445692,1
146639,3551,445692,1
146639,4232,445692,1
146639,6488,445692,1
146642,3401,445713,1
146642,3728,445713,1
146642,9262,445713,1
146651,1649,445717,1
146651,9385,445717,1
146691,8016,445690,1
146707,5140,445734,1
146711,154,445696,1
146712,722,445701,1
146712,2809,445701,1
146712,4639,445701,1
146718,7673,445714,1
146720,186,445702,1
146720,6543,445702,1
146720,6784,445702,1
146720,7500,445702,1
146721,7185,445735,1
146734,4639,445698,1
146738,5465,445712,1
146738,9138,445712,1
146760,1396,445713,1
146772,2809,445697,1
146785,2262,445690,1
146785,3638,445690,1
146814,3728,445718,1
146817,1290,445758,1
146817,8276,445758,1
146817,8741,445758,1
146821,4762,445690,1
146821,6535,445690,1
146863,6784,445717,1
146863,10120,445717,1
146863,10120,445718,1
146870,5819,445704,1
146870,9262,445704,1
146874,6475,445695,1
146874,7110,445695,1
146886,154,445692,1
146886,722,445692,1
146886,2096,445692,1
146886,4639,445692,1
146886,4813,445692,1
146886,7569,445692,1
146894,11011,445761,1
146918,7013,445701,1
146918,8749,445701,1
146925,2716,445711,1
146925,2847,445711,1
146925,6675,445711,1
146931,4291,445700,1
146931,9083,445700,1
146931,9093,445700,1
146942,154,445734,1
146942,2161,445734,1
146942,2880,445734,1
146942,10120,445734,1
146954,7889,445715,1
146962,154,445717,1
146962,7956,445717,1
146962,10904,445717,1
146963,2096,445695,1
146963,6012,445695,1
146970,722,445698,1
146974,4639,445692,1
146980,8196,445698,1
146980,8992,445698,1
146988,7446,445759,1
146995,154,445693,1
147009,6019,445694,1
147029,405,445707,1
147060,1649,445714,1
147060,3188,445714,1
147060,9083,445714,1
147060,9797,445714,1
147062,154,445690,1
147065,7940,445714,1
147087,154,445713,1
147087,3323,445713,1
147087,4564,445713,1
147087,6944,445713,1
147089,412,445709,1
147089,777,445709,1
147089,1164,445709,2
147110,9262,445715,1
147110,11386,445715,1
147113,1373,445710,1
147113,3401,445710,1
147115,5809,445694,1
147115,10836,445694,1
147116,1316,445692,1
147116,8062,445692,1
147148,412,445718,1
147148,2972,445718,1
147148,7915,445718,1
147148,10120,445718,1
147148,10270,445718,1
147158,333,445715,1
147158,1029,445715,1
147158,1572,445715,1
147158,7516,445715,1
147158,10049,445715,1
147158,10633,445715,1
147158,10826,445715,1
147162,9634,445735,1
147179,540,445761,1
147179,633,445761,1
147179,1339,445761,1
147179,3682,445761,1
147179,3699,445761,1
147179,3942,445761,1
147179,4755,445735,1
147179,4781,445761,1
147179,5480,445735,1
147179,6008,445761,1
147179,7874,445761,1
147179,9262,445761,1
147179,9349,445735,1
147179,9860,445735,1
147179,10600,445761,1
147179,10687,445761,1
147179,11285,445761,1
147193,154,445717,1
147193,1316,445715,1
147193,3342,445715,1
147193,3815,445717,1
147193,5465,445715,1
147193,6784,445715,1
147193,8062,445717,1
147193,10883,445717,1
147195,1316,445706,1
147195,5094,445706,1
147195,5465,445706,1
147195,6235,445706,1
147195,6784,445706,1
147195,7132,445706,1
147201,8016,445705,1
147202,6458,445690,4
147202,6458,445694,1
147215,1094,445714,2
147222,3401,445701,1
147222,3728,445701,1
147222,4639,445701,1
147222,8062,445701,1
147222,9262,445701,1
147239,1537,445698,1
147239,9138,445698,1
147239,9262,445698,1
147242,5684,445703,1
147271,154,445759,1
147286,6784,445692,1
147300,722,445705,1
147300,7678,445705,1
147309,6855,445692,1
147309,10073,445692,1
147322,3671,445696,1
147326,10150,445695,1
147329,1426,445718,1
147329,1593,445718,1
147336,6425,445706,1
147341,10743,445734,1
147366,10621,445711,1
147371,2943,445718,1
147371,2979,445718,1
147371,4183,445718,1
147371,5134,445718,1
147374,154,445703,1
147377,1094,445704,1
147377,1094,445705,1
147377,1094,445707,1
147380,9083,445758,1
147390,1649,445735,2
147390,1649,445736,1
147390,8405,445735,1
147401,6273,445707,1
147410,154,445716,1
147430,4639,445693,1
147439,2782,445694,1
147439,10823,445694,1
147440,2809,445707,1
147440,8016,445707,1
147446,11233,445736,1
147469,45,445759,1
147469,436,445759,1
147469,7251,445759,1
147469,9289,445759,1
147490,4177,445705,1
147496,154,445698,1
147540,405,445708,1
147540,6938,445708,1
147540,8016,445708,1
147542,722,445706,1
147542,3091,445706,1
147542,4989,445706,1
147542,7240,445706,1
147542,9262,445706,2
147570,8062,445690,1
147572,3401,445760,1
147572,7692,445760,1
147575,1614,445703,1
147575,2119,445703,1
147575,4268,445703,1
147575,4639,445703,1
147575,4762,445703,1
147575,5197,445703,1
147575,7569,445703,1
147575,8459,445703,1
147575,11406,445703,1
147594,9083,445700,1
147623,11386,445711,1
147635,576,445693,1
147635,2564,445693,1
147635,3401,445693,1
147635,7569,445694,1
147635,7890,445693,1
147635,9326,445693,1
147635,9404,445693,1
147635,11353,445693,1
147653,9318,445760,1
147662,8062,445715,1
147692,1094,445709,1
147734,4344,445718,1
147762,4762,445701,1
147762,9262,445707,1
147765,3401,445695,1
147765,4639,445695,1
147765,7569,445695,1
147765,8062,445695,1
147765,8686,445695,1
147765,9138,445695,1
147765,9262,445695,1
147767,5425,445715,1
147767,9262,445715,1
147767,10936,445715,1
147781,1649,445701,1
147786,8712,445705,1
147786,9262,445705,1
147797,345,445717,1
147797,3753,445717,1
147815,2487,445741,1
147824,11173,445711,1
147843,2096,445706,1
147872,4591,445742,1
147872,7754,445742,1
147914,7297,445712,1
147923,6548,445690,1
147926,2509,445707,1
147926,10635,445707,1
147928,8770,445698,1
147928,9513,445698,1
147948,6365,445706,1
147950,154,445742,1
147965,154,445711,2
147965,154,445712,2
147965,154,445716,1
147965,447,445711,2
147965,447,445712,2
147965,447,445716,1
147965,722,445711,2
147965,722,445712,1
147965,722,445716,1
147965,1164,445711,2
147965,1164,445712,2
147965,1164,445716,1
147965,4639,445711,2
147965,4639,445712,2
147965,4639,445716,1
147965,6784,445711,2
147965,6784,445712,2
147965,6784,445716,1
147965,7132,445711,2
147965,7132,445712,2
147965,7132,445716,1
147965,8016,445711,2
147965,8016,445712,1
147965,8016,445716,1
147965,8062,445711,2
147965,8062,445712,2
147965,8062,445716,1
147965,8791,445711,2
147965,8791,445712,2
147965,8791,445716,1
147965,9138,445711,2
147965,9138,445712,2
147965,9138,445716,1
147965,10248,445711,2
147965,10248,445712,1
147965,10248,445716,1
147970,154,445705,1
147970,3820,445705,1
147971,154,445699,1
147981,154,445691,2
148013,154,445691,1
148013,154,445692,1
148013,154,445699,1
148034,4639,445713,1
148034,8148,445713,1
148041,154,445697,1
148041,9262,445697,1
148048,3658,445714,1
148048,4207,445714,1
148048,7159,445714,1
148048,10426,445714,1
148055,1880,445711,3
148062,9262,445705,1
148064,154,445736,1
148064,2809,445736,1
148064,8566,445736,1
148064,10390,445736,1
148066,7013,445710,1
148068,3401,445711,1
148068,6784,445711,1
148086,405,445712,1
148090,8016,445712,1
148092,3194,445700,1
148092,5681,445700,1
148092,8359,445700,1
148099,9057,445694,1
148099,11084,445694,1
148121,154,445692,1
148126,2123,445759,1
148126,4027,445759,1
148126,5433,445759,1
148126,9723,445759,1
148130,8220,445697,1
148130,10681,445697,1
148135,9083,445707,1
148139,8062,445735,1
148151,4639,445708,1
148165,3638,445692,1
148165,6784,445692,1
148165,7132,445692,1
148165,9138,445692,1
148166,154,445691,1
148177,2658,445696,1
148177,6711,445696,1
148177,7094,445696,1
148181,154,445694,1
148181,3895,445694,1
148181,4639,445694,1
148181,5840,445694,1
148181,6784,445694,1
148181,6995,445694,1
148181,7284,445694,1
148181,7318,445694,1
148181,8791,445694,1
148181,9138,445694,2
148181,9816,445694,1
148181,10125,445694,1
148181,10143,445694,1
148182,2656,445690,1
148182,6427,445690,1
148187,154,445707,1
148189,1094,445716,1
148191,2385,445690,1
148191,4762,445690,1
148191,11193,445690,1
148194,537,445760,1
148212,2096,445760,1
148212,4639,445760,1
148224,2504,445709,1
148231,3638,445691,1
148231,9262,445691,1
148238,981,445698,1
148247,8359,445696,1
148256,154,445736,1
148258,8676,445693,1
148260,154,445696,1
148260,5819,445696,1
148260,8572,445696,1
148264,1536,445717,1
148264,2857,445717,1
148269,3076,445697,1
148269,4639,445697,1
148269,6514,445697,1
148269,6784,445697,1
148269,6995,445697,1
148269,7132,445697,1
148269,8791,445697,1
148277,10426,445735,1
148284,2509,445691,1
148284,6071,445691,1
148284,10248,445691,1
148294,4639,445705,1
148301,6818,445715,1
148311,7328,445710,1
148319,3638,445692,1
148319,9262,445692,1
148331,154,445759,1
148331,4813,445759,1
148331,5011,445759,1
148343,154,445699,1
148343,5513,445699,1
148343,7412,445699,1
148343,9262,445699,1
148343,11181,445699,1
148358,6970,445711,1
148358,8220,445711,1
148364,8016,445705,1
148364,10120,445705,1
148368,9138,445695,1
148373,2302,445690,1
148373,7167,445690,1
148373,11104,445690,1
148379,4639,445742,1
148379,4813,445742,1
148379,10289,445742,1
148400,154,445700,1
148401,8015,445760,1
148423,4639,445694,1
148439,8016,445699,1
148454,1348,445697,1
148455,8016,445705,1
148465,6742,445717,1
148465,10120,445718,1
148466,11386,445701,1
148485,7186,445689,1
148485,9262,445689,1
148485,10729,445689,1
148494,1373,445714,1
148494,6755,445707,1
148494,8588,445694,1
148494,9262,445694,1
148494,9987,445707,1
148495,1574,445704,1
148495,1634,445707,1
148495,2911,445704,1
148495,3188,445707,1
148495,6083,445707,1
148495,6248,445707,1
148495,6260,445704,1
148495,7956,445704,1
148495,8016,445707,1
148495,8588,445704,2
148495,9262,445704,1
148495,9262,445707,1
148507,8062,445736,1
148507,9262,445736,1
148517,2891,445761,1
148519,9326,445705,1
148526,4639,445692,1
148540,74,445759,1
148540,4068,445759,1
148540,9262,445759,1
148540,10761,445759,1
148550,8712,445717,1
148554,4639,445702,1
148554,9271,445702,1
148556,6263,445761,1
148559,835,445695,1
148559,3401,445692,1
148559,3401,445695,1
148559,3638,445692,1
148559,3638,445695,1
148559,5656,445692,1
148559,8062,445692,1
148559,8062,445695,1
148559,8681,445695,1
148559,9262,445692,1
148559,9262,445695,1
148559,9536,445692,1
148565,196,445734,1
148568,7590,445703,1
148581,5216,445697,1
148586,8063,445712,1
148589,825,445696,1
148612,4232,445710,1
148628,722,445694,1
148628,3401,445694,1
148628,4639,445694,1
148628,7253,445694,1
148628,7569,445694,1
148628,8203,445694,1
148629,100,445758,1
148629,2644,445758,1
148633,154,445692,1
148633,1194,445692,1
148646,6118,445692,1
148652,6707,445699,1
148652,8220,445699,1
148652,8566,445699,1
148666,154,445698,1
148666,8063,445698,1
148670,6716,445703,1
148701,1164,445713,1
148701,3728,445713,1
148701,6810,445713,1
148709,310,445700,1
148709,722,445694,1
148709,8023,445700,1
148724,4141,445695,1
148727,2827,445759,1
148730,798,445703,1
148739,722,445758,1
148739,6488,445758,1
148741,10302,445718,1
148757,5861,445711,1
148771,1316,445714,1
148771,3401,445714,1
148771,7853,445714,1
148771,8062,445714,1
148771,9262,445714,1
148771,10248,445714,1
148778,2302,445700,1
148789,1338,445694,1
148792,722,445713,1
148792,3401,445713,1
148792,4639,445713,1
148792,9262,445713,1
148807,215,445718,1
148807,6100,445718,1
148835,20,445699,1
148837,2807,445717,1
148840,1649,445734,1
148840,7716,445734,1
148865,2809,445718,1
148865,10120,445718,1
148871,10353,445704,1
148874,6784,445708,1
148929,154,445701,1
148947,491,445760,1
148947,8791,445691,1
148947,9262,445760,1
148949,735,445708,1
148949,3820,445708,1
148949,3824,445708,1
148949,3939,445708,1
148949,4639,445708,1
148949,5292,445708,1
148949,6242,445708,1
148949,9513,445708,1
148949,9708,445708,1
148949,10007,445708,1
148949,10034,445708,1
148953,2809,445700,1
148953,3871,445700,1
148953,9262,445700,1
148956,1316,445710,1
148966,1142,445708,1
148966,6235,445708,1
148966,8062,445691,1
148972,3052,445708,1
148972,3591,445708,1
148979,154,445736,1
148979,2096,445736,1
148979,2438,445736,1
148979,10120,445736,1
148983,9262,445712,1
148987,8673,445705,1
148989,154,445758,1
148989,1227,445758,1
149011,2064,445689,1
149022,1142,445693,1
149022,3728,445693,1
149038,6938,445759,1
149038,9083,445759,1
149044,8203,445736,1
149057,9569,445699,1
149058,4085,445760,1
149069,407,445759,1
149069,2897,445759,1
149069,3815,445759,1
149069,4541,445759,1
149069,6784,445759,1
149069,7132,445759,1
149069,7234,445759,1
149069,7503,445759,1
149069,8778,445759,1
149069,9506,445759,2
149069,11137,445759,1
149079,9262,445758,1
149090,3638,445710,1
149090,4639,445710,1
149090,6784,445710,1
149090,7132,445710,1
149090,8062,445710,1
149112,154,445758,1
149112,4762,445758,1
149112,5011,445758,1
149112,7473,445758,1
149118,5490,445761,1
149118,8170,445761,1
149118,10921,445761,1
149129,5420,445707,1
149158,722,445716,1
149171,7764,445742,1
149174,4057,445736,1
149174,10943,445736,2
149174,11053,445736,1
149183,8062,445717,1
149186,154,445714,1
149208,10390,445760,1
149209,5858,445717,1
149214,9262,445697,1
149215,3967,445692,1
149234,777,445705,1
149234,10850,445705,1
149244,894,445696,1
149264,9138,445713,1
149277,3020,445698,1
149293,2548,445759,1
149293,3815,445759,1
149306,3342,445715,2
149306,8237,445715,2
149306,9636,445715,2
149317,10220,445735,1
149325,154,445692,1
149325,1537,445690,1
149325,1537,445692,1
149325,4639,445690,1
149325,4639,445692,1
149325,8791,445692,1
149326,218,445758,1
149326,2445,445758,1
149326,7132,445758,1
149326,7473,445758,1
149326,9262,445758,1
149332,1020,445707,1
149336,154,445694,1
149336,9262,445694,1
149336,10001,445694,1
149345,10743,445735,1
149346,589,445690,1
149346,4639,445690,1
149351,154,445692,1
149355,9490,445695,1
149368,6331,445717,1
149368,7489,445717,1
149368,10788,445717,1
149369,5050,445709,1
149369,5052,445709,1
149369,9006,445709,1
149371,9262,445736,1
149372,4639,445715,1
149382,7846,445692,1
149395,1831,445696,1
149402,9138,445690,1
149405,2050,445692,1
149411,722,445707,1
149439,722,445735,1
149439,2705,445735,1
149439,7569,445735,1
149439,8220,445735,1
149439,8566,445735,1
149439,9262,445735,1
149442,8593,445706,1
149458,128,445713,1
149458,1316,445710,1
149458,2049,445713,1
149458,3276,445710,1
149472,7610,445702,1
149508,2809,445701,1
149518,3636,445706,1
149518,9528,445706,1
149525,6019,445698,1
149546,124,445712,1
149546,3750,445712,1
149586,5892,445717,1
149589,1094,445691,1
149617,8653,445697,1
149619,154,445706,1
149627,9490,445695,1
149638,2751,445702,1
149641,6784,445760,1
149652,4516,445701,1
149659,9262,445714,1
149659,10761,445714,1
149664,3179,445713,1
149664,5155,445713,1
149667,1142,445759,1
149667,3401,445759,1
149667,3638,445742,1
149667,4695,445759,1
149667,9262,445711,1
149667,9262,445742,1
149667,9262,445759,1
149667,9262,445760,1
149667,10333,445759,1
149668,5852,445689,1
149668,9262,445689,1
149668,10598,445689,1
149668,11394,445689,1
149669,5306,445693,1
149669,10739,445693,1
149710,9262,445713,1
149741,3638,445714,1
149741,4762,445714,1
149741,8062,445714,1
149749,154,445694,1
149749,7850,445694,1
149749,9536,445694,1
149756,4644,445701,2
149770,11074,445710,1
149780,156,445717,1
149780,286,445717,3
149780,484,445717,1
149780,926,445717,1
149780,1084,445717,1
149780,2187,445717,1
149780,2486,445717,1
149780,2699,445717,1
149780,6273,445717,2
149780,6283,445717,1
149780,9547,445718,1
149780,10073,445718,1
149780,10120,445717,3
149780,11167,445717,1
149788,9262,445761,1
149792,1649,445710,1
149792,3728,445710,1
149792,9262,445710,1
149802,6235,445692,1
149811,1863,445699,1
149812,2847,445705,1
149813,991,445711,1
149820,7518,445699,1
149822,1616,445705,1
149836,1334,445711,2
149836,4668,445711,2
149861,7360,445695,1
149871,3396,445698,1
149881,11325,445702,1
149888,154,445707,1
149888,3401,445707,1
149888,9262,445707,1
149888,10120,445707,1
149917,10120,445714,1
149933,5862,445707,1
149952,722,445714,1
149952,1178,445714,1
149952,2096,445714,1
149952,3728,445714,1
149952,3820,445714,1
149952,8016,445714,1
149952,8062,445714,1
149954,154,445689,1
149958,2112,445694,1
149958,10333,445694,1
149960,6273,445706,1
149960,9262,445706,1
149967,4639,445705,1
149967,10012,445705,1
149979,722,445693,1
149994,3284,445713,1
149994,9262,445713,1
149995,3401,445758,1
149995,3728,445758,1
149995,9262,445758,1
150023,3982,445705,1
150023,4318,445705,1
150023,6999,445705,1
150023,8586,445705,1
150023,10761,445705,1
150028,2109,445705,1
150028,2866,445705,1
150028,2866,445759,1
150030,9138,445690,1
150030,9262,445690,1
150043,1649,445742,1
150047,10120,445716,1
150074,8865,445692,1
150074,9138,445692,1
150078,154,445697,1
150078,154,445717,1
150116,6343,445698,1
150128,8062,445691,1
150143,902,445714,1
150143,1300,445714,1
150143,3728,445714,1
150143,4561,445714,1
150143,5226,445714,1
150143,5998,445714,1
150148,1029,445736,1
150156,4171,445761,1
150156,6938,445761,1
150156,7473,445761,1
150156,9979,445761,1
150158,2096,445760,1
150158,3815,445760,1
150158,8062,445760,1
150158,9262,445760,1
150165,8191,445760,1
150175,2326,445714,1
150175,4472,445714,1
150178,3401,445708,1
150178,6260,445708,1
150178,9262,445708,1
150205,4772,445703,1
150205,7311,445703,1
150207,8681,445717,1
150219,154,445697,1
150229,57,445690,1
150229,102,445690,1
150229,1257,445690,1
150229,2218,445690,1
150229,3342,445690,1
150229,3401,445690,1
150229,3544,445690,1
150229,4344,445690,1
150229,5566,445690,1
150229,9262,445690,1
150229,9619,445690,1
150244,583,445713,1
150244,3800,445713,1
150244,5000,445713,1
150244,6079,445713,1
150244,8392,445713,1
150264,6514,445707,1
150269,154,445709,1
150280,154,445700,1
150280,1953,445700,1
150280,3401,445700,1
150280,9262,445700,1
150290,367,445761,1
150308,4014,445759,1
150310,5889,445706,1
150310,6248,445706,1
150313,7956,445709,1
150332,1342,445701,1
150332,3301,445701,1
150332,6021,445701,1
150332,6260,445701,1
150332,10360,445701,1
150344,154,445693,1
150350,5400,445717,1
150350,8220,445717,1
150373,154,445735,1
150373,7569,445735,1
150390,6349,445706,1
150390,6784,445706,1
150390,10044,445706,1
150406,154,445741,1
150416,1554,445761,3
150416,5681,445761,3
150416,5735,445761,3
150416,8528,445761,3
150427,8062,445759,1
150431,7428,445713,2
150437,3871,445758,1
150437,7280,445758,1
150437,11386,445758,1
150441,154,445742,1
150441,1649,445742,1
150441,2297,445742,1
150441,6652,445742,1
150458,3773,445691,1
150458,4762,445691,1
150458,5197,445691,1
150458,6789,445691,1
150495,4639,445714,1
150499,8668,445690,1
150501,154,445694,1
150504,154,445697,1
150504,2523,445697,1
150504,7094,445697,1
150504,10020,445697,1
150527,154,445700,1
150527,4639,445700,1
150527,7569,445700,1
150527,8791,445700,1
150540,4639,445700,1
150550,6514,445761,1
150570,154,445742,1
150570,9083,445742,1
150572,4222,445711,1
150577,10120,445735,1
150584,722,445706,1
150584,4989,445706,1
150586,4639,445689,1
150605,9262,445742,1
150608,7205,445702,1
150608,10120,445702,1
150613,102,445714,1
150613,5465,445714,1
150613,7671,445714,1
150617,8365,445689,1
150629,3428,445736,1
150634,958,445704,1
150634,3728,445704,1
150635,4639,445761,1
150651,185,445694,1
150651,4445,445707,1
150652,154,445691,1
150652,3638,445691,1
150652,6784,445691,1
150652,7132,445691,1
150652,8686,445691,1
150652,9138,445691,1
150652,10035,445691,1
150658,2809,445694,1
150675,5685,445691,1
150675,7145,445691,1
150675,9500,445691,1
150682,3728,445712,1
150682,8016,445712,1
150682,11386,445712,1
150685,1649,445710,1
150688,722,445707,1
150688,5321,445718,1
150688,9286,445718,1
150693,9262,445696,1
150698,8062,445692,1
150698,8791,445692,1
150709,10266,445698,1
150711,722,445715,1
150712,5805,445708,1
150722,722,445718,1
150722,4434,445718,2
150722,6742,445718,1
150722,10743,445718,1
150737,789,445696,1
150737,2545,445696,1
150737,6475,445696,1
150738,1316,445697,1
150738,5465,445697,1
150769,2302,445705,1
150787,154,445735,1
150787,2166,445735,1
150803,7168,445701,1
150803,7603,445701,1
150803,8062,445701,1
150803,8220,445701,1
150803,10883,445701,1
150811,8062,445691,1
150838,1649,445713,1
150848,4601,445704,1
150849,154,445735,1
150849,1128,445735,1
150853,9579,445714,1
150855,1074,445712,1
150855,1871,445712,1
150855,4357,445712,1
150855,4500,445712,1
150855,5878,445697,1
150855,6753,445697,1
150855,6831,445697,1
150855,10426,445697,1
150869,1396,445759,1
150869,3076,445759,1
150869,4027,445759,1
150869,7345,445759,1
150869,9138,445759,1
150869,10248,445759,1
150869,10527,445759,1
150876,7769,445716,1
150876,9709,445716,1
150880,9138,445695,1
150912,5104,445698,1
150919,5233,445689,1
150919,9941,445689,1
150945,6659,445703,1
150947,745,445703,1
150947,4497,445703,1
150947,4639,445703,1
150986,4360,445695,1
150994,770,445742,1
150998,5862,445707,1
151013,3342,445709,1
151013,10001,445709,1
151014,10120,445735,1
151014,10131,445735,1
151015,2328,445707,1
151015,3625,445707,1
151024,4639,445712,1
151024,10120,445712,1
151040,722,445713,1
151040,3401,445713,1
151040,9262,445713,1
151059,185,445706,1
151059,1649,445706,1
151059,2809,445706,1
151059,4171,445706,1
151059,4345,445706,1
151059,4465,445706,1
151059,5482,445706,1
151059,6970,445706,1
151059,11378,445706,1
151097,2548,445707,1
151097,5501,445707,1
151097,6514,445707,1
151097,6784,445707,1
151097,8062,445707,1
151097,10529,445707,1
151099,2827,445718,1
151102,4007,445694,1
151115,1316,445761,1
151119,2809,445700,1
151130,6274,445741,1
151130,10674,445741,1
151143,9262,445703,1
151150,1396,445712,1
151150,2161,445712,1
151150,3076,445712,1
151155,5504,445695,1
151155,6535,445695,1
151155,8062,445695,1
151155,8062,445709,1
151158,10844,445691,1
151158,10844,445699,1
151158,10844,445718,1
151164,1115,445761,1
151189,2302,445734,1
151189,3401,445734,1
151189,4639,445734,1
151189,4813,445734,1
151189,9262,445734,1
151192,154,445715,1
151195,6458,445691,1
151197,10955,445758,1
151200,1649,445742,1
151200,7428,445742,1
151200,8220,445742,1
151208,9262,445708,1
151213,4207,445699,1
151223,3631,445712,1
151223,3675,445712,1
151223,5528,445712,1
151223,9035,445712,1
151240,2809,445698,1
151251,4639,445689,1
151276,1853,445718,1
151281,3342,445758,1
151281,4762,445758,1
151281,11386,445758,1
151298,7569,445689,1
151301,8220,445736,1
151301,9138,445736,1
151341,722,445692,1
151355,253,445716,1
151355,2700,445716,1
151355,3979,445716,1
151355,6123,445716,1
151355,7289,445716,1
151355,9262,445716,1
151365,2809,445701,1
151367,2096,445714,1
151385,1008,445705,1
151385,4639,445705,1
151385,11015,445705,1
151399,971,445706,1
151399,4290,445706,1
151399,8035,445706,1
151402,1805,445698,1
151408,5465,445711,1
151408,7323,445711,1
151409,1090,445717,1
151417,10998,445742,1
151418,1649,445760,1
151418,8220,445760,1
151418,9262,445760,1
151431,154,445700,1
151431,4639,445700,1
151431,8791,445700,1
151444,9262,445718,1
151451,1316,445712,1
151451,9138,445712,1
151470,9135,445759,1
151484,4171,445695,1
151484,6260,445695,1
151484,7956,445695,1
151484,10248,445695,1
151490,7398,445697,1
151495,722,445699,1
151495,4639,445699,1
151495,4989,445699,1
151501,6478,445711,1
151505,9262,445707,1
151505,10120,445707,1
151515,154,445703,1
151524,4902,445761,10
151524,5060,445761,10
151524,6917,445761,10
151524,9072,445761,10
151524,10947,445761,10
151524,11329,445761,10
151530,4216,445701,1
151554,10205,445709,1
151560,8512,445694,1
151560,10856,445694,1
151572,9053,445690,1
151613,3119,445717,1
151613,3188,445717,1
151613,4478,445717,1
151613,6921,445717,1
151613,7922,445717,1
151613,8754,445717,1
151613,9421,445717,1
151616,3401,445695,1
151616,9262,445695,1
151716,6461,445760,1
151721,3401,445694,1
151721,4639,445694,1
151722,2213,445695,1
151722,8593,445695,1
151722,9262,445695,1
151731,578,445709,1
151731,1641,445709,1
151731,1690,445709,1
151731,2716,445709,1
151731,3317,445709,1
151731,3401,445709,1
151731,3918,445709,1
151731,5622,445709,1
151731,8499,445709,1
151762,1316,445692,1
151776,6784,445701,1
151789,9262,445714,1
151803,7013,445711,1
151803,9262,445711,1
151811,6495,445760,1
151817,2064,445690,1
151817,4345,445690,1
151817,9262,445690,1
151818,4762,445759,1
151818,10891,445759,1
151842,154,445736,1
151842,10120,445736,1
151842,11386,445736,1
151862,4342,445735,1
151862,4669,445735,1
151862,9874,445693,1
151864,7439,445741,1
151871,154,445716,1
151876,4639,445689,1
151877,3342,445690,1
151877,3342,445692,1
151887,4639,445692,1
151889,18,445709,1
151889,28,445709,1
151889,2370,445709,1
151889,3301,445759,1
151889,3901,445709,1
151889,5918,445713,1
151889,6053,445758,1
151889,6772,445758,1
151889,7131,445759,1
151889,7585,445759,1
151889,7607,445758,1
151889,9000,445759,1
151889,9450,445758,1
151889,10437,445709,1
151891,8062,445705,1
151892,665,445708,1
151892,8016,445708,1
151892,10120,445708,1
151900,10681,445692,1
151905,540,445758,1
151905,2025,445758,1
151925,722,445694,1
151925,7569,445694,1
151925,9536,445694,1
151931,154,445691,1
151931,2704,445691,1
151931,6787,445691,1
151931,10248,445691,1
151933,4207,445696,1
151951,2637,445716,1
151951,5044,445716,1
151985,6189,445704,1
151999,7903,445698,1
152000,6019,445707,1
152010,3670,445705,1
152010,8834,445705,1
152012,5743,445709,1
152024,2809,445718,1
152037,10871,445697,1
152044,4857,445711,1
152044,9910,445711,1
152050,8016,445691,1
152050,8177,445691,1
152050,9138,445691,1
152050,9262,445691,1
152059,331,445700,1
152092,1190,445695,1
152092,8696,445695,1
152100,154,445702,1
152118,1094,445716,1
152118,1094,445759,2
152130,310,445716,1
152130,2221,445716,1
152130,2445,445716,1
152130,2509,445716,1
152130,3285,445716,1
152130,3401,445716,1
152130,6784,445716,1
152132,10013,445717,1
152135,4639,445690,1
152135,8791,445690,1
152139,6661,445701,1
152142,154,445759,1
152142,10248,445759,1
152145,154,445691,1
152167,2977,445761,1
152168,1142,445759,1
152177,154,445704,1
152210,4639,445689,1
152219,4639,445695,1
152254,722,445699,1
152268,1396,445701,1
152271,4639,445694,1
152272,9262,445741,1
152278,5011,445761,1
152288,154,445758,1
152288,5011,445758,1
152288,9262,445758,1
152288,11386,445758,1
152289,272,445692,1
152289,895,445692,1
152289,4639,445692,1
152289,8185,445692,1
152310,154,445697,1
152332,5819,445715,1
152343,695,445717,1
152343,5819,445741,1
152343,6829,445717,1
152343,6857,445717,1
152344,2724,445709,1
152351,834,445696,1
152351,4762,445696,1
152351,5197,445696,1
152351,7976,445696,1
152355,7276,445758,1
152378,10122,445699,1
152397,10053,445717,1
152404,154,445736,1
152404,1649,445736,1
152419,4864,445713,1
152460,7149,445761,1
152466,2641,445693,1
152466,3016,445693,1
152466,4144,445693,1
152466,4818,445693,1
152466,5287,445693,1
152466,7820,445693,1
152466,8378,445693,1
152466,9594,445693,1
152474,154,445696,1
152519,8062,445701,1
152524,154,445713,1
152542,154,445691,1
152542,2302,445691,1
152542,3734,445691,1
152542,6784,445691,1
152542,7132,445691,1
152547,9618,445718,1
152562,1649,445735,1
152562,7132,445735,1
152562,8062,445735,1
152562,10120,445735,1
152571,5568,445758,1
152576,1115,445692,1
152650,10134,445689,1
152659,3494,445734,1
152660,6350,445695,1
152660,6458,445695,1
152668,154,445701,1
152668,2809,445701,1
152668,10120,445701,1
152668,11386,445701,1
152670,9138,445706,1
152680,1887,445711,1
152680,2582,445711,1
152683,1649,445735,1
152683,4037,445700,1
152683,9869,445735,1
152685,154,445697,1
152685,6514,445697,1
152702,154,445689,1
152707,6380,445713,1
152718,9138,445691,1
152725,2809,445701,1
152748,1634,445710,1
152748,5066,445709,1
152748,6482,445710,1
152748,7887,445709,1
152748,10248,445710,1
152767,2321,445758,1
152768,1152,445714,1
152768,4666,445714,1
152768,4762,445714,1
152768,5197,445714,1
152768,6572,445714,1
152768,7013,445714,1
152768,9377,445714,1
152768,10120,445714,1
152799,5465,445710,1
152799,8062,445710,1
152814,1839,445689,1
152814,5695,445689,1
152832,9262,445716,1
152832,11167,445716,1
152851,635,445693,1
152874,8062,445704,1
152877,10635,445717,1
152879,735,445742,1
152879,1685,445742,1
152879,1807,445742,1
152879,3342,445742,1
152879,5600,445742,1
152879,7585,445742,1
152879,7763,445742,1
152879,8252,445742,1
152879,9708,445742,1
152879,10257,445742,1
152880,7922,445699,1
152883,3525,445699,1
152923,4639,445705,1
152923,4989,445705,1
152923,7356,445705,1
152923,8612,445705,1
152923,10120,445705,1
152923,10894,445705,1
152923,11164,445705,1
152945,4639,445710,1
152946,9262,445703,1
152946,10248,445703,1
152966,722,445708,1
152987,4639,445709,1
152987,8062,445709,1
152997,4989,445697,1
153003,154,445714,1
153003,3401,445714,1
153003,4344,445714,1
153003,4639,445714,1
153003,9262,445714,1
153004,10120,445704,1
153010,1853,445691,1
153010,9262,445691,1
153012,1035,445759,1
153018,4639,445706,1
153031,10880,445702,1
153032,8062,445689,1
153032,9348,445689,1
153050,1342,445759,1
153050,2706,445759,1
153050,4344,445759,1
153050,4762,445759,1
153050,5197,445759,1
153050,5480,445759,1
153050,8062,445759,1
153050,8352,445759,1
153050,9926,445759,1
153050,10120,445759,1
153050,11386,445759,1
153052,5120,445699,1
153054,8051,445692,1
153068,1649,445760,2
153068,7473,445760,1
153068,8220,445760,2
153068,9318,445760,1
153071,2637,445706,1
153071,4345,445706,1
153071,11386,445706,1
153080,5420,445699,1
153080,10984,445699,1
153088,1115,445714,1
153108,405,445705,1
153108,4023,445716,1
153108,5991,445716,1
153108,7328,445705,1
153108,7850,445705,1
153108,10109,445705,1
153111,1296,445716,1
153111,3352,445716,1
153123,3635,445741,1
153131,11386,445690,1
153133,8220,445702,1
153149,7509,445715,1
153150,9070,445704,1
153152,8062,445713,1
153159,8016,445706,1
153161,1707,445742,1
153161,1825,445742,1
153161,10631,445742,1
153169,3728,445710,1
153169,4639,445710,1
153169,8016,445710,1
153169,8062,445710,1
153169,9262,445710,1
153169,10120,445710,1
153178,9083,445741,1
153210,7569,445706,1
153211,154,445742,1
153241,3815,445758,1
153241,4232,445758,1
153248,6784,445717,1
153259,319,445691,1
153286,2267,445692,1
153301,3466,445698,1
153309,4200,445700,1
153313,9262,445761,2
153323,1142,445761,1
153323,2148,445761,1
153323,5512,445761,1
153323,7785,445761,1
153323,8588,445761,1
153324,9138,445689,1
153349,154,445697,1
153349,4207,445697,1
153349,10426,445697,1
153352,4531,445713,1
153352,11268,445713,1
153353,154,445760,1
153364,6596,445700,1
153364,9024,445700,1
153376,3769,445742,1
153400,3638,445707,1
153402,4762,445708,1
153405,5474,445734,1
153408,2302,445690,1
153408,6683,445691,1
153412,154,445700,1
153412,9262,445700,1
153421,154,445709,1
153428,154,445736,1
153428,2809,445736,1
153436,1142,445705,1
153471,5582,445761,1
153471,9286,445759,1
153471,9286,445761,1
153471,10012,445759,1
153487,1095,445761,1
153487,7132,445761,1
153487,9579,445761,1
153490,9262,445699,1
153493,1194,445702,1
153493,2736,445702,1
153493,10235,445702,1
153493,11233,445702,1
153504,9262,445691,1
153508,722,445689,1
153508,9138,445689,1
153514,10308,445718,1
153519,10053,445691,1
153526,6367,445692,1
153529,3815,445761,1
153533,154,445703,1
153533,4639,445703,1
153533,8791,445703,1
153534,3387,445715,1
153534,10692,445715,1
153541,2744,445716,1
153567,4762,445704,1
153579,2753,445703,1
153582,154,445714,1
153582,7428,445714,1
153582,7728,445714,1
153601,1396,445742,1
153601,7345,445742,1
153601,10248,445761,1
153601,10993,445742,1
153609,3012,445692,1
153609,8354,445692,1
153609,8481,445692,1
153609,8791,445692,1
153611,154,445734,1
153611,1649,445734,1
153611,3638,445734,1
153611,4344,445734,1
153611,10120,445734,1
153614,777,445700,1
153614,3871,445700,1
153614,5474,445700,1
153614,9262,445700,1
153614,11353,445700,1
153616,9450,445709,1
153624,8796,445704,1
153642,722,445710,1
153642,4434,445710,1
153642,6488,445710,1
153644,10353,445703,1
153649,8062,445696,1
153662,2245,445736,1
153677,1580,445717,1
153692,7149,445761,1
153720,7260,445735,1
153755,91,445703,1
153755,2827,445703,1
153755,8844,445703,1
153758,4639,445689,1
153758,6235,445689,2
153758,6784,445689,1
153758,7132,445689,1
153758,8686,445689,1
153758,8791,445689,1
153758,9138,445689,1
153758,10248,445689,1
153758,10390,445689,1
153797,6567,445696,1
153810,154,445736,1
153820,115,445714,1
153820,9262,445714,1
153825,2869,445697,1
153825,8955,445697,1
153825,10053,445697,1
153825,10195,445697,1
153849,154,445696,1
153849,2061,445696,1
153849,3984,445696,1
153849,8507,445696,1
153850,1396,445699,1
153850,2302,445699,1
153850,2309,445699,1
153850,6938,445699,1
153850,8062,445699,1
153850,9326,445718,1
153850,10120,445718,1
153859,154,445735,1
153859,798,445735,1
153859,3401,445735,1
153859,4344,445735,1
153859,5863,445735,1
153859,8905,445735,1
153859,9262,445735,1
153871,154,445689,1
153871,1164,445689,1
153871,3401,445689,1
153871,9138,445689,1
153883,7922,445690,1
153889,9743,445715,1
153891,9138,445690,1
153901,4639,445700,1
153908,5681,445706,1
153908,8062,445706,1
153908,10527,445706,1
153918,2445,445689,1
153948,5705,445704,1
153948,10120,445704,1
153951,3211,445715,1
153953,102,445695,1
153953,3372,445695,1
153953,8681,445695,1
153961,2809,445701,1
153963,9138,445714,1
153973,8062,445759,1
153975,7569,445692,1
153982,3525,445693,1
153992,5465,445715,1
153996,154,445734,1
153996,5858,445734,1
153996,6784,445734,1
154000,8220,445759,1
154020,5769,445714,1
154030,6329,445701,1
154050,8062,445692,1
154054,3401,445717,1
154054,10353,445717,1
154055,3815,445741,1
154055,5094,445741,1
154055,6784,445741,1
154055,7132,445741,1
154055,7225,445741,1
154055,8062,445741,1
154055,8462,445741,1
154069,63,445703,1
154069,9262,445703,1
154092,8490,445690,1
154093,461,445759,1
154093,1194,445759,1
154095,9896,445699,1
154095,10611,445699,1
154103,10866,445691,1
154118,2445,445735,1
154118,2509,445735,1
154118,4344,445735,1
154118,10120,445735,1
154147,9490,445707,1
154148,9286,445698,1
154157,1906,445698,1
154157,5739,445698,1
154157,6784,445711,1
154157,9262,445698,1
154157,10761,445698,1
154172,5858,445713,1
154174,185,445699,1
154174,2809,445699,1
154174,7556,445699,1
154182,1316,445689,1
154182,3638,445689,1
154182,8062,445689,1
154182,9138,445689,1
154183,964,445699,1
154183,5601,445699,1
154183,9706,445699,1
154184,3401,445691,1
154184,7509,445691,1
154184,9103,445691,1
154207,9256,445695,1
154207,11386,445695,1
154219,8191,445712,1
154267,1721,445716,1
154267,3250,445716,1
154267,10130,445716,1
154280,2809,445704,1
154283,2096,445761,1
154291,3638,445692,1
154291,4989,445692,1
154291,5949,445692,1
154291,9138,445692,1
154291,9262,445692,2
154346,4344,445715,1
154355,3342,445761,1
154355,8007,445761,1
154368,6416,445698,1
154371,9138,445691,1
154372,10504,445698,1
154385,937,445706,1
154385,2087,445706,1
154385,2876,445706,1
154385,4762,445706,1
154385,8774,445706,1
154385,9203,445706,1
154385,9746,445706,1
154392,154,445696,1
154392,2809,445706,1
154392,5400,445706,1
154392,5858,445696,1
154392,10195,445696,1
154393,5858,445698,1
154393,6938,445698,1
154400,729,445735,1
154400,3276,445735,1
154400,7956,445735,1
154400,8062,445735,1
154400,9262,445735,1
154400,10761,445735,1
154402,1773,445695,1
154403,321,445693,1
154403,4207,445693,1
154427,882,445689,1
154427,9138,445689,1
154435,154,445694,1
154458,6488,445712,1
154462,6514,445701,1
154462,8016,445701,1
154462,8035,445701,1
154462,10195,445701,1
154474,7398,445699,1
154484,9262,445758,1
154486,2470,445715,1
154512,2096,445701,1
154512,6019,445701,1
154512,9262,445701,2
154532,641,445700,1
154569,737,445705,1
154569,1887,445705,1
154569,3871,445705,1
154569,4066,445705,1
154569,5934,445705,1
154569,10035,445705,1
154574,154,445698,1
154574,9023,445698,1
154575,7569,445691,1
154586,6313,445707,1
154596,4762,445705,1
154596,5808,445706,1
154596,6108,445705,1
154596,8010,445706,1
154596,9138,445706,1
154596,9262,445706,1
154596,10248,445706,2
154598,10390,445710,1
154601,722,445712,1
154603,7548,445718,1
154603,9579,445706,1
154603,9579,445718,1
154612,4480,445705,1
154617,7473,445713,1
154617,9083,445713,1
154620,935,445696,1
154620,2671,445696,1
154620,5448,445696,1
154620,10471,445696,1
154623,6535,445707,1
154635,9262,445696,1
154639,68,445715,1
154650,2096,445759,1
154650,9262,445759,1
154651,3029,445691,1
154651,3401,445691,1
154651,3728,445691,1
154651,9107,445691,1
154651,9138,445691,1
154667,8062,445699,1
154686,66,445710,1
154686,102,445710,1
154686,1923,445710,1
154686,7569,445710,1
154686,8289,445710,1
154686,8681,445710,1
154686,9269,445710,1
154686,9886,445710,1
154686,10390,445710,1
154689,5474,445693,1
154689,7094,445693,1
154689,7097,445693,1
154689,9262,445693,1
154723,5950,445695,1
154760,1690,445758,1
154770,4434,445698,1
154770,4553,445698,1
154774,10235,445708,1
154790,154,445700,1
154790,4007,445700,1
154809,2809,445717,1
154811,2562,445693,1
154811,4303,445693,1
154811,9579,445693,1
154818,5465,445716,1
154818,8062,445716,1
154824,1649,445742,1
154824,2161,445742,1
154824,4696,445742,1
154824,7345,445742,1
154824,10120,445742,1
154848,1328,445690,1
154848,3344,445690,1
154848,5213,445690,1
154848,6109,445690,1
154848,10055,445690,1
154862,2424,445711,1
154862,4434,445711,1
154862,5257,445711,1
154862,5401,445711,1
154881,6488,445701,1
154918,154,445689,1
154918,185,445689,1
154918,3750,445689,1
154918,4639,445689,1
154918,6938,445689,1
154918,8681,445689,1
154918,8791,445689,1
154945,8220,445715,1
154945,10610,445715,1
154953,1762,445706,1
154953,3076,445706,1
154953,9262,445706,1
154957,179,445711,1
154957,2509,445711,1
154957,6019,445711,1
154968,3638,445690,1
154968,6784,445690,1
154968,7415,445690,1
154968,8062,445690,1
154968,8561,445690,1
154968,11300,445690,1
154971,1316,445709,1
154972,8298,445702,1
154979,722,445698,1
154979,722,445716,1
154990,8791,445691,1
155015,8062,445695,1
155019,4762,445736,1
155024,8016,445712,1
155077,209,445734,1
155078,6019,445758,1
155078,7862,445758,1
155078,9262,445758,1
155078,10761,445758,1
155088,154,445692,1
155088,6038,445692,1
155088,10020,445692,1
155103,9262,445698,1
155112,6845,445759,1
155116,6046,445697,1
155120,3815,445758,1
155120,5094,445758,1
155120,6784,445758,1
155120,7132,445758,1
155135,108,445734,1
155135,1673,445734,1
155135,1731,445734,1
155135,4025,445734,1
155135,4345,445734,1
155135,7013,445734,1
155135,8220,445734,1
155150,2809,445713,1
155158,722,445690,1
155181,3536,445718,1
155181,3728,445718,1
155181,5681,445718,1
155181,6742,445718,1
155181,7013,445718,1
155181,7509,445718,1
155191,1094,445700,1
155198,8016,445713,1
155199,154,445714,1
155203,722,445712,1
155216,154,445696,1
155218,9798,445700,1
155245,623,445761,1
155245,1650,445761,1
155245,4854,445761,1
155245,5542,445761,1
155245,5646,445761,1
155245,6692,445761,1
155245,6784,445761,1
155245,8220,445761,1
155245,11224,445761,1
155245,11390,445761,1
155254,11011,445691,1
155262,3076,445710,1
155262,6514,445710,1
155262,10120,445710,1
155265,4883,445689,1
155268,722,445718,1
155268,3638,445718,1
155268,5465,445718,1
155268,8566,445718,1
155285,4141,445713,1
155285,5050,445713,1
155285,7219,445713,1
155285,7866,445713,1
155285,10120,445713,1
155285,10122,445713,1
155304,10001,445760,1
155317,154,445711,1
155323,2302,445700,1
155323,3401,445700,1
155323,3871,445700,1
155323,6995,445700,1
155323,9262,445700,1
155337,154,445705,1
155337,777,445705,1
155337,2064,445705,1
155337,3946,445705,1
155337,4344,445705,1
155337,4639,445705,1
155337,6514,445705,1
155337,7429,445705,1
155337,7569,445705,1
155337,7850,445705,1
155337,8791,445705,1
155337,9262,445705,1
155337,9318,445705,1
155339,1880,445698,1
155340,10120,445707,1
155387,10120,445717,1
155408,7132,445711,1
155408,7954,445711,1
155408,9262,445759,1
155408,10195,445711,1
155408,10227,445711,1
155470,4909,445692,1
155477,154,445696,1
155477,9268,445697,1
155479,154,445742,1
155483,8266,445760,1
155494,7345,445742,1
155494,8220,445742,1
155494,10529,445742,1
155516,3401,445704,1
155516,3659,445704,1
155516,6810,445704,1
155516,9262,445704,1
155525,154,445701,1
155525,9262,445696,1
155525,9262,445701,1
155539,1002,445704,1
155539,1002,445708,1
155542,154,445692,1
155542,339,445692,1
155557,154,445759,1
155557,6019,445759,1
155557,6784,445759,1
155573,9286,445711,1
155583,1194,445736,1
155607,154,445717,1
155614,1094,445698,1
155641,2509,445709,1
155642,3401,445691,1
155642,3638,445691,3
155642,5465,445711,1
155642,6235,445691,3
155642,6235,445758,1
155642,6784,445691,3
155642,6784,445716,1
155642,6784,445758,1
155642,7132,445691,3
155642,7132,445716,1
155642,7132,445758,1
155642,7371,445716,1
155642,7904,445691,1
155642,8062,445711,1
155642,8108,445711,1
155642,8108,445716,1
155642,9121,445691,2
155642,9747,445691,1
155642,10333,445711,1
155642,10539,445758,1
155709,154,445742,1
155709,2053,445742,1
155709,2690,445742,1
155709,10120,445742,1
155718,154,445690,1
155718,154,445691,1
155718,154,445702,1
155718,5328,445690,1
155718,5328,445691,1
155718,5328,445702,1
155726,8888,445701,1
155727,1056,445742,1
155727,4762,445742,1
155727,8883,445742,1
155727,9271,445742,1
155746,7231,445694,1
155766,7379,445735,1
155774,8712,445694,2
155774,8712,445735,1
155774,8712,445759,1
155822,3401,445691,1
155822,9138,445691,1
155822,9262,445691,1
155832,1633,445742,1
155839,9262,445714,1
155848,8220,445759,1
155850,1884,445735,1
155850,4082,445735,1
155850,7892,445735,1
155858,154,445712,1
155858,5210,445712,1
155858,7956,445712,1
155865,9954,445704,1
155887,8763,445758,1
155900,8865,445701,1
155900,9262,445701,1
155903,6514,445707,1
155903,7569,445707,1
155912,1094,445709,1
155915,1957,445710,1
155915,2509,445710,1
155915,3401,445710,1
155915,4412,445710,1
155915,9138,445710,1
155915,9262,445710,1
155915,10936,445710,1
155915,11208,445710,1
155931,3503,445735,1
155931,5698,445735,1
155931,6069,445735,1
155931,7498,445735,1
155939,3815,445759,1
155967,4452,445698,1
155968,11272,445692,1
155984,760,445692,1
155984,1316,445692,1
155984,2302,445692,1
155984,2999,445692,1
155984,5465,445692,1
155993,670,445698,1
155993,4345,445698,1
155996,349,445689,1
155996,990,445760,1
155996,1955,445760,1
155996,3789,445689,1
155996,4755,445760,1
155996,5007,445760,1
155996,5125,445760,1
155996,5474,445760,1
155996,8217,445760,1
155996,8670,445689,1
155996,10901,445760,3
156015,1133,445699,1
156015,4639,445699,1
156015,5337,445699,1
156015,6292,445699,1
156015,6784,445699,1
156015,9708,445699,1
156019,4171,445693,1
156019,9262,445693,1
156019,11386,445693,1
156032,9286,445714,1
156045,7124,445699,1
156051,154,445694,1
156051,4639,445694,1
156061,2138,445698,1
156063,4445,445700,1
156063,8062,445761,1
156063,9723,445700,1
156063,11386,445761,1
156093,4639,445713,1
156093,6821,445713,1
156093,9262,445713,1
156098,2484,445701,1
156098,3401,445701,1
156098,5324,445701,1
156098,7588,445701,1
156098,9262,445701,1
156106,405,445713,1
156106,1142,445713,1
156106,1649,445713,1
156106,7013,445713,1
156106,9262,445713,1
156113,3638,445758,1
156117,1316,445715,1
156117,7164,445715,1
156117,7460,445715,1
156117,8062,445715,1
156118,1655,445735,1
156118,11386,445735,1
156132,5566,445697,1
156132,6784,445697,1
156132,9709,445697,1
156137,5819,445715,1
156137,7660,445715,1
156137,9326,445715,1
156163,5232,445707,1
156167,9424,445693,1
156173,154,445695,1
156173,9083,445695,1
156173,10529,445695,1
156173,10998,445695,1
156190,154,445759,1
156190,2746,445759,1
156190,4344,445759,1
156190,4639,445759,1
156190,4748,445759,1
156190,7132,445759,1
156190,7937,445759,1
156190,8681,445759,1
156190,9262,445759,1
156190,9536,445759,1
156190,10295,445759,1
156199,973,445761,1
156199,1349,445761,1
156199,1703,445761,1
156204,3905,445718,1
156219,532,445703,1
156232,9265,445742,1
156239,10235,445689,1
156244,7400,445759,1
156244,8220,445759,1
156248,8195,445698,1
156258,1194,445760,1
156258,3875,445760,2
156258,4856,445760,1
156258,5011,445760,1
156258,5132,445760,1
156258,5493,445760,1
156258,7132,445760,1
156266,9083,445761,1
156292,11305,445702,1
156373,3872,445699,1
156384,1334,445714,1
156393,4762,445718,1
156407,4927,445709,1
156417,154,445707,1
156417,2809,445707,1
156417,6938,445707,1
156427,3020,445758,1
156427,3525,445758,1
156482,113,445692,1
156482,405,445692,1
156482,1164,445692,1
156482,1668,445692,1
156482,2399,445692,1
156482,3401,445692,1
156482,4639,445692,1
156482,6970,445692,1
156482,9262,445692,1
156482,11386,445692,1
156486,154,445689,1
156486,9138,445689,1
156493,1649,445736,1
156493,7013,445736,1
156493,9262,445736,1
156497,2809,445702,1
156497,6475,445702,1
156506,154,445701,1
156506,8016,445701,1
156506,9083,445701,1
156531,1185,445716,1
156539,6475,445696,1
156539,8566,445696,1
156558,6019,445707,1
156564,1727,445758,1
156564,3138,445758,1
156564,9859,445758,1
156565,10692,445717,1
156588,5420,445758,1
156593,4639,445696,1
156612,3815,445758,1
156612,7473,445758,1
156612,8062,445758,1
156612,8220,445758,1
156620,154,445699,1
156637,9038,445707,1
156637,9184,445707,1
156638,6488,445692,1
156640,6995,445696,1
156651,2165,445706,1
156651,3750,445706,1
156651,6637,445706,1
156651,9621,445706,1
156651,10353,445706,1
156655,11119,445714,1
156659,8062,445710,1
156664,102,445699,1
156664,316,445699,1
156664,4500,445699,1
156664,6568,445699,1
156664,8884,445699,1
156673,2809,445706,1
156673,8712,445706,1
156676,4375,445705,1
156677,4344,445761,1
156677,5011,445761,1
156684,3838,445694,1
156684,5474,445694,1
156684,9262,445694,1
156686,3728,445717,1
156686,4762,445717,1
156686,9262,445717,1
156708,2809,445703,1
156708,5858,445703,1
156708,6938,445703,1
156723,2809,445698,1
156723,5858,445698,1
156756,6260,445761,2
156803,6235,445758,1
156804,2809,445699,1
156821,2096,445708,1
156825,276,445695,1
156835,4639,445717,1
156835,8063,445717,1
156835,8681,445717,1
156835,9138,445717,1
156835,9536,445717,1
156836,1316,445691,1
156836,3401,445691,1
156836,4639,445691,1
156836,9262,445691,1
156843,10083,445708,1
156848,8195,445698,1
156852,3890,445694,1
156853,4583,445758,1
156880,9262,445710,1
156885,1476,445704,1
156885,9262,445704,1
156906,8791,445689,1
156917,7945,445703,1
156923,9262,445714,1
156929,3276,445734,1
156937,1649,445759,1
156937,9083,445759,1
156957,154,445697,1
156957,722,445697,1
156957,4762,445697,1
156957,10998,445697,1
156960,2810,445701,1
156967,4639,445691,1
156967,7569,445691,1
156967,8791,445691,1
156975,9138,445690,1
156996,4986,445717,1
156997,1742,445691,1
157009,4456,445759,1
157017,3643,445736,1
157017,4762,445735,1
157017,9891,445736,1
157030,7271,445690,1
157072,405,445713,1
157072,3544,445713,1
157072,5465,445713,1
157072,5858,445689,1
157072,6750,445713,1
157072,9262,445713,1
157085,10583,445711,1
157093,4639,445696,1
157101,10214,445713,1
157120,405,445742,1
157120,1649,445742,1
157120,7013,445742,1
157120,8220,445742,1
157120,10120,445742,1
157140,7282,445741,1
157161,1649,445710,1
157163,6951,445690,1
157168,4639,445707,1
157181,3822,445714,1
157184,5361,445710,1
157184,8239,445710,1
157184,9174,445710,1
157192,4639,445698,1
157201,6458,445691,1
157204,154,445760,1
157204,1649,445760,1
157204,8220,445760,1
157212,154,445698,1
157223,2809,445699,1
157224,154,445689,1
157224,8791,445689,1
157224,9420,445689,1
157224,10692,445689,1
157224,11386,445689,1
157238,4639,445689,1
157243,1373,445758,1
157243,3091,445758,1
157243,3401,445758,1
157243,4674,445758,1
157243,5566,445758,1
157243,9262,445758,1
157243,10464,445758,1
157243,10914,445758,1
157264,1595,445702,1
157264,1649,445702,1
157264,7509,445702,1
157264,9613,445702,1
157287,10776,445696,1
157301,213,445697,1
157301,2809,445697,1
157301,3624,445697,1
157301,5474,445697,1
157301,9131,445697,1
157307,4639,445691,1
157310,3401,445718,1
157310,9083,445718,1
157311,6514,445701,1
157314,8062,445692,1
157321,4639,445701,1
157331,482,445693,1
157331,6019,445693,1
157346,154,445736,1
157352,4639,445701,1
157379,2809,445709,1
157379,9490,445709,1
157379,10120,445709,1
157382,403,445700,1
157382,9262,445700,1
157382,10761,445700,1
157396,2809,445711,1
157396,5858,445711,1
157396,6508,445711,1
157405,6938,445692,1
157412,9138,445691,1
157418,7812,445716,1
157438,4639,445709,1
157438,10120,445709,1
157445,4639,445692,1
157467,5480,445693,3
157467,6212,445693,3
157467,9138,445693,3
157471,1540,445742,1
157471,1624,445742,1
157471,9778,445742,1
157479,2445,445702,1
157479,3443,445702,1
157479,4345,445702,1
157479,5805,445702,1
157479,6784,445702,1
157479,8016,445702,1
157479,9797,445702,1
157479,10529,445702,1
157479,11386,445702,1
157488,6784,445715,1
157495,9262,445760,1
157523,3728,445717,1
157523,5420,445717,1
157548,722,445690,1
157548,4176,445690,1
157555,9262,445704,1
157563,1853,445695,1
157581,4872,445690,1
157581,6784,445690,1
157581,7063,445690,1
157581,7493,445690,1
157581,8598,445690,1
157581,10563,445690,1
157581,11202,445690,1
157583,6458,445707,1
157596,1288,445693,1
157599,6395,445699,1
157599,7212,445699,1
157599,8309,445699,1
157599,11260,445699,1
157600,1194,445697,1
157600,10761,445697,1
157614,10416,445702,1
157618,124,445742,1
157618,154,445742,1
157618,8062,445742,1
157618,9262,445742,1
157621,1316,445709,1
157621,6514,445709,1
157623,2662,445697,1
157623,2809,445697,1
157634,3401,445698,1
157634,6995,445698,1
157634,9262,445698,1
157639,5862,445696,1
157639,6514,445696,1
157639,8566,445696,1
157660,10120,445714,1
157662,1982,445717,1
157662,4294,445717,1
157662,4825,445717,1
157662,8472,445717,1
157662,8686,445717,1
157663,6458,445736,1
157671,7217,445697,1
157671,10666,445697,1
157671,11167,445697,1
157672,102,445690,1
157672,185,445690,1
157672,1685,445690,1
157672,3820,445690,1
157672,4344,445690,1
157672,4762,445690,1
157672,5480,445690,1
157672,8062,445690,1
157672,8063,445690,1
157672,10035,445690,1
157672,10516,445690,1
157674,185,445735,1
157674,3514,445735,1
157676,2809,445717,1
157676,5474,445700,1
157676,6367,445700,1
157676,10773,445717,1
157677,154,445734,1
157706,2107,445706,1
157709,4639,445690,1
157733,7178,445701,1
157733,9262,445701,1
157733,10936,445701,1
157736,889,445761,1
157736,5929,445761,1
157749,3401,445700,1
157749,4762,445700,1
157749,6683,445700,1
157752,154,445717,1
157752,7586,445717,1
157752,9922,445717,1
157754,2650,445758,1
157754,3819,445758,1
157758,10547,445706,1
157761,8016,445699,1
157761,9138,445699,1
157761,9262,445699,1
157763,6350,445706,1
157776,4063,445692,1
157799,3401,445710,1
157799,3519,445710,1
157799,8062,445710,1
157823,154,445702,1
157837,7228,445692,1
157855,154,445708,1
157855,1272,445708,1
157855,6581,445708,1
157857,1164,445761,1
157929,1373,445698,1
157929,2984,445698,1
157929,6458,445698,1
157929,10898,445698,1
157935,6659,445717,1
157940,7132,445759,1
157940,7956,445759,1
157944,1396,445716,1
157952,8062,445707,1
157959,154,445693,1
157959,1537,445693,1
157959,3401,445693,1
157959,3728,445693,1
157959,4534,445693,1
157959,4639,445693,1
157959,7132,445693,1
157959,7134,445693,1
157959,7398,445693,1
157959,7800,445693,1
157959,8016,445693,1
157959,8566,445693,1
157959,8791,445693,1
157959,9262,445693,1
157959,10248,445693,1
157959,10333,445693,1
157971,9343,445705,1
158002,8062,445696,1
158005,154,445695,1
158014,8712,445702,1
158017,1880,445692,1
158017,9039,445692,1
158034,1094,445704,1
158036,2924,445742,1
158037,154,445758,1
158037,9262,445758,1
158040,1649,445742,1
158045,154,445693,1
158055,777,445696,1
158055,1537,445696,1
158055,4639,445696,1
158055,8062,445696,1
158055,8791,445696,1
158071,10044,445701,1
158105,1244,445758,1
158105,2445,445758,1
158105,5171,445758,1
158105,5805,445758,1
158105,9262,445758,1
158105,9708,445758,1
158105,9709,445758,1
158131,8681,445693,1
158131,11156,445693,1
158135,156,445693,1
158135,2459,445693,1
158135,6177,445693,1
158135,6960,445693,1
158146,1989,445700,1
158146,3791,445700,1
158146,4211,445700,1
158146,8555,445700,1
158146,11386,445700,1
158149,8293,445759,1
158161,3822,445714,1
158182,1839,445690,1
158182,8791,445690,1
158192,4989,445705,1
158199,154,445696,1
158214,9262,445758,1
158222,9262,445702,1
158226,6728,445760,1
158226,8389,445760,1
158232,908,445713,1
158232,1316,445713,1
158232,6784,445713,1
158232,8016,445713,1
158232,10946,445713,1
158236,7684,445717,1
158247,3401,445710,1
158247,4880,445710,1
158247,5911,445710,1
158247,6367,445710,1
158249,7740,445759,1
158261,4762,445735,2
158267,2445,445697,1
158267,2445,445708,1
158295,1522,445695,1
158295,10001,445695,1
158298,6845,445761,1
158306,2302,445716,1
158306,3076,445716,1
158306,3401,445716,1
158306,3728,445716,1
158306,9262,445716,1
158325,563,445710,1
158325,2417,445710,1
158325,5520,445710,1
158325,5566,445710,1
158325,6343,445710,1
158325,10854,445710,1
158338,722,445760,1
158338,6025,445760,1
158338,6488,445760,1
158338,10840,445760,1
158347,847,445699,1
158356,2096,445704,1
158356,3118,445704,1
158356,3871,445704,1
158356,4639,445704,1
158356,4989,445704,1
158356,6995,445704,1
158356,8681,445704,1
158356,10529,445704,1
158367,9641,445707,1
158370,1312,445713,1
158373,10229,445690,1
158374,102,445691,1
158388,4639,445702,1
158388,8791,445702,1
158388,10120,445702,1
158398,3020,445736,1
158400,2562,445700,1
158430,1649,445736,1
158434,722,445707,1
158435,582,445710,1
158435,10120,445710,1
158489,2445,445711,1
158489,2548,445711,1
158489,6810,445711,1
158489,7132,445711,1
158492,154,445707,1
158495,154,445691,1
158495,3401,445691,1
158495,6784,445691,1
158495,10219,445691,1
158511,1649,445761,1
158511,2066,445761,1
158511,2317,445761,1
158511,4403,445761,1
158511,10071,445761,1
158511,11196,445761,1
158518,1880,445713,1
158519,154,445701,1
158534,5661,445695,1
158534,11396,445695,1
158575,789,445704,1
158575,5299,445704,1
158575,6475,445704,1
158575,9262,445704,1
158575,9505,445704,1
158578,154,445734,1
158578,10120,445734,1
158579,3189,445696,1
158589,974,445714,1
158589,1454,445714,1
158589,9579,445714,1
158589,10490,445714,1
158589,10888,445714,1
158603,2809,445693,1
158603,4222,445693,1
158603,6938,445693,1
158611,5681,445698,1
158611,9467,445692,1
158625,1649,445761,1
158625,2820,445761,1
158625,8566,445761,1
158631,3664,445717,1
158631,4232,445717,1
158631,5474,445717,1
158631,6784,445717,1
158631,8115,445717,1
158643,3401,445695,1
158643,4639,445695,1
158646,5465,445711,1
158646,6532,445711,1
158646,7132,445711,1
158646,9262,445711,1
158650,7939,445706,1
158655,2068,445699,1
158655,6285,445699,1
158655,6583,445699,1
158655,8016,445699,1
158655,9262,445699,1
158655,10096,445699,1
158695,3740,445698,1
158706,8062,445707,1
158711,230,445758,1
158711,2212,445758,1
158711,2827,445758,1
158711,4050,445758,1
158711,4946,445758,1
158711,5966,445758,1
158711,6030,445758,1
158711,6488,445758,1
158711,6786,445758,1
158711,7149,445758,1
158711,7537,445758,1
158711,8753,445758,1
158711,9262,445758,1
158711,9592,445758,1
158711,9703,445758,1
158711,11183,445758,1
158719,1164,445694,1
158719,3401,445694,2
158719,3544,445694,1
158719,3638,445694,1
158719,4639,445694,2
158719,6784,445694,1
158719,7132,445694,1
158719,7569,445694,1
158719,8791,445694,1
158719,9103,445694,1
158719,9262,445694,2
158727,9262,445695,1
158733,11387,445716,1
158756,4434,445710,1
158756,4639,445710,1
158799,842,445716,1
158799,8681,445716,1
158799,9262,445716,1
158800,2509,445709,1
158800,4639,445690,1
158802,1202,445709,1
158802,4755,445709,1
158802,6235,445709,1
158802,9262,445709,1
158802,10248,445709,1
158802,11386,445709,1
158813,7,445701,1
158826,1649,445742,1
158826,5094,445742,1
158826,10529,445742,1
158831,9262,445710,1
158835,3401,445709,1
158835,4639,445709,1
158835,9262,445709,1
158835,10120,445709,1
158839,9262,445708,2
158847,3401,445695,1
158847,9262,445695,1
158850,4639,445702,1
158868,11386,445695,1
158910,7754,445705,1
158926,606,445709,1
158955,3401,445718,1
158955,6742,445718,1
158955,9262,445718,1
158965,4639,445709,1
158974,154,445735,1
158974,1649,445735,1
159009,1982,445735,1
159009,2765,445735,1
159009,4733,445735,1
159009,5062,445735,1
159009,7348,445735,1
159009,9421,445735,1
159009,10488,445735,1
159009,10975,445735,1
159009,11233,445735,1
159022,5339,445714,1
159033,154,445703,1
159033,2548,445703,1
159051,1164,445691,1
159060,4171,445707,1
159070,7206,445761,1
159082,6467,445718,1
159087,154,445691,1
159089,6582,445690,1
159095,3401,445694,1
159095,3638,445694,1
159095,9219,445694,1
159095,10333,445694,1
159099,4639,445696,1
159099,8791,445696,1
159107,2112,445716,1
159119,9179,445689,1
159129,154,445760,1
159131,11321,445692,1
159142,154,445689,1
159154,7974,445759,1
159165,154,445704,1
159176,154,445690,1
159176,8062,445690,1
159183,1167,445711,1
159183,7553,445711,1
159185,3728,445711,1
159185,4762,445711,1
159187,1181,445718,1
159195,4794,445704,1
159216,5136,445698,1
159218,5002,445759,1
159234,4639,445690,1
159234,4755,445690,1
159234,6427,445690,1
159234,8791,445690,1
159234,10666,445690,1
159240,4639,445690,1
159265,3401,445690,1
159265,4639,445690,1
159265,9138,445690,1
159265,10120,445690,1
159266,2096,445734,1
159273,9138,445700,1
159273,9262,445700,1
159277,1094,445736,1
159309,154,445704,1
159309,154,445708,1
159322,2314,445694,1
159352,2809,445705,1
159352,8897,445705,1
159352,11386,445705,1
159365,7228,445694,1
159369,4639,445692,1
159398,9262,445716,1
159420,154,445718,1
159431,951,445715,1
159431,5681,445715,1
159431,7428,445715,1
159431,7736,445715,1
159431,9658,445715,1
159437,8035,445716,1
159437,9013,445716,1
159441,3787,445708,1
159441,7569,445708,1
159441,9661,445708,1
159441,10120,445708,1
159441,10732,445708,1
159441,11386,445708,1
159442,154,445701,1
159442,1698,445701,1
159442,2255,445701,1
159442,4762,445701,1
159442,8063,445701,1
159445,3188,445704,1
159483,10504,445698,1
159493,3188,445696,1
159493,3238,445696,2
159493,3401,445696,1
159493,4639,445696,1
159493,5349,445696,1
159493,11386,445696,1
159498,5858,445742,3
159518,2907,445735,1
159518,7813,445735,1
159523,8062,445713,1
159523,9579,445713,2
159523,11386,445713,1
159531,10510,445759,1
159538,722,445699,1
159543,4639,445703,1
159545,2302,445692,1
159545,3401,445692,1
159545,3871,445692,1
159545,4639,445692,1
159545,11386,445692,1
159550,8016,445698,1
159550,8644,445698,1
159550,11386,445698,1
159551,405,445711,1
159551,508,445711,1
159551,541,445711,1
159551,2366,445711,1
159551,2627,445711,1
159551,3817,445711,1
159551,4006,445711,1
159551,6433,445711,1
159551,7114,445711,1
159551,8639,445711,1
159551,9909,445711,1
159551,11403,445711,1
159554,6180,445691,1
159554,6462,445691,1
159554,8790,445691,1
159580,1164,445690,1
159580,3638,445690,1
159580,4639,445690,1
159580,6235,445690,2
159580,6784,445690,1
159580,7132,445690,1
159580,8686,445690,1
159580,8791,445690,1
159580,9138,445690,1
159609,6234,445712,1
159637,1101,445758,1
159637,2827,445758,1
159656,154,445759,1
159663,154,445691,1
159663,4639,445691,1
159671,9513,445690,1
159675,6671,445736,1
159688,4989,445695,1
159718,4639,445702,1
159721,3728,445709,1
159721,10012,445758,1
159723,4126,445702,1
159727,6535,445702,1
159734,154,445758,1
159734,2096,445758,1
159795,3925,445718,1
159796,569,445700,1
159799,9136,445695,1
159804,1649,445713,1
159808,154,445690,1
159808,2809,445695,1
159808,4639,445689,1
159808,4639,445690,1
159808,8791,445689,1
159811,1094,445716,1
159818,6235,445689,1
159818,8791,445689,1
159864,9893,445717,1
159869,5681,445702,1
159888,711,445703,1
159888,3901,445703,1
159892,9262,445758,1
159892,10699,445758,1
159892,11233,445758,1
159913,977,445690,1
159931,4639,445699,1
159937,722,445715,1
159937,3076,445715,1
159937,10334,445715,1
159939,9138,445689,1
159958,4639,445691,1
159958,9154,445691,1
159979,154,445694,1
159979,722,445694,1
159979,2096,445694,1
159979,4232,445694,1
159983,10460,445698,1
159990,154,445701,1
160020,10012,445715,1
160034,1316,445714,1
160034,3728,445714,1
160034,4639,445714,1
160034,7569,445714,1
160034,8016,445714,1
160034,8062,445714,1
160034,8681,445714,1
160034,8791,445714,1
160034,9262,445714,1
160034,11386,445714,1
160040,1367,445704,1
160040,7246,445704,1
160040,10532,445704,1
160046,154,445706,1
160046,243,445706,1
160046,1574,445706,1
160046,3728,445706,1
160046,4313,445706,1
160051,154,445694,1
160051,4639,445694,1
160051,8120,445694,1
160060,3401,445692,1
160060,6784,445692,1
160060,9138,445692,1
160072,154,445704,1
160076,7168,445736,1
160076,9262,445736,1
160089,1316,445736,1
160089,4530,445736,1
160089,6784,445736,1
160089,9236,445736,1
160089,9937,445736,1
160090,925,445758,5
160090,5402,445758,5
160096,154,445758,1
160096,1396,445758,1
160096,2302,445758,1
160096,3076,445758,1
160096,6845,445758,1
160096,10527,445758,1
160135,3815,445760,1
160135,5094,445760,1
160135,9262,445760,1
160140,3401,445698,1
160140,6995,445698,1
160143,3978,445708,1
160156,1409,445742,1
160156,4853,445742,1
160260,2548,445700,1
160260,2809,445700,1
160260,3189,445700,1
160260,5858,445700,1
160260,6810,445700,1
160265,9513,445690,1
160266,4639,445697,1
160281,2399,445711,1
160281,3401,445711,1
160281,3728,445711,1
160281,8977,445711,1
160281,9262,445711,1
160281,10358,445711,1
160285,1316,445708,1
160285,3728,445708,1
160285,4639,445708,1
160285,7132,445708,1
160285,8016,445708,1
160285,8062,445708,1
160285,9262,445708,1
160285,10120,445708,1
160341,7416,445708,1
160381,5465,445715,1
160381,8062,445715,1
160411,722,445691,1
160411,8228,445691,1
160411,9021,445691,1
160411,9262,445691,1
160413,7922,445713,1
160422,6784,445704,1
160424,1862,445713,1
160427,423,445761,1
160453,10012,445715,1
160491,310,445703,1
160491,3750,445703,1
160491,8016,445703,2
160491,9262,445703,1
160498,2023,445714,1
160510,10118,445698,1
160531,1741,445705,1
160540,5360,445695,1
160540,8063,445695,1
160540,9262,445695,1
160544,7653,445709,1
160545,540,445759,1
160545,7379,445759,1
160552,3358,445696,1
160555,722,445699,1
160555,2809,445699,1
160555,4762,445699,1
160555,8016,445699,1
160555,10914,445699,1
160573,3728,445706,1
160573,4639,445706,1
160599,722,445705,1
160599,1142,445692,1
160599,1334,445692,1
160599,3261,445692,1
160599,4762,445699,1
160599,4989,445705,1
160599,9262,445692,1
160599,9262,445705,1
160618,154,445734,1
160618,1649,445734,1
160618,3401,445734,1
160618,3638,445734,1
160618,5465,445734,1
160618,6303,445734,1
160618,11386,445734,1
160626,2803,445691,1
160626,4007,445691,1
160626,9262,445691,1
160627,3401,445699,1
160627,3728,445699,1
160627,8016,445699,1
160627,8062,445699,1
160636,2384,445713,1
160636,6784,445713,1
160636,9547,445713,1
160639,6659,445713,1
160662,8091,445698,1
160669,1164,445735,1
160669,1649,445735,1
160669,9262,445735,1
160669,9613,445735,1
160703,140,445695,1
160703,1194,445695,1
160703,1660,445695,1
160703,3630,445695,1
160703,3647,445695,1
160703,4152,445695,1
160703,4643,445695,1
160703,5158,445695,1
160703,5917,445695,1
160703,6784,445695,1
160703,9014,445695,1
160703,9297,445695,1
160703,9575,445695,1
160703,11240,445695,1
160716,3638,445698,1
160717,91,445692,1
160717,722,445690,1
160717,722,445692,1
160717,4762,445690,1
160717,6260,445692,1
160717,8062,445692,1
160717,9262,445692,1
160724,154,445701,1
160724,7569,445701,1
160724,8791,445701,1
160729,3401,445698,1
160733,1194,445716,1
160739,10120,445711,1
160754,1490,445691,1
160754,1490,445758,1
160754,1490,445761,1
160774,6535,445690,1
160774,8949,445690,1
160782,154,445694,1
160783,8791,445692,1
160790,166,445736,1
160790,330,445736,1
160790,1396,445736,1
160790,1543,445736,1
160790,2220,445736,1
160790,2553,445736,1
160790,2649,445736,1
160790,3899,445736,1
160790,9170,445736,2
160790,9262,445736,1
160790,9529,445736,1
160790,9625,445736,1
160790,9696,445736,1
160790,11045,445736,1
160799,284,445690,1
160799,4170,445690,1
160799,5198,445690,1
160799,5362,445690,1
160799,8345,445690,1
160799,9208,445690,1
160799,10275,445690,1
160818,4639,445712,1
160820,10422,445705,1
160823,8035,445697,1
160842,1142,445715,1
160842,2509,445715,1
160842,4207,445715,1
160842,6784,445715,1
160842,8062,445715,1
160845,8062,445692,1
160846,7966,445691,1
160855,958,445701,1
160855,7630,445701,1
160859,1412,445698,1
160859,6459,445698,1
160859,10571,445698,1
160873,4938,445692,1
160874,4639,445706,1
160904,154,445705,1
160904,1164,445705,1
160904,4639,445705,1
160904,5465,445705,1
160904,5501,445705,1
160904,6784,445705,1
160904,7132,445705,1
160904,8062,445705,1
160904,8791,445705,1
160904,9138,445705,1
160906,154,445714,1
160906,3871,445714,1
160906,4639,445714,1
160906,6995,445714,1
160906,9262,445714,1
160906,10120,445714,1
160923,722,445694,1
160925,405,445697,1
160925,1904,445697,1
160925,6019,445697,1
160925,6784,445697,1
160925,8686,445697,1
160954,154,445694,1
160954,3871,445694,1
160954,4639,445694,1
160976,154,445717,1
160976,1396,445717,1
160976,4185,445717,1
160976,10120,445717,1
160980,1649,445736,1
160980,3401,445736,1
160980,9262,445736,1
160980,10120,445736,1
160981,4639,445690,1
160981,8791,445690,1
160983,9536,445758,1
161011,722,445699,1
161011,4207,445699,1
161046,7754,445710,1
161048,9306,445704,1
161048,9827,445704,1
161049,1649,445710,1
161049,5465,445710,1
161049,7013,445710,1
161049,7398,445710,1
161049,8062,445710,1
161049,9876,445710,1
161054,2302,445742,1
161054,3401,445742,1
161054,4385,445699,1
161054,10527,445742,1
161059,154,445695,1
161059,1142,445695,1
161059,1956,445695,1
161103,154,445697,1
161103,722,445697,1
161103,3401,445697,1
161103,10761,445697,1
161114,6714,445703,1
161136,10120,445709,1
161136,10739,445709,1
161139,4395,445758,1
161143,10332,445705,1
161146,4344,445742,1
161146,4639,445742,1
161146,10120,445742,1
161150,1649,445741,1
161150,4639,445741,1
161150,7013,445741,1
161150,8220,445741,1
161163,154,445712,1
161163,1649,445712,1
161165,5427,445735,1
161231,11386,445701,1
161236,154,445716,1
161246,3180,445698,1
161254,1200,445714,1
161258,2809,445718,1
161258,10035,445718,1
161263,606,445704,1
161263,2339,445704,1
161273,6980,445695,1
161292,4639,445704,1
161292,8062,445704,1
161306,4639,445692,1
161306,6784,445692,1
161306,7569,445692,1
161306,9262,445692,1
161306,9536,445692,1
161306,10692,445692,1
161310,2096,445761,1
161310,9262,445761,1
161310,10529,445761,1
161310,10743,445761,1
161322,7061,445705,1
161350,6215,445758,1
161350,10012,445758,1
161353,4938,445695,1
161358,10176,445690,1
161360,10120,445708,2
161367,2716,445691,1
161367,4639,445691,1
161372,5465,445709,1
161372,8062,445709,1
161391,7022,445694,1
161391,7968,445694,1
161396,7399,445735,1
161410,9550,445692,1
161411,154,445759,1
161411,10248,445759,1
161434,4539,445692,1
161438,154,445691,1
161440,1021,445699,1
161456,2662,445700,1
161456,8016,445700,1
161456,8220,445700,1
161472,722,445742,1
161472,2096,445742,1
161472,3828,445742,1
161472,6488,445742,1
161514,8963,445700,1
161535,154,445742,1
161544,154,445695,1
161551,3534,445689,1
161557,8337,445711,1
161562,5197,445735,1
161562,7013,445735,1
161567,1867,445715,1
161567,4762,445715,1
161567,9326,445715,1
161598,6932,445705,1
161610,4222,445698,1
161614,2826,445690,1
161622,154,445696,1
161622,185,445696,1
161635,154,445759,1
161635,2609,445759,1
161635,5241,445759,1
161635,8189,445759,1
161635,9368,445759,1
161637,1561,445761,1
161637,2096,445761,1
161637,2532,445761,1
161637,4833,445761,1
161637,9815,445761,1
161637,10761,445761,1
161649,10743,445709,1
161654,1094,445716,1
161654,5400,445693,1
161655,4989,445699,1
161675,8062,445708,1
161683,154,445691,1
161705,502,445691,1
161705,2565,445691,1
161705,2919,445691,1
161705,5261,445691,1
161705,6395,445691,1
161734,7132,445695,1
161734,8681,445695,1
161734,9262,445695,1
161735,10505,445705,1
161748,9958,445759,1
161761,1672,445760,1
161767,6617,445704,1
161769,1795,445760,1
161769,11352,445760,1
161797,7069,445717,1
161797,10188,445710,1
161797,10188,445717,1
161803,2809,445709,1
161803,5777,445736,1
161803,6899,445735,1
161808,10798,445758,1
161826,4813,445742,1
161833,4639,445690,1
161850,3815,445741,1
161850,10635,445741,1
161856,1184,445691,1
161856,2809,445691,1
161856,9262,445691,1
161863,11141,445713,1
161871,1164,445761,1
161871,5011,445761,1
161871,6514,445761,1
161871,7569,445761,1
161876,2229,445698,1
161891,9262,445691,1
161893,8062,445696,1
161895,2302,445691,1
161895,3076,445718,1
161895,3871,445691,1
161895,4762,445712,1
161895,4762,445718,1
161895,5197,445718,1
161895,6995,445691,1
161895,8016,445691,1
161895,8016,445718,1
161895,9184,445712,1
161895,9184,445718,1
161895,9709,445735,1
161895,10527,445691,1
161895,10527,445718,2
161916,154,445734,1
161918,2809,445694,1
161918,3401,445694,1
161918,4002,445694,1
161918,11386,445694,1
161919,1969,445703,1
161919,3118,445703,1
161919,4434,445715,1
161919,6053,445703,1
161919,6857,445703,1
161920,10248,445699,1
161937,7428,445703,1
161939,4639,445689,1
161939,9330,445689,1
161953,2064,445690,1
161954,154,445714,1
161954,868,445714,1
161954,1396,445714,1
161954,2302,445714,1
161954,3401,445714,1
161954,8278,445714,1
161954,8522,445714,1
161965,1316,445710,1
161965,4639,445710,1
161965,6535,445710,1
161965,6784,445710,1
161965,7815,445710,1
161965,8016,445710,1
161965,8062,445710,1
161974,2809,445704,1
161974,8016,445704,1
161984,242,445703,1
161984,722,445703,1
161984,7569,445703,1
161984,8016,445703,1
161985,11155,445691,1
161999,8037,445695,1
162018,4762,445703,1
162028,2419,445691,1
162028,4646,445691,1
162028,7620,445691,1
162028,8016,445691,1
162028,10053,445761,1
162028,10369,445761,1
162028,10692,445761,1
162040,6818,445699,1
162040,9689,445699,1
162040,11362,445699,1
162046,4728,445705,1
162092,4639,445695,1
162097,172,445705,1
162102,4639,445698,1
162105,5821,445714,1
162106,2112,445705,1
162113,8868,445709,1
162120,2809,445758,1
162120,2809,445759,11
162120,6514,445758,1
162120,6514,445759,11
162120,8063,445758,1
162120,8063,445759,11
162120,9262,445759,22
162120,10378,445758,1
162120,10378,445759,11
162127,537,445758,1
162132,505,445701,1
162135,2981,445718,1
162135,4888,445718,1
162137,9832,445711,1
162138,847,445712,1
162138,1880,445712,1
162138,2013,445712,1
162138,2489,445712,1
162138,3025,445712,1
162138,3401,445712,1
162138,3728,445712,1
162138,5893,445712,1
162138,7509,445712,1
162138,7827,445712,1
162138,8063,445712,1
162138,8289,445712,1
162138,9262,445712,1
162142,3638,445696,1
162142,7399,445696,1
162142,10301,445696,1
162179,6488,445707,1
162179,7276,445707,1
162180,2096,445699,1
162187,4031,445709,1
162187,9493,445706,1
162187,11074,445706,1
162189,113,445697,1
162189,10395,445697,1
162215,1880,445758,1
162223,4639,445712,1
162230,3076,445701,1
162230,3871,445701,1
162235,1649,445735,1
162242,5501,445713,1
162249,9220,445710,1
162252,2302,445699,1
162252,6938,445699,1
162275,3218,445711,1
162296,154,445701,1
162302,1396,445714,1
162302,2302,445714,1
162302,3076,445714,1
162302,10527,445714,1
162308,2503,445715,1
162326,1940,445715,1
162327,154,445689,1
162351,1649,445760,1
162351,4639,445760,1
162351,5011,445760,1
162351,9083,445760,1
162368,9262,445704,1
162377,722,445718,1
162381,7013,445715,1
162381,7398,445715,1
162381,10681,445715,1
162383,1649,445734,1
162383,3890,445734,1
162383,7754,445734,1
162387,8062,445691,1
162400,10120,445717,1
162405,1977,445697,1
162427,2809,445694,1
162432,4222,445689,1
162432,4222,445691,1
162432,4222,445710,1
162432,4222,445712,1
162432,4222,445714,2
162432,4222,445741,1
162432,6458,445735,1
162433,4639,445690,1
162433,6784,445690,1
162433,8681,445690,1
162433,8791,445690,1
162441,3728,445700,1
162451,1094,445698,1
162457,722,445734,1
162457,9262,445734,1
162458,6019,445712,1
162458,9620,445712,1
162474,5129,445693,1
162478,1847,445713,1
162478,4762,445713,1
162478,5197,445713,1
162478,9723,445713,1
162478,10120,445713,1
162481,340,445691,1
162490,3460,445705,1
162540,1891,445702,1
162550,9654,445712,1
162586,3401,445758,1
162586,3815,445758,1
162586,5094,445758,1
162586,7473,445758,1
162586,9262,445758,1
162587,9179,445711,1
162614,10727,445758,9
162622,6245,445718,1
162640,4639,445695,1
162640,7569,445695,1
162640,8062,445695,1
162649,4171,445734,1
162649,9138,445734,1
162664,4639,445690,1
162674,602,445717,1
162684,785,445703,1
162684,3343,445703,1
162684,6824,445703,1
162684,11121,445703,1
162710,5858,445701,1
162711,5094,445742,1
162712,5465,445702,1
162716,1316,445692,1
162716,6784,445692,1
162716,7132,445692,1
162717,1761,445692,1
162717,4762,445692,1
162717,5197,445692,1
162717,6235,445692,1
162730,1199,445759,1
162731,365,445760,1
162731,2815,445760,1
162731,4639,445760,1
162731,8400,445760,1
162741,6454,445701,1
162762,2006,445758,1
162782,5474,445742,1
162785,1142,445709,1
162790,154,445716,1
162790,5094,445716,1
162790,8062,445716,1
162800,3243,445694,1
162800,4582,445694,1
162800,4912,445694,1
162800,5566,445694,1
162800,6916,445694,1
162800,9262,445694,1
162800,10168,445694,1
162858,6475,445742,1
162870,2152,445714,1
162870,4639,445714,1
162870,10120,445714,1
162874,8062,445695,1
162877,64,445694,1
162884,9997,445703,1
162893,5180,445701,1
162910,4312,445742,1
162910,11386,445742,1
162933,2809,445702,1
162933,3401,445702,1
162933,4639,445702,1
162933,5858,445702,1
162934,1649,445701,1
162935,10120,445715,1
162939,2096,445714,1
162958,2068,445700,1
162974,3424,445698,1
162983,3076,445718,1
162983,3083,445718,1
162983,4813,445718,1
162983,5281,445718,1
162983,7867,445718,1
162985,8084,445697,1
163007,4989,445704,1
163012,2285,445713,1
163020,8446,445700,1
163027,721,445701,1
163034,6938,445700,1
163039,2373,445712,1
163039,3728,445712,1
163039,9138,445712,1
163039,10307,445712,1
163049,3638,445712,1
163049,4171,445712,1
163049,4639,445712,1
163049,6784,445712,1
163049,11386,445712,1
163066,3415,445694,1
163077,3188,445713,1
163077,3976,445713,1
163077,4762,445713,1
163123,154,445734,1
163130,3127,445690,1
163137,756,445690,1
163137,5293,445690,1
163137,6358,445690,1
163137,8016,445690,1
163137,8566,445690,1
163137,9138,445690,1
163149,777,445758,1
163149,1142,445758,1
163149,5011,445758,1
163149,9262,445758,1
163149,11386,445758,1
163160,154,445703,1
163166,2748,445700,1
163166,4956,445700,1
163180,5487,445759,1
163180,10178,445759,1
163206,2809,445690,1
163225,8362,445706,1
163241,1649,445759,1
163241,5011,445759,1
163241,7922,445759,1
163241,9262,445759,1
163241,11386,445759,1
163261,2046,445698,1
163261,4877,445696,1
163261,4877,445698,1
163261,8067,445696,1
163263,9709,445700,1
163264,3071,445742,1
163264,8555,445742,1
163264,10120,445742,1
163288,6742,445712,1
163307,722,445758,1
163307,3407,445758,1
163307,3815,445758,1
163307,7618,445758,1
163307,9574,445758,1
163310,2230,445698,1
163312,3955,445761,1
163322,777,445693,1
163322,6784,445693,1
163322,7132,445693,1
163322,9547,445693,1
163325,9083,445714,1
163325,9103,445714,1
163325,9490,445714,1
163326,2096,445717,1
163326,7561,445717,1
163329,3401,445699,1
163329,4639,445699,1
163329,7013,445699,1
163329,8016,445699,1
163329,9262,445699,1
163335,4639,445690,1
163335,5555,445690,1
163353,154,445715,1
163366,9262,445759,1
163373,7956,445707,1
163381,9286,445712,1
163381,10012,445712,1
163385,10012,445712,1
163399,1798,445702,1
163418,644,445700,1
163418,1187,445700,1
163418,4762,445700,1
163418,5087,445700,1
163418,5480,445700,1
163418,6491,445700,1
163418,8063,445700,1
163418,9240,445700,1
163418,9708,445700,1
163418,10409,445700,1
163418,10426,445700,1
163437,2096,445758,2
163442,3401,445698,1
163442,9326,445698,1
163444,10120,445699,1
163445,4639,445716,1
163497,306,445701,1
163497,2809,445701,1
163497,4223,445701,1
163497,6938,445701,1
163497,11353,445701,1
163504,1649,445758,1
163504,8220,445758,1
163504,10692,445758,1
163508,8062,445759,1
163515,405,445735,1
163515,1649,445735,1
163515,3401,445735,1
163515,4762,445735,1
163518,154,445701,1
163533,154,445691,1
163560,3256,445703,1
163562,995,445742,1
163562,1849,445742,1
163562,11402,445742,1
163565,770,445713,1
163565,5948,445713,1
163565,10743,445713,1
163576,3401,445698,1
163576,3638,445698,1
163576,9138,445698,1
163576,10333,445698,1
163596,9138,445691,1
163641,154,445758,1
163641,3750,445758,1
163641,3815,445758,1
163641,4344,445758,1
163641,4639,445758,1
163641,7132,445758,1
163641,7149,445758,1
163641,8062,445758,1
163641,9229,445758,1
163641,9262,445758,1
163644,6535,445697,1
163649,189,445694,1
163649,189,445695,1
163649,189,445697,1
163649,189,445711,2
163649,189,445735,1
163649,2782,445694,1
163649,2782,445695,1
163649,2782,445697,1
163649,2782,445711,2
163649,2782,445735,1
163649,4762,445694,1
163649,4762,445695,1
163649,6433,445694,1
163649,6433,445695,1
163649,6433,445697,1
163649,6433,445711,2
163649,6433,445735,1
163649,6449,445735,1
163649,7965,445694,1
163649,7965,445695,1
163649,7965,445697,1
163649,7965,445711,2
163649,8171,445694,1
163649,8171,445695,1
163649,8171,445697,1
163649,8171,445711,2
163649,8171,445735,1
163649,8580,445711,2
163649,9262,445697,1
163649,9262,445711,2
163649,9262,445735,1
163649,9450,445711,2
163649,10871,445694,1
163649,10871,445695,1
163649,10871,445697,1
163649,10871,445711,2
163649,10871,445735,1
163656,3638,445689,1
163657,6683,445713,1
163657,8844,445713,1
163657,9138,445713,1
163660,1316,445710,1
163660,2445,445710,1
163660,5465,445710,1
163660,6784,445710,1
163660,8062,445710,1
163665,491,445710,1
163681,3568,445691,1
163686,6427,445692,1
163700,5548,445711,1
163700,9226,445711,1
163700,11386,445711,1
163703,9262,445690,1
163711,5074,445735,1
163711,7956,445735,1
163712,154,445735,1
163731,1164,445691,1
163731,4639,445691,1
163731,9262,445691,1
163741,1537,445693,1
163744,10210,445709,1
163744,10529,445709,1
163751,154,445693,1
163751,2809,445693,1
163751,6019,445742,1
163751,6458,445742,1
163751,10252,445693,1
163753,9262,445758,1
163765,4762,445703,1
163786,1476,445698,1
163786,2140,445698,1
163786,6400,445698,1
163786,7512,445698,1
163786,11239,445698,1
163787,9262,445689,1
163801,154,445694,1
163801,5858,445694,1
163801,6182,445694,1
163813,2633,445761,1
163820,7428,445706,1
163824,154,445694,1
163824,9262,445694,1
163841,10527,445736,1
163854,3032,445707,1
163854,6938,445707,1
163863,8016,445691,1
163865,2023,445713,1
163865,10403,445713,1
163867,154,445703,1
163867,10527,445703,1
163890,1549,445711,1
163890,1549,445715,1
163890,1549,445759,1
163890,1549,445760,1
163898,2215,445713,1
163898,8062,445713,1
163903,4639,445690,1
163903,9138,445690,1
163905,9420,445706,1
163909,8062,445701,1
163910,10743,445707,1
163923,991,445710,1
163923,9262,445710,1
163928,3344,445758,1
163928,9325,445758,1
163931,4762,445692,1
163931,8694,445692,1
163934,463,445714,1
163934,513,445714,1
163942,6582,445690,1
163945,8062,445692,1
163948,6232,445759,1
163948,9862,445759,1
163949,154,445760,1
163963,154,445696,1
163963,154,445705,1
163963,2040,445705,1
163963,5858,445696,1
163963,6938,445705,1
163963,7850,445705,1
163963,8681,445696,1
163969,4639,445705,1
163969,10120,445705,1
163995,6938,445692,1
164004,1955,445699,1
164013,286,445742,1
164013,5223,445742,1
164013,11128,445742,1
164028,1649,445710,1
164043,10426,445692,1
164044,389,445761,1
164044,11386,445760,1
164056,3362,445715,1
164074,2990,445700,1
164081,8062,445717,1
164088,9735,445717,1
164110,722,445707,1
164110,8016,445707,1
164117,8062,445689,1
164137,154,445693,1
164137,9083,445693,1
164145,9895,445696,1
164148,6535,445705,1
164152,1525,445759,1
164152,10863,445759,1
164158,2509,445761,1
164158,3815,445761,1
164164,6784,445694,1
164164,8062,445694,1
164165,5420,445706,1
164195,1142,445716,1
164208,6575,445692,1
164225,3769,445709,1
164236,2091,445761,1
164264,4639,445690,1
164303,154,445695,1
164307,8791,445689,1
164358,3401,445703,1
164379,1880,445702,1
164393,4639,445701,1
164418,5491,445707,1
164420,5858,445698,1
164449,6184,445702,1
164454,2002,445699,1
164454,7013,445699,1
164468,11386,445694,1
164474,2809,445734,1
164474,7398,445734,1
164474,8220,445734,1
164477,1194,445705,1
164487,154,445693,1
164487,8062,445693,1
164495,154,445696,2
164495,1396,445696,1
164495,2302,445696,1
164495,3401,445696,1
164495,3734,445696,1
164495,9262,445696,1
164497,5011,445760,1
164497,6845,445760,1
164514,8019,445761,1
164549,11386,445702,1
164555,3728,445701,1
164555,6019,445701,1
164555,8016,445701,1
164555,9262,445701,1
164559,1948,445698,1
164574,958,445701,1
164574,7355,445701,1
164586,7518,445734,1
164591,5465,445714,1
164593,1649,445701,1
164593,3025,445701,1
164593,3401,445694,1
164593,3401,445706,1
164593,4007,445694,1
164593,4027,445706,1
164593,6153,445701,1
164593,9262,445694,1
164593,9262,445706,1
164596,154,445758,4
164596,2693,445758,4
164596,7109,445758,4
164617,2912,445715,1
164617,5681,445716,1
164617,6810,445715,1
164617,8220,445716,1
164624,8031,445761,1
164624,8963,445761,1
164632,1986,445716,1
164632,4431,445716,1
164632,10200,445716,1
164648,8421,445711,1
164657,836,445758,1
164685,154,445693,1
164685,6784,445693,1
164685,7132,445693,1
164685,7569,445693,1
164693,5419,445714,1
164693,9262,445714,1
164698,4639,445700,1
164703,2809,445700,1
164703,9285,445700,1
164703,9285,445707,1
164712,1361,445690,1
164712,1373,445690,1
164712,3401,445690,1
164712,9262,445690,1
164718,154,445699,1
164729,722,445758,1
164729,2096,445758,1
164729,2396,445758,1
164729,4101,445758,2
164729,10743,445758,1
164730,9262,445716,1
164742,10191,445703,1
164757,8791,445690,1
164759,7013,445713,1
164759,8042,445713,1
164759,10120,445713,1
164761,4639,445713,1
164761,9262,445713,1
164775,3401,445735,1
164775,9262,445735,1
164786,5858,445708,1
164786,6683,445708,1
164786,6818,445708,1
164786,8836,445708,1
164786,8850,445708,1
164811,1277,445713,1
164811,8968,445713,1
164817,4372,445761,1
164817,5700,445761,1
164817,7278,445761,1
164817,8096,445735,1
164822,8016,445695,1
164835,2716,445694,1
164835,6264,445694,1
164835,6386,445694,1
164835,6538,445694,1
164835,7696,445694,1
164835,8993,445694,1
164835,10516,445694,1
164844,8370,445717,1
164849,4639,445690,1
164849,7569,445690,1
164849,8062,445690,1
164853,722,445711,1
164853,2096,445711,1
164853,4762,445711,1
164853,6014,445711,1
164856,154,445759,1
164863,2528,445711,1
164863,6408,445711,1
164866,1058,445710,1
164873,2034,445710,1
164873,2897,445710,1
164873,4007,445710,1
164873,4317,445710,1
164873,6058,445710,1
164873,6367,445710,1
164873,6511,445710,1
164873,6784,445710,1
164873,7301,445710,1
164873,7773,445710,1
164873,10001,445710,1
164881,3253,445700,1
164881,6458,445700,1
164883,3401,445692,1
164883,9138,445692,1
164883,9262,445692,1
164897,8062,445712,1
164903,329,445690,1
164903,4705,445690,1
164903,5420,445690,1
164905,8646,445759,1
164940,2096,445694,1
164940,2302,445694,1
164940,4762,445694,1
164952,154,445758,1
164952,735,445758,1
164952,1127,445758,1
164952,1534,445758,1
164952,9135,445758,1
164960,4751,445692,1
164960,6938,445692,1
164960,8686,445692,1
164960,11386,445692,1
164970,2509,445710,1
164985,6721,445701,1
164989,154,445734,1
164989,6683,445734,1
164992,4639,445761,1
165021,3401,445696,1
165021,3871,445696,1
165021,4639,445696,1
165021,9262,445696,1
165045,3401,445689,1
165045,7284,445689,1
165045,9138,445689,1
165045,9262,445689,1
165046,9262,445693,1
165049,9262,445759,1
165070,7922,445705,1
165073,5465,445715,1
165075,3663,445760,1
165084,154,445689,1
165084,4639,445689,1
165084,8062,445689,1
165093,8648,445702,1
165095,842,445694,1
165110,8416,445718,1
165116,1142,445691,1
165116,2250,445691,1
165116,4910,445691,1
165116,4993,445691,1
165116,9262,445691,1
165119,1390,445698,1
165127,722,445696,1
165127,3401,445696,1
165127,4755,445696,1
165127,6784,445696,1
165127,7094,445696,1
165127,7922,445696,1
165127,9083,445696,1
165127,9318,445696,1
165127,11386,445696,1
165134,7013,445702,1
165148,722,445697,1
165174,1050,445706,1
165208,722,445701,1
165213,722,445692,2
165249,10529,445716,1
165249,11078,445716,1
165254,5858,445716,1
165255,4639,445710,1
165255,6019,445710,1
165255,9262,445710,1
165259,4989,445692,1
165260,154,445707,1
165260,4660,445707,1
165271,3773,445691,1
165277,3638,445759,1
165302,4639,445715,1
165325,8062,445735,1
165328,905,445701,1
165328,3028,445701,1
165347,538,445691,1
165347,538,445692,1
165347,538,445695,1
165347,1183,445691,1
165347,5669,445691,1
165347,5669,445692,1
165347,5669,445695,1
165347,6041,445692,1
165347,6041,445695,1
165351,6431,445759,1
165357,405,445712,1
165357,6810,445712,1
165357,9103,445712,1
165372,8016,445700,1
165387,1316,445715,1
165387,1649,445761,1
165387,5017,445761,1
165387,5226,445715,1
165387,6600,445715,1
165387,7013,445761,1
165389,9513,445691,1
165399,154,445714,1
165427,6818,445709,1
165427,9324,445709,1
165428,711,445692,1
165428,4639,445692,1
165428,7548,445692,1
165428,8062,445692,1
165428,9262,445692,1
165428,11386,445692,1
165433,3569,445707,1
165433,8287,445707,1
165433,9289,445707,1
165445,5053,445705,1
165445,9262,445705,1
165448,420,445759,1
165448,3330,445759,1
165451,154,445693,1
165462,412,445700,1
165480,1373,445742,1
165480,4347,445742,1
165480,5425,445742,1
165480,6192,445742,1
165480,8191,445742,1
165480,10647,445742,1
165480,10792,445742,1
165499,722,445691,2
165499,9222,445691,2
165499,10020,445691,2
165501,540,445703,1
165513,8062,445694,1
165514,2456,445689,1
165514,3342,445689,1
165514,9877,445689,1
165538,154,445736,1
165546,8016,445703,1
165555,549,445706,1
165558,3638,445691,1
165558,9138,445691,1
165561,9286,445718,1
165584,749,445698,1
165588,3199,445706,2
165588,3233,445706,1
165590,405,445689,1
165590,1164,445689,1
165590,3401,445689,1
165590,3638,445689,1
165590,8062,445689,1
165590,9138,445689,1
165590,9262,445689,1
165591,10426,445692,1
165607,1558,445707,1
165607,6102,445707,1
165607,10285,445707,1
165608,10155,445718,1
165616,1244,445698,1
165616,3546,445698,1
165621,154,445759,1
165652,3295,445761,1
165652,3342,445761,1
165652,6784,445761,1
165652,8168,445761,1
165652,9038,445761,1
165652,11366,445761,1
165688,8016,445700,1
165692,2809,445713,1
165692,5858,445713,1
165707,3815,445759,1
165707,5094,445736,1
165707,6784,445736,1
165707,6784,445759,1
165707,7132,445759,1
165714,8828,445715,1
165720,3401,445691,1
165720,4174,445691,1
165720,4639,445691,1
165720,7569,445691,1
165720,8063,445691,1
165720,8791,445691,1
165720,9262,445691,1
165720,10176,445691,1
165720,10333,445691,1
165725,3342,445705,1
165726,7650,445699,1
165740,2015,445699,1
165740,6475,445699,1
165740,6634,445699,1
165740,10554,445699,1
165748,4639,445690,1
165754,4986,445703,1
165758,722,445700,1
165758,958,445700,1
165758,8844,445700,1
165758,10872,445700,1
165758,10954,445700,1
165782,1649,445718,1
165782,3401,445718,1
165782,7013,445718,1
165782,8712,445718,1
165782,9262,445718,1
165786,5465,445736,1
165786,8062,445736,1
165803,3188,445703,1
165803,4639,445703,1
165805,3520,445761,1
165807,154,445713,1
165820,2809,445736,1
165823,4639,445718,1
165823,6019,445718,1
165823,10527,445718,1
165828,485,445741,1
165828,957,445741,1
165845,4214,445716,1
165860,2112,445699,1
165861,2897,445711,1
165861,9179,445711,1
165861,9289,445711,1
165862,190,445758,1
165862,1202,445758,1
165862,2555,445758,1
165862,3401,445758,1
165862,6019,445758,1
165862,6665,445758,1
165862,9256,445758,1
165871,1649,445713,1
165871,3728,445713,1
165871,9262,445713,1
165871,10390,445713,1
165874,4989,445711,1
165874,7411,445711,1
165876,8681,445735,1
165877,5465,445713,1
165882,9286,445699,1
165887,2809,445718,1
165903,8006,445741,1
165904,2809,445694,1
165904,8016,445694,1
165909,10529,445718,1
165916,6475,445700,1
165938,9042,445715,1
165939,9520,445759,1
165941,4171,445759,1
165941,9173,445759,1
165946,2161,445706,1
165946,2302,445706,1
165946,3401,445706,1
165946,4639,445706,1
165946,10390,445706,1
165952,154,445696,3
165952,1394,445696,3
165952,1814,445696,3
165957,8465,445695,1
165957,9723,445695,1
165957,11164,445695,1
165978,1728,445705,1
165978,8681,445705,1
165985,8016,445702,1
165993,8618,445689,1
165993,9262,445689,1
165994,580,445735,1
165994,949,445735,1
166020,1539,445707,1
166020,4989,445707,1
166020,4989,445736,1
166020,5216,445736,1
166020,10743,445736,1
166033,1406,445695,1
166047,8396,445690,1
166069,722,445694,1
166069,722,445706,1
166069,2809,445694,1
166069,4639,445694,1
166069,4639,445706,1
166069,8016,445694,1
166069,8062,445694,1
166069,9262,445694,1
166069,9262,445706,1
166069,10120,445706,1
166069,10403,445694,1
166079,6670,445711,1
166089,4639,445690,1
166089,9262,445690,1
166093,3342,445711,1
166123,6319,445708,1
166123,6871,445708,1
166123,9262,445708,1
166131,8945,445700,1
166131,10138,445700,1
166131,11386,445700,1
166143,5465,445707,1
166161,8062,445700,1
166175,722,445714,1
166175,2847,445714,1
166175,3276,445714,1
166175,4639,445714,1
166175,9329,445714,1
166185,2096,445714,1
166185,6857,445714,1
166192,9318,445694,1
166220,10527,445735,1
166224,10743,445714,1
166228,722,445705,1
166228,1595,445705,1
166228,1738,445705,1
166228,2809,445705,1
166228,3728,445705,1
166228,3871,445705,1
166228,6995,445705,1
166228,8408,445705,1
166228,10120,445705,1
166228,11335,445705,1
166243,4762,445712,1
166243,5465,445712,1
166243,7785,445712,1
166243,10034,445712,1
166264,4639,445695,1
166277,742,445717,1
166313,8062,445710,1
166315,4711,445712,1
166315,5825,445712,1
166317,4092,445758,1
166332,1929,445696,1
166332,11181,445696,1
166337,529,445736,1
166337,10000,445736,1
166347,7132,445698,1
166395,6458,445713,1
166407,3810,445690,1
166413,6363,445714,1
166423,6535,445700,1
166432,722,445758,1
166432,11294,445758,1
166433,969,445735,1
166433,1649,445735,1
166433,4440,445759,1
166433,4859,445735,1
166433,6784,445759,1
166433,8719,445759,1
166433,8757,445735,1
166433,9262,445735,1
166453,9262,445759,1
166453,10904,445759,1
166455,2183,445697,1
166455,3124,445697,1
166532,4639,445710,1
166537,405,445713,1
166537,7850,445713,1
166537,9103,445713,1
166553,2096,445704,1
166555,1316,445712,1
166556,8016,445693,1
166568,932,445703,1
166572,1649,445702,1
166572,1649,445736,1
166572,3401,445702,1
166572,6475,445736,1
166572,7013,445702,1
166572,8016,445702,1
166572,8712,445702,1
166582,9083,445693,1
166582,9083,445713,1
166585,7013,445708,1
166608,1137,445735,1
166616,722,445699,1
166616,3401,445699,1
166616,9262,445699,1
166636,608,445760,1
166636,2445,445760,1
166636,5011,445760,1
166636,7873,445760,1
166636,7956,445760,1
166636,9941,445760,1
166636,11309,445760,1
166655,4639,445692,1
166657,4290,445692,1
166661,10998,445734,1
166663,722,445717,1
166677,4639,445697,1
166715,6768,445717,1
166715,10627,445717,1
166731,9103,445718,1
166735,1623,445699,1
166735,8096,445695,1
166735,8495,445699,1
166738,4639,445699,1
166751,9505,445735,1
166774,236,445710,1
166774,1548,445710,1
166779,7800,445712,1
166779,8681,445712,1
166779,10369,445712,1
166788,8689,445703,1
166790,154,445698,1
166790,1537,445698,1
166790,2509,445698,1
166790,3401,445698,1
166790,4422,445698,1
166790,4639,445698,1
166790,6367,445698,1
166790,6784,445698,1
166790,7956,445698,1
166790,8588,445698,1
166793,201,445703,1
166793,635,445703,1
166808,154,445700,1
166808,2096,445700,1
166808,4639,445700,1
166808,7569,445700,1
166808,8791,445700,1
166808,9262,445700,1
166841,8439,445696,1
166847,4639,445694,1
166847,8681,445694,1
166870,154,445701,1
166879,2096,445709,1
166891,154,445694,1
166891,154,445700,1
166907,10914,445758,1
166939,4145,445693,1
166943,1595,445717,1
166944,154,445703,1
166947,3017,445736,1
166947,4529,445736,1
166947,5141,445736,1
166947,5934,445736,1
166947,6193,445736,1
166947,7956,445736,1
166947,7999,445736,1
166947,8416,445736,1
166947,9262,445736,1
166947,10794,445736,1
166963,9262,445703,1
166966,2745,445691,1
166966,3890,445691,1
166969,8062,445690,1
166977,2942,445696,1
167006,3311,445693,1
167006,5376,445693,1
167006,5626,445693,1
167006,11157,445693,1
167013,8016,445693,1
167013,10001,445693,1
167017,154,445698,1
167017,8791,445698,1
167031,1649,445761,1
167031,4762,445761,1
167031,5094,445761,1
167034,854,445760,1
167035,1316,445710,1
167050,2096,445704,1
167050,2491,445704,1
167050,9490,445704,1
167058,847,445706,1
167063,722,445692,1
167090,5396,445707,1
167090,6732,445707,1
167090,8929,445707,1
167090,9326,445707,1
167114,566,445711,1
167114,2360,445711,1
167114,2631,445711,1
167114,4023,445711,1
167122,154,445700,1
167122,3871,445700,1
167122,9262,445700,2
167127,8681,445696,1
167129,414,445760,1
167129,915,445760,1
167129,1017,445760,1
167129,1097,445760,1
167129,6235,445760,1
167129,6784,445760,1
167129,7132,445760,1
167129,10333,445760,1
167129,10761,445760,1
167133,2809,445696,1
167133,2809,445704,1
167133,6213,445696,1
167133,6213,445704,1
167140,154,445705,1
167143,1142,445735,1
167143,2337,445735,1
167143,3983,445735,1
167143,11184,445735,1
167144,556,445691,1
167144,1416,445691,1
167144,1628,445691,1
167144,2629,445691,1
167144,3768,445691,1
167144,5763,445691,1
167144,6524,445691,1
167150,11171,445698,1
167154,154,445698,1
167173,740,445692,1
167173,6488,445692,1
167173,9262,445692,1
167201,2595,445690,1
167201,5858,445690,1
167206,6488,445760,1
167206,9286,445760,1
167214,318,445695,1
167214,722,445695,1
167214,3401,445695,1
167214,3616,445695,1
167219,9579,445710,1
167224,3815,445760,1
167252,9797,445761,1
167253,6475,445760,1
167267,4431,445695,1
167267,5963,445695,1
167267,6248,445695,1
167267,8696,445695,1
167267,9762,445695,1
167269,405,445690,1
167269,4007,445690,1
167286,154,445695,1
167286,1537,445695,1
167286,3401,445695,1
167286,8016,445695,1
167286,10073,445695,1
167316,3593,445759,1
167330,154,445742,1
167330,1919,445742,1
167330,7500,445742,1
167330,9262,445742,1
167330,10120,445742,1
167330,10597,445742,1
167353,8062,445736,1
167363,154,445716,1
167363,566,445716,1
167363,722,445716,1
167363,2847,445716,1
167363,3477,445716,1
167363,3728,445716,1
167363,8063,445716,1
167413,8137,445735,1
167413,9288,445735,1
167414,6784,445735,1
167419,2809,445692,1
167423,154,445694,1
167423,6784,445694,1
167465,635,445702,1
167465,1379,445702,1
167465,4048,445702,1
167465,4778,445702,1
167465,7183,445702,1
167465,7276,445702,1
167465,8588,445702,1
167465,8868,445702,1
167465,10516,445702,1
167465,10539,445702,1
167467,7449,445761,1
167480,2809,445759,1
167480,9579,445759,1
167481,10426,445693,1
167489,1059,445694,1
167489,9262,445694,1
167497,3020,445717,1
167524,981,445695,1
167537,2515,445693,1
167537,4989,445693,1
167540,154,445691,1
167540,1164,445691,1
167540,1537,445691,1
167540,4639,445691,1
167540,6784,445691,1
167540,6883,445691,1
167540,7132,445691,1
167540,7569,445691,1
167540,7956,445691,1
167540,8791,445691,1
167540,9138,445691,1
167572,154,445690,1
167572,1164,445690,1
167572,4639,445690,1
167572,6784,445690,1
167572,7132,445690,1
167572,8062,445690,1
167572,8791,445690,1
167572,9138,445690,1
167582,10494,445707,1
167594,154,445736,1
167621,2809,445694,1
167621,6897,445694,1
167641,1373,445718,1
167641,5465,445718,1
167641,8062,445718,1
167642,3076,445690,1
167642,6938,445690,1
167646,1207,445735,1
167646,4551,445735,1
167646,8280,445735,1
167646,10087,445735,1
167649,722,445695,1
167657,154,445694,1
167664,1537,445690,1
167664,2809,445690,1
167664,4989,445690,1
167664,11386,445690,1
167665,3342,445706,1
167665,11353,445706,1
167677,4639,445693,1
167688,4762,445709,1
167688,6293,445709,1
167688,8296,445709,1
167688,9140,445709,1
167704,3342,445698,1
167704,3401,445698,1
167704,4344,445698,1
167704,7185,445698,1
167704,9262,445698,1
167704,10248,445698,1
167705,4755,445736,1
167725,5193,445704,1
167725,9042,445691,2
167726,154,445712,1
167726,2981,445712,1
167726,4639,445712,1
167726,6235,445712,1
167726,6784,445712,1
167726,7132,445712,1
167726,7569,445712,1
167726,9640,445741,1
167727,154,445736,1
167733,9262,445741,1
167761,3820,445692,1
167761,10516,445692,1
167761,10897,445692,1
167762,4222,445711,1
167762,9138,445711,1
167776,2096,445708,1
167776,6538,445708,1
167805,8062,445693,1
167819,8062,445709,1
167823,4064,445759,1
167823,5724,445759,1
167823,6756,445759,1
167830,154,445709,1
167830,1115,445709,1
167830,9819,445709,1
167830,10020,445709,1
167836,7070,445709,1
167858,5171,445702,1
167875,278,445708,1
167875,4639,445708,1
167875,5235,445708,1
167875,6514,445708,1
167903,3401,445691,1
167903,9262,445691,1
167907,1142,445692,1
167907,3638,445692,1
167908,154,445707,1
167916,7085,445696,1
167930,1039,445735,1
167932,9262,445709,1
167946,4763,445759,1
167946,6271,445759,1
167964,8062,445702,1
167965,9138,445689,1
167985,8353,445742,1
167994,5629,445695,1
168000,7428,445758,1
168005,10390,445717,1
168012,7569,445689,1
168013,1897,445695,1
168026,8681,445699,1
168029,154,445691,1
168060,5105,445736,1
168084,5858,445716,1
168086,6784,445759,2
168094,3011,445735,1
168094,3071,445735,1
168094,4524,445735,1
168094,7021,445735,1
168094,7233,445735,1
168094,7787,445735,1
168094,8681,445735,1
168094,8712,445735,1
168094,8994,445735,1
168094,9040,445735,1
168094,9262,445735,1
168094,9903,445735,1
168097,154,445694,1
168097,11372,445694,1
168169,5340,445760,1
168169,6215,445760,1
168174,2096,445702,1
168177,3401,445700,1
168205,6235,445698,1
168230,2161,445692,1
168230,3401,445692,1
168230,4989,445692,1
168230,5474,445692,1
168230,6676,445692,1
168230,8062,445692,1
168230,9262,445692,1
168238,3638,445692,1
168255,4277,445689,1
168269,10648,445735,1
168278,1855,445716,1
168278,4445,445716,1
168278,8220,445716,1
168278,10740,445716,1
168280,1649,445713,1
168280,7013,445713,1
168284,220,445715,1
168296,2809,445695,1
168323,2096,445709,1
168323,4639,445709,1
168325,154,445700,1
168325,1595,445709,1
168325,1706,445711,1
168325,3114,445700,1
168325,3728,445700,1
168325,4639,445711,1
168325,5324,445711,1
168325,8042,445711,1
168325,8220,445711,1
168325,9262,445700,1
168325,9262,445709,1
168325,9262,445711,1
168325,10587,445711,1
168350,154,445736,1
168350,9891,445736,1
168368,4387,445694,1
168376,7013,445705,1
168386,6019,445706,1
168395,2809,445696,1
168400,7405,445695,1
168409,9454,445761,1
168415,154,445714,1
168425,11013,445741,1
168430,5501,445712,1
168430,10120,445712,1
168430,11386,445712,1
168433,154,445689,1
168433,4639,445689,1
168433,6841,445689,1
168433,8062,445689,1
168450,154,445712,1
168454,1208,445758,1
168454,3076,445708,1
168454,4762,445708,1
168454,4762,445758,1
168454,5197,445708,1
168454,6638,445758,1
168454,7064,445758,1
168454,7515,445708,1
168466,3025,445689,1
168466,6235,445689,1
168466,8062,445689,1
168466,9138,445689,1
168474,1916,445711,1
168474,8564,445711,1
168478,722,445698,1
168478,4207,445698,1
168478,4762,445698,1
168478,5162,445698,1
168478,6431,445698,1
168502,7473,445742,1
168507,4639,445741,1
168509,8062,445708,1
168518,9111,445741,1
168527,10476,445698,1
168536,3969,445758,1
168536,8002,445758,1
168536,9262,445758,1
168539,722,445760,1
168539,2096,445760,1
168539,5011,445759,1
168539,5011,445760,1
168544,2302,445690,1
168544,3401,445690,1
168544,3638,445690,1
168544,3871,445690,1
168544,4027,445690,1
168544,4639,445690,1
168544,4762,445690,1
168544,5197,445690,1
168544,9138,445690,1
168546,2716,445690,1
168546,6538,445690,1
168546,9138,445690,1
168552,6845,445760,1
168567,5011,445742,1
168582,5197,445692,1
168582,8016,445692,1
168582,9318,445692,1
168587,9262,445696,1
168587,11386,445696,1
168602,154,445696,1
168606,1164,445699,1
168613,8791,445708,1
168628,8016,445711,1
168629,4512,445718,1
168635,9071,445702,1
168642,777,445716,1
168642,2399,445716,1
168642,3141,445716,1
168642,3401,445716,1
168642,3560,445716,1
168642,4434,445716,1
168642,4639,445716,1
168642,6703,445716,1
168642,7657,445716,1
168642,8016,445716,1
168642,8792,445716,1
168642,9271,445716,1
168642,9536,445716,1
168642,10120,445716,2
168653,8016,445710,1
168655,10120,445736,1
168665,4344,445712,1
168673,3638,445689,9
168673,3638,445692,5
168673,8062,445689,9
168673,8062,445692,5
168678,722,445702,1
168689,3401,445712,1
168689,6260,445712,1
168689,7922,445712,1
168689,9262,445712,2
168698,3862,445711,1
168700,1649,445760,1
168700,7013,445760,1
168700,7398,445760,1
168700,8220,445760,1
168740,4200,445698,1
168740,11348,445698,1
168742,4989,445717,1
168749,1212,445741,1
168749,9685,445741,1
168757,154,445701,1
168775,10684,445699,1
168783,1396,445692,1
168783,5667,445741,1
168783,8062,445692,1
168783,8200,445741,1
168783,9068,445695,1
168783,9262,445692,1
168783,9262,445695,1
168783,9740,445695,1
168783,10080,445741,1
168783,10120,445741,1
168811,722,445704,1
168811,10793,445704,1
168813,154,445709,1
168813,3728,445709,1
168813,4639,445709,1
168813,6784,445709,1
168813,9262,445709,1
168819,5982,445690,1
168857,3401,445689,1
168866,4434,445698,1
168875,10333,445709,1
168887,2560,445691,1
168887,4793,445691,1
168887,5129,445691,1
168887,5539,445691,1
168911,154,445760,1
168921,722,445759,1
168921,2096,445759,1
168921,2827,445759,1
168921,4989,445759,1
168943,9109,445759,1
168950,11147,445736,1
168959,5562,445698,1
168963,154,445692,1
168976,2809,445696,1
168984,1035,445696,1
168984,3163,445696,1
168990,7398,445718,1
168997,722,445698,1
168997,722,445717,1
168997,3728,445718,1
169004,2919,445711,1
169004,3401,445711,1
169004,3829,445711,1
169004,5984,445711,1
169004,7185,445711,1
169004,9262,445711,1
169004,9707,445711,1
169004,10978,445711,1
169004,10981,445711,1
169004,11340,445711,1
169006,2983,445692,1
169012,9262,445717,1
169012,10120,445717,1
169027,10120,445711,1
169029,1061,445707,1
169029,4220,445707,1
169029,6749,445707,1
169029,7765,445707,1
169032,10658,445714,1
169032,11386,445714,2
169040,9262,445690,1
169045,3401,445693,1
169045,4639,445698,1
169045,8675,445735,1
169045,9138,445693,1
169049,9641,445710,1
169060,2096,445761,1
169062,154,445690,1
169062,6019,445690,1
169062,9262,445690,1
169070,835,445700,1
169075,675,445711,1
169075,676,445711,1
169075,722,445711,1
169075,3401,445711,1
169075,3638,445711,1
169075,3728,445711,1
169075,3871,445711,1
169075,4639,445711,1
169075,5011,445758,1
169075,5139,445711,1
169075,6784,445758,1
169075,7813,445711,1
169075,8016,445711,1
169075,8062,445711,1
169075,8062,445758,1
169075,8085,445711,1
169075,9138,445711,1
169075,9262,445711,2
169075,9262,445758,1
169075,10120,445711,1
169075,10651,445711,1
169075,10661,445758,1
169101,1094,445717,1
169101,2068,445717,1
169101,2492,445717,1
169101,6178,445717,1
169101,6183,445717,1
169101,7492,445717,1
169101,10169,445717,1
169103,8016,445708,1
169107,154,445759,1
169107,3638,445759,1
169107,7265,445759,1
169107,7956,445759,1
169107,8844,445759,1
169111,154,445691,1
169127,1387,445760,1
169131,6784,445718,1
169131,8109,445718,1
169132,154,445691,1
169144,722,445711,1
169144,2096,445711,1
169181,1880,445708,1
169200,2022,445760,1
169201,1164,445696,1
169201,3401,445696,1
169201,6514,445696,1
169201,9262,445696,1
169206,154,445698,1
169206,4639,445698,1
169206,7569,445698,1
169208,8642,445761,1
169208,8813,445761,1
169208,9231,445761,1
169210,154,445695,1
169210,3348,445695,1
169210,7956,445695,1
169210,9284,445695,1
169216,8062,445707,1
169236,2096,445694,1
169241,2016,445716,1
169241,3272,445716,1
169241,5445,445716,1
169241,8165,445716,1
169249,4012,445691,1
169249,6427,445691,1
169249,8079,445691,1
169249,9103,445691,1
169254,154,445758,1
169254,4755,445758,1
169254,7500,445758,1
169254,9262,445758,1
169258,154,445717,1
169258,1316,445717,1
169258,2509,445717,1
169258,4344,445717,1
169258,5465,445717,1
169258,8062,445717,1
169258,10120,445717,1
169258,10529,445717,1
169261,2437,445697,1
169263,2809,445701,1
169263,5858,445701,1
169263,6514,445701,1
169263,9797,445701,1
169263,10529,445701,1
169326,3871,445689,1
169326,6995,445689,1
169326,9183,445689,1
169326,9262,445689,1
169347,1334,445735,1
169347,4480,445735,1
169357,7013,445741,1
169357,10529,445741,1
169376,65,445736,1
169376,722,445736,1
169376,1396,445736,1
169376,2161,445736,2
169376,2302,445736,2
169376,3401,445736,2
169376,3894,445736,1
169376,4027,445736,2
169376,7889,445736,1
169376,8016,445736,1
169376,9262,445736,1
169376,9707,445736,1
169376,11355,445736,1
169402,6350,445714,1
169433,3638,445698,1
169466,4110,445710,1
169466,9358,445710,1
169467,9613,445697,1
169475,8749,445713,1
169480,154,445691,1
169480,1164,445691,1
169480,4639,445691,1
169480,6784,445691,1
169480,7132,445691,1
169480,8062,445691,1
169480,8791,445691,1
169480,9138,445691,2
169483,722,445695,1
169489,6713,445735,1
169492,154,445711,1
169500,1244,445704,1
169500,6132,445704,1
169503,7013,445707,1
169503,7428,445707,1
169503,8195,445707,1
169509,4788,445718,1
169509,5090,445718,1
169509,6742,445718,1
169518,9011,445691,1
169520,1331,445711,1
169535,5094,445710,1
169535,9262,445710,1
169542,1164,445758,1
169542,2809,445758,1
169558,8062,445707,1
169563,10120,445711,1
169570,9262,445761,1
169570,10708,445761,1
169592,1880,445742,1
169595,1634,445698,1
169614,7509,445717,1
169641,7132,445761,1
169641,9615,445761,1
169642,10120,445702,1
169649,154,445717,1
169657,722,445703,1
169657,3401,445703,1
169657,8016,445703,1
169657,9613,445703,1
169667,154,445700,1
169704,154,445715,1
169712,4762,445714,1
169737,3525,445718,1
169753,9262,445699,1
169780,3050,445707,1
169780,7835,445707,1
169780,10176,445707,1
169784,4639,445700,1
169792,4639,445692,1
169800,154,445711,1
169800,10120,445711,1
169810,145,445713,1
169810,540,445712,1
169810,5223,445712,1
169810,8062,445712,1
169810,10887,445712,1
169830,6868,445691,1
169831,154,445706,1
169842,722,445705,1
169842,2064,445705,1
169842,3728,445705,1
169842,3946,445705,1
169842,4639,445705,1
169842,7569,445705,1
169842,7783,445705,1
169842,8016,445705,1
169842,8791,445705,1
169842,9262,445705,1
169842,10120,445705,1
169843,9138,445693,1
169845,722,445703,2
169845,722,445704,1
169845,722,445707,3
169845,4989,445703,2
169845,4989,445704,1
169845,4989,445707,3
169856,3512,445742,1
169856,3721,445742,1
169856,4762,445742,1
169856,10120,445742,1
169856,10722,445742,1
169871,3401,445696,1
169871,8062,445696,1
169871,8188,445696,1
169871,9262,445696,1
169876,11386,445735,1
169919,3660,445706,1
169923,4639,445695,1
169934,1762,445710,1
169958,3494,445710,1
169967,2548,445717,1
169969,9042,445715,1
169979,154,445691,1
169979,10097,445691,1
169982,154,445735,1
169982,10120,445735,1
169985,2096,445699,1
169985,6535,445699,1
169985,6535,445700,1
169985,8016,445699,1
169985,10532,445699,1
169986,7198,445696,1
170006,8062,445691,1
170015,3299,445695,1
170017,8062,445714,1
170032,7922,445694,1
170032,8016,445694,1
170032,9083,445694,1
170032,9579,445694,1
170033,1880,445735,1
170033,2302,445735,1
170033,8329,445735,1
170033,10527,445735,1
170036,10012,445714,1
170040,5211,445716,1
170040,5211,445736,1
170048,10434,445705,1
170064,154,445699,1
170074,4480,445713,1
170074,4989,445713,1
170090,7013,445699,1
170090,8566,445699,1
170114,1094,445718,1
170122,7198,445714,1
170122,10120,445714,1
170129,4813,445758,1
170129,5011,445758,1
170129,6514,445758,1
170140,9424,445735,1
170155,10248,445695,1
170159,7169,445703,1
170173,2809,445699,1
170173,8063,445699,1
170186,7569,445691,1
170202,2809,445696,1
170202,3401,445696,1
170207,6488,445699,1
170228,124,445760,1
170228,5094,445760,1
170228,7754,445760,1
170246,6514,445707,1
170246,8681,445707,1
170248,154,445742,1
170248,6784,445742,1
170283,9262,445697,1
170283,9723,445697,1
170291,154,445702,1
170291,4758,445702,1
170302,154,445692,1
170311,3987,445734,1
170317,124,445700,1
170317,5400,445700,1
170401,4639,445699,1
170414,1900,445705,1
170414,3386,445705,1
170414,4639,445705,1
170414,9262,445705,1
170414,10120,445705,1
170414,10248,445705,1
170420,1569,445696,1
170429,1569,445702,1
170429,4639,445702,1
170433,9262,445736,1
170452,154,445698,1
170452,9083,445698,1
170459,2809,445716,1
170459,5858,445698,1
170468,10527,445734,1
170498,3871,445705,1
170498,9155,445705,1
170511,9286,445761,1
170543,405,445708,1
170543,6514,445708,1
170543,8016,445708,1
170547,3187,445689,1
170554,6784,445718,1
170554,8016,445718,1
170554,8220,445718,1
170554,9262,445718,1
170554,11386,445718,1
170566,6475,445759,1
170582,5858,445690,30
170620,2838,445710,1
170623,3848,445706,1
170626,8177,445712,1
170656,9397,445714,1
170656,10020,445714,1
170674,10638,445704,1
170676,154,445691,1
170676,3401,445691,1
170676,4639,445691,1
170676,4989,445691,1
170676,8791,445691,1
170676,9262,445691,1
170679,1880,445701,1
170679,6367,445701,1
170695,154,445760,1
170718,6019,445706,1
170724,338,445734,1
170724,3401,445734,1
170724,8062,445734,1
170724,9262,445734,1
170724,10390,445734,1
170728,3020,445712,1
170772,2548,445713,1
170772,6784,445713,1
170787,3185,445760,1
170812,154,445702,1
170812,4434,445702,1
170812,4639,445702,1
170812,7569,445702,1
170812,7755,445702,1
170864,1190,445735,1
170864,10046,445735,1
170864,11386,445735,1
170876,1164,445714,1
170876,2548,445714,1
170876,6784,445714,1
170877,722,445689,1
170877,3401,445689,1
170877,3638,445689,1
170877,8062,445689,1
170877,9138,445689,1
170877,9262,445689,1
170877,10529,445689,1
170918,3877,445705,1
170920,11068,445708,1
170922,7181,445695,1
170929,10120,445702,1
170960,5474,445697,1
170960,7094,445697,1
170961,5540,445693,1
170963,1520,445691,1
170963,10496,445691,1
170964,154,445734,1
170980,7149,445761,1
170986,9083,445703,1
170986,10386,445703,1
170996,2809,445694,1
170996,8016,445694,1
171000,154,445691,1
171000,3401,445691,1
171000,9083,445691,1
171000,10529,445691,1
171000,10692,445691,1
171000,11386,445691,1
171003,1634,445761,1
171003,5173,445761,1
171003,6784,445761,1
171006,2847,445691,1
171006,4989,445691,1
171020,154,445707,1
171028,3638,445713,1
171028,10812,445713,1
171037,4639,445694,1
171037,8791,445694,1
171041,3971,445711,1
171048,606,445761,1
171049,19,445710,1
171049,91,445710,1
171049,3188,445710,1
171049,4422,445710,1
171049,7190,445710,1
171049,7509,445710,1
171049,7995,445710,1
171049,9083,445710,1
171049,9103,445710,1
171051,1316,445760,1
171051,1546,445760,1
171051,1601,445760,1
171051,4466,445760,1
171051,5886,445760,1
171051,6603,445760,1
171051,7703,445760,1
171051,7744,445760,1
171051,9262,445760,1
171056,1880,445711,3
171089,2527,445735,1
171089,6555,445735,1
171096,939,445759,1
171103,154,445716,1
171103,2809,445716,1
171103,8681,445716,1
171108,472,445698,1
171108,786,445698,1
171108,786,445715,14
171108,786,445717,1
171108,1887,445698,1
171108,2008,445717,1
171108,3076,445698,1
171108,6045,445717,1
171108,9175,445698,1
171108,9262,445698,1
171108,9262,445714,1
171108,9262,445715,14
171108,9262,445717,1
171108,9341,445698,1
171108,9341,445714,1
171108,9341,445715,14
171108,9341,445717,1
171108,10935,445714,1
171108,10935,445715,14
171108,11271,445717,1
171115,722,445734,1
171126,9138,445691,1
171134,2716,445694,1
171139,8062,445696,1
171145,9663,445701,1
171164,154,445692,1
171167,8016,445689,1
171181,7382,445716,1
171181,8581,445716,1
171187,154,445693,1
171194,8795,445734,1
171205,154,445695,1
171205,1537,445695,1
171205,4639,445695,1
171205,6784,445695,1
171205,9138,445695,1
171205,9262,445695,1
171205,10426,445695,1
171210,9262,445706,1
171226,8062,445734,1
171226,9262,445734,1
171228,3638,445692,1
171228,8062,445692,1
171232,10120,445700,1
171254,6237,445698,1
171259,1649,445710,1
171259,7013,445710,1
171266,405,445708,1
171266,1668,445708,1
171266,2096,445708,1
171266,2809,445708,1
171266,3728,445708,1
171266,3893,445708,1
171266,4793,445708,1
171266,4967,445708,1
171266,6995,445708,1
171266,8681,445708,1
171266,9262,445708,1
171266,9536,445708,1
171266,10532,445708,1
171274,11386,445697,1
171280,3286,445712,1
171283,1060,445704,1
171293,3184,445690,1
171349,11386,445698,1
171353,5173,445710,1
171353,5316,445710,1
171353,5435,445710,1
171353,11243,445710,1
171367,4751,445761,1
171367,7149,445761,1
171413,6594,445702,1
171415,10392,445709,1
171429,8016,445705,1
171434,5863,445698,1
171437,154,445691,1
171437,3401,445691,1
171437,4089,445691,1
171437,4639,445691,1
171437,5383,445691,1
171437,6841,445691,1
171437,9262,445691,1
171437,10390,445691,1
171463,119,445702,3
171463,9262,445702,1
171463,10504,445702,1
171492,11386,445698,1
171504,2309,445699,1
171504,3401,445699,1
171504,9262,445699,1
171504,11111,445699,1
171507,4646,445714,1
171507,9262,445714,1
171515,199,445758,1
171538,11386,445707,1
171555,91,445709,1
171555,3477,445709,1
171559,1880,445759,1
171567,5623,445698,1
171567,5623,445703,1
171570,856,445741,1
171614,6752,445736,1
171618,8062,445735,1
171618,8717,445735,1
171628,5074,445689,3
171628,8062,445689,1
171635,91,445690,1
171635,740,445690,1
171635,4639,445690,1
171635,6857,445690,1
171635,9262,445690,1
171636,3885,445696,1
171640,9138,445691,1
171661,1986,445717,1
171678,6046,445734,1
171678,7413,445759,1
171679,154,445702,1
171679,3946,445702,1
171679,4635,445702,1
171679,6347,445702,1
171679,6514,445702,1
171679,6784,445702,1
171679,7429,445702,2
171679,8791,445702,1
171679,9241,445702,1
171679,10390,445702,1
171681,154,445694,1
171681,722,445694,1
171681,1900,445694,1
171681,4639,445694,1
171697,23,445758,1
171697,1011,445758,1
171699,1094,445704,1
171728,4465,445705,1
171731,3728,445708,1
171731,4639,445708,1
171731,10120,445708,1
171731,10195,445708,1
171731,10788,445708,1
171736,8062,445689,1
171739,154,445703,1
171739,9262,445703,1
171759,11386,445689,1
171773,4751,445704,1
171779,4639,445710,1
171780,847,445711,1
171786,1316,445711,1
171789,154,445710,1
171789,356,445760,1
171789,939,445710,1
171789,1004,445760,1
171789,1185,445712,1
171789,2038,445760,1
171789,2809,445712,1
171789,6062,445712,1
171789,6649,445760,1
171789,6921,445760,1
171789,7672,445710,1
171789,8912,445760,2
171789,9097,445760,3
171789,9172,445760,2
171789,10785,445760,1
171799,5465,445706,1
171800,4639,445761,1
171800,7132,445761,1
171800,11386,445761,1
171829,3728,445711,1
171829,8016,445711,1
171829,9464,445711,1
171832,2685,445696,1
171842,5392,445696,1
171855,11,445699,1
171855,11,445712,1
171855,2716,445699,1
171855,2716,445712,1
171855,5501,445699,1
171855,5501,445712,1
171855,6235,445699,1
171855,6235,445712,1
171855,6538,445699,1
171855,6538,445712,1
171855,7423,445699,1
171855,7423,445712,1
171855,9707,445699,1
171855,9707,445712,1
171855,10248,445699,1
171855,10248,445712,1
171855,11230,445699,1
171855,11230,445712,1
171885,4466,445742,1
171886,287,445701,1
171886,8920,445701,1
171890,2170,445716,1
171890,3401,445716,2
171890,4762,445716,1
171890,5973,445716,1
171890,9348,445716,1
171890,10345,445716,1
171900,8062,445734,1
171907,654,445736,1
171911,1164,445689,1
171911,3029,445689,1
171921,10495,445760,1
171929,7398,445696,1
171937,154,445735,1
171937,11386,445735,1
171951,154,445693,1
171956,5327,445689,1
171956,5550,445708,1
171956,8989,445708,1
171965,1464,445716,1
171965,9268,445716,1
171971,3742,445698,1
171972,405,445713,1
171973,2809,445697,1
171973,5858,445697,1
171973,10195,445697,1
171981,10084,445716,1
172007,5513,445713,1
172016,722,445702,1
172016,3728,445702,1
172016,9262,445702,1
172027,4300,445699,1
172039,5094,445742,1
172045,8845,445703,1
172061,8099,445734,1
172062,2809,445691,1
172062,5858,445691,1
172083,3871,445698,1
172109,3638,445695,1
172110,722,445700,1
172110,2096,445700,1
172110,2631,445700,1
172110,5090,445700,1
172119,6319,445758,1
172119,6871,445758,1
172121,7572,445692,1
172132,154,445697,1
172164,154,445705,1
172167,1229,445698,1
172175,154,445718,1
172190,2540,445701,1
172204,3401,445699,1
172204,4606,445759,1
172204,4762,445759,1
172204,6260,445759,1
172204,7956,445699,1
172204,9262,445699,1
172204,10566,445759,1
172204,10781,445759,1
172241,1824,445705,1
172241,4207,445705,1
172241,4762,445705,1
172241,5500,445705,1
172254,919,445709,1
172254,7565,445709,1
172259,722,445707,1
172278,10120,445702,1
172280,4639,445708,1
172318,1649,445691,1
172318,4639,445691,1
172318,7398,445691,1
172329,154,445702,1
172329,4639,445702,1
172329,7569,445702,1
172334,1534,445760,3
172334,6488,445760,3
172334,8588,445760,3
172334,10429,445760,3
172343,298,445695,1
172343,1806,445695,1
172343,3021,445695,1
172343,5554,445695,1
172352,11008,445700,1
172357,1649,445713,1
172357,3559,445713,1
172357,5513,445713,1
172357,5529,445713,1
172357,8566,445713,1
172357,9262,445713,1
172369,4762,445702,1
172369,10120,445702,1
172372,1149,445698,1
172391,9215,445716,1
172404,11386,445714,1
172418,2096,445695,1
172418,5925,445695,1
172418,8348,445695,1
172418,9138,445695,1
172419,1316,445707,1
172445,10580,445706,1
172447,2395,445706,1
172447,2548,445706,1
172447,2809,445706,1
172447,10705,445706,1
172447,11386,445706,1
172512,9138,445715,1
172518,4639,445690,1
172519,7447,445691,2
172519,9418,445691,1
172522,4762,445690,1
172522,5197,445690,1
172522,9138,445690,1
172546,154,445689,1
172546,7569,445689,1
172554,1164,445711,1
172555,9262,445695,1
172584,162,445716,1
172584,2216,445716,1
172584,4281,445716,1
172584,8328,445716,1
172584,9516,445716,1
172584,10778,445716,1
172604,10692,445736,1
172604,11386,445736,1
172606,5514,445690,1
172628,4646,445703,1
172631,890,445736,1
172631,1649,445736,1
172631,9262,445736,1
172638,1102,445735,1
172638,2213,445735,1
172649,7499,445759,1
172649,11386,445759,1
172665,6458,445694,1
172685,2415,445760,1
172685,7917,445760,1
172687,8897,445716,2
172690,5347,445699,1
172722,722,445695,1
172722,2799,445695,1
172722,4570,445695,1
172722,5592,445695,1
172735,99,445695,1
172752,1634,445718,1
172752,3401,445718,1
172755,722,445699,1
172755,1537,445699,1
172759,3815,445758,1
172759,5094,445758,1
172759,6235,445758,1
172759,6784,445758,1
172759,7132,445758,1
172761,1164,445703,1
172761,3728,445703,1
172761,4659,445703,1
172761,8016,445703,1
172763,1316,445712,1
172763,2445,445712,1
172763,2548,445712,1
172763,3728,445712,1
172763,5465,445712,1
172770,154,445701,1
172770,2809,445701,1
172771,3076,445698,1
172782,5472,445713,1
172797,124,445761,1
172802,5532,445707,1
172802,6458,445707,1
172826,4639,445710,1
172826,10120,445710,1
172829,2809,445703,1
172833,11013,445691,1
172839,10012,445760,1
172859,722,445714,1
172881,5666,445698,1
172881,9138,445698,1
172881,10841,445698,1
172899,2827,445758,1
172899,9164,445758,1
172902,7031,445715,1
172929,2657,445705,1
172929,7617,445705,1
172947,11399,445712,1
172950,6683,445703,1
172950,6857,445703,1
172955,4639,445696,1
172955,7013,445703,1
172955,8566,445703,1
172955,9262,445703,1
172962,7922,445714,1
172962,11386,445714,1
173009,10684,445708,1
173026,10176,445708,1
173062,5858,445711,1
173062,6938,445711,1
173072,895,445709,1
173072,2302,445709,1
173072,3076,445709,1
173072,4595,445708,1
173072,7094,445708,1
173072,7398,445709,1
173072,7981,445709,1
173072,10527,445709,1
173072,10928,445708,1
173104,10268,445690,1
173115,154,445691,1
173123,8681,445705,1
173135,154,445701,1
173135,1880,445701,1
173135,3401,445701,1
173135,9262,445701,1
173137,712,445703,1
173140,286,445711,1
173140,2344,445711,1
173140,3401,445711,1
173140,3607,445711,1
173140,4751,445711,1
173140,6784,445711,1
173140,7132,445711,1
173140,7350,445711,1
173140,9262,445711,1
173140,9919,445711,1
173169,154,445694,2
173179,722,445696,1
173179,1316,445706,1
173179,8062,445706,1
173179,9138,445696,1
173192,114,445717,1
173195,1649,445742,1
173195,7922,445715,1
173195,10597,445742,1
173200,4762,445705,1
173200,4942,445705,1
173200,10411,445705,1
173200,11242,445705,1
173206,6990,445718,1
173217,835,445704,1
173217,1731,445704,1
173217,5474,445704,1
173217,6899,445704,1
173217,8681,445704,1
173217,9262,445704,1
173217,10180,445704,1
173221,154,445689,1
173221,722,445689,1
173221,3734,445689,1
173221,3871,445689,1
173221,4232,445689,1
173221,6995,445689,1
173221,8016,445689,1
173229,1311,445689,1
173230,6771,445735,1
173246,61,445704,1
173246,6485,445704,1
173246,10136,445704,1
173251,8016,445710,1
173258,8190,445694,1
173258,9262,445694,1
173259,2302,445701,1
173259,3401,445698,1
173259,3401,445701,1
173259,4639,445701,1
173259,6995,445698,1
173259,9262,445698,1
173259,9262,445701,1
173262,5011,445759,2
173287,2889,445704,1
173313,8566,445699,1
173326,9138,445690,1
173328,9262,445713,1
173358,1094,445760,2
173361,3638,445696,1
173361,4755,445696,1
173370,1858,445708,1
173379,6995,445689,1
173379,9262,445689,1
173432,3308,445713,1
173432,8285,445713,1
173435,9262,445696,1
173439,5858,445695,1
173464,1219,445713,1
173464,6237,445713,1
173465,6784,445690,1
173465,7284,445690,1
173465,9547,445690,1
173488,8104,445734,1
173494,46,445692,1
173494,9389,445692,1
173501,8016,445717,1
173501,10120,445717,1
173512,571,445715,1
173512,895,445715,1
173512,2689,445715,1
173512,2803,445715,1
173512,3214,445715,1
173512,3531,445715,1
173512,4007,445715,1
173512,6583,445715,1
173512,7229,445715,1
173512,7246,445715,1
173512,10675,445715,1
173514,9513,445759,1
173549,8062,445710,1
173549,9709,445710,1
173550,829,445714,1
173550,6019,445714,1
173550,6784,445714,1
173567,993,445694,1
173623,722,445705,1
173628,3401,445700,1
173628,4639,445700,1
173628,7569,445700,1
173628,9262,445700,1
173643,5094,445758,1
173643,6448,445758,1
173643,8566,445758,1
173649,154,445699,1
173649,2809,445699,1
173649,5858,445699,1
173652,1316,445715,1
173652,5465,445715,1
173652,8062,445715,1
173653,3750,445709,1
173653,4639,445709,1
173653,8016,445709,1
173655,5383,445691,1
173683,3435,445715,1
173693,2254,445703,1
173709,5420,445712,1
173709,8251,445712,1
173719,8857,445705,1
173738,6227,445758,1
173742,4762,445760,1
173742,8406,445760,1
173742,9934,445760,1
173744,5011,445761,1
173744,9262,445761,1
173749,9262,445691,1
173759,4151,445705,1
173759,7519,445705,1
173759,9765,445705,1
173762,2809,445696,1
173762,6938,445696,1
173776,3871,445696,1
173776,9262,445696,1
173803,7061,445705,1
173821,8016,445692,1
173831,9262,445741,1
173884,257,445716,1
173884,515,445716,1
173884,5758,445716,1
173884,6938,445716,1
173884,10349,445716,1
173888,4639,445715,1
173901,1316,445712,1
173901,3401,445712,1
173901,3728,445712,1
173901,5465,445712,1
173901,8016,445712,1
173901,9138,445712,1
173904,6514,445709,1
173906,2782,445699,2
173906,3917,445699,2
173906,3949,445699,2
173906,5206,445699,2
173906,7475,445699,2
173906,8308,445699,2
173906,8934,445699,2
173906,8938,445699,2
173907,1316,445713,1
173909,9138,445689,1
173944,2725,445694,1
173958,2096,445758,1
173965,4639,445708,1
173969,9138,445691,1
173997,4639,445698,1
173997,7564,445698,1
174018,154,445703,1
174018,6367,445703,1
174021,154,445694,1
174021,4639,445694,1
174021,10120,445694,1
174032,1569,445694,1
174034,3557,445718,1
174064,1370,445690,1
174064,9138,445690,1
174074,1316,445736,1
174074,5465,445736,1
174074,6784,445736,1
174074,7132,445736,1
174074,8062,445736,1
174074,9262,445736,1
174074,10527,445736,1
174081,9463,445690,1
174100,2524,445698,1
174107,8016,445697,1
174109,8062,445759,1
174127,1622,445696,1
174127,8191,445696,1
174128,895,445761,1
174128,1703,445761,2
174128,2548,445761,1
174128,2594,445761,1
174128,4435,445761,1
174128,6475,445761,1
174128,6899,445761,1
174148,4598,445705,1
174148,7940,445705,1
174148,8127,445705,1
174148,10078,445705,1
174154,7775,445694,1
174160,3728,445695,1
174160,5482,445695,1
174165,154,445700,1
174165,4344,445710,1
174165,4639,445700,1
174165,4639,445710,1
174165,4639,445711,1
174165,6129,445700,1
174165,7569,445710,1
174165,8791,445710,1
174165,10120,445710,1
174184,10743,445758,1
174193,6683,445741,1
174199,6907,445715,1
174204,6938,445735,1
174215,3871,445699,1
174222,1625,445761,1
174222,3638,445761,1
174222,5011,445761,1
174222,7473,445761,1
174222,8062,445761,1
174222,8220,445761,1
174222,9262,445761,1
174246,1081,445701,1
174246,10211,445701,1
174261,5190,445758,1
174299,6703,445690,1
174299,11386,445690,1
174307,11386,445692,1
174321,154,445689,1
174340,4639,445704,1
174340,8202,445704,1
174345,6515,445735,1
174373,1969,445689,1
174373,6475,445689,1
174373,9874,445689,1
174376,2827,445718,1
174376,6742,445718,1
174378,405,445712,1
174378,1115,445712,1
174378,6784,445712,1
174378,7132,445712,1
174397,8627,445692,1
174398,154,445761,1
174401,8062,445702,1
174410,154,445694,1
174444,722,445705,1
174444,838,445705,1
174444,2064,445705,1
174444,3401,445705,1
174444,3728,445705,1
174444,4255,445705,1
174444,6488,445705,1
174444,9262,445705,1
174447,185,445701,1
174447,2389,445701,1
174470,4762,445715,1
174470,5480,445715,1
174472,3342,445697,1
174475,1649,445760,1
174475,5908,445760,1
174475,9262,445760,1
174475,10250,445760,1
174476,4404,445696,1
174478,888,445717,1
174478,1839,445717,1
174478,2000,445717,1
174482,81,445708,1
174482,340,445698,1
174482,1436,445708,1
174482,7680,445708,1
174482,8045,445698,1
174482,9096,445708,1
174482,9262,445698,1
174482,9262,445708,2
174482,9406,445698,1
174482,10719,445708,1
174507,2809,445700,1
174511,221,445715,1
174511,7786,445715,1
174513,9262,445758,1
174530,8029,445698,1
174541,154,445694,1
174542,2445,445709,1
174542,3728,445709,1
174542,5465,445709,1
174542,8062,445709,1
174551,9262,445690,1
174553,6102,445741,1
174566,6514,445741,1
174566,10819,445741,1
174566,11126,445741,1
174579,722,445715,1
174579,1847,445715,1
174594,154,445699,1
174601,3433,445694,1
174601,5383,445694,1
174601,10426,445694,1
174627,9326,445713,1
174661,722,445718,1
174661,2384,445718,1
174661,5305,445718,1
174661,6784,445718,1
174661,7895,445718,1
174661,9497,445718,1
174661,10012,445718,1
174661,10657,445718,1
174666,5413,445708,1
174667,2824,445706,1
174667,10743,445698,1
174673,5823,445761,1
174680,11068,445703,1
174695,4437,445709,1
174703,7406,445742,1
174728,960,445712,1
174728,3263,445712,1
174734,1316,445708,1
174734,3728,445708,1
174734,4639,445708,1
174734,5094,445708,1
174734,6235,445708,1
174734,8016,445708,1
174734,8062,445708,1
174734,9262,445708,1
174737,8062,445713,1
174741,1094,445760,1
174742,8224,445707,1
174742,8712,445707,1
174747,11226,445735,1
174755,3926,445742,1
174755,6514,445742,1
174755,10529,445742,1
174763,7255,445702,1
174763,7283,445702,1
174770,154,445736,1
174770,6784,445736,1
174770,10120,445736,1
174770,10761,445736,1
174788,4813,445742,1
174788,5465,445742,1
174803,8872,445709,1
174804,722,445696,1
174804,3098,445696,1
174804,5543,445696,1
174804,5652,445696,1
174804,7509,445696,1
174804,7524,445696,1
174804,8013,445696,1
174804,8939,445696,1
174804,9613,445696,1
174804,10699,445696,1
174804,10883,445696,1
174807,6514,445702,1
174824,2142,445710,1
174828,4207,445695,1
174828,8016,445695,1
174828,8063,445695,1
174831,154,445694,1
174842,2393,445715,1
174842,2809,445715,1
174842,7658,445715,1
174842,8220,445715,1
174846,9430,445760,1
174847,4639,445699,1
174847,8016,445706,1
174847,10120,445706,1
174851,722,445705,1
174853,4639,445691,1
174853,7569,445691,1
174853,8791,445691,1
174874,10788,445700,1
174878,3401,445696,1
174878,5945,445696,1
174878,8220,445696,1
174878,9262,445696,1
174878,10862,445696,1
174878,10939,445696,1
174891,2262,445693,1
174893,154,445692,1
174903,6590,445760,1
174903,8078,445760,1
174914,4762,445758,1
174914,5665,445758,1
174915,4639,445689,1
174915,6535,445689,1
174915,7569,445689,1
174925,3518,445760,1
174949,154,445718,1
174949,2809,445718,1
174949,5858,445718,1
174949,5862,445718,1
174949,6514,445718,1
174949,10120,445718,1
174954,4422,445704,1
174954,4445,445704,1
174954,6514,445704,1
174954,10692,445704,1
174955,9262,445694,1
174978,1359,445712,1
174981,606,445701,1
174981,1887,445713,1
174981,6367,445701,1
174981,9262,445701,1
174992,3141,445696,1
174992,10212,445696,1
175000,8063,445691,1
175000,9069,445691,1
175002,221,445704,1
175002,2096,445704,1
175002,6784,445704,1
175002,7328,445704,1
175003,6248,445742,1
175007,7806,445735,1
175009,1986,445706,1
175016,2809,445704,1
175020,4639,445715,1
175020,7630,445715,1
175023,154,445711,1
175036,1316,445708,1
175036,2548,445708,1
175036,3401,445708,1
175036,3728,445708,1
175036,4639,445708,1
175036,9262,445708,1
175036,10120,445708,1
175048,1398,445695,1
175048,8667,445695,1
175059,10998,445698,1
175066,5699,445697,1
175088,154,445689,1
175088,7569,445689,1
175089,154,445759,1
175089,1632,445759,1
175089,2302,445759,1
175089,5011,445759,1
175089,11406,445759,1
175107,722,445704,1
175137,6514,445742,1
175137,6686,445742,1
175152,676,445703,3
175152,7428,445703,2
175152,8016,445703,3
175156,1585,445692,1
175156,3401,445692,1
175156,4385,445692,1
175156,4639,445692,1
175156,6789,445692,1
175156,8062,445692,1
175156,8791,445692,1
175156,9262,445692,1
175163,3262,445704,1
175163,10692,445704,1
175163,11247,445704,1
175187,5509,445693,1
175187,6235,445691,1
175187,6235,445693,1
175187,9139,445717,1
175204,8429,445691,1
175204,9138,445691,1
175207,6255,445713,1
175207,7922,445713,1
175239,7862,445709,1
175239,10731,445709,1
175266,2096,445701,1
175270,11233,445707,1
175301,5474,445715,1
175301,9262,445715,1
175301,11270,445715,1
175303,3706,445736,1
175303,6810,445736,1
175303,10884,445736,1
175307,154,445736,1
175307,5433,445736,1
175307,9262,445736,1
175317,321,445704,1
175338,6441,445707,1
175365,1537,445705,1
175365,3401,445705,1
175365,4171,445705,1
175365,10129,445705,1
175372,11411,445715,1
175382,6859,445734,1
175386,1316,445710,1
175386,1589,445710,1
175386,3728,445710,1
175386,5165,445710,1
175386,7901,445710,1
175386,8016,445710,1
175392,154,445710,1
175392,2440,445710,1
175392,2548,445710,1
175392,2770,445710,1
175392,3401,445710,1
175392,3638,445710,1
175392,4232,445710,1
175392,6160,445710,1
175392,7451,445710,1
175392,7560,445710,1
175392,9262,445710,1
175414,9326,445691,1
175418,3835,445690,1
175418,4639,445690,1
175418,6723,445690,1
175424,9151,445691,1
175428,4639,445707,1
175436,5862,445707,1
175464,3815,445761,1
175467,2911,445758,1
175467,3889,445758,1
175467,11233,445758,1
175472,8282,445718,1
175474,6399,445712,1
175496,4989,445692,1
175497,192,445712,1
175497,310,445712,1
175497,1164,445712,1
175497,2128,445712,1
175497,3750,445712,1
175497,8507,445712,1
175525,2705,445692,1
175525,3072,445692,1
175525,4736,445692,1
175525,4976,445692,1
175525,8062,445692,1
175535,2885,445704,1
175535,9262,445704,1
175545,2287,445761,1
175545,2302,445760,1
175545,4921,445760,1
175545,5455,445760,1
175545,8677,445761,1
175545,8685,445760,1
175579,847,445712,1
175579,2200,445712,1
175584,1839,445693,1
175584,2302,445693,1
175584,6995,445693,1
175584,10739,445693,1
175589,11307,445735,1
175595,9318,445706,1
175603,9111,445736,1
175604,154,445696,1
175604,722,445696,1
175604,1526,445696,1
175604,7033,445696,1
175604,8692,445696,1
175638,847,445703,1
175638,1839,445703,1
175644,1094,445701,1
175665,6860,445702,1
175681,405,445690,1
175681,722,445690,1
175681,958,445690,1
175705,540,445758,1
175705,5094,445758,1
175705,8220,445758,1
175705,9262,445758,1
175706,3638,445713,1
175718,3638,445690,1
175718,8016,445690,1
175747,433,445700,1
175747,3401,445700,1
175747,4639,445700,1
175747,7077,445700,1
175747,8016,445700,1
175747,9528,445700,1
175747,10195,445700,1
175750,4639,445689,1
175750,7569,445689,1
175750,8791,445689,1
175763,4989,445758,1
175770,5681,445707,1
175772,6518,445709,1
175778,2096,445694,1
175783,10248,445718,1
175784,9138,445689,1
175787,3805,445736,1
175787,7858,445736,1
175787,9262,445736,1
175787,9289,445736,1
175794,895,445694,1
175794,4639,445694,1
175796,154,445700,1
175796,882,445700,1
175796,10027,445700,1
175799,154,445716,1
175821,185,445703,4
175821,2716,445703,4
175821,2809,445703,4
175821,2919,445703,4
175856,154,445701,2
175856,4639,445701,2
175871,154,445758,1
175871,1051,445758,1
175871,9320,445758,1
175880,4023,445692,1
175880,8062,445692,1
175881,2809,445760,1
175897,4639,445759,1
175900,3905,445718,1
175900,4422,445718,1
175900,6514,445718,1
175900,8016,445718,1
175900,9490,445718,1
175900,9579,445718,1
175900,9709,445718,1
175922,6825,445706,1
175922,8191,445706,1
175938,3815,445759,1
175941,1986,445690,1
175941,6019,445690,1
175942,10120,445717,1
175944,1316,445718,1
175959,3871,445702,1
175959,6019,445702,1
175963,10207,445692,1
175989,6423,445711,1
175991,7013,445741,1
175991,11289,445741,1
175993,405,445701,1
175993,8016,445701,1
176003,10527,445700,1
176013,3615,445699,1
176014,154,445698,1
176032,6535,445701,1
176043,2240,445692,2
176043,2240,445711,1
176043,2240,445760,1
176043,3165,445692,1
176043,3165,445711,1
176043,3165,445760,5
176046,7569,445761,1
176047,3342,445695,1
176050,3544,445705,1
176050,4962,445705,1
176050,6822,445705,1
176050,10248,445705,1
176050,10936,445705,1
176055,1690,445696,1
176055,4639,445696,1
176055,4762,445696,1
176055,8214,445696,1
176065,154,445758,1
176065,7269,445758,1
176065,8219,445758,1
176065,9262,445758,1
176067,154,445692,1
176072,566,445689,1
176074,4646,445693,1
176074,9262,445693,1
176074,10622,445693,1
176086,5011,445761,1
176102,722,445691,1
176103,4342,445735,1
176108,895,445699,1
176108,2809,445699,1
176129,3905,445707,1
176129,8844,445707,1
176129,9498,445707,1
176129,10020,445707,1
176135,8844,445698,1
176148,1649,445734,1
176149,4639,445760,1
176151,5782,445700,1
176153,4635,445760,1
176153,6458,445760,1
176161,1115,445707,1
176161,8799,445707,1
176181,5771,445717,1
176190,154,445706,1
176216,8016,445695,1
176216,10202,445695,1
176229,154,445693,1
176233,154,445705,1
176233,10120,445705,1
176243,4639,445693,1
176243,9262,445693,1
176249,1649,445761,1
176249,6224,445761,1
176249,8220,445761,1
176267,2809,445692,1
176279,3638,445691,1
176281,4580,445705,1
176281,7492,445705,1
176281,8634,445705,1
176288,1762,445708,1
176288,2612,445708,1
176288,2809,445700,1
176288,7664,445708,1
176288,8220,445700,1
176289,2096,445705,1
176308,8681,445703,1
176309,3401,445699,1
176309,3728,445699,1
176309,7013,445699,1
176309,8062,445699,1
176332,5704,445714,1
176363,4639,445704,1
176363,6784,445704,1
176363,7132,445704,1
176391,6797,445736,1
176408,71,445758,1
176408,2545,445758,1
176408,3188,445758,1
176408,5575,445758,1
176408,6845,445758,1
176408,7276,445758,1
176408,8220,445758,1
176408,9103,445758,1
176408,9262,445758,1
176408,10114,445758,1
176422,4053,445759,1
176451,154,445714,1
176451,531,445714,1
176451,1164,445714,1
176451,3401,445714,2
176451,3794,445714,2
176451,4639,445714,1
176451,4749,445714,1
176451,5812,445714,1
176451,5831,445714,1
176451,8129,445714,1
176451,8219,445714,1
176451,8791,445714,1
176451,9138,445714,1
176451,9186,445714,1
176451,9262,445714,2
176451,9948,445714,1
176451,11089,445714,1
176480,154,445701,1
176480,3401,445701,1
176480,3401,445704,1
176480,4171,445701,1
176480,4639,445701,1
176480,4639,445704,1
176480,4755,445701,1
176480,7569,445704,1
176480,9262,445701,1
176480,9262,445704,1
176499,8203,445694,1
176503,8811,445692,1
176527,9345,445699,1
176542,8016,445700,1
176542,11386,445700,1
176544,10120,445736,1
176546,7518,445701,1
176553,960,445699,1
176553,4843,445699,1
176553,9262,445699,1
176567,154,445699,1
176584,7647,445759,1
176584,9373,445759,1
176598,4491,445707,1
176598,4639,445707,1
176598,6289,445707,1
176598,9083,445707,1
176600,2938,445714,1
176601,8062,445761,1
176602,3638,445713,1
176602,3728,445713,1
176602,4762,445713,1
176602,5308,445713,1
176602,5465,445713,1
176602,7818,445713,1
176602,8016,445713,1
176602,10248,445713,1
176603,9262,445761,1
176610,2445,445714,1
176618,4639,445696,1
176622,2809,445718,1
176622,5858,445718,1
176622,6938,445718,1
176645,3701,445692,1
176645,4344,445692,1
176645,4639,445692,1
176663,3525,445711,1
176663,5681,445711,1
176663,9490,445711,1
176664,679,445760,1
176664,1833,445760,1
176664,4499,445760,1
176664,8442,445760,1
176664,10232,445760,1
176666,1649,445761,1
176666,4490,445761,1
176666,5011,445761,1
176666,5094,445761,1
176666,5250,445761,1
176668,1164,445693,1
176668,2809,445693,1
176668,3638,445693,1
176678,185,445695,1
176680,340,445705,1
176680,1649,445705,1
176680,4449,445705,1
176680,8195,445705,1
176680,10120,445705,1
176689,1757,445711,1
176689,5465,445711,1
176689,8016,445711,1
176689,9262,445711,1
176689,10655,445711,1
176695,1164,445711,1
176695,8010,445711,1
176695,10692,445711,1
176702,3401,445761,1
176702,9262,445761,1
176715,3020,445761,1
176716,7428,445735,1
176716,7518,445735,1
176747,4703,445698,1
176748,5465,445735,1
176750,11386,445698,1
176781,2096,445760,1
176837,2594,445713,1
176844,3814,445690,1
176844,3894,445690,1
176860,2445,445708,1
176860,6235,445708,1
176864,6493,445742,1
176868,3963,445735,1
176868,4762,445735,1
176875,5858,445695,1
176875,8035,445695,1
176882,154,445708,1
176882,4639,445708,1
176883,4042,445714,1
176883,5768,445714,1
176893,1649,445700,1
176916,3401,445758,1
176916,4954,445758,1
176916,9262,445758,1
176926,154,445689,1
176926,2096,445689,1
176926,2112,445689,1
176926,9262,445689,1
176934,6019,445695,1
176934,8769,445716,1
176989,6998,445704,1
177001,183,445699,1
177004,7110,445706,1
177004,9083,445706,1
177009,7956,445701,1
177048,3401,445758,1
177048,9262,445758,1
177058,1140,445742,1
177060,6535,445690,1
177076,5858,445705,1
177113,5011,445761,1
177118,2809,445701,1
177125,847,445718,1
177125,1649,445718,1
177125,2672,445718,1
177125,2729,445718,1
177125,2809,445703,1
177125,3032,445703,1
177125,4605,445718,1
177125,5782,445703,1
177125,7203,445718,1
177125,8157,445718,1
177128,2131,445712,1
177128,4207,445712,1
177128,6024,445712,1
177131,1094,445703,1
177131,2334,445692,1
177136,154,445736,1
177136,2161,445736,1
177145,7239,445715,1
177168,1164,445736,1
177168,8016,445736,1
177168,9579,445736,1
177168,10120,445736,1
177168,11386,445736,1
177173,9513,445705,1
177178,1781,445711,1
177178,5110,445711,1
177178,6925,445711,1
177178,9262,445711,1
177190,154,445692,1
177190,4639,445692,1
177190,4762,445692,1
177190,7569,445692,1
177190,8791,445692,1
177190,9169,445692,1
177209,154,445736,1
177209,6535,445736,1
177213,9579,445709,1
177221,9051,445692,1
177273,569,445700,1
177273,1284,445700,1
177278,1312,445735,1
177278,10877,445735,1
177282,3401,445692,1
177282,4639,445692,1
177282,7569,445692,1
177282,8791,445692,1
177282,9262,445692,1
177284,7593,445759,1
177286,6784,445758,1
177297,920,445718,1
177297,2058,445718,1
177297,6689,445718,1
177297,10001,445718,1
177297,10129,445718,1
177297,11386,445718,1
177330,1185,445704,1
177330,2809,445704,1
177330,6535,445704,1
177348,4232,445700,1
177348,9138,445700,1
177351,9262,445761,1
177356,154,445711,1
177361,10020,445706,1
177363,555,445696,1
177363,1486,445696,1
177363,1963,445696,1
177363,4182,445696,1
177363,5164,445696,1
177363,6577,445696,1
177363,6975,445696,1
177363,10788,445696,1
177365,4661,445698,1
177365,4762,445698,1
177401,10243,445701,1
177404,4081,445711,1
177421,540,445712,1
177421,1574,445712,1
177437,4639,445691,1
177439,4762,445736,1
177440,8900,445691,1
177447,938,445696,1
177474,1537,445698,1
177474,2945,445698,1
177474,8147,445698,1
177478,1471,445760,1
177478,4129,445760,1
177478,5317,445760,1
177483,3401,445761,2
177483,3871,445761,1
177488,1316,445711,1
177501,154,445703,1
177501,10120,445703,1
177506,2096,445702,1
177506,2888,445702,1
177506,3809,445702,1
177506,9674,445702,1
177522,2809,445703,1
177524,4639,445690,1
177543,1649,445703,1
177546,4639,445742,1
177566,6857,445701,1
177566,9326,445701,1
177569,154,445694,1
177581,1875,445692,1
177581,5400,445692,1
177601,1465,445692,1
177601,7966,445692,1
177605,1194,445759,1
177605,3538,445759,1
177605,7102,445759,1
177605,8220,445759,1
177605,8912,445759,1
177617,9262,445758,1
177619,7889,445707,1
177619,10120,445707,1
177630,10999,445690,1
177653,3401,445700,1
177653,9262,445700,1
177656,1312,445705,1
177656,5995,445705,1
177695,124,445761,1
177695,10227,445761,1
177724,4351,445705,1
177735,4762,445709,1
177735,5197,445709,1
177737,4639,445741,1
177744,9133,445710,1
177750,3767,445761,1
177750,6784,445761,1
177773,3469,445716,1
177798,722,445760,1
177800,5149,445711,1
177800,9262,445711,1
177800,10120,445700,1
177800,11406,445700,1
177801,5011,445761,1
177819,10505,445759,1
177856,8062,445736,1
177856,9083,445736,1
177864,6788,445742,1
177871,5843,445689,1
177871,11398,445689,1
177878,847,445736,1
177878,1649,445736,1
177878,3880,445736,1
177878,5400,445736,1
177878,7013,445736,1
177878,8191,445736,1
177878,9979,445736,1
177878,11386,445736,1
177907,7752,445697,1
177915,154,445695,1
177919,3076,445711,2
177919,4639,445711,1
177919,10527,445711,1
177919,11386,445711,1
177921,8220,445698,1
177930,4445,445742,1
177936,6845,445759,1
177961,154,445690,1
177961,8062,445690,1
177978,1880,445692,1
178001,2448,445703,1
178007,6162,445702,1
178011,8913,445703,1
178011,9262,445703,1
178013,5044,445709,1
178018,1316,445714,1
178026,1796,445742,1
178032,9138,445711,1
178033,154,445711,1
178039,895,445690,1
178039,9262,445690,1
178039,11008,445690,1
178055,540,445736,1
178055,9262,445736,1
178093,4222,445706,1
178093,10516,445706,1
178112,3638,445697,1
178112,6958,445697,1
178116,6042,445695,1
178118,3059,445707,1
178125,154,445717,1
178125,3728,445717,1
178125,8791,445717,1
178125,11386,445717,1
178136,1649,445735,1
178171,4755,445736,1
178171,5465,445736,1
178171,10943,445736,1
178181,1316,445708,1
178181,2509,445708,1
178181,5501,445708,1
178181,9138,445708,1
178198,154,445691,1
178198,722,445700,1
178198,4639,445700,1
178224,9138,445695,1
178238,154,445708,1
178241,154,445736,1
178261,3728,445718,1
178261,5858,445718,1
178261,8593,445718,1
178261,10012,445718,1
178261,10488,445718,1
178266,1649,445713,1
178271,1142,445696,1
178271,2764,445696,1
178271,4639,445696,1
178271,7398,445696,1
178274,1716,445701,1
178282,3879,445702,1
178282,4013,445702,1
178282,7925,445702,1
178282,8016,445702,1
178282,8616,445702,1
178288,6952,445690,1
178288,8548,445690,1
178288,9287,445690,1
178300,102,445707,1
178300,1305,445707,1
178300,1316,445707,1
178300,2757,445707,1
178300,3401,445707,1
178300,3728,445707,1
178300,3750,445707,1
178300,4639,445707,1
178300,8062,445707,1
178300,8339,445707,1
178300,8681,445707,1
178300,9262,445707,1
178300,9693,445707,1
178300,9992,445707,1
178300,10120,445707,1
178300,10703,445707,1
178319,4639,445695,1
178395,154,445707,1
178422,1092,445760,1
178422,1122,445760,1
178422,3483,445760,1
178422,4568,445760,1
178422,6222,445760,1
178422,6228,445760,1
178422,7932,445760,1
178422,9087,445760,1
178422,11365,445760,1
178423,4639,445707,1
178423,6784,445707,1
178423,8062,445707,1
178424,635,445716,1
178424,11386,445716,1
178451,3367,445716,1
178451,7777,445716,1
178463,3401,445696,1
178463,3638,445696,1
178463,9262,445696,1
178489,154,445692,1
178498,6527,445713,1
178541,4639,445699,1
178567,154,445704,1
178574,154,445693,1
178574,1956,445693,1
178574,2302,445693,1
178578,10120,445714,1
178590,2148,445702,1
178608,1194,445694,1
178608,4639,445694,1
178608,8016,445694,1
178617,1316,445708,1
178617,3638,445708,1
178617,4749,445708,1
178617,5465,445708,1
178617,6784,445708,1
178617,8062,445708,1
178617,9262,445708,1
178617,10784,445708,1
178634,573,445707,1
178634,795,445700,1
178634,1202,445707,1
178634,1255,445700,1
178634,2985,445700,1
178634,3943,445707,1
178634,9262,445700,1
178634,9262,445707,1
178642,154,445701,1
178642,3401,445701,1
178642,4639,445701,1
178642,9262,445701,1
178686,1887,445707,1
178686,1921,445698,1
178686,2096,445707,1
178686,2490,445698,1
178686,2744,445707,1
178686,2782,445698,1
178686,3276,445707,1
178686,3871,445709,1
178686,4619,445698,1
178686,4762,445707,1
178686,5151,445698,1
178686,5211,445707,1
178686,5223,445707,1
178686,5415,445707,1
178686,5480,445698,1
178686,6235,445707,1
178686,6724,445707,1
178686,6832,445698,1
178686,7552,445707,1
178686,7956,445698,1
178686,8327,445698,1
178686,8588,445698,1
178686,8588,445707,1
178686,10248,445707,1
178686,10248,445709,1
178686,10516,445707,1
178686,11370,445707,1
178687,3401,445689,1
178687,8062,445689,1
178687,9262,445689,1
178705,154,445689,1
178705,154,445690,1
178705,3773,445690,1
178715,5681,445716,1
178732,8062,445695,1
178747,10248,445694,1
178755,722,445705,1
178755,2096,445705,1
178755,3076,445705,1
178761,7013,445702,1
178770,722,445698,1
178770,9286,445698,1
178780,2809,445689,1
178783,1724,445694,1
178783,3401,445694,1
178783,9262,445694,1
178802,5064,445736,1
178802,9262,445736,1
178811,336,445759,1
178811,336,445760,1
178811,1910,445759,1
178811,1910,445760,1
178811,4762,445759,1
178811,4762,445760,1
178811,5094,445759,1
178811,5094,445760,1
178811,7502,445759,1
178811,7502,445760,1
178811,8199,445759,1
178811,8199,445760,1
178811,9818,445759,1
178811,9818,445760,1
178811,10183,445759,1
178811,10183,445760,1
178821,6938,445709,1
178821,8016,445709,1
178833,986,445697,1
178839,1385,445698,1
178839,7706,445698,1
178865,10424,445716,1
178875,154,445692,1
178875,392,445692,1
178886,11008,445698,1
178891,9262,445759,1
178892,5795,445691,1
178923,8132,445736,1
178930,9262,445691,1
178939,7852,445705,1
178944,2443,445707,1
178944,4222,445707,1
178944,10542,445707,1
178956,2809,445699,1
178970,722,445742,1
178970,938,445742,1
178970,3430,445742,1
178970,5129,445742,1
178973,3638,445689,1
178973,8062,445689,1
178976,154,445691,1
178980,8791,445691,1
178991,9287,445689,1
179011,1370,445761,1
179011,1585,445761,1
179011,3401,445761,1
179011,7217,445761,1
179049,1071,445734,1
179049,1106,445734,1
179049,3183,445734,1
179049,3225,445734,1
179049,4674,445734,1
179049,6215,445734,1
179049,7296,445734,1
179049,9343,445734,2
179093,55,445713,1
179093,7373,445713,1
179093,7409,445713,1
179100,1240,445710,1
179100,1396,445710,1
179100,2302,445710,1
179100,2517,445710,1
179100,2919,445710,1
179100,3160,445710,1
179100,3401,445710,1
179100,3710,445710,1
179100,3820,445710,1
179100,3829,445710,1
179100,3871,445710,1
179100,5984,445710,1
179100,6481,445710,1
179100,7585,445710,1
179100,8063,445710,1
179100,8474,445710,1
179100,8563,445710,1
179100,9262,445710,1
179100,9707,445710,1
179100,11386,445710,1
179109,6303,445699,1
179109,8062,445699,2
179109,10643,445699,1
179116,3221,445714,1
179116,9558,445714,1
179128,9262,445700,1
179128,11251,445700,1
179132,3401,445695,1
179132,7120,445695,1
179132,10129,445695,1
179132,10529,445695,1
179132,10914,445695,1
179136,2639,445735,1
179136,9361,445735,1
179145,9262,445690,1
179180,9286,445698,1
179180,10012,445713,2
179184,2809,445694,1
179184,2809,445741,1
179194,154,445761,1
179194,4639,445700,1
179194,4639,445761,1
179194,5223,445761,1
179194,6019,445761,1
179194,9097,445700,1
179194,10639,445700,1
179199,4762,445736,1
179199,9270,445736,1
179199,10248,445736,1
179205,4639,445759,1
179205,10276,445759,1
179211,4664,445689,1
179224,7013,445707,1
179228,540,445691,1
179228,3401,445691,1
179228,4639,445691,1
179228,9262,445691,1
179236,895,445709,1
179236,8062,445709,1
179236,9083,445709,1
179236,10120,445709,1
179288,1371,445718,1
179291,5400,445712,1
179305,1880,445761,1
179307,8681,445705,1
179307,9103,445705,1
179310,722,445698,1
179310,5115,445698,1
179320,8943,445701,1
179321,8170,445705,1
179323,154,445704,1
179323,4167,445704,1
179327,10001,445710,1
179327,10120,445710,1
179327,11011,445710,1
179339,372,445715,1
179339,1236,445715,1
179339,1244,445715,1
179339,1701,445715,1
179339,2683,445715,1
179339,4033,445715,1
179339,4051,445715,1
179339,4316,445715,1
179339,5158,445715,1
179339,5581,445715,1
179339,5805,445715,1
179339,6223,445715,1
179339,6463,445715,1
179339,6647,445715,1
179339,7464,445715,1
179339,8208,445715,1
179339,8514,445715,1
179339,10206,445715,1
179339,10964,445715,1
179339,11213,445715,1
179339,11322,445715,1
179339,11388,445715,1
179340,405,445697,1
179340,5513,445697,1
179340,9972,445697,1
179362,8227,445713,1
179373,8791,445690,1
179388,9308,445712,1
179389,9138,445689,1
179436,10743,445706,1
179439,1396,445711,1
179439,10541,445711,1
179464,9138,445701,1
179464,9262,445701,1
179464,10248,445701,1
179467,154,445693,1
179468,9138,445711,1
179474,4639,445692,1
179474,7569,445692,1
179474,9262,445692,1
179479,4639,445761,1
179480,2096,445716,1
179482,102,445694,1
179482,2096,445694,1
179482,3401,445694,1
179482,4639,445694,1
179482,4989,445694,1
179482,8016,445694,1
179486,9872,445758,1
179497,5532,445692,1
179497,6350,445692,1
179497,6458,445692,1
179510,2534,445704,1
179510,2663,445704,1
179510,3728,445704,1
179510,4015,445704,1
179510,5781,445704,1
179510,6581,445704,1
179510,6666,445704,1
179510,7435,445704,1
179510,9109,445704,1
179523,1887,445690,1
179523,6167,445690,1
179523,9262,445690,1
179579,4599,445698,1
179595,2827,445758,1
179595,2899,445711,1
179595,3342,445758,1
179595,4762,445758,1
179595,5412,445758,1
179595,5984,445758,1
179595,8063,445758,1
179595,8839,445758,1
179595,9097,445758,1
179595,9326,445758,1
179595,10122,445758,1
179595,10213,445711,1
179614,154,445690,1
179614,9262,445690,1
179623,154,445707,1
179623,832,445707,1
179623,4762,445707,1
179623,10680,445707,1
179626,6496,445708,1
179640,154,445717,1
179640,7509,445717,1
179683,154,445734,1
179683,8220,445716,1
179683,9262,445716,1
179683,9262,445734,2
179683,9262,445759,1
179683,11386,445759,1
179686,5819,445691,1
179707,9149,445705,1
179707,9585,445705,1
179715,4670,445706,1
179735,20,445691,1
179735,2961,445691,1
179735,5114,445691,1
179764,6783,445705,1
179764,11386,445705,1
179770,152,445704,1
179770,160,445704,1
179770,3339,445704,1
179770,7518,445704,1
179770,8586,445704,1
179770,9230,445704,1
179770,9889,445704,1
179770,10212,445704,1
179770,10470,445704,1
179784,3681,445700,1
179784,7672,445700,1
179802,8220,445734,1
179802,9709,445734,1
179804,5174,445690,1
179804,11064,445690,1
179817,154,445694,1
179817,2161,445694,1
179817,3964,445694,1
179817,7747,445694,1
179817,9458,445694,1
179817,10462,445694,1
179817,10765,445694,1
179896,8791,445690,1
179904,154,445742,1
179905,10675,445759,1
179912,8016,445707,1
179912,8062,445707,1
179917,711,445759,1
179917,1634,445759,1
179917,1847,445759,1
179917,4755,445759,1
179917,6784,445759,1
179917,7132,445759,2
179917,7937,445759,1
179917,8177,445759,1
179917,8950,445759,1
179917,9138,445759,1
179917,9723,445759,1
179917,11386,445759,1
179939,2009,445697,1
179939,7967,445697,1
179973,10828,445735,1
179995,7772,445696,1
180017,4639,445760,1
180024,973,445692,1
180024,1802,445692,1
180024,3401,445692,1
180024,3509,445692,1
180024,3781,445692,1
180024,4171,445692,1
180024,4938,445692,1
180024,6253,445692,1
180024,6494,445692,1
180024,6789,445692,1
180024,8946,445692,1
180024,9593,445692,1
180024,10538,445692,1
180024,10878,445692,1
180024,11011,445692,1
180036,5977,445710,1
180036,8742,445710,1
180053,783,445761,1
180053,3638,445761,1
180070,2460,445761,1
180070,9262,445761,1
180072,1649,445760,1
180072,5445,445760,1
180072,8681,445760,1
180105,5215,445690,2
180108,4207,445760,1
180126,154,445689,1
180126,2914,445689,1
180126,5961,445714,1
180126,9262,445689,1
180126,10763,445714,1
180132,10390,445736,1
180142,4989,445758,1
180145,6019,445707,1
180148,11008,445716,1
180158,3401,445699,1
180158,3871,445699,1
180158,9262,445699,1
180173,405,445701,1
180173,4639,445701,1
180173,5858,445701,1
180185,4344,445717,1
180202,1366,445705,1
180202,2509,445705,1
180202,6532,445705,1
180202,10542,445705,1
180220,154,445712,1
180223,9262,445690,1
180224,1902,445705,1
180229,10825,445741,1
180235,2716,445715,1
180235,7832,445715,1
180243,1986,445736,1
180261,1541,445761,1
180261,3401,445761,1
180261,6966,445761,1
180261,9262,445761,1
180269,4762,445758,1
180276,770,445736,3
180276,2134,445736,3
180276,5258,445736,3
180303,6000,445759,1
180303,11386,445759,1
180304,8712,445704,1
180309,2749,445716,1
180309,3049,445716,1
180309,8712,445716,1
180313,542,445759,1
180313,3815,445759,1
180313,3970,445759,1
180327,4505,445707,1
180335,6367,445700,1
180352,4639,445693,10
180365,2503,445713,1
180369,7296,445695,1
180379,154,445761,1
180392,1094,445758,1
180393,3076,445705,1
180393,10761,445705,1
180395,7428,445698,1
180406,722,445691,1
180406,9138,445691,1
180420,3638,445758,1
180420,6784,445758,1
180420,7132,445758,1
180424,3249,445705,1
180424,5324,445705,1
180424,6880,445705,1
180442,154,445703,1
180445,1316,445708,1
180445,3076,445708,1
180445,6971,445708,1
180445,8062,445708,1
180456,6260,445698,1
180456,7518,445698,1
180457,3401,445758,1
180457,9262,445758,1
180467,5874,445696,1
180467,7224,445696,1
180474,10120,445714,1
180477,9262,445697,1
180494,1114,445714,1
180494,1114,445718,1
180494,1142,445714,1
180494,1142,445718,1
180494,1717,445714,1
180494,1717,445718,1
180494,2596,445714,1
180494,2596,445718,1
180494,4435,445714,1
180494,4435,445718,1
180494,5782,445714,1
180494,5782,445718,1
180494,6163,445714,1
180494,6475,445714,1
180494,6475,445718,1
180494,6784,445714,1
180494,6784,445718,1
180494,8063,445714,1
180494,8063,445718,1
180494,10004,445714,1
180494,10743,445714,1
180494,10743,445718,1
180532,4892,445703,1
180534,3728,445707,1
180534,5858,445707,1
180534,6683,445707,1
180540,11386,445717,1
180559,518,445694,1
180563,2711,445691,1
180567,154,445736,1
180567,1164,445736,1
180567,1316,445736,1
180567,5465,445736,2
180567,8062,445736,1
180586,102,445695,1
180586,9262,445695,1
180594,6845,445761,1
180596,6019,445708,1
180596,8890,445708,1
180596,9262,445708,1
180610,3638,445709,1
180610,7956,445709,1
180610,8016,445709,1
180610,8062,445709,1
180610,8177,445709,1
180610,9262,445709,1
180610,9597,445709,1
180623,1194,445761,5
180623,7132,445761,5
180626,5858,445692,1
180626,5858,445694,1
180634,4686,445758,1
180648,1722,445735,1
180648,6248,445735,1
180660,8025,445760,1
180671,1880,445695,1
180671,4171,445695,1
180671,7956,445695,1
180671,9262,445695,1
180678,5465,445714,1
180678,8062,445714,1
180693,9262,445758,1
180693,11386,445758,1
180716,3401,445689,1
180716,8791,445689,1
180716,9138,445689,1
180717,3560,445712,1
180735,1739,445714,1
180746,7480,445714,1
180753,7550,445700,1
180761,4446,445717,1
180771,4762,445715,1
180772,154,445758,1
180781,5262,445710,1
180783,2809,445708,1
180783,4639,445708,1
180786,5465,445711,1
180786,9138,445711,1
180796,154,445700,1
180796,3728,445714,1
180796,8841,445714,1
180796,9030,445700,1
180803,4639,445759,1
180823,8170,445703,1
180836,4639,445713,1
180836,10120,445713,1
180841,1649,445735,1
180841,4639,445735,1
180841,10120,445735,1
180866,6845,445760,1
180874,1649,445694,1
180881,4762,445717,1
180881,5465,445717,1
180881,6784,445717,1
180883,8793,445706,1
180893,9797,445718,1
180905,10982,445761,1
180914,908,445713,1
180914,6444,445713,1
180914,6784,445713,1
180914,7132,445713,1
180917,9262,445695,1
180919,3638,445693,1
180919,6235,445693,1
180919,8177,445693,1
180919,9138,445693,1
180939,1537,445690,1
180947,4639,445696,1
180963,154,445696,1
180970,154,445691,1
180970,3638,445691,1
180976,9490,445703,1
180984,2809,445710,1
180984,4639,445710,1
180984,8062,445710,1
180984,9262,445710,1
180988,360,445695,1
180988,1879,445695,1
180988,3006,445695,1
180988,3426,445695,1
180988,6749,445695,1
180988,6784,445695,1
180988,7481,445695,1
180988,8271,445695,1
180988,9138,445695,1
180988,11202,445695,1
181005,7736,445701,1
181015,9262,445715,1
181018,405,445693,1
181018,753,445693,1
181018,2886,445693,1
181018,3401,445693,1
181018,5482,445693,1
181018,6514,445693,1
181018,8913,445693,1
181018,9262,445693,1
181029,1396,445694,1
181029,3871,445694,1
181029,6995,445694,1
181033,154,445705,1
181033,10120,445705,1
181039,459,445692,1
181042,1431,445742,1
181042,1649,445742,1
181042,8220,445742,1
181044,185,445713,1
181044,3638,445713,1
181044,10020,445695,1
181044,10579,445713,1
181046,4345,445703,1
181046,6424,445703,1
181046,10001,445703,1
181048,154,445691,1
181048,3401,445691,1
181048,6784,445691,1
181050,9262,445742,1
181051,4755,445758,1
181051,5681,445758,1
181051,9262,445758,1
181051,10896,445758,1
181063,5226,445711,1
181063,8220,445711,1
181063,9038,445735,1
181063,11288,445735,1
181084,4762,445691,1
181091,4755,445741,1
181091,6196,445741,1
181092,4639,445742,1
181108,154,445701,1
181114,4784,445703,1
181115,154,445742,1
181115,2302,445690,1
181115,3401,445690,1
181115,3871,445690,1
181115,4639,445693,1
181115,6367,445742,1
181115,6995,445690,1
181115,7132,445693,1
181115,7956,445742,1
181115,9262,445690,1
181115,9262,445693,1
181115,10527,445690,1
181115,11386,445690,1
181115,11386,445693,1
181116,2809,445698,1
181123,10569,445698,1
181126,7428,445705,1
181135,4762,445700,1
181136,2795,445692,1
181153,3320,445694,1
181166,154,445692,1
181166,3401,445692,1
181166,4639,445692,1
181166,9262,445692,1
181167,2166,445708,1
181167,3634,445708,1
181167,9614,445708,1
181167,10506,445708,1
181190,8062,445689,1
181194,2809,445700,1
181198,4027,445690,1
181198,4639,445690,1
181198,8346,445690,1
181210,4639,445690,1
181210,7569,445690,1
181222,9268,445705,1
181230,6248,445692,1
181245,7698,445698,1
181251,154,445708,1
181251,4639,445708,1
181286,2440,445758,1
181286,3115,445758,1
181286,8349,445758,1
181286,11386,445758,1
181288,9262,445713,2
181297,1203,445701,1
181297,2809,445701,1
181297,6535,445701,1
181302,4639,445699,1
181306,154,445712,1
181306,2213,445712,1
181306,9536,445712,1
181306,10692,445712,1
181307,1649,445736,1
181307,5465,445736,1
181307,8062,445736,1
181307,9262,445736,1
181307,9271,445736,1
181344,4572,445759,1
181344,9578,445759,1
181349,3694,445690,1
181379,154,445711,1
181379,9262,445711,1
181381,3728,445708,1
181381,6235,445708,1
181405,606,445708,1
181414,4639,445741,1
181419,7754,445718,1
181420,10120,445709,1
181432,2615,445711,1
181432,2616,445759,2
181441,3638,445717,1
181442,2497,445760,1
181442,9281,445760,1
181454,1115,445700,1
181457,154,445691,1
181457,3172,445691,1
181457,9262,445691,1
181458,8016,445690,1
181458,9262,445690,1
181460,6144,445742,1
181462,11386,445705,1
181483,154,445736,1
181483,4344,445736,1
181483,8791,445736,1
181486,154,445693,1
181503,154,445692,1
181503,4344,445692,1
181503,4639,445692,1
181503,7569,445692,1
181503,8791,445692,1
181513,10516,445695,1
181513,10516,445741,1
181529,11386,445735,1
181530,6275,445715,1
181535,793,445711,1
181543,3638,445691,1
181554,154,445759,1
181554,5011,445759,1
181554,9536,445759,1
181585,200,445698,1
181591,6422,445699,1
181603,247,445711,1
181603,788,445711,1
181603,2231,445711,1
181603,4053,445711,1
181603,5080,445711,1
181603,9940,445711,1
181620,617,445711,1
181620,1515,445711,1
181620,1649,445711,1
181620,8063,445711,1
181620,10120,445711,1
181633,3556,445702,1
181633,3556,445735,1
181633,6343,445761,1
181633,7905,445760,1
181636,1142,445700,1
181675,9256,445710,1
181703,4639,445712,1
181716,2548,445758,1
181716,4762,445758,1
181716,5161,445758,1
181716,5863,445758,1
181716,7495,445758,1
181751,847,445701,1
181754,3638,445734,1
181754,11386,445734,1
181755,1324,445690,1
181755,2739,445690,1
181755,9608,445690,1
181757,154,445698,1
181767,9286,445706,1
181782,4762,445707,1
181782,5197,445707,1
181782,8062,445707,1
181783,2809,445706,1
181793,154,445689,1
181793,1164,445689,1
181793,4639,445689,1
181793,6784,445689,1
181793,7132,445689,1
181793,8062,445689,1
181793,8791,445689,1
181793,9138,445689,1
181797,154,445704,1
181800,2809,445735,1
181800,3536,445735,1
181800,8023,445735,1
181802,9376,445712,1
181805,1257,445696,1
181805,4483,445696,1
181805,5119,445696,1
181805,5566,445696,1
181805,6784,445696,1
181805,7132,445696,1
181805,7335,445696,1
181805,10567,445696,1
181816,2161,445698,1
181816,2302,445698,1
181831,1164,445718,1
181840,2809,445698,1
181843,9979,445717,1
181854,7228,445692,1
181856,2096,445696,1
181856,6281,445696,1
181856,6938,445696,1
181876,9138,445691,1
181879,361,445697,1
181879,10673,445697,1
181894,154,445711,1
181895,124,445759,1
181904,4639,445706,1
181904,8016,445706,1
181904,10120,445706,1
181907,4403,445715,1
181907,8748,445715,1
181907,8961,445715,1
181909,635,445701,1
181911,695,445741,1
181918,4639,445700,1
181920,5419,445709,1
181930,10101,445691,1
181947,1316,445690,1
181947,6784,445690,1
181947,7132,445690,1
181957,3032,445713,1
181957,7707,445713,1
181966,6932,445707,1
181975,722,445696,1
181975,5534,445696,1
181975,6488,445696,1
181984,2552,445715,1
181984,7679,445715,1
181990,4639,445710,1
181993,839,445692,1
182003,185,445710,1
182003,2809,445710,1
182004,154,445716,1
182004,154,445742,1
182013,1649,445713,1
182013,8686,445713,1
182024,722,445696,1
182024,3638,445696,1
182024,3728,445696,1
182024,7132,445696,1
182033,773,445700,1
182033,6367,445700,1
182045,1316,445761,1
182050,3871,445699,1
182066,154,445692,1
182066,7887,445692,1
182066,8204,445692,1
182076,154,445711,1
182076,310,445711,1
182076,722,445711,1
182076,3401,445711,1
182076,3728,445711,1
182076,6488,445711,1
182076,6810,445711,1
182089,154,445691,1
182094,722,445691,1
182094,3025,445714,1
182094,3401,445691,1
182094,9262,445691,1
182094,9262,445714,1
182107,1142,445716,1
182107,1142,445718,1
182107,5474,445716,1
182107,5474,445718,1
182107,6121,445716,1
182107,6121,445718,1
182107,6332,445718,1
182107,6784,445716,1
182107,6784,445718,1
182107,8046,445718,1
182107,10761,445716,1
182107,10761,445718,1
182114,124,445735,1
182114,2809,445735,1
182114,5858,445735,1
182114,6514,445735,1
182114,11386,445735,1
182117,6350,445758,1
182127,154,445703,1
182127,154,445710,1
182129,4813,445759,1
182140,9304,445690,1
182152,284,445689,1
182152,882,445689,1
182152,4639,445689,1
182152,7569,445689,1
182160,713,445742,1
182165,5858,445698,1
182165,9513,445698,1
182178,154,445695,1
182184,10759,445692,1
182189,4639,445690,1
182190,6230,445715,1
182223,6920,445691,1
182223,11233,445691,1
182225,846,445699,1
182238,6215,445742,1
182238,10743,445742,1
182260,2213,445712,1
182260,10692,445712,1
182273,722,445691,1
182273,1853,445691,1
182295,154,445714,1
182295,2809,445714,1
182304,1185,445711,1
182304,2809,445711,1
182307,154,445736,1
182307,5465,445736,1
182313,1142,445707,1
182313,3813,445707,1
182313,4280,445707,1
182313,5445,445707,1
182313,5689,445707,1
182313,8417,445707,2
182313,10248,445707,1
182314,57,445712,1
182314,9262,445712,1
182322,1029,445705,1
182323,2809,445718,1
182342,154,445694,1
182342,4762,445694,1
182342,7780,445694,1
182351,1399,445708,1
182351,1880,445708,1
182351,1887,445708,1
182351,2346,445708,1
182351,9262,445708,1
182360,3401,445691,1
182360,8791,445691,1
182360,9138,445691,1
182368,7944,445693,1
182409,3020,445693,1
182418,8062,445693,1
182429,10661,445693,1
182433,1911,445699,1
182433,6010,445699,1
182448,9138,445690,1
182460,2809,445759,1
182467,7013,445699,1
182467,9262,445699,1
182478,717,445712,1
182492,1316,445703,1
182492,8016,445703,1
182498,9490,445717,1
182528,4639,445711,1
182536,154,445690,1
182540,1381,445691,1
182548,682,445760,1
182548,4762,445760,1
182548,5003,445760,1
182548,5150,445760,1
182548,5197,445760,1
182548,8418,445760,1
182568,4434,445703,1
182568,8237,445703,1
182575,154,445698,1
182577,5420,445707,1
182580,9083,445700,1
182581,9262,445707,1
182604,3728,445718,1
182604,8062,445718,1
182609,2302,445700,1
182609,3076,445700,1
182609,3871,445700,1
182609,4027,445700,1
182610,154,445701,1
182610,340,445701,1
182610,2783,445701,1
182610,8063,445701,1
182610,9138,445701,1
182610,10743,445701,1
182615,4762,445705,1
182615,4986,445705,1
182644,154,445696,1
182646,3401,445716,1
182646,9262,445716,1
182650,1534,445706,1
182650,6019,445706,1
182650,6260,445706,1
182650,6296,445706,1
182667,3401,445690,1
182667,9262,445690,1
182667,9262,445718,1
182676,5784,445690,1
182676,9860,445690,1
182679,10426,445701,1
182713,154,445709,1
182713,3076,445709,1
182717,1246,445708,1
182737,8799,445698,1
182746,154,445689,1
182746,1537,445689,1
182746,3401,445689,1
182746,8062,445689,1
182746,9262,445689,1
182756,4027,445692,1
182756,9262,445692,1
182763,6514,445696,1
182763,6784,445696,1
182767,2809,445704,1
182767,5400,445704,1
182767,7736,445704,1
182777,2302,445699,2
182777,9688,445699,2
182780,10195,445717,1
182789,4639,445700,1
182789,9158,445700,1
182790,8276,445758,1
182802,3728,445699,1
182803,9083,445735,1
182814,1164,445760,1
182814,1649,445760,1
182814,4813,445760,1
182814,7473,445760,1
182814,8220,445760,1
182829,1172,445691,1
182829,4509,445691,1
182829,6116,445691,1
182829,8824,445691,1
182834,1005,445703,1
182834,1649,445703,1
182834,2672,445703,1
182834,2809,445703,2
182834,5858,445703,1
182835,5674,445703,1
182849,7132,445698,1
182870,722,445742,1
182870,7433,445742,1
182889,154,445691,1
182889,6938,445691,1
182889,9262,445691,1
182892,3511,445692,1
182900,1316,445707,1
182900,2445,445707,1
182900,3728,445707,1
182900,6784,445707,1
182900,8062,445707,1
182900,9262,445707,2
182924,405,445710,1
182924,2445,445710,1
182924,6784,445710,1
182953,1649,445716,1
182953,3728,445716,1
182953,8220,445716,1
182953,10120,445716,1
182964,10678,445713,1
182975,698,445711,1
182975,10044,445711,1
182977,4989,445714,1
182982,102,445760,1
182987,2445,445736,1
182987,5465,445736,1
182987,6784,445736,1
182993,4639,445700,1
182993,11386,445700,1
182997,6818,445700,1
183002,6566,445714,1
183003,5442,445694,1
183003,5837,445694,1
183003,9624,445694,1
183003,10919,445694,1
183005,1142,445692,1
183005,1194,445692,1
183005,1529,445692,1
183005,8163,445692,1
183005,9274,445692,1
183005,9326,445692,1
183005,10691,445692,1
183019,5465,445715,1
183037,1316,445693,1
183037,8062,445693,1
183065,154,445691,1
183065,1210,445691,1
183065,4813,445691,1
183065,9262,445691,1
183116,5254,445735,1
183117,1814,445706,1
183117,6810,445706,1
183124,57,445690,1
183124,8062,445690,1
183124,8063,445690,1
183143,1094,445706,1
183159,1094,445760,1
183177,95,445710,1
183177,1142,445710,1
183177,7518,445710,1
183177,7569,445710,1
183180,8696,445701,1
183213,7345,445742,1
183213,10529,445742,1
183218,5011,445760,1
183222,211,445690,1
183222,722,445690,1
183224,8016,445703,1
183233,4200,445760,1
183233,6271,445758,1
183233,6784,445760,1
183244,722,445702,1
183244,2426,445702,1
183244,6995,445702,1
183244,7403,445702,1
183264,8062,445689,1
183283,2327,445706,1
183285,3102,445700,1
183307,305,445717,1
183311,6810,445710,1
183311,10529,445710,1
183321,154,445736,1
183321,6845,445761,1
183321,9262,445736,1
183321,10114,445761,1
183324,8122,445702,1
183329,2809,445694,1
183329,3342,445694,1
183329,4207,445694,1
183329,4762,445694,1
183329,5412,445694,1
183329,5858,445694,1
183329,8538,445694,1
183329,9023,445694,1
183329,10195,445694,1
183340,790,445741,1
183340,1578,445741,1
183340,5819,445741,1
183340,9286,445741,1
183340,10743,445741,1
183366,2077,445704,1
183366,7969,445704,1
183374,9138,445705,1
183383,1257,445693,1
183383,2548,445693,1
183383,4639,445693,1
183383,7956,445693,1
183403,185,445693,1
183403,1258,445714,1
183403,2809,445693,1
183403,2809,445714,1
183403,8148,445714,1
183403,9262,445693,1
183405,1857,445760,1
183428,9262,445741,1
183436,1560,445717,1
183436,2608,445717,1
183436,5084,445717,1
183436,8729,445717,1
183438,7803,445700,1
183444,722,445690,1
183444,1142,445690,1
183444,2096,445690,1
183444,8686,445690,1
183444,8868,445690,1
183444,9262,445690,1
183444,10390,445690,1
183469,10263,445707,1
183481,1880,445718,1
183500,9138,445695,1
183502,8978,445695,1
183509,10120,445700,1
183511,7576,445698,1
183534,8566,445697,1
183543,9138,445691,1
183562,154,445692,1
183579,10195,445691,1
183586,1094,445701,1
183587,10074,445712,1
183591,10463,445696,1
183603,4989,445761,1
183616,1925,445714,1
183616,3188,445714,1
183616,4639,445714,1
183626,3110,445761,1
183636,387,445692,1
183636,1574,445692,1
183659,9262,445703,1
183659,10538,445703,1
183666,3401,445760,1
183666,6514,445760,1
183666,9262,445760,1
183680,4682,445760,1
183680,5857,445760,1
183680,6267,445760,1
183680,7694,445760,1
183680,8517,445760,1
183680,9673,445760,1
183680,10336,445760,1
183696,3728,445717,1
183696,4813,445717,1
183696,9262,445717,1
183696,10120,445717,1
183719,6920,445714,1
183722,7143,445718,1
183730,6367,445712,1
183737,4762,445707,1
183748,154,445718,1
183758,8015,445760,1
183783,4639,445706,1
183783,10295,445706,1
183788,1373,445693,1
183788,2077,445693,1
183788,8219,445693,1
183788,9262,445693,1
183788,10333,445693,1
183794,1115,445706,1
183794,3905,445706,1
183801,150,445701,1
183801,3401,445701,1
183801,5011,445701,1
183801,9262,445701,1
183801,11386,445701,1
183817,154,445705,1
183817,3769,445705,1
183817,5566,445705,1
183817,6784,445705,1
183817,9579,445705,1
183821,7724,445713,1
183825,4639,445741,1
183841,8220,445758,1
183855,1880,445711,3
183855,1880,445759,1
183869,7880,445712,1
183882,2863,445692,1
183882,5324,445692,1
183882,5529,445692,1
183882,5735,445692,1
183882,8264,445692,1
183882,9262,445692,3
183882,11386,445692,1
183891,3401,445711,1
183891,4232,445711,1
183891,8062,445711,1
183891,9262,445711,1
183902,3631,445707,3
183902,3631,445708,1
183903,154,445716,1
183908,4762,445703,1
183908,7132,445703,1
183909,6938,445689,1
183909,9289,445689,1
183924,4639,445693,1
183924,9103,445693,1
183933,102,445735,1
183933,154,445700,1
183933,154,445708,1
183933,154,445735,1
183933,1662,445708,1
183933,2542,445700,1
183933,3620,445700,1
183933,7130,445708,1
183933,10920,445700,1
183942,4125,445703,1
183949,310,445700,1
183972,6350,445691,1
183972,6458,445691,1
183977,10120,445705,1
183979,154,445718,1
183989,405,445703,1
183992,4762,445706,1
183992,8681,445706,1
183994,154,445706,1
183994,722,445706,1
183994,4639,445706,1
183994,6683,445706,1
183994,10120,445706,1
184012,7754,445700,1
184019,895,445760,1
184019,1649,445760,1
184019,3815,445760,1
184019,5011,445760,1
184019,6784,445760,1
184019,8220,445760,1
184033,10395,445698,1
184063,5755,445705,1
184063,7518,445705,1
184063,9262,445705,1
184078,1649,445735,1
184078,4186,445735,1
184083,3460,445691,1
184083,4639,445691,1
184083,6702,445691,1
184109,1142,445691,1
184109,2096,445691,1
184109,2716,445691,1
184109,6073,445691,1
184121,8062,445702,1
184127,10186,445734,1
184149,2809,445702,1
184160,548,445761,1
184160,849,445761,2
184160,3039,445761,1
184160,3855,445761,2
184160,3980,445761,1
184160,5192,445761,1
184160,5496,445761,1
184160,7631,445761,1
184160,7712,445761,1
184160,7831,445761,1
184160,8833,445761,1
184160,9923,445761,1
184160,10860,445761,1
184160,10895,445761,2
184177,3401,445690,1
184177,4639,445690,1
184177,5292,445690,1
184177,8791,445690,1
184177,9262,445690,1
184185,5425,445691,1
184186,4343,445692,2
184186,8812,445718,1
184232,124,445735,1
184232,1164,445735,1
184232,1316,445735,1
184232,1649,445735,1
184232,3080,445735,1
184232,3401,445735,1
184232,4749,445735,1
184232,5094,445735,1
184232,5465,445735,1
184232,6784,445735,1
184232,8062,445735,1
184232,8625,445735,1
184232,9262,445735,1
184232,10529,445735,1
184232,11386,445735,1
184245,4434,445711,1
184245,7630,445711,1
184247,1649,445760,1
184247,7473,445760,1
184247,9083,445760,1
184252,9349,445761,1
184253,7940,445742,1
184262,2096,445709,1
184262,10635,445709,1
184264,10661,445692,1
184267,9897,445706,1
184274,141,445700,1
184277,154,445708,1
184287,10120,445735,1
184289,4639,445711,1
184289,9262,445711,1
184289,11187,445711,1
184295,4656,445690,1
184304,2716,445714,1
184304,11370,445714,1
184314,722,445713,1
184314,9262,445713,1
184317,944,445741,1
184317,2852,445694,1
184334,1910,445716,1
184334,3728,445716,1
184334,5094,445716,1
184346,154,445695,1
184346,2990,445716,1
184346,3401,445695,1
184346,3401,445711,1
184346,3401,445716,1
184346,3401,445760,1
184346,3728,445716,1
184346,6627,445716,1
184346,6985,445716,1
184346,6995,445695,1
184346,7013,445711,1
184346,7754,445760,1
184346,8220,445760,1
184346,9262,445711,1
184346,9262,445716,1
184346,9262,445760,1
184346,9784,445711,1
184346,10120,445711,1
184346,11386,445711,1
184346,11386,445760,1
184350,8170,445714,1
184358,4639,445700,1
184366,154,445691,1
184366,1164,445691,1
184366,4639,445691,1
184366,6784,445691,1
184366,7132,445691,1
184366,8062,445691,1
184366,8791,445691,1
184366,9138,445691,2
184367,4639,445708,1
184372,7085,445691,1
184393,1062,445702,1
184393,2445,445702,1
184393,2672,445702,1
184393,3401,445702,1
184393,4639,445702,1
184393,6488,445702,1
184393,8566,445702,1
184393,9262,445702,1
184393,10129,445702,1
184393,10353,445702,1
184400,6514,445703,1
184408,722,445700,1
184408,4171,445700,1
184408,4755,445700,1
184408,8016,445700,1
184408,8681,445700,1
184408,9855,445700,1
184418,10408,445760,1
184420,5094,445761,1
184424,5858,445690,1
184427,372,445692,1
184427,421,445692,1
184427,1236,445692,1
184427,1244,445692,1
184427,1701,445692,1
184427,2683,445692,1
184427,3287,445692,1
184427,4033,445692,1
184427,4051,445692,1
184427,4316,445692,1
184427,5158,445692,1
184427,5805,445692,1
184427,6223,445692,1
184427,6463,445692,1
184427,6647,445692,1
184427,7464,445692,1
184427,8208,445692,1
184427,8514,445692,1
184427,10206,445692,1
184427,10964,445692,1
184427,11213,445692,1
184427,11322,445692,1
184427,11388,445692,1
184436,210,445761,1
184436,3401,445761,1
184436,3871,445761,1
184436,4423,445761,1
184436,6514,445761,1
184436,9262,445761,1
184508,7582,445696,1
184513,310,445699,1
184521,405,445707,1
184521,3401,445707,1
184521,3895,445707,1
184521,4639,445707,1
184521,5396,445707,1
184521,5513,445707,1
184521,9262,445707,1
184553,7276,445713,1
184561,2562,445704,1
184561,9262,445704,1
184596,1126,445691,1
184596,4762,445691,1
184602,1649,445704,1
184602,4639,445704,1
184617,154,445709,1
184618,6784,445692,2
184618,8062,445692,1
184618,8177,445692,1
184618,8686,445692,1
184618,9138,445692,1
184624,6235,445696,1
184625,2809,445703,1
184625,6881,445703,1
184662,1986,445713,1
184669,1537,445690,1
184669,4852,445690,1
184669,9262,445690,1
184676,6938,445707,1
184676,8016,445707,1
184677,8062,445705,1
184686,5145,445698,1
184686,10160,445698,1
184686,10331,445698,1
184687,10999,445759,1
184695,432,445761,1
184695,437,445761,1
184695,693,445761,1
184695,735,445761,1
184695,1057,445761,1
184695,1244,445761,1
184695,1801,445761,1
184695,2240,445761,1
184695,2796,445761,1
184695,3295,445761,1
184695,3593,445761,1
184695,4344,445761,1
184695,5193,445761,1
184695,5197,445761,1
184695,5805,445761,1
184695,6077,445761,1
184695,7132,445761,1
184695,7948,445761,1
184695,8007,445761,1
184695,8514,445761,1
184695,8531,445761,1
184695,9262,445761,1
184695,10516,445761,1
184695,10964,445761,1
184695,11217,445761,1
184716,7158,445692,1
184720,8367,445699,1
184722,10120,445736,1
184725,154,445689,1
184725,154,445690,1
184725,154,445691,1
184725,1164,445689,1
184725,1164,445690,1
184725,1164,445691,1
184725,4639,445689,1
184725,4639,445690,1
184725,4639,445691,1
184725,6784,445689,1
184725,6784,445690,1
184725,6784,445691,1
184725,7132,445689,1
184725,7132,445690,1
184725,7132,445691,1
184725,8062,445689,1
184725,8062,445690,1
184725,8062,445691,1
184725,8791,445689,1
184725,8791,445690,1
184725,8791,445691,1
184725,9138,445689,1
184725,9138,445690,1
184725,9138,445691,1
184743,3638,445692,1
184743,8062,445692,1
184744,4163,445697,1
184752,6688,445710,1
184796,9262,445715,1
184798,1986,445760,1
184798,7394,445760,1
184811,2533,445706,1
184823,8016,445694,1
184824,11059,445693,1
184827,8021,445713,1
184838,3076,445710,1
184838,8063,445710,1
184840,8250,445692,1
184845,9276,445699,1
184858,2579,445689,1
184858,3401,445689,1
184858,9262,445689,1
184862,185,445705,1
184862,2809,445705,1
184862,3188,445705,1
184863,8791,445700,1
184869,124,445759,1
184869,3518,445761,1
184869,8712,445695,1
184869,8712,445714,2
184869,9490,445761,1
184871,310,445699,1
184871,3188,445699,1
184871,3728,445699,1
184876,4278,445759,1
184886,10516,445695,1
184888,154,445717,1
184888,614,445717,1
184888,2780,445717,1
184888,4938,445717,1
184888,8712,445717,1
184888,10295,445717,1
184929,2302,445704,1
184929,9721,445704,1
184929,10915,445704,1
184938,5243,445705,1
184995,10248,445689,1
185002,10120,445707,1
185004,2302,445709,2
185006,2096,445734,1
185017,2913,445718,1
185024,3265,445716,1
185041,10743,445708,1
185046,722,445696,1
185050,4432,445710,1
185052,154,445708,1
185061,11386,445700,1
185065,2064,445689,1
185065,4639,445689,1
185065,8791,445689,1
185075,2302,445693,1
185075,4762,445693,1
185094,6938,445702,1
185094,8016,445702,1
185094,10529,445702,1
185135,6784,445716,1
185135,9103,445716,1
185135,10120,445716,1
185154,154,445698,1
185161,1516,445760,1
185161,6455,445690,2
185163,722,445714,1
185163,4523,445714,1
185165,9262,445711,1
185181,1956,445692,1
185249,722,445711,1
185249,3085,445711,1
185249,6963,445711,1
185249,9982,445711,1
185257,5418,445698,1
185257,9262,445698,1
185259,154,445697,1
185271,3638,445696,1
185271,4864,445696,1
185271,7132,445696,1
185271,9262,445696,1
185309,491,445760,1
185309,1515,445760,1
185309,1856,445760,1
185309,2017,445760,1
185309,2226,445760,1
185309,3401,445760,1
185309,3456,445760,1
185309,3858,445760,1
185309,4813,445760,1
185309,4854,445760,1
185309,5011,445760,1
185309,6019,445760,1
185309,6092,445760,1
185309,9262,445760,1
185309,10702,445760,1
185309,11191,445760,1
185336,2100,445700,1
185336,5400,445700,1
185336,6535,445700,1
185336,10333,445700,1
185343,1094,445710,1
185358,9141,445714,1
185359,154,445716,1
185367,124,445760,1
185367,8062,445760,1
185373,3342,445713,1
185373,3342,445759,1
185376,3728,445718,1
185376,5501,445718,1
185376,10661,445718,1
185383,55,445707,1
185385,4989,445706,1
185386,154,445692,1
185387,11258,445697,1
185411,3985,445699,1
185413,3401,445701,1
185413,4762,445701,1
185413,8016,445701,1
185413,9262,445701,1
185413,11386,445701,1
185415,154,445736,1
185415,1530,445736,1
185415,4762,445736,1
185415,5465,445736,1
185415,6948,445736,1
185419,5465,445715,1
185422,7602,445700,1
185422,11386,445700,1
185424,6364,445693,1
185444,7332,445698,1
185463,4989,445705,1
185466,10001,445699,1
185472,3773,445689,1
185472,8415,445689,1
185482,2096,445698,1
185484,4141,445702,1
185484,7902,445702,1
185484,8334,445702,1
185484,9336,445702,1
185484,10020,445702,1
185492,932,445708,1
185492,6189,445704,1
185492,9292,445704,1
185492,10743,445708,1
185498,722,445712,1
185498,1316,445712,1
185498,3477,445712,1
185498,9138,445712,1
185498,10120,445712,1
185502,611,445760,1
185502,6899,445760,1
185502,9552,445760,1
185505,485,445759,1
185505,2962,445759,1
185505,3558,445759,1
185505,3728,445759,1
185505,3951,445759,1
185505,4639,445759,1
185505,5335,445759,1
185505,5484,445759,1
185505,5913,445759,1
185505,6588,445759,1
185505,6862,445759,1
185505,7421,445759,1
185505,7909,445759,1
185505,8085,445759,1
185505,8469,445759,1
185505,9262,445759,1
185505,9740,445759,1
185505,10021,445759,1
185505,10120,445759,1
185505,10545,445759,1
185505,10717,445759,1
185505,11373,445759,1
185509,3728,445692,1
185535,9513,445697,1
185537,8062,445734,1
185547,286,445691,1
185547,286,445702,1
185547,777,445691,1
185547,3149,445691,1
185547,4007,445691,1
185547,4062,445691,1
185547,4699,445691,1
185547,4699,445702,1
185547,5302,445702,1
185547,5680,445702,1
185547,7803,445702,1
185547,8630,445702,1
185547,9925,445691,1
185547,9925,445702,1
185569,2905,445711,1
185569,3438,445711,1
185570,5187,445716,1
185574,4762,445742,1
185574,4778,445742,1
185594,485,445706,1
185594,1384,445706,1
185594,4639,445706,1
185594,8917,445706,1
185594,10020,445706,1
185594,10120,445706,1
185596,3342,445689,1
185596,8791,445689,1
185602,1649,445736,1
185603,7013,445698,1
185603,7398,445698,1
185605,8963,445702,1
185621,7439,445689,1
185623,154,445693,1
185628,5011,445761,1
185631,11386,445709,1
185638,3728,445700,1
185648,2509,445710,1
185652,7569,445712,1
185663,1649,445741,1
185663,7013,445741,1
185666,722,445711,1
185666,3076,445711,1
185666,4639,445711,1
185666,8016,445711,1
185667,154,445692,1
185667,3998,445692,1
185667,6535,445692,1
185675,7732,445761,1
185703,3704,445760,1
185703,4762,445760,1
185703,5197,445760,1
185703,5863,445760,1
185703,6410,445760,1
185710,10020,445698,1
185711,8062,445696,1
185740,4762,445760,1
185747,3076,445698,1
185747,3871,445698,1
185747,9262,445698,1
185747,10939,445698,1
185772,8955,445692,1
185772,9485,445692,1
185789,4639,445716,1
185789,8900,445716,1
185799,7492,445699,1
185800,3638,445700,1
185812,2445,445736,1
185812,6682,445736,1
185812,6784,445736,1
185814,4762,445759,1
185814,10209,445759,1
185826,9373,445735,1
185833,1087,445706,1
185836,3342,445695,1
185836,8063,445695,1
185870,5465,445714,1
185871,2040,445734,1
185871,2809,445734,1
185871,3382,445734,1
185871,5400,445734,1
185871,5681,445734,1
185871,5858,445734,1
185871,6938,445734,1
185871,8897,445734,1
185871,9505,445734,1
185876,4812,445689,1
185881,2548,445741,1
185881,7518,445741,1
185881,10648,445741,1
185891,1537,445698,1
185891,2064,445698,1
185891,4639,445698,1
185893,5474,445703,1
185901,4495,445694,1
185901,5011,445761,1
185901,8062,445761,1
185902,154,445711,1
185902,716,445711,1
185902,716,445717,1
185902,4639,445704,1
185902,4639,445717,1
185902,9138,445714,1
185904,9286,445711,2
185907,6784,445693,1
185907,8016,445693,1
185922,1672,445736,1
185922,8184,445736,1
185930,485,445741,1
185930,2302,445741,1
185930,8062,445741,1
185930,9262,445741,1
185937,4072,445703,1
185937,9457,445703,1
185959,10527,445710,1
185976,1537,445689,1
185976,3401,445689,1
185976,8686,445689,1
185976,8791,445689,1
185978,9124,445691,1
185981,377,445714,1
185981,1123,445718,1
185981,2240,445718,1
185981,3401,445718,1
185981,3584,445714,1
185981,3600,445714,1
185981,3619,445714,1
185981,3969,445714,1
185981,4652,445714,1
185981,4786,445714,1
185981,6019,445714,1
185981,6964,445714,1
185981,8063,445718,1
185981,8450,445714,1
185981,8718,445714,2
185981,8933,445714,1
185981,9022,445714,1
185981,9262,445714,1
185981,9262,445718,1
185981,10116,445714,1
185981,10120,445718,1
185981,10129,445718,1
185981,10516,445718,1
185981,11402,445714,1
185983,310,445692,1
186003,7085,445761,1
186003,7482,445761,1
186008,1814,445712,1
186008,8426,445712,1
186034,2303,445707,1
186034,8016,445707,1
186034,10316,445707,1
186044,3638,445713,1
186044,4762,445713,1
186047,6784,445696,1
186051,6784,445712,1
186051,8016,445712,1
186057,5159,445718,1
186076,1281,445735,1
186076,6635,445735,1
186076,6898,445735,1
186076,8337,445735,1
186076,8366,445735,1
186081,1115,445760,1
186081,2269,445760,1
186081,9268,445760,1
186087,40,445759,1
186110,221,445699,1
186110,3238,445699,1
186110,4639,445699,1
186115,405,445718,1
186116,154,445707,1
186127,11011,445703,1
186146,1537,445690,1
186146,4639,445690,1
186146,8062,445690,1
186149,11099,445691,1
186159,4639,445701,1
186160,964,445698,1
186160,2928,445698,1
186160,6514,445698,1
186160,9262,445698,1
186160,10020,445698,1
186175,605,445734,1
186175,10851,445734,1
186228,3924,445735,1
186235,1185,445691,1
186257,1649,445758,1
186257,2096,445694,1
186257,8220,445758,1
186269,9318,445691,1
186271,10873,445707,1
186274,7013,445700,1
186276,4222,445696,1
186300,4639,445696,1
186300,10120,445696,1
186300,11386,445696,1
186307,154,445689,1
186309,154,445760,1
186309,185,445760,1
186309,9262,445760,1
186309,10692,445760,1
186314,6019,445691,1
186314,9262,445691,1
186333,9262,445742,1
186336,5154,445718,1
186336,8045,445718,1
186347,7862,445758,1
186356,1920,445735,1
186356,8062,445735,1
186356,9547,445735,1
186388,2548,445711,1
186388,9262,445711,1
186407,728,445761,1
186407,3313,445761,1
186407,3882,445761,1
186407,4593,445735,1
186407,5059,445735,1
186407,6273,445735,1
186407,6325,445735,1
186407,9111,445735,1
186407,9262,445735,1
186409,6212,445689,1
186411,7484,445692,1
186417,3212,445716,1
186421,6458,445736,1
186458,154,445703,1
186461,4762,445742,1
186475,10120,445708,1
186476,11011,445758,2
186477,1316,445710,1
186477,4639,445710,1
186477,10001,445710,1
186477,10120,445710,1
186478,1999,445759,1
186478,2213,445759,1
186478,8220,445759,1
186481,1257,445707,1
186481,3401,445707,1
186481,5566,445707,1
186481,9262,445707,1
186493,1630,445742,1
186493,2809,445742,1
186493,4318,445742,1
186493,8170,445742,1
186494,8491,445703,1
186494,9038,445703,1
186494,9262,445703,1
186537,5079,445713,1
186558,7997,445696,1
186561,3488,445700,1
186562,154,445703,1
186562,1039,445703,1
186565,2964,445695,1
186565,9262,445695,1
186580,154,445698,1
186582,8791,445690,1
186590,5501,445706,1
186594,2096,445702,1
186618,3638,445701,1
186618,6235,445701,1
186632,5780,445715,1
186650,154,445706,1
186650,1537,445706,1
186650,2740,445706,1
186650,3401,445706,1
186650,4352,445706,1
186650,7569,445706,1
186650,8681,445706,1
186650,8791,445706,1
186650,9262,445706,1
186650,10083,445706,1
186650,11386,445706,1
186651,405,445707,1
186651,5513,445707,1
186651,7013,445707,1
186671,9262,445711,1
186671,10406,445711,1
186689,443,445694,1
186719,11386,445734,1
186735,9262,445712,1
186751,5094,445715,1
186754,589,445694,1
186758,669,445698,1
186758,1595,445698,1
186758,5858,445698,1
186785,8016,445703,1
186821,154,445736,1
186821,5521,445736,1
186821,7569,445736,1
186839,405,445759,1
186839,3880,445759,1
186839,11071,445759,1
186841,7860,445708,1
186842,1164,445711,1
186842,2161,445711,1
186842,5465,445711,1
186842,5513,445711,1
186842,6514,445711,1
186842,9138,445711,1
186849,5730,445735,1
186852,7862,445735,1
186852,8177,445735,1
186852,9334,445735,1
186882,154,445704,1
186882,2705,445704,1
186882,3401,445704,1
186882,10743,445704,1
186882,11167,445704,1
186890,10224,445761,1
186893,2328,445695,1
186896,964,445691,1
186896,1320,445691,1
186896,9262,445691,1
186902,10864,445718,1
186919,8062,445715,1
186920,8497,445711,1
186927,7398,445692,1
186937,1396,445694,1
186937,3544,445694,1
186937,3871,445694,1
186937,5094,445694,1
186937,6995,445694,1
186937,8062,445694,1
186937,10248,445694,1
186965,154,445742,1
186965,6938,445742,1
186969,2963,445707,1
186969,3766,445707,1
186969,3816,445707,1
186969,5710,445707,1
186969,7539,445707,1
186969,7718,445707,1
186969,11011,445707,1
187002,6938,445703,1
187021,393,445690,1
187046,5465,445709,1
187046,8062,445709,1
187067,1164,445710,1
187067,6810,445710,1
187068,6908,445703,1
187068,10314,445703,1
187095,3838,445742,1
187099,10395,445704,1
187112,3206,445694,1
187112,4172,445694,1
187112,4762,445694,1
187112,6260,445694,1
187112,6684,445694,1
187112,7461,445694,1
187112,8063,445694,1
187112,9949,445694,1
187112,11241,445694,1
187130,9262,445712,1
187167,224,445701,1
187167,8062,445701,1
187169,3401,445692,1
187169,8353,445692,1
187175,9579,445715,1
187179,6514,445700,1
187184,11386,445735,1
187211,154,445692,1
187211,8791,445692,1
187211,9262,445692,1
187218,154,445713,1
187231,5420,445761,1
187233,6784,445690,1
187233,7132,445690,1
187233,7956,445690,1
187233,9138,445690,1
187233,9774,445690,1
187256,722,445689,1
187256,4480,445689,1
187271,9579,445716,1
187273,5619,445711,1
187297,154,445735,1
187305,8791,445714,1
187305,10120,445714,1
187321,6458,445707,1
187331,154,445701,1
187331,959,445701,1
187331,6749,445701,1
187374,1001,445699,1
187374,8819,445699,1
187379,3127,445761,1
187380,4762,445705,1
187380,4940,445710,1
187380,5975,445710,1
187380,7562,445710,1
187380,7956,445705,1
187390,1938,445707,1
187390,2652,445707,1
187390,3154,445707,1
187390,3373,445706,1
187390,3373,445707,1
187390,3373,445758,1
187390,3382,445707,1
187390,3869,445707,1
187390,5409,445707,1
187390,5793,445707,1
187390,8873,445706,1
187390,8873,445707,1
187390,8873,445758,1
187390,9047,445707,1
187409,9374,445717,1
187410,3401,445709,1
187410,9262,445709,1
187430,1880,445760,1
187430,4171,445760,1
187430,6367,445760,1
187432,5155,445734,1
187432,8591,445734,1
187439,3850,445703,1
187440,6023,445692,1
187440,11034,445692,1
187461,4639,445709,1
187470,8062,445709,1
187532,634,445702,1
187552,2532,445710,1
187555,2469,445689,3
187555,4120,445689,3
187555,7080,445689,3
187555,7966,445689,3
187555,8820,445689,3
187555,8925,445689,3
187555,11012,445689,3
187556,3638,445692,1
187576,124,445715,1
187576,860,445715,1
187576,1124,445715,1
187576,8254,445715,1
187577,154,445695,1
187577,8016,445695,1
187577,9839,445695,1
187585,5445,445734,1
187590,2722,445697,1
187595,8220,445714,1
187596,8849,445700,1
187618,2716,445693,1
187637,5465,445736,1
187637,8062,445696,1
187637,8062,445736,1
187658,1198,445759,1
187658,6321,445759,1
187658,6949,445759,1
187658,10927,445759,1
187671,5562,445707,1
187704,4639,445758,1
187705,1142,445689,1
187705,2112,445689,1
187705,10333,445689,1
187705,11167,445689,1
187715,2247,445718,1
187727,2640,445735,1
187727,4808,445735,1
187748,695,445742,1
187748,10695,445742,1
187777,4639,445695,1
187784,2504,445705,1
187789,3815,445761,1
187791,3107,445696,1
187791,11158,445696,1
187793,8170,445700,1
187813,6471,445716,1
187813,7583,445716,1
187822,3342,445706,1
187822,4751,445706,1
187822,5480,445706,1
187846,3270,445696,1
187846,4770,445696,1
187846,5285,445696,1
187846,7888,445696,1
187846,8300,445696,1
187864,11187,445703,1
187879,1880,445702,1
187879,2445,445702,1
187879,3728,445702,1
187879,6784,445702,1
187893,154,445691,1
187897,154,445717,1
187897,7569,445705,1
187897,10120,445717,1
187899,8852,445694,1
187903,1880,445694,1
187903,9547,445694,1
187907,1316,445714,1
187912,154,445694,1
187923,5396,445697,1
187939,3463,445698,1
187939,8309,445698,1
187947,1179,445761,1
187947,3134,445761,1
187955,154,445690,1
187955,4639,445690,1
187955,4813,445760,1
187955,5011,445760,1
187955,6535,445690,1
187955,9262,445690,1
187955,9262,445760,1
187964,3440,445691,1
187964,3440,445692,1
187964,4222,445734,1
187964,6235,445691,1
187964,6235,445692,1
187964,6235,445734,1
187976,7757,445735,1
187977,3771,445698,1
187982,4639,445696,1
187982,8791,445696,1
187983,2716,445712,1
187983,5870,445712,1
187983,6842,445712,1
188012,6514,445697,1
188012,8791,445697,1
188056,154,445690,1
188077,5348,445717,1
188082,154,445698,1
188114,8593,445702,1
188123,11386,445710,1
188153,823,445717,1
188153,1219,445717,1
188153,1468,445717,1
188153,3155,445717,1
188153,5046,445717,1
188153,9262,445717,1
188167,1880,445712,1
188167,2096,445712,1
188167,3477,445712,1
188167,3734,445712,1
188173,9262,445760,1
188183,154,445699,1
188198,154,445695,1
188198,405,445695,1
188198,722,445695,1
188198,4639,445695,1
188198,9138,445695,1
188198,9262,445695,1
188201,6535,445695,1
188213,7918,445761,1
188224,722,445760,1
188227,8062,445707,1
188230,9262,445714,1
188231,1194,445718,1
188245,8016,445703,1
188253,154,445692,1
188282,10692,445736,1
188290,9372,445718,1
188302,3141,445717,1
188302,9490,445717,1
188303,91,445735,1
188303,7547,445735,1
188338,5490,445712,1
188338,6235,445712,1
188338,9138,445692,1
188338,9262,445692,1
188338,9262,445712,1
188361,927,445694,1
188361,6259,445694,1
188362,3871,445714,1
188362,9262,445714,1
188362,10120,445714,1
188366,10120,445716,1
188370,4762,445696,1
188377,3090,445709,1
188377,6868,445709,1
188383,154,445718,1
188386,3401,445711,1
188394,154,445693,1
188394,3401,445693,1
188394,4639,445693,1
188394,8016,445693,1
188394,9262,445693,1
188411,6742,445705,1
188419,2809,445701,1
188419,4639,445701,1
188431,4639,445693,1
188450,883,445698,1
188468,1262,445716,1
188469,1228,445735,1
188469,2594,445735,1
188469,9835,445735,1
188476,2649,445691,1
188476,2934,445691,1
188476,3679,445691,1
188476,3832,445691,1
188476,6784,445691,1
188482,4639,445711,1
188489,218,445709,1
188489,6013,445709,1
188489,9138,445709,1
188489,10248,445709,1
188497,1194,445735,1
188497,1880,445735,1
188497,2384,445735,1
188497,3079,445735,1
188497,4418,445735,1
188497,7132,445735,1
188497,7525,445735,1
188497,8074,445735,1
188497,8284,445735,1
188497,8541,445735,1
188497,9386,445735,1
188497,9812,445735,1
188497,10333,445735,1
188497,10761,445735,1
188502,7132,445758,1
188502,9262,445758,2
188532,5858,445691,1
188532,10692,445691,1
188541,9138,445690,1
188549,8016,445701,1
188549,9276,445701,1
188553,9811,445701,1
188555,5420,445695,1
188555,5846,445695,1
188555,9920,445695,1
188561,9262,445701,1
188568,1910,445710,1
188568,4762,445710,1
188569,4344,445761,1
188569,7132,445761,1
188569,9262,445761,1
188587,1896,445709,1
188587,3076,445709,1
188593,3871,445707,1
188593,4154,445707,1
188593,4434,445707,1
188604,4989,445734,1
188605,3188,445714,1
188607,5023,445696,1
188620,2079,445706,1
188626,469,445718,1
188629,8062,445759,1
188639,3401,445708,1
188639,6235,445708,1
188648,2064,445695,1
188648,4344,445695,1
188648,4639,445695,1
188648,7429,445695,1
188648,7569,445695,1
188654,5858,445702,1
188660,5072,445761,1
188664,4531,445695,1
188664,4639,445695,1
188664,4639,445700,1
188664,4975,445695,1
188664,6019,445695,1
188664,9262,445695,1
188664,9262,445697,1
188664,9262,445700,1
188664,9268,445695,1
188667,7157,445736,1
188673,722,445689,1
188673,2628,445689,1
188673,4639,445689,1
188678,154,445716,1
188678,454,445716,1
188678,1204,445716,1
188678,2331,445716,1
188678,2340,445716,1
188678,3820,445716,1
188678,4639,445716,1
188678,6019,445716,1
188678,6217,445716,1
188678,6784,445716,1
188678,7134,445716,1
188678,7548,445716,1
188678,8163,445716,1
188678,9123,445716,1
188678,11093,445716,1
188678,11131,445716,1
188679,2911,445713,1
188679,4755,445713,1
188679,5474,445713,1
188679,6784,445713,1
188679,7132,445713,1
188679,8016,445713,1
188679,8686,445713,1
188679,9262,445713,1
188679,11386,445713,1
188681,4639,445714,1
188692,3342,445706,1
188702,1728,445700,1
188706,4608,445760,1
188710,7855,445703,1
188712,154,445759,1
188715,958,445717,1
188715,2036,445717,1
188715,7630,445717,1
188715,8109,445717,1
188721,652,445701,1
188721,1401,445701,1
188721,4319,445701,1
188721,6698,445701,1
188721,7885,445701,1
188721,10174,445701,1
188721,10773,445701,1
188721,10969,445701,1
188724,10342,445701,1
188740,1649,445702,1
188753,2237,445759,1
188759,1649,445734,1
188759,10500,445734,1
188765,1080,445689,1
188770,9083,445705,1
188774,1498,445698,1
188774,2692,445698,1
188774,3401,445698,1
188774,4639,445698,1
188774,9262,445698,1
188774,9529,445698,1
188774,10333,445698,1
188774,10692,445698,1
188804,9613,445718,1
188805,3401,445690,1
188805,3728,445690,1
188805,4639,445690,1
188805,9262,445690,1
188806,6514,445692,1
188823,3734,445698,1
188823,7398,445698,1
188823,8754,445698,1
188823,11386,445698,1
188825,4762,445689,1
188825,9138,445689,1
188831,1308,445689,1
188836,1316,445699,1
188844,6019,445706,1
188844,6097,445706,1
188844,6260,445706,1
188844,6784,445706,1
188844,11223,445706,1
188851,8220,445758,1
188861,154,445714,1
188867,7333,445692,1
188867,7750,445692,1
188867,7866,445692,1
188873,4023,445698,1
188873,4054,445698,1
188873,4639,445698,1
188880,4175,445711,1
188880,6370,445711,1
188880,7504,445711,1
188882,722,445718,2
188882,9262,445718,2
188883,10529,445696,1
188886,327,445712,1
188886,2328,445712,1
188886,2647,445712,1
188886,2987,445712,1
188886,3078,445712,1
188886,3625,445712,1
188886,4344,445712,1
188889,6019,445698,1
188891,154,445692,1
188891,332,445692,1
188891,4639,445692,1
188891,5863,445692,1
188891,7080,445692,1
188891,9262,445692,1
188894,4460,445735,1
188925,2871,445714,1
188925,11167,445714,1
188948,3401,445741,1
188948,3544,445741,1
188948,4270,445741,1
188948,4702,445741,1
188948,5314,445741,1
188948,5576,445741,1
188948,9262,445741,1
188948,9631,445741,1
188948,11200,445741,1
188952,286,445742,1
188952,1316,445742,1
188952,2809,445742,1
188952,3401,445742,1
188952,4639,445742,1
188952,4735,445742,1
188952,8681,445742,1
188952,9262,445742,1
188952,10001,445742,1
188952,10248,445742,1
188955,1368,445735,1
188955,2307,445760,1
188955,2386,445735,1
188955,9262,445760,1
188976,154,445716,1
188976,722,445716,1
188976,4563,445716,1
188977,154,445691,1
188977,2096,445691,1
188980,11107,445704,1
189000,2809,445697,1
189000,8916,445697,1
189013,3815,445760,1
189013,6845,445760,1
189018,1022,445717,1
189076,3401,445702,1
189076,4762,445702,1
189076,8062,445702,1
189088,10120,445710,1
189112,2224,445715,1
189112,3533,445715,1
189112,3608,445715,1
189112,7276,445715,1
189112,8727,445715,1
189112,9518,445715,1
189112,10480,445715,1
189134,1917,445695,1
189140,154,445692,1
189148,3174,445689,1
189148,3401,445689,1
189148,4639,445689,1
189148,9262,445689,1
189157,5839,445711,1
189157,6260,445711,1
189157,9262,445711,1
189163,154,445695,1
189163,4639,445695,1
189179,3638,445708,1
189179,8016,445708,1
189179,9250,445708,1
189210,2809,445701,1
189224,4639,445690,1
189236,4639,445691,1
189248,4480,445689,1
189252,4014,445716,1
189252,4434,445716,1
189252,5420,445716,1
189252,6019,445716,1
189252,8718,445716,1
189252,9262,445716,1
189252,9488,445716,1
189255,405,445742,1
189255,2809,445742,1
189255,6784,445742,1
189265,154,445735,1
189265,4344,445735,1
189265,10120,445735,1
189270,10086,445702,1
189279,4627,445705,1
189279,5300,445705,1
189279,8164,445705,1
189280,4539,445691,1
189311,4639,445703,1
189314,4639,445692,1
189314,8791,445692,1
189314,9138,445692,1
189330,1880,445711,3
189343,6784,445700,1
189359,9674,445734,1
189359,10150,445734,1
189370,2509,445707,1
189370,5074,445707,1
189370,5094,445707,1
189370,5465,445707,1
189370,9932,445707,1
189373,4639,445700,1
189374,8062,445710,1
189374,9262,445710,1
189375,5925,445715,1
189382,4639,445709,1
189387,8016,445703,1
189402,154,445693,1
189402,7148,445693,1
189417,5858,445735,1
189418,9262,445709,3
189419,3076,445706,1
189419,9262,445706,1
189424,4639,445689,1
189424,7569,445689,1
189440,405,445708,1
189446,7362,445736,1
189447,3118,445701,1
189448,7013,445742,1
189461,1690,445734,1
189461,2723,445734,1
189461,3140,445734,1
189461,6420,445734,1
189472,154,445689,1
189507,154,445689,1
189518,1649,445736,1
189518,3969,445736,1
189518,9097,445736,1
189518,9262,445736,1
189539,4751,445704,1
189549,2443,445699,1
189549,8566,445699,1
189560,154,445736,1
189560,7569,445736,1
189560,8990,445736,1
189560,9262,445736,1
189563,10120,445715,1
189565,6784,445703,1
189594,405,445735,2
189594,2302,445735,1
189594,10527,445735,1
189602,4345,445703,1
189602,7509,445703,1
189602,8885,445703,1
189602,10096,445703,1
189609,2161,445735,2
189624,1768,445714,1
189626,9326,445707,1
189638,1986,445717,1
189641,2553,445734,1
189641,2553,445759,1
189641,8825,445734,1
189641,8825,445759,1
189643,2397,445698,1
189647,4639,445761,1
189661,3342,445761,1
189674,3819,445715,1
189699,2161,445736,1
189699,3401,445692,1
189699,4639,445692,1
189699,9262,445692,1
189699,10120,445736,1
189703,2096,445711,1
189706,8668,445715,1
189706,9613,445715,1
189721,3401,445689,1
189721,7569,445689,1
189721,7956,445689,1
189721,8062,445689,1
189721,9262,445689,1
189722,4762,445761,1
189722,8220,445761,1
189722,8566,445761,1
189728,8062,445691,1
189733,8712,445702,1
189740,8062,445710,1
189759,9682,445715,1
189759,10120,445715,1
189760,9262,445689,2
189760,9262,445692,1
189761,9082,445734,1
189763,735,445699,1
189763,1880,445705,1
189763,7735,445705,1
189763,9262,445705,1
189769,9108,445759,1
189774,154,445707,1
189792,4847,445713,1
189795,4639,445690,1
189795,7251,445690,1
189799,154,445742,1
189813,4762,445758,1
189844,8062,445706,1
189844,9262,445706,1
189875,405,445707,1
189881,722,445758,1
189882,9262,445699,1
189886,6042,445735,1
189892,154,445700,1
189892,3728,445700,1
189892,4639,445700,1
189892,8062,445700,1
189892,8791,445689,1
189901,6335,445701,1
189904,2302,445698,1
189911,5125,445742,1
189921,154,445736,1
189921,10120,445736,1
189944,5403,445701,1
189944,6938,445701,1
189956,1396,445705,1
189983,6627,445705,1
189983,7862,445705,1
189986,3401,445694,1
189986,4639,445694,1
189986,8145,445694,1
189986,9262,445694,1
189986,9451,445694,1
189986,10567,445694,1
189987,8062,445689,1
189987,9262,445689,1
189992,181,445717,2
189992,2856,445717,1
189992,5989,445717,1
189992,8625,445717,1
189992,10591,445717,1
189992,10702,445717,1
189999,7754,445710,1
190012,3401,445735,1
190016,3750,445701,1
190016,8062,445701,1
190025,154,445735,1
190031,2915,445709,1
190034,4639,445701,1
190034,4762,445701,1
190034,5197,445701,1
190039,154,445717,1
190045,4639,445698,1
190045,7656,445698,1
190107,9212,445689,1
190113,3723,445717,1
190135,722,445735,1
190135,4762,445735,1
190146,6818,445700,1
190146,10743,445700,1
190163,1649,445714,1
190163,2809,445714,1
190163,3750,445714,1
190163,4639,445714,1
190163,4762,445714,1
190163,9202,445714,1
190163,10120,445714,1
190163,10692,445714,1
190163,11209,445714,1
190171,6833,445742,1
190171,8802,445742,1
190189,154,445700,1
190194,11292,445761,1
190197,3514,445761,1
190197,3815,445761,1
190197,8062,445761,1
190197,10248,445761,1
190198,9138,445695,1
190201,10681,445692,1
190212,722,445689,1
190212,4639,445689,1
190212,11386,445689,1
190215,4989,445716,1
190217,3342,445690,1
190217,8791,445690,1
190227,4508,445708,1
190227,4639,445708,1
190227,6784,445708,1
190227,9569,445708,1
190234,1631,445704,1
190234,1880,445704,1
190251,1720,445759,1
190251,2096,445759,1
190251,7275,445759,1
190252,154,445705,1
190271,7326,445761,1
190271,8174,445761,1
190272,6319,445760,1
190272,6871,445760,1
190276,405,445708,1
190284,4639,445691,1
190299,9138,445694,1
190326,1537,445691,1
190341,154,445718,1
190341,3728,445718,1
190341,4344,445718,1
190341,6734,445718,1
190341,8791,445718,1
190341,9262,445718,1
190341,11351,445718,1
190345,7924,445692,1
190352,4639,445702,1
190366,1430,445702,1
190366,1555,445702,1
190366,1997,445702,1
190366,3967,445702,1
190366,4405,445702,1
190366,5981,445702,1
190366,8874,445702,1
190386,3401,445693,1
190386,4751,445693,1
190386,6535,445693,1
190397,3871,445700,1
190398,4639,445704,1
190407,9262,445689,1
190424,2096,445700,1
190424,5269,445700,1
190424,5474,445700,1
190424,7826,445700,1
190424,10248,445700,1
190434,713,445698,1
190434,1044,445698,1
190434,1816,445698,1
190434,1876,445698,1
190434,2157,445698,1
190434,2320,445698,1
190434,3401,445698,1
190434,4373,445698,1
190434,5566,445698,1
190434,8409,445698,1
190434,9262,445698,1
190438,310,445707,1
190438,3401,445707,1
190438,3638,445707,1
190438,3728,445707,1
190438,4639,445707,1
190438,6514,445707,1
190438,8120,445707,1
190438,9262,445707,1
190438,10120,445707,1
190446,722,445694,1
190450,154,445701,1
190450,6535,445701,1
190462,185,445695,1
190462,3188,445695,1
190462,5858,445695,1
190462,6938,445695,1
190464,1316,445711,1
190464,3728,445711,1
190464,5465,445711,1
190464,9262,445711,1
190475,8016,445698,1
190477,8016,445696,1
190485,2809,445700,1
190485,4762,445700,1
190489,10120,445713,1
190507,5465,445709,1
190513,7419,445758,1
190513,9262,445758,1
190521,5217,445736,1
190521,6170,445736,1
190524,3061,445714,1
190526,1967,445760,1
190526,9060,445760,1
190545,1194,445691,1
190545,4241,445691,1
190545,4344,445691,1
190545,4639,445691,1
190547,5011,445760,1
190547,5223,445760,1
190547,10209,445736,1
190554,4639,445760,1
190554,5011,445760,1
190554,9797,445760,1
190554,11386,445760,1
190578,1649,445761,1
190578,1815,445761,1
190578,5197,445761,1
190599,9262,445735,1
190612,5095,445758,2
190612,8544,445758,1
190612,8877,445758,1
190613,185,445693,1
190613,450,445693,1
190613,2096,445714,1
190613,4762,445693,1
190613,10113,445714,2
190613,11228,445693,1
190618,8825,445761,1
190621,6775,445717,1
190621,8681,445717,1
190621,9536,445717,1
190627,2180,445698,1
190634,9326,445692,1
190669,3638,445713,1
190686,7057,445759,1
190691,7094,445698,1
190691,9326,445698,1
190715,2096,445699,1
190719,5011,445760,1
190733,1115,445700,1
190748,3728,445707,1
190748,5465,445707,1
190750,218,445710,1
190750,1316,445710,1
190750,3401,445710,1
190750,4639,445710,1
190750,5465,445710,1
190750,7937,445710,1
190750,8062,445710,1
190750,9262,445710,1
190750,10120,445710,1
190750,10761,445710,1
190752,2302,445689,1
190752,3401,445689,2
190752,3871,445689,1
190752,4027,445689,1
190752,8062,445689,1
190752,8791,445689,1
190752,9262,445689,1
190752,10248,445689,1
190752,10527,445689,1
190760,4726,445710,1
190760,4894,445710,1
190786,3041,445699,1
190786,6700,445699,1
190787,6660,445714,1
190790,4222,445699,1
190790,9001,445699,1
190840,154,445711,1
190843,9083,445712,1
190843,9262,445712,1
190843,9271,445712,1
190856,124,445717,1
190856,7428,445717,1
190868,9138,445693,1
190869,154,445695,1
190869,8016,445695,1
190875,7167,445735,1
190886,310,445697,1
190886,1316,445697,1
190886,3029,445697,1
190886,3224,445697,1
190886,6235,445697,1
190886,7467,445697,1
190886,8062,445697,1
190886,9138,445697,1
190896,635,445692,1
190896,757,445692,1
190896,2809,445692,1
190896,6784,445692,1
190896,6995,445692,1
190906,722,445694,1
190906,2096,445694,1
190906,10195,445694,1
190907,917,445706,1
190907,2096,445706,1
190911,185,445710,1
190911,1316,445710,1
190911,8062,445710,1
190912,3815,445758,1
190912,10248,445758,1
190917,2809,445718,1
190920,1649,445736,1
190920,5858,445736,1
190920,9138,445736,1
190946,7907,445741,1
190952,3303,445742,1
190952,7682,445742,1
190997,975,445736,1
190997,3166,445736,1
190997,5984,445736,1
190997,6260,445736,1
190997,9097,445736,1
191012,9723,445700,1
191049,7381,445707,1
191049,10094,445707,1
191058,154,445691,1
191058,722,445691,1
191058,3401,445691,1
191058,9138,445691,1
191068,5197,445696,1
191068,9083,445696,1
191068,10914,445696,1
191068,11386,445696,1
191094,5829,445716,1
191117,3025,445706,1
191117,7922,445706,1
191121,9444,445703,1
191127,6235,445758,1
191127,7064,445758,1
191166,2161,445707,1
191178,9318,445698,1
191186,9083,445712,1
191203,154,445703,1
191214,4639,445696,1
191218,2594,445714,1
191218,9262,445714,1
191218,9846,445712,1
191240,6885,445690,1
191249,154,445702,1
191249,7132,445702,1
191249,9262,445702,1
191249,10333,445702,1
191258,702,445761,1
191258,1758,445761,1
191258,2735,445761,1
191258,2742,445761,1
191258,4762,445761,1
191258,5225,445761,1
191258,6088,445761,1
191258,6175,445761,1
191258,7363,445761,1
191258,8106,445761,1
191258,8342,445761,1
191258,8970,445761,1
191258,9003,445761,1
191258,9768,445761,1
191258,9866,445761,1
191258,10516,445761,1
191258,11345,445761,1
191267,8538,445703,1
191267,10120,445703,1
191286,4639,445702,1
191286,10120,445702,1
191290,9580,445693,1
191291,3401,445690,1
191298,646,445715,1
191298,1664,445715,1
191298,2919,445715,1
191298,4764,445715,1
191298,5155,445715,1
191298,6019,445715,1
191298,6293,445715,1
191298,6296,445715,1
191298,6784,445715,1
191298,9210,445715,1
191298,10031,445715,1
191305,1234,445760,1
191327,730,445694,1
191327,7433,445694,1
191327,8170,445694,1
191329,154,445734,1
191329,154,445735,1
191329,606,445735,1
191329,10120,445735,1
191358,2166,445718,1
191358,4636,445718,1
191373,2809,445708,1
191380,11386,445716,1
191389,5681,445694,1
191389,5914,445694,1
191389,9481,445694,1
191389,10692,445694,1
191394,980,445716,1
191401,3820,445707,1
191401,10136,445707,1
191404,91,445691,1
191404,10606,445691,1
191415,154,445691,1
191415,8062,445691,1
191416,154,445698,1
191434,8791,445700,1
191440,3377,445696,1
191440,5862,445718,1
191442,9536,445715,1
191443,2096,445711,1
191453,10681,445735,1
191460,154,445718,1
191460,9694,445718,1
191460,11386,445718,1
191468,1373,445700,1
191468,6784,445700,1
191472,7427,445735,1
191472,9237,445735,1
191472,9588,445735,1
191502,895,445696,1
191543,9262,445718,1
191592,619,445705,1
191592,4639,445705,1
191592,6535,445705,1
191592,9579,445705,1
191593,2906,445761,1
191593,9262,445761,1
191600,10455,445713,1
191603,1243,445696,1
191611,569,445702,1
191611,2060,445702,1
191616,722,445718,1
191616,6235,445718,1
191616,7971,445718,1
191616,8016,445718,1
191616,10112,445718,1
191624,2809,445710,1
191640,7465,445691,1
191640,9138,445691,1
191652,4639,445710,1
191652,9262,445710,1
191652,9868,445710,1
191654,895,445714,1
191654,5425,445714,1
191654,6273,445690,1
191654,6475,445714,1
191654,7599,445714,1
191657,693,445700,1
191657,3401,445700,1
191657,9262,445700,1
191670,4471,445713,1
191680,500,445742,1
191686,835,445707,1
191686,9404,445707,1
191686,10527,445707,1
191687,1316,445710,1
191687,4639,445710,1
191687,8062,445710,1
191687,10120,445710,1
191695,9771,445698,2
191697,405,445708,1
191697,3728,445708,1
191697,6535,445708,1
191697,10120,445708,1
191698,847,445715,1
191698,11386,445715,1
191701,7569,445693,1
191704,77,445698,1
191704,732,445698,1
191704,1194,445698,1
191704,2484,445698,1
191704,3301,445698,1
191704,3719,445698,1
191704,4099,445698,1
191704,5111,445698,1
191704,6053,445698,1
191704,6687,445698,1
191704,7014,445698,1
191704,7324,445698,1
191704,7470,445698,1
191704,7866,445698,1
191704,8573,445698,1
191704,8617,445698,1
191704,9581,445698,1
191704,10292,445698,1
191704,11009,445698,1
191708,9262,445742,1
191720,9262,445718,1
191739,2067,445718,1
191739,5465,445718,1
191749,5858,445698,1
191772,777,445699,1
191772,3401,445699,1
191772,4344,445699,1
191802,1435,445759,1
191802,1676,445759,1
191802,1847,445708,1
191802,4813,445759,1
191802,10120,445708,1
191803,8062,445735,1
191811,4639,445761,1
191811,5976,445761,1
191820,7784,445736,1
191820,11254,445736,1
191830,8147,445691,1
191832,2250,445689,1
191832,8062,445689,1
191832,8177,445689,2
191832,8791,445689,1
191839,1316,445709,1
191839,3638,445707,1
191839,5094,445760,1
191839,9138,445693,1
191847,2302,445715,1
191854,7956,445690,1
191855,154,445700,1
191858,4639,445708,1
191858,6978,445708,1
191858,7569,445708,1
191861,1649,445735,1
191861,8220,445735,1
191861,9262,445735,1
191869,1316,445697,1
191869,1649,445703,1
191869,2111,445703,1
191869,3638,445703,1
191869,4639,445697,1
191869,5465,445703,1
191869,9138,445697,1
191870,5782,445713,1
191870,5934,445713,1
191870,8088,445713,1
191870,10572,445713,1
191913,5167,445702,1
191913,6000,445702,1
191913,7509,445702,1
191930,10573,445718,1
191931,1142,445690,1
191931,4762,445690,1
191931,5300,445690,1
191935,6795,445696,1
191935,9634,445696,1
192012,8697,445690,1
192013,11386,445708,1
192019,4639,445716,1
192031,2096,445694,1
192042,1649,445734,1
192042,4344,445734,1
192042,10120,445734,1
192069,154,445698,1
192069,7642,445716,1
192076,154,445713,1
192079,4639,445692,1
192083,3643,445735,1
192090,8712,445715,1
192098,1613,445707,1
192098,6029,445707,1
192098,7340,445707,1
192098,7791,445707,1
192098,8447,445707,1
192102,3401,445692,1
192102,8791,445692,1
192102,9138,445692,1
192102,9262,445692,1
192105,1334,445700,1
192105,3191,445700,1
192105,8448,445700,1
192105,10614,445700,1
192108,4318,445708,2
192122,10120,445709,1
192146,36,445717,1
192156,5514,445705,1
192160,4639,445689,1
192166,405,445700,1
192166,3401,445700,1
192166,3638,445700,1
192166,3871,445700,1
192166,9262,445700,1
192166,10771,445700,1
192167,4639,445701,1
192186,9766,445716,1
192195,154,445708,1
192195,5858,445708,1
192197,2096,445716,1
192197,4706,445716,1
192197,7459,445716,1
192197,9262,445716,1
192203,2096,445717,1
192203,7398,445717,1
192207,9103,445742,1
192234,5905,445742,1
192234,10086,445742,1
192253,5465,445711,1
192255,10682,445700,1
192261,11372,445758,2
192270,4639,445691,1
192270,9138,445691,1
192304,185,445718,1
192314,9138,445711,1
192332,6458,445735,1
192338,4385,445760,1
192338,6784,445760,1
192338,9262,445712,1
192348,10334,445692,1
192357,4639,445695,1
192359,1396,445711,1
192359,3401,445711,1
192359,3728,445711,1
192359,4222,445711,1
192359,4489,445711,1
192359,4531,445711,1
192359,4639,445711,1
192359,7165,445711,1
192359,9138,445711,1
192359,9262,445711,1
192359,9588,445711,1
192359,9821,445711,1
192359,10120,445711,1
192359,10602,445711,1
192364,8062,445698,1
192365,1649,445716,1
192409,9262,445712,1
192412,1373,445760,1
192412,4762,445703,1
192412,4762,445760,1
192412,5425,445703,1
192414,2839,445741,1
192414,10554,445741,1
192439,170,445761,1
192447,9138,445700,1
192456,4639,445701,1
192462,794,445714,1
192462,3401,445714,1
192462,7569,445714,1
192462,9262,445714,1
192504,8791,445692,1
192518,154,445716,1
192518,4639,445716,1
192518,8120,445716,1
192543,46,445693,1
192543,9389,445693,1
192551,2509,445709,1
192552,2970,445716,1
192552,9262,445716,1
192556,722,445706,1
192556,3728,445706,1
192556,4023,445706,1
192558,154,445736,1
192558,1739,445736,1
192558,7569,445736,1
192611,185,445710,1
192619,8062,445707,1
192621,8619,445759,1
192621,10432,445759,1
192636,2548,445710,1
192636,6019,445710,1
192636,9262,445710,1
192639,154,445697,1
192641,310,445697,1
192641,6810,445697,1
192641,9138,445697,2
192641,10390,445697,1
192645,9262,445697,1
192648,10532,445690,1
192650,2302,445700,1
192669,3536,445703,1
192669,8566,445703,1
192682,5858,445690,1
192695,578,445715,1
192695,1537,445689,1
192695,5451,445689,1
192695,5451,445715,1
192695,5858,445689,1
192695,6784,445689,1
192695,6784,445715,1
192695,7094,445689,1
192695,8582,445715,1
192695,8717,445689,1
192695,9262,445689,1
192695,9905,445715,1
192695,10936,445689,1
192699,1194,445760,1
192713,5078,445698,1
192713,8868,445698,1
192713,10224,445698,1
192716,4639,445710,1
192722,340,445702,1
192722,1202,445702,1
192722,1375,445716,1
192722,5885,445716,1
192722,6052,445702,1
192722,10504,445702,1
192725,3136,445742,1
192729,9490,445697,1
192729,11386,445697,1
192731,6674,445704,1
192731,8717,445704,1
192750,752,445700,1
192750,4762,445700,1
192762,2716,445704,1
192762,6538,445704,1
192772,722,445708,1
192772,3076,445708,1
192772,9823,445708,1
192807,2302,445715,1
192807,4639,445715,1
192807,5858,445715,1
192832,8109,445735,1
192841,7167,445735,1
192845,154,445702,1
192848,154,445758,1
192848,1814,445758,1
192848,2564,445758,1
192848,2707,445758,1
192848,9404,445758,1
192848,10743,445758,1
192848,11341,445758,1
192848,11353,445758,1
192857,4762,445691,1
192857,5197,445691,1
192857,6235,445691,1
192857,10739,445691,1
192858,4639,445699,1
192877,6458,445689,1
192917,5094,445735,1
192935,4096,445736,1
192935,4853,445736,1
192965,2809,445703,1
192984,9793,445691,1
192988,722,445689,1
192988,1373,445689,1
192988,3158,445689,1
192988,3401,445689,1
192988,9262,445689,1
192988,11386,445689,1
192994,3638,445699,1
192994,8062,445699,1
193006,3638,445759,1
193013,2445,445708,1
193017,598,445703,1
193017,598,445704,1
193017,598,445708,1
193017,2360,445708,1
193017,4141,445704,1
193017,5194,445708,1
193017,7020,445703,1
193017,7020,445704,1
193017,7020,445708,1
193017,10743,445703,1
193017,10743,445704,1
193017,10743,445708,1
193017,10843,445703,1
193023,3401,445698,1
193023,3728,445698,1
193023,3750,445698,1
193023,4639,445698,1
193023,8791,445698,1
193023,9138,445698,1
193023,9262,445698,1
193025,1649,445759,1
193025,1673,445759,1
193025,8220,445759,1
193025,9613,445759,1
193038,957,445742,1
193045,616,445694,1
193049,154,445707,1
193049,4639,445707,1
193084,5514,445742,1
193093,1649,445760,1
193093,11386,445760,1
193097,10022,445760,1
193098,154,445707,1
193100,154,445718,1
193100,4344,445718,1
193100,7656,445718,1
193105,3401,445758,1
193105,9262,445758,1
193125,405,445691,1
193179,4639,445716,1
193181,154,445742,1
193181,2064,445742,1
193181,5830,445742,1
193181,8220,445742,1
193209,154,445695,1
193209,154,445696,1
193209,154,445698,1
193209,7569,445695,1
193209,7569,445696,1
193209,7569,445698,1
193209,7862,445696,1
193209,8791,445695,1
193209,8791,445696,1
193209,8791,445698,1
193216,2809,445718,1
193219,1194,445710,1
193245,154,445694,1
193247,4639,445701,1
193247,6784,445701,1
193251,2145,445713,1
193251,6784,445713,1
193251,7016,445713,1
193251,7132,445713,1
193251,7725,445713,1
193251,9138,445713,1
193262,2944,445709,1
193262,4929,445709,1
193262,10053,445709,1
193266,1142,445735,1
193278,2953,445760,1
193278,6002,445760,1
193278,9705,445760,1
193283,4639,445715,1
193293,4639,445711,1
193319,1853,445699,1
193320,2809,445699,1
193320,5400,445699,1
193320,8191,445699,1
193320,9103,445699,1
193329,1994,445692,1
193329,2809,445695,1
193333,71,445759,1
193347,1649,445735,1
193347,10354,445735,1
193353,1316,445691,1
193353,3638,445691,1
193353,8062,445691,1
193353,9138,445691,1
193359,2632,445696,1
193363,4639,445695,1
193368,4379,445734,1
193368,10369,445734,1
193369,11386,445705,1
193381,9343,445699,1
193383,724,445714,1
193384,10966,445703,1
193392,5695,445760,1
193392,8062,445759,1
193392,8062,445760,1
193393,3143,445736,1
193393,3401,445736,1
193393,9262,445736,1
193393,9865,445736,1
193394,3728,445708,1
193394,9262,445708,1
193394,9709,445708,1
193395,6784,445759,1
193395,8062,445759,1
193395,8719,445759,1
193404,3877,445692,1
193404,6535,445692,1
193416,154,445703,1
193417,4639,445690,1
193417,9262,445690,1
193417,10910,445690,1
193434,154,445698,1
193434,5498,445698,1
193434,11386,445698,1
193439,310,445698,1
193439,5465,445698,1
193439,8062,445698,1
193447,1094,445702,1
193451,6784,445712,2
193463,722,445759,1
193463,3815,445759,1
193494,8791,445692,1
193499,3818,445760,1
193507,1114,445715,1
193507,6587,445715,1
193507,9621,445715,1
193529,1164,445760,1
193529,4207,445760,1
193529,4762,445760,1
193529,4989,445760,1
193529,5011,445760,1
193529,6488,445760,1
193529,6784,445760,1
193529,7132,445760,1
193529,8220,445760,1
193529,9806,445760,1
193538,8060,445761,1
193546,6127,445701,3
193557,154,445704,1
193557,3885,445704,1
193557,6231,445704,1
193557,6613,445704,1
193569,4639,445712,1
193598,4434,445715,4
193602,7149,445760,1
193608,4639,445693,1
193620,154,445714,1
193620,755,445714,1
193626,1649,445761,1
193633,4171,445742,1
193639,9947,445714,1
193650,6784,445698,1
193650,7132,445698,1
193650,9138,445698,1
193658,2738,445741,1
193663,722,445708,1
193663,10743,445708,1
193670,2981,445691,1
193682,1955,445761,2
193682,3382,445761,2
193682,6248,445761,2
193682,8562,445761,2
193714,1649,445701,1
193714,2213,445701,1
193714,3728,445701,1
193714,8062,445701,1
193714,10692,445701,1
193723,1481,445698,1
193723,3401,445695,1
193723,4762,445695,2
193723,4762,445698,1
193723,7956,445695,1
193735,4737,445692,1
193746,4663,445715,1
193753,199,445741,1
193754,1257,445705,1
193754,4639,445705,1
193758,154,445696,1
193769,11386,445689,1
193833,1803,445735,1
193841,1506,445759,1
193841,4975,445759,1
193841,6260,445759,1
193841,9262,445759,1
193854,9277,445696,1
193856,324,445695,1
193856,2243,445695,1
193856,3007,445695,1
193856,3369,445695,1
193856,7152,445695,1
193856,7431,445695,1
193856,9242,445695,1
193856,11095,445695,1
193859,5465,445734,1
193867,3622,445700,1
193874,4762,445714,1
193875,2809,445716,1
193893,273,445700,1
193893,1535,445700,1
193893,3707,445700,1
193893,6913,445700,1
193893,7185,445700,1
193901,4639,445760,1
193904,102,445690,1
193904,1370,445690,1
193904,7769,445690,1
193904,8007,445690,1
193904,10333,445690,1
193915,2096,445691,1
193915,2096,445701,2
193915,7887,445691,1
193933,8062,445696,1
193943,889,445758,1
193943,11152,445758,1
193971,2809,445691,1
193981,154,445736,1
193981,2096,445736,1
193981,2438,445736,1
193981,10120,445736,1
193986,154,445690,1
193986,3401,445690,1
193986,9262,445690,1
193998,4639,445690,1
194010,1194,445706,1
194010,2605,445706,1
194013,3401,445735,1
194013,9262,445735,1
194013,10527,445735,1
194051,4485,445704,1
194068,722,445718,1
194074,3905,445700,1
194076,3638,445701,1
194076,6235,445701,1
194122,7073,445702,1
194123,896,445758,1
194123,4141,445758,1
194126,8791,445689,1
194131,1164,445735,1
194131,3734,445735,1
194131,11386,445735,1
194172,3009,445694,1
194173,7481,445691,1
194183,5735,445696,1
194183,9490,445698,1
194188,1009,445710,1
194188,1826,445710,1
194196,3905,445735,1
194196,3956,445735,1
194221,4762,445758,1
194221,7473,445758,1
194221,8220,445758,1
194221,10072,445758,1
194228,154,445695,1
194228,6784,445695,1
194228,7132,445695,1
194228,7569,445695,1
194233,154,445718,1
194280,7064,445760,1
194303,9554,445694,1
194304,7979,445709,2
194316,3510,445705,1
194319,10685,445703,1
194360,10284,445698,1
194384,154,445717,1
194384,2809,445717,1
194384,6019,445717,1
194397,154,445718,1
194402,9008,445710,1
194407,154,445705,1
194416,8566,445759,1
194424,4639,445690,1
194424,7569,445690,1
194424,8791,445690,1
194424,11386,445690,1
194434,722,445694,1
194434,8016,445694,1
194434,8062,445694,1
194469,4793,445707,1
194469,4989,445707,1
194469,5400,445707,1
194469,6514,445707,1
194469,10224,445707,1
194477,5858,445691,1
194477,7094,445691,1
194477,8681,445691,1
194486,1396,445713,1
194486,2161,445713,1
194486,3076,445713,1
194496,7939,445700,1
194496,9262,445700,1
194496,10761,445700,1
194496,11100,445700,1
194515,4795,445708,1
194518,6019,445713,1
194523,3019,445759,1
194531,10424,445702,1
194533,1094,445758,1
194535,131,445701,1
194535,3906,445701,1
194535,4026,445701,1
194535,4523,445701,1
194535,6428,445701,1
194535,6562,445701,1
194535,9199,445701,1
194535,11306,445701,1
194537,3928,445699,1
194540,607,445699,1
194540,7697,445699,1
194556,722,445759,1
194556,6488,445759,1
194556,7473,445759,1
194562,9706,445714,1
194565,2809,445696,1
194565,10195,445696,1
194580,722,445708,1
194580,4989,445708,1
194581,2130,445695,2
194583,3638,445693,1
194583,8062,445693,1
194585,3401,445701,1
194585,3750,445701,1
194585,4761,445701,1
194585,8016,445701,1
194585,11386,445701,1
194608,1649,445736,1
194608,1649,445759,1
194608,7013,445759,1
194608,8220,445759,1
194608,10054,445736,1
194608,10120,445736,1
194617,11386,445734,1
194627,2798,445761,1
194627,4639,445761,1
194627,4813,445761,1
194632,4002,445692,1
194644,1108,445736,1
194644,8270,445736,1
194644,8533,445736,1
194645,8519,445710,1
194649,6535,445706,1
194649,10120,445706,1
194654,4762,445695,1
194673,4639,445695,1
194673,4762,445695,1
194673,5197,445695,1
194676,5015,445735,1
194676,5833,445735,1
194689,154,445693,1
194689,154,445736,1
194734,154,445692,1
194740,3136,445696,1
194740,3638,445696,1
194740,8062,445696,1
194740,9138,445696,1
194746,3734,445705,1
194746,4869,445705,1
194746,7068,445705,1
194746,7569,445705,1
194757,8587,445689,1
194768,3240,445716,1
194768,3482,445716,1
194768,4014,445716,1
194768,6784,445716,1
194794,10529,445707,1
194803,6344,445708,1
194805,4639,445689,1
194805,4762,445689,1
194805,7569,445689,1
194812,2936,445718,1
194812,9987,445718,1
194831,310,445711,1
194831,405,445711,1
194831,3401,445711,1
194838,1690,445691,1
194838,3401,445691,1
194838,7132,445691,1
194838,9262,445691,1
194838,11386,445691,1
194844,6423,445711,1
194844,9193,445701,1
194858,1387,445707,1
194873,8603,445741,1
194879,2809,445691,1
194905,154,445690,1
194905,3401,445690,1
194905,4007,445690,1
194905,9262,445690,1
194905,9292,445690,1
194905,10001,445690,1
194915,154,445707,1
194919,154,445699,1
194920,1649,445711,1
194938,608,445711,1
194938,1574,445711,1
194938,2516,445711,1
194938,3401,445711,1
194938,5856,445711,1
194938,8062,445711,1
194938,9262,445711,1
194938,10333,445711,1
194940,154,445690,1
194940,3401,445690,1
194940,4028,445690,1
194940,4639,445690,1
194940,7569,445690,1
194940,9262,445690,1
194940,9645,445690,1
194940,11386,445690,1
194952,9138,445699,1
194960,10459,445718,1
194968,9268,445699,1
194969,2509,445700,1
194969,2509,445705,1
194970,4639,445712,1
194970,10120,445712,1
194970,10248,445712,1
194975,3401,445689,1
194975,4762,445689,1
194975,9138,445689,1
194984,9283,445703,1
194994,1335,445700,1
194999,154,445692,1
195025,821,445717,1
195048,2096,445703,1
195053,722,445692,1
195053,964,445692,1
195053,1425,445692,1
195053,2928,445692,1
195053,3751,445692,1
195053,3908,445692,1
195053,5731,445692,1
195053,8681,445692,1
195057,897,445702,1
195057,7094,445702,1
195079,3638,445714,1
195079,4762,445714,1
195083,8062,445710,1
195111,4639,445715,1
195117,6235,445712,1
195121,9326,445690,2
195133,2809,445701,1
195133,7736,445701,1
195139,4616,445758,1
195155,8717,445689,1
195173,1871,445706,1
195177,2488,445703,1
195177,3638,445703,1
195178,10129,445706,1
195178,10914,445706,1
195194,4813,445734,1
195220,6514,445692,1
195220,9138,445692,1
195233,4986,445712,1
195233,9138,445712,1
195240,722,445707,1
195240,3551,445707,1
195262,5819,445716,1
195262,9634,445716,1
195262,9709,445716,1
195266,10936,445761,1
195273,6019,445695,1
195276,1603,445708,1
195276,1908,445708,1
195276,3706,445708,1
195276,4639,445708,1
195276,5115,445708,1
195276,6784,445708,1
195276,7132,445708,1
195277,4938,445692,1
195277,9262,445692,1
195283,4639,445713,1
195287,154,445690,1
195287,1537,445690,1
195287,4639,445690,1
195287,5094,445690,1
195287,8177,445690,1
195287,8791,445690,1
195289,9377,445700,1
195316,1611,445702,1
195345,5858,445701,1
195345,6938,445701,1
195345,7754,445758,1
195347,203,445708,1
195347,289,445708,1
195347,734,445761,1
195347,903,445705,1
195347,1026,445708,1
195347,1057,445705,1
195347,1413,445761,1
195347,2057,445705,1
195347,2195,445705,1
195347,2204,445761,1
195347,2249,445705,1
195347,2249,445759,1
195347,2251,445705,1
195347,2766,445705,1
195347,2773,445742,1
195347,2810,445708,1
195347,2982,445736,1
195347,3125,445708,1
195347,3239,445759,1
195347,3422,445705,1
195347,3422,445736,1
195347,3782,445705,1
195347,3825,445736,1
195347,3876,445759,1
195347,4108,445761,1
195347,4283,445705,1
195347,4311,445759,1
195347,4389,445736,1
195347,4544,445736,1
195347,4700,445736,1
195347,4937,445705,1
195347,5038,445759,1
195347,5366,445761,1
195347,5464,445736,1
195347,5558,445761,1
195347,5835,445759,1
195347,6174,445742,1
195347,6198,445736,1
195347,6260,445708,1
195347,6520,445708,1
195347,6607,445761,1
195347,6654,445705,1
195347,6654,445742,1
195347,6909,445759,1
195347,6939,445761,1
195347,7032,445736,1
195347,7170,445705,1
195347,7176,445759,1
195347,7211,445705,1
195347,7222,445705,1
195347,7334,445759,1
195347,7376,445761,1
195347,7396,445705,1
195347,7472,445742,1
195347,7513,445759,1
195347,7780,445736,1
195347,7963,445705,1
195347,8100,445705,1
195347,8346,445708,1
195347,8464,445705,1
195347,8559,445708,1
195347,8738,445742,1
195347,8838,445759,1
195347,8944,445708,1
195347,8981,445759,1
195347,9073,445708,1
195347,9097,445708,1
195347,9156,445736,1
195347,9252,445761,1
195347,9270,445742,1
195347,9348,445708,1
195347,9441,445742,1
195347,9499,445705,1
195347,9708,445742,1
195347,9805,445742,1
195347,9841,445705,1
195347,9870,445759,1
195347,9873,445742,1
195347,9951,445742,1
195347,9984,445761,1
195347,9995,445705,1
195347,10177,445705,1
195347,10239,445705,1
195347,10430,445742,1
195347,10453,445705,1
195347,10640,445708,1
195347,10921,445736,1
195347,11076,445708,1
195370,195,445760,1
195370,1880,445760,2
195370,4096,445760,2
195370,5419,445760,2
195370,9262,445760,2
195370,9292,445760,2
195379,722,445700,1
195379,1115,445700,1
195379,10743,445700,1
195387,4813,445715,1
195388,1877,445698,1
195389,6165,445706,1
195389,7803,445706,1
195406,6899,445761,1
195406,9674,445761,1
195406,10114,445761,1
195411,124,445758,1
195411,5094,445758,1
195418,57,445761,1
195452,770,445713,1
195470,1649,445712,1
195470,5513,445712,1
195470,7013,445712,1
195470,9579,445712,1
195474,1594,445715,1
195474,2472,445715,1
195474,3871,445715,1
195474,6427,445715,1
195474,6830,445715,1
195474,9262,445715,1
195497,3000,445692,1
195516,1512,445690,1
195537,665,445758,1
195541,10747,445758,1
195551,9424,445692,1
195553,1731,445710,1
195553,8016,445710,1
195553,8593,445710,1
195554,1194,445702,1
195561,1649,445705,1
195561,3401,445705,1
195561,3638,445705,1
195561,3728,445705,1
195561,6235,445705,1
195561,9262,445705,1
195572,5858,445758,1
195587,4007,445691,1
195587,5179,445718,1
195587,8713,445691,1
195594,1649,445735,1
195594,1880,445735,1
195594,7922,445735,1
195594,8220,445735,1
195594,9262,445735,1
195597,4058,445699,1
195597,8538,445698,1
195597,8538,445699,1
195604,2809,445700,1
195615,3401,445736,1
195615,9262,445736,1
195625,3401,445692,1
195625,9138,445692,1
195625,9262,445692,1
195633,1316,445712,1
195633,9262,445712,1
195653,722,445696,1
195668,7013,445760,1
195668,8195,445710,1
195668,8220,445760,1
195668,10635,445710,1
195671,2274,445698,1
195686,2809,445698,1
195686,7094,445698,1
195692,8063,445760,1
195711,2851,445709,1
195717,154,445698,1
195726,6845,445760,1
195747,2302,445718,1
195747,5066,445761,1
195747,9262,445718,1
195747,9262,445761,1
195761,154,445689,1
195761,4344,445689,1
195761,7569,445689,1
195761,8791,445689,1
195768,2096,445761,1
195775,540,445691,1
195775,3401,445691,1
195775,7185,445691,1
195775,9262,445691,1
195790,154,445735,1
195794,154,445700,1
195794,3871,445700,1
195794,5858,445700,1
195807,1316,445705,1
195807,1649,445703,1
195807,1649,445705,1
195807,2509,445705,1
195807,3728,445703,1
195807,3728,445705,1
195807,6784,445703,1
195807,6784,445705,1
195807,7013,445705,1
195807,7132,445703,1
195807,7132,445705,1
195807,7458,445705,1
195807,8616,445705,1
195807,8712,445703,1
195807,8712,445705,1
195807,10044,445705,1
195825,11175,445735,1
195832,4216,445707,1
195844,567,445691,1
195848,1914,445758,1
195850,3871,445692,1
195864,3562,445692,1
195864,7569,445692,1
195873,2509,445713,1
195873,3067,445713,1
195873,7134,445713,1
195873,8622,445713,1
195873,9138,445713,1
195873,10248,445713,1
195873,11238,445713,1
195874,154,445708,1
195874,4344,445708,1
195874,8016,445708,1
195874,10120,445708,1
195878,154,445691,1
195878,722,445691,1
195878,1164,445691,1
195878,1396,445691,1
195878,1537,445691,1
195878,4344,445691,1
195878,4639,445691,1
195878,4989,445713,1
195878,5050,445713,1
195878,5465,445713,1
195878,7569,445691,1
195878,7956,445691,1
195878,8062,445713,1
195878,8791,445691,1
195878,9262,445691,1
195878,9262,445713,1
195882,2302,445715,1
195882,3728,445715,1
195882,4007,445715,1
195882,4639,445715,1
195882,5566,445715,1
195882,9262,445715,1
195882,10120,445715,1
195893,154,445760,1
195893,4762,445760,1
195893,5197,445760,1
195893,7399,445760,1
195893,9158,445760,1
195897,5049,445718,1
195897,6342,445718,1
195897,10830,445718,1
195903,5573,445716,1
195928,957,445742,1
195954,3401,445691,2
195954,7956,445691,2
195954,9262,445691,2
195961,5797,445716,1
195966,4639,445697,1
196000,756,445761,1
196000,3401,445761,1
196000,5011,445761,1
196000,9262,445761,1
196042,4639,445690,1
196045,7681,445708,1
196052,722,445710,1
196059,3729,445714,1
196074,4639,445710,1
196074,9262,445710,1
196074,10120,445710,1
196087,9262,445710,1
196087,9262,445735,1
196091,3069,445716,1
196092,7817,445714,1
196092,9739,445714,1
196092,11260,445714,1
196102,2445,445707,1
196102,5501,445707,1
196102,8062,445707,1
196120,7803,445699,1
196147,154,445691,1
196178,10369,445710,1
196206,8259,445717,1
196217,2809,445700,1
196217,4639,445700,1
196219,1959,445741,1
196219,2944,445741,1
196219,3854,445741,1
196230,6784,445707,1
196230,8016,445707,1
196230,8062,445707,1
196234,5681,445742,1
196236,1649,445713,1
196236,4639,445713,1
196236,10902,445713,1
196244,2096,445761,1
196270,9262,445698,1
196279,2520,445703,1
196279,3820,445703,1
196279,10567,445703,1
196280,5638,445741,1
196280,10129,445741,1
196280,11386,445741,1
196294,124,445761,1
196294,4344,445761,1
196340,7857,445742,1
196346,2809,445689,1
196349,2548,445692,1
196363,2614,445715,1
196363,4552,445715,1
196407,1673,445701,1
196407,4345,445701,1
196407,8220,445701,1
196410,154,445692,1
196412,10788,445706,1
196415,6514,445709,1
196415,7013,445709,1
196420,1631,445691,1
196423,448,445761,1
196436,6019,445715,1
196440,11199,445761,1
196444,154,445712,1
196453,4639,445702,1
196453,8016,445702,1
196453,10120,445702,1
196455,97,445714,1
196455,281,445714,1
196455,656,445714,1
196455,1804,445714,1
196455,2052,445714,1
196455,3517,445714,1
196455,3744,445714,1
196455,6130,445714,1
196455,6437,445714,1
196455,6529,445714,1
196455,6692,445714,1
196455,6790,445714,1
196455,7153,445714,1
196455,7864,445714,1
196455,8232,445714,1
196455,8466,445714,1
196455,8614,445714,1
196455,8814,445714,1
196455,9049,445714,1
196455,9262,445714,1
196455,9538,445714,1
196455,10565,445714,1
196455,10949,445714,1
196455,11281,445714,1
196456,340,445696,1
196456,722,445696,1
196456,9408,445696,1
196466,5858,445708,1
196466,9262,445708,1
196493,218,445742,1
196513,8686,445698,1
196521,5094,445761,1
196522,1103,445760,2
196522,9398,445760,2
196522,11123,445760,1
196543,3401,445690,1
196543,3638,445690,1
196543,7284,445761,1
196543,9138,445690,1
196543,9262,445690,1
196563,8161,445736,1
196571,7451,445694,1
196571,8689,445694,1
196571,10567,445694,1
196591,4639,445695,1
196595,154,445701,1
196595,1537,445701,1
196595,4639,445701,1
196595,8791,445701,1
196595,10120,445701,1
196600,3401,445689,1
196600,3638,445689,1
196600,3638,445690,1
196600,6514,445690,1
196600,8063,445689,1
196600,9262,445689,1
196600,9262,445690,1
196604,1115,445690,1
196604,8681,445690,1
196604,9262,445690,1
196608,8915,445759,1
196609,1316,445717,1
196609,9138,445717,1
196629,405,445760,1
196629,722,445760,1
196629,1634,445760,1
196629,2259,445760,1
196629,3401,445760,1
196629,4027,445760,1
196629,8176,445760,1
196629,8267,445760,1
196629,8465,445760,1
196629,9262,445760,1
196629,9783,445760,1
196637,8094,445696,1
196640,10692,445703,1
196641,4330,445694,1
196641,9262,445691,1
196641,10333,445691,1
196641,10675,445694,1
196659,184,445700,1
196659,1278,445700,1
196659,4989,445700,1
196659,9974,445700,1
196672,6077,445706,1
196672,8279,445706,1
196675,7569,445690,1
196675,8791,445690,1
196682,154,445717,1
196682,4813,445717,1
196685,154,445735,1
196685,286,445697,1
196685,3401,445697,1
196685,4639,445697,1
196685,9262,445697,1
196685,9262,445735,1
196685,10131,445735,1
196685,10284,445697,1
196694,2444,445758,1
196694,9262,445758,1
196704,154,445717,1
196706,2065,445761,1
196706,6019,445761,1
196730,8062,445713,1
196746,5465,445711,1
196800,185,445710,1
196800,8864,445710,1
196809,722,445700,1
196814,3967,445698,1
196814,4344,445698,1
196814,4751,445698,1
196820,1164,445698,1
196822,1093,445710,1
196822,3124,445710,1
196822,3168,445710,1
196822,3173,445710,1
196822,3240,445710,1
196822,3401,445710,1
196822,4198,445710,1
196822,6218,445710,2
196822,7569,445710,1
196822,8085,445710,1
196822,8271,445710,1
196822,9262,445710,1
196822,9740,445710,1
196822,10248,445710,1
196822,11204,445710,1
196822,11235,445710,1
196830,8331,445706,1
196832,2769,445708,1
196833,2809,445696,1
196834,3589,445711,1
196834,10048,445711,1
196850,7866,445701,1
196873,154,445703,1
196879,4445,445700,1
196879,5858,445759,1
196879,8493,445700,1
196879,9424,445761,1
196889,154,445695,1
196902,10729,445696,1
196921,1421,445696,1
196925,2096,445692,1
196935,4790,445701,1
196940,1094,445716,2
196962,4524,445714,1
196965,405,445709,1
196965,2548,445709,1
196965,4762,445709,1
196965,8970,445709,1
196967,154,445691,1
196974,9138,445691,1
196976,8170,445759,1
196977,2096,445709,1
196977,4793,445709,1
197034,154,445759,1
197034,1649,445759,1
197034,6784,445759,1
197034,8062,445759,1
197034,9262,445759,1
197041,4160,445712,1
197045,11386,445736,1
197055,3645,445691,1
197055,9262,445691,1
197058,957,445714,1
197058,3728,445714,1
197058,5214,445714,1
197060,8062,445691,1
197069,2096,445709,1
197070,154,445695,1
197080,405,445711,1
197080,4639,445711,1
197080,10390,445711,1
197092,154,445691,3
197092,1396,445691,2
197092,2302,445691,2
197092,3401,445691,2
197092,3871,445691,2
197092,4639,445691,2
197092,6995,445691,2
197092,7184,445691,1
197092,10284,445691,1
197092,10527,445691,2
197095,1164,445692,1
197095,9262,445692,1
197107,7367,445759,1
197112,2809,445704,1
197136,5465,445713,1
197147,3638,445689,1
197149,154,445708,1
197160,1637,445736,1
197160,3638,445736,1
197160,6784,445736,1
197160,8493,445736,1
197192,6133,445702,12
197193,1316,445705,1
197193,9138,445705,1
197196,2509,445708,1
197196,9138,445708,1
197196,10761,445708,1
197199,6181,445696,1
197215,8689,445707,1
197228,10020,445759,1
197275,5858,445692,1
197275,8062,445692,1
197275,9103,445692,1
197275,9262,445692,1
197279,56,445758,1
197279,575,445758,1
197279,2051,445758,1
197279,2709,445758,1
197279,3123,445758,1
197279,3436,445758,1
197279,4344,445758,1
197279,4494,445758,1
197279,4765,445758,1
197279,6954,445758,1
197279,7035,445758,1
197279,7250,445758,1
197279,8193,445758,1
197279,8269,445758,1
197279,9275,445758,1
197279,11138,445758,1
197292,154,445689,1
197292,722,445689,1
197294,405,445690,1
197300,57,445689,1
197300,4639,445708,1
197300,5898,445689,1
197300,9262,445689,1
197300,9737,445689,1
197314,5566,445713,1
197314,8696,445713,1
197340,2341,445735,1
197344,4498,445735,1
197344,5780,445735,1
197352,4762,445691,1
197352,8314,445691,1
197352,10338,445691,1
197352,10426,445691,1
197353,6488,445715,1
197355,2716,445735,1
197366,1244,445758,1
197366,8207,445758,1
197367,3076,445694,1
197367,3401,445694,1
197367,4007,445694,1
197367,4639,445694,1
197367,9262,445694,1
197374,2378,445704,1
197386,9505,445760,1
197404,11386,445735,1
197420,1556,445691,1
197420,9399,445691,1
197426,3419,445717,1
197426,7421,445717,1
197426,7655,445717,1
197426,11386,445717,1
197431,9262,445708,1
197433,8220,445718,1
197438,7185,445735,1
197453,1420,445690,1
197455,1854,445758,1
197455,7606,445758,1
197466,1396,445717,1
197466,1634,445717,1
197466,1880,445717,1
197466,2302,445717,1
197466,3076,445717,1
197466,3871,445717,1
197466,4027,445717,1
197466,6995,445717,1
197477,185,445705,1
197490,9138,445692,1
197499,405,445708,1
197499,798,445708,1
197499,8388,445708,1
197542,1673,445702,1
197542,4938,445702,1
197542,6659,445702,1
197542,8070,445702,1
197544,10527,445707,1
197544,10527,445710,1
197552,5697,445691,1
197552,5697,445717,1
197552,7160,445715,1
197552,8937,445691,1
197552,8937,445715,1
197552,8937,445717,1
197558,405,445692,1
197569,4243,445690,1
197569,5980,445690,1
197569,9262,445690,1
197573,154,445701,1
197573,722,445701,1
197573,6248,445701,1
197573,9262,445701,1
197586,154,445701,1
197586,9262,445701,1
197601,10325,445705,1
197611,6241,445695,1
197613,154,445716,1
197618,405,445742,1
197618,1754,445742,1
197636,6019,445709,1
197651,10120,445703,1
197688,11187,445693,1
197710,10120,445711,1
197714,814,445736,1
197714,2161,445736,1
197715,674,445694,1
197715,5782,445711,1
197715,8566,445694,1
197715,8695,445694,1
197754,8062,445759,1
197767,3728,445717,1
197771,10195,445717,2
197777,4639,445695,1
197777,6535,445695,1
197777,6784,445695,1
197777,7132,445695,1
197777,8177,445695,1
197777,9138,445695,1
197777,10248,445695,1
197782,6976,445709,1
197789,3820,445760,1
197789,4639,445760,1
197789,9262,445760,1
197824,1649,445705,1
197824,7013,445706,1
197845,1732,445759,1
197845,4852,445759,1
197845,7473,445759,1
197845,8220,445759,1
197850,385,445736,1
197854,154,445703,1
197859,10818,445709,1
197870,722,445712,1
197871,154,445691,2
197871,4567,445691,1
197871,4762,445691,1
197871,5038,445691,1
197871,8139,445691,1
197871,9097,445691,1
197871,9475,445691,1
197871,10507,445691,1
197900,723,445697,1
197900,1253,445697,1
197900,2096,445697,1
197900,4457,445697,1
197900,7328,445697,1
197900,9850,445697,1
197915,9357,445702,1
197918,10529,445700,1
197925,10120,445717,1
197931,4149,445707,1
197931,11386,445707,1
197936,5927,445741,1
197940,1014,445707,1
197940,5858,445707,1
197940,6514,445707,1
197943,4345,445696,1
197945,9326,445708,1
197950,10248,445741,1
197951,3342,445741,1
197951,7956,445741,1
197951,10995,445741,1
197970,154,445692,1
197970,1347,445692,1
197970,1547,445692,1
197970,2935,445692,1
197970,3401,445692,1
197970,3479,445692,1
197970,7636,445692,1
197970,9262,445692,1
197970,9626,445692,1
197980,2445,445706,1
197980,3638,445706,1
197980,4639,445706,1
197980,5513,445706,1
197980,6514,445706,1
197980,6784,445706,1
198007,3235,445707,1
198032,154,445736,1
198032,3401,445736,1
198032,8109,445736,1
198032,9262,445736,1
198038,10496,445703,1
198050,806,445761,1
198050,9135,445761,1
198058,722,445761,1
198058,3401,445761,1
198058,3638,445761,1
198058,11347,445761,1
198059,173,445715,1
198073,4639,445694,1
198083,6514,445700,1
198083,8016,445700,1
198091,8841,445697,1
198100,9322,445718,1
198101,6784,445735,1
198101,8220,445735,1
198101,9271,445735,1
198101,10788,445735,1
198119,3401,445709,1
198119,6019,445709,1
198119,6938,445709,1
198119,9262,445709,1
198133,4639,445690,1
198133,9138,445689,1
198134,8062,445690,1
198148,10570,445714,3
198150,1524,445702,1
198150,9663,445702,1
198150,10310,445702,1
198163,154,445759,1
198163,3429,445759,1
198163,5406,445759,1
198163,11390,445759,1
198191,154,445718,1
198221,4862,445701,1
198232,9110,445691,1
198242,8698,445707,1
198242,8854,445707,1
198242,9326,445707,1
198242,10426,445707,1
198262,1649,445735,1
198262,7013,445735,1
198262,7922,445735,1
198266,6784,445761,1
198272,1649,445702,1
198275,6784,445759,1
198279,7444,445703,1
198287,154,445695,1
198287,2096,445695,1
198296,1649,445706,1
198296,2809,445706,1
198296,3401,445706,1
198296,3728,445706,1
198296,4639,445706,1
198296,6535,445706,1
198296,9262,445706,1
198296,10120,445706,1
198296,10390,445706,1
198301,2041,445717,1
198311,9262,445710,1
198319,2720,445711,2
198319,9832,445711,1
198322,9262,445701,1
198322,11386,445701,1
198334,1164,445717,1
198336,4739,445734,1
198336,6854,445734,1
198340,2110,445706,1
198347,102,445712,1
198347,4639,445712,1
198347,6810,445712,1
198347,8016,445712,1
198347,9262,445712,1
198347,10120,445712,1
198361,154,445694,1
198366,9262,445710,1
198385,154,445690,1
198385,722,445690,1
198385,4793,445690,1
198385,4813,445690,1
198385,4989,445690,1
198385,8791,445690,1
198402,735,445742,1
198402,2521,445742,1
198402,6150,445742,1
198402,6774,445742,1
198402,7132,445742,1
198424,9377,445707,1
198435,4639,445699,1
198438,4639,445711,1
198438,4762,445711,1
198438,5197,445711,1
198438,7042,445711,1
198438,7569,445711,1
198449,3014,445712,1
198453,6273,445703,1
198453,7013,445697,1
198453,7110,445703,1
198453,7398,445703,1
198453,8220,445697,1
198453,8220,445703,1
198453,10883,445703,1
198453,11008,445697,1
198453,11008,445703,1
198464,2330,445705,1
198471,1986,445742,1
198473,3750,445694,1
198473,9138,445694,1
198474,154,445696,1
198474,6097,445696,1
198474,7090,445696,1
198474,8941,445696,1
198474,10235,445696,1
198480,1690,445760,1
198480,2227,445760,1
198480,5197,445760,1
198480,6488,445760,1
198480,6919,445760,1
198480,7108,445760,1
198480,7962,445760,1
198491,9138,445690,1
198504,1,445696,1
198504,154,445696,1
198504,8134,445696,1
198504,8134,445699,1
198504,8146,445696,1
198507,10529,445704,1
198507,10998,445704,1
198518,4817,445717,1
198525,154,445692,1
198525,4639,445710,1
198529,7946,445759,1
198532,2809,445709,1
198532,4639,445709,1
198532,5737,445709,1
198532,10695,445709,1
198545,8062,445707,1
198549,2981,445706,1
198549,2981,445735,1
198549,3871,445706,1
198549,3871,445735,1
198549,6784,445706,1
198549,6784,445735,1
198549,7132,445706,1
198549,7132,445735,1
198549,7991,445706,1
198549,7991,445735,1
198549,10527,445735,1
198588,7509,445703,1
198588,8016,445703,1
198588,10883,445703,1
198595,740,445700,1
198595,11386,445700,1
198611,8717,445694,1
198626,2550,445696,1
198627,1094,445706,1
198631,988,445689,1
198631,2809,445689,1
198631,5858,445689,1
198644,11411,445758,1
198646,6019,445718,1
198646,8001,445718,1
198646,9266,445718,1
198651,4639,445702,1
198652,6742,445718,1
198671,3401,445717,1
198671,7704,445717,1
198677,284,445702,1
198677,722,445702,1
198677,2096,445702,1
198677,4639,445702,1
198677,8727,445702,1
198677,8868,445702,1
198677,8923,445702,1
198677,9262,445702,1
198677,10224,445702,1
198678,124,445759,1
198678,154,445759,1
198678,3401,445759,1
198678,5011,445759,1
198678,10390,445759,1
198678,11386,445759,1
198679,2423,445702,1
198685,8963,445758,1
198688,1276,445759,1
198688,1316,445711,1
198688,1649,445711,1
198688,1905,445711,1
198688,2114,445759,1
198688,2194,445711,1
198688,2194,445759,1
198688,3401,445759,1
198688,3868,445711,1
198688,3868,445759,1
198688,4112,445711,1
198688,4112,445759,1
198688,4609,445711,1
198688,5999,445711,1
198688,6353,445711,1
198688,6353,445759,1
198688,6430,445711,1
198688,6738,445711,1
198688,6784,445759,1
198688,7013,445711,1
198688,7473,445759,1
198688,7645,445759,1
198688,8577,445759,1
198688,9138,445711,1
198688,9262,445711,1
198688,9667,445711,1
198688,10395,445759,1
198688,11262,445759,1
198688,11386,445759,1
198693,1316,445713,1
198693,9138,445713,1
198706,310,445710,1
198706,1316,445710,1
198708,10005,445699,1
198712,2239,445690,1
198712,4232,445690,1
198712,8062,445690,1
198716,2509,445703,1
198716,4639,445703,1
198716,10193,445703,1
198725,1287,445702,1
198725,4166,445702,1
198725,4989,445702,1
198725,5278,445702,1
198725,5445,445702,1
198725,7956,445702,1
198725,8588,445702,1
198725,10248,445702,1
198725,10363,445702,1
198725,11410,445702,1
198739,8523,445716,1
198739,10012,445716,1
198754,8791,445690,1
198761,1007,445711,1
198769,10426,445715,1
198771,1820,445741,1
198774,8876,445698,1
198780,1880,445697,1
198782,4445,445702,1
198812,4382,445695,1
198812,5899,445695,1
198812,6619,445695,1
198812,7956,445695,1
198812,9994,445695,1
198819,4131,445758,1
198827,1194,445714,1
198827,4052,445714,1
198827,4055,445714,1
198827,6183,445714,1
198829,9262,445760,1
198836,154,445703,1
198836,3544,445703,1
198840,722,445699,1
198850,102,445742,1
198850,4762,445742,1
198850,5094,445742,1
198850,6683,445742,1
198853,1077,445759,1
198867,4053,445699,1
198867,5744,445699,1
198867,6814,445699,1
198867,7019,445699,1
198867,10416,445699,1
198873,1366,445759,1
198873,2096,445759,1
198873,4200,445759,1
198886,6199,445693,1
198886,6865,445693,1
198898,10689,445718,1
198906,9223,445717,1
198942,154,445734,1
198942,1649,445734,1
198942,2809,445734,1
198944,154,445707,1
198950,164,445759,1
198950,7298,445759,1
198977,1029,445695,1
198977,6745,445695,1
198977,10529,445695,1
199002,154,445696,1
199002,3401,445696,1
199002,3734,445696,1
199002,7922,445696,1
199033,5526,445735,1
199042,1880,445706,1
199052,4639,445704,1
199055,3638,445698,1
199063,908,445710,1
199063,1537,445695,1
199063,2278,445710,1
199063,4639,445695,1
199063,4639,445710,1
199063,4749,445710,1
199063,6784,445710,1
199063,6925,445710,1
199063,8063,445710,1
199073,3880,445692,1
199073,5298,445761,1
199073,9262,445692,1
199080,3076,445705,1
199082,4639,445693,1
199088,3728,445703,1
199088,4639,445703,1
199088,6535,445703,1
199088,6589,445703,1
199088,8062,445703,1
199092,5383,445712,1
199119,3342,445690,1
199132,722,445694,1
199135,3401,445713,1
199135,8272,445714,1
199141,7635,445715,1
199142,9138,445691,1
199142,9439,445691,1
199145,11126,445741,1
199161,1649,445741,1
199161,7013,445741,1
199161,8220,445741,1
199162,2809,445693,1
199162,8272,445693,1
199168,4639,445702,1
199176,3815,445761,1
199177,10597,445761,1
199236,3401,445691,1
199236,9262,445691,1
199237,4570,445734,1
199237,5567,445734,1
199243,154,445699,1
199243,9262,445699,1
199255,154,445700,1
199263,3056,445717,1
199263,9262,445717,1
199271,9193,445702,1
199272,10120,445707,1
199279,6827,445692,1
199294,4169,445691,1
199306,3638,445713,2
199306,6260,445702,1
199306,10192,445702,1
199308,1649,445735,1
199356,2809,445702,1
199356,3188,445702,1
199356,4011,445702,1
199356,11270,445708,1
199378,4029,445735,1
199379,4762,445705,1
199390,4639,445710,1
199397,9476,445701,1
199408,882,445689,1
199416,3999,445702,1
199418,1880,445704,1
199434,5444,445705,1
199438,1649,445711,1
199438,7013,445711,1
199445,3773,445692,1
199461,6354,445693,1
199461,10985,445693,1
199475,4762,445696,1
199475,7818,445696,1
199476,4639,445701,1
199476,6683,445701,1
199478,154,445690,1
199478,154,445702,1
199478,5328,445690,1
199478,5328,445702,1
199478,5328,445711,1
199494,136,445699,1
199494,485,445689,1
199494,3401,445689,1
199494,4705,445699,1
199494,5474,445689,1
199494,6276,445689,1
199494,7569,445689,1
199494,7803,445689,1
199494,8255,445699,1
199494,8696,445699,1
199494,8781,445689,1
199494,9262,445689,1
199494,9262,445699,1
199494,9819,445689,1
199494,9819,445699,1
199494,9953,445699,1
199494,10240,445699,1
199494,10248,445699,1
199500,9867,445742,1
199554,10425,445698,1
199554,10425,445708,1
199557,7235,445718,1
199578,4762,445707,1
199578,8016,445707,1
199578,11011,445707,1
199582,5149,445711,1
199582,7013,445711,1
199582,10120,445711,1
199582,11167,445710,1
199591,154,445699,1
199601,8062,445695,1
199604,154,445691,2
199604,6019,445691,1
199604,10916,445691,1
199612,227,445692,1
199612,10753,445692,1
199632,5094,445734,1
199640,6475,445734,1
199640,10690,445734,1
199652,2809,445691,1
199652,6938,445691,1
199654,6538,445714,1
199654,7862,445714,1
199655,405,445700,1
199655,4639,445700,1
199655,10120,445707,1
199674,314,445707,1
199674,635,445707,1
199687,154,445710,1
199687,154,445734,1
199687,447,445710,1
199687,447,445734,1
199687,2981,445710,1
199687,2981,445734,1
199687,3638,445710,1
199687,3638,445734,1
199687,8062,445710,1
199687,8062,445734,1
199703,847,445711,1
199703,1649,445711,1
199703,2548,445711,1
199703,7013,445711,1
199703,10228,445711,1
199704,10012,445714,1
199708,7013,445736,1
199708,10553,445736,1
199714,938,445711,1
199714,1887,445711,1
199714,2096,445711,1
199714,2548,445711,1
199714,2944,445711,1
199714,4639,445711,1
199714,8037,445711,1
199714,9273,445711,1
199714,9352,445711,1
199722,154,445716,1
199722,9262,445716,1
199728,10663,445703,1
199737,10120,445705,1
199746,8062,445717,1
199746,9262,445717,1
199761,9470,445761,1
199761,10564,445761,1
199776,4639,445690,1
199785,4639,445716,1
199788,4221,445700,1
199788,7185,445700,1
199788,10979,445700,1
199789,8062,445716,1
199790,1316,445694,1
199790,1480,445691,1
199790,3401,445694,1
199790,3639,445694,1
199790,5359,445694,1
199790,6318,445694,1
199790,7132,445691,1
199790,8596,445691,1
199790,8982,445694,1
199790,9138,445691,1
199790,9262,445691,1
199790,9262,445694,1
199790,9647,445691,1
199790,11082,445691,1
199794,1649,445703,1
199794,2809,445703,1
199794,10120,445703,1
199800,7569,445716,1
199800,10120,445716,1
199819,9844,445714,1
199845,9262,445695,1
199845,9986,445695,1
199852,9138,445697,1
199863,5858,445690,1
199873,1880,445711,3
199889,8153,445702,1
199906,4639,445705,1
199909,2302,445703,1
199909,2489,445703,1
199909,2809,445703,1
199909,3401,445703,1
199909,3871,445703,1
199909,6683,445703,1
199909,6995,445703,1
199909,7013,445703,1
199909,9262,445703,1
199928,4,445690,1
199928,1360,445690,1
199928,1537,445690,1
199946,9262,445699,1
199947,4639,445700,1
199948,9262,445691,1
199960,3896,445760,1
199962,3152,445758,2
199962,4238,445758,2
199962,5094,445710,7
199962,8602,445710,7
199962,9262,445710,7
199962,11336,445758,2
199983,9360,445760,1
199985,7569,445689,1
199989,206,445710,1
199989,7956,445710,1
199989,9262,445710,1
199989,11225,445710,1
199999,4813,445742,1
199999,10120,445704,1
200001,4775,445692,1
200006,1586,445693,1
200006,2862,445693,1
200006,5752,445693,1
200006,8170,445693,1
200006,8654,445693,1
200015,10773,445698,1
200022,2809,445704,1
200026,3638,445700,1
200026,8062,445700,1
200037,3531,445735,1
200037,9262,445735,1
200056,6248,445700,1
200065,6315,445699,1
200081,10120,445717,1
200101,3401,445709,1
200101,3728,445709,1
200101,4639,445709,1
200104,9262,445692,1
200120,5798,445690,1
200120,8058,445690,1
200123,8062,445695,1
200126,9426,445702,1
200130,1316,445711,1
200130,3728,445711,1
200130,6535,445711,1
200138,10504,445707,1
200142,5884,445717,1
200147,1194,445761,1
200163,154,445711,1
200163,722,445711,1
200163,1537,445711,1
200163,3728,445711,1
200163,4639,445711,1
200163,7569,445711,1
200164,4639,445713,1
200170,3188,445690,1
200170,10692,445690,1
200172,8016,445708,1
200173,5474,445742,1
200173,10527,445742,1
200175,7684,445705,1
200187,4762,445713,1
200191,1793,445734,1
200191,9245,445734,1
200191,9526,445735,1
200199,7013,445715,1
200199,9262,445715,1
200213,923,445699,1
200242,4222,445698,1
200243,2312,445736,2
200243,3482,445736,2
200243,4942,445712,1
200243,5465,445712,1
200247,1226,445698,1
200247,3401,445698,1
200247,9262,445698,1
200258,9262,445715,1
200274,3342,445697,1
200274,9606,445697,1
200274,9964,445697,1
200288,4639,445759,1
200335,10426,445697,1
200339,4222,445704,1
200367,3188,445703,1
200367,9318,445703,1
200367,9997,445703,1
200369,4639,445690,1
200386,4853,445703,1
200386,6521,445703,1
200386,9526,445703,1
200386,9965,445703,1
200389,4221,445713,1
200421,8170,445761,1
200421,9262,445761,1
200424,2509,445709,1
200424,5465,445709,1
200424,6784,445709,1
200424,7132,445709,1
200424,8062,445709,1
200448,4762,445760,1
200449,6514,445698,1
200449,6514,445712,1
200463,847,445736,1
200463,3322,445712,1
200463,3401,445712,1
200463,3763,445712,1
200463,9262,445712,1
200463,9262,445736,1
200463,9542,445712,1
200493,10248,445735,1
200493,10761,445735,1
200510,7013,445718,1
200511,722,445714,1
200511,4639,445714,1
200511,8016,445714,1
200511,8686,445714,1
200511,9536,445714,1
200521,3769,445716,1
200521,7518,445716,1
200521,11386,445716,1
200525,1713,445695,1
200525,5468,445695,1
200536,1310,445705,1
200536,3728,445705,1
200536,3946,445705,1
200536,4639,445705,1
200536,8016,445705,1
200536,10120,445705,1
200536,10390,445705,1
200542,5411,445699,1
200556,10120,445717,1
200557,7569,445689,1
200565,11108,445736,1
200568,7228,445691,1
200574,860,445716,1
200582,154,445707,1
200594,2302,445709,1
200594,3076,445709,1
200594,9262,445709,1
200594,11386,445709,1
200597,10395,445700,1
200598,10614,445696,1
200611,4083,445700,1
200614,5729,445718,1
200615,9262,445716,1
200630,722,445689,1
200630,1537,445689,1
200630,4639,445689,1
200630,8062,445689,1
200634,6458,445711,1
200643,722,445693,1
200643,8791,445693,1
200643,9262,445693,1
200656,1094,445758,2
200658,8187,445701,1
200665,5465,445712,1
200665,9262,445712,1
200695,10365,445758,1
200696,1401,445758,1
200709,5501,445709,1
200709,8062,445709,1
200709,8337,445709,1
200709,9250,445709,1
200710,127,445704,1
200714,8644,445717,1
200714,9637,445717,1
200717,576,445712,1
200717,1814,445712,1
200717,2442,445735,1
200717,9404,445712,1
200717,10743,445712,1
200717,11353,445712,1
200719,154,445698,1
200719,938,445698,1
200725,5514,445702,1
200743,7922,445691,1
200743,8791,445691,1
200747,722,445702,1
200747,4639,445702,1
200747,7569,445702,1
200748,2809,445736,1
200748,3175,445736,1
200750,1334,445695,1
200750,9326,445695,1
200757,3401,445695,1
200757,4639,445695,1
200757,9262,445695,1
200758,2064,445693,1
200760,2751,445714,1
200760,6001,445714,1
200760,9262,445714,1
200771,4706,445705,1
200771,4706,445708,1
200771,6019,445705,1
200771,6019,445708,1
200771,10587,445705,1
200771,10587,445708,1
200775,1649,445761,1
200775,8220,445761,1
200780,291,445760,1
200780,3401,445760,1
200780,9262,445760,1
200782,1874,445696,1
200786,9138,445712,1
200803,4639,445705,1
200816,11386,445705,1
200818,9822,445759,1
200825,7509,445704,1
200825,10120,445704,1
200825,10883,445704,1
200846,5862,445718,1
200868,154,445701,1
200869,7329,445706,1
200873,5681,445717,1
200881,2882,445712,1
200881,3022,445712,1
200881,3196,445702,1
200881,3408,445712,1
200881,3880,445712,1
200881,5226,445712,1
200881,6358,445702,1
200881,6677,445702,1
200881,7138,445712,1
200881,7398,445712,1
200881,7403,445712,1
200881,7518,445712,1
200881,7746,445712,1
200881,8191,445712,1
200881,8530,445712,1
200881,8958,445712,1
200881,10924,445712,1
200900,4989,445718,1
200908,154,445694,1
200908,3401,445694,1
200908,4639,445694,1
200916,494,445692,1
200926,7012,445761,1
200926,9417,445761,1
200926,10743,445761,1
200931,8,445695,1
200931,1679,445695,1
200931,3401,445695,1
200931,5805,445695,1
200931,9262,445695,1
200949,722,445713,1
200949,1316,445713,1
200954,4639,445689,1
200959,6678,445692,1
200959,8422,445692,1
200959,10578,445692,1
200965,6881,445700,1
200969,4067,445701,1
200986,5474,445689,1
200989,154,445734,1
200989,4344,445734,1
200989,4813,445734,1
200989,7097,445734,1
200989,7569,445734,1
200989,8791,445734,1
200989,10120,445734,1
200996,7421,445698,1
200996,8626,445698,1
201006,5204,445713,1
201009,9171,445708,2
201023,1396,445693,1
201023,2747,445760,1
201023,2920,445760,1
201023,3871,445693,1
201023,6995,445693,1
201023,7249,445695,1
201023,7723,445695,1
201023,11101,445693,1
201023,11101,445700,1
201024,364,445761,1
201037,2545,445693,1
201037,7922,445693,1
201056,2809,445718,1
201065,6458,445695,1
201067,517,445711,1
201067,4762,445711,1
201067,9138,445711,1
201067,10692,445711,1
201074,4297,445712,1
201074,7494,445712,1
201077,9490,445704,1
201080,722,445699,1
201080,1595,445699,1
201080,1649,445699,1
201080,7013,445699,1
201080,7063,445699,1
201080,8220,445699,1
201080,8566,445699,1
201080,11008,445699,1
201090,290,445761,1
201090,2429,445761,1
201090,5745,445761,1
201090,7397,445761,2
201090,7816,445761,1
201090,9271,445761,1
201090,9621,445761,1
201090,11386,445761,1
201104,4324,445689,1
201109,8380,445693,1
201109,9600,445693,1
201109,9709,445693,1
201109,10871,445693,1
201124,3401,445700,1
201124,8117,445701,1
201125,6938,445710,1
201129,1094,445706,1
201147,3222,445696,1
201147,4822,445696,1
201160,8062,445717,1
201163,8170,445704,1
201182,7922,445702,1
201182,8016,445702,1
201192,154,445735,1
201192,2161,445735,1
201195,4762,445715,1
201195,11386,445715,1
201197,8062,445696,1
201199,8791,445692,1
201203,8062,445734,1
201207,3116,445698,1
201238,8214,445761,1
201251,8742,445712,1
201256,11386,445717,1
201270,3401,445690,1
201270,3638,445690,1
201270,8177,445690,1
201270,9262,445690,1
201270,9468,445690,1
201281,5145,445709,1
201281,9262,445709,1
201303,6784,445735,1
201304,7428,445711,1
201304,11386,445712,1
201309,1574,445709,1
201321,813,445709,1
201321,9569,445709,1
201342,310,445692,1
201342,722,445692,1
201342,3401,445692,1
201342,8686,445692,1
201342,9138,445692,1
201346,1649,445715,1
201351,6253,445713,2
201351,8036,445713,1
201351,8766,445713,1
201370,851,445691,1
201370,9138,445691,1
201391,124,445702,1
201396,3638,445701,1
201396,8062,445701,1
201396,9138,445701,1
201396,10883,445701,1
201400,7531,445712,1
201425,4639,445690,1
201436,10924,445696,1
201444,3820,445715,1
201449,8016,445695,1
201460,2691,445712,1
201460,5657,445712,1
201460,9262,445712,1
201460,11115,445712,1
201469,2096,445715,1
201490,4344,445699,1
201490,6514,445699,1
201490,7569,445699,1
201490,10529,445699,1
201497,635,445714,1
201497,1720,445761,1
201499,4422,445760,1
201508,154,445692,1
201508,8791,445692,1
201513,8712,445760,1
201539,11386,445690,1
201541,9097,445716,1
201554,589,445696,1
201554,3728,445696,1
201554,9262,445696,1
201559,1839,445692,1
201559,1956,445692,1
201559,3327,445692,1
201559,4822,445692,1
201568,154,445711,1
201568,221,445711,1
201568,1537,445711,1
201568,2445,445711,1
201568,4639,445711,1
201568,6784,445711,1
201568,7132,445711,1
201568,8681,445711,1
201619,4612,445707,1
201619,9262,445707,1
201631,3015,445734,1
201631,6128,445734,1
201636,5762,445703,1
201645,2695,445697,1
201649,8170,445691,1
201649,11086,445691,1
201649,11154,445691,1
201658,9240,445696,1
201658,9262,445696,1
201677,1962,445759,2
201677,6019,445759,2
201677,6899,445759,1
201677,8220,445759,2
201677,9570,445759,2
201677,11147,445759,1
201677,11189,445710,1
201677,11259,445759,2
201685,1649,445701,1
201685,9268,445701,1
201714,4639,445703,1
201716,7245,445714,1
201741,4639,445690,1
201741,8062,445690,1
201755,3163,445759,1
201756,4639,445691,1
201758,722,445694,1
201758,8791,445694,1
201760,3342,445716,1
201769,154,445699,1
201777,6523,445694,1
201782,5533,445758,1
201783,154,445759,1
201783,4639,445759,1
201783,5011,445759,1
201783,5646,445759,1
201783,7149,445759,1
201783,8791,445759,1
201783,9262,445759,1
201783,10743,445759,1
201783,11224,445759,1
201783,11390,445759,1
201804,10557,445701,1
201808,4531,445735,1
201808,5465,445735,1
201808,8220,445735,1
201808,9262,445735,1
201819,722,445703,1
201829,6585,445759,1
201830,1194,445713,1
201841,154,445713,1
201841,3934,445689,1
201841,3934,445713,1
201865,6846,445692,1
201869,3638,445703,1
201869,5465,445703,1
201869,8062,445703,1
201873,1329,445701,1
201873,3401,445701,2
201873,4639,445701,1
201873,9262,445701,1
201873,10248,445701,1
201888,6995,445698,1
201913,8220,445689,1
201916,405,445695,1
201958,2064,445701,1
201964,1155,445698,1
201964,1649,445698,1
201964,8141,445698,1
201969,6789,445760,1
201969,6789,445761,1
201969,9262,445692,1
201969,9262,445761,1
201987,15,445712,1
201987,6779,445712,1
201994,2064,445710,1
201994,3946,445710,1
201995,2809,445703,1
201995,6702,445703,1
202003,1649,445734,1
202003,2809,445734,1
202015,4639,445696,1
202026,2512,445705,1
202026,11381,445705,1
202027,154,445690,1
202030,722,445734,1
202030,4014,445734,1
202046,2809,445717,1
202053,10053,445699,1
202059,4850,445711,1
202111,10743,445700,1
202116,154,445697,1
202116,1537,445697,1
202116,4171,445692,1
202116,4762,445692,1
202116,6995,445697,1
202130,6458,445734,1
202135,102,445734,1
202135,311,445734,1
202135,1033,445734,1
202135,1365,445734,1
202135,1647,445734,1
202135,2518,445734,1
202135,3401,445734,1
202135,4056,445734,1
202135,4762,445734,1
202135,4826,445734,1
202135,5045,445734,1
202135,5578,445734,1
202135,6514,445734,1
202135,7530,445734,1
202135,7734,445734,1
202135,8657,445734,1
202135,9317,445734,1
202135,10253,445734,1
202135,11110,445734,1
202135,11395,445734,1
202139,2513,445712,1
202141,7569,445700,1
202156,3922,445715,1
202158,8016,445701,1
202158,8218,445701,1
202158,11386,445701,1
202162,722,445694,1
202162,1115,445694,1
202166,154,445698,1
202166,722,445698,1
202166,1678,445698,1
202166,3401,445698,1
202166,4344,445698,1
202166,4639,445698,1
202166,9262,445698,1
202166,10529,445698,1
202167,9262,445691,1
202175,8062,445713,1
202197,9262,445690,1
202200,405,445692,1
202200,722,445692,1
202200,2445,445692,1
202200,3401,445692,1
202200,3638,445692,2
202200,5501,445692,1
202200,6235,445692,1
202200,6427,445692,1
202200,6514,445692,1
202200,6784,445692,1
202200,6822,445692,1
202200,6844,445692,1
202200,7132,445692,1
202200,8062,445692,1
202200,8681,445692,1
202200,9138,445692,1
202200,9262,445692,1
202200,9327,445692,1
202200,9536,445692,1
202203,4480,445690,1
202203,8062,445690,1
202210,8062,445714,1
202210,9083,445714,1
202212,972,445717,1
202212,9423,445717,1
202221,9674,445761,1
202222,154,445703,1
202222,4018,445703,1
202222,7509,445703,1
202222,10096,445703,1
202222,10120,445703,1
202278,4823,445758,1
202278,9262,445758,1
202297,9262,445697,1
202305,154,445759,1
202305,310,445759,1
202305,1649,445759,1
202305,7013,445759,1
202305,7398,445759,1
202305,8220,445759,1
202305,8566,445759,1
202306,1537,445698,1
202309,10590,445703,1
202319,2509,445761,1
202319,2672,445761,1
202319,5858,445761,1
202319,10114,445761,1
202320,5245,445761,1
202320,10209,445761,1
202320,10761,445761,1
202329,7970,445710,1
202329,8527,445710,1
202329,11196,445710,1
202335,4938,445699,1
202335,8717,445699,1
202335,9262,445699,1
202335,10814,445699,1
202335,10876,445699,1
202359,7398,445696,1
202362,5501,445713,1
202362,9066,445705,1
202365,154,445734,1
202365,4639,445695,1
202365,9262,445695,1
202365,9262,445734,1
202380,2662,445735,8
202380,5681,445735,8
202382,3815,445761,1
202382,5094,445761,1
202382,7132,445761,1
202382,8220,445761,1
202382,9262,445761,1
202385,5465,445711,1
202390,2096,445714,1
202390,9262,445714,1
202397,9262,445693,1
202397,10248,445693,1
202405,154,445693,1
202418,8062,445698,1
202420,4639,445712,1
202420,6784,445712,1
202420,7948,445712,1
202420,8063,445712,1
202420,10120,445712,1
202434,3401,445690,1
202434,5501,445690,1
202434,5509,445690,1
202434,6784,445690,1
202444,1649,445718,1
202444,3401,445718,1
202444,8016,445718,1
202444,9262,445718,1
202455,5158,445760,1
202455,10135,445760,1
202455,11050,445760,1
202459,1115,445708,1
202459,10158,445708,1
202460,3662,445713,1
202460,7047,445713,1
202460,11386,445713,1
202462,7518,445703,1
202473,8236,445699,1
202488,102,445690,1
202488,9023,445690,1
202501,844,445689,1
202502,9262,445700,1
202502,10788,445700,1
202508,154,445701,1
202508,597,445701,1
202508,3401,445701,1
202508,6626,445701,1
202508,9262,445701,1
202509,5349,445759,1
202510,9883,445760,1
202514,4989,445689,1
202520,1853,445716,1
202520,5676,445716,1
202520,8415,445716,1
202520,10529,445716,1
202532,4639,445692,1
202532,5675,445692,1
202532,8170,445692,1
202532,9262,445692,1
202533,11386,445696,1
202537,2619,445716,1
202537,4003,445716,1
202539,1316,445716,1
202539,3401,445694,1
202539,3638,445694,1
202539,4437,445716,1
202539,5094,445716,1
202539,8016,445694,1
202539,8062,445694,1
202539,8062,445716,1
202539,11386,445716,1
202554,11386,445692,1
202560,154,445700,1
202560,835,445700,1
202561,154,445711,1
202561,722,445711,1
202571,7284,445708,1
202571,8062,445708,1
202574,4639,445690,1
202574,8016,445690,1
202574,8016,445691,1
202590,1878,445761,1
202590,6784,445761,1
202590,7094,445761,1
202590,9646,445761,1
202590,11386,445761,1
202598,11136,445715,1
202611,3640,445703,1
202617,154,445694,1
202617,4437,445694,1
202617,8337,445694,1
202617,8791,445694,1
202625,3342,445699,1
202625,4762,445699,1
202693,6514,445700,1
202713,9262,445718,1
202740,686,445735,1
202740,1327,445735,1
202740,1659,445735,1
202740,2696,445735,1
202740,3451,445735,1
202759,6235,445701,1
202811,1396,445705,1
202811,3401,445705,1
202811,4639,445705,1
202811,9262,445705,1
202813,3401,445703,1
202813,9262,445703,1
202816,4570,445736,1
202823,154,445694,1
202825,232,445717,1
202825,635,445717,1
202825,835,445717,1
202825,1202,445717,1
202825,3974,445717,1
202825,4422,445717,1
202825,7094,445717,1
202825,7956,445717,1
202825,8686,445717,1
202825,9103,445717,1
202825,10235,445717,1
202827,6221,445698,1
202827,6346,445698,1
202831,1649,445736,1
202831,11147,445736,1
202832,606,445706,1
202833,8062,445708,1
202834,6019,445758,1
202834,7398,445758,1
202837,3401,445698,1
202837,3551,445698,1
202839,4318,445713,1
202839,5303,445713,1
202839,8978,445713,1
202839,9262,445713,1
202839,11270,445713,1
202843,7922,445708,1
202843,8016,445708,1
202843,8289,445708,1
202843,11386,445708,1
202844,5012,445690,1
202844,8170,445690,1
202861,4639,445708,1
202865,4344,445689,1
202865,4639,445689,1
202865,6535,445689,1
202865,6841,445689,1
202865,9262,445689,1
202865,11386,445689,1
202874,2357,445760,1
202874,7132,445760,1
202874,11078,445760,1
202874,11386,445760,1
202882,154,445694,1
202919,8063,445691,1
202924,2944,445759,1
202924,5160,445759,1
202924,5700,445759,1
202931,8182,445698,1
202932,5465,445736,1
202932,6235,445736,1
202933,310,445689,1
202933,405,445689,1
202934,9138,445691,1
202950,8611,445705,1
202954,2809,445695,1
202981,9262,445758,1
202998,1316,445711,1
202998,6235,445711,1
202998,9107,445711,1
203003,1164,445708,1
203003,7577,445708,1
203003,9912,445713,1
203003,9919,445708,1
203013,154,445698,1
203016,3401,445705,1
203016,8016,445705,1
203016,11386,445705,1
203029,3815,445736,1
203029,7097,445736,1
203029,10120,445736,1
203045,154,445691,1
203052,1316,445706,1
203052,1316,445708,2
203052,2445,445706,1
203052,2445,445708,2
203052,5465,445706,1
203052,5465,445708,2
203052,6784,445706,1
203052,6784,445708,2
203052,7134,445708,2
203052,8062,445706,1
203052,8062,445708,2
203052,9138,445706,1
203052,9138,445708,2
203052,11363,445706,1
203052,11363,445708,2
203074,154,445693,1
203098,4118,445705,1
203119,3750,445736,1
203119,4344,445736,1
203124,154,445701,1
203124,9766,445701,1
203133,570,445692,1
203133,1767,445692,1
203133,2160,445692,1
203133,2708,445692,1
203133,4510,445692,1
203133,5004,445692,1
203133,5518,445692,1
203133,5923,445692,1
203133,7463,445692,1
203133,8807,445692,1
203133,9262,445692,1
203133,10315,445692,1
203157,154,445701,1
203157,722,445701,1
203157,1859,445701,1
203168,9138,445691,1
203168,9138,445736,1
203203,2248,445695,1
203203,2280,445695,1
203203,7261,445695,1
203203,7622,445695,1
203206,7614,445706,1
203208,2545,445715,1
203213,4639,445692,1
203230,8016,445690,1
203253,1649,445759,1
203253,8220,445758,1
203253,8662,445758,1
203267,7675,445693,1
203284,9262,445692,1
203295,7132,445708,1
203295,9262,445708,1
203301,1574,445713,1
203301,3401,445713,1
203301,4399,445713,1
203301,6192,445713,1
203301,10767,445713,1
203400,5465,445717,1
203402,6234,445712,1
203405,8663,445697,1
203414,1164,445758,1
203414,1649,445758,1
203414,8220,445758,1
203414,9262,445758,1
203416,1316,445716,1
203416,3728,445716,1
203416,5474,445716,1
203416,6784,445716,1
203419,8681,445741,1
203425,9262,445703,1
203438,9262,445690,1
203441,8712,445741,1
203443,7399,445712,1
203443,9158,445712,1
203453,1649,445713,1
203453,2445,445713,1
203453,2548,445713,1
203453,3401,445713,1
203453,3544,445713,1
203453,3728,445713,1
203453,4639,445713,1
203453,5094,445713,1
203453,5465,445713,1
203453,6810,445713,1
203453,8016,445713,1
203453,8712,445713,1
203453,9262,445713,1
203453,11386,445713,1
203454,10120,445708,1
203477,6784,445713,1
203477,7132,445713,1
203477,8115,445713,1
203477,8596,445713,1
203477,9138,445713,1
203478,4639,445710,1
203480,344,445708,1
203480,4461,445708,1
203480,9314,445708,1
203481,7223,445718,1
203481,8125,445718,1
203487,722,445736,1
203487,7183,445736,1
203487,9326,445736,1
203494,6784,445713,1
203521,5217,445698,1
203521,9262,445698,1
203522,4222,445699,1
203559,7238,445760,1
203559,10990,445760,1
203576,4639,445761,1
203589,917,445718,1
203589,9490,445718,1
203593,154,445713,1
203607,9791,445710,1
203617,185,445704,1
203617,8012,445704,1
203620,1106,445718,1
203622,2096,445709,1
203622,4639,445709,1
203622,4793,445709,1
203622,7013,445709,1
203624,6691,445713,1
203648,2064,445691,1
203648,2064,445692,1
203648,4639,445691,1
203648,4639,445692,1
203676,722,445691,1
203676,1316,445691,1
203676,2161,445691,1
203676,2302,445691,1
203676,3401,445691,1
203676,3871,445691,1
203676,4027,445691,1
203676,5465,445691,1
203676,5863,445691,1
203676,6995,445691,1
203676,8016,445691,1
203676,9250,445691,1
203676,9262,445691,1
203689,4377,445758,1
203711,7922,445707,1
203719,3238,445718,1
203719,10120,445718,1
203731,5522,445691,1
203759,8220,445699,1
203763,483,445705,1
203763,8791,445705,1
203763,10120,445705,1
203764,4222,445699,1
203765,3638,445690,1
203771,4639,445741,1
203773,1164,445690,1
203773,1370,445690,1
203775,3401,445695,1
203775,4232,445695,1
203780,6456,445758,1
203786,1538,445704,1
203786,2504,445704,1
203786,3911,445704,1
203786,8254,445704,1
203803,1316,445697,1
203803,3401,445697,1
203803,8712,445697,1
203820,7509,445703,1
203820,10120,445703,1
203820,10554,445703,1
203837,8743,445701,1
203848,1316,445716,1
203863,10516,445705,1
203878,2036,445735,1
203878,4458,445735,1
203878,7345,445735,1
203878,8686,445735,1
203878,10773,445735,1
203878,11164,445735,1
203881,1649,445735,1
203882,154,445761,2
203882,4639,445761,2
203885,11386,445692,1
203885,11386,445697,1
203887,4222,445700,1
203930,7922,445703,1
203938,3401,445695,1
203938,8016,445695,1
203938,11386,445695,1
203945,7013,445692,1
203945,8566,445692,1
203945,9748,445692,1
203951,102,445712,1
203951,2445,445712,1
203951,4639,445712,1
203951,6784,445712,1
203955,2809,445689,1
203955,7384,445761,1
203962,2048,445742,1
203962,2222,445742,1
203962,3401,445742,1
203964,6235,445693,1
203977,6514,445705,1
203991,8338,445705,1
203993,154,445690,1
203993,9262,445690,1
203996,154,445695,1
203996,3401,445695,1
204014,1316,445715,1
204022,477,445695,1
204022,3553,445695,1
204050,8249,445718,1
204057,154,445695,1
204062,3342,445707,1
204062,3342,445708,1
204067,3207,445708,1
204071,154,445700,1
204076,3401,445701,1
204079,3601,445703,1
204088,1561,445703,1
204094,154,445711,1
204105,310,445712,1
204132,154,445711,1
204132,1649,445711,1
204132,2445,445711,1
204132,2548,445711,1
204132,7013,445711,1
204132,9138,445711,1
204132,9262,445711,1
204145,3401,445699,1
204145,3728,445699,1
204145,9262,445699,1
204183,370,445734,1
204223,9268,445703,1
204225,3401,445702,1
204225,9490,445702,1
204225,9775,445702,1
204225,10939,445702,1
204226,722,445734,1
204226,852,445734,1
204226,879,445734,1
204226,4762,445734,1
204226,8007,445734,1
204239,789,445758,1
204239,2252,445758,1
204239,10381,445735,1
204245,8963,445696,1
204282,4639,445692,1
204282,10527,445692,1
204291,3871,445709,1
204330,9262,445712,1
204330,9779,445712,1
204345,154,445696,1
204401,6260,445717,1
204421,722,445698,1
204421,3728,445698,1
204425,5465,445735,1
204426,9083,445715,1
204460,1629,445691,1
204463,8681,445689,1
204475,5686,445692,1
204483,4301,445697,1
204483,5352,445697,1
204483,6784,445697,1
204483,6818,445697,1
204528,1634,445698,1
204528,4762,445698,1
204535,3728,445702,1
204535,10046,445702,1
204544,3923,445699,1
204544,10120,445699,1
204558,4093,445702,1
204564,8062,445734,1
204592,7569,445691,1
204598,722,445705,1
204598,4639,445705,1
204598,8120,445705,1
204611,1537,445695,1
204635,4639,445760,1
204635,6784,445760,1
204635,7132,445760,1
204635,10248,445760,1
204643,10120,445707,1
204679,2799,445692,1
204696,747,445705,1
204722,722,445697,1
204722,6514,445697,1
204723,606,445736,1
204723,2302,445736,1
204723,8791,445736,1
204723,9262,445736,1
204723,10120,445736,1
204723,10527,445736,1
204723,10532,445736,1
204738,154,445693,1
204738,8016,445693,1
204738,8035,445693,1
204738,8681,445693,1
204742,5011,445760,1
204742,9256,445760,1
204742,10529,445760,1
204748,7588,445759,1
204758,2096,445735,1
204758,3746,445735,1
204758,9262,445735,1
204772,5094,445758,1
204784,3401,445691,1
204784,9262,445691,1
204787,9579,445758,1
204813,102,445718,1
204813,6784,445718,1
204822,1266,445698,1
204822,8062,445698,1
204822,9262,445698,1
204839,9262,445703,1
204866,3539,445699,1
204866,5609,445699,1
204866,10976,445699,1
204872,6784,445715,1
204874,185,445715,1
204884,2545,445742,1
204901,7922,445712,1
204901,9797,445760,1
204918,154,445698,1
204918,4639,445702,1
204921,4893,445760,1
204979,4639,445695,1
204979,4639,445697,1
204999,6235,445718,1
204999,8062,445703,1
205005,10743,445710,1
205010,6784,445736,1
205010,7132,445736,1
205017,4103,445717,1
205036,722,445703,1
205036,2068,445703,1
205039,10341,445759,1
205042,2809,445698,1
205071,987,445759,1
205071,10692,445712,1
205076,7569,445689,1
205090,461,445760,1
205090,10144,445760,1
205090,10267,445760,1
205097,4639,445690,1
205108,5041,445758,1
205116,4344,445742,1
205128,4434,445706,1
205128,5068,445706,1
205146,9262,445711,1
205150,4762,445714,1
205170,1880,445713,1
205170,6629,445713,1
205170,7569,445713,1
205170,10120,445713,1
205188,154,445704,1
205188,9083,445704,1
205188,9579,445704,1
205188,10120,445704,1
205213,722,445716,1
205213,5162,445716,1
205218,4344,445718,1
205221,4583,445711,1
205221,8220,445711,1
205237,286,445689,1
205237,1537,445689,1
205237,3401,445689,1
205237,4361,445689,1
205237,7569,445689,1
205237,8791,445689,1
205237,9262,445689,1
205237,11166,445689,1
205258,154,445690,1
205258,6784,445690,1
205258,7132,445690,1
205258,7134,445690,1
205258,8791,445690,1
205263,154,445697,1
205263,3820,445697,1
205263,5490,445697,1
205263,8970,445697,1
205265,2086,445711,1
205265,7398,445711,1
205265,9505,445711,1
205293,154,445690,1
205311,4344,445718,1
205311,7013,445718,1
205323,154,445702,1
205323,1142,445702,1
205327,9326,445718,1
205327,10777,445718,1
205342,6514,445698,1
205342,8016,445698,1
205342,9579,445698,1
205342,10809,445698,1
205342,11386,445698,1
205343,6234,445736,1
205346,1094,445695,1
205348,9032,445701,1
205358,2809,445701,1
205361,1094,445707,1
205361,3076,445707,1
205361,3728,445707,1
205361,3885,445707,1
205361,6902,445707,1
205361,9262,445707,1
205365,895,445758,1
205365,3890,445758,1
205365,3999,445758,1
205368,11295,445694,1
205373,10532,445695,1
205374,9579,445717,1
205374,11386,445717,1
205376,342,445716,1
205376,1595,445716,1
205376,1655,445716,1
205376,3728,445716,1
205376,6475,445716,1
205376,6988,445716,1
205376,7961,445716,1
205376,8220,445716,1
205376,10924,445716,1
205383,8062,445710,1
205386,2665,445735,1
205386,4435,445735,1
205386,9262,445735,1
205387,2265,445760,1
205387,5477,445760,1
205387,9380,445760,1
205398,9138,445690,1
205409,3885,445702,1
205409,10120,445702,1
205413,9262,445698,1
205417,5197,445713,1
205417,5465,445713,1
205417,6429,445713,1
205417,6784,445713,1
205422,4813,445695,1
205426,2185,445695,1
205426,4979,445695,1
205437,4190,445697,1
205437,10175,445697,1
205442,4639,445700,1
205445,9291,445736,1
205453,6490,445758,1
205456,4639,445696,1
205462,6089,445712,1
205484,4222,445699,1
205503,4171,445761,1
205503,7328,445761,1
205506,9262,445707,1
205507,1649,445761,1
205507,9262,445761,1
205507,11270,445761,1
205509,11173,445711,1
205531,10120,445716,1
205551,4701,445701,1
205612,4639,445696,1
205627,9262,445761,1
205627,10948,445761,1
205628,8618,445712,1
205628,9262,445712,1
205634,2036,445695,1
205634,10426,445695,1
205643,2827,445716,1
205649,3342,445710,1
205649,5639,445710,1
205657,154,445693,1
205657,8016,445693,1
205659,722,445711,1
205659,9262,445712,1
205660,405,445716,2
205660,4762,445717,1
205660,5412,445717,1
205660,6019,445717,1
205660,6251,445716,2
205660,6260,445717,1
205660,8978,445716,2
205660,9547,445716,2
205660,9547,445717,1
205660,10120,445717,1
205666,4531,445760,1
205684,1777,445760,1
205696,154,445742,1
205741,1649,445734,1
205756,7368,445701,1
205768,11219,445759,1
205771,9138,445691,1
205771,9262,445691,1
205786,1194,445711,1
205789,744,445717,1
205789,746,445717,1
205802,10044,445700,1
205808,7358,445695,1
205808,9838,445695,1
205821,154,445759,1
205821,10114,445759,1
205827,3638,445694,1
205830,4639,445705,1
205830,7167,445705,1
205830,8016,445705,1
205830,10129,445705,1
205832,154,445699,1
205839,2318,445713,1
205850,4639,445695,1
205850,7569,445695,1
205857,1316,445718,1
205857,9262,445709,1
205871,154,445700,1
205871,722,445700,2
205871,3728,445700,1
205871,8016,445700,1
205877,3638,445695,1
205877,4853,445695,1
205877,6784,445695,1
205877,9138,445695,1
205894,9426,445702,1
205898,3871,445704,1
205911,559,445691,1
205911,4270,445691,1
205911,6316,445690,1
205911,7956,445690,1
205911,8276,445691,1
205911,8791,445691,1
205911,9262,445690,1
205911,9262,445691,1
205912,3215,445760,1
205912,4639,445699,1
205912,6215,445760,1
205939,7013,445718,1
205956,154,445718,1
205982,154,445698,1
205982,4639,445698,1
205982,5167,445698,1
206000,1153,445696,1
206000,8650,445696,1
206017,3769,445759,1
206022,1094,445702,1
206036,154,445691,1
206036,154,445710,1
206036,1316,445710,1
206036,2809,445710,1
206036,5465,445710,1
206036,6071,445710,1
206036,6514,445691,1
206036,6784,445691,1
206039,3401,445701,1
206039,8016,445701,1
206039,9262,445701,1
206039,11386,445701,1
206060,10096,445704,1
206080,3076,445708,1
206085,154,445695,1
206124,405,445717,1
206124,3188,445717,1
206159,3198,445736,1
206160,2841,445708,1
206161,4016,445711,1
206161,6047,445711,1
206161,6639,445711,1
206161,6811,445711,1
206171,2131,445758,1
206171,4813,445758,1
206171,5011,445758,1
206171,7473,445758,1
206171,8220,445758,1
206171,9262,445758,1
206173,5011,445760,1
206173,10527,445760,1
206184,2108,445700,1
206195,3401,445692,1
206195,9262,445692,1
206200,154,445694,1
206207,154,445718,1
206207,185,445734,1
206207,212,445718,1
206207,2074,445718,1
206207,2127,445734,1
206207,4403,445734,1
206207,6900,445734,1
206209,4222,445699,1
206216,246,445690,1
206216,1316,445711,1
206216,3784,445690,1
206223,1219,445704,1
206240,10692,445735,1
206243,6938,445696,1
206245,3827,445710,1
206245,4639,445710,1
206245,7895,445710,1
206245,9262,445710,1
206245,9526,445710,1
206245,11166,445710,1
206247,8686,445690,1
206247,9138,445690,1
206257,7520,445713,1
206262,722,445691,1
206262,1164,445691,1
206262,8016,445691,1
206262,8062,445691,1
206262,8791,445691,1
206262,9138,445691,1
206285,372,445696,1
206285,372,445715,1
206285,372,445741,1
206285,421,445696,1
206285,1236,445696,1
206285,1236,445715,1
206285,1236,445741,1
206285,1244,445696,1
206285,1244,445715,1
206285,1244,445741,1
206285,1701,445696,1
206285,1701,445715,1
206285,1701,445741,1
206285,2648,445715,1
206285,2648,445741,1
206285,2683,445715,1
206285,2683,445741,1
206285,3287,445715,1
206285,4033,445715,1
206285,4033,445741,1
206285,4051,445696,1
206285,4051,445715,1
206285,4051,445741,1
206285,4316,445696,1
206285,4316,445715,1
206285,4316,445741,1
206285,4474,445696,1
206285,5158,445696,1
206285,5158,445715,1
206285,5158,445741,1
206285,5805,445696,1
206285,5805,445715,1
206285,5805,445741,1
206285,6179,445696,1
206285,6223,445715,1
206285,6223,445741,1
206285,6463,445696,1
206285,6463,445715,1
206285,6463,445741,1
206285,6647,445696,1
206285,6647,445715,1
206285,6647,445741,1
206285,7464,445696,1
206285,7464,445715,1
206285,7464,445741,1
206285,8208,445741,1
206285,8514,445696,1
206285,8514,445715,1
206285,8514,445741,1
206285,8706,445696,1
206285,10206,445696,1
206285,10206,445715,1
206285,10206,445741,1
206285,10964,445696,1
206285,10964,445715,1
206285,10964,445741,1
206285,11213,445696,1
206285,11213,445715,1
206285,11213,445741,1
206285,11322,445696,1
206285,11322,445715,1
206285,11322,445741,1
206285,11388,445696,1
206285,11388,445715,1
206285,11388,445741,1
206308,405,445709,1
206308,8016,445709,1
206310,3544,445695,1
206310,4344,445695,1
206310,4639,445695,1
206310,4762,445695,1
206310,5197,445695,1
206310,8063,445695,1
206310,10120,445695,1
206313,2570,445736,1
206324,2509,445712,1
206341,1094,445700,1
206346,3875,445713,1
206346,4356,445713,1
206346,4856,445713,1
206346,10715,445713,1
206356,1125,445706,1
206378,5180,445714,1
206394,3121,445714,1
206398,1316,445712,1
206398,3638,445712,1
206398,5465,445712,1
206405,154,445759,1
206405,5536,445759,1
206439,4853,445696,1
206456,57,445715,1
206456,338,445715,1
206456,433,445715,1
206456,1334,445715,1
206456,8834,445715,1
206456,9262,445715,1
206467,9138,445691,1
206471,2096,445710,1
206485,7116,445706,1
206487,6189,445704,1
206487,6629,445714,1
206492,4975,445693,1
206492,9262,445692,1
206496,8016,445706,1
206504,4813,445760,1
206521,9169,445704,1
206532,7398,445703,1
206533,3401,445708,1
206533,4639,445708,1
206533,9262,445708,1
206551,3967,445711,1
206555,8532,445702,1
206561,2809,445711,1
206561,5858,445712,1
206561,7398,445711,1
206561,8035,445711,1
206561,9531,445712,1
206569,4762,445690,1
206569,9138,445690,1
206572,3212,445713,1
206572,9051,445713,1
206584,8519,445710,1
206587,1880,445760,1
206587,7283,445760,1
206602,154,445715,1
206602,4344,445715,1
206614,17,445709,1
206633,1703,445715,1
206633,4945,445715,1
206636,1504,445759,1
206636,2117,445759,1
206645,10684,445692,1
206661,1316,445709,1
206661,4639,445709,1
206669,154,445697,1
206670,9262,445708,1
206673,3716,445714,1
206674,1518,445694,1
206674,8062,445694,1
206678,9138,445696,1
206696,3915,445761,1
206706,4639,445700,1
206719,2451,445710,1
206719,4639,445710,1
206719,6784,445710,1
206719,8062,445710,1
206747,1316,445709,1
206748,1880,445690,1
206756,8016,445690,1
206760,154,445735,1
206765,6234,445712,1
206767,1537,445701,1
206767,4639,445701,1
206777,2138,445718,1
206777,4972,445718,1
206777,10169,445718,1
206778,154,445698,1
206778,3401,445698,1
206778,3728,445698,1
206778,8007,445698,1
206778,8465,445698,1
206778,9138,445698,1
206778,9262,445698,1
206808,4222,445694,1
206816,3765,445694,1
206825,1853,445711,1
206825,3901,445711,1
206825,4762,445711,1
206825,5226,445711,1
206825,5258,445711,1
206825,7328,445711,1
206825,7585,445711,1
206825,9731,445711,1
206825,10120,445711,1
206829,5901,445699,1
206829,10692,445699,1
206830,6818,445696,1
206838,124,445695,1
206840,154,445736,1
206840,2509,445736,1
206840,10120,445736,1
206858,3342,445707,1
206858,6019,445707,1
206882,5664,445711,1
206887,1094,445694,1
206887,6393,445694,1
206895,218,445707,1
206896,154,445717,1
206900,3728,445718,1
206900,4947,445718,1
206900,10701,445718,1
206917,2302,445706,1
206917,2981,445706,1
206917,10527,445706,1
206925,7569,445692,1
206927,1316,445711,1
206952,8062,445708,1
206966,7276,445707,1
206970,722,445712,1
206970,2096,445712,1
206972,2809,445692,1
206980,154,445696,1
206980,405,445696,1
206980,722,445696,1
206980,1164,445696,1
206980,8388,445696,1
206989,2398,445692,1
207002,4762,445712,1
207002,5197,445712,1
207002,7569,445712,1
207002,10120,445712,1
207009,3769,445759,1
207009,4762,445699,1
207013,1164,445690,1
207013,7956,445690,1
207014,6475,445742,1
207022,9262,445761,1
207023,154,445736,1
207025,3401,445692,1
207025,4639,445692,1
207025,7569,445692,1
207025,9262,445692,1
207025,9753,445692,1
207043,154,445692,1
207070,154,445698,1
207071,6810,445736,1
207076,9286,445712,2
207076,10012,445714,1
207083,1164,445708,1
207083,3544,445708,1
207083,5094,445708,1
207105,10120,445714,1
207105,11232,445713,1
207111,722,445696,1
207111,6864,445696,1
207111,7351,445696,1
207119,4639,445690,1
207119,8791,445690,1
207134,9138,445716,1
207134,10248,445716,1
207135,2809,445717,1
207139,50,445714,1
207139,635,445712,1
207139,1002,445716,1
207139,1002,445761,1
207139,1171,445712,1
207139,2958,445714,1
207139,2958,445716,1
207139,2958,445761,1
207139,4160,445716,1
207139,4160,445761,1
207139,4579,445711,1
207139,4579,445712,1
207139,4579,445714,1
207139,4579,445716,1
207139,4579,445761,1
207139,6019,445714,1
207139,6219,445712,1
207139,7188,445714,1
207139,7468,445716,1
207139,7468,445761,1
207139,8726,445712,1
207143,10020,445717,1
207145,3202,445761,1
207233,4330,445700,1
207235,9262,445761,1
207244,6514,445705,1
207244,9262,445705,1
207257,722,445718,1
207257,1115,445718,1
207257,8911,445718,1
207261,5375,445716,1
207261,5858,445702,1
207261,8717,445691,1
207261,10174,445691,1
207276,4989,445710,1
207281,433,445700,1
207303,310,445698,1
207303,1164,445698,1
207303,1194,445698,1
207303,3462,445698,1
207303,6727,445698,1
207303,6784,445698,1
207303,9138,445698,1
207304,9092,445711,1
207304,9262,445691,1
207319,4639,445690,1
207326,7013,445702,1
207327,9326,445703,1
207337,3809,445703,1
207367,10158,445760,1
207368,896,445703,1
207368,4345,445703,1
207368,10120,445703,1
207368,10334,445703,1
207369,3076,445708,1
207369,3082,445708,1
207369,8063,445708,1
207369,8277,445708,1
207369,9262,445708,1
207401,2809,445691,1
207405,8272,445735,1
207405,9262,445735,1
207410,2851,445718,1
207416,991,445690,1
207416,2064,445690,1
207416,7569,445690,1
207416,8791,445690,1
207417,154,445699,1
207417,154,445701,1
207417,154,445705,1
207426,154,445705,1
207426,722,445705,1
207426,1417,445705,1
207426,2064,445705,1
207426,3946,445705,1
207426,7429,445705,1
207426,7569,445705,1
207426,8791,445705,1
207426,9262,445705,1
207426,10219,445705,1
207426,11004,445705,1
207433,154,445708,1
207433,7569,445708,1
207433,8791,445708,1
207452,8016,445696,1
207468,338,445760,1
207468,2723,445760,1
207468,3094,445760,1
207468,6784,445760,1
207468,9138,445760,1
207468,10020,445760,1
207473,4639,445710,1
207473,5275,445710,1
207473,8062,445710,1
207473,9262,445710,1
207474,10012,445717,1
207547,154,445736,1
207550,6535,445692,1
207580,1537,445701,1
207580,1880,445701,1
207580,2632,445701,1
207580,3635,445701,1
207580,6629,445701,1
207583,310,445695,1
207583,3638,445695,1
207583,6995,445695,1
207583,9138,445695,1
207590,34,445759,1
207590,3544,445759,1
207605,4803,445698,1
207625,154,445705,1
207643,8170,445701,1
207648,6229,445696,1
207655,7428,445707,1
207669,5582,445761,1
207704,5374,445702,1
207722,7190,445693,1
207752,154,445741,1
207759,1316,445708,1
207759,10333,445708,1
207785,835,445705,2
207785,835,445709,1
207785,835,445712,1
207785,835,445718,1
207785,4639,445705,2
207785,4639,445709,1
207785,4639,445711,1
207785,4639,445712,1
207785,4639,445716,1
207785,4639,445718,1
207785,5656,445705,2
207785,5656,445709,1
207785,5656,445712,1
207785,5656,445718,1
207785,7914,445711,1
207785,7914,445716,1
207797,10167,445742,1
207811,19,445711,1
207811,2548,445710,1
207811,9262,445710,1
207811,9262,445711,1
207811,9262,445712,1
207811,10091,445710,1
207811,10120,445711,1
207811,10120,445712,1
207811,10521,445710,1
207811,11253,445710,1
207815,2161,445736,1
207837,10527,445709,1
207844,2096,445714,1
207848,154,445718,1
207849,4639,445692,1
207854,5562,445694,1
207854,7518,445694,1
207878,7948,445715,1
207895,9109,445691,1
207898,722,445710,1
207898,2096,445710,1
207901,154,445690,1
207901,1164,445690,1
207901,4639,445690,1
207901,6784,445690,1
207901,7132,445690,1
207901,8062,445690,1
207901,8791,445690,1
207901,9138,445690,1
207902,154,445699,1
207906,9289,445718,1
207929,5529,445691,1
207929,5815,445691,1
207929,9138,445691,1
207935,4639,445692,1
207938,10120,445710,1
207942,4630,445760,1
207947,6514,445758,1
207952,1154,445715,1
207954,6019,445761,1
207954,8887,445759,1
207954,9262,445759,1
207954,9262,445761,1
207954,11181,445759,1
207965,6784,445705,1
207974,3548,445734,1
207975,9262,445760,1
207988,405,445697,1
207988,2509,445697,1
207988,8220,445697,1
207988,8686,445697,1
207988,9083,445697,1
208011,6514,445705,1
208014,722,445718,1
208023,8062,445735,1
208036,6535,445701,1
208048,5094,445761,1
208049,5249,445693,1
208052,4116,445760,3
208077,5172,445703,1
208077,10120,445703,1
208094,6074,445761,1
208094,6784,445761,1
208100,1164,445702,1
208100,1666,445702,1
208100,2485,445702,1
208100,4762,445702,1
208100,9262,445702,1
208118,7638,445759,1
208120,5820,445697,1
208120,6447,445697,1
208121,4762,445701,1
208122,3728,445717,1
208122,11233,445717,1
208134,1448,445701,1
208134,3118,445701,1
208134,5305,445701,1
208134,5796,445701,1
208134,7895,445701,1
208136,3955,445717,1
208142,3401,445703,1
208142,9262,445703,1
208151,154,445698,1
208151,4207,445698,1
208151,4207,445702,1
208151,4694,445698,1
208151,4694,445702,1
208155,4639,445708,1
208164,154,445699,1
208164,957,445710,1
208164,2809,445710,1
208164,11353,445691,1
208164,11353,445710,1
208165,3728,445717,1
208172,8062,445690,1
208175,722,445710,1
208192,154,445706,1
208192,2940,445706,1
208192,8114,445706,1
208192,10120,445706,1
208200,1316,445711,1
208234,7204,445697,1
208234,9326,445697,1
208246,154,445696,1
208246,10120,445715,1
208246,11386,445715,1
208260,154,445691,1
208260,835,445691,1
208268,1308,445689,1
208268,7399,445689,1
208268,8016,445689,1
208268,9748,445689,1
208270,6488,445742,1
208270,9634,445742,1
208272,3728,445705,1
208273,9579,445703,1
208298,3871,445718,1
208298,4434,445718,1
208298,4755,445718,1
208298,6784,445718,1
208309,3127,445702,1
208309,5599,445702,1
208328,852,445698,1
208328,4762,445698,1
208330,3728,445713,1
208330,4762,445713,1
208330,10120,445713,1
208330,11270,445713,1
208340,154,445700,1
208340,3871,445700,1
208347,3638,445704,1
208352,10395,445698,1
208354,3401,445760,1
208354,7473,445760,1
208354,9262,445760,1
208402,11316,445697,1
208417,1986,445735,1
208422,2548,445695,1
208422,6514,445695,1
208422,8016,445695,1
208448,6742,445713,1
208459,154,445705,1
208467,2509,445705,1
208467,3076,445705,1
208467,6255,445705,1
208468,7869,445758,1
208491,154,445712,1
208491,777,445712,1
208491,3401,445712,1
208491,9262,445712,1
208502,9129,445699,1
208516,4639,445704,1
208523,4639,445691,1
208528,6019,445709,1
208544,154,445707,1
208544,4983,445707,1
208558,4866,445692,1
208565,10348,445736,1
208579,6514,445691,1
208591,10743,445694,1
208592,8674,445736,1
208592,9371,445736,1
208592,11361,445736,1
208604,3393,445710,1
208604,4762,445710,1
208627,2880,445734,1
208627,3176,445734,1
208632,8141,445695,1
208634,7098,445736,1
208638,6235,445713,1
208638,10120,445713,1
208644,154,445696,1
208646,154,445707,1
208646,4274,445707,1
208646,5858,445707,1
208656,6845,445759,1
208656,6845,445760,1
208656,6845,445761,1
208656,9262,445761,1
208658,2800,445716,1
208659,2716,445693,1
208659,7084,445693,1
208660,2811,445735,2
208660,7616,445735,2
208660,8686,445735,2
208660,10390,445735,2
208663,2445,445718,1
208691,1396,445710,1
208694,8077,445741,1
208694,11065,445741,1
208697,154,445698,1
208697,9262,445698,1
208712,722,445710,2
208712,1300,445710,2
208712,2266,445710,2
208712,3728,445710,2
208712,4639,445710,2
208712,6488,445710,1
208712,7884,445710,2
208712,9168,445710,2
208712,9262,445710,2
208712,10120,445710,2
208715,1115,445760,1
208715,7995,445760,1
208716,1880,445700,2
208716,1880,445710,2
208716,7548,445700,2
208716,7548,445710,2
208716,7861,445700,2
208716,7861,445710,2
208716,8016,445700,2
208716,8016,445710,2
208725,1649,445758,1
208725,2445,445758,1
208725,8220,445758,1
208725,9539,445758,1
208726,1095,445736,1
208726,5474,445736,1
208726,9547,445736,1
208730,1480,445702,1
208730,7381,445702,1
208730,7566,445702,1
208768,8472,445702,1
208769,3728,445711,1
208769,9262,445711,1
208772,4007,445690,1
208772,4639,445690,1
208788,154,445734,1
208788,1396,445690,1
208788,4639,445690,1
208788,4639,445708,1
208788,9138,445690,1
208788,10120,445734,1
208792,6683,445695,1
208796,1499,445691,1
208796,3172,445691,1
208796,9023,445691,1
208797,8062,445693,1
208802,10020,445716,1
208808,154,445699,1
208808,8963,445699,1
208838,2809,445692,1
208851,3544,445691,1
208851,6784,445691,1
208851,7185,445691,1
208851,8696,445691,1
208851,9138,445714,1
208851,9709,445691,1
208851,10871,445691,1
208864,7013,445708,1
208868,10505,445736,1
208870,6800,445698,1
208870,11386,445698,1
208873,1762,445709,1
208873,2809,445709,1
208873,8277,445709,1
208873,10120,445709,1
208877,713,445713,1
208927,2685,445698,3
208927,8062,445698,3
208927,8355,445698,3
208927,9262,445698,3
208928,5147,445704,1
208948,126,445742,1
208948,9262,445742,1
208961,10788,445718,1
208977,4638,445760,1
208995,722,445693,1
208995,1635,445693,1
208995,8028,445693,1
208995,8791,445693,1
208997,4265,445703,1
209016,5791,445735,1
209020,9138,445717,1
209023,3886,445760,1
209023,5011,445760,1
209023,9262,445760,1
209025,1094,445698,1
209039,4007,445705,1
209039,4755,445705,1
209042,1076,445759,1
209042,2809,445759,1
209042,11386,445759,1
209046,523,445716,1
209067,2809,445702,1
209067,3401,445702,1
209067,6126,445702,1
209067,9262,445702,1
209067,10120,445702,1
209068,1094,445691,1
209077,540,445710,1
209077,4639,445710,1
209077,6019,445710,1
209077,7309,445710,1
209077,10073,445710,1
209077,10529,445710,1
209087,5862,445695,1
209094,6535,445709,1
209097,2548,445703,1
209097,3750,445703,1
209097,4687,445703,1
209097,6570,445703,1
209097,7956,445703,1
209104,10741,445693,1
209112,154,445708,1
209117,637,445759,1
209117,5050,445759,1
209117,5928,445759,1
209117,7132,445759,1
209117,10333,445759,1
209126,154,445697,1
209126,2625,445697,1
209126,2674,445697,1
209126,3458,445697,1
209126,4639,445697,1
209126,5880,445697,1
209126,7776,445697,1
209134,4445,445691,1
209136,7085,445702,1
209143,2225,445705,1
209152,8062,445689,1
209164,10219,445713,1
209166,10298,445703,1
209172,722,445706,3
209172,2594,445706,1
209172,2847,445706,1
209172,3401,445706,1
209172,3820,445706,1
209172,4762,445706,2
209172,8745,445706,1
209172,9909,445706,2
209172,10001,445706,1
209172,10275,445706,1
209172,10488,445706,1
209177,405,445707,1
209177,3871,445707,1
209177,6514,445707,1
209178,10120,445718,1
209186,6514,445710,1
209187,154,445689,1
209189,10195,445697,1
209211,154,445742,1
209218,1094,445693,1
209224,2161,445704,1
209224,3076,445704,1
209224,7349,445704,1
209252,8062,445693,1
209265,1164,445690,1
209265,3401,445690,1
209265,9138,445690,1
209265,9262,445690,1
209265,10390,445690,1
209266,6350,445699,1
209280,4531,445690,1
209280,4639,445690,1
209280,5419,445690,1
209280,6398,445709,1
209280,7569,445712,1
209280,9262,445690,1
209280,9262,445709,1
209280,9262,445712,1
209280,9505,445690,1
209280,10120,445709,1
209280,10120,445712,1
209280,11159,445690,1
209286,6621,445713,1
209293,3401,445690,1
209293,5832,445690,1
209293,9262,445690,1
209293,10176,445690,1
209319,1109,445699,1
209319,4639,445699,1
209332,154,445701,1
209332,6784,445701,1
209332,9023,445701,1
209340,4762,445692,1
209352,8062,445759,1
209363,154,445704,1
209364,154,445698,1
209366,5400,445712,1
209376,2809,445694,1
209376,5858,445694,1
209376,10195,445694,1
209428,154,445713,1
209428,3076,445713,1
209428,3871,445713,1
209428,4639,445713,1
209428,4762,445713,1
209428,7345,445713,1
209428,10120,445713,1
209428,11406,445713,1
209438,4639,445717,1
209438,6019,445717,1
209456,4539,445742,2
209459,5723,445734,1
209460,5663,445715,1
209460,6402,445715,1
209460,6914,445715,1
209467,3118,445699,1
209467,6801,445699,1
209473,3728,445706,1
209473,6514,445706,1
209478,6745,445700,1
209478,8063,445700,1
209478,8588,445700,1
209478,8791,445700,1
209478,8844,445700,1
209478,10248,445700,1
209492,5390,445741,1
209510,3281,445695,1
209510,9262,445695,1
209510,10253,445695,1
209556,154,445689,1
209556,1649,445689,1
209556,6475,445689,1
209556,7013,445689,1
209556,7569,445689,1
209556,8220,445689,1
209556,8791,445689,1
209593,6531,445761,1
209593,8191,445761,1
209593,11147,445761,1
209606,67,445718,1
209606,8206,445718,1
209642,5420,445691,1
209652,1039,445706,1
209654,4533,445758,1
209654,7716,445758,1
209658,405,445693,1
209663,154,445691,1
209700,7541,445713,1
209706,2850,445717,1
209714,2809,445715,1
209721,1738,445690,1
209721,2653,445690,1
209729,1342,445697,1
209738,6631,445690,1
209770,7754,445717,1
209770,11386,445717,1
209776,6488,445708,1
209776,6514,445708,1
209782,5085,445741,1
209782,7754,445741,1
209782,11386,445741,1
209790,4762,445691,1
209798,9262,445760,1
209807,154,445691,1
209836,1539,445695,1
209840,3815,445759,1
209866,154,445699,1
209866,4639,445699,1
209866,8035,445699,1
209867,154,445696,1
209909,733,445710,1
209909,7183,445710,1
209909,7552,445710,1
209909,9007,445710,1
209913,1142,445736,1
209913,10390,445736,1
209930,154,445759,1
209930,5011,445759,1
209942,154,445761,1
209942,1649,445761,1
209942,6784,445761,1
209942,9262,445761,1
209942,10248,445761,1
209944,9053,445691,1
209967,11245,445702,1
209968,7737,445760,1
209968,10302,445760,1
209970,5893,445703,1
209972,1649,445735,1
209972,8220,445735,1
209980,757,445708,1
209980,3188,445708,1
209980,3728,445708,1
209980,5315,445708,1
209980,7013,445708,1
209980,7398,445708,1
209980,8016,445708,1
209980,9262,445708,1
209987,2690,445742,1
209990,2877,445713,1
209998,4984,445715,1
209998,7132,445715,1
210000,3638,445717,1
210001,4762,445698,1
210001,7283,445698,1
210015,154,445735,1
210026,1268,445736,1
210034,154,445699,1
210034,5984,445699,1
210034,6995,445699,2
210034,7094,445699,1
210034,8436,445699,1
210065,7800,445706,1
210075,9262,445715,1
210077,154,445704,1
210077,1685,445704,1
210077,3734,445704,1
210077,4762,445704,1
210077,7167,445704,1
210077,8016,445704,1
210081,154,445708,1
210081,1164,445708,1
210081,3728,445708,1
210081,4232,445708,1
210081,4639,445708,1
210081,4793,445708,1
210081,4989,445708,1
210102,10597,445717,1
210109,4639,445704,1
210124,10501,445706,1
210148,154,445693,1
210148,1956,445693,1
210148,2064,445693,1
210148,3401,445693,2
210148,4639,445693,1
210148,8566,445693,1
210148,8681,445693,2
210148,10395,445693,1
210148,10532,445693,1
210151,8588,445690,1
210151,9262,445690,1
210151,9547,445690,1
210154,154,445712,1
210162,3044,445705,1
210162,5128,445705,1
210162,8112,445705,1
210162,9788,445705,1
210190,5799,445698,1
210191,6784,445696,1
210192,1441,445690,1
210202,1880,445707,1
210202,6535,445707,1
210202,9262,445707,1
210217,4546,445711,1
210217,9579,445711,1
210219,2946,445736,1
210219,4998,445736,1
210220,8191,445698,1
210228,8016,445694,1
210238,7922,445705,1
210242,154,445693,1
210242,7132,445693,1
210242,8791,445693,1
210290,10102,445760,1
210310,2662,445705,1
210310,8016,445705,1
210314,1237,445702,1
210314,9262,445702,1
210321,6845,445758,1
210332,154,445689,2
210332,154,445690,1
210332,1314,445689,2
210332,4639,445689,2
210332,4639,445690,1
210332,8016,445689,2
210332,8016,445690,1
210332,8062,445689,2
210332,8062,445690,1
210332,8791,445689,2
210332,8791,445690,1
210332,9068,445689,2
210332,9068,445690,1
210332,9138,445689,2
210332,9138,445690,1
210340,11386,445713,1
210341,4639,445702,1
210350,4907,445741,1
210350,7398,445741,1
210350,9064,445741,1
210373,2096,445715,1
210373,5513,445707,1
210373,5782,445707,1
210373,6019,445707,1
210373,7013,445707,1
210373,10490,445715,1
210381,154,445700,2
210391,3401,445696,1
210419,10120,445708,1
210454,9262,445759,1
210482,9262,445761,1
210486,7934,445734,1
210509,154,445694,1
210509,722,445694,1
210509,3401,445694,1
210509,4639,445694,1
210509,7569,445694,1
210509,8016,445694,1
210517,4434,445704,1
210523,4639,445700,1
210523,4762,445700,1
210523,5197,445700,1
210523,5858,445700,1
210541,154,445692,1
210541,2919,445692,1
210541,3879,445692,1
210541,7569,445692,1
210555,154,445700,1
210564,154,445692,1
210584,4655,445742,1
210607,9015,445735,1
210611,154,445691,1
210611,3103,445691,1
210624,6106,445711,1
210647,10120,445699,1
210667,1142,445695,1
210667,5865,445695,1
210667,6514,445695,1
210667,7826,445695,1
210674,1976,445702,1
210674,3871,445702,1
210674,9262,445702,1
210676,2086,445703,1
210676,3852,445703,1
210676,6248,445703,1
210676,7398,445703,1
210699,8062,445689,1
210705,8238,445707,1
210706,9138,445692,1
210728,154,445693,1
210728,9262,445693,1
210733,3401,445698,1
210733,6560,445698,1
210733,8271,445698,1
210733,9262,445698,1
210743,5918,445709,1
210749,1880,445735,1
210753,4086,445692,1
210760,3401,445759,1
210760,5529,445759,1
210792,5011,445741,1
210815,1649,445761,1
210815,4762,445761,1
210830,154,445696,1
210830,4639,445696,1
210834,4639,445691,1
210840,154,445695,1
210847,154,445698,1
210847,3401,445698,1
210847,9262,445698,1
210851,3808,445708,1
210860,5862,445717,1
210875,7877,445702,1
210877,6784,445699,1
210880,2809,445735,1
210912,6040,445708,1
210937,185,445705,1
210937,2809,445705,1
210937,6514,445705,1
210940,3360,445711,1
210945,4755,445693,1
210953,30,445701,1
210957,409,445714,1
210957,639,445714,1
210957,1868,445714,1
210957,5103,445714,1
210957,6816,445714,1
210957,7132,445714,1
210957,8062,445714,1
210957,8596,445714,1
210957,9262,445714,1
210966,877,445694,1
210966,2096,445694,1
210970,8016,445700,1
210982,6742,445718,1
210988,7296,445761,1
210992,8062,445708,1
211000,4762,445736,1
211000,5197,445736,1
211000,6514,445736,1
211004,7013,445760,1
211004,10053,445760,1
211017,10885,445695,1
211020,7569,445690,1
211034,8062,445698,1
211042,3750,445703,1
211064,8220,445715,1
211064,9674,445715,1
211064,11391,445715,1
211068,9341,445698,1
211102,154,445691,1
211133,8620,445701,1
211143,6019,445697,1
211143,9262,445697,1
211143,10504,445698,1
211150,154,445694,1
211150,3401,445694,1
211150,3871,445694,1
211150,4171,445694,1
211150,6241,445694,1
211150,6538,445694,1
211150,8799,445694,1
211150,9262,445694,1
211152,11386,445761,1
211170,4447,445716,2
211170,4813,445716,1
211173,2741,445703,1
211176,6235,445689,1
211176,9262,445689,1
211203,7956,445692,1
211203,8083,445692,1
211206,4266,445707,1
211206,4938,445707,1
211206,10227,445707,1
211209,2809,445714,1
211212,154,445691,1
211236,10223,445692,1
211249,154,445692,1
211249,1631,445692,1
211249,9262,445692,1
211259,7922,445702,1
211265,2809,445707,1
211279,5220,445700,1
211285,1598,445742,1
211286,320,445715,1
211286,1396,445715,1
211286,1814,445715,1
211286,2707,445715,1
211286,4762,445715,1
211286,6742,445715,1
211286,10053,445715,1
211310,7750,445701,1
211310,10969,445701,1
211317,9044,445716,1
211327,1316,445697,1
211327,1354,445697,1
211327,9262,445697,1
211340,6784,445709,1
211341,4639,445698,1
211345,154,445691,1
211345,8062,445691,1
211345,9138,445691,1
211356,9757,445715,1
211365,1649,445716,1
211365,8220,445716,1
211393,154,445735,1
211393,4344,445735,1
211419,8062,445713,1
211424,7754,445696,1
211430,9262,445701,1
211437,5943,445713,1
211445,10120,445716,1
211446,606,445759,1
211453,10120,445742,1
211465,4762,445701,1
211465,5197,445701,1
211465,6412,445701,1
211465,10023,445701,1
211500,3728,445708,1
211500,9262,445708,1
211502,4342,445742,1
211502,6784,445742,1
211502,7132,445742,1
211508,5465,445710,1
211530,1300,445711,1
211530,3263,445711,1
211530,3728,445711,1
211530,4639,445711,1
211530,6205,445711,1
211530,6535,445711,1
211530,9763,445711,1
211530,10120,445711,1
211549,3773,445698,1
211551,102,445735,1
211551,154,445735,1
211561,1649,445759,1
211561,6019,445759,1
211561,7569,445759,1
211561,8220,445759,1
211561,9318,445759,1
211564,1316,445691,1
211575,1798,445709,1
211575,2096,445709,1
211575,3295,445709,1
211575,4639,445709,1
211575,4762,445709,1
211575,7132,445709,1
211580,1112,445696,1
211580,11015,445696,1
211595,3793,445718,1
211598,7711,445710,1
211598,7711,445711,1
211603,3544,445742,1
211617,777,445714,1
211627,4344,445715,1
211627,4751,445715,1
211630,5371,445692,1
211644,1306,445693,1
211644,3718,445693,2
211644,4531,445693,1
211644,4602,445693,1
211644,4646,445693,1
211644,4997,445693,1
211644,5067,445693,2
211644,6090,445693,2
211644,6784,445693,2
211644,7401,445693,1
211644,7956,445693,1
211644,10212,445693,1
211644,10248,445693,1
211655,7428,445760,1
211660,9882,445697,1
211666,8062,445716,1
211668,154,445705,1
211678,6458,445695,5
211692,5220,445693,1
211699,10120,445735,1
211708,7723,445703,1
211713,7428,445704,1
211730,2557,445690,1
211730,4639,445690,1
211746,8062,445691,1
211754,8170,445714,1
211758,2361,445691,1
211758,4171,445713,1
211758,4441,445713,1
211759,1731,445693,1
211759,3128,445693,1
211771,7029,445701,1
211775,1633,445703,1
211775,5397,445703,1
211785,10619,445742,1
211800,154,445703,1
211800,637,445703,2
211800,718,445703,1
211800,2459,445703,1
211800,3004,445703,1
211801,1970,445695,1
211801,4639,445695,1
211805,9490,445742,1
211806,154,445700,1
211806,4639,445700,1
211806,7569,445700,1
211806,9661,445700,1
211825,6091,445734,1
211825,10407,445734,1
211846,2809,445691,1
211846,10169,445716,1
211849,8062,445716,1
211863,154,445698,1
211863,908,445698,1
211863,5858,445698,1
211863,11280,445698,1
211868,5782,445705,1
211868,6440,445705,1
211868,9987,445705,1
211880,3076,445707,1
211880,3401,445707,1
211883,1194,445760,1
211883,1537,445760,1
211883,10761,445760,1
211898,6350,445715,1
211910,1649,445741,1
211910,7013,445741,1
211910,8220,445741,1
211938,434,445717,1
211938,7353,445717,1
211938,11386,445717,1
211956,300,445758,1
211956,3401,445709,1
211956,3401,445758,1
211956,3785,445758,1
211956,3871,445758,1
211956,4639,445709,1
211956,4884,445758,1
211956,5011,445758,1
211956,6535,445709,1
211956,6784,445709,1
211956,9262,445758,1
211956,10120,445709,1
211956,10390,445709,1
211958,93,445694,1
211958,5338,445694,1
211961,8,445715,1
211961,1571,445715,1
211961,9404,445715,1
211961,10499,445715,1
211982,412,445692,1
211988,4639,445693,1
212007,3638,445760,1
212013,9262,445703,1
212015,154,445758,1
212018,647,445718,1
212024,2158,445692,1
212024,8170,445692,1
212024,9262,445692,1
212025,154,445691,1
212025,4762,445691,1
212025,6995,445691,1
212037,7733,445689,1
212054,154,445698,1
212054,1595,445701,1
212054,4639,445701,1
212054,5858,445698,1
212054,7398,445698,1
212054,10924,445698,1
212066,8062,445736,1
212066,9262,445736,1
212066,10788,445736,1
212082,154,445701,1
212082,722,445701,1
212082,964,445701,1
212082,2928,445701,1
212082,3632,445701,1
212082,5939,445701,1
212082,6769,445701,1
212082,10351,445701,1
212082,10394,445701,1
212088,2744,445702,1
212088,4639,445702,1
212091,7518,445742,1
212095,10392,445699,1
212100,5321,445713,1
212100,6488,445713,1
212100,11287,445713,1
212103,6784,445707,1
212103,7132,445707,1
212103,7284,445707,1
212136,2490,445690,1
212136,3276,445690,1
212136,3401,445690,1
212136,3638,445690,1
212136,9262,445690,1
212151,7379,445707,1
212167,9160,445741,1
212172,2307,445761,1
212178,11167,445697,1
212179,11386,445714,1
212194,10527,445706,1
212200,6019,445736,1
212200,6019,445759,1
212200,6019,445761,1
