user,hashtag,hour,weight
2815863258,1000,422351,3
2815863258,1001,422351,3
2815863258,1002,422351,3
2815863258,1003,422351,1
188684410,1004,422351,2
203332379,1005,422351,1
1468463726,1006,422351,1
1468463726,1007,422351,1
1180025371,1008,422351,1
1180025371,1009,422351,1
1180025371,1010,422351,1
516801659,1011,422351,1
516801659,1012,422351,1
516801659,1013,422351,1
3121750933,1014,422351,1
3121750933,1015,422351,1
1180025371,1016,422351,10
423862419,1017,422351,1
423862419,1018,422351,1
41823305,1019,422351,1
17035064,1020,422351,1
17035064,1021,422351,1
188684410,1022,422351,1
2987020974,1023,422351,1
158284320,1024,422351,1
21811086,1025,422351,1
21811086,1026,422351,1
427424201,1027,422351,1
2987020974,1028,422351,1
2987020974,1029,422351,1
51130342,1030,422351,2
31317891,1031,422351,1
50078242,1032,422351,1
50078242,1033,422351,1
268283923,1034,422351,1
516801659,1035,422351,1
516801659,1036,422351,1
516801659,1037,422351,1
516801659,1038,422351,1
21317544,1039,422351,1
21317544,1040,422351,1
1180025371,1041,422351,1
251776220,1042,422351,1
251776220,1043,422351,1
251776220,1044,422351,1
251776220,1045,422351,1
251776220,1046,422351,1
21317544,1047,422351,1
516801659,1048,422351,1
516801659,1049,422351,1
516801659,1050,422351,1
117517223,1051,422351,1
117517223,1052,422351,1
117517223,1053,422351,1
117517223,1054,422351,1
117517223,1055,422351,1
452483362,1056,422351,1
452483362,1057,422351,1
925539595957268480,1058,422351,1
925539595957268480,1059,422351,1
925539595957268480,1060,422351,1
925539595957268480,1061,422351,1
925539595957268480,1062,422351,1
925539595957268480,1063,422351,1
925539595957268480,1064,422351,1
3086338765,1003,422351,1
3086338765,1065,422351,1
785213265454374912,1066,422351,1
785213265454374912,1067,422351,1
785213265454374912,1068,422351,1
785213265454374912,1069,422351,1
785213265454374912,1070,422351,1
785213265454374912,1071,422351,1
503911925,1072,422351,1
503911925,1073,422351,1
503911925,1074,422351,1
503911925,1075,422351,1
503911925,1076,422351,1
31577021,1077,422351,1
31577021,1078,422351,1
31577021,1079,422351,1
31577021,1080,422351,1
48804747,1081,422351,1
48804747,1082,422351,1
48804747,1083,422351,1
48804747,1084,422351,1
18769024,1085,422351,1
18769024,1086,422351,1
18769024,1087,422351,1
42666285,1088,422352,1
42666285,1089,422352,1
42666285,1090,422352,1
2815863258,1000,422352,5
2815863258,1001,422352,5
2815863258,1002,422352,5
2815863258,1003,422352,5
18769024,1091,422352,1
18769024,1092,422352,1
31050688,1093,422352,1
31050688,1094,422352,1
31050688,1095,422352,1
31050688,1096,422352,1
31050688,1097,422352,1
31050688,1098,422352,1
31050688,1099,422352,1
31050688,1100,422352,1
31050688,1101,422352,1
2267807461,1102,422352,1
2267807461,1103,422352,1
795650513257791488,1104,422352,1
3131557383,1105,422352,1
3131557383,1106,422352,1
3131557383,1107,422352,1
3131557383,1108,422352,1
3131557383,1109,422352,1
2876946738,1110,422352,1
1377615098,1111,422352,1
75642091,1112,422352,1
75642091,1113,422352,1
75642091,1027,422352,1
17216173,1114,422352,1
1180025371,1010,422352,2
1180025371,1008,422352,2
1180025371,1115,422352,2
16966202,1116,422352,1
16966202,1117,422352,1
1180025371,1016,422352,5
31317891,1118,422352,1
31317891,1119,422352,1
31317891,1120,422352,1
165585348,1121,422352,1
165585348,1122,422352,1
19902649,1123,422352,1
19902649,1124,422352,1
19902649,1125,422352,1
394751034,1003,422352,1
713573958742904834,1126,422352,1
713573958742904834,1003,422352,1
26510688,1127,422352,1
26510688,1128,422352,1
26510688,1129,422352,1
26510688,1130,422352,1
26510688,1131,422352,1
26510688,1132,422352,1
7991842,1133,422352,1
7991842,1134,422352,1
7991842,1135,422352,1
7991842,1039,422352,1
7991842,1136,422352,1
15673984,1137,422352,1
15673984,1138,422352,1
15673984,1139,422352,1
253163980,1140,422352,1
253163980,1141,422352,1
253163980,1142,422352,1
253163980,1143,422352,1
18531506,1144,422352,3
18531506,1145,422352,3
18531506,1146,422352,3
18531506,1147,422352,3
18531506,1148,422352,3
18531506,1149,422352,3
1483039946,1150,422352,1
1483039946,1151,422352,1
1483039946,1152,422352,1
162805587,1090,422352,1
162805587,1153,422352,1
162805587,1154,422352,1
262170975,1155,422352,1
262170975,1156,422352,1
262170975,1157,422352,1
262170975,1158,422352,1
262170975,1159,422352,1
262170975,1160,422352,1
262170975,1161,422352,1
262170975,1162,422352,1
117578433,1163,422352,1
117578433,1164,422352,1
117578433,1165,422352,1
785213265454374912,1067,422352,2
785213265454374912,1068,422352,2
785213265454374912,1069,422352,2
785213265454374912,1070,422352,2
1180025371,1166,422352,2
27679852,1167,422352,1
27679852,1168,422352,1
1180025371,1169,422352,1
18531506,1170,422352,2
19836394,1171,422352,1
2992263956,1172,422352,1
2992263956,1173,422352,1
2992263956,1174,422352,1
2992263956,1175,422352,1
821942989778026496,1176,422352,1
1180025371,1177,422352,1
2815863258,1000,422353,1
2815863258,1001,422353,1
2815863258,1002,422353,1
1180025371,1010,422353,2
1180025371,1166,422353,3
1180025371,1008,422353,1
1180025371,1115,422353,2
1180025371,1169,422353,1
20667173,1178,422353,1
1410671952,1179,422353,1
1410671952,1180,422353,1
1410671952,1181,422353,1
1410671952,1099,422353,1
83431030,1182,422353,1
83431030,1183,422353,1
83431030,1184,422353,1
83431030,1185,422353,1
83431030,1186,422353,1
83431030,1187,422353,1
83431030,1188,422353,1
83431030,1189,422353,1
83431030,1190,422353,1
808453413159759873,1191,422353,1
808453413159759873,1192,422353,1
808453413159759873,1193,422353,1
1180025371,1194,422353,3
1180025371,1016,422353,10
1180025371,1195,422353,2
25643321,1003,422353,1
25643321,1196,422353,1
25643321,1197,422353,1
1557944072,1019,422353,1
90903507,1198,422353,1
90903507,1199,422353,1
90903507,1200,422353,1
90903507,1201,422353,1
236602687,1202,422353,1
114796115,1003,422353,1
3160486188,1203,422353,1
3160486188,1204,422353,1
3160486188,1205,422353,1
47248291,1206,422353,1
440936933,1207,422353,1
440936933,1208,422353,1
440936933,1209,422353,1
440936933,1063,422353,1
440936933,1210,422353,1
440936933,1211,422353,1
440936933,1212,422353,1
68913970,1213,422353,1
68913970,1214,422353,1
68913970,1215,422353,1
68913970,1216,422353,1
68913970,1217,422353,1
49009550,1218,422353,1
49009550,1219,422353,1
49009550,1220,422353,1
49009550,1221,422353,1
49009550,1222,422353,1
909211746677805056,1223,422353,1
16039183,1224,422353,1
16039183,1225,422353,1
16039183,1226,422353,1
16039183,1227,422353,1
16039183,1228,422353,1
16541331,1229,422353,1
1180025371,1230,422353,1
25682309,1231,422353,1
25682309,1232,422353,1
25682309,1233,422353,1
44111237,1234,422353,5
44111237,1235,422353,5
44111237,1236,422353,5
16561148,1237,422353,1
16561148,1238,422353,1
16561148,1239,422353,1
821942989778026496,1176,422353,1
821942989778026496,1240,422353,1
821942989778026496,1241,422353,1
821942989778026496,1242,422353,1
166762827,1243,422353,1
16262416,1244,422353,1
16262416,1245,422353,1
27822518,1246,422353,1
925539595957268480,1058,422353,1
925539595957268480,1059,422353,1
3086338765,1247,422353,1
3086338765,1248,422353,1
3086338765,1249,422353,1
1411601900,1250,422353,1
1411601900,1251,422353,1
3042467750,1252,422353,1
216039050,1253,422353,1
216039050,1254,422353,1
216039050,1255,422353,1
216039050,1256,422353,1
216039050,1257,422353,1
1180025371,1258,422353,4
1180025371,1259,422353,1
42234762,1003,422353,1
2815863258,1000,422354,3
2815863258,1001,422354,3
2815863258,1002,422354,2
42666285,1260,422354,1
42666285,1261,422354,1
44111237,1234,422354,4
44111237,1235,422354,4
44111237,1236,422354,4
316700634,1219,422354,1
44111237,1262,422354,4
44111237,1263,422354,3
44111237,1264,422354,1
50203824,1104,422354,1
227767298,1265,422354,1
227767298,1266,422354,1
954091849,1003,422354,1
91044313,1267,422354,1
91044313,1268,422354,1
30020669,1101,422354,1
30020669,1269,422354,1
150620349,1270,422354,1
150620349,1271,422354,1
150620349,1272,422354,1
150620349,1273,422354,1
1180025371,1194,422354,2
1180025371,1195,422354,2
1180025371,1274,422354,3
1180025371,1010,422354,2
1180025371,1230,422354,1
446609479,1275,422354,1
278164340,1003,422354,1
1180025371,1016,422354,3
172860085,1003,422354,1
172860085,1276,422354,1
303281594,1126,422354,1
303281594,1036,422354,1
303281594,1277,422354,1
303281594,1278,422354,1
303281594,1279,422354,1
224064154,1280,422354,1
85358766,1281,422354,1
85358766,1003,422354,1
16320537,1282,422354,3
1180025371,1283,422354,1
165585348,1284,422354,1
165585348,1285,422354,1
165585348,1286,422354,1
165585348,1287,422354,1
55075435,1288,422354,1
16136553,1289,422354,1
933165969609854981,1290,422354,1
933165969609854981,1291,422354,1
933165969609854981,1292,422354,1
933165969609854981,1214,422354,1
23291568,1293,422354,1
30026308,1195,422354,1
316909021,1294,422354,1
303281594,1295,422354,1
303281594,1296,422354,1
303281594,1297,422354,1
303281594,1298,422354,1
303281594,1299,422354,1
303281594,1300,422354,1
303281594,1301,422354,1
303281594,1302,422354,1
42777690,1303,422354,1
42777690,1304,422354,1
42777690,1305,422354,1
181991754,1306,422354,1
181991754,1307,422354,1
2815863258,1000,422355,4
2815863258,1001,422355,4
2815863258,1002,422355,4
2815863258,1003,422355,1
116072145,1308,422355,1
116072145,1309,422355,1
44111237,1262,422355,1
44111237,1263,422355,1
3098972042,1310,422355,1
3098972042,1311,422355,1
3098972042,1312,422355,1
3098972042,1313,422355,1
3098972042,1314,422355,1
3098972042,1315,422355,1
3098972042,1316,422355,1
3279992892,1317,422355,1
1180025371,1016,422355,13
1180025371,1318,422355,3
188684410,1319,422355,1
188684410,1320,422355,1
188684410,1321,422355,1
22194996,1322,422355,1
22194996,1323,422355,1
22194996,1324,422355,1
22194996,1325,422355,1
22194996,1326,422355,1
22194996,1327,422355,1
22194996,1328,422355,1
2445855570,1329,422355,1
2445855570,1330,422355,1
35762101,1331,422355,1
2371195758,1332,422355,1
2371195758,1333,422355,1
2371195758,1211,422355,1
2371195758,1334,422355,1
2371195758,1335,422355,1
2371195758,1336,422355,1
971831,1337,422355,1
971831,1338,422355,1
188684410,1339,422355,1
188684410,1340,422355,1
188684410,1341,422355,1
31553533,1342,422355,1
31553533,1343,422355,1
1315374666,1344,422355,1
1315374666,1345,422355,1
303281594,1346,422355,1
303281594,1347,422355,1
303281594,1348,422355,1
40592323,1349,422355,1
348307387,1331,422355,1
348307387,1287,422355,1
348307387,1263,422355,1
348307387,1350,422355,1
4484735058,1351,422355,1
4484735058,1003,422355,1
4484735058,1352,422355,1
1180025371,1283,422355,2
1180025371,1194,422355,2
1180025371,1195,422355,2
1180025371,1274,422355,2
35762101,1353,422355,1
35762101,1354,422355,1
35762101,1355,422355,1
427683210,1186,422355,1
427683210,1356,422355,1
427683210,1357,422355,1
427683210,1358,422355,1
427683210,1359,422355,1
427683210,1360,422355,1
427683210,1361,422355,1
427683210,1362,422355,1
188684410,1363,422355,2
188684410,1364,422355,2
188684410,1365,422355,2
188684410,1366,422355,1
33976616,1367,422355,1
75642091,1368,422355,1
75642091,1369,422355,1
75642091,1062,422355,1
75642091,1347,422355,1
939311,1370,422355,1
390641266,1371,422355,1
390641266,1372,422355,1
390641266,1373,422355,1
390641266,1374,422355,1
390641266,1375,422355,1
1180025371,1376,422355,7
4857184789,1377,422355,1
4857184789,1063,422355,1
4857184789,1378,422355,1
4857184789,1379,422355,1
4857184789,1380,422355,1
4857184789,1381,422355,1
1180025371,1382,422355,1
799708890791178240,1383,422355,2
246557733,1104,422355,1
246557733,1384,422355,1
246557733,1385,422355,1
246557733,1386,422355,1
519182001,1387,422355,1
519182001,1388,422355,1
3396746410,1090,422355,1
20662865,1389,422355,1
20662865,1390,422355,1
20662865,1391,422355,1
20662865,1392,422355,1
20662865,1393,422355,1
20662865,1394,422355,1
20662865,1395,422355,1
17329901,1396,422355,1
17329901,1272,422355,1
83662371,1397,422355,1
443056507,1398,422355,2
443056507,1104,422355,1
443056507,1399,422355,1
360837913,1400,422355,1
360837913,1401,422355,1
360837913,1402,422355,1
22054705,1403,422355,1
22054705,1404,422355,1
1477616912,1219,422355,1
1477616912,1405,422355,2
484102725,1406,422355,1
484102725,1407,422355,1
427424201,1027,422355,1
42666285,1408,422356,1
42666285,1409,422356,1
42666285,1260,422356,1
799708890791178240,1383,422356,1
1180025371,1283,422356,2
1180025371,1318,422356,1
1180025371,1376,422356,1
1180025371,1410,422356,1
1180025371,1411,422356,1
353194903,1412,422356,1
181991754,1306,422356,1
181991754,1413,422356,1
181991754,1307,422356,1
42777690,1414,422356,1
42777690,1415,422356,1
33332954,1019,422356,2
939311,1370,422356,2
33332954,1416,422356,2
201139912,1417,422356,1
452483362,1418,422356,1
143242480,1419,422356,1
2815863258,1000,422356,1
2815863258,1001,422356,1
2815863258,1002,422356,1
42777690,1003,422356,1
14220191,1420,422356,1
14220191,1421,422356,1
14220191,1422,422356,1
14220191,1423,422356,1
14220191,1424,422356,1
821942989778026496,1176,422356,1
821942989778026496,1240,422356,1
2459834052,1138,422356,1
2459834052,1003,422356,1
2691882793,1425,422356,1
2691882793,1426,422356,1
2691882793,1427,422356,1
2691882793,1062,422356,1
2691882793,1428,422356,1
2691882793,1429,422356,1
2691882793,1423,422356,1
2691882793,1430,422356,1
2691882793,1431,422356,1
2691882793,1432,422356,1
175505385,1433,422356,1
175505385,1434,422356,1
27822518,1435,422356,1
19167916,1104,422356,1
1180025371,1016,422356,2
20667173,1436,422356,1
20667173,1437,422356,1
20667173,1438,422356,1
20667173,1439,422356,1
42666285,1409,422357,1
42666285,1003,422357,1
788960368903106561,1003,422357,1
788960368903106561,1440,422357,1
1180025371,1411,422357,2
1180025371,1194,422357,2
1180025371,1195,422357,1
1180025371,1318,422357,2
1180025371,1410,422357,1
772892024,1441,422357,1
772892024,1442,422357,1
280837361,1443,422357,1
1180025371,1376,422357,2
1180025371,1016,422357,4
15834955,1003,422357,1
21708721,1444,422357,1
21708721,1445,422357,1
21708721,1446,422357,1
21708721,1447,422357,1
954091849,1448,422357,2
348307387,1449,422357,1
1878021679,1413,422357,1
1878021679,1450,422357,1
1878021679,1451,422357,1
1878021679,1452,422357,1
22054705,1453,422357,1
22054705,1454,422357,1
22054705,1165,422357,1
51130342,1455,422357,1
821942989778026496,1176,422357,1
821942989778026496,1240,422357,1
821942989778026496,1241,422357,1
50059348,1456,422357,1
50059348,1457,422357,1
50059348,1458,422357,1
15955769,1459,422357,1
15955769,1460,422357,1
356889953,1461,422357,1
356889953,1462,422357,1
356889953,1463,422357,1
442061093,1464,422357,1
442061093,1465,422357,1
218151702,1003,422357,1
250295256,1466,422357,2
427683210,1467,422357,1
427683210,1468,422357,1
427683210,1469,422357,1
19291664,1470,422357,1
19291664,1471,422357,1
19291664,1472,422357,1
19291664,1473,422357,1
19291664,1474,422357,1
19291664,1475,422357,1
485875060,1476,422357,1
485875060,1477,422357,1
485875060,1478,422357,1
485875060,1479,422357,1
1180025371,1480,422357,1
2315257075,1481,422357,1
1180025371,1482,422357,1
427683210,1186,422357,1
427683210,1356,422357,1
427683210,1357,422357,1
427683210,1358,422357,1
427683210,1359,422357,1
427683210,1360,422357,1
427683210,1361,422357,1
427683210,1362,422357,1
1250420450,1483,422357,1
1250420450,1484,422357,1
1250420450,1485,422357,1
1180025371,1283,422357,1
19936920,1486,422357,1
538688050,1487,422357,1
23824743,1488,422357,1
23824743,1489,422357,1
23824743,1490,422357,1
227767298,1491,422357,1
227767298,1265,422357,1
227767298,1492,422357,1
19043074,1493,422357,1
19043074,1494,422357,1
172860085,1495,422357,1
172860085,1496,422357,1
172860085,1497,422357,1
172860085,1498,422357,1
525833057,1499,422357,1
525833057,1500,422357,1
1283002441,1501,422357,1
1283002441,1502,422357,1
609692778,1003,422357,1
609692778,1503,422357,1
250295256,1504,422357,1
42666285,1260,422358,1
42666285,1505,422358,1
42666285,1003,422358,1
1180241856,1506,422358,1
821942989778026496,1176,422358,2
821942989778026496,1240,422358,2
821942989778026496,1241,422358,1
20773271,1507,422358,1
20773271,1508,422358,1
20773271,1509,422358,1
20773271,1510,422358,1
20773271,1511,422358,1
20773271,1512,422358,1
20773271,1513,422358,1
92186516,1514,422358,2
92186516,1515,422358,2
92186516,1516,422358,2
92186516,1186,422358,2
1180025371,1016,422358,1
3098972042,1517,422358,1
3098972042,1518,422358,1
3098972042,1519,422358,1
485875060,1476,422358,1
485875060,1477,422358,1
35247891,1019,422358,1
20385424,1520,422358,1
20385424,1521,422358,1
20385424,1522,422358,1
20385424,1523,422358,1
20385424,1524,422358,1
20385424,1525,422358,1
42666285,1409,422359,1
42666285,1526,422359,1
143705429,1019,422359,1
143705429,1527,422359,1
3098972042,1528,422359,1
3098972042,1465,422359,1
3098972042,1529,422359,1
3098972042,1530,422359,1
3098972042,1531,422359,1
2898008660,1532,422359,1
2898008660,1533,422359,1
2898008660,1534,422359,1
2898008660,1535,422359,1
2898008660,1536,422359,1
2898008660,1537,422359,1
2457278850,1538,422359,1
2457278850,1539,422359,1
2457278850,1540,422359,1
2457278850,1541,422359,1
2457278850,1542,422359,1
1180025371,1482,422359,1
1180025371,1016,422359,6
110499296,1543,422359,1
110499296,1544,422359,1
110499296,1545,422359,1
110499296,1546,422359,1
110499296,1287,422359,1
908420553807155200,1027,422359,1
908420553807155200,1003,422359,1
277816850,1547,422359,1
37974122,1003,422359,1
37974122,1548,422359,1
37974122,1549,422359,1
1180025371,1259,422359,1
277816850,1550,422359,1
277816850,1551,422359,1
277816850,1552,422359,1
277816850,1553,422359,1
3121130611,1003,422359,1
21708721,1001,422359,1
21708721,1003,422359,1
257772785,1554,422359,1
257772785,1555,422359,1
257772785,1263,422359,1
402947402,1003,422359,1
417557721,1556,422359,1
417557721,1557,422359,1
417557721,1558,422359,1
192019929,1003,422359,1
4878491463,1559,422359,1
4878491463,1003,422359,1
1180025371,1560,422360,1
1180025371,1561,422360,1
1180025371,1482,422360,1
188684410,1562,422360,5
188684410,1563,422360,3
188684410,1564,422360,1
188684410,1565,422360,3
188684410,1566,422360,1
188684410,1567,422360,2
188684410,1568,422360,1
188684410,1569,422360,1
188684410,1570,422360,1
47248291,1571,422360,1
47248291,1572,422360,1
47248291,1573,422360,1
47248291,1574,422360,1
188684410,1575,422360,1
188684410,1576,422360,1
188684410,1577,422360,1
188684410,1578,422360,2
188684410,1579,422360,1
188684410,1580,422360,1
188684410,1581,422360,2
188684410,1582,422360,3
188684410,1583,422360,1
188684410,1584,422360,1
2183619445,1585,422360,1
2183619445,1254,422360,1
2183619445,1586,422360,1
1180025371,1259,422360,2
19291664,1587,422360,1
19291664,1003,422360,1
19291664,1588,422360,1
19291664,1589,422360,1
38535002,1590,422360,1
1180025371,1591,422360,7
1180025371,1016,422360,9
188684410,1004,422360,2
1180025371,1464,422360,1
1180025371,1115,422360,1
1180025371,1592,422360,1
1058520127,1419,422360,1
598956885,1593,422360,1
598956885,1594,422360,1
598956885,1595,422360,1
2349257468,1596,422360,1
2349257468,1597,422360,1
36815578,1598,422360,1
36815578,1599,422360,1
36815578,1600,422360,1
36815578,1601,422360,1
2155897448,1602,422360,2
2155897448,1603,422360,2
2155897448,1604,422360,1
2155897448,1605,422360,1
2155897448,1606,422360,1
2155897448,1036,422360,1
42666285,1408,422361,1
42666285,1261,422361,1
1133071056,1607,422361,1
1133071056,1608,422361,1
1133071056,1609,422361,1
1133071056,1610,422361,1
1133071056,1611,422361,1
1180025371,1560,422361,1
1180025371,1482,422361,1
1180025371,1592,422361,1
1180025371,1561,422361,1
100938540,1003,422361,1
36815578,1612,422361,1
36815578,1613,422361,1
36815578,1614,422361,1
36815578,1615,422361,1
2155897448,1616,422361,1
2155897448,1617,422361,1
2155897448,1618,422361,1
2155897448,1619,422361,1
1180025371,1016,422361,1
3307419895,1003,422361,1
3307419895,1482,422361,1
3307419895,1620,422361,1
104282341,1126,422361,1
104282341,1003,422361,1
104282341,1621,422361,1
104282341,1622,422361,1
104282341,1623,422361,1
104282341,1624,422361,1
104282341,1625,422361,1
31390790,1626,422361,1
62583356,1003,422361,1
62583356,1627,422361,1
224064154,1003,422361,1
224064154,1628,422361,1
224064154,1280,422361,1
224064154,1629,422361,1
224064154,1630,422361,1
224064154,1631,422361,1
390641266,1372,422361,1
390641266,1373,422361,1
390641266,1374,422361,1
390641266,1375,422361,1
42666285,1408,422362,1
42666285,1261,422362,1
43070933,1003,422362,1
43070933,1632,422362,1
1180025371,1016,422362,27
1180025371,1633,422362,1
53694392,1003,422362,1
1180025371,1259,422362,2
1180025371,1634,422362,5
22324461,1635,422362,1
503911925,1636,422362,1
503911925,1637,422362,1
503911925,1638,422362,1
503911925,1639,422362,1
503911925,1640,422362,1
503911925,1641,422362,1
503911925,1642,422362,1
1180025371,1482,422362,1
1180025371,1560,422362,1
1180025371,1592,422362,1
1180025371,1411,422362,1
254707873,1643,422362,1
254707873,1003,422362,1
254707873,1644,422362,1
189786780,1003,422362,1
65341634,1282,422362,2
103936477,1003,422362,1
2724333695,1645,422362,1
19481072,1003,422362,1
19481072,1646,422362,1
19481072,1027,422362,1
72665113,1643,422362,1
72665113,1003,422362,1
72665113,1647,422362,1
16966202,1189,422362,1
42666285,1526,422363,1
42666285,1409,422363,1
42666285,1408,422363,1
105238736,1648,422363,1
823293471184318472,1003,422363,2
119929471,1003,422363,1
58449663,1003,422363,1
268283923,1034,422363,1
268283923,1649,422363,1
485875060,1650,422363,1
485875060,1651,422363,1
19902649,1123,422363,2
65341634,1282,422363,1
65341634,1652,422363,1
1180025371,1653,422363,7
1180025371,1016,422363,20
19612870,1003,422363,1
19612870,1648,422363,1
19612870,1654,422363,1
1180025371,1655,422363,1
117517223,1003,422363,2
117517223,1656,422363,1
1180025371,1657,422363,1
102093426,1658,422363,1
102093426,1003,422363,1
75642091,1659,422363,1
75642091,1027,422363,1
75642091,1646,422363,1
764124681649528834,1003,422363,1
33631023,1003,422363,1
33631023,1660,422363,1
33631023,1661,422363,1
348076073,1003,422363,1
254876356,1662,422363,1
254876356,1663,422363,1
254876356,1664,422363,1
15072282,1003,422363,1
4629,1003,422363,1
299589491,1003,422363,1
273616432,1003,422363,1
273616432,1457,422363,1
36773041,1003,422363,1
36773041,1665,422363,1
1180025371,1259,422363,1
16427245,1003,422363,1
117517223,1666,422363,1
117517223,1667,422363,1
418156190,1003,422363,2
447009765,1003,422363,1
447009765,1668,422363,1
61547959,1003,422363,1
61547959,1138,422363,1
61547959,1669,422363,1
61547959,1404,422363,1
24416464,1670,422363,1
24416464,1671,422363,1
24416464,1672,422363,1
24416464,1673,422363,1
24416464,1674,422363,1
42666285,1408,422364,1
42666285,1261,422364,1
1180025371,1016,422364,6
1468463726,1675,422364,1
183847886,1003,422364,1
1180025371,1003,422364,1
4458841395,1003,422364,1
2964817577,1676,422364,1
181991754,1677,422364,1
181991754,1678,422364,1
826904927813369857,1003,422364,1
181991754,1306,422364,1
181991754,1307,422364,1
292992978,1679,422364,1
292992978,1003,422364,1
292992978,1680,422364,1
1180025371,1681,422364,1
23189306,1003,422364,1
23189306,1682,422364,1
23189306,1683,422364,1
23189306,1001,422364,1
23189306,1684,422364,1
23189306,1065,422364,1
23189306,1685,422364,1
4438521735,1003,422364,1
138349940,1686,422364,1
138349940,1003,422364,1
138349940,1687,422364,1
1305981187,1003,422364,1
418067114,1003,422364,1
407402513,1003,422364,1
407402513,1688,422364,1
407402513,1689,422364,1
407402513,1690,422364,1
407402513,1691,422364,1
407402513,1692,422364,1
105238736,1003,422364,1
105238736,1126,422364,1
105238736,1693,422364,1
105238736,1694,422364,1
105238736,1685,422364,1
117517223,1695,422364,1
117517223,1696,422364,1
605070217,1697,422364,1
605070217,1003,422364,1
605070217,1698,422364,1
914793241,1003,422364,1
269567706,1003,422364,1
319110397,1104,422364,1
319110397,1003,422364,1
998273706,1699,422364,1
998273706,1700,422364,1
998273706,1701,422364,1
4843220122,1003,422364,1
998273706,1104,422364,1
998273706,1702,422364,1
998273706,1703,422364,1
998273706,1704,422364,1
998273706,1705,422364,1
485875060,1706,422364,1
24416464,1670,422364,1
24416464,1671,422364,1
24416464,1672,422364,1
90903507,1707,422364,1
90903507,1708,422364,1
215823448,1709,422364,1
215823448,1003,422364,1
215823448,1710,422364,1
452419943,1003,422364,1
34159452,1003,422364,1
160022929,1003,422364,1
160022929,1711,422364,1
14307118,1003,422364,1
28387421,1003,422364,1
1180025371,1464,422364,1
66154536,1712,422364,1
66154536,1350,422364,1
66154536,1003,422364,1
66154536,1713,422364,1
66154536,1714,422364,1
66154536,1715,422364,1
61547959,1190,422364,1
390296756,1003,422364,1
390296756,1648,422364,1
15985057,1003,422364,1
804802629553504256,1003,422364,1
804802629553504256,1716,422364,1
389662603,1003,422364,1
80703654,1648,422364,1
80703654,1003,422364,1
80703654,1717,422364,1
12160032,1003,422364,1
115010044,1003,422364,1
2267807461,1718,422364,1
2267807461,1719,422364,1
2267807461,1720,422364,1
2267807461,1721,422364,1
30033535,1722,422364,1
30033535,1723,422364,1
30033535,1649,422364,1
30033535,1350,422364,1
270429610,1724,422364,1
270429610,1725,422364,1
270429610,1126,422364,1
270429610,1003,422364,1
2267807461,1726,422364,2
2267807461,1727,422364,2
2267807461,1728,422364,2
2267807461,1729,422364,2
2267807461,1730,422364,2
2267807461,1731,422364,2
2267807461,1732,422364,2
2267807461,1733,422364,2
1873452980,1648,422364,1
1873452980,1003,422364,1
17454421,1003,422364,1
17454421,1734,422364,1
469391870,1003,422364,1
469391870,1735,422364,1
469391870,1736,422364,1
469391870,1737,422364,1
1040076320,1738,422364,1
1040076320,1003,422364,1
1040076320,1627,422364,1
1040076320,1739,422364,1
2598881534,1740,422364,1
2598881534,1741,422364,1
2598881534,1043,422364,2
2598881534,1742,422364,1
2598881534,1743,422364,1
115832364,1003,422364,1
115832364,1744,422364,1
115832364,1745,422364,1
262170975,1186,422364,1
262170975,1746,422364,1
262170975,1747,422364,1
262170975,1748,422364,1
262170975,1749,422364,1
262170975,1750,422364,1
262170975,1155,422364,1
39958499,1003,422364,1
39958499,1404,422364,1
2395068026,1679,422364,1
2395068026,1003,422364,1
2395068026,1751,422364,1
2395068026,1752,422364,1
2395068026,1753,422364,1
61547959,1003,422364,1
61547959,1138,422364,1
28058941,1754,422364,1
28058941,1755,422364,1
28058941,1756,422364,1
28058941,1757,422364,1
28058941,1758,422364,1
333773029,1003,422364,1
26574153,1003,422364,1
26574153,1759,422364,1
598392141,1003,422364,1
113445843,1003,422364,1
113445843,1760,422364,1
2479984940,1482,422364,1
2479984940,1027,422364,1
2575039039,1003,422364,1
2575039039,1761,422364,1
35807690,1648,422364,1
26272532,1003,422364,1
2434173127,1003,422364,1
939166746,1762,422364,1
939166746,1763,422364,1
939166746,1668,422364,1
795650513257791488,1764,422364,1
36815578,1765,422365,1
36815578,1766,422365,1
36815578,1767,422365,1
36815578,1768,422365,1
20715016,1003,422365,1
36150464,1769,422365,1
36150464,1770,422365,1
36150464,1771,422365,1
36150464,1772,422365,1
36150464,1773,422365,1
90903507,1774,422365,1
90903507,1775,422365,1
24978195,1776,422365,1
24978195,1003,422365,1
24978195,1126,422365,1
1123554469,1777,422365,4
150620349,1273,422365,1
150620349,1272,422365,1
36791756,1003,422365,1
452483362,1003,422365,1
452483362,1778,422365,1
262170975,1126,422365,1
262170975,1779,422365,1
262170975,1003,422365,1
262170975,1746,422365,1
117517223,1780,422365,1
117517223,1003,422365,1
117517223,1666,422365,1
2357204103,1781,422365,1
300988184,1003,422365,1
300988184,1782,422365,1
300988184,1783,422365,1
280263981,1003,422365,1
280263981,1784,422365,1
356295875,1003,422365,1
1180025371,1016,422365,3
429664977,1126,422365,1
429664977,1785,422365,1
429664977,1003,422365,1
285235895,1003,422365,1
90903507,1003,422365,1
26293684,1654,422365,1
26293684,1003,422365,1
260780898,1003,422365,1
3028964015,1003,422365,1
3028964015,1786,422365,1
795650513257791488,1003,422365,1
23399737,1003,422365,1
23399737,1787,422365,1
45361846,1003,422365,1
2984534992,1003,422365,2
2984534992,1788,422365,2
702228193974087682,1003,422365,1
57025447,1003,422365,1
57025447,1789,422365,1
236151883,1003,422365,1
17364981,1325,422365,1
17364981,1003,422365,1
17364981,1062,422365,1
17364981,1790,422365,1
1152489072,1003,422365,1
872519012,1003,422365,1
26913750,1003,422365,1
31867534,1003,422365,1
31867534,1791,422365,1
31867534,1646,422365,1
25316500,1003,422365,1
25316500,1627,422365,1
27932765,1003,422365,1
36186797,1792,422365,1
2267807461,1003,422365,1
2267807461,1793,422365,1
2267807461,1794,422365,1
2267807461,1795,422365,1
2267807461,1796,422365,1
2267807461,1797,422365,1
2267807461,1798,422365,1
808453413159759873,1003,422365,1
808453413159759873,1799,422365,1
2934851784,1800,422365,1
2934851784,1801,422365,1
30026308,1126,422365,1
2797274671,1325,422365,1
2797274671,1003,422365,1
2797274671,1482,422365,1
2797274671,1802,422365,1
2797274671,1803,422365,1
2797274671,1804,422365,1
2797274671,1805,422365,1
2797274671,1806,422365,1
23112554,1807,422365,1
23112554,1808,422365,1
23112554,1809,422365,1
3299886268,1003,422365,1
3299886268,1746,422365,1
27280957,1003,422365,1
27280957,1810,422365,1
27532440,1003,422365,1
11550302,1003,422365,1
60042367,1003,422365,1
60042367,1811,422365,1
60042367,1812,422365,1
298511635,1003,422365,1
908420553807155200,1104,422365,1
154787745,1813,422365,1
154787745,1814,422365,1
154787745,1815,422365,1
189786780,1003,422365,1
179179922,1003,422365,1
18602973,1003,422365,1
18602973,1559,422365,1
18602973,1482,422365,1
18602973,1785,422365,1
18602973,1816,422365,1
1154409386,1003,422365,1
1154409386,1817,422365,1
25350102,1818,422365,1
19537431,1819,422365,1
19537431,1003,422365,1
3086338765,1003,422365,1
3086338765,1065,422365,1
260071341,1003,422365,1
25350102,1003,422365,1
14307118,1003,422365,1
201139912,1417,422365,1
536838736,1820,422365,1
536838736,1821,422365,1
536838736,1822,422365,1
536838736,1823,422365,1
536838736,1079,422365,1
536838736,1824,422365,1
60243419,1003,422365,1
23112554,1825,422365,1
23112554,1826,422365,1
23112554,1827,422365,1
23112554,1828,422365,1
155632902,1829,422365,2
186345375,1003,422365,1
22054705,1830,422365,1
22054705,1003,422365,1
126344860,1003,422365,1
155632902,1831,422365,1
155632902,1003,422365,1
42971368,1003,422365,1
384401766,1003,422365,1
384401766,1627,422365,1
384401766,1832,422365,1
31050688,1833,422365,1
31050688,1834,422365,1
31050688,1096,422365,1
31050688,1835,422365,1
31050688,1836,422365,1
31050688,1097,422365,1
31050688,1837,422365,1
31050688,1003,422365,1
23520254,1003,422365,1
19902649,1123,422365,1
19902649,1125,422365,1
29493760,1838,422365,1
29493760,1839,422365,1
29493760,1840,422365,1
944675174686904320,1841,422365,1
944675174686904320,1003,422365,1
944675174686904320,1842,422365,1
2355899927,1003,422365,1
41715050,1003,422365,1
41715050,1001,422365,1
41715050,1843,422365,1
41715050,1156,422365,1
45397787,1844,422365,1
45397787,1845,422365,1
248431368,1003,422365,1
42666285,1260,422366,1
42666285,1505,422366,1
42666285,1409,422366,1
147732497,1003,422366,1
22883681,1003,422366,1
325759114,1003,422366,1
57244701,1003,422366,1
2357204103,1003,422366,1
63177540,1003,422366,1
27066927,1003,422366,1
27066927,1846,422366,1
90903507,1201,422366,1
38058361,1847,422366,1
38058361,1848,422366,1
38058361,1849,422366,1
38058361,1679,422366,1
38058361,1065,422366,1
38058361,1564,422366,1
38058361,1105,422366,1
3387722908,1003,422366,2
3387722908,1850,422366,2
3387722908,1559,422366,2
6319192,1003,422366,1
99982506,1104,422366,1
18769024,1003,422366,1
18769024,1851,422366,1
846393962,1003,422366,1
846393962,1852,422366,1
846393962,1853,422366,1
846393962,1104,422366,1
16843260,1003,422366,1
16843260,1027,422366,1
16843260,1854,422366,1
2357204103,1855,422366,2
2357204103,1156,422366,2
2357204103,1856,422366,1
969198575967186944,1857,422366,1
16039183,1003,422366,1
16039183,1858,422366,1
16039183,1224,422366,1
3031437327,1003,422366,1
154343855,1003,422366,1
202677978,1003,422366,1
17329901,1396,422366,1
1413145256,1003,422366,1
1413145256,1859,422366,1
1180025371,1016,422366,9
962886934761754624,1860,422366,1
29802659,1690,422366,1
29802659,1003,422366,1
29802659,1062,422366,1
55924737,1861,422366,1
55924737,1862,422366,1
55924737,1863,422366,1
55924737,1530,422366,1
55924737,1219,422366,1
55924737,1864,422366,1
55924737,1865,422366,1
2614062565,1003,422366,4
1180025371,1866,422366,1
1180025371,1867,422366,3
2357204103,1868,422366,1
22324461,1003,422366,1
519182001,1003,422366,1
116747298,1003,422366,1
1042396868,1003,422366,1
288212530,1003,422366,1
2900057176,1646,422366,1
2900057176,1027,422366,1
2900057176,1003,422366,1
772437134,1869,422366,1
772437134,1870,422366,1
772437134,1003,422366,1
21822577,1003,422366,1
21822577,1871,422366,1
21822577,1872,422366,1
21822577,1873,422366,1
77380594,1003,422366,1
30041223,1219,422366,1
30041223,1874,422366,1
30041223,1875,422366,1
30041223,1876,422366,1
58923724,1003,422366,1
36815578,1877,422366,1
36815578,1878,422366,1
1571344760,1003,422366,1
758359210207817728,1003,422366,1
2382992022,1643,422366,1
2382992022,1003,422366,1
3279992892,1003,422366,1
117216749,1003,422366,1
16966202,1003,422366,1
16966202,1879,422366,1
522573024,1003,422366,1
1604508416,1003,422366,1
1604508416,1880,422366,1
1604508416,1881,422366,1
30041223,1003,422366,1
56700919,1003,422366,1
56700919,1627,422366,1
56700919,1538,422366,1
56700919,1298,422366,1
15966337,1003,422366,1
15966337,1882,422366,1
840974415554846722,1003,422366,1
18978590,1003,422366,1
14872161,1648,422366,1
14872161,1883,422366,1
23819777,1003,422366,1
2236425122,1003,422366,1
121971486,1003,422366,1
2827256384,1003,422366,1
99982506,1003,422366,1
99982506,1884,422366,1
249514855,1003,422366,1
116072145,1885,422366,1
116072145,1886,422366,1
116072145,1887,422366,1
116072145,1888,422366,1
24256838,1003,422366,10
24256838,1889,422366,5
24256838,1890,422366,5
24256838,1891,422366,5
24673519,1003,422366,1
3104748000,1003,422366,1
3104748000,1892,422366,1
3104748000,1893,422366,1
3104748000,1894,422366,1
704719445168500736,1895,422366,1
190891441,1003,422366,1
190891441,1896,422366,1
4883252452,1003,422366,1
4883252452,1019,422366,1
3699164662,1003,422366,1
27482129,1003,422366,1
415242072,1104,422366,1
415242072,1003,422366,2
415242072,1897,422366,1
1959379634,1003,422366,2
270474232,1003,422366,1
19366775,1648,422366,1
14816125,1003,422366,1
147322087,1003,422366,1
147322087,1898,422366,1
147322087,1899,422366,1
930154890680205313,1003,422366,1
29493760,1003,422366,1
29493760,1900,422366,1
36186797,1003,422366,1
36186797,1901,422366,1
36186797,1559,422366,1
126376588,1902,422366,1
126376588,1003,422366,1
50059348,1903,422366,1
50059348,1062,422366,1
50059348,1904,422366,1
50059348,1555,422366,1
50059348,1457,422366,1
50059348,1905,422366,1
15963168,1906,422366,1
15963168,1907,422366,1
15963168,1908,422366,1
2431195134,1003,422366,1
154787745,1003,422366,1
154787745,1813,422366,1
154787745,1814,422366,1
154787745,1909,422366,1
27578387,1003,422366,1
220906791,1003,422366,1
31061126,1003,422366,1
2267807461,1003,422366,1
2267807461,1910,422366,1
2267807461,1911,422366,1
2267807461,1912,422366,1
2267807461,1718,422366,1
2267807461,1512,422366,1
2267807461,1913,422366,1
43416848,1189,422366,1
43416848,1003,422366,1
165219653,1003,422366,1
49197562,1914,422366,1
49197562,1915,422366,1
49197562,1916,422366,1
49197562,1347,422366,1
49197562,1892,422366,1
49197562,1917,422366,1
68913970,1003,422366,1
22096419,1003,422366,1
415242072,1126,422366,1
415242072,1325,422366,1
415242072,1918,422366,1
415242072,1919,422366,1
25544424,1003,422366,1
816657025308459008,1648,422366,1
816657025308459008,1003,422366,1
1878021679,1003,422366,1
193020091,1104,422366,2
193020091,1003,422366,1
20350290,1003,422366,2
426097487,1003,422366,1
426097487,1920,422366,1
426097487,1921,422366,1
270480915,1003,422366,1
4090255600,1003,422366,1
20350290,1654,422366,1
100075063,1003,422366,1
100075063,1922,422366,1
100075063,1923,422366,1
1137616350,1924,422366,1
2604510713,1003,422366,1
14745415,1003,422366,1
27684994,1925,422366,1
27684994,1926,422366,1
374707060,1003,422366,1
374707060,1927,422366,1
91651154,1003,422366,1
44201699,1003,422366,1
44201699,1059,422366,1
1011328730,1003,422366,1
1011328730,1646,422366,1
1011328730,1627,422366,1
338400068,1003,422366,1
112952081,1003,422366,1
292576861,1559,422366,1
292576861,1003,422366,1
292576861,1126,422366,1
292576861,1928,422366,1
292576861,1929,422366,1
292576861,1930,422366,1
292576861,1931,422366,1
389091183,1003,422366,1
20687509,1003,422366,1
21030857,1003,422366,1
86626867,1003,422366,1
18707799,1003,422366,1
246359080,1648,422366,1
166281249,1003,422366,1
18531506,1482,422366,1
18531506,1932,422366,1
18531506,1003,422366,1
18531506,1027,422366,1
18531506,1646,422366,1
18531506,1126,422366,1
32876472,1003,422366,1
19537431,1933,422366,1
28461962,1003,422366,1
28461962,1934,422366,1
28461962,1935,422366,1
823293471184318472,1003,422366,1
4558943292,1003,422366,1
24926214,1936,422366,1
27932765,1937,422366,1
767936141970509824,1938,422366,1
27638026,1003,422366,1
224360113,1003,422366,1
42666285,1505,422367,1
42666285,1526,422367,1
42666285,1260,422367,1
31601635,1003,422367,1
1180025371,1939,422367,4
1180025371,1016,422367,17
20779425,1940,422367,1
20779425,1003,422367,1
58807639,1003,422367,1
35807690,1941,422367,1
760929389890506752,1003,422367,1
760929389890506752,1126,422367,1
760929389890506752,1942,422367,1
24673519,1003,422367,4
767936141970509824,1003,422367,1
767936141970509824,1943,422367,1
767936141970509824,1944,422367,1
767936141970509824,1945,422367,1
767936141970509824,1559,422367,1
823293471184318472,1003,422367,1
182648498,1003,422367,1
2858164880,1027,422367,1
2858164880,1003,422367,1
2858164880,1001,422367,1
452483362,1056,422367,1
4019794648,1003,422367,2
893778853,1003,422367,1
213313491,1003,422367,1
631578040,1003,422367,1
547187207,1003,422367,1
16461333,1003,422367,1
16798508,1946,422367,1
16798508,1947,422367,1
16798508,1948,422367,1
16798508,1099,422367,1
851939685475770368,1003,422367,1
2421458276,1003,422367,1
16320537,1003,422367,2
16320537,1949,422367,1
469601735,1003,422367,1
469601735,1859,422367,1
469601735,1950,422367,1
469601735,1951,422367,1
46753368,1003,422367,1
46753368,1952,422367,1
198400300,1003,422367,1
34910509,1003,422367,1
34910509,1953,422367,1
34910509,1954,422367,1
15010609,1104,422367,1
15010609,1003,422367,1
783009849177243649,1482,422367,1
783009849177243649,1955,422367,2
783009849177243649,1956,422367,1
22782024,1003,422367,1
2802988027,1957,422367,1
18531506,1482,422367,1
18531506,1932,422367,1
18531506,1003,422367,1
18531506,1027,422367,1
18531506,1646,422367,1
18531506,1126,422367,1
44463638,1003,422367,1
830132592536145921,1003,422367,1
412708451,1903,422367,1
33976616,1958,422367,1
33976616,1959,422367,1
374707060,1003,422367,1
374707060,1927,422367,1
29493760,1960,422367,1
29493760,1961,422367,1
29493760,1962,422367,1
105184680,1003,422367,1
105184680,1648,422367,1
1171031450,1003,422367,1
870920534,1003,422367,1
870920534,1646,422367,1
291825916,1003,422367,1
291825916,1138,422367,1
15148489,1003,422367,1
169740444,1648,422367,1
169740444,1003,422367,1
75642091,1003,422367,1
75642091,1799,422367,1
75642091,1646,422367,1
75642091,1027,422367,1
75642091,1963,422367,1
75642091,1964,422367,1
3808573825,1003,422367,1
2595030319,1003,422367,1
33152553,1003,422367,1
2205826873,1965,422367,2
2205826873,1003,422367,2
2205826873,1966,422367,1
872881071771324416,1003,422367,1
872881071771324416,1427,422367,1
872881071771324416,1967,422367,1
872881071771324416,1968,422367,1
2178971498,1003,422367,1
249342843,1003,422367,1
15600438,1003,422367,1
16561148,1003,422367,1
16561148,1969,422367,1
33225560,1970,422367,1
33225560,1971,422367,2
33225560,1972,422367,2
392157589,1003,422367,1
753041562582523904,1003,422367,1
29429561,1973,422367,1
24673519,1482,422367,1
28949818,1003,422367,2
112498303,1003,422367,1
112498303,1974,422367,1
112498303,1975,422367,1
112498303,1976,422367,1
112498303,1879,422367,1
112498303,1685,422367,1
112498303,1977,422367,1
112498303,1945,422367,1
22786092,1003,422367,1
28949818,1978,422367,1
23228748,1003,422367,1
33225560,1979,422367,1
33225560,1980,422367,1
33225560,1981,422367,1
33225560,1982,422367,1
236602687,1003,422367,1
2382992022,1983,422367,1
2382992022,1984,422367,1
230075023,1003,422367,1
230075023,1944,422367,1
230075023,1985,422367,1
230075023,1986,422367,1
230075023,1987,422367,1
230075023,1988,422367,1
230075023,1989,422367,1
230075023,1392,422367,1
77650376,1990,422367,1
77650376,1003,422367,1
33225560,1991,422367,1
33225560,1992,422367,1
2205826873,1993,422367,1
2205826873,1994,422367,1
924184579,1995,422367,1
924184579,1996,422367,1
924184579,1003,422367,1
852212459725357056,1003,422367,1
852212459725357056,1997,422367,1
852212459725357056,1449,422367,1
852212459725357056,1998,422367,1
852212459725357056,1999,422367,1
852212459725357056,2000,422367,1
48278004,1003,422367,1
155632902,2001,422367,1
155632902,1003,422367,1
155632902,1624,422367,1
155632902,2002,422367,1
729017136404934657,1003,422367,1
3060804049,1003,422367,1
14642031,1003,422367,1
109058588,1003,422367,1
24891182,1003,422367,1
21811086,1003,422367,1
187679295,1648,422367,1
187679295,1003,422367,1
187679295,1027,422367,1
187679295,2003,422367,1
187679295,2004,422367,1
187679295,2005,422367,1
2214382729,1003,422367,1
2214382729,2006,422367,1
235407295,1003,422367,1
1359939746,1003,422367,1
1359939746,2007,422367,1
1359939746,2008,422367,1
1359939746,2009,422367,1
29429561,1003,422367,1
884910360,1003,422367,1
62855245,1003,422367,1
62855245,2010,422367,1
1636757636,1003,422367,1
166831567,1003,422367,1
499929262,1003,422367,1
262216184,2011,422367,1
262216184,1746,422367,1
262216184,2012,422367,1
262216184,2013,422367,1
262216184,2014,422367,1
262216184,2015,422367,1
262216184,2016,422367,1
262216184,2017,422367,1
153971584,1003,422367,1
330068663,1859,422367,1
330068663,2018,422367,1
330068663,1003,422367,1
330068663,2019,422367,1
2987020974,2020,422367,1
2987020974,2021,422367,1
16320537,2022,422367,1
16320537,1686,422367,1
427683210,2023,422367,1
30435855,1003,422367,1
16574620,1003,422367,1
51903296,1104,422367,1
425633723,1627,422367,1
425633723,1059,422367,1
425633723,1003,422367,1
20162446,1003,422367,1
15373371,1003,422367,1
1180025371,1259,422367,1
135675732,1003,422367,1
312084266,1003,422367,1
390641266,1003,422367,1
30020669,1003,422367,1
71113645,1260,422367,1
71113645,1003,422367,1
781378946,2024,422367,1
781378946,1003,422367,1
781378946,1654,422367,1
850037008416354305,1003,422367,1
21317544,1003,422367,1
21317544,1646,422367,1
2360067570,1003,422367,1
2360067570,1027,422367,1
2360067570,1064,422367,1
2360067570,2025,422367,1
2360067570,2026,422367,1
2360067570,2027,422367,1
2360067570,2028,422367,1
804802629553504256,2029,422367,1
804802629553504256,2030,422367,1
804802629553504256,2031,422367,1
804802629553504256,2032,422367,1
804802629553504256,2033,422367,1
804802629553504256,2034,422367,1
1180025371,2035,422367,1
469903805,1003,422367,1
274012228,2036,422367,1
274012228,2037,422367,1
274012228,2038,422367,1
274012228,2039,422367,1
274012228,2040,422367,1
873942716790517760,1003,422367,1
142931832,1003,422367,1
117517223,2041,422367,1
871861079009357824,2042,422367,1
871861079009357824,1059,422367,1
871861079009357824,1003,422367,1
190900921,1003,422367,1
190900921,1427,422367,1
750174636374102016,1654,422367,1
750174636374102016,1003,422367,1
529578971,1003,422367,1
55924737,1003,422367,1
55924737,1859,422367,1
55924737,2043,422367,1
55924737,2044,422367,1
55924737,2045,422367,1
2987020974,1003,422367,1
3042467750,1003,422367,1
3042467750,2046,422367,1
3042467750,1058,422367,1
121220374,1634,422367,1
121220374,1003,422367,1
121220374,2047,422367,1
121220374,1126,422367,1
121220374,2048,422367,1
121220374,1685,422367,1
121220374,2049,422367,1
41187466,1003,422367,1
42495288,2050,422367,1
42495288,1627,422367,1
42495288,1058,422367,1
42495288,1791,422367,1
2451684921,1003,422367,1
384398576,1003,422367,1
384398576,2051,422367,1
145391869,1003,422367,1
108406894,1003,422367,1
108406894,2052,422367,1
108406894,2053,422367,1
108406894,1799,422367,1
58030028,1003,422367,1
27649141,1003,422367,1
42074161,1003,422367,1
42495288,1799,422367,1
42495288,1003,422367,1
42495288,2054,422367,1
42495288,2055,422367,1
42495288,2056,422367,1
148392223,1003,422367,1
148392223,2057,422367,1
148392223,2058,422367,1
148392223,1993,422367,1
148392223,2059,422367,1
148392223,1246,422367,1
148392223,1859,422367,1
343845047,1637,422367,1
343845047,2060,422367,1
98833932,1003,422367,1
38703232,1003,422367,1
38703232,1126,422367,1
956252593994584065,1003,422367,1
2538503161,1003,422367,1
621675917,1003,422367,1
36150464,1762,422367,1
36150464,1126,422367,1
36150464,2061,422367,1
36150464,1027,422367,1
36150464,1003,422367,1
14618927,1003,422367,1
211134270,1003,422367,1
211134270,1695,422367,1
403577687,2062,422367,1
403577687,2063,422367,1
403577687,1842,422367,1
403577687,1003,422367,1
765613657,1003,422367,1
765613657,2064,422367,1
30033535,1003,422367,1
30033535,2065,422367,1
30033535,2066,422367,1
704394662723899393,1003,422367,1
27822518,1003,422367,1
257284554,1138,422367,1
257284554,1003,422367,1
257284554,1648,422367,1
2341319532,1003,422367,1
2359276945,1003,422367,1
33807394,1003,422368,1
33807394,1559,422368,1
33807394,1945,422368,1
33807394,1627,422368,1
33807394,1404,422368,1
24233358,1003,422368,1
1180025371,1592,422368,1
1180025371,1016,422368,7
365682763,1003,422368,1
27305524,2067,422368,1
27305524,2068,422368,1
27305524,1003,422368,1
257284554,1138,422368,1
257284554,1003,422368,1
257284554,1648,422368,1
322995837,1003,422368,1
19245314,1003,422368,1
193763255,1003,422368,1
74240223,1126,422368,1
74240223,1003,422368,1
307626645,1003,422368,1
2503014576,1003,422368,1
2503014576,2069,422368,1
2503014576,2070,422368,1
2503014576,2071,422368,1
33252620,1003,422368,1
33252620,2072,422368,1
33252620,2073,422368,1
33252620,2074,422368,1
373394218,1003,422368,1
373394218,2075,422368,1
3252959691,1003,422368,1
3252959691,2076,422368,1
3252959691,1449,422368,2
3252959691,1997,422368,1
3252959691,2077,422368,1
3252959691,2078,422368,1
334363355,1003,422368,1
2445855570,2079,422368,1
15489387,1003,422368,1
22272446,1003,422368,1
129856146,1019,422368,1
129856146,2080,422368,1
129856146,2081,422368,1
129856146,1482,422368,1
129856146,1932,422368,1
129856146,1003,422368,1
129856146,1646,422368,1
16136553,2082,422368,1
10428372,1003,422368,1
859487190,2083,422368,1
859487190,1126,422368,1
859487190,2084,422368,1
859487190,2085,422368,1
859487190,2086,422368,1
29098282,1003,422368,1
16136553,1003,422368,1
2429548357,1945,422368,1
2429548357,2087,422368,1
2429548357,1003,422368,1
2429548357,2088,422368,1
117517223,1349,422368,1
23215732,1003,422368,1
23215732,2089,422368,1
3219608972,1003,422368,1
3219608972,2090,422368,1
166323176,1003,422368,1
340123805,1003,422368,2
340123805,2091,422368,1
340123805,2092,422368,1
340123805,2093,422368,1
340123805,2094,422368,1
23210653,1003,422368,1
427683210,2095,422368,1
427683210,2096,422368,1
25729249,1003,422368,1
4581406355,1003,422368,1
252632473,1003,422368,1
838892865346486274,1003,422368,1
838892865346486274,2097,422368,1
114498587,1003,422368,1
2570548317,1003,422368,1
893778853,2098,422368,1
893778853,2099,422368,1
186669620,1003,422368,1
1375162080,1003,422368,1
42067384,1003,422368,1
42067384,1559,422368,1
42067384,1064,422368,1
42067384,2100,422368,1
42067384,2101,422368,1
1482533892,1003,422368,1
91044313,1791,422368,1
91044313,1559,422368,1
427683210,2102,422368,1
427683210,2103,422368,1
179682563,1003,422368,1
179682563,1799,422368,1
374211258,1003,422368,1
256068867,1003,422368,1
859872483964596224,2104,422368,1
859872483964596224,1003,422368,1
859872483964596224,2105,422368,1
859872483964596224,2106,422368,1
859872483964596224,1482,422368,1
859872483964596224,2107,422368,1
254398554,1003,422368,1
162805587,1818,422368,1
162805587,2108,422368,1
162805587,2109,422368,1
631680500,1003,422368,1
747426925,1003,422368,1
747426925,2110,422368,1
747426925,2111,422368,1
747426925,2112,422368,1
718777780364800000,1003,422368,1
52729254,1003,422368,1
266118485,1003,422368,1
838098116,1003,422368,1
838098116,2113,422368,1
838098116,1380,422368,1
138282850,1003,422368,1
138282850,2114,422368,1
390132456,1786,422368,1
390132456,1746,422368,1
91370086,1003,422368,1
951892247108206592,1003,422368,1
361192684,1003,422368,1
10428372,2115,422368,1
23711313,1003,422368,1
23711313,1928,422368,1
35280003,1648,422368,1
20773271,1003,422368,1
1342551714,1003,422368,1
1123554469,1003,422368,1
26587452,1003,422368,1
131941076,1003,422368,1
35660652,1003,422368,1
162805587,2116,422368,1
736058329,1003,422368,1
33440017,1003,422368,1
738417208569790464,1062,422368,1
738417208569790464,1003,422368,1
162805587,2117,422368,1
162805587,2118,422368,1
162805587,2119,422368,1
28712862,2120,422368,1
28712862,1003,422368,1
725086992829190144,1104,422368,1
725086992829190144,1003,422368,1
340123805,2121,422368,1
340123805,2122,422368,1
332475540,1003,422368,1
19167916,1104,422368,1
2517825155,2123,422368,1
2517825155,2124,422368,1
2517825155,2125,422368,1
2517825155,2126,422368,1
2517825155,2127,422368,1
2517825155,2128,422368,1
2517825155,2129,422368,1
2713071986,1627,422368,1
2713071986,1104,422368,1
2713071986,1003,422368,1
2713071986,2130,422368,1
2713071986,2131,422368,1
39841101,1003,422368,1
39841101,1842,422368,1
39841101,2132,422368,1
39841101,1126,422368,1
39841101,2133,422368,1
366908911,2134,422368,1
366908911,1003,422368,1
2538329335,1003,422368,4
259911500,1003,422368,1
162805587,1786,422368,1
162805587,2135,422368,1
162805587,2136,422368,1
162805587,2137,422368,1
162805587,2138,422368,1
162805587,2139,422368,1
162805587,2140,422368,1
1400802510,2141,422368,1
1400802510,2142,422368,1
1400802510,2143,422368,1
32929752,1003,422368,1
32929752,2144,422368,1
130630323,1003,422368,1
2416416852,1003,422368,1
65429093,1003,422368,1
183595173,1003,422368,2
82561789,1003,422368,1
82561789,1859,422368,1
82561789,2145,422368,1
82561789,2146,422368,1
20202645,2147,422368,1
2472747073,1003,422368,1
2472747073,1126,422368,2
2472747073,1559,422368,1
1437636157,1003,422368,1
1437636157,2148,422368,1
1437636157,1126,422368,1
1437636157,1859,422368,1
1437636157,2149,422368,1
1437636157,2150,422368,1
51903296,1003,422368,1
51903296,1062,422368,1
51903296,1126,422368,1
51903296,1627,422368,1
387416838,1003,422368,1
387416838,1936,422368,1
387416838,2151,422368,1
79288849,2152,422368,1
79288849,2153,422368,1
79288849,1549,422368,1
79288849,1003,422368,1
16320537,1003,422368,1
28855586,1003,422368,1
28855586,1648,422368,1
19932110,1003,422368,1
19932110,1859,422368,1
19932110,2154,422368,1
19932110,2155,422368,1
2970060963,1003,422368,1
2970060963,2156,422368,1
536838736,2157,422368,1
536838736,1823,422368,1
536838736,1079,422368,1
536838736,1824,422368,1
30799044,1003,422368,1
971831,1003,422368,1
602521299,1003,422368,1
27684994,1003,422368,1
380921500,1003,422368,1
380921500,2158,422368,1
960678293157560320,1192,422368,1
70464500,1003,422368,1
70464500,1264,422368,1
41675272,1003,422368,1
41675272,2159,422368,1
41675272,2160,422368,1
478153272,1003,422368,1
478153272,2161,422368,1
1878021679,1003,422368,1
1878021679,2162,422368,1
294904952,1003,422368,1
23661525,1003,422368,1
245818918,1003,422368,1
2314769144,1003,422368,1
887032068,1003,422368,1
165939924,1003,422368,1
56838983,1003,422368,1
56838983,1761,422368,1
18040845,1003,422368,1
194573948,1003,422368,1
880760028,1003,422368,1
575939575,1003,422368,1
162805587,2163,422368,1
162805587,2164,422368,1
162805587,2165,422368,1
162805587,2166,422368,1
162805587,2167,422368,1
47722290,1003,422368,1
27822518,1648,422368,1
27822518,2168,422368,1
402049612,1260,422368,1
402049612,1003,422368,1
402049612,2169,422368,1
712603122,1003,422368,1
941793362,1003,422368,1
941793362,1817,422368,1
31447743,2170,422368,1
31447743,1003,422368,1
31447743,2171,422368,1
297784467,1648,422368,1
850346704188657664,1003,422368,1
850346704188657664,2172,422368,1
27496682,1003,422368,1
27496682,2173,422368,1
417557721,2174,422368,1
97575808,1003,422368,1
97575808,2175,422368,1
110044748,1003,422368,1
3334705486,1003,422368,1
55338531,2176,422368,1
55338531,1003,422368,1
27822518,2177,422368,1
6350982,1003,422368,1
390747314,1003,422368,1
390747314,2089,422368,1
390747314,2178,422368,1
25850386,1003,422368,1
235181181,1003,422368,1
321141425,1003,422368,1
15955769,1003,422368,1
821387179863789568,1003,422368,1
305607889,1695,422368,1
305607889,1003,422368,1
305607889,1126,422368,1
91247067,1003,422368,1
213155126,1003,422368,1
213155126,2179,422368,1
213155126,1817,422368,1
1852396003,1003,422368,1
1852396003,1138,422368,1
1852396003,2180,422368,1
1177008956,1003,422368,1
29493760,2181,422368,1
29493760,2182,422368,1
29493760,2183,422368,1
96837825,1003,422368,1
1188201846,1003,422368,1
403218488,2184,422368,1
45430970,1003,422368,1
89294346,1003,422368,1
201139912,1648,422368,1
201139912,1003,422368,1
3003828482,1104,422368,1
3003828482,1003,422368,1
16136669,1003,422368,1
33629737,1003,422368,1
177645831,1003,422368,1
1726861008,1003,422368,1
42013338,1003,422368,1
360837913,1003,422369,1
360837913,2185,422369,1
360837913,2186,422369,1
360837913,2187,422369,1
214233986,1003,422369,1
1921823923,1003,422369,1
251776220,2188,422369,1
251776220,1875,422369,1
251776220,2189,422369,1
251776220,2190,422369,1
251776220,1044,422369,1
881248646,1762,422369,1
881248646,1003,422369,1
848738334,1003,422369,1
796741265295572993,1003,422369,1
2531858079,1003,422369,1
28016302,1104,422369,1
28016302,1648,422369,1
28016302,1093,422369,1
28016302,2191,422369,1
28016302,2192,422369,1
3087936285,2193,422369,2
114796115,1003,422369,1
423715730,1003,422369,1
184120967,2194,422369,1
184120967,1027,422369,1
184120967,1003,422369,1
184120967,2195,422369,1
16320537,1003,422369,1
16320537,2196,422369,1
58664645,1003,422369,1
58664645,2197,422369,1
58664645,1617,422369,1
58664645,2198,422369,1
58664645,1559,422369,1
58664645,1156,422369,1
58664645,2199,422369,1
44111237,1262,422369,1
158284320,1648,422369,1
42332697,1003,422369,1
731031373440503808,2200,422369,1
731031373440503808,2201,422369,1
222929722,2202,422369,1
222929722,2203,422369,1
1007072700,1104,422369,1
1007072700,1003,422369,1
152322280,1003,422369,1
152322280,1648,422369,1
86214439,1003,422369,1
18944318,1003,422369,1
32591582,1003,422369,1
123859676,1003,422369,1
32973584,1003,422369,1
33220557,1003,422369,1
516801659,2204,422369,1
516801659,2205,422369,1
516801659,2206,422369,1
516801659,2207,422369,1
867561013348093952,1003,422369,1
21628022,1003,422369,1
374432463,1003,422369,1
731031373440503808,1003,422369,1
3072860086,1003,422369,1
3072860086,1901,422369,1
3072860086,1627,422369,1
3072860086,2208,422369,1
1074458046,1003,422369,1
1849974224,1003,422369,1
1955431178,1003,422369,1
27822518,2209,422369,1
40253216,1003,422369,1
40253216,2210,422369,1
40253216,2211,422369,1
40253216,2212,422369,1
40253216,2213,422369,1
17366401,1003,422369,1
18806677,1003,422369,1
1141651788,1003,422369,1
27822518,2214,422369,1
2854635368,1003,422369,1
1557944072,1003,422369,1
236685264,1003,422369,1
889605598886715392,2215,422369,1
889605598886715392,2216,422369,1
889605598886715392,2217,422369,1
889605598886715392,2218,422369,1
1952988324,1003,422369,1
1952988324,2219,422369,1
1952988324,2220,422369,1
1952988324,2221,422369,1
31509150,1065,422369,1
31509150,1003,422369,1
50059348,1003,422369,1
50059348,1457,422369,1
50059348,2222,422369,1
50059348,1555,422369,1
50059348,1456,422369,1
835233546415525917,2223,422369,2
835233546415525917,2224,422369,2
835233546415525917,2225,422369,2
835233546415525917,2226,422369,2
835233546415525917,2227,422369,1
835233546415525917,2228,422369,1
3121750933,1014,422369,1
3121750933,1015,422369,1
3121750933,2229,422369,1
3121750933,2230,422369,1
3121750933,2231,422369,1
3121750933,2232,422369,1
1007037632,1003,422369,1
1204742197,1003,422369,1
2557905565,1003,422369,1
3035495808,1003,422369,1
3040469950,1003,422369,1
3040469950,2233,422369,1
3040469950,2234,422369,1
3040469950,2235,422369,1
21509031,2236,422369,1
17731138,1003,422369,1
17731138,2237,422369,1
2377594415,2238,422369,1
2377594415,2239,422369,1
2377594415,2240,422369,1
2377594415,1039,422369,1
2377594415,2241,422369,1
2377594415,2242,422369,1
835233546415525917,2243,422369,1
43446277,1003,422369,1
322317372,1003,422369,1
889605598886715392,1003,422369,1
889605598886715392,1859,422369,1
889605598886715392,2244,422369,1
15823914,1003,422369,1
39330000,1003,422369,1
22170848,2245,422369,1
22170848,2246,422369,1
22170848,1003,422369,1
1447208906,1003,422369,1
1447208906,1325,422369,1
1447208906,2247,422369,1
1447208906,2207,422369,1
1447208906,1685,422369,1
1447208906,1062,422369,1
112254648,1003,422369,1
2479984940,2248,422369,2
2479984940,1003,422369,2
244638666,1945,422369,3
244638666,2249,422369,2
244638666,2250,422369,2
244638666,2251,422369,1
244638666,2252,422369,1
244638666,1003,422369,1
24908567,1003,422369,1
26009048,2253,422369,1
421480678,1003,422369,1
2187251150,1003,422369,2
2187251150,1512,422369,2
2187251150,2254,422369,2
16171365,1003,422369,1
27813837,1003,422369,1
18260519,1003,422369,1
76048603,1003,422369,1
219060990,1003,422369,1
219060990,1893,422369,1
2382992022,2255,422369,1
244638666,2256,422369,1
244638666,1062,422369,2
244638666,2257,422369,1
244638666,1685,422369,1
244638666,1425,422369,1
244638666,1879,422369,1
244638666,1520,422369,1
338482006,1003,422369,1
1005203107,1003,422369,1
1005203107,1654,422369,1
250295256,1003,422369,1
250295256,1126,422369,1
250295256,2258,422369,1
429354751,1003,422369,1
384504148,1003,422369,1
20950105,1003,422369,1
2374956510,1003,422369,1
55348953,1003,422369,1
294779361,1003,422369,1
31577021,1077,422369,1
258917442,1646,422369,1
258917442,1003,422369,1
20667173,2259,422369,1
20667173,2260,422369,1
20667173,2261,422369,1
20667173,2262,422369,1
20667173,2263,422369,1
356266093,1003,422369,1
259537989,1003,422369,1
167691099,1104,422369,1
167691099,1003,422369,1
132870726,1003,422369,1
150620349,1003,422369,1
150620349,1271,422369,1
150620349,1272,422369,1
123746185,1003,422369,1
2903353511,1003,422369,1
2903353511,2264,422369,1
2903353511,2265,422369,1
2903353511,2266,422369,1
2903353511,2267,422369,1
14745415,1186,422369,1
14745415,2268,422369,1
1180025371,1259,422369,2
754041872,1003,422369,1
754041872,1689,422369,1
754041872,1688,422369,1
754041872,1691,422369,1
754041872,2269,422369,1
754041872,2270,422369,1
754041872,1692,422369,1
195542375,1003,422369,1
2734548416,1003,422369,1
2734548416,1001,422369,1
289786297,1003,422369,1
289786297,1001,422369,1
1087177766,1003,422369,1
1595223576,1643,422369,1
1595223576,1003,422369,1
1595223576,2271,422369,1
244638666,2272,422369,1
244638666,1779,422369,1
244638666,2273,422369,1
244638666,1656,422369,1
94839619,1003,422369,1
29468484,1003,422369,1
21655602,1003,422369,1
21655602,2274,422369,1
28213475,1003,422369,1
25448236,1003,422369,1
961686926775463936,1003,422369,1
253163980,1062,422369,1
253163980,2275,422369,1
253163980,1003,422369,1
253163980,1126,422369,1
14943858,1003,422369,1
1425921720,1003,422369,1
1425921720,2276,422369,1
494480268,1003,422369,1
1180025371,2277,422369,1
1180025371,1016,422369,7
30041223,1874,422369,1
30041223,2278,422369,1
30041223,2279,422369,1
730038160709718016,1003,422369,1
1024957045,1003,422369,1
1024957045,2280,422369,1
1024957045,2172,422369,1
2175505514,1003,422369,1
256667417,1003,422369,1
58918601,2281,422369,1
58918601,1654,422369,1
162805587,1003,422369,1
18769024,2282,422369,1
18769024,2283,422369,1
345809126,1003,422369,1
1494672690,1003,422369,1
1180025371,2284,422369,6
70138121,1003,422369,1
70138121,2285,422369,1
57733568,1003,422369,1
353194903,1003,422369,1
2245891088,1003,422369,1
491675785,1003,422369,1
2371195758,1003,422369,1
2371195758,2286,422369,1
2371195758,2287,422369,1
184824165,1003,422369,1
30443179,1627,422369,1
30443179,1003,422369,1
30443179,2288,422369,1
709605905235447808,1003,422369,1
709605905235447808,2289,422369,1
25415905,1003,422369,1
25415905,1686,422369,1
25415905,2290,422369,1
352599320,1003,422369,1
5246911,1003,422369,1
430113934,1003,422369,1
430113934,1776,422369,1
20667173,2291,422369,1
20667173,2292,422369,1
20667173,1404,422369,1
455016714,1003,422369,1
455016714,1262,422369,1
455016714,2293,422369,1
203332379,1003,422369,1
203332379,2294,422369,1
2395515594,1325,422369,2
2395515594,1003,422369,2
2395515594,2295,422369,2
65341634,1003,422369,1
702889214774366208,1003,422369,1
845628499281035264,1003,422369,1
4899455363,1003,422369,1
4899455363,1648,422369,1
4899455363,1404,422369,1
19284486,2296,422369,1
19284486,1003,422369,1
2339390220,1003,422369,1
143705429,2248,422369,1
143705429,1003,422369,1
31349227,1003,422369,1
2308212777,1003,422369,1
52491011,1003,422369,1
10428372,2297,422369,1
10428372,2115,422369,2
826616589030215688,2298,422369,1
39187521,1003,422369,1
23921753,1003,422369,1
23921753,1027,422369,1
22292024,1003,422369,1
405909345,1003,422369,1
154356369,1003,422369,1
1325882898,1003,422369,1
1325882898,2299,422369,1
904511185,1003,422369,1
17329901,1003,422369,1
52454830,1003,422369,1
52454830,1646,422369,1
52454830,1027,422369,1
343845047,2300,422369,1
343845047,1482,422369,1
343845047,1003,422369,1
343845047,2301,422369,1
343845047,1646,422369,1
343845047,1126,422369,1
2732038786,1003,422369,1
18257094,1003,422369,1
18257094,1816,422369,1
19129487,1003,422369,1
2391545912,1003,422369,1
2196449497,1003,422369,1
38301620,2302,422369,1
38301620,1003,422369,1
14204571,1003,422369,1
14204571,1104,422369,1
964288442917146624,1950,422369,1
964288442917146624,1003,422369,1
964288442917146624,2303,422369,1
964288442917146624,2304,422369,1
964288442917146624,2305,422369,1
282824680,1003,422369,1
282824680,2306,422369,1
63498170,1003,422369,1
15339555,1003,422369,1
459501630,2307,422369,1
459501630,1003,422369,1
459501630,1749,422369,1
32591958,1003,422369,1
2364876918,1003,422369,1
507926782,1003,422369,1
80187704,1003,422369,1
21798491,1003,422369,1
21798491,2308,422369,1
234865345,1003,422369,1
389510917,1003,422369,1
38447410,1003,422369,1
44415450,2309,422369,1
44415450,2310,422369,1
3087936285,2311,422369,1
3087936285,2312,422369,1
20675830,1003,422370,1
30070002,1003,422370,1
258042096,1003,422370,1
258042096,2313,422370,1
3140768144,1003,422370,2
15170970,1003,422370,1
1727717287,1003,422370,1
1727717287,1027,422370,1
1727717287,1001,422370,1
54626237,1003,422370,1
122738157,1003,422370,1
90903507,1104,422370,2
237770937,1003,422370,1
39206945,1003,422370,1
1386195026,1003,422370,1
44415450,2309,422370,1
44415450,2314,422370,1
25946477,1003,422370,1
22742564,1003,422370,1
111068041,1003,422370,1
2962294463,1003,422370,1
72898434,1648,422370,1
72898434,1003,422370,1
72898434,2315,422370,1
72898434,1404,422370,1
72898434,1403,422370,1
72898434,2316,422370,1
1481353266,2317,422370,1
1481353266,2318,422370,1
1481353266,2319,422370,1
3236558747,1799,422370,1
3236558747,1003,422370,1
226113616,1003,422370,1
226113616,1126,422370,1
226113616,2320,422370,1
226113616,2050,422370,1
226113616,2321,422370,1
234082035,1003,422370,2
4439369301,1003,422370,1
574623158,1003,422370,1
19245314,2322,422370,1
19245314,2323,422370,1
19245314,1691,422370,1
31348817,1003,422370,1
31348817,2324,422370,1
31348817,2155,422370,1
75719630,1403,422370,1
75719630,2325,422370,1
304089782,1003,422370,1
17226023,2326,422370,1
17226023,2327,422370,1
17226023,1003,422370,1
1180025371,1003,422370,1
1180025371,1655,422370,1
1180025371,1939,422370,1
1180025371,2328,422370,1
1180025371,2284,422370,2
255673526,1003,422370,1
437019958,1003,422370,1
300378048,2329,422370,1
300378048,1058,422370,1
300378048,2330,422370,1
300378048,2331,422370,1
300378048,1269,422370,1
300378048,1003,422370,1
227943437,1003,422370,1
227943437,2332,422370,1
227943437,1482,422370,1
16880397,1003,422370,1
242102942,2333,422370,1
14690813,1003,422370,1
8141422,2334,422370,1
60811614,2335,422370,1
60811614,2089,422370,1
60811614,1003,422370,1
45397787,1003,422370,1
45397787,2336,422370,1
24710200,1648,422370,1
24710200,2337,422370,1
82950769,1003,422370,1
205754032,1003,422370,1
205754032,2338,422370,1
143242480,1003,422370,1
143242480,2339,422370,1
303545559,1003,422370,1
262848748,1003,422370,1
48908790,1003,422370,1
48908790,2340,422370,1
48908790,2341,422370,1
132878740,2342,422370,1
132878740,2343,422370,1
132878740,1003,422370,1
132878740,2344,422370,1
27574314,2345,422370,1
27574314,2346,422370,1
27574314,2347,422370,1
377128762,2348,422370,1
1236479616,1003,422370,1
937483842,1003,422370,1
937483842,2349,422370,1
937483842,2350,422370,1
937483842,2351,422370,1
937483842,2352,422370,1
384036146,1003,422370,1
2558289269,1003,422370,1
707131808631009280,1003,422370,1
36186797,2353,422370,1
20638956,2354,422370,1
20638956,1003,422370,1
2937328664,1003,422370,1
2937328664,1427,422370,1
2937328664,2355,422370,1
2937328664,1691,422370,1
188684410,2356,422370,1
188684410,1567,422370,1
256768688,1003,422370,1
256768688,2357,422370,1
256768688,2358,422370,1
1004321834,1003,422370,1
244536412,1003,422370,1
503911925,1072,422370,1
503911925,1073,422370,1
503911925,1074,422370,1
503911925,1075,422370,1
503911925,1076,422370,1
1107284317,1003,422370,1
521978260,1003,422370,1
1633252706,1003,422370,1
113435178,1003,422370,1
43043042,1003,422370,1
158379240,2359,422370,1
158379240,2360,422370,1
158379240,2259,422370,1
158379240,2361,422370,1
18006459,1003,422370,1
244722194,1003,422370,1
366139511,1003,422370,1
2802988027,1003,422370,1
814689635129397252,1003,422370,1
814689635129397252,1627,422370,1
814689635129397252,2349,422370,1
814689635129397252,2362,422370,1
17856765,1003,422370,1
17856765,1945,422370,1
17856765,2363,422370,1
17856765,1027,422370,1
33225560,1003,422370,1
33225560,2065,422370,1
33225560,2364,422370,1
33225560,2365,422370,1
33225560,2366,422370,1
33225560,2367,422370,1
33225560,2368,422370,1
2492292824,1003,422370,1
251011376,1003,422370,1
35511592,1003,422370,2
247420096,1003,422370,1
247420096,1138,422370,1
124228636,1003,422370,1
521785364,1003,422370,1
186484343,1003,422370,1
280837361,1482,422370,1
280837361,1003,422370,1
188684410,2369,422370,2
188684410,2370,422370,1
188684410,2371,422370,1
188684410,2372,422370,1
188684410,2373,422370,1
77629609,1762,422370,1
77629609,1003,422370,1
211186963,1003,422370,1
21280370,1003,422370,1
21280370,1126,422370,1
3197469024,1003,422370,1
3449861714,2374,422370,1
3449861714,2375,422370,1
3449861714,2376,422370,1
3449861714,2377,422370,1
835233546415525917,1003,422370,1
835233546415525917,1687,422370,1
835233546415525917,1126,422370,1
835233546415525917,1746,422370,1
835233546415525917,1898,422370,1
727840259455762433,1003,422370,1
727840259455762433,1894,422370,1
2564493863,1003,422370,1
108669792,1126,422370,1
108669792,1003,422370,1
108669792,2378,422370,1
108669792,2379,422370,1
46324445,1003,422370,1
1180241856,1003,422370,1
844330081304612864,1003,422370,1
2382992022,2380,422370,1
2382992022,2381,422370,1
2382992022,2382,422370,1
2382992022,2383,422370,1
119600984,1003,422370,1
61050268,1482,422370,1
61050268,1003,422370,1
61050268,2384,422370,1
61050268,2385,422370,1
61050268,1657,422370,1
61050268,2386,422370,1
61050268,2387,422370,1
340441841,1003,422370,1
340441841,2388,422370,1
340441841,2389,422370,1
340441841,1761,422370,1
340441841,1059,422370,1
28048844,1003,422370,1
22678586,1003,422370,1
22678586,2390,422370,1
22678586,1064,422370,1
21915938,1003,422370,1
21915938,2391,422370,1
21915938,2392,422370,1
21915938,2393,422370,1
21915938,2394,422370,1
21915938,2395,422370,1
20778495,1003,422370,1
132069380,1003,422370,1
250258199,1003,422370,1
26835243,1003,422370,1
628027957,1003,422370,1
104200238,1003,422370,1
104200238,1627,422370,1
448481905,2016,422370,2
75719630,1003,422370,1
160029326,1138,422370,1
160029326,1003,422370,1
16015002,2396,422370,1
2936623532,1003,422370,1
933165969609854981,1482,422370,1
933165969609854981,1003,422370,1
1180025371,1016,422370,2
801240158288969728,1003,422370,1
1265513378,2397,422370,1
1265513378,2398,422370,1
1265513378,1003,422370,1
80554153,1003,422370,1
351037770,1003,422370,1
191651063,1003,422370,1
896812439140003840,1003,422370,1
896812439140003840,2399,422370,1
896812439140003840,2400,422370,1
44415450,2401,422370,1
44415450,1003,422370,1
44415450,2402,422370,1
44415450,2403,422370,1
44415450,2404,422370,1
592071757,1003,422370,1
24710200,1003,422370,1
24564640,1003,422370,1
24564640,1648,422370,1
179682563,1003,422370,1
179682563,1799,422370,1
126225171,1126,422370,1
126225171,1003,422370,1
126225171,2405,422370,1
26587452,1003,422370,1
55458119,1003,422370,1
103414232,1003,422370,1
103414232,1062,422370,1
103414232,1036,422370,1
103414232,2207,422370,1
14872161,1003,422370,1
14872161,1027,422370,1
14872161,1646,422370,1
14872161,1627,422370,1
14872161,1761,422370,1
14872161,2290,422370,1
84210406,1003,422370,1
980837186,2406,422370,1
36592927,1003,422370,1
36592927,2407,422370,1
17474684,2408,422370,1
17474684,2409,422370,1
119948300,1003,422370,1
969198575967186944,1003,422370,1
93777871,1003,422370,1
26360072,1003,422370,1
21280370,2410,422370,1
21280370,1465,422370,1
439408354,1003,422370,1
439408354,2411,422370,1
439408354,2412,422370,1
525833057,1003,422370,1
16541331,1003,422370,1
72635924,1003,422370,1
72635924,1126,422370,1
28877147,1003,422370,1
787894387,1003,422370,1
21314735,1003,422370,1
404952412,1003,422370,1
258588444,1003,422370,1
57853639,1003,422370,1
1408565258,1003,422370,1
1408565258,2413,422370,1
362855262,1003,422370,1
362855262,1654,422370,1
16320537,1003,422370,1
16320537,1019,422370,1
816458480,1003,422370,1
112610571,1003,422370,1
112610571,1027,422370,1
40658194,1104,422370,1
40658194,1003,422370,1
4852156748,2414,422370,1
4852156748,1003,422370,1
29065941,2415,422370,1
29065941,1003,422370,1
29065941,2416,422370,1
29065941,2417,422370,1
242102942,1003,422370,1
45748816,1003,422370,1
45748816,1001,422370,1
244219557,1003,422370,1
244219557,2418,422370,1
334266603,1482,422370,1
334266603,1003,422370,1
334266603,2419,422370,1
334266603,2420,422370,1
334266603,1060,422370,1
334266603,2421,422370,1
116864501,1003,422370,1
41279156,1003,422370,1
41279156,2422,422370,1
825804902219673600,1003,422370,1
410454718,1003,422370,1
27092345,1003,422370,1
1976104758,1003,422370,1
1256969887,1003,422371,1
1256969887,2423,422371,1
1256969887,2424,422371,1
2449006021,1003,422371,1
42666285,1260,422371,1
42666285,1408,422371,1
42666285,1526,422371,1
42666285,1003,422371,1
266707598,1003,422371,1
34159452,2425,422371,1
34159452,2426,422371,1
34159452,2427,422371,1
298825133,1003,422371,1
735974226209869828,1269,422371,1
735974226209869828,2428,422371,1
2325230304,1003,422371,1
2861780801,1003,422371,1
28668730,1003,422371,1
55924737,2429,422371,1
55924737,2430,422371,1
378214805,2249,422371,1
378214805,2431,422371,1
378214805,1003,422371,1
262216184,1003,422371,1
262216184,2432,422371,1
262216184,2433,422371,1
262216184,1126,422371,1
262216184,1945,422371,1
262216184,2011,422371,1
262216184,2434,422371,1
262216184,1944,422371,1
10428372,2435,422371,1
28852834,1003,422371,1
28852834,2436,422371,1
28852834,1264,422371,1
28852834,2437,422371,1
28852834,2438,422371,1
28852834,1404,422371,1
28852834,2050,422371,1
523987121,1003,422371,1
845047631894097920,1003,422371,1
1872623130,1003,422371,1
15165048,1003,422371,1
23033226,1003,422371,1
23033226,2439,422371,1
23033226,1627,422371,1
23033226,2440,422371,1
115303318,1003,422371,1
307469370,1003,422371,1
307469370,1126,422371,1
307469370,1062,422371,1
307469370,2441,422371,1
3038583883,1654,422371,1
3038583883,1126,422371,1
730528481130348545,1003,422371,1
938034496598958080,1917,422371,1
938034496598958080,1003,422371,1
9129922,1003,422371,1
117828219,2442,422371,1
117828219,2443,422371,1
117828219,2444,422371,1
117828219,1827,422371,1
117828219,2445,422371,1
1442525238,1003,422371,1
1442525238,1945,422371,1
1442525238,1928,422371,1
1442525238,2446,422371,1
1442525238,1350,422371,1
44173139,1941,422371,1
42934269,2447,422371,1
42934269,2448,422371,1
42934269,2449,422371,1
39421532,1003,422371,1
37381709,1003,422371,1
297784467,1003,422371,1
297784467,1894,422371,1
809034419239424000,1003,422371,1
809034419239424000,2073,422371,1
17474684,2450,422371,2
17474684,1355,422371,1
17474684,2451,422371,1
1005678613,1003,422371,1
1005678613,2452,422371,1
1005678613,2453,422371,1
44173139,1003,422371,1
244697105,1482,422371,1
244697105,2454,422371,1
244697105,1003,422371,1
452483362,1778,422371,1
452483362,2455,422371,1
460486837,1003,422371,1
23620158,1003,422371,1
1734967909,1003,422371,1
1535547187,1138,422371,1
1535547187,1003,422371,1
1180025371,1016,422371,4
751734772897112064,1003,422371,1
33173838,1003,422371,1
137941195,1003,422371,1
303281594,2456,422371,1
303281594,2457,422371,1
303281594,2458,422371,1
33213039,1003,422371,1
4226742133,2459,422371,1
4226742133,1003,422371,1
122737979,1003,422371,1
122737979,1027,422371,1
2479984940,2248,422371,1
2479984940,1003,422371,1
22194996,1322,422371,1
22194996,2460,422371,1
22194996,2461,422371,1
22194996,2462,422371,1
22194996,2463,422371,1
22194996,1288,422371,1
22194996,2464,422371,1
22194996,2465,422371,1
22194996,2466,422371,1
273193244,1003,422371,1
637256026,1003,422371,1
637256026,1027,422371,1
637256026,1863,422371,1
2180539082,1003,422371,1
2180539082,1627,422371,1
2180539082,2467,422371,1
938034496598958080,2468,422371,1
3206515097,1003,422371,1
17474684,1003,422371,1
17474684,1062,422371,1
17474684,2469,422371,1
2875290963,1003,422371,1
271114932,2470,422371,1
271114932,2471,422371,1
158972053,1003,422371,1
117517223,2041,422371,1
117517223,2472,422371,1
286445504,1003,422371,1
36186797,1901,422371,1
36186797,1003,422371,1
36186797,2473,422371,1
83924069,1003,422371,1
83924069,1817,422371,1
211904493,1003,422371,1
24614057,1003,422371,1
27077955,1003,422371,1
16158580,1003,422371,1
16158580,2474,422371,1
751935632696573952,1219,422371,1
751935632696573952,2475,422371,1
751935632696573952,2476,422371,1
751935632696573952,2477,422371,1
27822518,1875,422371,1
116747298,2478,422371,1
169391482,1003,422371,1
785213265454374912,2479,422371,1
55036521,1003,422371,1
55036521,1027,422371,1
352786176,1003,422371,1
201139912,2480,422371,1
201139912,1417,422371,1
3038583883,1003,422371,1
67922352,1003,422371,1
27574314,1003,422371,1
27574314,2290,422371,1
821942989778026496,1176,422371,1
821942989778026496,1240,422371,1
821942989778026496,1241,422371,1
821942989778026496,1242,422371,1
2597235163,2481,422371,1
2597235163,1003,422371,1
704719445168500736,1003,422371,1
704719445168500736,1895,422371,1
2209111299,1449,422371,1
2209111299,1997,422371,1
2209111299,1512,422371,1
188684410,2482,422371,1
30217359,1003,422371,1
30217359,1646,422371,1
30217359,1027,422371,1
3096845622,1003,422371,1
55075435,1003,422371,1
944675174686904320,2483,422371,1
944675174686904320,2484,422371,1
944675174686904320,1841,422371,1
944675174686904320,2485,422371,1
2575585038,1003,422371,1
2874228342,1003,422371,1
134539954,1003,422371,1
158436239,1003,422371,1
1415367944,1003,422371,1
1415367944,1627,422371,1
1415367944,1685,422371,1
1309152157,1627,422371,1
1309152157,1003,422371,1
203740687,1003,422371,1
212691729,1003,422371,1
3031592200,1003,422371,1
3031592200,2486,422371,1
3687503962,1003,422371,1
1393496791,1003,422371,2
1393496791,1548,422371,2
1393496791,1549,422371,2
1393496791,2487,422371,2
1393496791,2488,422371,2
1393496791,2489,422371,2
1393496791,1691,422371,2
1393496791,1126,422371,2
114122118,1003,422371,1
20350290,1003,422371,2
16657037,1003,422371,1
16657037,1027,422371,1
3035107050,2490,422371,1
3035107050,2491,422371,1
3035107050,2492,422371,1
3035107050,2493,422371,1
3035107050,2434,422371,1
3035107050,1902,422371,1
3035107050,1003,422371,1
3035107050,2494,422371,1
20674875,1003,422371,1
20674875,1787,422371,1
20674875,2495,422371,1
20674875,2496,422371,1
20674875,1104,422371,1
20173542,1003,422371,1
20173542,2497,422371,1
20173542,2498,422371,1
20173542,2499,422371,1
216737404,2500,422371,1
821942989778026496,1003,422371,1
885616912339673088,1003,422371,1
885616912339673088,1627,422371,1
885616912339673088,2155,422371,1
21606818,1003,422371,1
759913254877396993,1003,422371,1
1950355142,1003,422371,1
2445855570,1329,422371,1
3318266650,2501,422371,1
3318266650,2502,422371,1
17144632,1003,422371,1
2920092941,1648,422371,1
2920092941,1003,422371,1
132582643,1003,422371,1
132582643,2503,422371,1
132582643,2504,422371,1
132582643,2505,422371,1
132582643,2506,422371,1
159086427,1003,422371,1
2299700209,2507,422371,1
2299700209,1799,422371,1
2299700209,1003,422371,1
102413895,1003,422371,1
15404012,1003,422371,1
15404012,2508,422371,1
24118499,1003,422371,1
367594391,1003,422371,1
367594391,2509,422371,1
367594391,2510,422371,1
2302250478,1003,422371,1
2302250478,2511,422371,1
604513394,1003,422371,1
275800170,1003,422371,1
275800170,1059,422371,1
2325230304,2512,422371,1
2325230304,1264,422371,1
2325230304,2513,422371,1
783750006,1003,422371,1
783750006,1917,422371,1
33104009,1003,422371,1
86490103,1003,422371,2
448481905,1003,422371,1
448481905,2514,422371,1
448481905,1548,422371,1
14189654,1003,422371,1
1426373078,1003,422371,1
443056507,2515,422371,1
443056507,2516,422371,1
443056507,2517,422371,2
443056507,2518,422371,2
20472641,1003,422371,1
19366775,1003,422371,1
3426880721,1003,422371,1
3426880721,2519,422371,1
484403244,1003,422371,1
443056507,1709,422371,1
443056507,1003,422371,1
246557733,2520,422371,1
246557733,1003,422371,1
246557733,2521,422371,1
246557733,2522,422371,1
246557733,2523,422371,1
246557733,2207,422371,1
246557733,2524,422371,1
83924069,2525,422371,1
4836606905,1003,422371,1
772892024,2526,422371,1
772892024,2527,422371,1
772892024,1093,422371,1
2848744601,1003,422371,1
268811790,1003,422371,1
17035064,2528,422371,1
17035064,1003,422371,1
17035064,2529,422371,1
17035064,2530,422371,1
722247382247829504,1003,422371,1
722247382247829504,1917,422371,1
2377594415,1003,422371,1
2377594415,2531,422371,1
2377594415,1126,422371,1
50078242,1003,422371,1
50078242,1033,422371,1
36815578,1475,422371,1
36815578,2532,422371,1
36815578,2533,422371,1
36815578,2534,422371,1
36815578,2535,422371,1
36815578,2536,422371,1
3168169837,2537,422371,1
3168169837,2538,422371,1
3168169837,2539,422371,1
3168169837,2540,422371,1
3168169837,2541,422371,1
1484059890,1003,422371,1
1484059890,1027,422371,1
14559108,1654,422371,1
14559108,1003,422371,1
940636298980847616,1003,422371,1
940636298980847616,2542,422371,1
940636298980847616,2543,422371,1
940636298980847616,2544,422371,1
940636298980847616,2545,422371,1
23920054,1003,422371,1
1278142621,1003,422371,1
930297650066403328,1003,422371,1
303281594,1003,422371,1
303281594,2546,422371,1
303281594,1549,422371,1
303281594,2547,422371,1
303281594,2548,422371,1
868576306488688640,1003,422371,1
831893588086648834,1003,422371,1
427424201,1003,422371,1
35091182,1003,422371,1
891291023397212160,1648,422371,1
111663948,2549,422371,1
111663948,2550,422371,1
111663948,1003,422371,1
303281594,2551,422371,1
303281594,1126,422371,1
2366127384,1003,422371,1
2366127384,1126,422371,1
2366127384,2552,422371,1
2366127384,2553,422371,1
2366127384,2554,422371,1
2366127384,2555,422371,1
2366127384,1723,422371,1
31577021,1077,422371,1
142931832,1003,422371,1
258000999,1003,422371,1
1583464495,1003,422371,1
50874385,1003,422371,1
50874385,2556,422371,1
50874385,2557,422371,1
50874385,2558,422371,1
909599346,1003,422371,1
909599346,2559,422371,1
1140799801,1003,422371,1
1140799801,2560,422371,1
1140799801,2561,422371,1
14051891,1003,422371,1
811662866868797440,1003,422371,1
811662866868797440,1027,422371,1
811662866868797440,2562,422371,1
811662866868797440,1549,422371,1
811662866868797440,2563,422371,1
3128949598,1003,422371,1
3128949598,2564,422371,1
2636051722,1003,422371,1
1180025371,2565,422371,1
169131469,1003,422371,1
781968062333521920,1003,422371,1
781968062333521920,2566,422371,1
21130664,1003,422371,1
21130664,2567,422371,1
21130664,2313,422371,1
252245547,1003,422371,1
252245547,1648,422371,1
342534432,1003,422371,1
1002003048,2568,422371,1
1002003048,2569,422371,1
597836801,1003,422371,1
17223014,1003,422371,1
23112554,2570,422371,1
143540063,1003,422371,2
143540063,2571,422371,2
84210406,1003,422371,1
169542161,1003,422371,1
19836394,1104,422371,1
19836394,1003,422371,1
911758095059058688,1003,422371,1
16412280,2572,422371,1
16412280,1003,422371,1
318106173,2573,422371,1
318106173,1003,422371,1
318106173,2574,422371,1
318106173,2575,422371,1
318106173,1101,422371,1
318106173,2576,422371,1
318106173,2577,422371,1
39301994,1003,422371,1
23189306,1027,422371,1
23189306,2578,422371,1
23189306,1688,422371,1
23189306,1799,422371,1
181991754,2579,422371,1
181991754,2580,422371,1
181991754,2581,422371,1
181991754,1677,422371,1
143327160,1003,422371,1
143327160,1648,422371,1
143327160,2061,422371,1
143327160,2582,422371,1
1583713668,2566,422371,1
1583713668,1003,422371,1
199895936,1003,422372,1
199895936,2583,422372,1
199895936,2584,422372,1
199895936,2585,422372,1
199895936,2586,422372,1
20351179,1003,422372,1
20351179,1717,422372,1
801479481797902337,2587,422372,1
801479481797902337,1559,422372,1
801479481797902337,1003,422372,1
231614642,1003,422372,1
630447560,1003,422372,1
729560571410976769,1003,422372,1
22054705,2588,422372,1
22054705,1403,422372,1
22054705,2589,422372,1
34177553,1003,422372,1
18465507,1003,422372,1
24669051,1003,422372,1
1152674269,1003,422372,1
353509656,1003,422372,1
4895006760,1003,422372,1
707937282,1003,422372,1
707937282,2590,422372,1
707937282,1817,422372,1
931027944,1667,422372,1
931027944,1003,422372,1
1400802510,2141,422372,1
1400802510,1003,422372,1
20667173,2591,422372,1
20667173,2260,422372,1
20667173,2262,422372,1
20667173,2263,422372,1
20667173,2438,422372,1
20667173,1404,422372,1
415242072,1648,422372,1
415242072,2592,422372,1
415242072,2593,422372,1
415242072,2594,422372,1
254876356,1003,422372,1
724058621022232577,1003,422372,1
724058621022232577,1457,422372,1
3168169837,1003,422372,1
3168169837,2222,422372,1
3168169837,2595,422372,1
3168169837,1859,422372,1
3168169837,2596,422372,1
3168169837,2597,422372,1
137972437,1003,422372,1
251716551,1003,422372,1
23291568,1003,422372,1
732185036,1058,422372,1
732185036,1003,422372,1
732185036,2598,422372,1
2390404490,1001,422372,1
2390404490,1003,422372,1
116946541,1003,422372,1
116946541,2599,422372,1
21628022,2600,422372,1
414344537,1003,422372,1
414344537,2601,422372,1
20667173,2602,422372,1
20667173,2603,422372,1
20667173,2604,422372,1
20667173,2605,422372,1
20667173,2606,422372,1
20667173,2607,422372,1
20667173,2608,422372,1
38131630,1104,422372,1
38131630,1648,422372,1
38131630,2609,422372,1
267503865,1003,422372,1
47421685,1003,422372,1
3121750933,1014,422372,1
3121750933,1015,422372,1
3121750933,2229,422372,1
3121750933,2230,422372,1
3121750933,2231,422372,1
3121750933,2232,422372,1
3121750933,2610,422372,1
3121750933,2260,422372,1
3299556894,1003,422372,1
440936933,1003,422372,1
263731404,1003,422372,1
282188436,1003,422372,1
453662585,1859,422372,1
453662585,1003,422372,1
558163732,1003,422372,1
558163732,2611,422372,1
558163732,1404,422372,1
558163732,1648,422372,1
558163732,1654,422372,1
118544609,1003,422372,1
118544609,2512,422372,1
118544609,2596,422372,1
229187669,1003,422372,1
1283290404,1003,422372,1
184862918,1003,422372,1
47483590,1003,422372,1
49012634,1003,422372,1
49012634,1859,422372,1
49012634,2612,422372,1
49012634,2613,422372,1
49012634,2614,422372,1
44429531,1646,422372,1
44429531,1027,422372,1
44429531,1003,422372,1
42495288,2615,422372,1
42495288,2323,422372,1
374237792,2616,422372,1
305860225,1003,422372,1
20789005,1003,422372,1
20789005,2617,422372,1
97096567,1003,422372,1
43422207,1003,422372,1
3236973634,1003,422372,1
19167916,1003,422372,2
117517223,2041,422372,1
117517223,1053,422372,1
12810112,1003,422372,1
251925254,1325,422372,1
251925254,1003,422372,1
176500749,2618,422372,1
176500749,1003,422372,1
882703320036499456,1003,422372,1
882703320036499456,1001,422372,1
3234221972,1003,422372,1
59888158,1003,422372,1
458793936,1003,422372,1
458793936,1648,422372,1
458793936,2619,422372,1
16975054,1003,422372,1
623739419,1003,422372,1
1500253002,1003,422372,1
1500253002,2620,422372,1
1500253002,1637,422372,1
1500253002,2621,422372,1
503911925,1932,422372,1
503911925,1003,422372,1
503911925,2622,422372,1
503911925,1064,422372,1
137954427,1287,422372,1
137954427,1512,422372,1
137954427,2623,422372,1
137954427,2624,422372,1
23574435,1104,422372,1
23574435,1003,422372,1
23574435,1928,422372,1
850346704188657664,2625,422372,1
17554186,2151,422372,1
17554186,1003,422372,1
912447762,1003,422372,1
20081176,1003,422372,1
3365373556,1003,422372,1
2754527832,1003,422372,1
34312041,1003,422372,1
34312041,2626,422372,1
201041249,1003,422372,2
22027194,1003,422372,1
22027194,2627,422372,1
311211319,1003,422372,1
266364200,1003,422372,1
266364200,2628,422372,1
254271598,1003,422372,1
254271598,2629,422372,1
4659760109,1003,422372,1
1180025371,1016,422372,11
1556565931,1003,422372,1
1556565931,2630,422372,1
1556565931,2631,422372,1
27918931,1003,422372,1
305607889,1003,422372,1
144083511,1104,422372,1
144083511,1003,422372,1
1950798416,2562,422372,1
1950798416,1003,422372,1
90083089,1003,422372,1
232463367,1003,422372,1
797386825,1003,422372,1
32725794,1003,422372,1
253247015,1003,422372,1
450077928,1003,422372,1
25569512,1003,422372,1
929456436098330624,1003,422372,1
929456436098330624,2632,422372,1
929456436098330624,2633,422372,1
929456436098330624,2634,422372,1
315540458,1003,422372,1
17204621,1648,422372,1
17204621,1003,422372,1
17204621,2561,422372,1
28220795,1003,422372,1
1180025371,2635,422372,1
1180025371,1259,422372,1
19366159,1003,422372,1
19366159,1053,422372,1
19366159,2636,422372,1
50203824,1104,422372,1
1258593637,1003,422372,1
16561148,1041,422372,1
16561148,2637,422372,1
271114932,1003,422372,1
4484925912,1003,422372,1
21670866,1003,422372,1
24848847,1003,422372,1
225531868,1003,422372,1
225531868,2515,422372,1
16037503,1003,422372,1
16037503,1027,422372,1
16037503,1646,422372,1
829576687,1003,422372,1
268283923,1003,422372,1
268283923,1643,422372,1
268283923,1892,422372,1
268283923,1559,422372,1
434235634,1003,422372,1
434235634,2638,422372,1
434235634,2639,422372,1
434235634,2640,422372,1
434235634,2641,422372,1
434235634,2642,422372,1
1180025371,2643,422372,1
3192377558,1003,422372,1
3192377558,2644,422372,1
22426525,2645,422372,1
22426525,1003,422372,1
22426525,2646,422372,1
22426525,2647,422372,1
1016112139,1003,422372,1
1016112139,2648,422372,1
48087008,1003,422372,1
20967892,2649,422372,1
1053190261,1027,422372,1
1053190261,1003,422372,1
1053190261,2650,422372,1
52784759,1325,422372,1
52784759,1003,422372,1
52784759,2486,422372,1
52784759,2651,422372,1
52784759,2652,422372,1
52784759,2653,422372,1
22376855,1003,422372,1
276216748,1003,422372,1
960678293157560320,2434,422372,1
960678293157560320,2061,422372,1
960678293157560320,1945,422372,1
960678293157560320,1003,422372,1
220538707,1003,422372,1
74815240,1003,422372,1
102989235,1003,422372,1
737869494589263872,1003,422372,1
2905271914,1003,422372,1
2905271914,2494,422372,1
26602302,1003,422372,1
26602302,1648,422372,1
26602302,2654,422372,1
19614017,2655,422372,1
19614017,2656,422372,1
20967892,2657,422372,1
20967892,1001,422372,1
524041061,1003,422372,1
184120967,1898,422372,3
2269623024,1003,422372,1
61989946,1003,422372,1
125609186,1003,422372,1
35511592,1003,422372,1
162805587,2658,422372,1
291514987,1003,422372,1
57667371,1003,422372,1
873284719,1003,422372,1
873284719,2659,422372,1
4837239955,2660,422372,1
4837239955,2661,422372,1
4837239955,1003,422372,1
4837239955,1440,422372,1
810438073,1003,422372,1
595740680,1003,422372,1
2325230304,2662,422372,1
517171787,1027,422372,1
517171787,1003,422372,1
517171787,1816,422372,1
2300403377,2619,422372,1
2300403377,1003,422372,1
2300403377,2663,422372,1
2300403377,2664,422372,1
485875060,2665,422372,1
485875060,1003,422372,1
485875060,1634,422372,1
244270706,1003,422372,2
186268987,1003,422372,1
278270169,1819,422372,1
278270169,1003,422372,1
2692782298,1003,422372,1
598984770,1003,422372,1
204654086,1126,422372,1
204654086,1003,422372,1
204654086,1655,422372,1
162594391,1003,422372,1
162594391,2452,422372,1
162594391,2025,422372,1
162594391,2666,422372,1
2724333695,1003,422372,1
2724333695,2667,422372,1
2724333695,1058,422372,1
2724333695,1060,422372,1
2724333695,2668,422372,1
518861041,2669,422372,1
518861041,1003,422372,1
518861041,1648,422372,1
575843103,1003,422372,1
1921214749,1003,422372,1
710538320707723264,1003,422372,1
83431030,1003,422372,1
29103646,1003,422372,1
2598881534,1003,422372,1
2598881534,1691,422372,1
2598881534,1062,422372,2
2598881534,1879,422372,1
2598881534,2670,422372,1
2598881534,2671,422372,1
2598881534,2672,422372,1
2598881534,2673,422372,1
2598881534,2674,422372,1
343165349,1003,422372,1
1259649151,1003,422372,1
1259649151,1520,422372,1
1259649151,1903,422372,1
1259649151,2432,422372,1
1259649151,1062,422372,1
1259649151,2675,422372,1
20638956,2676,422372,1
2913195927,1003,422372,1
42888355,1003,422372,1
1722144674,1003,422372,1
145391869,2677,422372,1
42666285,1409,422373,1
42666285,1260,422373,1
42666285,1408,422373,1
21661894,1003,422373,1
818926413701124109,1003,422373,1
1145581525,1003,422373,1
4060101373,1003,422373,1
4060101373,2678,422373,1
4060101373,2679,422373,1
4060101373,2680,422373,1
4060101373,2681,422373,1
4060101373,2682,422373,1
3100343415,2683,422373,1
3100343415,1003,422373,1
19835747,1003,422373,1
575753814,1003,422373,1
575753814,1723,422373,1
1137317192,1003,422373,1
1137317192,2684,422373,1
771678204,1003,422373,1
1180025371,1016,422373,3
349163942,1003,422373,1
799316850047913984,1003,422373,1
20638956,2685,422373,1
29103646,1003,422373,1
826616589030215688,2686,422373,1
826616589030215688,1003,422373,1
144723097,1003,422373,1
2982029621,1003,422373,1
2982029621,1928,422373,1
16320537,1282,422373,3
2789012461,1003,422373,1
1403980039,1003,422373,1
1403980039,2687,422373,1
1403980039,2688,422373,1
1403980039,2689,422373,1
785679713092067328,1003,422373,1
1000579212,1003,422373,1
2382460013,2690,422373,1
2382460013,1003,422373,1
2382460013,2691,422373,1
2382460013,2692,422373,1
3313683895,1003,422373,1
3401857571,1003,422373,1
185450428,1003,422373,1
185450428,2693,422373,1
710538320707723264,1003,422373,1
2445855570,2694,422373,1
792222643403513856,1003,422373,1
4016292074,1003,422373,1
4016292074,2695,422373,1
2876946738,1003,422373,1
446609479,1003,422373,1
433823954,1003,422373,1
433823954,1648,422373,1
142818094,1003,422373,1
477335110,1003,422373,1
477335110,1126,422373,1
477335110,2696,422373,1
606019343,1003,422373,1
1477616912,1003,422373,1
54813581,2697,422373,1
54813581,1003,422373,1
20967892,1003,422373,2
20967892,1001,422373,2
2985282559,1720,422373,1
2985282559,2698,422373,1
301151724,1003,422373,1
23884725,1003,422373,1
72045291,1003,422373,1
72045291,1627,422373,1
72045291,1126,422373,1
72045291,1816,422373,1
39330000,1003,422373,1
229928869,1003,422373,1
20662865,1003,422373,1
20662865,2699,422373,1
2559124497,1003,422373,1
181991754,2700,422373,1
181991754,1162,422373,1
181991754,2701,422373,1
3359083157,1003,422373,1
50566254,1559,422373,1
50566254,1003,422373,1
50566254,2702,422373,1
50566254,2703,422373,1
12091872,2704,422373,1
12091872,1003,422373,1
254398554,1003,422373,1
254398554,2705,422373,1
254398554,2706,422373,1
17571818,1003,422373,1
17571818,1723,422373,1
17571818,2707,422373,1
17571818,1847,422373,1
27788968,1003,422373,1
853857727172497409,1003,422373,1
17216173,2708,422373,1
17216173,1003,422373,1
17216173,2709,422373,1
17216173,2710,422373,1
17216173,2440,422373,1
31433043,1003,422373,1
31433043,2711,422373,1
412708451,1003,422373,1
232463367,2712,422373,1
232463367,2713,422373,1
232463367,2714,422373,1
232463367,2715,422373,1
232463367,2716,422373,1
181991754,1003,422373,1
43971278,1003,422373,1
1419443456,1003,422373,1
1419443456,2717,422373,1
65260727,1003,422373,1
857611759166926850,1003,422373,1
58664645,2718,422373,1
51355424,1003,422373,1
51355424,2719,422373,1
70789841,1003,422373,1
4367246722,1003,422373,1
4367246722,2720,422373,1
4367246722,2721,422373,1
29208928,1003,422373,1
161169452,1003,422373,1
279781652,1003,422373,1
50203824,1003,422373,1
2195170227,2722,422373,1
2195170227,1003,422373,1
256861274,1003,422373,1
77940121,1003,422373,1
41155507,2723,422373,1
41155507,2058,422373,1
41155507,2724,422373,1
41155507,2725,422373,1
41155507,1225,422373,1
41155507,1003,422373,1
41155507,1062,422373,1
41155507,2726,422373,1
36659836,1003,422373,1
36659836,1001,422373,1
31577021,1003,422373,1
31577021,2727,422373,1
31577021,2728,422373,1
149748062,1003,422373,1
1902535346,1003,422373,1
257772785,1003,422373,1
257772785,2729,422373,1
257772785,2730,422373,1
931515454853668866,1003,422373,1
169739404,1003,422373,1
169739404,1945,422373,1
169739404,1808,422373,1
169739404,2235,422373,1
169739404,2332,422373,1
538688050,1003,422373,1
4117625665,1003,422373,1
4117625665,1036,422373,1
632783295,1003,422373,1
632783295,2432,422373,1
294643036,2680,422373,1
294643036,2731,422373,1
294643036,1003,422373,1
2345947879,1003,422373,1
145349871,1003,422373,1
60799480,1003,422373,1
516801659,1928,422373,1
516801659,1003,422373,1
516801659,2732,422373,1
23092382,1003,422373,1
23092382,2733,422373,1
19043074,1003,422373,1
534801844,1003,422373,1
634194858,1003,422373,1
767387050869977088,1003,422373,1
767387050869977088,1559,422373,1
767387050869977088,2734,422373,1
767387050869977088,2735,422373,1
826461584788709376,1003,422373,1
980837186,1003,422373,1
919586949047996416,1003,422373,1
258917442,1646,422373,1
258917442,2736,422373,1
258917442,2737,422373,1
258917442,1404,422373,1
1252657489,1003,422373,1
1180025371,2738,422373,2
1180025371,1259,422373,1
2205826873,1965,422373,1
2205826873,2739,422373,1
2205826873,2740,422373,1
2205826873,2741,422373,1
2205826873,2742,422373,1
38499792,2743,422373,1
38499792,1001,422373,1
38499792,1003,422373,1
38499792,2744,422373,1
106326550,1003,422373,1
842150204925198337,1003,422373,1
916314003718201345,1003,422373,1
3098972042,1310,422373,1
267387624,2745,422373,1
267387624,1003,422373,1
1649037895,1003,422373,1
188684410,2746,422373,1
27822518,2747,422373,1
42964456,1003,422373,1
26082802,1003,422373,1
20967892,1027,422373,1
484102725,1627,422373,1
484102725,2748,422373,1
484102725,1003,422373,1
117828219,1003,422373,1
86214439,2749,422373,1
86214439,2750,422373,1
50799942,1003,422373,1
50799942,1717,422373,1
188684410,1004,422373,1
51903296,1003,422373,1
51903296,1062,422373,1
51903296,1126,422373,1
51903296,1627,422373,1
22054705,2751,422373,1
129098071,1003,422373,1
273723934,1003,422373,1
2838272531,1003,422373,1
1137616350,1003,422373,1
303416429,1003,422373,1
18791163,1003,422373,1
285272554,1003,422373,1
75156263,1003,422373,1
75156263,1126,422373,1
75156263,1627,422373,1
75156263,1559,422373,1
2988752243,1003,422373,1
157768999,1003,422373,1
247412243,1003,422373,1
304539295,1003,422373,1
16897733,1003,422373,1
188684410,2752,422373,1
188684410,1565,422373,2
188684410,1562,422373,1
2252730644,2753,422373,1
2252730644,1003,422373,1
2817837144,1027,422373,1
2817837144,1003,422373,1
102891975,1003,422373,1
953715234,1003,422373,1
3078497405,1648,422373,1
3078497405,1003,422373,1
2230583694,1003,422373,1
171615472,1003,422373,1
172383321,1003,422373,1
194678796,1003,422373,1
749712324278095873,1003,422373,1
749712324278095873,2754,422373,1
199723335,2755,422373,1
199723335,1003,422373,1
390925334,1003,422373,1
23661314,1104,422373,1
23661314,1003,422373,1
23661314,2057,422373,1
23661314,1691,422373,1
23661314,1427,422373,1
23534187,1003,422373,1
23534187,2671,422373,1
23534187,2756,422373,1
23534187,1854,422373,1
23534187,1859,422373,1
40119076,1003,422373,1
63737323,1003,422373,1
63737323,2757,422373,1
349546755,2758,422373,1
349546755,1104,422373,1
944675174686904320,2759,422373,1
717751125,1003,422373,1
717751125,2760,422373,1
15907986,1003,422373,1
15907986,2761,422373,1
3098972042,1003,422373,1
3098972042,2762,422373,1
3098972042,2763,422373,1
717515905727483904,1003,422373,1
717515905727483904,2764,422373,1
35356183,1003,422373,1
14220191,2765,422373,1
14220191,2766,422373,1
35135320,1003,422373,1
309747240,1003,422373,1
163621065,2767,422373,1
163621065,1003,422373,1
163621065,1648,422373,1
217632453,1003,422373,1
2934851784,1003,422373,1
2287170121,1003,422373,1
222929722,1003,422373,1
17882066,1003,422373,1
3442886056,1003,422373,1
20963067,1648,422373,1
20963067,1003,422373,1
14501672,1003,422373,1
14501672,1648,422373,1
534054336,1003,422373,1
48120391,1003,422373,1
26510688,1003,422373,1
26510688,2768,422373,1
26510688,2769,422373,1
26510688,2770,422373,1
24015146,1003,422373,1
180437269,1003,422373,1
185841740,2771,422373,1
185841740,1003,422373,1
452542451,1643,422373,1
24568841,1003,422373,1
94003629,1003,422373,1
1126902138,1003,422373,1
254800074,1003,422373,1
254800074,1685,422373,1
254800074,2073,422373,1
114569219,1648,422373,1
114569219,1003,422373,1
22883320,1003,422373,1
951753584,2772,422373,1
951753584,1003,422373,1
951753584,2061,422373,1
951753584,1945,422373,1
951753584,2773,422373,1
951753584,1944,422373,1
1376313464,1003,422373,1
188684410,2774,422374,1
188684410,1568,422374,1
1180025371,1003,422374,2
1180025371,2328,422374,3
1180025371,2635,422374,1
1180025371,2284,422374,2
42666285,1505,422374,1
42666285,1408,422374,1
42666285,1003,422374,1
42666285,1260,422374,1
21176553,1003,422374,1
21176553,2775,422374,1
15852923,1003,422374,1
15852923,1646,422374,1
15852923,1027,422374,1
1483039946,1003,422374,1
1483039946,2776,422374,1
22550358,1003,422374,1
22550358,1001,422374,1
2905585250,1003,422374,1
912835576373452800,2777,422374,1
912835576373452800,1003,422374,1
33973355,1003,422374,1
14047759,1003,422374,1
14047759,2644,422374,1
23266929,1003,422374,1
180437269,1003,422374,2
23522635,2778,422374,1
23522635,2779,422374,1
23522635,2780,422374,1
23522635,2781,422374,1
23522635,2782,422374,1
23522635,2783,422374,1
92186516,1003,422374,1
92186516,2784,422374,1
92186516,2057,422374,1
295420187,2785,422374,1
295420187,2786,422374,1
295420187,1165,422374,1
295420187,1548,422374,1
295420187,1126,422374,1
26794596,1003,422374,1
24416464,1003,422374,1
1727080993,1003,422374,1
188684410,1566,422374,1
188684410,1567,422374,1
19308651,1003,422374,1
39206945,2787,422374,1
39206945,2788,422374,1
39206945,1877,422374,1
78139213,1003,422374,1
18803464,1003,422374,1
360837913,2789,422374,1
360837913,2790,422374,1
360837913,2791,422374,1
360837913,2792,422374,1
485875060,2793,422374,1
485875060,2794,422374,1
485875060,2795,422374,1
485875060,2796,422374,1
485875060,2797,422374,1
107461083,1003,422374,1
107461083,1482,422374,1
107461083,1944,422374,1
107461083,2798,422374,1
107461083,1977,422374,1
17937575,1003,422374,1
69405550,1003,422374,1
2279136933,1003,422374,1
20682357,2799,422374,1
20682357,2800,422374,1
20682357,1003,422374,1
20682357,1404,422374,1
20682357,2801,422374,1
481819553,1003,422374,1
364629377,1003,422374,1
364629377,2802,422374,1
206506178,1003,422374,1
28213646,1003,422374,1
28213646,1282,422374,1
2315205754,1003,422374,1
119900518,1003,422374,1
599578030,1003,422374,1
1606522849,1003,422374,1
1049371448,1003,422374,1
17826102,1003,422374,1
226248653,1003,422374,1
737963628,1003,422374,1
214635096,1003,422374,1
26198700,1003,422374,1
26198700,2803,422374,1
309951478,1003,422374,2
309951478,2804,422374,1
309951478,2805,422374,1
309951478,2806,422374,1
62749434,1003,422374,1
23112554,1003,422374,1
16222346,2807,422374,1
16222346,1003,422374,1
2343726259,1003,422374,1
2343726259,1648,422374,1
63197241,2808,422374,1
63197241,1003,422374,1
29184283,1003,422374,1
29184283,2809,422374,1
3060068184,1003,422374,1
225112824,1003,422374,2
216039050,1003,422374,1
216039050,2696,422374,1
3320611968,1003,422374,1
826616589030215688,1003,422374,1
826616589030215688,2298,422374,1
181991754,1677,422374,1
181991754,1678,422374,1
1180025371,1016,422374,22
1180025371,2810,422374,2
2382992022,2811,422374,1
2382992022,2812,422374,1
2382992022,2813,422374,1
2382992022,2814,422374,1
17941231,1003,422374,1
2517825155,1003,422374,1
2517825155,2552,422374,1
2517825155,2815,422374,1
2517825155,2816,422374,1
3295164326,1003,422374,1
1932221766,1027,422374,1
1932221766,1003,422374,1
1932221766,1001,422374,1
187921322,1003,422374,1
18769024,2817,422374,1
33623857,1003,422374,1
823229033936732162,1003,422374,1
823229033936732162,2818,422374,1
3786757515,1003,422374,1
3786757515,1687,422374,1
3786757515,2819,422374,1
2349257468,1003,422374,1
2349257468,2820,422374,1
12091872,2821,422374,1
861107137,1003,422374,1
175161093,1003,422374,1
175161093,1928,422374,1
175161093,1621,422374,1
175161093,1126,422374,1
175161093,1942,422374,1
25661510,1003,422374,1
1936348064,1003,422374,1
1936348064,2822,422374,1
225112824,2823,422374,1
1253920526,1003,422374,1
1253920526,1001,422374,1
1253920526,2824,422374,1
1253920526,2825,422374,1
516586981,1003,422374,1
274114311,1214,422374,1
274114311,2826,422374,1
274114311,2827,422374,1
274114311,2828,422374,1
274114311,1269,422374,1
274114311,2829,422374,1
162805587,1003,422374,1
48087601,1003,422374,1
86370649,1648,422374,1
86370649,1003,422374,1
274012228,2830,422374,1
274012228,1003,422374,1
274012228,2619,422374,1
224360113,1138,422374,1
14220191,1003,422374,1
14220191,2831,422374,1
251776220,1003,422374,1
31215973,1689,422374,1
31215973,1688,422374,1
31215973,1003,422374,1
31215973,2832,422374,1
1257650768,1003,422374,1
6441322,1003,422374,1
444771207,1003,422374,1
2445855570,1003,422374,1
20667173,2833,422374,1
20667173,2602,422374,1
20667173,2603,422374,1
20667173,2604,422374,1
20667173,2605,422374,1
20667173,2606,422374,1
20667173,2607,422374,1
20667173,2834,422374,1
22220760,1799,422374,1
22220760,1003,422374,1
22220760,2835,422374,1
22220760,1879,422374,1
22220760,1685,422374,1
1364345298,1003,422374,1
1364345298,1894,422374,1
46690271,1003,422374,1
46690271,2836,422374,1
397173259,1003,422374,1
935908393805602816,1003,422374,1
935908393805602816,2837,422374,1
59888158,2452,422374,1
235447569,1003,422374,1
216737404,1003,422374,1
1377615098,2838,422374,1
1377615098,2839,422374,1
63878566,1003,422374,1
772892024,2840,422374,1
772892024,1003,422374,1
19836394,1003,422374,1
20967892,1003,422374,1
20967892,1001,422374,1
20967892,2841,422374,1
29482906,1003,422374,1
29482906,2842,422374,1
29482906,2843,422374,1
29482906,2844,422374,1
29482906,2845,422374,1
24932122,1003,422374,1
1444550186,1003,422374,1
316700634,1003,422374,1
1002003048,2568,422374,1
1002003048,2569,422374,2
1002003048,2846,422374,1
54047677,1003,422374,1
54047677,2440,422374,1
54047677,2847,422374,1
50073427,1003,422374,1
50073427,2848,422374,1
50073427,2585,422374,1
1002003048,1003,422374,1
38564541,1003,422374,1
55060987,1003,422374,1
718992134,1325,422374,1
718992134,1003,422374,1
718992134,2849,422374,1
718992134,2266,422374,1
718992134,2850,422374,1
718992134,1816,422374,1
38301345,2851,422374,1
38301345,1003,422374,1
143242480,2852,422374,1
143242480,1349,422374,1
223969236,1003,422374,1
156731708,1003,422374,1
465911423,1003,422374,1
546432573,1003,422374,1
546432573,2853,422374,1
24451390,1003,422374,1
36815578,1003,422374,1
36815578,2534,422374,1
36815578,2535,422374,1
90734728,1003,422374,1
3073711635,1003,422374,1
21403120,1003,422374,1
9826812,1003,422374,1
9826812,1648,422374,1
56195219,1003,422374,1
106645817,1003,422374,1
106645817,1648,422374,1
184953815,1003,422374,1
170871404,1003,422374,1
2404983088,1003,422374,1
127759080,1003,422374,1
1281021487,1003,422374,1
3680519782,1003,422374,1
3680519782,2854,422374,1
24734639,1648,422374,1
24734639,1003,422374,1
125704676,1003,422374,1
804001512229847040,1003,422374,1
735974226209869828,1003,422374,1
390346578,1003,422374,1
15199296,1003,422374,1
15199296,2855,422374,1
417557721,1003,422374,1
781318064528916480,1003,422374,1
441227536,1003,422374,1
452483362,1057,422374,1
452483362,2856,422374,1
452483362,2857,422374,1
1611117379,1003,422374,1
1611117379,1687,422374,1
1611117379,1126,422374,1
1611117379,2858,422374,1
1611117379,2859,422374,1
4827960312,1003,422374,1
4827960312,1859,422374,1
741838458,1003,422374,1
410857233,1003,422374,1
263401600,1003,422374,1
66178462,1003,422374,1
66178462,2860,422374,1
66178462,1826,422374,1
1180025371,2861,422374,1
891978961,1003,422374,1
16354112,1003,422374,1
84261498,1003,422374,1
84261498,1648,422374,1
138241054,1003,422374,1
244773872,1003,422374,1
244773872,2862,422374,1
244773872,2863,422374,1
244773872,2864,422374,1
244773872,2865,422374,1
244773872,1774,422374,1
244773872,1627,422374,1
188684410,2866,422374,1
188684410,2867,422374,1
2537650723,1003,422374,1
2537650723,2868,422374,1
50078242,1449,422374,1
50078242,1033,422374,1
104997935,1003,422374,1
104997935,1894,422374,1
104997935,1559,422374,1
841684166798389249,1003,422374,1
841684166798389249,1627,422374,1
2569895550,1003,422374,1
53122819,1003,422374,1
1294394910,1003,422374,1
529656309,1003,422374,1
1180025371,2869,422374,7
1152489072,2870,422374,1
1180025371,1259,422374,1
265609301,1003,422374,1
51199365,1749,422374,1
51199365,2871,422374,1
51199365,1003,422374,1
2267807461,1003,422374,1
2267807461,2872,422374,1
2267807461,2873,422374,1
2267807461,2874,422374,1
2267807461,2875,422374,1
66605079,1648,422374,2
66605079,1003,422374,2
304539295,2876,422374,1
182890780,2877,422374,1
182890780,2878,422374,1
182890780,1003,422374,1
388920708,1003,422374,1
2362173176,1003,422374,1
2815863258,1036,422159,1
2815863258,2879,422159,1
2815863258,1427,422159,1
2815863258,2880,422159,1
42666285,2881,422159,1
42666285,2882,422159,1
42666285,2883,422159,1
42666285,2884,422159,1
503911925,1045,422159,1
503911925,2885,422159,1
503911925,2886,422159,1
503911925,2887,422159,1
21915938,2888,422159,1
21915938,2889,422159,1
21915938,2391,422159,1
1003331059,2890,422159,1
132217093,2222,422159,1
132217093,2891,422159,1
132217093,2663,422159,1
16320537,1282,422159,3
16320537,2892,422159,1
16320537,1512,422159,1
16320537,1287,422159,1
16320537,2893,422159,1
3003828482,1104,422159,1
516586981,1838,422159,1
16574620,2894,422159,1
16574620,2895,422159,1
16574620,2896,422159,1
2457278850,1538,422159,1
2457278850,2897,422159,1
2457278850,1967,422159,1
2457278850,2898,422159,1
2457278850,2899,422159,1
2457278850,2674,422159,1
2457278850,2900,422159,1
2457278850,2207,422159,1
21826629,2901,422159,1
287843203,2902,422159,1
2236425122,2903,422159,1
2236425122,2904,422159,1
231614642,1020,422159,1
231614642,2905,422159,1
33220557,2906,422159,1
33220557,2907,422159,1
33220557,2908,422159,1
33220557,2909,422159,1
33220557,2910,422159,1
24472395,2911,422159,1
24472395,2912,422159,1
24472395,2913,422159,1
179682563,2826,422159,1
17826102,2914,422159,2
17826102,1214,422159,4
245818918,2915,422159,1
245818918,2916,422159,1
448481905,2917,422159,1
448481905,2918,422159,1
277816850,2919,422159,1
53694392,2920,422159,1
2382992022,2811,422159,1
2382992022,2921,422159,1
2382992022,2814,422159,1
1209963770,2922,422159,1
90903507,1198,422159,1
3086338765,1247,422159,1
3086338765,1248,422159,1
3086338765,1249,422159,1
17826102,2923,422159,3
17826102,2924,422159,3
16966202,2925,422159,1
16966202,1116,422159,1
16966202,2926,422159,1
16966202,2927,422159,1
16966202,2928,422159,1
190480771,2929,422159,1
190480771,2930,422159,1
190480771,2636,422159,1
61486997,2931,422159,1
61486997,2932,422159,1
2205826873,1965,422159,1
7991842,2933,422159,1
7991842,1434,422159,1
7991842,2934,422159,1
7991842,2468,422159,1
7991842,2935,422159,1
7991842,2936,422159,1
42666285,2937,422160,1
42666285,2881,422160,1
42666285,2938,422160,1
2815863258,1036,422160,1
2815863258,2939,422160,1
2815863258,2940,422160,1
2815863258,2826,422160,1
45397787,1570,422160,1
45397787,2941,422160,1
45397787,2942,422160,1
45397787,2943,422160,1
21822577,2944,422160,1
20705041,2945,422160,1
20705041,2946,422160,1
20705041,2947,422160,1
20705041,1472,422160,1
20705041,2948,422160,1
18086437,2949,422160,1
18086437,2950,422160,1
19308651,2951,422160,1
19308651,2952,422160,1
19308651,2953,422160,1
19308651,1925,422160,1
4852156748,2954,422160,1
4852156748,2955,422160,2
2533322942,2956,422160,1
2533322942,2957,422160,1
23520254,1944,422160,1
494250693,2958,422160,1
1087177766,2959,422160,1
1087177766,2960,422160,1
1087177766,2961,422160,1
1087177766,2962,422160,1
333448200,2963,422160,1
179682563,2964,422160,1
179682563,2965,422160,1
179682563,2966,422160,1
28236386,1104,422160,1
18769024,1189,422160,1
18769024,2967,422160,1
18769024,2968,422160,1
18769024,2969,422160,1
6441322,2970,422160,1
6441322,2971,422160,1
2575585038,2972,422160,1
465911423,2973,422160,1
1950798416,2974,422160,1
818926413701124109,2975,422160,1
2457278850,1538,422160,1
2457278850,1679,422160,1
15846527,2976,422160,1
15846527,1287,422160,1
15846527,2977,422160,1
15846527,1121,422160,1
15846527,2781,422160,1
15846527,2163,422160,1
1932221766,2978,422160,1
1932221766,1269,422160,1
1932221766,2979,422160,1
2593906045,2980,422160,1
2593906045,2981,422160,1
2593906045,1498,422160,1
237514324,2960,422160,1
237514324,2982,422160,1
237514324,2983,422160,1
237514324,2984,422160,1
1440080214,2985,422160,1
1440080214,2986,422160,1
893778853,2987,422160,1
893778853,2988,422160,1
33976616,2989,422160,1
2594257500,2990,422161,1
2594257500,2991,422161,1
2594257500,2992,422161,1
2594257500,2993,422161,1
2594257500,1404,422161,1
2594257500,1165,422161,1
2594257500,2994,422161,1
42666285,2995,422161,1
42666285,2996,422161,1
891291023397212160,1427,422161,1
62583356,2997,422161,1
62583356,1284,422161,1
33332954,2998,422161,2
41675272,2999,422161,1
41675272,3000,422161,1
41675272,3001,422161,1
41675272,3002,422161,1
41675272,3003,422161,1
1003331059,3004,422161,1
1003331059,1310,422161,1
20638956,3005,422161,1
702367482,3006,422161,1
702367482,3007,422161,1
702367482,3008,422161,1
702367482,3009,422161,1
158379240,3010,422161,1
158379240,3011,422161,1
158379240,3012,422161,1
133356665,3013,422161,1
96837825,1043,422161,1
96837825,3014,422161,1
96837825,3015,422161,1
96837825,3016,422161,1
96837825,3017,422161,1
4827960312,3018,422161,1
4827960312,3019,422161,1
4827960312,3020,422161,1
4827960312,3021,422161,1
26794596,3022,422161,1
1377615098,3023,422161,1
188684410,3024,422161,1
2598881534,3025,422161,1
2598881534,3026,422161,1
2598881534,1497,422161,1
2598881534,1062,422161,1
2598881534,1967,422161,1
2598881534,1404,422161,1
2598881534,2629,422161,1
36815578,3027,422161,1
36815578,3028,422161,1
36815578,1806,422161,1
36815578,3029,422161,1
36815578,3030,422161,1
36815578,3031,422161,1
36815578,3032,422161,1
92186516,3033,422161,1
16798508,3034,422161,1
16798508,3035,422161,1
16798508,1264,422161,1
16798508,3036,422161,1
16798508,3037,422161,1
16798508,1125,422161,1
16798508,3038,422161,1
443056507,2336,422161,1
912835576373452800,3039,422161,1
912835576373452800,2852,422161,1
912835576373452800,3040,422161,1
240910578,3041,422161,1
240910578,3042,422161,1
240910578,3043,422161,1
240910578,3044,422161,1
35762101,1354,422161,1
2152607782,3045,422161,1
12091872,1331,422161,1
443056507,1186,422161,1
443056507,3046,422161,1
28495138,2912,422161,1
28495138,3047,422161,1
28495138,3048,422161,1
28495138,3049,422161,1
28495138,3050,422161,1
28495138,3051,422161,1
35326240,1288,422161,1
3396746410,3052,422161,1
3396746410,3053,422161,1
42666285,2996,422162,1
42666285,1090,422162,1
35762101,3054,422162,1
35762101,3055,422162,1
35762101,1404,422162,1
415242072,3056,422162,1
415242072,1919,422162,1
330068663,3057,422162,1
330068663,3058,422162,1
821942989778026496,1176,422162,3
821942989778026496,3059,422162,3
821942989778026496,3060,422162,3
785213265454374912,3061,422162,1
785213265454374912,3062,422162,1
244638666,3063,422162,1
244638666,3064,422162,1
244638666,3065,422162,1
244638666,3066,422162,1
244638666,3067,422162,1
244638666,3068,422162,1
373038991,3069,422162,1
373038991,3070,422162,1
373038991,3071,422162,1
373038991,3072,422162,1
373038991,3073,422162,1
36815578,3074,422162,1
36815578,3075,422162,1
3121750933,1014,422162,1
3121750933,1015,422162,1
3121750933,2229,422162,1
3121750933,2230,422162,1
3121750933,2231,422162,1
785213265454374912,1067,422162,1
785213265454374912,1068,422162,1
188684410,3076,422162,1
188684410,3077,422162,1
86370649,3078,422162,1
86370649,3079,422162,1
86370649,1104,422162,1
90903507,1104,422162,1
954091849,3080,422162,1
954091849,3081,422162,1
954091849,3082,422162,1
39958499,3083,422162,1
39958499,1404,422162,1
39958499,2979,422162,1
39958499,1903,422162,1
39958499,3084,422162,1
133356665,3085,422162,1
133356665,3086,422162,2
133356665,3087,422162,1
133356665,3088,422162,1
133356665,3089,422162,1
133356665,3090,422162,1
133356665,3091,422162,1
133356665,3092,422162,1
133356665,3093,422162,1
704719445168500736,3094,422162,1
188684410,3095,422162,1
188684410,3096,422162,1
188684410,3097,422162,1
188684410,3098,422162,1
188684410,1298,422162,1
188684410,2371,422162,1
188684410,3099,422162,1
195542375,3100,422162,2
194573948,3101,422162,1
194573948,3102,422162,2
35326240,3103,422163,1
188684410,3104,422163,1
188684410,3105,422163,1
3341716444,1093,422163,1
3341716444,3106,422163,1
35091182,3107,422163,1
28236386,1104,422163,1
194573948,3108,422163,9
785213265454374912,3109,422163,1
785213265454374912,1067,422163,3
785213265454374912,1068,422163,3
785213265454374912,1069,422163,3
785213265454374912,1070,422163,3
785213265454374912,1071,422163,2
3140768144,3110,422163,1
3140768144,3111,422163,1
3140768144,3112,422163,1
3140768144,3113,422163,1
3140768144,3114,422163,1
188684410,1562,422163,1
3318266650,3115,422163,1
3318266650,2501,422163,1
3318266650,3116,422163,1
2964817577,3117,422163,1
3140768144,1104,422163,1
799708890791178240,3118,422163,1
954091849,3119,422163,1
954091849,3120,422163,1
954091849,3082,422163,1
188684410,3121,422163,1
179682563,3122,422163,1
179682563,3123,422163,1
179682563,3124,422163,1
3121750933,1014,422163,1
3121750933,1015,422163,1
3121750933,2229,422163,1
3121750933,2230,422163,1
3121750933,2231,422163,1
3121750933,2232,422163,1
536838736,3125,422163,1
536838736,3126,422163,1
536838736,3127,422163,1
536838736,3128,422163,1
536838736,3129,422163,1
536838736,3130,422163,1
954091849,3131,422163,1
954091849,3132,422163,1
3086338765,1247,422163,1
3086338765,1248,422163,1
3086338765,1249,422163,1
233889281,3133,422163,1
233889281,3134,422163,1
233889281,3135,422163,1
179682563,3136,422163,1
179682563,3137,422163,1
20350290,3138,422163,1
188684410,3139,422163,1
188684410,3140,422163,1
188684410,3141,422163,1
188684410,3142,422163,1
27482129,1104,422163,1
27482129,3143,422163,1
27482129,1630,422163,1
27482129,1473,422163,1
1204742197,3144,422163,1
17856765,3145,422163,1
17856765,3146,422163,1
17856765,3147,422163,1
17856765,3148,422163,1
17856765,3149,422163,1
17856765,3150,422163,1
17856765,2410,422163,1
17856765,3151,422163,1
2373592552,3152,422163,1
2373592552,3153,422163,1
2373592552,3154,422163,1
2373592552,3155,422163,1
42666285,1090,422164,1
42666285,3156,422164,1
42666285,3157,422164,1
334787853,1472,422164,1
334787853,3158,422164,1
334787853,3159,422164,1
2152607782,3160,422164,1
77629609,3161,422164,1
77629609,3162,422164,1
77629609,3163,422164,1
77629609,3164,422164,1
166281249,3165,422164,1
166281249,3166,422164,1
166281249,3167,422164,1
237514324,3168,422164,1
237514324,3169,422164,1
237514324,3068,422164,1
237514324,1062,422164,1
237514324,3170,422164,1
821942989778026496,1176,422164,1
821942989778026496,1240,422164,1
821942989778026496,1241,422164,1
821942989778026496,3171,422164,1
278164340,3172,422164,1
954091849,3082,422164,1
954091849,3173,422164,1
954091849,2969,422164,1
954091849,3174,422164,1
3279992892,3175,422164,1
3140768144,3176,422164,1
3140768144,1104,422164,1
3140768144,2468,422164,1
179682563,3122,422164,1
704719445168500736,1895,422164,1
704719445168500736,3177,422164,1
704719445168500736,3178,422164,1
201139912,1417,422164,1
188684410,1567,422164,1
18531506,3179,422164,1
18531506,3180,422164,1
18531506,3181,422164,1
18531506,1449,422164,1
2330319362,3182,422164,1
2330319362,3183,422164,1
179682563,3184,422164,1
179682563,3123,422164,1
179682563,2480,422164,1
70191083,1583,422164,1
70191083,3185,422164,1
70191083,3186,422164,1
70191083,1812,422164,1
70191083,3187,422164,1
799708890791178240,3188,422164,1
2815863258,1036,422165,1
2815863258,2939,422165,1
2815863258,2940,422165,1
2815863258,2826,422165,1
2815863258,3189,422165,1
2815863258,3190,422165,1
42666285,1090,422165,1
42666285,3156,422165,1
42666285,3157,422165,1
929456436098330624,3191,422165,1
6441322,3192,422165,1
35762101,3193,422165,1
35762101,2352,422165,1
35762101,3194,422165,1
35762101,3195,422165,1
35762101,3196,422165,1
20350290,3197,422165,1
28751097,3198,422165,1
28751097,3199,422165,1
20350290,2749,422165,1
20350290,3200,422165,1
50455354,3201,422165,1
50455354,3202,422165,1
50455354,3203,422165,1
50455354,3204,422165,1
50455354,3205,422165,1
954091849,3206,422165,1
954091849,3207,422165,1
954091849,3131,422165,1
954091849,1741,422165,1
71113645,3208,422165,1
71113645,3209,422165,1
20350290,3210,422165,1
20350290,3211,422165,1
2445855570,3179,422165,1
799708890791178240,3212,422165,1
199409228,3213,422165,1
199409228,1187,422165,1
16541331,1512,422165,1
16541331,2171,422165,1
331987882,3214,422165,1
331987882,3215,422165,1
331987882,3216,422165,1
331987882,3217,422165,1
331987882,3218,422165,1
331987882,3219,422165,1
227767298,1265,422165,1
179682563,3220,422165,1
179682563,3221,422165,1
821942989778026496,1176,422165,1
821942989778026496,1240,422165,1
42666285,3157,422166,1
42666285,1090,422166,1
42666285,2996,422166,1
23559911,3222,422166,5
23559911,1529,422166,3
23559911,3223,422166,2
821942989778026496,1176,422166,8
821942989778026496,1240,422166,8
821942989778026496,1241,422166,6
23559911,2778,422166,1
23559911,3224,422166,1
23559911,3141,422166,1
23559911,3225,422166,1
23559911,1284,422166,6
23559911,3226,422166,6
23559911,3227,422166,6
23559911,3228,422166,4
23559911,3229,422166,1
23559911,3230,422166,2
23559911,3231,422166,1
1141651788,3232,422166,1
1141651788,1826,422166,1
1141651788,3233,422166,1
1141651788,2125,422166,1
1141651788,1472,422166,1
23559911,3234,422166,1
23559911,3235,422166,1
23559911,3236,422166,1
23559911,3237,422166,1
598956885,2960,422166,1
826616589030215688,2298,422166,1
821942989778026496,1242,422166,1
42666285,3157,422167,1
42666285,1090,422167,1
42666285,2995,422167,1
35762101,3195,422167,1
35762101,2235,422167,1
29776821,3238,422167,1
29776821,1626,422167,1
29776821,3239,422167,1
29776821,3240,422167,1
29776821,1191,422167,1
29776821,3241,422167,1
29776821,3242,422167,1
236602687,3243,422167,1
2797274671,3244,422167,1
2797274671,3245,422167,1
2797274671,3246,422167,1
2797274671,3247,422167,1
2797274671,1098,422167,1
2797274671,3248,422167,3
2797274671,3249,422167,1
27822518,2969,422167,1
2797274671,2504,422167,1
2797274671,3250,422167,1
2797274671,3251,422167,1
2797274671,3252,422167,3
50059348,3253,422167,1
50059348,3254,422167,1
50059348,3255,422167,1
50059348,3256,422167,1
50059348,3228,422167,1
188684410,3257,422167,1
188684410,3258,422167,1
188684410,1566,422167,1
188684410,1567,422167,1
188684410,3186,422167,1
188684410,3259,422167,1
188684410,3260,422167,1
188684410,2371,422167,1
2797274671,3261,422167,1
2797274671,3262,422167,1
2797274671,3263,422167,1
2797274671,3264,422167,1
826616589030215688,2298,422167,1
35762101,3265,422167,1
35762101,1652,422167,1
2797274671,3266,422167,1
2797274671,3267,422167,1
2797274671,3268,422167,1
2797274671,3269,422167,1
452542451,3270,422167,1
452542451,3271,422167,1
51592560,3272,422167,1
51592560,2323,422167,1
51592560,3273,422167,1
51592560,3274,422167,1
188684410,3275,422167,1
188684410,3276,422167,1
188684410,3277,422167,1
2797274671,3278,422167,1
2797274671,3279,422167,1
2797274671,3280,422167,1
2797274671,3281,422167,1
2797274671,3282,422167,1
2797274671,2659,422167,1
2797274671,2796,422167,1
2797274671,3283,422167,1
2797274671,3284,422167,1
42041877,3285,422167,1
42041877,3286,422167,1
42041877,3287,422167,1
46776370,3288,422167,1
46776370,2893,422167,1
2797274671,3289,422167,1
2797274671,3290,422167,1
2797274671,1165,422167,1
2797274671,3291,422167,1
2797274671,3292,422167,1
179682563,3293,422168,1
179682563,3294,422168,1
179682563,3295,422168,1
179682563,3296,422168,1
179682563,2964,422168,1
2797274671,3297,422168,1
2797274671,3269,422168,1
2797274671,1404,422168,1
2797274671,1830,422168,1
2797274671,3298,422168,1
2797274671,3299,422168,1
1400802510,2141,422168,1
1400802510,3300,422168,1
2797274671,3301,422168,1
2797274671,1165,422168,1
2797274671,3302,422168,1
2797274671,3303,422168,1
2797274671,3252,422168,3
2797274671,3304,422168,1
3045470592,3305,422168,1
2797274671,3306,422168,1
2797274671,3249,422168,1
2797274671,3307,422168,1
2797274671,3251,422168,1
2797274671,3308,422168,1
2797274671,3309,422168,1
2797274671,1221,422168,1
2797274671,3310,422168,1
2797274671,3311,422168,1
42666285,1090,422169,1
42666285,3156,422169,1
42666285,2996,422169,1
188684410,3312,422169,1
1410671952,3313,422169,1
42666285,1090,422170,1
42666285,2995,422170,1
83662371,3314,422170,1
83662371,1200,422170,1
1410671952,3313,422170,1
2815863258,3315,422170,1
2815863258,1126,422170,1
4458841395,3316,422170,1
2155897448,1602,422170,4
2155897448,1603,422170,4
2155897448,2630,422170,1
2155897448,3317,422170,1
2155897448,2207,422170,2
2155897448,3318,422170,2
2155897448,1188,422170,2
2155897448,3319,422170,1
2155897448,1605,422170,1
16966202,3320,422170,1
42666285,3156,422171,1
42666285,1090,422171,1
42666285,2995,422171,1
2155897448,1602,422171,6
2155897448,1603,422171,5
2155897448,1188,422171,3
2155897448,3317,422171,1
2155897448,1605,422171,1
2155897448,3319,422171,2
2155897448,2207,422171,1
551434541,1465,422171,1
292992978,1679,422171,1
292992978,3321,422171,1
292992978,1680,422171,1
292992978,3322,422171,1
292992978,3323,422171,1
2155897448,2630,422171,2
2155897448,3324,422171,1
2155897448,3325,422171,1
2155897448,2764,422171,1
14745415,1679,422171,1
14745415,3326,422171,1
14745415,3327,422171,1
14745415,3328,422171,1
20638956,1673,422171,1
2984534992,1788,422171,1
2155897448,3329,422171,1
452483362,3330,422172,1
452483362,2856,422172,1
452483362,3331,422172,1
623739419,3332,422172,1
452483362,3333,422172,1
944675174686904320,1841,422172,1
944675174686904320,3334,422172,1
503911925,1072,422172,1
503911925,1073,422172,1
503911925,1074,422172,1
503911925,1075,422172,1
503911925,1076,422172,1
2598881534,1740,422172,1
2598881534,1741,422172,1
2598881534,1043,422172,1
536838736,3335,422172,1
536838736,1079,422172,1
536838736,1824,422172,1
536838736,3336,422172,1
51903296,1648,422172,2
36815578,3337,422172,1
412708451,1903,422172,1
412708451,3338,422172,1
142746137,2749,422172,1
2964817577,1676,422172,1
4090255600,3339,422172,1
4090255600,3340,422172,1
43416848,1019,422172,1
43416848,3341,422172,1
43416848,3342,422172,1
43416848,3343,422172,1
43416848,1944,422172,1
278270169,3344,422172,1
116946541,3345,422172,1
116946541,3346,422172,1
116946541,3347,422172,1
116946541,3348,422172,1
14543465,3349,422172,1
14543465,3350,422172,1
42666285,1090,422173,1
42666285,2996,422173,1
42666285,3157,422173,1
795650513257791488,1764,422173,1
795650513257791488,3351,422173,1
795650513257791488,3352,422173,1
795650513257791488,3353,422173,1
113445843,1760,422173,1
30026308,3354,422173,1
205754032,3355,422173,1
205754032,3356,422173,1
799708890791178240,3188,422173,1
799708890791178240,3357,422173,1
799708890791178240,3358,422173,1
799708890791178240,3359,422173,1
799708890791178240,3360,422173,1
15985057,3361,422173,1
20350290,3210,422173,1
49012634,1936,422173,1
49012634,1629,422173,1
49012634,2432,422173,1
49012634,3362,422173,1
49012634,1450,422173,1
3121750933,1014,422173,1
3121750933,1015,422173,1
3121750933,2229,422173,1
3121750933,2230,422173,1
3121750933,2231,422173,1
3121750933,2232,422173,1
3121750933,2610,422173,1
3121750933,2260,422173,1
3121750933,3153,422173,1
36186797,3363,422173,1
108406894,2052,422173,1
108406894,3364,422173,1
108406894,3365,422173,1
26510688,1127,422173,1
26510688,3366,422173,1
26510688,3367,422173,1
26510688,2952,422173,1
26510688,3368,422173,1
26510688,1130,422173,1
3086338765,3369,422173,1
3086338765,1020,422173,1
3086338765,3370,422173,1
3086338765,3371,422173,1
20350290,3372,422173,1
374536090,3373,422173,1
374536090,1135,422173,1
374536090,3374,422173,1
374536090,3375,422173,1
374536090,3376,422173,1
42666285,1090,422174,1
42666285,3156,422174,1
42666285,2996,422174,1
121809964,3377,422174,1
27482129,3378,422174,1
27482129,1875,422174,1
33225560,3379,422174,1
33225560,1981,422174,1
256768688,1138,422174,1
256768688,3380,422174,1
44463638,3381,422174,1
44463638,3370,422174,1
44463638,3032,422174,1
44463638,3382,422174,1
44463638,3383,422174,1
262216184,2011,422174,1
262216184,3384,422174,1
262216184,3385,422174,1
262216184,1826,422174,1
262216184,3386,422174,1
262216184,3387,422174,1
262216184,2432,422174,1
873284719,3388,422174,1
799708890791178240,3389,422174,2
799708890791178240,3390,422174,2
799708890791178240,3391,422174,1
799708890791178240,3392,422174,1
799708890791178240,3393,422174,1
3219608972,3394,422174,1
3219608972,3395,422174,1
3219608972,3396,422174,1
33220557,2906,422174,1
33220557,2907,422174,1
33220557,2908,422174,1
33220557,2909,422174,1
6441322,2970,422174,1
6441322,3397,422174,1
6441322,2971,422174,1
6441322,3398,422174,1
6441322,3399,422174,1
6441322,3400,422174,1
304089782,1019,422174,1
304089782,3401,422174,1
4558943292,3402,422174,1
154787745,1813,422174,1
154787745,1814,422174,1
1133071056,3403,422174,1
1133071056,2450,422174,1
1133071056,1898,422174,1
1133071056,3404,422174,1
1133071056,1611,422174,1
50059348,2648,422174,1
50059348,3253,422174,1
16966202,3405,422174,1
568576743,2939,422174,1
568576743,3406,422174,1
568576743,3407,422174,1
568576743,3408,422174,1
568576743,3409,422174,1
568576743,3410,422174,1
568576743,3411,422174,1
2382992022,3412,422174,1
2382992022,3413,422174,1
2382992022,3414,422174,1
2382992022,3415,422174,1
249514855,3416,422175,1
1024957045,3417,422175,1
1024957045,3418,422175,1
6441322,2970,422175,1
6441322,3397,422175,1
6441322,2971,422175,1
6441322,3398,422175,1
6441322,3399,422175,1
6441322,3400,422175,1
920335442934992896,3419,422175,1
536838736,1823,422175,2
536838736,1079,422175,1
38564541,3420,422175,1
147336082,3421,422175,1
147336082,1104,422175,1
23189306,3422,422175,1
452483362,3330,422175,1
452483362,3423,422175,1
33976616,2674,422175,1
33976616,3424,422175,1
33976616,3425,422175,1
33976616,3426,422175,1
3442886056,3427,422175,1
72665113,3428,422175,1
72665113,3429,422175,1
72665113,3430,422175,1
72665113,2128,422175,1
42495288,3431,422175,1
1355331337,2118,422175,1
162805587,1090,422175,1
162805587,2118,422175,1
162805587,1154,422175,1
133356665,3093,422175,1
871861079009357824,3432,422175,1
22883681,3433,422175,2
22883681,2524,422175,2
22883681,3434,422175,2
22883681,3435,422175,2
2797274671,3436,422175,1
2797274671,3437,422175,1
2797274671,2539,422175,1
2797274671,3438,422175,1
2797274671,2982,422175,1
2797274671,3439,422175,1
2797274671,3440,422175,1
2797274671,3441,422175,1
27638026,3442,422175,1
27638026,3443,422175,1
27638026,3444,422175,1
21661894,3445,422175,1
21661894,3446,422175,1
21661894,3447,422175,1
21661894,3448,422175,1
459072363,3449,422175,1
459072363,3450,422175,1
459072363,3451,422175,1
459072363,3452,422175,1
459072363,3453,422175,1
459072363,3454,422175,1
459072363,3455,422175,1
459072363,1269,422175,1
459072363,1221,422175,1
536838736,3456,422175,1
536838736,3457,422175,1
27822518,1092,422176,1
214751606,1701,422176,1
23661525,3458,422176,1
821942989778026496,1176,422176,5
821942989778026496,1240,422176,5
821942989778026496,1241,422176,3
759775770,3421,422176,1
417557721,2174,422176,1
265452880,3459,422176,1
389091183,3460,422176,1
166281249,3461,422176,1
162805587,3421,422176,1
162805587,3462,422176,1
162805587,3463,422176,1
214751606,1925,422176,1
184824165,3464,422176,1
184824165,3465,422176,1
42964456,1263,422176,1
42964456,3466,422176,1
91044313,3467,422176,2
91044313,3468,422176,2
91044313,3469,422176,2
91044313,3470,422176,2
20667173,2259,422176,1
20667173,3471,422176,1
20667173,2260,422176,1
20667173,2262,422176,1
20667173,2263,422176,1
821942989778026496,3171,422176,2
821942989778026496,1242,422176,1
31553533,3472,422176,1
31553533,1343,422176,1
31553533,3473,422176,1
31553533,3474,422176,1
31553533,3475,422176,1
2299700209,2325,422176,1
799708890791178240,3476,422176,1
799708890791178240,3389,422176,1
799708890791178240,3392,422176,1
20779425,1090,422176,1
20779425,1353,422176,1
20779425,3477,422176,1
303281594,3478,422176,1
303281594,3479,422176,1
303281594,3480,422176,1
206506178,1786,422176,1
2267807461,3481,422176,1
2267807461,1019,422176,1
2267807461,3482,422176,1
20667173,2291,422176,1
20667173,2292,422176,1
20667173,1404,422176,1
2898008660,3483,422176,1
414194978,3484,422176,1
154787745,3485,422176,1
154787745,1813,422176,1
154787745,1814,422176,1
154787745,1815,422176,1
980837186,2406,422176,1
2537650723,3486,422176,1
48804747,2481,422176,1
42666285,2996,422177,1
42666285,2995,422177,1
42666285,1090,422177,1
15963168,1907,422177,1
15963168,3487,422177,1
15963168,2893,422177,1
15963168,3488,422177,1
469601735,1122,422177,1
469601735,3489,422177,1
469601735,2786,422177,1
23574435,3337,422177,1
23574435,3490,422177,1
23574435,3491,422177,1
23574435,3492,422177,1
2366127384,3493,422177,2
2382992022,3494,422177,1
2382992022,3495,422177,1
2382992022,3496,422177,1
2382992022,3497,422177,1
2382992022,2811,422177,2
91044313,3498,422177,1
91044313,3499,422177,1
91044313,1062,422177,1
91044313,3500,422177,1
91044313,3470,422177,1
2382992022,1983,422177,1
2382992022,3412,422177,1
2382992022,2383,422177,1
2382992022,3501,422177,1
2382992022,3502,422177,1
184953815,3503,422177,1
417557721,3504,422177,1
821942989778026496,1176,422177,1
821942989778026496,1240,422177,1
821942989778026496,1241,422177,1
45361846,3505,422177,1
45361846,3506,422177,1
15148489,3507,422177,1
964288442917146624,3508,422177,1
964288442917146624,3509,422177,1
964288442917146624,3510,422177,1
964288442917146624,3511,422177,2
11007892,3337,422177,1
11007892,3512,422177,1
11007892,1898,422177,1
11007892,3513,422177,1
11007892,3514,422177,1
11007892,3515,422177,1
11007892,3516,422177,1
121809964,3377,422177,1
121809964,3517,422177,1
4458841395,1090,422177,1
785213265454374912,1067,422177,2
785213265454374912,1068,422177,2
785213265454374912,1069,422177,2
785213265454374912,1070,422177,1
785213265454374912,1071,422177,1
169740444,3133,422177,1
2152607782,3518,422177,1
2152607782,3519,422177,1
2152607782,2942,422177,1
964288442917146624,3520,422177,1
964288442917146624,3521,422177,2
964288442917146624,3522,422177,1
964288442917146624,3523,422177,1
964288442917146624,3524,422177,2
964288442917146624,2305,422177,2
964288442917146624,3525,422177,1
964288442917146624,3526,422177,1
92186516,1515,422177,1
92186516,3527,422177,1
785213265454374912,3528,422177,1
2472747073,3529,422177,1
2472747073,3530,422177,1
2472747073,1142,422177,1
2472747073,3531,422177,1
2472747073,3532,422177,1
2472747073,3533,422177,1
2472747073,3534,422177,1
1722144674,3535,422177,1
1722144674,3536,422177,1
1722144674,3537,422177,1
623739419,3538,422177,1
623739419,3332,422177,1
133356665,3093,422177,1
61547959,3539,422177,1
61547959,3540,422177,1
61547959,3541,422177,1
61547959,3542,422177,1
61547959,3543,422177,1
61547959,1404,422177,1
16320537,1949,422177,1
16320537,1282,422177,3
16320537,3544,422177,1
16320537,3545,422177,1
20667173,2591,422177,1
20667173,3471,422177,1
20667173,2260,422177,1
20667173,2262,422177,1
20667173,2263,422177,1
20667173,2438,422177,1
20667173,1404,422177,1
23033226,2708,422177,1
23033226,3546,422177,1
23033226,3433,422177,1
3121750933,1014,422177,1
3121750933,1015,422177,1
3121750933,2229,422177,1
3121750933,2230,422177,1
3121750933,2231,422177,1
3121750933,2232,422177,1
309363450,3547,422177,1
309363450,3548,422177,1
309363450,3549,422177,1
309363450,3550,422177,1
20667173,2602,422177,1
20667173,2603,422177,1
20667173,2604,422177,1
20667173,2605,422177,1
20667173,2606,422177,1
20667173,2607,422177,1
20667173,2608,422177,1
42666285,2995,422178,1
42666285,2996,422178,1
42666285,3156,422178,1
28213475,2619,422178,1
77776325,3551,422178,1
77776325,1404,422178,1
1152489072,3552,422178,1
1152489072,3553,422178,1
1152489072,3554,422178,1
43416848,3555,422178,1
43416848,3556,422178,1
83924069,3557,422178,1
279781652,1019,422178,1
785213265454374912,3558,422178,1
785213265454374912,1067,422178,4
785213265454374912,1068,422178,4
1410671952,3559,422178,1
785213265454374912,1069,422178,2
785213265454374912,1070,422178,2
785213265454374912,1071,422178,2
36815578,3560,422178,1
36815578,3561,422178,1
169740444,1019,422178,1
169740444,3562,422178,1
20667173,1438,422178,1
20667173,1439,422178,1
184824165,3563,422178,1
184824165,3564,422178,1
3192377558,3565,422178,1
3192377558,1423,422178,1
889337934,3566,422178,1
889337934,3567,422178,1
889337934,3568,422178,1
889337934,3569,422178,1
889337934,3570,422178,1
889337934,3571,422178,1
23112554,1809,422178,2
23112554,3572,422178,2
23112554,3573,422178,1
23112554,1977,422178,1
23112554,3574,422178,2
23112554,3575,422178,1
23112554,1413,422178,1
23112554,1060,422178,3
129856146,3576,422178,1
129856146,3577,422178,1
129856146,3578,422178,1
92186516,3579,422178,1
92186516,3580,422178,1
785213265454374912,3581,422178,1
251925254,3582,422178,1
251925254,1090,422178,1
251925254,3583,422178,1
154787745,1813,422178,1
154787745,1814,422178,1
154787745,1909,422178,1
6441322,1063,422178,1
6441322,3584,422178,1
1038020720,3585,422178,1
1038020720,3586,422178,1
23112554,3587,422178,2
23112554,1827,422178,1
23112554,3588,422178,2
19366159,1909,422178,1
19366159,3589,422178,1
19366159,3590,422178,1
61547959,1104,422178,1
23112554,3577,422178,1
23112554,3578,422178,1
23112554,3591,422178,1
23112554,3592,422178,1
23112554,3593,422178,1
23112554,3594,422178,1
23112554,1826,422178,1
46690271,3595,422178,1
46690271,3596,422178,1
23112554,3597,422178,1
23112554,3598,422178,1
23112554,3599,422178,1
42666285,2996,422179,1
42666285,3157,422179,1
42666285,2995,422179,1
60989562,3600,422179,1
60989562,3601,422179,1
60989562,3602,422179,1
2936623532,1826,422179,1
2936623532,3603,422179,1
2936623532,3604,422179,1
2936623532,1090,422179,1
154787745,1813,422179,1
154787745,1814,422179,1
154787745,1909,422179,1
534054336,3605,422179,1
534054336,1210,422179,1
534054336,3606,422179,1
534054336,3607,422179,1
403218488,3608,422179,1
403218488,3609,422179,1
403218488,3610,422179,1
6441322,2970,422179,2
6441322,3400,422179,2
6441322,2971,422179,2
6441322,3399,422179,1
6441322,3398,422179,1
6441322,3611,422179,1
1002003048,1019,422179,1
1002003048,3612,422179,1
1007072700,3613,422179,1
2732038786,1036,422179,1
2732038786,2619,422179,1
2732038786,3614,422179,1
2732038786,3615,422179,1
31050688,1944,422179,1
31050688,1019,422179,1
31050688,3616,422179,1
31050688,1837,422179,1
31050688,3617,422179,1
31050688,3618,422179,1
269567706,3619,422179,1
269567706,3620,422179,1
269567706,3621,422179,1
269567706,3622,422179,1
269567706,3623,422179,1
2180539082,3624,422179,1
6441322,3625,422179,1
6441322,3626,422179,1
6441322,3627,422179,5
33220557,3628,422179,1
33220557,2906,422179,1
33220557,2907,422179,1
33220557,2908,422179,1
33220557,2909,422179,1
33220557,2910,422179,1
44111237,3629,422179,2
44111237,3630,422179,2
44111237,3631,422179,2
1002003048,2846,422179,1
1002003048,2568,422179,1
50028004,3632,422179,1
889605598886715392,3633,422179,1
188684410,3121,422179,1
215499281,3634,422179,1
23189306,3635,422179,1
23189306,3636,422179,1
23189306,2578,422179,1
759913254877396993,3637,422179,1
20667173,3638,422179,1
20667173,2602,422179,1
20667173,2603,422179,1
20667173,2604,422179,1
20667173,2605,422179,1
20667173,2606,422179,1
20667173,2607,422179,1
23189306,3639,422179,1
23189306,3640,422179,1
23189306,3641,422179,1
188684410,1004,422179,1
36186797,1019,422179,2
36186797,3642,422179,2
36186797,3643,422179,2
36186797,3644,422179,1
111663948,2550,422179,1
111663948,2549,422179,1
26198700,2803,422179,1
287843203,1104,422179,1
31317891,3645,422179,1
36186797,3646,422179,1
2797274671,3647,422179,1
2797274671,3648,422179,1
2797274671,3649,422179,1
2797274671,2800,422179,1
2797274671,3650,422179,1
2797274671,3651,422179,1
2797274671,3652,422179,1
2797274671,1684,422179,1
2797274671,3653,422179,1
960678293157560320,1090,422179,1
960678293157560320,3654,422179,1
3096845622,1768,422179,1
3096845622,3655,422179,1
3096845622,3656,422179,1
3096845622,3657,422179,1
2382992022,3413,422179,1
2382992022,3414,422179,1
2382992022,3412,422179,1
2382992022,3497,422179,1
2382992022,2811,422179,1
6441322,3584,422179,1
40253216,3658,422179,1
40253216,3659,422179,1
40253216,3353,422179,1
40253216,3660,422179,1
40253216,3661,422179,1
245818918,1287,422179,1
245818918,3662,422179,1
245818918,3663,422179,1
245818918,3664,422179,1
188684410,1566,422180,1
188684410,1567,422180,3
42666285,3156,422180,1
42666285,2995,422180,1
42666285,3157,422180,1
292620540,3665,422180,1
181991754,1413,422180,1
181991754,3666,422180,1
403218488,3608,422180,1
403218488,3609,422180,1
403218488,3610,422180,1
403218488,3667,422180,1
188684410,1568,422180,1
188684410,1569,422180,1
188684410,1570,422180,1
188684410,1562,422180,2
188684410,3668,422180,1
188684410,1565,422180,1
93931293,3669,422180,1
179682563,3670,422180,1
2267807461,3671,422180,1
229187669,3672,422180,1
3121750933,1014,422180,1
3121750933,1015,422180,1
3121750933,2229,422180,1
3121750933,2230,422180,1
3121750933,2231,422180,1
3121750933,2232,422180,1
3121750933,2610,422180,1
3121750933,2260,422180,1
27066927,1104,422180,1
147015278,3673,422180,1
147015278,3179,422180,1
147015278,3674,422180,1
147015278,3675,422180,1
147015278,3676,422180,1
147015278,3677,422180,1
147015278,3678,422180,1
147015278,3679,422180,1
147015278,3680,422180,1
838892865346486274,3681,422180,1
838892865346486274,3682,422180,1
838892865346486274,3683,422180,1
852212459725357056,2065,422180,1
222929722,3684,422180,1
222929722,3685,422180,1
455016714,3596,422180,1
455016714,1262,422180,1
455016714,2293,422180,1
33332954,3686,422180,1
33332954,3687,422180,1
971831,3688,422180,1
971831,3689,422180,1
971831,3690,422180,1
16039183,3691,422180,1
16039183,1224,422180,1
16039183,1225,422180,1
16039183,1226,422180,1
16039183,1227,422180,1
16039183,1228,422180,1
24564640,3692,422180,1
2382992022,3497,422180,1
2382992022,3412,422180,1
2382992022,3502,422180,1
2382992022,3693,422180,1
2382992022,2812,422180,1
2382992022,3413,422180,1
225112824,3694,422180,1
225112824,3695,422180,1
225112824,3696,422180,1
225112824,3697,422180,1
225112824,3698,422180,1
225112824,3699,422180,1
203332379,3700,422180,1
2395515594,1062,422180,1
2395515594,3701,422180,1
2395515594,3702,422180,1
2395515594,1636,422180,1
181991754,1163,422180,1
181991754,3703,422180,1
181991754,3704,422180,1
181991754,1307,422180,1
181991754,1677,422180,1
575843103,3705,422180,1
575843103,3706,422180,1
575843103,2707,422180,1
575843103,3707,422180,1
3219608972,3395,422180,1
3219608972,3396,422180,1
3219608972,3708,422180,1
3219608972,3709,422180,1
3219608972,2709,422180,1
3040469950,1674,422180,1
3040469950,3710,422180,1
3040469950,3711,422180,1
3040469950,2078,422180,1
3040469950,3712,422180,1
262216184,2011,422180,1
262216184,3713,422180,1
262216184,3714,422180,1
22220760,3715,422180,1
22220760,3716,422180,1
22220760,3717,422180,1
22220760,3718,422180,1
1024957045,3719,422180,1
1024957045,3720,422180,1
1024957045,3721,422180,1
1024957045,2118,422180,1
2904795817,3722,422180,1
2904795817,3723,422180,1
735974226209869828,3724,422180,1
735974226209869828,3725,422180,1
735974226209869828,3726,422180,1
735974226209869828,3727,422180,1
2382992022,1984,422180,1
2382992022,1983,422180,1
6441322,2970,422180,1
821942989778026496,1176,422180,1
821942989778026496,1241,422180,1
4837239955,1404,422180,1
31577021,1077,422180,1
188684410,3076,422180,1
481819553,3728,422180,1
481819553,3729,422180,1
481819553,3730,422180,1
224064154,1628,422180,1
224064154,1630,422180,1
224064154,1629,422180,1
224064154,1631,422180,1
224064154,3731,422180,1
56195219,1093,422181,1
944675174686904320,2483,422181,1
944675174686904320,1841,422181,1
944675174686904320,2485,422181,1
944675174686904320,3732,422181,1
944675174686904320,3733,422181,1
188684410,3734,422181,1
1425921720,3735,422181,1
1425921720,3736,422181,1
452483362,3737,422181,1
452483362,3738,422181,1
452483362,3739,422181,1
27988946,1263,422181,1
27988946,3740,422181,1
27988946,1649,422181,1
27988946,1944,422181,1
267903983,3741,422181,1
102891975,3694,422181,1
102891975,1104,422181,1
838892865346486274,3681,422181,1
188684410,3742,422181,1
188684410,1563,422181,1
188684410,1565,422181,1
165585348,3353,422181,1
165585348,1286,422181,1
165585348,2588,422181,1
165585348,1575,422181,1
158379240,3743,422181,1
783615631606288384,3744,422181,1
783615631606288384,3745,422181,1
783615631606288384,3746,422181,1
1258593637,3747,422181,1
1258593637,3748,422181,1
1258593637,2637,422181,1
16320537,1282,422181,1
81445426,3749,422181,1
81445426,3750,422181,1
81445426,3751,422181,1
81445426,3752,422181,1
81445426,3753,422181,1
2533322942,3754,422181,1
2533322942,3755,422181,1
2533322942,3756,422181,1
1727080993,3757,422181,1
181991754,1307,422181,1
181991754,1677,422181,1
188684410,3758,422181,1
188684410,3759,422181,1
20638956,3760,422181,1
20638956,1019,422181,1
20638956,3761,422181,1
821387179863789568,3762,422181,1
91247067,3588,422181,1
35762101,3763,422181,2
35762101,2894,422181,2
35762101,3764,422181,1
35762101,3765,422181,1
35762101,3766,422181,1
35762101,3767,422181,1
35762101,3768,422181,1
59888158,3769,422181,1
92186516,1104,422181,1
2457278850,1538,422181,1
2457278850,3770,422181,1
2457278850,3771,422181,1
2457278850,2897,422181,1
2457278850,1967,422181,1
2457278850,1542,422181,1
35762101,3193,422181,1
35762101,3772,422181,1
35762101,3773,422181,1
35762101,1287,422181,1
799708890791178240,3774,422181,1
799708890791178240,3389,422181,1
799708890791178240,3390,422181,1
799708890791178240,3391,422181,1
799708890791178240,3392,422181,1
2382992022,2811,422181,1
2382992022,3496,422181,1
2382992022,3775,422181,1
2382992022,3776,422181,1
23644966,3777,422181,2
23644966,3778,422181,1
287866838,3779,422181,2
287866838,3780,422181,2
287866838,3781,422181,1
287866838,3122,422181,1
131941076,1019,422181,1
131941076,3782,422181,1
131941076,3521,422181,1
33252620,3499,422182,1
33252620,1827,422182,1
108632045,3783,422182,1
108632045,3784,422182,1
18602973,3785,422182,1
18602973,3786,422182,1
18602973,3787,422182,1
18602973,3464,422182,1
18602973,1434,422182,1
33220557,3628,422182,1
33220557,2906,422182,1
33220557,2907,422182,1
33220557,2908,422182,1
33220557,2909,422182,1
33220557,2910,422182,1
43971278,3788,422182,1
31577021,1077,422182,1
31577021,1078,422182,1
31577021,1079,422182,1
31577021,1080,422182,1
152322280,3789,422182,1
287843203,1104,422182,1
795650513257791488,1104,422182,1
795650513257791488,3353,422182,1
795650513257791488,1498,422182,1
35762101,3763,422182,2
35762101,2894,422182,1
35762101,3193,422182,1
35762101,3772,422182,1
35762101,3773,422182,1
35762101,1287,422182,2
45397787,3790,422182,1
45397787,3791,422182,1
45397787,3792,422182,1
45397787,3793,422182,1
45397787,3794,422182,1
2429548357,3795,422182,1
2429548357,1741,422182,1
2429548357,3796,422182,1
2429548357,1986,422182,1
876351067,3797,422182,1
876351067,3798,422182,1
417557721,3504,422182,1
4090255600,1381,422182,1
35762101,3799,422182,1
35762101,1622,422182,1
35762101,1263,422182,1
524041061,3800,422182,1
1557944072,1059,422182,1
1557944072,2727,422182,1
1557944072,1187,422182,1
1557944072,1058,422182,1
29482906,2842,422182,1
29482906,3801,422182,1
29482906,3802,422182,1
29482906,3803,422182,1
29482906,2786,422182,1
29482906,3804,422182,1
29482906,1449,422182,1
452483362,3805,422182,1
62583356,3806,422182,1
20350290,3211,422182,1
6441322,2970,422182,1
6441322,1287,422182,1
6441322,3398,422182,1
6441322,2971,422182,1
41823305,1019,422182,1
22324461,3807,422182,1
36815578,3808,422182,1
23266929,3809,422279,1
23266929,3810,422279,1
23266929,3811,422279,1
23266929,3812,422279,1
23266929,3813,422279,1
58449663,3814,422279,1
58449663,2189,422279,1
788960368903106561,3815,422279,1
788960368903106561,3816,422279,1
788960368903106561,3817,422279,1
788960368903106561,3818,422279,1
188684410,3819,422279,2
188684410,1567,422279,4
188684410,2371,422279,3
188684410,3186,422279,3
188684410,3820,422279,2
188684410,3821,422279,2
188684410,3822,422279,2
30026308,1003,422279,1
28495138,1331,422279,1
28495138,3823,422279,1
28495138,3049,422279,1
28495138,3824,422279,1
28495138,3825,422279,1
2575039039,1204,422279,1
109967020,3826,422279,1
109967020,3827,422279,1
109967020,3828,422279,1
109967020,1863,422279,1
109967020,1898,422279,1
24978195,3829,422279,1
24978195,3830,422279,1
465911423,1413,422279,1
4082264692,3831,422279,1
4082264692,3832,422279,1
4082264692,3833,422279,1
960678293157560320,1068,422279,1
960678293157560320,1192,422279,1
39301994,3834,422279,1
278270169,3344,422279,1
278270169,3835,422279,1
278270169,3836,422279,1
278270169,1165,422279,1
481819553,3837,422279,1
16320537,1949,422279,1
16320537,3838,422279,1
16320537,3545,422279,1
971831,3839,422279,1
345809126,3834,422279,1
345809126,3840,422279,1
516801659,3841,422279,2
516801659,1331,422279,2
206506178,3842,422279,1
206506178,3843,422279,1
206506178,3844,422279,1
206506178,3845,422279,1
1126902138,3099,422279,1
305025897,3846,422279,1
305025897,1164,422279,1
305025897,1877,422279,1
452542451,1349,422279,1
452542451,3847,422279,1
452542451,3848,422279,1
188684410,1511,422279,1
188684410,1287,422279,1
188684410,1512,422279,1
188684410,3849,422279,1
188684410,3139,422279,1
188684410,3850,422279,1
188684410,3851,422279,1
36186797,3852,422279,1
516801659,3853,422279,1
33976616,3854,422279,1
33976616,3855,422279,1
33976616,3856,422279,1
62583356,3857,422279,1
62583356,3858,422279,1
62583356,3834,422279,1
62583356,3844,422279,1
62583356,3859,422279,1
220689051,3860,422279,1
220689051,3861,422279,1
220689051,3862,422279,1
220689051,3863,422279,1
430113934,3864,422279,1
430113934,2321,422279,1
430113934,3865,422279,1
430113934,1714,422279,1
42666285,3866,422280,1
42666285,3867,422280,1
42666285,3868,422280,1
42666285,3869,422280,1
99982506,3834,422280,2
61547959,1104,422280,1
1283002441,1501,422280,1
1283002441,1502,422280,1
188684410,1287,422280,2
188684410,3186,422280,3
188684410,3870,422280,1
1283002441,3871,422280,1
1283002441,3872,422280,1
1283002441,3873,422280,1
1283002441,3874,422280,1
1003331059,2890,422280,1
1003331059,3875,422280,1
821942989778026496,1176,422280,1
821942989778026496,1240,422280,1
821942989778026496,1241,422280,1
188684410,3876,422280,1
188684410,3877,422280,1
188684410,3260,422280,1
188684410,3878,422280,1
188684410,3879,422280,1
188684410,3880,422280,1
3121750933,1014,422280,1
3121750933,1015,422280,1
3121750933,2229,422280,1
44111237,2623,422280,1
44111237,2880,422280,1
227767298,1265,422280,1
227767298,2637,422280,1
4883252452,3881,422280,1
39301994,3834,422280,1
42934269,3882,422280,1
42934269,3883,422280,1
42934269,2449,422280,1
42934269,3884,422280,1
188684410,3885,422280,1
188684410,3142,422280,2
188684410,3886,422280,1
188684410,1512,422280,1
188684410,3139,422280,1
188684410,3887,422280,1
31553533,3888,422280,1
31553533,3456,422280,1
26510688,1350,422280,1
26510688,1404,422280,2
26510688,2623,422280,1
26510688,3889,422280,1
3305688459,3890,422280,1
3305688459,3891,422280,1
186484343,1898,422280,2
295420187,3892,422280,1
295420187,1404,422280,1
295420187,1264,422280,1
295420187,3034,422280,1
188684410,1565,422280,1
503911925,1072,422280,2
503911925,1073,422280,2
503911925,1074,422280,2
503911925,1075,422280,2
503911925,1076,422280,2
188684410,3076,422280,2
188684410,3077,422280,1
188684410,3822,422280,2
188684410,1567,422280,3
188684410,3821,422280,3
188684410,3820,422280,1
188684410,3844,422280,1
188684410,2371,422280,2
188684410,3819,422280,1
206506178,3893,422280,1
206506178,3843,422280,1
206506178,3844,422280,1
206506178,1903,422280,1
297732920,3097,422280,1
297732920,3876,422280,1
297732920,3894,422280,1
297732920,3895,422280,1
297732920,3896,422280,1
297732920,3877,422280,1
297732920,3897,422280,1
297732920,3898,422280,1
297732920,3899,422280,1
188684410,3900,422280,1
47421685,3901,422280,1
352786176,3902,422280,1
352786176,3903,422280,1
352786176,3653,422280,1
352786176,1214,422280,1
352786176,3570,422280,1
3798496755,3904,422280,1
3798496755,3834,422280,1
249354997,3179,422280,1
1410671952,3905,422280,1
1410671952,3906,422280,1
22324461,3807,422280,1
22324461,3907,422280,1
42666285,3908,422281,1
42666285,3909,422281,1
50078242,1449,422281,1
50078242,1033,422281,1
53237197,3910,422281,1
53237197,3911,422281,1
94003629,3834,422281,1
94003629,3844,422281,1
262216184,2011,422281,1
262216184,3912,422281,1
262216184,2623,422281,1
262216184,3913,422281,1
262216184,3914,422281,1
262216184,3915,422281,1
262216184,2410,422281,1
80807182,1427,422281,2
25850386,3916,422281,1
478153272,3844,422281,1
478153272,1063,422281,1
478153272,1380,422281,1
16574620,3099,422281,1
16574620,3917,422281,1
16574620,3918,422281,1
16574620,3919,422281,1
16574620,3920,422281,1
188684410,3921,422281,1
188684410,3922,422281,1
188684410,3923,422281,1
14690813,3924,422281,1
14690813,3925,422281,1
14690813,3926,422281,1
26794596,1936,422281,1
26794596,2186,422281,1
23620158,3927,422281,2
23620158,3928,422281,1
23620158,3929,422281,1
881248646,3930,422281,1
881248646,3931,422281,1
881248646,1885,422281,1
881248646,3932,422281,1
17474684,2561,422281,1
17474684,3933,422281,1
17474684,3934,422281,1
17474684,3935,422281,1
162805587,2163,422281,1
162805587,2164,422281,1
162805587,2165,422281,1
188684410,3936,422281,1
188684410,3937,422281,1
188684410,2371,422281,2
19836394,3834,422281,1
80807182,3938,422281,1
23620158,3939,422281,1
23620158,1849,422281,1
23620158,3940,422281,1
15613754,3834,422281,1
15613754,3941,422281,1
15613754,3942,422281,1
188684410,3943,422281,1
188684410,3142,422281,2
188684410,3944,422281,1
188684410,3945,422281,1
2366127384,3946,422281,1
2366127384,2554,422281,1
2366127384,2553,422281,1
2366127384,2552,422281,1
2366127384,2555,422281,1
2366127384,1723,422281,1
390303951,3947,422281,1
390303951,3099,422281,1
390303951,2431,422281,1
390303951,3834,422281,1
390303951,3948,422281,1
390303951,3949,422281,1
390303951,3950,422281,1
390346578,3951,422281,1
390346578,3952,422281,1
188684410,1562,422281,2
188684410,1584,422281,1
188684410,1565,422281,1
3089740913,3953,422281,1
3089740913,1003,422281,1
162805587,3954,422281,1
162805587,3955,422281,1
162805587,3956,422281,1
162805587,3647,422281,1
162805587,3957,422281,1
162805587,3958,422281,1
2445855570,3959,422281,1
227767298,3960,422281,1
227767298,3961,422281,1
42666285,3962,422282,1
42666285,3908,422282,1
42666285,3909,422282,1
19712236,3963,422282,1
50799942,3964,422282,1
50799942,3965,422282,1
19640448,3966,422282,1
19640448,3967,422282,1
1141651788,1826,422282,1
22550358,3968,422282,1
22550358,3969,422282,1
22550358,3970,422282,1
22550358,3971,422282,1
254398554,3972,422282,1
254398554,3834,422282,1
26082802,3973,422282,1
2964817577,3974,422282,1
67789515,3975,422282,2
67789515,3809,422282,1
67789515,3976,422282,1
67789515,3977,422282,1
67789515,1165,422282,1
67789515,3978,422282,1
67789515,1404,422282,1
67789515,3979,422282,1
929456436098330624,3980,422282,1
929456436098330624,3981,422282,1
929456436098330624,3982,422282,1
929456436098330624,3983,422282,1
929456436098330624,3984,422282,1
729637921,3421,422282,1
3236916670,3985,422282,1
838892865346486274,3681,422282,1
838892865346486274,3986,422282,1
142746137,3987,422282,1
39301994,3834,422282,2
1315286089,3988,422282,1
237514324,3989,422282,1
237514324,3169,422282,1
237514324,3990,422282,1
237514324,3991,422282,1
237514324,3992,422282,1
237514324,3993,422282,1
1483039946,3844,422282,1
1483039946,3994,422282,1
360837913,3995,422282,1
360837913,2792,422282,1
360837913,3996,422282,1
29407646,3576,422282,1
956252593994584065,2321,422282,1
956252593994584065,3997,422282,1
343845047,3998,422282,1
39301994,3999,422282,1
893778853,4000,422282,1
3121750933,1014,422282,1
3121750933,1015,422282,1
3121750933,2229,422282,1
3121750933,2230,422282,1
32162056,3834,422282,1
21670866,4001,422282,1
39958499,4002,422282,1
39958499,3834,422282,1
39958499,4003,422282,1
42666285,4004,422283,1
42666285,3908,422283,1
42666285,3909,422283,1
850346704188657664,3457,422283,1
1559862210,4005,422283,1
18769024,4006,422283,1
18769024,4007,422283,1
873942716790517760,4008,422283,1
873942716790517760,4009,422283,1
873942716790517760,4010,422283,1
17795451,4011,422283,1
17795451,4012,422283,1
14642031,3834,422283,1
23620158,4013,422283,1
23620158,2689,422283,1
23620158,4014,422283,1
23620158,4015,422283,1
20667173,4016,422283,1
20667173,4017,422283,1
20667173,4018,422283,1
20667173,4019,422283,1
20667173,2602,422283,1
20667173,4020,422283,1
20667173,1741,422283,1
20667173,4021,422283,1
20667173,4022,422283,1
23291568,4023,422283,1
23291568,4024,422283,1
2267807461,4025,422283,1
2267807461,1512,422283,1
2267807461,4026,422283,1
2267807461,4027,422283,1
33252620,4028,422283,1
2964817577,4029,422283,1
25682309,1404,422283,1
25682309,4030,422283,1
2457278850,1538,422283,1
2457278850,2897,422283,1
2457278850,1967,422283,1
2457278850,4031,422283,1
2457278850,4032,422283,1
2457278850,4033,422283,1
2457278850,4034,422283,1
2457278850,4035,422283,1
2457278850,4036,422283,1
19836394,4037,422283,1
19836394,2371,422283,1
427683210,4038,422283,1
427683210,1356,422283,1
427683210,4039,422283,1
427683210,4040,422283,1
223969236,1104,422283,1
821942989778026496,1176,422283,1
821942989778026496,1240,422283,1
821942989778026496,1241,422283,1
19245314,4041,422283,1
19245314,4042,422283,1
19245314,1192,422283,1
19245314,1093,422283,1
19245314,4043,422283,1
19245314,4044,422283,1
19245314,4045,422283,1
19245314,1807,422283,1
43000270,4046,422283,1
25569512,4047,422283,1
270613977,4048,422284,1
270613977,4049,422284,1
270613977,4050,422284,1
270613977,1062,422284,1
270613977,3369,422284,1
270613977,4051,422284,1
456357397,4052,422284,1
456357397,4053,422284,1
456357397,4054,422284,1
456357397,4055,422284,1
188684410,1004,422284,1
2445855570,4056,422284,1
2359276945,3834,422284,1
2359276945,4057,422284,1
2359276945,4058,422284,1
2457278850,1538,422284,3
2457278850,3770,422284,1
2457278850,4059,422284,1
2457278850,2897,422284,3
2457278850,1967,422284,3
2457278850,3181,422284,1
2457278850,1604,422284,1
2457278850,1720,422284,1
427683210,1186,422284,1
427683210,4060,422284,1
427683210,4061,422284,1
427683210,1468,422284,1
427683210,4062,422284,1
516586981,4063,422284,1
2267807461,4064,422284,1
2267807461,1512,422284,1
2457278850,4065,422284,1
2457278850,2858,422284,1
2457278850,4066,422284,1
2457278850,4067,422284,1
2457278850,4068,422284,1
2457278850,1622,422284,1
227767298,1265,422284,1
227767298,4069,422284,1
227767298,4070,422284,1
15339555,4071,422284,1
23092382,1104,422284,1
27822518,4072,422284,1
27822518,3949,422284,1
20651924,2492,422284,1
20651924,1104,422284,1
2457278850,4073,422284,1
2457278850,2596,422284,1
2457278850,4074,422284,1
2457278850,4075,422284,1
190900921,4076,422284,1
190900921,4077,422284,1
190900921,4078,422284,1
14220191,1421,422284,1
14220191,1422,422284,1
14220191,1423,422284,1
14220191,1424,422284,1
14220191,4079,422284,1
2267807461,4080,422284,1
2267807461,4081,422284,1
188684410,4082,422284,1
188684410,4083,422284,1
3140768144,4084,422284,1
23559911,4085,422284,6
23559911,4086,422284,1
188684410,3880,422284,1
188684410,4087,422284,1
2330319362,4088,422284,1
2330319362,4089,422284,1
11007892,4090,422284,1
11007892,4091,422284,1
11007892,4092,422284,1
11007892,4093,422284,1
11007892,4094,422284,1
11007892,2663,422284,1
22405339,4095,422284,1
22405339,3834,422284,1
19836394,4096,422284,1
19836394,4097,422284,1
19836394,3834,422284,1
188684410,4098,422284,1
23559911,4099,422284,1
23559911,1269,422284,1
23559911,4100,422284,1
23092382,2323,422284,1
23559911,4101,422284,1
23559911,4102,422284,1
23559911,4103,422284,1
42666285,4104,422285,1
42666285,4105,422285,1
42666285,4106,422285,1
23559911,4085,422285,4
23559911,4100,422285,2
23559911,4107,422285,1
188684410,4108,422285,1
188684410,1562,422285,3
188684410,3834,422285,1
188684410,1584,422285,1
188684410,1565,422285,2
23559911,4086,422285,1
23559911,1529,422285,1
188684410,3742,422285,1
188684410,3844,422285,1
188684410,3099,422285,1
44111237,2623,422285,2
44111237,2880,422285,2
19836394,4109,422285,1
188684410,4110,422285,1
188684410,3923,422285,2
452542451,4111,422285,1
452542451,4112,422285,1
2457278850,1538,422285,2
2457278850,4113,422285,1
2457278850,4114,422285,1
2457278850,1539,422285,1
2457278850,2897,422285,1
2457278850,4115,422285,1
2457278850,4116,422285,1
2457278850,1688,422285,1
41823305,1405,422285,1
41823305,4117,422285,1
41823305,4118,422285,1
41823305,1287,422285,1
41823305,4119,422285,1
23644966,4120,422285,1
44463638,4121,422285,1
44463638,4122,422285,1
44463638,4123,422285,1
1892400362,4124,422285,1
1892400362,4125,422285,1
1892400362,3844,422285,1
1892400362,4126,422285,1
1892400362,2073,422285,1
188684410,4127,422285,1
188684410,2371,422285,1
188684410,4128,422285,1
188684410,4129,422285,1
188684410,4130,422285,1
106967797,4131,422285,1
106967797,4132,422285,1
106967797,3834,422285,1
188684410,4133,422285,1
245818918,3834,422285,1
245818918,3845,422285,1
245818918,4134,422285,1
309363450,4135,422285,1
309363450,4136,422285,1
19167916,4137,422285,1
19167916,4138,422285,1
19167916,1284,422285,1
19167916,4139,422285,1
227767298,4140,422285,2
227767298,1265,422285,2
524041061,4141,422285,1
524041061,1898,422285,2
524041061,4142,422285,2
524041061,4143,422285,1
524041061,4144,422285,1
799708890791178240,4145,422285,1
799708890791178240,3391,422285,1
227767298,4146,422285,1
42666285,3962,422286,1
42666285,3909,422286,1
42666285,3908,422286,1
799708890791178240,4145,422286,3
799708890791178240,3391,422286,5
821942989778026496,1176,422286,2
821942989778026496,1240,422286,2
821942989778026496,1241,422286,1
206506178,4147,422286,1
2457278850,1538,422286,2
2457278850,2897,422286,1
2457278850,1967,422286,1
2457278850,3181,422286,1
2457278850,1584,422286,1
2457278850,4148,422286,1
2457278850,2081,422286,1
2457278850,4149,422286,1
2457278850,1610,422286,1
32973584,4150,422286,1
32973584,4151,422286,1
32973584,2596,422286,1
32973584,1036,422286,1
32973584,1714,422286,1
799708890791178240,4152,422286,2
27822518,3095,422286,1
27822518,4127,422286,1
27822518,4153,422286,1
27822518,1512,422286,1
27822518,4154,422286,1
1365241831,4155,422286,1
1365241831,1331,422286,1
1365241831,4156,422286,1
1365241831,4157,422286,1
1365241831,4158,422286,1
333448200,4159,422286,1
2457278850,3428,422286,1
2457278850,3801,422286,1
2457278850,4160,422286,1
2457278850,4161,422286,1
2457278850,4162,422286,1
2457278850,4163,422286,1
227767298,1265,422286,1
39206945,3849,422286,1
227767298,3961,422286,1
227767298,4164,422286,1
227767298,4165,422286,1
39206945,4166,422286,1
42666285,4004,422287,1
42666285,3962,422287,1
42666285,3908,422287,1
3252959691,4167,422287,1
3252959691,3834,422287,1
3252959691,4168,422287,1
3252959691,4132,422287,1
3252959691,4169,422287,1
3252959691,4170,422287,1
848738334,4171,422287,1
39206945,4166,422287,1
1141651788,1826,422287,1
1141651788,3233,422287,1
1141651788,2125,422287,1
2457278850,1538,422287,1
2457278850,4147,422287,1
2457278850,4163,422287,1
2457278850,4172,422287,1
2457278850,4173,422287,1
166762827,4174,422287,1
166762827,4175,422287,1
166762827,1864,422287,1
166762827,4176,422287,1
166762827,4177,422287,1
444771207,4178,422287,3
444771207,4179,422287,2
444771207,4180,422287,2
29407646,3834,422287,1
29407646,1024,422287,1
29407646,1622,422287,1
227767298,1265,422287,1
42666285,3962,422288,1
42666285,4004,422288,1
28048291,3099,422288,1
28048291,4181,422288,1
28048291,4182,422288,1
28048291,4183,422288,1
28048291,2528,422288,1
28048291,4184,422288,1
2457278850,1538,422288,1
19245314,4185,422288,1
19245314,4186,422288,1
19245314,4187,422288,1
223969236,1104,422288,1
340123805,1104,422288,1
42666285,3962,422289,1
42666285,4004,422289,1
42666285,3908,422289,1
188684410,3834,422289,1
188684410,4188,422289,1
188684410,4189,422289,1
188684410,3844,422289,1
188684410,4190,422289,1
188684410,4191,422289,1
188684410,3099,422289,1
42666285,3962,422290,1
42666285,4004,422290,1
23399737,4192,422290,1
23399737,4193,422290,1
23399737,4194,422290,1
138248804,4195,422290,1
16966202,4196,422290,1
42666285,4004,422291,1
42666285,3909,422291,1
42666285,3962,422291,1
1005203107,4197,422291,1
1005203107,1555,422291,1
58030028,4198,422291,1
2987020974,4199,422291,1
2987020974,4200,422291,1
2987020974,4201,422291,1
2987020974,1182,422291,1
452483362,4202,422291,1
452483362,2455,422291,1
456357397,4053,422291,1
15850295,1404,422291,1
15850295,3099,422291,1
15850295,1327,422291,1
708056279793725441,4203,422291,1
708056279793725441,4204,422291,1
708056279793725441,4205,422291,1
708056279793725441,4206,422291,1
708056279793725441,4207,422291,1
708056279793725441,4208,422291,1
24614057,2515,422291,1
452483362,3333,422291,1
452483362,4209,422291,1
452483362,1826,422291,1
452483362,1809,422291,1
452483362,4210,422291,1
452483362,4211,422291,1
452483362,4212,422291,1
42666285,3962,422292,1
42666285,3909,422292,1
253163980,4213,422292,1
253163980,3874,422292,1
253163980,1864,422292,1
253163980,4214,422292,1
253163980,4215,422292,1
253163980,4216,422292,1
253163980,2674,422292,1
253163980,4217,422292,1
253163980,1062,422292,1
45361846,4218,422292,1
45361846,4219,422292,1
45361846,4220,422292,1
45361846,4221,422292,1
45361846,2708,422292,1
45361846,4222,422292,1
53694392,2920,422292,1
53694392,4223,422292,1
729637921,2930,422292,1
536838736,3335,422292,1
536838736,1823,422292,1
536838736,1079,422292,1
536838736,1824,422292,1
536838736,3336,422292,1
62583356,3834,422292,2
62583356,4224,422292,2
62583356,4225,422292,1
62583356,4226,422292,1
423862419,1017,422292,1
423862419,4227,422292,1
423862419,4228,422292,1
423862419,4229,422292,1
791239308518776833,4230,422292,1
791239308518776833,2249,422292,1
791239308518776833,1165,422292,1
791239308518776833,1378,422292,1
791239308518776833,4177,422292,1
791239308518776833,4231,422292,1
791239308518776833,4232,422292,1
791239308518776833,3370,422292,1
2964817577,1676,422292,1
536838736,4233,422292,1
795650513257791488,1764,422292,2
795650513257791488,3351,422292,2
62583356,4234,422292,1
872881071771324416,4235,422292,1
872881071771324416,4236,422292,1
14307118,4237,422292,1
186669620,4238,422292,1
292992978,1679,422292,1
292992978,3912,422292,1
292992978,1680,422292,1
292992978,3322,422292,1
42666285,3908,422293,1
42666285,4004,422293,1
42666285,3909,422293,1
25316500,4239,422293,1
25316500,4240,422293,1
351037770,4195,422293,1
36150464,4241,422293,1
36150464,4242,422293,1
36150464,4243,422293,1
36150464,4244,422293,1
36150464,4245,422293,1
36150464,4246,422293,1
22324461,4247,422293,1
22324461,1749,422293,1
22324461,2942,422293,1
22324461,1062,422293,1
708056279793725441,4248,422293,1
708056279793725441,4249,422293,1
708056279793725441,4250,422293,1
708056279793725441,4251,422293,1
15673984,4252,422293,1
15673984,4253,422293,1
132870726,4254,422293,1
113445843,4255,422293,1
24673519,3834,422293,1
92186516,4256,422293,1
162805587,2117,422293,1
162805587,2118,422293,1
162805587,2119,422293,1
262216184,2011,422293,1
262216184,4257,422293,1
262216184,4258,422293,1
262216184,1909,422293,1
2797274671,4259,422293,2
2797274671,4260,422293,2
2797274671,4261,422293,2
2797274671,4262,422293,2
2797274671,4263,422293,2
2797274671,4264,422293,2
2797274671,4265,422293,2
102093426,4266,422293,1
102093426,1658,422293,1
478153272,2161,422293,1
478153272,4267,422293,1
478153272,4268,422293,1
374536090,4269,422293,1
374536090,4270,422293,1
374536090,1135,422293,1
374536090,3374,422293,1
374536090,3376,422293,1
16035795,4271,422293,1
16035795,4272,422293,1
16035795,4273,422293,1
889605598886715392,4274,422293,1
2598881534,3912,422293,1
2598881534,4260,422293,1
2598881534,2671,422293,1
181991754,4275,422293,1
2594257500,4276,422294,1
2594257500,1771,422294,1
799708890791178240,4277,422294,1
799708890791178240,4278,422294,1
277674677,4279,422294,1
66450663,4254,422294,1
871861079009357824,4280,422294,1
871861079009357824,2042,422294,1
871861079009357824,4281,422294,1
16035795,3674,422294,1
16035795,3421,422294,1
16035795,3834,422294,1
16035795,1104,422294,1
6319192,4282,422294,1
31601635,4283,422294,1
823229033936732162,4284,422294,1
29493760,4285,422294,1
29493760,3834,422294,2
373038991,4286,422294,1
373038991,4287,422294,1
373038991,4288,422294,1
427683210,1356,422294,2
427683210,1357,422294,2
427683210,1358,422294,2
427683210,1359,422294,2
427683210,1360,422294,2
427683210,1361,422294,2
427683210,1362,422294,2
2382992022,1983,422294,1
2382992022,4289,422294,1
2382992022,3412,422294,1
2382992022,2383,422294,1
2382992022,4290,422294,1
2382992022,3502,422294,1
2382992022,2811,422294,1
2349257468,4291,422294,1
808453413159759873,3667,422294,1
808453413159759873,4292,422294,1
808453413159759873,4293,422294,1
2503014576,4294,422294,1
2503014576,4295,422294,1
2503014576,2071,422294,1
2503014576,4296,422294,1
3197469024,4297,422294,1
20638956,4298,422294,1
2797274671,1685,422294,1
2797274671,4299,422294,1
2797274671,4300,422294,1
2797274671,4301,422294,1
2797274671,4302,422294,1
23112554,4303,422294,1
23112554,4304,422294,1
3320611968,4305,422294,1
29493760,4306,422294,1
29493760,4307,422294,1
29493760,4308,422294,1
23112554,1809,422294,1
23112554,3587,422294,1
23112554,3588,422294,1
23112554,4309,422294,1
23112554,4310,422294,1
213313491,4311,422294,1
23112554,4312,422294,1
23112554,4313,422294,1
23112554,4314,422294,1
23112554,3592,422294,1
23112554,4315,422294,1
15966337,4316,422294,1
15966337,4317,422294,1
15966337,4318,422294,1
15966337,4319,422294,1
29493760,4320,422294,1
36186797,4321,422294,1
236602687,3834,422294,1
36186797,4322,422294,1
36186797,4254,422294,1
735974226209869828,4254,422294,1
735974226209869828,4323,422294,1
735974226209869828,4324,422294,1
735974226209869828,1693,422294,1
735974226209869828,4325,422294,1
735974226209869828,4326,422294,1
735974226209869828,4327,422294,1
2205826873,1965,422294,1
42666285,3962,422295,1
42666285,4004,422295,1
872881071771324416,4002,422295,1
266364200,4328,422295,1
266364200,4329,422295,1
29802659,4330,422295,1
29802659,2768,422295,1
29802659,4331,422295,1
390303951,4332,422295,1
390303951,4333,422295,1
390303951,4254,422295,1
390303951,4334,422295,1
390303951,4335,422295,1
390303951,4336,422295,1
390303951,3950,422295,1
162805587,2117,422295,1
162805587,2118,422295,1
162805587,2119,422295,1
23824743,4195,422295,1
23824743,3307,422295,1
23824743,4337,422295,1
23824743,4338,422295,1
21030857,4339,422295,1
22096419,1104,422295,1
2691882793,4340,422295,1
2691882793,3385,422295,1
2691882793,4341,422295,1
2691882793,4342,422295,1
2691882793,4343,422295,1
2691882793,2444,422295,1
2691882793,4344,422295,1
2691882793,3912,422295,1
2691882793,1826,422295,1
2691882793,4345,422295,1
558163732,1722,422295,1
558163732,4346,422295,1
558163732,4347,422295,1
558163732,4348,422295,1
558163732,4349,422295,1
558163732,4350,422295,1
821942989778026496,1176,422295,2
821942989778026496,1240,422295,2
55348953,4351,422295,1
55348953,1271,422295,1
1002003048,2568,422295,1
1002003048,2569,422295,1
1002003048,2846,422295,1
1294394910,4190,422295,1
1294394910,4352,422295,1
1294394910,1003,422295,1
1294394910,4353,422295,1
1294394910,1898,422295,1
1294394910,4354,422295,1
33220557,4355,422295,1
33220557,4356,422295,1
33220557,4357,422295,1
944675174686904320,1841,422295,1
2209354352,3912,422295,1
2209354352,4358,422295,2
2209354352,4359,422295,1
36815578,2844,422295,1
36815578,4360,422295,1
36815578,4361,422295,1
36815578,4362,422295,1
219060990,4195,422295,1
22096419,4363,422295,1
22096419,4364,422295,1
22096419,4365,422295,1
2382992022,3497,422295,1
2382992022,3413,422295,1
2382992022,3414,422295,1
2382992022,3412,422295,1
2382992022,2811,422295,1
343845047,1826,422295,1
343845047,4254,422295,1
343845047,3912,422295,1
343845047,1637,422295,1
343845047,4366,422295,1
343845047,4367,422295,1
49197562,4368,422295,1
49197562,4369,422295,1
941193330666258432,2673,422295,1
941193330666258432,4370,422295,1
765613657,4371,422295,1
765613657,4372,422295,1
765613657,4373,422295,1
33976616,4374,422295,1
33976616,4375,422295,1
198400300,1104,422295,1
38768501,2542,422296,1
38768501,2545,422296,1
38768501,4376,422296,1
38768501,4377,422296,1
38768501,4378,422296,1
38768501,2952,422296,1
42666285,3962,422296,1
42666285,3908,422296,1
42666285,3909,422296,1
27066927,4379,422296,1
1927324363,4380,422296,2
69405550,4381,422296,1
69405550,4382,422296,1
22324461,1192,422296,1
1016112139,4383,422296,1
23189306,4254,422296,1
23189306,2578,422296,1
23189306,4384,422296,1
23189306,1683,422296,1
16320537,2892,422296,1
16320537,1512,422296,1
16320537,1287,422296,1
16320537,2893,422296,1
155632902,2678,422296,1
155632902,4385,422296,1
155632902,4386,422296,1
155632902,4387,422296,1
960678293157560320,4388,422296,1
960678293157560320,4389,422296,1
960678293157560320,4390,422296,1
181991754,4391,422296,1
181991754,1677,422296,1
132582643,4392,422296,1
132582643,4393,422296,1
132582643,4394,422296,1
132582643,4395,422296,1
132582643,1156,422296,1
132582643,4396,422296,1
132582643,4397,422296,1
32334336,4389,422296,1
32334336,4398,422296,1
32334336,4399,422296,1
32334336,4400,422296,1
52454830,4401,422296,1
52454830,4402,422296,1
27822518,4403,422296,1
1342551714,1104,422296,1
224064154,4404,422296,1
224064154,3731,422296,1
224064154,1631,422296,1
224064154,1629,422296,1
224064154,1628,422296,1
224064154,1630,422296,1
31577021,1077,422296,1
31577021,1078,422296,1
31577021,1079,422296,1
31577021,1080,422296,1
540199801,4405,422296,1
944675174686904320,1841,422296,1
724058621022232577,1062,422296,1
724058621022232577,4406,422296,1
724058621022232577,1061,422296,1
724058621022232577,1060,422296,1
724058621022232577,4407,422296,1
31553533,4408,422296,1
31553533,4409,422296,1
31553533,4410,422296,1
31553533,4127,422296,1
31553533,3369,422296,1
31553533,4411,422296,1
402947402,3834,422296,1
808453413159759873,1864,422296,1
808453413159759873,4412,422296,1
808453413159759873,3939,422296,1
16320537,1949,422296,1
16320537,3838,422296,1
16320537,4413,422296,1
20350290,4254,422296,1
20350290,2125,422296,1
20350290,1472,422296,1
20350290,1157,422296,1
20350290,4414,422296,1
1152489072,4415,422296,1
1152489072,4416,422296,1
177039368,4417,422296,1
177039368,4418,422296,1
20350290,1588,422296,1
20350290,4419,422296,1
17474684,4420,422297,1
17474684,4421,422297,1
17474684,2561,422297,1
42666285,4004,422297,1
42666285,3909,422297,1
42666285,3908,422297,1
16320537,4422,422297,1
16320537,4423,422297,1
16320537,4424,422297,1
16320537,4425,422297,1
16320537,1604,422297,1
16320537,3303,422297,1
16320537,3834,422297,1
23033226,4389,422297,1
959964787,4426,422297,1
48908790,4427,422297,1
60811614,4428,422297,1
60811614,4429,422297,1
60811614,4430,422297,1
270480915,4431,422297,1
270480915,4432,422297,1
270480915,4433,422297,1
27822518,4434,422297,1
27822518,4435,422297,1
27822518,4436,422297,1
27822518,4437,422297,1
2382992022,4438,422297,1
2382992022,3776,422297,1
2382992022,1984,422297,1
2382992022,3495,422297,1
2382992022,3497,422297,1
2382992022,2811,422297,1
27482129,4439,422297,1
20350290,2323,422297,1
20350290,4440,422297,1
912460702887096320,1104,422297,1
21280370,4441,422297,1
21280370,4442,422297,1
558163732,4443,422297,1
558163732,4444,422297,1
558163732,4445,422297,1
558163732,4446,422297,1
558163732,4447,422297,1
1611117379,4448,422297,1
19129487,4449,422297,1
19129487,4450,422297,1
21280370,2410,422297,1
21280370,1465,422297,1
1004321834,4254,422297,1
1004321834,4451,422297,1
1004321834,4452,422297,1
1004321834,3912,422297,1
20350290,4453,422297,1
20350290,4454,422297,1
20350290,4455,422297,1
31553533,3369,422297,1
31553533,4456,422297,1
31553533,4127,422297,1
31553533,3912,422297,1
448481905,4457,422297,1
15072282,4458,422297,1
83431030,4254,422297,1
83431030,4459,422297,1
83431030,1904,422297,1
83431030,4460,422297,1
83431030,4461,422297,1
83431030,1062,422297,1
21655602,4462,422297,1
206506178,2494,422297,1
206506178,3843,422297,1
61547959,1104,422297,1
61547959,4463,422297,1
61547959,4026,422297,1
61547959,4464,422297,1
61547959,4465,422297,1
61547959,1720,422297,1
1375162080,4466,422297,1
1375162080,4467,422297,1
1375162080,2888,422297,1
1375162080,1079,422297,1
1375162080,1080,422297,1
2948935092,4468,422297,1
2948935092,1192,422297,2
38768501,4469,422297,1
38768501,1875,422297,1
38768501,3337,422297,1
38768501,4470,422297,1
69398066,4408,422297,1
193020091,4471,422297,1
193020091,1936,422297,1
193020091,3688,422297,1
193020091,4472,422297,1
193020091,4473,422297,1
193020091,4474,422297,1
2948935092,4475,422297,1
123746185,4476,422297,1
123746185,4477,422297,1
26587452,3834,422297,1
26587452,4254,422297,1
23210653,4478,422297,1
23210653,4479,422297,1
23210653,4480,422297,1
23210653,4481,422297,1
23210653,4482,422297,1
36186797,4483,422297,1
92186516,4484,422297,1
92186516,1515,422297,1
92186516,4485,422297,1
42666285,3962,422298,1
42666285,3908,422298,1
42666285,3909,422298,1
42666285,4004,422298,1
912460702887096320,1104,422298,1
29493760,4486,422298,2
29493760,4487,422298,1
29493760,4488,422298,1
29493760,4489,422298,1
29493760,4490,422298,1
29493760,3834,422298,1
29493760,4491,422298,1
29493760,4492,422298,1
29493760,4493,422298,1
42495288,4494,422298,1
42495288,4495,422298,1
42495288,4496,422298,1
3121750933,1014,422298,2
3121750933,1015,422298,2
3121750933,2229,422298,2
3121750933,2230,422298,2
3121750933,2231,422298,2
3121750933,2232,422298,2
2205826873,1965,422298,1
3072860086,4497,422298,1
3072860086,4498,422298,1
33220557,4355,422298,1
33220557,4356,422298,1
33220557,4357,422298,1
92186516,1104,422298,1
14051891,4499,422298,1
277816850,4500,422298,1
277816850,4501,422298,1
277816850,1254,422298,1
277816850,4502,422298,1
154787745,1813,422298,1
154787745,1814,422298,1
154787745,1909,422298,1
846393962,4503,422298,1
846393962,4504,422298,1
575843103,3705,422298,1
575843103,3706,422298,1
575843103,2707,422298,1
575843103,3707,422298,1
2899501815,4505,422298,1
2899501815,4506,422298,1
2899501815,1142,422298,1
2367395966,4507,422298,1
67059866,4508,422298,1
3192377558,4509,422298,1
3192377558,4510,422298,1
20202645,4511,422298,1
2936623532,4512,422298,1
2936623532,4513,422298,1
2936623532,4514,422298,1
2936623532,4515,422298,1
2936623532,3912,422298,1
425633723,4516,422298,1
425633723,4517,422298,1
425633723,4518,422298,1
425633723,4519,422298,1
390641266,2530,422298,1
169542161,4520,422298,1
169542161,4521,422298,1
169542161,4522,422298,1
169542161,3276,422298,1
50059348,4460,422298,1
50059348,1903,422298,1
50059348,4523,422298,1
29493760,4524,422298,1
29493760,4525,422298,1
29493760,4526,422298,1
340123805,4174,422298,1
340123805,2991,422298,1
340123805,3009,422298,2
340123805,4527,422298,1
340123805,4528,422298,1
340123805,4529,422298,2
340123805,1403,422298,1
340123805,4530,422298,1
1259649151,4531,422298,1
795650513257791488,4532,422298,1
944675174686904320,4533,422298,1
15595316,4534,422298,1
277816850,4535,422298,1
42666285,3908,422299,1
42666285,4004,422299,1
42666285,3962,422299,1
292576861,4536,422299,1
292576861,4537,422299,1
292576861,4538,422299,1
292576861,1767,422299,1
292576861,4539,422299,1
292576861,1806,422299,1
292576861,4540,422299,1
292576861,4541,422299,1
2382992022,4542,422299,1
2382992022,1984,422299,1
2382992022,4543,422299,1
2382992022,3776,422299,1
2382992022,2811,422299,1
27822518,1288,422299,1
27822518,4544,422299,1
3687503962,4545,422299,1
3687503962,4546,422299,1
3687503962,4547,422299,1
1400802510,2141,422299,1
1400802510,4548,422299,1
51130342,1030,422299,1
51130342,4549,422299,1
25569512,4408,422299,1
25569512,4389,422299,1
25569512,4550,422299,1
25569512,4551,422299,1
25569512,4552,422299,1
165939924,4254,422299,1
165939924,1104,422299,1
165939924,4553,422299,1
165939924,4554,422299,1
165939924,1807,422299,1
165939924,2434,422299,1
55458119,3834,422299,1
251716551,4555,422299,1
251716551,3834,422299,1
2472747073,4556,422299,1
2472747073,4557,422299,1
2472747073,4558,422299,1
2472747073,2247,422299,1
2472747073,3912,422299,1
2472747073,4254,422299,1
2472747073,4559,422299,1
2472747073,4560,422299,1
262216184,2011,422299,1
262216184,3912,422299,1
262216184,1269,422299,1
262216184,4561,422299,1
262216184,4562,422299,1
262216184,4563,422299,1
262216184,3492,422299,1
121809964,3377,422299,1
121809964,3517,422299,1
121809964,4564,422299,1
158379240,4565,422299,1
2598881534,1404,422299,1
2598881534,4566,422299,1
2598881534,4567,422299,1
2598881534,4568,422299,1
2598881534,4569,422299,1
2598881534,3912,422299,1
491965923,4570,422299,1
491965923,4571,422299,1
491965923,4572,422299,1
491965923,4573,422299,1
18195374,2880,422299,1
18195374,4502,422299,1
18195374,4574,422299,1
20667173,1404,422299,1
20667173,2602,422299,1
20667173,2603,422299,1
20667173,4575,422299,1
20667173,2604,422299,1
20667173,4576,422299,1
20667173,2605,422299,1
20667173,2607,422299,1
20667173,2608,422299,1
49012634,4577,422299,1
49012634,1936,422299,1
49012634,1269,422299,1
49012634,4578,422299,1
49012634,4015,422299,1
244219557,2222,422299,1
244219557,1944,422299,1
244219557,4579,422299,1
244219557,4580,422299,1
188684410,4389,422299,1
188684410,4581,422299,1
188684410,4582,422299,1
188684410,4583,422299,1
188684410,4584,422299,1
188684410,4585,422299,1
29493760,4586,422299,1
29493760,4587,422299,1
29493760,4588,422299,1
29493760,3511,422299,1
29493760,4589,422299,1
29493760,4590,422299,1
79288849,4591,422299,1
79288849,4592,422299,1
79288849,4593,422299,1
79288849,3740,422299,1
79288849,3370,422299,1
79288849,4594,422299,1
79288849,4595,422299,1
79288849,4596,422299,1
79288849,4597,422299,1
79288849,4174,422299,1
785213265454374912,1067,422299,1
785213265454374912,1068,422299,1
188684410,4598,422299,1
30443179,4599,422299,1
30443179,1404,422299,1
30443179,4600,422299,1
39301994,4601,422299,1
737869494589263872,4602,422299,1
737869494589263872,4603,422299,1
737869494589263872,4604,422299,1
737869494589263872,4605,422299,1
536838736,4606,422299,1
536838736,4607,422299,1
536838736,4608,422299,1
536838736,1823,422299,1
536838736,1079,422299,1
188684410,4609,422299,1
20789005,4610,422299,1
20789005,4611,422299,1
2357204103,4612,422299,1
188684410,4613,422300,1
42666285,3909,422300,1
42666285,3908,422300,1
42666285,4004,422300,1
785213265454374912,1067,422300,1
785213265454374912,1068,422300,1
785213265454374912,1069,422300,1
785213265454374912,1070,422300,1
1425921720,2276,422300,1
1425921720,4614,422300,1
36186797,4615,422300,1
36186797,1792,422300,1
36186797,4616,422300,1
16320537,1949,422300,1
20667173,4617,422300,1
20667173,4618,422300,1
20667173,2292,422300,4
20667173,1404,422300,5
188684410,4619,422300,1
26360072,4620,422300,1
42964456,4621,422300,2
42964456,4622,422300,2
42964456,4623,422300,2
20667173,4624,422300,1
188684410,3900,422300,1
188684410,4625,422300,1
188684410,1567,422300,1
31050688,4626,422300,1
31050688,4627,422300,1
31050688,4628,422300,1
31050688,4389,422300,1
31050688,2207,422300,1
31050688,1833,422300,1
31050688,4629,422300,1
31050688,1036,422300,1
31050688,4630,422300,1
31050688,4631,422300,1
20667173,4632,422300,1
908420553807155200,4633,422300,1
20667173,4634,422300,1
39301994,4555,422300,1
188684410,4635,422300,1
20667173,4636,422300,1
20667173,4637,422300,1
20667173,4638,422300,1
452483362,4639,422300,1
452483362,4640,422300,1
452483362,4641,422300,1
42964456,4642,422300,1
42964456,3071,422300,1
42964456,4643,422300,1
51903296,4644,422300,1
51903296,4058,422300,1
11007892,1898,422300,1
11007892,3513,422300,1
11007892,4645,422300,1
11007892,4646,422300,1
11007892,4647,422300,1
2817837144,4648,422300,1
2817837144,4254,422300,1
2817837144,4649,422300,1
92186516,1104,422300,1
92186516,4650,422300,1
427683210,4651,422300,1
427683210,1469,422300,1
427683210,1356,422300,2
427683210,1357,422300,2
427683210,1358,422300,2
427683210,1359,422300,2
427683210,1360,422300,2
427683210,1361,422300,2
24568841,4652,422300,1
24568841,4653,422300,1
427683210,4654,422300,1
427683210,1362,422300,1
30026308,1003,422300,1
21317544,4655,422300,1
21317544,4656,422300,1
21317544,3496,422300,1
23559911,4086,422300,1
704719445168500736,1895,422300,1
704719445168500736,4657,422300,1
119929471,1512,422300,1
251776220,4658,422300,1
251776220,4659,422300,1
251776220,4660,422300,1
251776220,4661,422300,1
251776220,4662,422300,1
251776220,4663,422300,1
29802659,2727,422300,1
29802659,4664,422300,1
29802659,4665,422300,1
181991754,1677,422300,1
181991754,1678,422300,1
362855262,2136,422300,1
362855262,3123,422300,1
362855262,1300,422300,1
362855262,4666,422300,1
362855262,4667,422300,1
92186516,4668,422300,1
1927324363,4669,422300,1
1927324363,4380,422300,1
270447644,3464,422300,1
270447644,4670,422300,1
270447644,4671,422300,1
270447644,1434,422300,1
270447644,4672,422300,1
270447644,4673,422300,1
270447644,4674,422300,1
165585348,4675,422300,1
165585348,3912,422300,1
165585348,1121,422300,1
791239308518776833,1687,422300,1
791239308518776833,1842,422300,1
791239308518776833,4676,422300,1
42666285,4004,422301,1
42666285,3909,422301,1
42666285,3908,422301,1
42666285,3962,422301,1
558163732,4348,422301,1
558163732,4346,422301,1
558163732,4347,422301,1
558163732,1722,422301,1
558163732,4677,422301,1
181991754,4678,422301,1
181991754,1413,422301,1
21130664,3133,422301,1
21130664,4679,422301,1
1895055372,4680,422301,1
1895055372,4681,422301,1
1895055372,2383,422301,1
27898951,4682,422301,1
27898951,4683,422301,1
27898951,4684,422301,1
27898951,2139,422301,1
62583356,4685,422301,1
491965923,4571,422301,1
26171079,4686,422301,1
16320537,4058,422301,1
16320537,4057,422301,1
16320537,4687,422301,1
16320537,3844,422301,1
20351179,4688,422301,1
20351179,4689,422301,1
31317891,1063,422301,1
31317891,3844,422301,1
31317891,4690,422301,1
109058588,4691,422301,1
109058588,4692,422301,1
20662865,4693,422301,1
20662865,4694,422301,1
20662865,4695,422301,1
188684410,3734,422301,1
427683210,1186,422301,1
427683210,1356,422301,2
427683210,1357,422301,2
427683210,1358,422301,1
23644966,4696,422301,1
23644966,4697,422301,1
23644966,4698,422301,1
811662866868797440,4699,422301,1
811662866868797440,4254,422301,1
811662866868797440,2563,422301,1
92186516,4700,422301,1
188684410,4701,422301,1
188684410,4702,422301,1
188684410,4703,422301,1
188684410,4704,422301,1
188684410,4705,422301,1
175161093,4706,422301,1
175161093,3845,422301,1
175161093,4525,422301,1
175161093,3834,422301,1
175161093,2952,422301,1
175161093,1512,422301,1
427683210,4707,422301,1
111663948,2550,422301,1
111663948,2549,422301,1
111663948,4708,422301,1
188684410,4709,422301,1
1258593637,4710,422301,1
427683210,4711,422301,1
427683210,4712,422301,1
2382992022,3412,422301,1
2382992022,2383,422301,1
2382992022,2812,422301,1
50874385,4713,422301,1
1471193599,3499,422301,1
1471193599,4714,422301,1
1471193599,1325,422301,1
188684410,3099,422301,1
188684410,3834,422301,1
188684410,2371,422301,1
188684410,4715,422301,1
188684410,1909,422301,1
188684410,1325,422301,1
188684410,1062,422301,1
188684410,1564,422301,1
188684410,4716,422301,1
188684410,1512,422301,1
188684410,3139,422301,1
188684410,2490,422301,1
188684410,3142,422301,1
481819553,4389,422301,1
481819553,2698,422301,1
188684410,1578,422301,1
27574314,2347,422301,1
821942989778026496,1240,422301,1
821942989778026496,1241,422301,1
944675174686904320,4717,422301,1
944675174686904320,1841,422301,1
2899501815,4718,422301,1
18769024,4719,422301,1
18769024,4720,422301,1
18769024,4721,422301,1
18769024,4722,422301,1
18769024,4723,422301,1
2815863258,1000,422302,1
2815863258,1001,422302,1
188684410,4724,422302,1
188684410,1578,422302,1
188684410,4725,422302,1
42666285,3962,422302,1
42666285,4004,422302,1
42666285,3908,422302,1
288609543,2481,422302,1
288609543,4726,422302,1
288609543,4727,422302,1
288609543,4728,422302,1
288609543,4729,422302,1
288609543,1062,422302,1
19291664,4389,422302,1
19291664,1125,422302,1
287843203,1104,422302,1
729560571410976769,4730,422302,1
1135447002,4731,422302,1
2533322942,1192,422302,1
2533322942,4732,422302,1
42495288,4733,422302,1
42495288,4734,422302,1
42495288,4735,422302,1
42495288,4495,422302,1
17586591,4736,422302,1
17586591,4737,422302,1
17586591,3034,422302,1
17586591,4738,422302,1
175577207,4739,422302,1
16354112,1104,422302,1
1403980039,4740,422302,1
1403980039,1251,422302,1
491965923,4570,422302,2
491965923,4573,422302,1
491965923,4741,422302,2
491965923,3084,422302,1
491965923,4742,422302,1
33220557,4356,422302,1
33220557,4355,422302,1
33220557,4743,422302,1
287866838,3779,422302,2
287866838,3122,422302,1
771678204,4744,422302,1
2472747073,4745,422302,1
2472747073,4746,422302,1
2472747073,4747,422302,1
2472747073,4748,422302,1
2472747073,4749,422302,1
2472747073,4750,422302,1
517516074,4751,422302,1
491965923,4752,422302,1
491965923,4753,422302,1
3121750933,1014,422302,1
3121750933,1015,422302,1
3121750933,2229,422302,1
3121750933,2230,422302,1
3121750933,2231,422302,1
3121750933,2232,422302,1
3121750933,2610,422302,1
20028291,3912,422302,1
20028291,1186,422302,1
20028291,1450,422302,1
20028291,4754,422302,1
20028291,4755,422302,1
20028291,2119,422302,1
452483362,4412,422302,1
452483362,4756,422302,1
516586981,1838,422302,1
872881071771324416,4757,422302,1
872881071771324416,4758,422302,1
42666285,3157,422183,1
42666285,3156,422183,1
42666285,2995,422183,1
42666285,1090,422183,1
36815578,1842,422183,1
36815578,4759,422183,1
36815578,4760,422183,1
36815578,1532,422183,1
36815578,3031,422183,1
36815578,3032,422183,1
42013338,4761,422183,1
42013338,4762,422183,1
50799942,3965,422183,1
50799942,3964,422183,1
50799942,4763,422183,1
20687509,1092,422183,1
20687509,4764,422183,1
62749434,4765,422183,1
19742620,4766,422183,1
35326240,3103,422183,1
499929262,4767,422183,1
499929262,4768,422183,1
964288442917146624,4769,422183,1
964288442917146624,2305,422183,1
7991842,3492,422183,1
7991842,4770,422183,1
7991842,4156,422183,1
7991842,4771,422183,1
7991842,4772,422183,1
7991842,4773,422183,1
26510688,4774,422183,1
26510688,3366,422183,1
26510688,4775,422183,1
26510688,4776,422183,1
26510688,1130,422183,1
26510688,4777,422183,1
26510688,1090,422183,1
26510688,4778,422183,1
50073427,4779,422183,1
50073427,4780,422183,1
50073427,4781,422183,1
50073427,4782,422183,1
50073427,1036,422183,1
50073427,1062,422183,1
50073427,4783,422183,1
12091872,4784,422183,1
19836394,4785,422183,1
891291023397212160,4786,422183,1
56195219,1093,422183,1
821942989778026496,1176,422183,1
821942989778026496,1240,422183,1
821942989778026496,1241,422183,1
3086338765,1890,422183,1
3086338765,1891,422183,1
3086338765,2683,422183,1
11007892,4787,422183,1
11007892,4788,422183,1
11007892,1264,422183,1
11007892,4789,422183,1
103417389,4790,422183,1
103417389,4791,422183,1
192931834,4792,422183,1
192931834,4793,422183,1
189786780,4794,422183,1
189786780,4795,422183,1
427424201,3632,422184,1
31577021,1077,422184,1
31577021,1078,422184,1
1377615098,4796,422184,1
1377615098,4797,422184,1
1377615098,4798,422184,1
1377615098,4799,422184,1
22324461,4800,422184,1
22324461,3907,422184,1
2876946738,1811,422184,1
2876946738,4801,422184,1
2876946738,1349,422184,1
944675174686904320,4802,422184,1
944675174686904320,1841,422184,1
944675174686904320,2485,422184,1
108632045,4803,422184,1
2382992022,2811,422184,1
2382992022,4804,422184,1
2382992022,4805,422184,1
2382992022,4806,422184,1
2382992022,1984,422184,1
2382992022,3776,422184,1
6186522,4807,422184,1
6186522,4808,422184,1
6186522,4809,422184,1
6186522,4810,422184,1
6186522,4811,422184,1
6186522,4156,422184,1
751935632696573952,4812,422184,1
751935632696573952,4813,422184,1
16966202,4814,422184,1
16966202,3942,422184,1
16966202,4815,422184,1
16966202,4816,422184,1
16966202,4817,422184,1
16966202,4818,422184,1
203332379,4819,422184,1
154787745,1813,422184,1
154787745,1814,422184,1
154787745,1909,422184,1
2934851784,1800,422184,1
2934851784,1801,422184,1
27918931,4820,422184,1
27918931,4821,422184,1
297784467,4822,422184,1
297784467,4823,422184,1
297784467,4824,422184,1
297784467,4825,422184,1
297784467,2481,422184,1
297784467,1094,422184,1
15595316,4826,422184,1
47248291,4827,422184,1
47248291,4828,422184,1
117578433,4829,422184,1
117578433,2292,422184,1
117578433,1404,422184,1
3192377558,2468,422184,1
3192377558,4830,422184,1
469601735,3489,422184,1
288609543,4831,422184,1
288609543,4832,422184,1
288609543,3464,422184,1
288609543,4833,422184,1
288609543,4834,422184,1
288609543,4835,422184,1
268283923,1636,422184,1
268283923,4836,422184,1
268283923,4837,422184,1
268283923,4838,422184,1
268283923,4839,422184,1
268283923,3038,422184,1
268283923,1404,422184,1
2817837144,4649,422184,1
2817837144,4840,422184,1
2817837144,2511,422184,1
2964817577,3974,422184,1
42666285,4841,422185,1
42666285,4842,422185,1
42666285,4843,422185,1
28495138,4844,422185,1
28495138,4845,422185,1
28495138,4846,422185,1
28495138,4847,422185,1
28495138,4848,422185,1
28495138,4849,422185,1
28495138,4850,422185,1
484102725,3179,422185,1
524041061,4851,422185,2
524041061,1898,422185,2
524041061,4142,422185,2
41187466,1019,422185,1
727872099403075584,4852,422185,1
727872099403075584,1714,422185,1
31577021,1077,422185,1
20705041,1450,422185,1
20705041,2945,422185,1
20705041,4853,422185,1
169740444,4854,422185,1
20789005,4855,422185,1
960678293157560320,2727,422185,1
704719445168500736,4856,422185,1
704719445168500736,1895,422185,1
3680519782,4857,422185,1
54047677,4857,422185,1
181991754,4275,422185,1
181991754,1307,422185,1
181991754,1677,422185,1
50078242,1033,422185,1
50078242,4858,422185,1
6441322,2970,422185,1
6441322,1287,422185,1
6441322,2971,422185,1
6441322,1264,422185,1
6441322,4859,422185,1
6441322,3398,422185,1
169131469,4860,422185,1
51592560,4861,422185,1
51592560,4862,422185,1
51592560,4863,422185,1
51592560,3603,422185,1
42666285,4105,422186,1
42666285,4106,422186,1
42666285,4864,422186,1
3396746410,2681,422186,1
3396746410,4865,422186,1
3396746410,4866,422186,1
3786757515,4867,422186,1
51592560,4861,422186,1
51592560,3522,422186,1
51592560,4862,422186,1
51592560,4863,422186,1
51592560,3603,422186,1
117517223,2323,422186,1
188684410,4868,422186,1
188684410,1562,422186,1
188684410,4869,422186,1
188684410,2371,422186,1
188684410,4870,422186,1
14745415,4871,422186,1
26587452,4872,422186,1
735974226209869828,4873,422186,1
735974226209869828,3727,422186,1
735974226209869828,4874,422186,1
19902649,1123,422186,1
491965923,4570,422186,2
491965923,4875,422186,1
491965923,4741,422186,2
167691099,1104,422186,1
799316850047913984,4876,422186,1
278270169,4877,422186,1
36815578,1842,422186,1
36815578,4759,422186,1
36815578,4760,422186,1
609692778,4878,422186,1
609692778,4879,422186,1
609692778,4880,422186,1
491965923,1684,422186,1
491965923,4881,422186,1
491965923,4573,422186,1
390303951,4882,422186,1
390303951,4883,422186,1
390303951,4332,422186,1
390303951,4333,422186,1
390303951,4335,422186,1
390303951,3385,422186,1
390303951,4884,422186,1
23189306,2578,422186,1
23189306,4384,422186,1
443056507,2266,422186,1
2267807461,4885,422186,4
2267807461,4886,422186,4
2267807461,1679,422186,4
2267807461,1512,422186,4
2267807461,1171,422186,4
2267807461,1807,422186,4
2267807461,4887,422186,4
2267807461,1099,422186,4
2267807461,4888,422186,4
536838736,4889,422186,1
29184283,4890,422186,1
29184283,4891,422186,1
29184283,4892,422186,1
3121750933,1014,422186,1
3121750933,1015,422186,1
3121750933,2229,422186,1
3121750933,2230,422186,1
54780602,4893,422186,1
54780602,4894,422186,2
54780602,3084,422186,1
54780602,4895,422186,1
42666285,4896,422187,1
42666285,4842,422187,1
25643321,4897,422187,1
516801659,4898,422187,1
516801659,1877,422187,1
31577021,1077,422187,1
23092382,1104,422187,1
443056507,2186,422187,1
443056507,2266,422187,1
443056507,4899,422187,1
443056507,2517,422187,1
237514324,4900,422187,1
237514324,4901,422187,1
237514324,4902,422187,1
237514324,4903,422187,1
19167916,1104,422187,1
54780602,4904,422187,1
54780602,4905,422187,1
54780602,4906,422187,1
889605598886715392,4907,422187,1
237514324,4908,422187,1
237514324,1019,422187,1
237514324,3632,422187,1
237514324,2514,422187,1
237514324,4909,422187,1
237514324,2249,422187,1
54780602,1264,422187,1
54780602,1903,422187,1
54780602,4910,422187,1
69398066,4911,422187,1
50073427,1993,422187,1
50073427,4780,422187,1
50073427,4781,422187,1
16541331,4912,422187,1
16541331,4456,422187,1
980837186,2406,422187,1
1283002441,1501,422187,1
1283002441,1502,422187,1
33976616,4913,422187,1
33976616,3845,422187,1
891291023397212160,4914,422187,1
190900921,1648,422187,1
190900921,4915,422187,1
11007892,4916,422187,1
11007892,4917,422187,1
31050688,2083,422187,1
31050688,4331,422187,1
31050688,2251,422187,1
31050688,1388,422187,1
31050688,3163,422187,1
31050688,4918,422187,1
31050688,4661,422187,1
31050688,4919,422187,1
6441322,4920,422187,1
6441322,2222,422187,1
6441322,1300,422187,1
6441322,2596,422187,1
42666285,4921,422188,1
42666285,4843,422188,1
42666285,4842,422188,1
23574435,4922,422188,1
549394713,2905,422188,1
549394713,4923,422188,1
549394713,4924,422188,1
549394713,4925,422188,1
549394713,4926,422188,1
209251530,4927,422188,1
209251530,1269,422188,1
90903507,1198,422188,1
90903507,1199,422188,1
842150204925198337,4928,422188,1
842150204925198337,4929,422188,1
35326240,4930,422188,1
35326240,2404,422188,1
35326240,4931,422188,1
2421458276,4932,422188,1
2421458276,1090,422188,1
2421458276,4933,422188,1
2421458276,4934,422188,1
2421458276,4935,422188,1
110499296,1189,422188,1
110499296,1287,422188,1
110499296,4936,422188,1
110499296,1617,422188,2
110499296,4937,422188,1
21144991,4938,422188,1
973064810,4939,422188,1
973064810,4940,422188,1
973064810,4941,422188,1
973064810,4942,422188,1
973064810,4943,422188,1
154787745,1813,422188,1
305607889,4944,422188,1
305607889,4945,422188,1
1727080993,4946,422188,1
1727080993,4947,422188,1
1727080993,4948,422188,1
1727080993,1863,422188,1
24564640,4949,422188,1
821942989778026496,1176,422188,1
821942989778026496,1240,422188,1
22194996,1322,422188,1
22194996,4950,422188,1
22194996,4951,422188,1
22194996,4952,422188,1
22194996,4953,422188,1
2267807461,1726,422188,3
2267807461,1727,422188,3
2267807461,1728,422188,3
2267807461,1729,422188,3
2267807461,1730,422188,3
2267807461,1731,422188,3
2267807461,1732,422188,3
2267807461,1733,422188,3
267903983,1654,422188,1
55060987,4954,422188,1
55060987,4955,422188,1
92186516,3632,422188,1
859487190,4956,422188,1
2535617493,4957,422188,1
42332697,4958,422188,1
42666285,4843,422189,1
42666285,4921,422189,1
42666285,4842,422189,1
799708890791178240,1104,422189,1
237514324,1019,422189,1
237514324,4909,422189,1
237514324,2016,422189,1
237514324,2114,422189,1
237514324,3170,422189,1
237514324,4331,422189,1
66347418,1434,422189,1
66347418,4558,422189,1
25596302,3694,422189,1
25596302,1269,422189,1
25596302,4959,422189,1
25596302,4960,422189,1
25596302,4961,422189,1
25596302,3879,422189,1
25596302,1063,422189,2
25596302,4962,422189,1
25596302,4963,422189,1
227767298,4964,422189,1
227767298,4965,422189,1
227767298,4966,422189,1
2898008660,1534,422189,1
821942989778026496,1176,422189,1
821942989778026496,1240,422189,1
821942989778026496,1241,422189,1
821942989778026496,3171,422189,1
524041061,4851,422189,1
41823305,4119,422189,1
188684410,4967,422189,1
188684410,4968,422189,1
188684410,4969,422189,1
188684410,4970,422189,1
188684410,4971,422189,1
188684410,4972,422189,1
188684410,4973,422189,1
188684410,1562,422189,2
188684410,1563,422189,1
188684410,2468,422189,1
188684410,1565,422189,1
1024957045,2280,422189,1
1024957045,4974,422189,1
353194903,1412,422189,1
484102725,3179,422189,1
188684410,4975,422190,1
42666285,4921,422190,1
42666285,4976,422190,1
30020669,4977,422190,1
30020669,2444,422190,1
30020669,4978,422190,1
30020669,4979,422190,1
30020669,1263,422190,1
30020669,4980,422190,1
30020669,1555,422190,1
188684410,3139,422190,1
188684410,3142,422190,1
115240486,4981,422190,1
115240486,1331,422190,1
115240486,4982,422190,1
115240486,1263,422190,1
27822518,4983,422190,1
188684410,1563,422190,1
188684410,1562,422190,1
188684410,1565,422190,1
373038991,3072,422190,1
373038991,4984,422190,1
373038991,4985,422190,1
373038991,4986,422190,1
179682563,4987,422190,1
188684410,2371,422190,2
188684410,4988,422190,2
188684410,4989,422190,2
188684410,4990,422190,1
188684410,4991,422190,2
821942989778026496,1176,422190,1
821942989778026496,1240,422190,1
821942989778026496,1241,422190,1
188684410,4992,422190,1
19245314,4993,422190,1
19245314,1898,422190,1
19245314,2892,422190,1
19245314,1720,422190,1
19245314,4994,422190,2
19245314,4995,422190,1
19245314,1098,422190,1
2457278850,1538,422190,1
2457278850,2897,422190,1
2457278850,1967,422190,1
2457278850,2898,422190,1
2457278850,4996,422190,1
2457278850,4997,422190,1
2457278850,3770,422190,1
2457278850,4593,422190,1
27822518,4998,422190,1
303281594,4999,422190,1
303281594,1348,422190,1
2802988027,5000,422190,1
2802988027,5001,422190,1
2802988027,5002,422190,1
2802988027,2065,422190,1
2802988027,5003,422190,1
2802988027,5004,422190,1
42666285,5005,422191,1
42666285,4842,422191,1
484102725,3179,422191,1
516801659,5006,422191,1
516801659,4751,422191,1
516801659,5007,422191,1
516801659,3204,422191,1
516801659,1043,422191,1
848738334,4171,422191,1
22027194,5008,422191,1
22027194,5009,422191,1
22027194,5010,422191,1
22027194,1062,422191,1
22027194,5011,422191,1
22027194,5012,422191,1
188684410,1562,422191,3
188684410,2468,422191,1
188684410,1584,422191,2
188684410,5013,422191,1
188684410,1565,422191,2
188684410,5014,422191,1
188684410,5015,422191,1
188684410,4967,422191,1
188684410,5016,422191,1
188684410,5017,422191,1
188684410,5018,422191,1
188684410,1563,422191,1
65341634,3483,422191,3
65341634,4994,422191,1
15339555,5019,422191,1
15339555,5020,422191,1
188684410,5021,422191,1
188684410,5022,422191,1
3040469950,1090,422191,1
3040469950,1674,422191,1
3040469950,2078,422191,1
3040469950,4897,422191,1
3040469950,5023,422191,1
3040469950,1403,422191,1
36815578,5024,422191,1
702367482,5025,422191,1
702367482,5026,422191,1
702367482,5027,422191,1
702367482,5028,422191,1
702367482,5029,422191,1
42666285,4976,422192,1
42666285,4843,422192,1
42666285,4842,422192,1
19835747,3369,422192,1
19835747,5030,422192,1
19835747,5031,422192,1
19835747,5032,422192,1
19835747,5033,422192,1
19835747,5034,422192,1
19835747,1063,422192,1
31390790,5035,422192,2
188684410,5013,422192,1
188684410,1562,422192,2
188684410,1564,422192,1
188684410,1565,422192,1
29776821,5036,422192,1
29776821,1331,422192,1
29776821,5037,422192,1
29776821,5038,422192,1
29776821,1389,422192,1
42666285,4976,422193,1
42666285,4841,422193,1
188684410,4598,422193,1
188684410,5039,422193,1
188684410,3758,422193,1
188684410,5040,422193,1
188684410,5041,422193,1
188684410,1654,422193,1
188684410,1648,422193,1
188684410,5042,422193,1
27574314,5043,422193,1
27574314,5044,422193,1
2797274671,5045,422193,1
2797274671,5046,422193,1
2797274671,1885,422193,2
2797274671,5047,422193,1
2797274671,1085,422193,2
2797274671,5048,422193,2
2797274671,5049,422193,1
42666285,5050,422194,1
42666285,4921,422194,1
42666285,4896,422194,1
2797274671,5051,422194,1
2797274671,1885,422194,3
2797274671,5047,422194,1
2797274671,1085,422194,2
2797274671,5048,422194,1
2797274671,5052,422194,1
2797274671,5053,422194,1
2797274671,5054,422194,1
2797274671,5055,422194,1
2797274671,1830,422194,1
2797274671,5056,422194,1
2797274671,5057,422194,1
2797274671,1101,422194,1
2797274671,5058,422194,1
2797274671,5059,422194,1
2797274671,1036,422194,1
2797274671,3248,422194,2
2797274671,4667,422194,1
2797274671,1300,422194,3
2797274671,5060,422194,1
2797274671,5061,422194,1
2797274671,5062,422194,1
2797274671,5063,422194,1
2797274671,5064,422194,1
2797274671,5065,422194,1
2797274671,4492,422194,1
2797274671,2630,422194,1
2797274671,5066,422194,1
2797274671,1062,422194,2
2797274671,5067,422194,1
2797274671,5068,422194,1
2797274671,5069,422194,1
2797274671,5070,422194,1
2797274671,5071,422194,1
2155897448,1602,422194,2
2155897448,1188,422194,1
2155897448,1605,422194,1
2155897448,1603,422194,1
2155897448,2630,422194,1
2155897448,2207,422194,1
2155897448,5072,422194,1
2155897448,3318,422194,1
2797274671,5073,422194,2
2797274671,5074,422194,1
2797274671,5075,422194,1
2797274671,5076,422194,1
2797274671,2826,422194,1
2797274671,5077,422194,1
2797274671,5078,422194,1
2797274671,5079,422194,1
2797274671,5080,422194,1
2797274671,5081,422194,1
2797274671,1288,422194,1
2797274671,5082,422194,1
2797274671,2078,422194,1
2797274671,5083,422194,1
2797274671,3928,422194,1
2797274671,4014,422194,1
2797274671,1627,422194,1
2797274671,1967,422194,1
2797274671,1977,422194,1
188684410,5084,422194,1
188684410,3758,422194,1
16966202,5085,422195,1
162805587,5086,422195,1
162805587,2135,422195,1
162805587,2136,422195,1
162805587,5087,422195,1
162805587,2138,422195,1
18531506,1679,422195,2
18531506,5088,422195,1
18531506,2799,422195,2
18531506,5089,422195,1
18531506,1944,422195,1
558163732,2083,422195,1
558163732,4446,422195,1
558163732,4443,422195,1
558163732,5090,422195,1
558163732,4445,422195,1
558163732,4447,422195,1
558163732,5091,422195,1
2355899927,1648,422195,1
2355899927,5092,422195,1
51903296,1648,422195,1
51903296,1648,422196,2
35326240,4397,422196,1
35326240,5093,422196,1
47722290,5094,422196,1
47722290,4700,422196,1
944675174686904320,1841,422196,1
944675174686904320,5095,422196,1
944675174686904320,5096,422196,1
2308212777,1879,422196,1
205754032,5097,422196,1
205754032,1062,422196,1
205754032,5098,422196,1
292992978,2343,422196,1
292992978,1680,422196,1
292992978,3322,422196,1
292992978,3323,422196,1
292992978,5099,422196,1
292992978,1621,422196,1
2267807461,4885,422196,1
2267807461,4886,422196,1
2267807461,1679,422196,1
2267807461,1512,422196,1
2267807461,1171,422196,1
2267807461,1807,422196,1
2267807461,4887,422196,1
2267807461,1099,422196,1
2267807461,4888,422196,1
15985057,2414,422196,1
423862419,5100,422196,1
973064810,1215,422196,1
973064810,5101,422196,1
973064810,5102,422196,1
973064810,3903,422196,1
973064810,5103,422196,1
973064810,5104,422196,1
973064810,4416,422196,1
973064810,5105,422196,1
20715016,5106,422196,1
20715016,5107,422196,1
2373592552,1104,422196,1
2373592552,3179,422196,1
2373592552,5108,422196,1
2373592552,5109,422196,1
35326240,3103,422196,1
452483362,5110,422196,1
452483362,5111,422196,1
452483362,1778,422196,1
452483362,5112,422196,1
452483362,5113,422196,1
2904795817,5114,422196,1
2904795817,3144,422196,1
39330000,1648,422196,1
154787745,1813,422196,1
35326240,5115,422196,1
42666285,4896,422197,1
42666285,4842,422197,1
452483362,3739,422197,1
452483362,2455,422197,1
29429561,3653,422197,1
29429561,5116,422197,1
29429561,3994,422197,1
29429561,3701,422197,1
29429561,5117,422197,1
29429561,5118,422197,1
2503014576,5119,422197,1
2503014576,4295,422197,1
25316500,5120,422197,1
25316500,1861,422197,1
25316500,5121,422197,1
15963168,1648,422197,1
29493760,2183,422197,1
29493760,5122,422197,1
2797274671,5123,422197,1
2797274671,5124,422197,1
2797274671,5125,422197,1
2797274671,5126,422197,1
2797274671,1062,422197,1
2797274671,5008,422197,1
2797274671,5127,422197,1
2797274671,5128,422197,1
2797274671,5129,422197,1
116072145,4419,422197,1
1376002572,5130,422197,1
1376002572,5131,422197,1
1376002572,5132,422197,1
116072145,1308,422197,1
116072145,5133,422197,1
801479481797902337,1774,422197,1
801479481797902337,2587,422197,1
29493760,5134,422197,1
205754032,2083,422197,2
205754032,5135,422197,2
205754032,5136,422197,2
536838736,3335,422197,1
536838736,1823,422197,2
536838736,1079,422197,2
536838736,1824,422197,1
536838736,3336,422197,1
27066927,1104,422197,3
27066927,5137,422197,1
18602973,5138,422197,1
18602973,5139,422197,1
18602973,5140,422197,1
18602973,5141,422197,1
18602973,5142,422197,1
84210406,1648,422197,1
84210406,5143,422197,1
944675174686904320,5144,422197,1
944675174686904320,1841,422197,1
147732497,5145,422197,1
147732497,5146,422197,1
262216184,2011,422197,1
262216184,5147,422197,1
262216184,1909,422197,1
262216184,1747,422197,1
262216184,5148,422197,1
262216184,5149,422197,1
126344860,1648,422197,1
536838736,5150,422197,1
42666285,5151,422198,1
42666285,4842,422198,1
42666285,4843,422198,1
75719630,5152,422198,1
2382992022,5153,422198,1
2382992022,5154,422198,1
2382992022,3495,422198,1
2382992022,2811,422198,1
2382992022,5155,422198,1
25946477,5156,422198,1
25946477,5157,422198,1
201139912,1417,422198,1
254707873,5158,422198,1
254707873,1925,422198,1
254707873,4614,422198,1
254707873,5159,422198,1
36150464,5160,422198,1
36150464,5161,422198,1
15072282,5162,422198,1
529578971,5163,422198,1
529578971,4984,422198,1
33976616,5164,422198,1
33976616,5165,422198,1
154787745,1813,422198,2
154787745,1814,422198,2
154787745,1909,422198,1
3197469024,1936,422198,1
3197469024,3688,422198,1
3197469024,5166,422198,1
3197469024,5167,422198,1
3197469024,3979,422198,1
3197469024,5168,422198,1
3197469024,5169,422198,1
3197469024,5170,422198,1
46753368,5171,422198,1
33332954,1648,422198,1
33332954,5172,422198,1
727872099403075584,1214,422198,1
727872099403075584,1264,422198,1
19612870,1648,422198,1
19612870,1654,422198,1
871861079009357824,4280,422198,1
871861079009357824,5173,422198,1
871861079009357824,2042,422198,1
871861079009357824,5174,422198,1
2196449497,1056,422198,1
30443179,4599,422198,1
30443179,5175,422198,1
16039183,5176,422198,1
16039183,1224,422198,1
418067114,1648,422198,1
253163980,5177,422198,1
253163980,1774,422198,1
253163980,5178,422198,1
253163980,3464,422198,1
448481905,4150,422198,1
448481905,3385,422198,1
448481905,3471,422198,1
448481905,4754,422198,1
292576861,5179,422198,1
292576861,4150,422198,1
292576861,5180,422198,1
292576861,5181,422198,1
292576861,5182,422198,1
292576861,5183,422198,1
292576861,4541,422198,1
116072145,5184,422198,1
116072145,1308,422198,1
116072145,5185,422198,1
116072145,3986,422198,1
116072145,5186,422198,1
116072145,5187,422198,1
116072145,5188,422198,1
116072145,5189,422198,1
116072145,5190,422198,1
122241417,5191,422198,1
50566254,3496,422199,1
50566254,5192,422199,1
50566254,3412,422199,1
50566254,5193,422199,1
50566254,5194,422199,1
50566254,2251,422199,1
253163980,2630,422199,1
253163980,5195,422199,1
253163980,5196,422199,1
253163980,5025,422199,1
253163980,1062,422199,1
253163980,5197,422199,1
62583356,1189,422199,1
62583356,5198,422199,1
36186797,5199,422199,2
36186797,5200,422199,2
22324461,3807,422199,1
22324461,3907,422199,1
36186797,5201,422199,1
816657025308459008,1786,422199,1
872881071771324416,5202,422199,1
872881071771324416,5203,422199,1
390641266,1372,422199,1
390641266,1373,422199,1
390641266,1374,422199,1
390641266,1375,422199,1
333448200,5204,422199,1
92186516,1515,422199,1
92186516,5205,422199,1
92186516,5206,422199,1
92186516,5207,422199,1
54047677,5208,422199,1
14220191,1421,422199,2
14220191,1422,422199,2
14220191,1423,422199,2
14220191,1424,422199,2
116747298,5209,422199,1
3680519782,5208,422199,1
60811614,5210,422199,1
60811614,5211,422199,1
544011986,5212,422199,1
544011986,5213,422199,1
544011986,5214,422199,1
544011986,5215,422199,1
544011986,4786,422199,1
41823305,1648,422199,1
41823305,5216,422199,1
41823305,5217,422199,1
41823305,1287,422199,1
41823305,4119,422199,1
342534432,5191,422199,1
402947402,5218,422199,1
3160486188,5219,422199,1
3160486188,5220,422199,1
3160486188,5221,422199,1
3160486188,2561,422199,1
2858164880,5222,422199,1
821942989778026496,1176,422199,2
821942989778026496,1240,422199,2
821942989778026496,1241,422199,1
1256969887,5223,422199,1
338400068,5224,422199,1
219060990,5225,422199,1
219060990,5226,422199,1
2214382729,5227,422199,1
2214382729,5228,422199,1
24978195,2608,422199,1
29098282,5229,422199,1
29098282,5230,422199,1
29098282,1648,422199,1
142931832,4156,422199,1
142931832,1156,422199,1
55348953,1648,422199,1
251925254,5231,422199,1
251925254,5232,422199,1
251925254,5233,422199,1
251925254,5234,422199,1
48278004,1731,422199,1
452483362,5235,422199,1
821942989778026496,1176,422200,3
821942989778026496,1240,422200,3
821942989778026496,1241,422200,2
821942989778026496,5236,422200,2
42666285,4842,422200,1
42666285,5237,422200,1
42666285,5151,422200,1
42666285,4843,422200,1
22376855,5238,422200,1
22376855,3370,422200,1
22376855,3939,422200,1
2582348310,5239,422200,1
227943437,5240,422200,1
19640448,1001,422200,1
19640448,5241,422200,1
19640448,5242,422200,1
19640448,5243,422200,1
117828219,5244,422200,1
262216184,5245,422200,1
262216184,5246,422200,1
262216184,5247,422200,1
262216184,3492,422200,1
960678293157560320,1861,422200,1
960678293157560320,5248,422200,1
27822518,2083,422200,1
90903507,1104,422200,1
90903507,5249,422200,1
90903507,5250,422200,1
90903507,5251,422200,1
2713071986,5252,422200,1
2713071986,5253,422200,1
2713071986,5254,422200,1
181991754,2579,422200,1
1447208906,5255,422200,1
1447208906,5256,422200,1
1447208906,5257,422200,1
21826629,2901,422200,1
29493760,5258,422200,1
29493760,5259,422200,1
29493760,1900,422200,1
1400802510,2141,422200,1
1400802510,5260,422200,1
32721230,1648,422200,1
32721230,1350,422200,1
32721230,5261,422200,1
32721230,5262,422200,1
16320537,3545,422200,1
16320537,1282,422200,2
269567706,5263,422200,1
2457278850,1538,422200,1
2457278850,4158,422200,1
2457278850,5264,422200,1
2457278850,5265,422200,1
2457278850,5266,422200,1
2457278850,5267,422200,1
2523625741,1648,422200,1
2523625741,5268,422200,1
27822518,5269,422200,1
22756869,5270,422200,1
49012634,5271,422200,1
3160486188,5272,422200,1
3160486188,5273,422200,1
3160486188,5274,422200,1
3160486188,5275,422200,1
3160486188,2561,422200,1
3160486188,5276,422200,1
3160486188,1863,422200,1
3160486188,1205,422200,1
448481905,5277,422200,6
448481905,5278,422200,1
448481905,5279,422200,1
24379802,5280,422200,1
24379802,5281,422200,1
24379802,5282,422200,1
17826102,2083,422200,1
17826102,5283,422200,1
751849229522444288,1654,422200,1
145391869,1648,422200,1
145391869,5284,422200,1
440936933,3939,422200,1
440936933,5285,422200,1
440936933,1192,422200,1
440936933,1207,422200,1
440936933,1208,422200,1
42666285,4921,422201,1
42666285,4842,422201,1
42666285,4841,422201,1
33220557,2906,422201,1
33220557,2907,422201,1
33220557,2908,422201,1
33220557,2909,422201,1
181991754,1163,422201,1
181991754,2579,422201,1
29802659,5286,422201,1
29802659,5287,422201,1
29802659,1737,422201,1
29802659,5288,422201,1
29802659,5289,422201,1
29802659,1062,422201,1
29802659,1269,422201,1
16320537,3544,422201,1
964288442917146624,5290,422201,1
964288442917146624,5291,422201,1
964288442917146624,5292,422201,1
964288442917146624,3522,422201,1
964288442917146624,3521,422201,1
33332954,5293,422201,1
16574620,5294,422201,1
16574620,5295,422201,1
16574620,5296,422201,1
3121750933,1014,422201,1
3121750933,1015,422201,1
3121750933,2229,422201,1
3121750933,2230,422201,1
3121750933,2231,422201,1
3121750933,2232,422201,1
623739419,5297,422201,1
623739419,5298,422201,1
623739419,5299,422201,1
623739419,3332,422201,1
24908567,1413,422201,1
2876946738,5300,422201,1
2876946738,5301,422201,1
2876946738,1272,422201,1
2382992022,1983,422201,1
2382992022,3495,422201,1
2382992022,5155,422201,1
2382992022,5302,422201,1
2382992022,2811,422201,1
821942989778026496,1176,422201,2
821942989778026496,1240,422201,1
821942989778026496,1241,422201,1
154787745,1813,422201,1
154787745,1814,422201,1
154787745,1815,422201,1
417557721,3504,422201,1
417557721,5303,422201,1
36186797,4353,422201,1
18602973,5304,422201,1
18602973,1404,422201,1
18602973,1403,422201,1
18602973,5305,422201,1
18602973,2292,422201,1
18602973,5306,422201,1
18602973,4073,422201,1
40658194,5307,422201,1
3318266650,2501,422201,1
3318266650,5308,422201,1
881248646,2083,422201,1
771875172697640964,5309,422201,1
1325882898,5310,422201,1
2373592552,5311,422201,1
2373592552,5312,422201,1
2373592552,5313,422201,1
2373592552,5314,422201,1
2373592552,5315,422201,1
2373592552,5316,422201,1
2373592552,5317,422201,1
2373592552,5318,422201,1
91651154,2648,422202,1
19291664,1475,422202,1
19291664,4969,422202,1
19291664,5319,422202,1
478153272,2161,422202,2
478153272,4267,422202,2
338482006,1335,422202,1
338482006,5320,422202,1
338482006,5321,422202,1
338482006,5322,422202,1
338482006,5323,422202,1
338482006,5324,422202,1
338482006,5325,422202,1
50799942,3964,422202,1
50799942,3965,422202,1
3072860086,3524,422202,1
92186516,3632,422202,1
92186516,5326,422202,1
92186516,1515,422202,1
92186516,1461,422202,1
24564640,5204,422202,1
22324461,3807,422202,3
22324461,3907,422202,3
22324461,5327,422202,1
22324461,5328,422202,1
2899501815,5329,422202,1
2899501815,5330,422202,1
2517825155,5331,422202,1
2517825155,1645,422202,1
2517825155,5332,422202,1
2517825155,5333,422202,1
2517825155,5334,422202,1
19284486,1032,422202,1
2180539082,1503,422202,1
2180539082,1564,422202,1
2180539082,1472,422202,1
727872099403075584,5335,422202,1
727872099403075584,5336,422202,1
33220557,2906,422202,1
33220557,2907,422202,1
33220557,2908,422202,1
69405550,5337,422202,1
69405550,5338,422202,1
69405550,5339,422202,1
69405550,5340,422202,1
78683047,1648,422202,1
78683047,1138,422202,1
3086338765,1890,422202,1
3086338765,1891,422202,1
3086338765,5341,422202,1
162805587,2135,422202,1
162805587,5342,422202,1
162805587,5343,422202,1
162805587,5344,422202,1
162805587,5345,422202,1
2503014576,5346,422202,1
2503014576,5347,422202,1
2503014576,5348,422202,1
2503014576,5349,422202,1
20967892,5350,422203,1
20967892,1214,422203,1
20967892,5351,422203,1
20967892,5352,422203,1
20967892,5353,422203,1
20967892,5354,422203,1
28236386,1104,422203,1
27988946,1774,422203,1
27988946,1944,422203,1
27988946,2083,422203,1
181991754,5355,422203,1
181991754,1307,422203,1
181991754,1677,422203,1
727872099403075584,5356,422203,1
727872099403075584,3337,422203,1
1145581525,1080,422203,1
1145581525,1079,422203,1
1145581525,5357,422203,1
1145581525,5358,422203,1
27574314,2347,422203,1
27574314,5359,422203,1
27574314,5360,422203,1
27574314,5361,422203,1
804001512229847040,4073,422203,1
804001512229847040,5362,422203,1
158284320,1648,422203,1
593434215,1214,422203,1
593434215,5363,422203,1
593434215,5364,422203,1
593434215,5365,422203,1
593434215,2955,422203,1
593434215,5366,422203,1
536838736,5367,422203,1
403577687,5368,422203,1
403577687,5369,422203,1
403577687,1404,422203,1
403577687,2629,422203,1
403577687,5370,422203,1
403577687,1403,422203,1
20667173,5371,422203,1
20667173,4618,422203,1
20667173,5372,422203,1
20667173,5373,422203,1
188684410,3758,422203,2
188684410,5084,422203,2
188684410,5374,422203,1
213313491,4311,422203,1
42666285,5237,422204,1
42666285,5375,422204,1
42666285,4842,422204,1
42666285,4976,422204,1
11550302,5376,422204,1
20667173,5377,422204,1
20667173,4618,422204,1
20667173,5378,422204,2
20667173,5379,422204,2
20667173,2292,422204,2
20667173,1404,422204,2
91044313,5380,422204,1
91044313,5381,422204,1
91044313,5382,422204,1
91044313,1085,422204,2
91044313,3470,422204,4
18086437,5383,422204,1
31577021,1077,422204,1
121809964,3377,422204,1
121809964,3517,422204,1
91044313,5384,422204,1
91044313,5385,422204,1
91044313,5386,422204,1
91044313,5387,422204,1
28058941,5388,422204,1
28058941,5389,422204,1
28058941,1648,422204,1
28058941,5390,422204,1
188684410,5391,422204,1
188684410,1568,422204,1
3396746410,5144,422204,1
91044313,5392,422204,1
91044313,5393,422204,1
91044313,5394,422204,1
91044313,5395,422204,1
2674128810,1648,422204,1
91044313,5396,422204,1
91044313,1648,422204,1
33332954,5397,422204,1
33332954,1104,422204,1
20667173,5398,422204,1
188684410,1562,422204,1
181991754,1413,422204,1
181991754,1307,422204,1
181991754,1677,422204,1
26198700,2803,422204,1
2357204103,1855,422204,1
2357204103,1156,422204,1
2357204103,5399,422204,1
15601656,5400,422204,1
3121750933,1014,422204,1
3121750933,1015,422204,1
3121750933,2229,422204,1
3121750933,2230,422204,1
3121750933,2231,422204,1
3121750933,2232,422204,1
3121750933,2610,422204,1
3121750933,2260,422204,1
5246911,5245,422204,1
227943437,1104,422204,1
171615472,5401,422204,1
188684410,3758,422204,1
188684410,5084,422204,1
188684410,5402,422204,1
960678293157560320,1861,422204,1
960678293157560320,3222,422204,1
882703320036499456,1993,422204,1
2382992022,1983,422204,1
2382992022,3776,422204,1
2382992022,5403,422204,1
90903507,1648,422204,1
90903507,5404,422204,1
112498303,3515,422204,1
112498303,1746,422204,1
112498303,5405,422204,1
4117625665,5406,422204,1
27252162,1648,422204,1
27252162,1654,422204,1
27252162,5407,422204,1
292576861,1559,422204,1
292576861,5408,422204,1
292576861,5409,422204,1
292576861,5410,422204,1
179682563,2826,422204,1
30033535,5411,422204,1
30033535,5412,422204,1
30033535,5413,422204,1
30033535,5414,422204,1
25643321,5415,422204,1
49197562,5416,422204,1
49197562,5417,422204,1
49197562,5418,422204,1
49197562,5419,422204,1
49197562,5420,422204,1
42666285,4921,422205,1
42666285,4896,422205,1
42666285,5375,422205,1
42666285,4842,422205,1
274114311,5421,422205,1
274114311,5422,422205,1
274114311,5423,422205,1
274114311,2827,422205,1
274114311,5424,422205,1
384401766,5425,422205,1
2382992022,1983,422205,1
2382992022,5426,422205,1
2382992022,5427,422205,1
2382992022,3495,422205,1
2382992022,5155,422205,1
1410671952,5428,422205,1
1410671952,5429,422205,1
1410671952,5430,422205,1
188684410,1569,422205,1
188684410,1566,422205,1
23092382,1138,422205,1
143242480,5431,422205,1
143242480,2852,422205,1
25596302,1861,422205,1
25596302,1269,422205,1
25596302,3999,422205,1
25596302,5432,422205,1
25596302,4961,422205,1
25596302,4959,422205,1
25596302,4970,422205,1
25596302,5433,422205,1
25596302,3879,422205,1
25596302,5434,422205,1
1421876382,5435,422205,1
1421876382,1648,422205,1
1421876382,5436,422205,1
1421876382,1512,422205,1
1421876382,5437,422205,1
1421876382,1062,422205,1
1421876382,5438,422205,1
3140768144,5439,422205,1
3140768144,5440,422205,1
188684410,5441,422205,1
1468463726,1621,422205,1
297784467,4786,422205,1
297784467,1101,422205,1
297784467,4822,422205,1
188684410,5442,422205,1
188684410,2492,422205,1
188684410,5443,422205,1
188684410,5444,422205,1
188684410,5017,422205,1
188684410,5445,422205,1
188684410,5446,422205,1
188684410,5447,422205,1
2472747073,5448,422205,1
2472747073,3315,422205,1
2472747073,5449,422205,1
2472747073,5450,422205,1
2472747073,2674,422205,1
2472747073,5451,422205,1
821942989778026496,1176,422205,1
821942989778026496,1240,422205,1
821942989778026496,1241,422205,1
821942989778026496,3171,422205,1
188684410,1568,422205,2
188684410,5452,422205,1
35326240,1648,422205,1
6441322,2970,422205,1
6441322,5453,422205,1
6441322,3398,422205,1
6441322,2971,422205,1
6441322,1264,422205,1
6441322,3399,422205,1
118544609,4694,422205,1
118544609,5454,422205,1
118544609,5455,422205,1
2359276945,1104,422205,1
11007892,1898,422205,1
11007892,5456,422205,1
23824743,1062,422205,1
23824743,2083,422205,1
23824743,5457,422205,1
23824743,4903,422205,1
188684410,5458,422205,1
2905271914,2494,422205,1
517171787,5459,422205,1
517171787,5460,422205,1
517171787,5461,422205,1
1087177766,2959,422205,1
1087177766,1863,422205,1
1087177766,5462,422205,1
1087177766,2962,422205,1
1872623130,5463,422205,1
1872623130,5464,422205,1
1872623130,5465,422205,1
42495288,5466,422205,1
42495288,2010,422205,1
42495288,3431,422205,1
42495288,5467,422205,1
42495288,5468,422205,1
29802659,1269,422205,1
29802659,1062,422205,1
29802659,4150,422205,1
42666285,4921,422206,1
42666285,4976,422206,1
42666285,4842,422206,1
42666285,5151,422206,1
23112554,1809,422206,2
23112554,1826,422206,1
23112554,5469,422206,2
23112554,1298,422206,2
23112554,1879,422206,1
23112554,5470,422206,1
4747772716,5471,422206,1
4747772716,5472,422206,1
4747772716,2171,422206,1
4747772716,5473,422206,1
49197562,5474,422206,1
49197562,4903,422206,2
49197562,5475,422206,1
49197562,5476,422206,1
49197562,5477,422206,1
181991754,1163,422206,1
181991754,2579,422206,1
23112554,2083,422206,1
23112554,1214,422206,1
23112554,5478,422206,1
23112554,5479,422206,1
452483362,5480,422206,1
452483362,5481,422206,1
452483362,5482,422206,1
452483362,5483,422206,2
23112554,3587,422206,1
23112554,1827,422206,1
75642091,1104,422206,1
126344860,5484,422206,1
2267807461,4885,422206,1
2267807461,4886,422206,1
2267807461,1679,422206,1
2267807461,1512,422206,1
2267807461,1171,422206,1
2267807461,1807,422206,1
2267807461,4887,422206,1
2267807461,1099,422206,1
2267807461,4888,422206,1
415242072,5485,422206,1
415242072,5486,422206,1
415242072,1919,422206,1
452483362,5487,422206,1
452483362,5488,422206,1
81445426,1648,422206,1
268283923,5489,422206,1
268283923,1186,422206,1
268283923,5490,422206,1
268283923,1404,422206,1
268283923,5491,422206,1
268283923,3808,422206,1
268283923,5492,422206,1
21915938,1104,422206,1
23112554,5493,422206,1
23112554,3597,422206,1
23112554,3598,422206,1
23112554,3588,422206,1
315540458,5494,422206,1
63878566,2678,422206,1
42934269,5495,422206,1
42934269,5496,422206,1
6441322,2970,422206,1
6441322,5453,422206,1
6441322,3398,422206,1
6441322,2971,422206,1
6441322,1264,422206,1
6441322,3399,422206,1
152322280,1648,422206,1
152322280,1271,422206,1
152322280,4511,422206,1
152322280,5497,422206,1
31509150,5498,422206,1
31509150,5499,422206,1
2848744601,5500,422206,1
516586981,1838,422206,1
944675174686904320,2260,422206,1
1024957045,5501,422206,1
1024957045,5502,422206,1
1024957045,1991,422206,1
158284320,3099,422111,1
190480771,1221,422111,1
821942989778026496,1176,422111,1
821942989778026496,1240,422111,1
821942989778026496,1241,422111,1
821942989778026496,1242,422111,1
821942989778026496,3171,422111,1
889605598886715392,3633,422111,1
787894387,5503,422111,1
19742620,5504,422111,1
84261498,1104,422111,1
35135320,1731,422111,1
63878566,5505,422111,1
63878566,4028,422111,1
63878566,1498,422111,1
91044313,3500,422111,1
91044313,5506,422111,1
91044313,5507,422111,1
361188508,4254,422111,1
361188508,5508,422111,1
361188508,5509,422111,1
165939924,3949,422111,1
165939924,4553,422111,1
165939924,4554,422111,1
165939924,1807,422111,1
165939924,2434,422111,1
165939924,3588,422111,1
216737404,5510,422111,1
216737404,1497,422111,1
1024957045,5511,422111,1
1024957045,5512,422111,1
1024957045,2280,422111,1
53694392,5513,422111,1
53694392,5514,422111,1
3086338765,1890,422111,1
3086338765,1891,422111,1
3086338765,2683,422111,1
3086338765,2073,422111,1
1003331059,5515,422111,1
940636298980847616,5516,422111,1
940636298980847616,5517,422111,1
2691882793,5518,422111,1
2691882793,5519,422111,1
2691882793,5520,422111,1
2691882793,4978,422111,1
2691882793,5521,422111,1
2691882793,1263,422111,1
2691882793,5522,422111,1
2691882793,3667,422111,1
521978260,5523,422111,1
521978260,5524,422111,1
16039183,2623,422111,1
16039183,1224,422111,1
16039183,1225,422111,1
16039183,1226,422111,1
244638666,5525,422111,1
244638666,5526,422111,1
244638666,4557,422111,2
244638666,5527,422111,1
244638666,3250,422111,1
244638666,5528,422111,1
42666285,5529,422112,1
42666285,5530,422112,1
50455354,5531,422112,1
50455354,4456,422112,1
50455354,1903,422112,1
50455354,5532,422112,1
50455354,5533,422112,1
50455354,5534,422112,1
50455354,3203,422112,1
50455354,5535,422112,1
40592323,5536,422112,1
40592323,5537,422112,1
40592323,5538,422112,1
40592323,5539,422112,1
40592323,5540,422112,1
16171365,5541,422112,1
16171365,5542,422112,1
16171365,5543,422112,1
16171365,3342,422112,1
2598881534,3421,422112,1
2598881534,1165,422112,1
2598881534,2292,422112,1
2598881534,5544,422112,1
2598881534,1499,422112,1
2598881534,1944,422112,1
2598881534,4511,422112,1
2598881534,1062,422112,1
19245314,4700,422112,1
19245314,5545,422112,1
19245314,5136,422112,1
19245314,5546,422112,1
19245314,1898,422112,1
2152607782,5547,422112,1
2152607782,5548,422112,1
2152607782,5549,422112,1
2152607782,4340,422112,1
2152607782,5550,422112,1
558163732,1722,422112,1
558163732,4346,422112,1
558163732,4347,422112,1
558163732,4677,422112,1
558163732,4350,422112,1
558163732,5551,422112,1
186669620,5552,422112,1
152322280,3099,422112,1
37581062,5553,422112,1
37581062,5554,422112,1
305607889,3337,422112,1
305607889,3808,422112,1
305607889,5555,422112,1
305607889,5556,422112,1
305607889,5557,422112,1
305607889,5558,422112,1
14690813,3669,422112,1
14690813,5559,422112,1
14690813,5560,422112,1
14690813,1262,422112,1
3279992892,5561,422112,1
16966202,5562,422112,1
16966202,5563,422112,1
16966202,2928,422112,1
16966202,5564,422112,1
16966202,5565,422112,1
16966202,4818,422112,1
16966202,5566,422112,1
91500173,5567,422112,1
91500173,5568,422112,1
91500173,5569,422112,1
91500173,5570,422112,1
91500173,5571,422112,1
91500173,5572,422112,1
256410936,5573,422112,1
503911925,1072,422112,1
503911925,1073,422112,1
503911925,1074,422112,1
503911925,1075,422112,1
503911925,1076,422112,1
40592323,5574,422112,1
729560571410976769,4730,422112,2
925539595957268480,1058,422112,2
925539595957268480,1059,422112,2
925539595957268480,1060,422112,2
925539595957268480,1061,422112,2
925539595957268480,1826,422112,2
925539595957268480,1380,422112,2
925539595957268480,1062,422112,2
925539595957268480,2061,422112,2
925539595957268480,1063,422112,2
33976616,5575,422112,1
33976616,5576,422112,1
33976616,5577,422112,1
33976616,5578,422112,1
14872161,2189,422112,1
14872161,5579,422112,1
14872161,5580,422112,1
14872161,5581,422112,1
55060987,5582,422112,1
833921635946098688,1104,422112,1
222929722,5583,422112,1
222929722,5584,422112,1
848738334,5585,422112,1
121809964,3377,422112,1
27684994,5586,422113,1
27684994,5587,422113,1
340123805,4528,422113,1
340123805,2207,422113,1
340123805,1062,422113,1
18531506,3070,422113,1
18531506,5588,422113,1
18531506,5589,422113,1
3096845622,1269,422113,1
3096845622,5590,422113,1
3096845622,5591,422113,1
91651154,5592,422113,1
940636298980847616,2542,422113,1
940636298980847616,2543,422113,1
940636298980847616,4470,422113,1
940636298980847616,2544,422113,1
940636298980847616,5516,422113,1
940636298980847616,5593,422113,1
1005678613,5594,422113,1
1005678613,5595,422113,1
1005678613,5596,422113,1
1005678613,5597,422113,1
28171706,5598,422113,1
28171706,5599,422113,1
28171706,5600,422113,1
28171706,5601,422113,1
1005678613,5602,422113,1
1005678613,5603,422113,1
1005678613,5604,422113,1
1005678613,5605,422113,1
1005678613,1039,422113,1
1005678613,1021,422113,1
109058588,5606,422113,1
109058588,5607,422113,1
109058588,4691,422113,1
414344537,5608,422113,1
414344537,5609,422113,1
414344537,5610,422113,1
414344537,5611,422113,1
414344537,5612,422113,1
414344537,1898,422113,1
29949380,5613,422113,1
29949380,5614,422113,1
29949380,2830,422113,1
29949380,1532,422113,1
29949380,5615,422113,1
188684410,5616,422113,1
188684410,5617,422113,1
821942989778026496,1176,422113,1
821942989778026496,1240,422113,1
821942989778026496,1241,422113,1
154356369,5618,422113,1
154356369,5619,422113,1
154356369,5620,422113,1
154356369,4479,422113,1
29493760,5621,422113,1
188684410,5622,422113,1
188684410,1562,422113,1
188684410,5623,422113,1
188684410,3099,422113,1
188684410,1565,422113,1
35762101,1331,422113,2
35762101,3773,422113,1
35762101,1287,422113,1
35762101,1622,422113,1
35762101,1263,422113,1
35762101,3799,422113,1
35762101,5044,422113,1
113445843,1760,422113,1
113445843,5624,422113,1
536838736,5625,422113,1
188684410,5626,422114,1
188684410,3139,422114,1
188684410,3099,422114,1
188684410,5627,422114,1
188684410,3142,422114,1
188684410,5628,422114,1
42666285,5629,422114,1
42666285,5630,422114,1
42666285,5631,422114,1
42666285,5632,422114,1
29184283,5633,422114,1
29184283,5634,422114,1
29184283,2337,422114,1
237514324,5635,422114,1
237514324,5636,422114,1
237514324,4909,422114,1
237514324,5127,422114,1
41675272,5637,422114,1
41675272,1622,422114,1
41675272,1264,422114,1
41675272,1287,422114,1
41675272,3770,422114,1
41675272,5638,422114,1
36815578,5639,422114,1
36815578,5640,422114,1
36815578,5641,422114,1
188684410,4619,422114,1
188684410,5642,422114,1
188684410,5643,422114,1
19245314,5644,422114,1
19245314,5645,422114,1
19245314,5646,422114,1
33220557,4743,422114,1
33220557,2906,422114,1
33220557,2907,422114,1
33220557,2908,422114,1
33220557,2909,422114,1
33220557,2910,422114,1
4899455363,5647,422114,1
4899455363,5648,422114,1
4899455363,5649,422114,1
4899455363,5650,422114,1
626746296,5651,422114,1
2298191316,5652,422114,1
23644966,5653,422114,1
23644966,3777,422114,2
23644966,3778,422114,1
23644966,5654,422114,1
20967892,5655,422114,1
92186516,5656,422114,1
29407646,5657,422114,1
29407646,5658,422114,1
29407646,2800,422114,1
23112554,5659,422114,1
23112554,5660,422114,1
23112554,1264,422114,1
21661894,3447,422114,1
23644966,1060,422114,1
27574314,1993,422114,1
27574314,5661,422114,1
27574314,5662,422114,1
23644966,1190,422114,1
3121750933,1014,422114,1
3121750933,1015,422114,1
3121750933,2229,422114,1
3121750933,2230,422114,1
3121750933,2231,422114,1
18531506,1104,422114,1
277674677,5663,422114,1
277674677,5664,422114,1
16574620,5295,422114,1
16574620,5296,422114,1
2308212777,5665,422114,1
42666285,5666,422115,1
42666285,5631,422115,1
42666285,5629,422115,1
42666285,5667,422115,1
823293471184318472,2723,422115,1
20350290,5668,422115,1
2457278850,1538,422115,1
2457278850,1489,422115,1
2457278850,5669,422115,1
2457278850,5670,422115,1
2457278850,1542,422115,1
179682563,5671,422115,1
179682563,3122,422115,1
179682563,5672,422115,1
179682563,5673,422115,1
20350290,5674,422115,1
117747878,3179,422115,1
25544424,5675,422115,1
28517778,5676,422115,1
237514324,3989,422115,1
237514324,3099,422115,1
237514324,1427,422115,1
237514324,3588,422115,1
92186516,5677,422115,1
795650513257791488,1104,422115,1
209251530,5678,422115,1
209251530,5679,422115,1
209251530,5680,422115,1
209251530,5681,422115,1
20667173,1555,422115,1
20667173,1263,422115,1
2964817577,5682,422115,1
16897733,5683,422115,1
14642031,5684,422115,1
2236425122,5685,422115,1
2236425122,1512,422115,1
2236425122,1263,422115,1
42666285,5631,422116,1
42666285,5632,422116,1
42666285,5629,422116,1
42666285,5667,422116,1
1171031450,5686,422116,1
1171031450,5687,422116,1
4117625665,5688,422116,1
4117625665,4315,422116,1
4117625665,3891,422116,1
4117625665,5689,422116,1
4117625665,5690,422116,1
4117625665,5691,422116,1
316700634,3588,422116,1
266364200,5692,422116,1
226113616,3628,422116,1
226113616,5693,422116,1
226113616,5694,422116,1
226113616,5695,422116,1
226113616,4394,422116,1
226113616,2321,422116,1
226113616,5696,422116,1
1283002441,5697,422116,1
1283002441,5698,422116,1
1283002441,5699,422116,1
1283002441,5700,422116,1
1283002441,5701,422116,1
1283002441,5702,422116,1
1878021679,1413,422116,2
1878021679,1450,422116,2
814689635129397252,5703,422116,1
2373592552,2749,422116,1
2373592552,3179,422116,1
2373592552,5704,422116,1
2373592552,5705,422116,1
158284320,3099,422116,1
56700919,5706,422116,1
56700919,5707,422116,1
56700919,1404,422116,2
56700919,5708,422116,1
56700919,5709,422116,1
56700919,1538,422116,1
18531506,5710,422116,1
18531506,5711,422116,1
18531506,5712,422116,1
18531506,5713,422116,1
1878021679,1451,422116,1
141802178,5714,422116,1
29184283,5715,422116,1
29184283,5716,422116,1
29184283,5614,422116,1
4117625665,1192,422117,1
4117625665,5717,422117,1
4117625665,5718,422117,1
235447569,5719,422117,1
82561789,5720,422117,1
82561789,1691,422117,1
82561789,2146,422117,1
188684410,3923,422117,1
2457278850,1538,422117,3
2457278850,5721,422117,1
2457278850,5722,422117,1
32876472,2438,422117,1
32876472,5723,422117,1
32876472,5724,422117,1
32876472,5725,422117,1
32876472,5726,422117,1
32876472,5727,422117,1
32876472,5728,422117,1
188684410,5729,422117,1
2457278850,5730,422117,1
2457278850,5731,422117,1
2457278850,2083,422117,1
27822518,5732,422117,1
27822518,5733,422117,1
147015278,3179,422117,1
147015278,5734,422117,1
188684410,3099,422117,1
188684410,5735,422117,1
188684410,3142,422117,1
188684410,5447,422117,1
188684410,3742,422117,1
188684410,5736,422117,1
188684410,5737,422117,1
188684410,5738,422117,1
188684410,5739,422117,1
2457278850,2897,422117,1
2457278850,1688,422117,1
2457278850,5740,422117,1
2457278850,5741,422117,1
2457278850,5742,422117,1
2457278850,5743,422117,1
188684410,3936,422117,1
188684410,5744,422117,1
188684410,2371,422117,1
23291568,4024,422117,1
42666285,5666,422118,1
42666285,5630,422118,1
42666285,5667,422118,1
42666285,5631,422118,1
1133071056,3483,422118,1
821942989778026496,1176,422118,2
821942989778026496,1240,422118,2
821942989778026496,1241,422118,2
47248291,5128,422118,1
47248291,1571,422118,1
47248291,1572,422118,1
47248291,1573,422118,1
19245314,4187,422118,1
19245314,5745,422118,1
19245314,5746,422118,1
19245314,1043,422118,1
19245314,5747,422118,1
15955769,2750,422118,1
15955769,3179,422118,1
158284320,1104,422118,1
1595223576,5748,422118,1
1595223576,5749,422118,1
960678293157560320,5750,422118,1
960678293157560320,5751,422118,1
188684410,5752,422119,1
188684410,5753,422119,1
188684410,5754,422119,1
188684410,3099,422119,2
188684410,5447,422119,2
42666285,5629,422119,1
42666285,5630,422119,1
42666285,5632,422119,1
42666285,5631,422119,1
188684410,1062,422119,1
188684410,2238,422119,1
16035795,5645,422119,1
16035795,5109,422119,1
522947481,5755,422119,1
522947481,5756,422119,1
188684410,5757,422119,1
188684410,5758,422119,1
188684410,5759,422119,1
19836394,5760,422119,1
19836394,5761,422119,1
188684410,5762,422119,1
188684410,1562,422119,1
188684410,1565,422119,1
1141651788,5763,422119,1
1141651788,1826,422119,1
1141651788,3233,422119,1
724058621022232577,4406,422119,1
724058621022232577,3912,422119,1
724058621022232577,1061,422119,1
110499296,5764,422119,1
110499296,5765,422119,1
110499296,5766,422119,1
110499296,1210,422119,1
42666285,5630,422120,1
42666285,5632,422120,1
42666285,5629,422120,1
46776370,5767,422120,1
46776370,2324,422120,1
188684410,5768,422120,1
188684410,3142,422120,1
188684410,5769,422120,1
188684410,4098,422120,1
2445855570,3303,422120,1
188684410,5770,422120,1
188684410,3759,422120,1
20789005,5771,422120,1
2445855570,5772,422120,2
28751097,2749,422120,1
491965923,4571,422120,1
29184283,5773,422120,1
42666285,5632,422121,1
42666285,5630,422121,1
42666285,5631,422121,1
42666285,5667,422121,1
42666285,5666,422122,1
42666285,5629,422122,1
42666285,5774,422122,1
17035064,5775,422122,1
118544609,5776,422122,1
118544609,5098,422122,1
118544609,5777,422122,1
118544609,5778,422122,1
2797274671,5779,422122,1
2797274671,4693,422122,1
2797274671,5780,422122,1
2797274671,5781,422122,1
2797274671,5782,422122,1
2797274671,4423,422122,1
2797274671,5783,422122,1
2797274671,2504,422122,1
2797274671,2057,422122,1
2797274671,3546,422122,1
16966202,4254,422122,1
42666285,5631,422123,1
42666285,5774,422123,1
42666285,5666,422123,1
138248804,4254,422123,1
503911925,5784,422123,1
503911925,1977,422123,1
503911925,1435,422123,1
503911925,4327,422123,1
20350290,4414,422123,1
37581062,5785,422123,1
28171706,5598,422123,1
28171706,5599,422123,1
27066927,1325,422123,1
27066927,5786,422123,1
27066927,5787,422123,1
14745415,1679,422123,1
14745415,3326,422123,1
14745415,3327,422123,1
14745415,3328,422123,1
20667173,5788,422123,1
20667173,2249,422123,1
20667173,3978,422123,1
20350290,4254,422123,1
390641266,5789,422123,1
452483362,3333,422123,1
452483362,5790,422123,1
452483362,5791,422123,1
452483362,4210,422123,1
452483362,4211,422123,1
452483362,4212,422123,1
42666285,5666,422124,1
42666285,5630,422124,1
42666285,5631,422124,1
30026308,4355,422124,1
2815863258,3315,422124,1
2815863258,1126,422124,1
26510688,5792,422124,1
26510688,5793,422124,1
26510688,5794,422124,1
154787745,1813,422124,1
154787745,1814,422124,1
154787745,1909,422124,1
26198700,2803,422124,1
37581062,5795,422124,1
37581062,5796,422124,1
121809964,3377,422124,1
121809964,3517,422124,1
121809964,4564,422124,1
121809964,4156,422124,1
1585058455,5797,422124,1
1585058455,5798,422124,1
298186966,3483,422124,1
298186966,4051,422124,1
298186966,5799,422124,1
298186966,5800,422124,1
21811086,2678,422124,1
21811086,3801,422124,1
795650513257791488,1764,422124,1
795650513257791488,3351,422124,1
795650513257791488,3352,422124,1
795650513257791488,3353,422124,1
4837239955,5801,422124,1
4837239955,5802,422124,1
36815578,4254,422124,1
36815578,3992,422124,1
36815578,1827,422124,1
36815578,5803,422124,1
225112824,5804,422124,1
225112824,5148,422124,1
225112824,5805,422124,1
225112824,1564,422124,1
2308212777,5806,422124,1
2308212777,5807,422124,1
37581062,5808,422124,1
292992978,4195,422124,1
292992978,5809,422124,1
292992978,1680,422124,1
292992978,3322,422124,1
292992978,3323,422124,1
2964817577,1676,422124,1
30033535,5810,422124,1
35326240,2083,422124,1
60811614,4428,422124,1
60811614,5811,422124,1
60811614,5812,422124,1
60811614,5813,422124,1
2373592552,3179,422124,1
2373592552,5814,422124,1
2373592552,5815,422124,1
2373592552,5704,422124,1
2373592552,5816,422124,1
2373592552,5817,422124,1
623739419,4406,422124,1
623739419,3332,422124,1
2355899927,3912,422124,1
944675174686904320,1841,422124,1
944675174686904320,3999,422124,1
944675174686904320,4452,422124,1
944675174686904320,2485,422124,1
42666285,5631,422125,1
42666285,5630,422125,1
42666285,5667,422125,1
92186516,1515,422125,1
92186516,1101,422125,1
92186516,5818,422125,1
92186516,5819,422125,1
374536090,5820,422125,1
374536090,1135,422125,1
374536090,3374,422125,1
374536090,3376,422125,1
374536090,5821,422125,1
374536090,5822,422125,1
45361846,5823,422125,1
24978195,4890,422125,1
24978195,5824,422125,1
15600438,5825,422125,1
2503014576,4250,422125,1
2503014576,5826,422125,1
2503014576,3491,422125,1
2503014576,5827,422125,1
2503014576,5828,422125,1
113445843,5829,422125,1
113445843,4127,422125,1
113445843,1760,422125,1
16039183,5830,422125,1
16039183,1224,422125,1
16039183,1225,422125,1
16039183,1226,422125,1
132870726,4406,422125,1
61547959,4195,422125,1
61547959,1404,422125,1
61547959,5831,422125,1
61547959,4424,422125,1
61547959,5832,422125,1
316700634,5833,422125,1
2434173127,5834,422125,1
2434173127,5835,422125,1
2434173127,5836,422125,1
2434173127,5837,422125,1
205754032,5838,422125,1
205754032,5839,422125,1
205754032,5840,422125,1
205754032,5841,422125,1
20350290,4254,422125,1
3086338765,1890,422125,1
3086338765,1891,422125,1
3086338765,2683,422125,1
17454421,5842,422125,1
17454421,5167,422125,1
452483362,4639,422125,1
452483362,4640,422125,1
452483362,4641,422125,1
45397787,5843,422125,1
45397787,5844,422125,1
32929752,2209,422125,1
32929752,1188,422125,1
32929752,5845,422125,1
138248804,5846,422126,1
871861079009357824,4281,422126,1
871861079009357824,2042,422126,1
871861079009357824,4280,422126,1
871861079009357824,3337,422126,1
2196449497,5847,422126,1
45361846,5848,422126,1
756642075421077505,5849,422126,1
756642075421077505,4254,422126,1
756642075421077505,2259,422126,1
756642075421077505,5850,422126,1
478153272,2161,422126,1
478153272,4267,422126,1
22405339,1104,422126,1
390641266,5789,422126,1
61547959,1104,422126,1
181991754,5851,422126,1
181991754,4678,422126,1
181991754,1413,422126,2
181991754,1677,422126,1
181991754,2579,422126,1
181991754,2580,422126,1
43416848,5852,422126,1
44463638,2323,422126,1
44463638,4693,422126,2
2598881534,1679,422126,1
3387722908,3632,422126,1
147336082,3421,422126,1
147336082,5853,422126,1
147336082,1898,422126,1
24673519,5854,422126,1
24673519,5855,422126,1
23112554,1804,422126,1
23112554,5856,422126,1
23112554,4512,422126,1
23112554,4325,422126,1
23112554,5857,422126,1
181991754,3666,422126,1
1410671952,5858,422126,1
821942989778026496,1176,422126,6
821942989778026496,1240,422126,5
821942989778026496,1241,422126,5
2691882793,5859,422126,1
2691882793,3912,422126,1
2691882793,3577,422126,1
2691882793,3307,422126,1
2691882793,3385,422126,1
2691882793,5860,422126,1
2691882793,5861,422126,1
2691882793,5862,422126,1
2691882793,1263,422126,1
2691882793,5863,422126,1
735974226209869828,4254,422126,1
735974226209869828,5864,422126,1
735974226209869828,5865,422126,1
735974226209869828,5866,422126,1
735974226209869828,5867,422126,1
23112554,5868,422126,1
23112554,5869,422126,1
11007892,5870,422126,1
11007892,5871,422126,1
11007892,4528,422126,1
11007892,5872,422126,1
11007892,5873,422126,1
11007892,4786,422126,1
11007892,4094,422126,1
11007892,5874,422126,1
821942989778026496,3171,422126,3
44463638,5875,422126,1
23112554,5876,422126,1
23112554,3572,422126,1
271114932,5877,422126,1
271114932,5878,422126,1
271114932,5879,422126,1
271114932,5880,422126,1
271114932,5881,422126,1
271114932,5882,422126,1
1154409386,5883,422126,1
4558943292,4254,422126,1
42666285,5774,422127,1
42666285,5631,422127,1
42666285,5630,422127,1
133356665,3090,422127,1
133356665,3091,422127,1
133356665,3092,422127,1
133356665,3093,422127,1
133356665,3086,422127,1
786975938521227265,5884,422127,1
22324461,5328,422127,1
3140768144,5885,422127,1
3140768144,1104,422127,1
944675174686904320,2260,422127,1
944675174686904320,1841,422127,1
944675174686904320,2485,422127,1
2236425122,5886,422127,1
44463638,5887,422127,1
262216184,1189,422127,1
262216184,2011,422127,1
262216184,5888,422127,1
262216184,2433,422127,1
262216184,2432,422127,1
262216184,1749,422127,1
262216184,5889,422127,1
1024957045,5890,422127,1
20350290,4254,422127,1
36186797,1877,422127,1
36186797,4254,422127,1
36186797,3646,422127,1
343845047,2060,422127,1
343845047,4366,422127,1
343845047,4254,422127,1
343845047,4367,422127,1
343845047,1512,422127,1
343845047,1287,422127,1
343845047,5891,422127,1
343845047,3912,422127,1
891291023397212160,3740,422127,1
891291023397212160,4786,422127,1
147078910,5892,422127,1
147078910,5893,422127,1
891291023397212160,2222,422127,1
891291023397212160,5894,422127,1
31050688,5895,422127,1
31050688,4327,422127,1
31050688,5896,422127,1
31050688,3616,422127,1
31050688,5897,422127,1
31050688,3492,422127,1
783009849177243649,1619,422127,1
783009849177243649,1956,422127,1
783009849177243649,1618,422127,1
19614017,5898,422127,2
19614017,5899,422127,2
19614017,5900,422127,3
19614017,5901,422127,1
19614017,5902,422127,1
2382992022,2255,422127,1
38301620,5903,422127,1
18769024,5904,422127,1
18769024,1637,422127,1
55060987,5905,422127,1
42666285,5629,422128,1
42666285,5632,422128,1
42666285,5631,422128,1
42666285,5630,422128,1
29802659,3009,422128,1
29802659,2768,422128,1
29802659,4174,422128,1
29802659,5289,422128,1
2205826873,1965,422128,1
33220557,4356,422128,1
33220557,4355,422128,1
27988946,1774,422128,1
27988946,1944,422128,1
27988946,3912,422128,1
27988946,5906,422128,1
899355308,5907,422128,1
3192377558,2967,422128,1
3192377558,4254,422128,1
3192377558,1062,422128,1
166831567,5908,422128,1
1611117379,4448,422128,1
1611117379,5909,422128,1
1611117379,5910,422128,1
245818918,1172,422128,1
245818918,5911,422128,1
1137616350,5912,422128,1
1137616350,5913,422128,1
1137616350,4503,422128,1
6441322,2970,422128,1
6441322,1404,422128,1
6441322,2971,422128,1
6441322,2576,422128,1
6441322,3398,422128,1
6441322,2663,422128,1
6441322,1264,422128,1
99982506,5914,422128,1
99982506,5915,422128,1
21708721,1187,422128,1
21708721,5916,422128,1
162805587,2117,422128,1
162805587,2118,422128,1
162805587,2119,422128,1
799708890791178240,3357,422128,1
799708890791178240,1349,422128,1
799708890791178240,3391,422128,1
48804747,3912,422128,1
48804747,5917,422128,1
48804747,3733,422128,1
48804747,4527,422128,1
704719445168500736,3570,422128,1
821942989778026496,1176,422128,1
821942989778026496,1240,422128,1
821942989778026496,1241,422128,1
821942989778026496,3171,422128,1
3140768144,5918,422128,1
294779361,1624,422128,1
294779361,5919,422128,1
294779361,5920,422128,1
39301994,5921,422128,1
4748014817,5469,422128,1
4748014817,4662,422128,1
4748014817,1298,422128,1
960678293157560320,4388,422128,1
935908393805602816,1826,422128,1
935908393805602816,5922,422128,1
935908393805602816,5923,422128,1
935908393805602816,5924,422128,1
935908393805602816,5925,422128,1
42666285,5632,422129,1
42666285,5774,422129,1
42666285,5631,422129,1
42666285,5629,422129,1
20705041,1472,422129,1
20705041,2947,422129,1
20705041,5926,422129,1
20705041,5927,422129,1
20705041,5928,422129,1
179682563,5929,422129,1
288609543,2481,422129,1
288609543,3491,422129,1
288609543,5930,422129,1
288609543,5931,422129,1
288609543,3912,422129,1
288609543,5932,422129,1
266364200,5933,422129,1
46776370,5934,422129,1
46776370,5935,422129,1
22220760,5936,422129,1
22220760,5937,422129,1
22220760,5938,422129,1
22220760,5939,422129,1
22220760,5940,422129,1
799708890791178240,3774,422129,1
42495288,5941,422129,1
51903296,4644,422129,1
51903296,5942,422129,1
31553533,1094,422129,1
31553533,3912,422129,1
31553533,5943,422129,1
31553533,5944,422129,1
31553533,5945,422129,1
31553533,1342,422129,1
31553533,5946,422129,1
214305445,4254,422129,1
214305445,5947,422129,1
18465507,1104,422129,1
254707873,5948,422129,1
254707873,5949,422129,1
25596302,4254,422129,1
25596302,1269,422129,1
25596302,2982,422129,1
25596302,4959,422129,1
25596302,5950,422129,1
25596302,2927,422129,1
25596302,4760,422129,1
25596302,3222,422129,1
452483362,5951,422129,1
452483362,3423,422129,1
32929752,5952,422129,1
32929752,5953,422129,1
32929752,5954,422129,1
32929752,5955,422129,1
32929752,5956,422129,1
20350290,5957,422129,1
20350290,5958,422129,1
20350290,5959,422129,1
63177540,5960,422129,1
63177540,5961,422129,1
839557949626413056,4254,422129,1
839557949626413056,5962,422129,1
839557949626413056,5963,422129,1
839557949626413056,5964,422129,1
30070002,4254,422129,1
30070002,5098,422129,1
30070002,1059,422129,1
30070002,5965,422129,1
1258593637,5966,422129,1
109967020,3355,422129,1
390925334,4254,422129,1
84210406,5967,422129,1
84210406,5968,422129,1
84210406,5969,422129,1
84210406,5970,422129,1
84210406,2561,422129,1
99982506,1104,422129,1
232463367,5971,422129,1
18086437,5972,422129,1
42666285,5631,422130,1
42666285,5632,422130,1
42666285,5629,422130,1
42666285,5630,422130,1
42666285,5666,422130,1
3121750933,1014,422130,1
3121750933,1015,422130,1
3121750933,2229,422130,1
3121750933,2230,422130,1
3121750933,2231,422130,1
3121750933,2232,422130,1
31002078,5973,422130,1
31002078,5974,422130,1
795650513257791488,5975,422130,1
821942989778026496,1176,422130,2
821942989778026496,1240,422130,2
821942989778026496,1241,422130,2
821942989778026496,5236,422130,1
2382992022,3776,422130,1
2382992022,5976,422130,1
2382992022,1984,422130,1
2382992022,3495,422130,1
2382992022,4438,422130,1
2382992022,3496,422130,1
2382992022,1983,422130,1
45361846,3506,422130,1
390641266,2226,422130,1
799708890791178240,3774,422130,1
45430970,5977,422130,1
45430970,5978,422130,1
45430970,5979,422130,1
42495288,5941,422130,1
42495288,5980,422130,1
2723851180,5981,422130,1
2723851180,5982,422130,1
2723851180,5983,422130,1
2723851180,5984,422130,1
440936933,1207,422130,1
440936933,1208,422130,1
440936933,1209,422130,1
123746185,5985,422130,1
123746185,5986,422130,1
123746185,5987,422130,1
16320537,1949,422130,2
2948935092,5988,422130,2
2948935092,1192,422130,2
91044313,5989,422130,1
91044313,5990,422130,1
91044313,5991,422130,1
91044313,3470,422130,1
188684410,5992,422130,1
188684410,1567,422130,1
162805587,2135,422130,1
162805587,5342,422130,1
162805587,5343,422130,1
162805587,5993,422130,1
162805587,5994,422130,1
162805587,5995,422130,1
162805587,2136,422130,1
558163732,5008,422130,1
558163732,3009,422130,1
558163732,5996,422130,1
558163732,5997,422130,1
558163732,3355,422130,1
227943437,5998,422130,1
227943437,5999,422130,1
227943437,6000,422130,1
227943437,6001,422130,1
2936623532,1826,422130,1
219060990,4406,422130,1
219060990,6002,422130,1
219060990,6003,422130,1
219060990,2432,422130,1
219060990,6004,422130,1
42666285,5631,422131,1
42666285,5667,422131,1
42666285,5630,422131,1
42666285,5666,422131,1
623739419,3332,422131,1
29776821,3238,422131,1
29776821,3239,422131,1
4082264692,3831,422131,1
51903296,6005,422131,1
51903296,6006,422131,1
94839619,1472,422131,1
94839619,1157,422131,1
94839619,3158,422131,1
94839619,1936,422131,1
94839619,6007,422131,1
11007892,5872,422131,1
11007892,5870,422131,1
11007892,1511,422131,1
181991754,2579,422131,1
181991754,2580,422131,1
181991754,2581,422131,1
181991754,1307,422131,1
181991754,1677,422131,1
154787745,1813,422131,1
154787745,1814,422131,1
154787745,1815,422131,1
266364200,6008,422131,1
266364200,4328,422131,1
944675174686904320,6009,422131,1
944675174686904320,1841,422131,1
944675174686904320,2485,422131,1
390303951,6010,422131,1
390303951,4254,422131,1
390303951,6011,422131,1
390303951,6012,422131,1
390303951,1814,422131,1
390303951,6013,422131,1
889605598886715392,3633,422131,1
30020669,4977,422131,1
30020669,2444,422131,1
30020669,4978,422131,1
30020669,4979,422131,1
30020669,1263,422131,1
799708890791178240,6014,422131,1
799708890791178240,6015,422131,1
799708890791178240,1392,422131,1
799708890791178240,6016,422131,1
799708890791178240,3391,422131,1
799708890791178240,3392,422131,1
4837239955,1063,422131,1
4837239955,6017,422131,1
4837239955,1404,422131,1
23559911,6018,422131,1
23559911,1269,422131,1
23559911,6019,422131,5
108632045,6020,422131,1
359993945,1104,422131,1
1400802510,2141,422131,1
1002003048,2568,422131,3
1002003048,2569,422131,3
1002003048,2846,422131,2
38564541,3420,422131,2
38564541,6021,422131,1
38564541,6022,422131,1
3396746410,4250,422131,1
90903507,6023,422131,1
292576861,6024,422131,1
292576861,6025,422131,1
292576861,6026,422131,1
292576861,6027,422131,1
292576861,6028,422131,1
292576861,6029,422131,1
292576861,2496,422131,1
294643036,6030,422131,1
23559911,6031,422131,2
23559911,6032,422131,2
21275774,6033,422131,1
165939924,4254,422131,1
165939924,1104,422131,1
165939924,4553,422131,1
165939924,4554,422131,1
165939924,1807,422131,1
165939924,2434,422131,1
165939924,3588,422131,1
23824743,5008,422131,1
23824743,4338,422131,1
23824743,6034,422131,1
15339555,1104,422131,1
143242480,6035,422131,1
143242480,6036,422131,1
708056279793725441,6037,422131,1
188684410,4613,422131,1
15489387,2267,422131,1
15489387,6038,422131,1
29098282,6039,422131,1
29098282,2733,422131,1
29098282,5389,422131,1
1447208906,6040,422131,1
42666285,5629,422132,1
42666285,5631,422132,1
42666285,5666,422132,1
42666285,5667,422132,1
42666285,5632,422132,1
452483362,6041,422132,1
452483362,6042,422132,1
452483362,2455,422132,1
28852834,6043,422132,1
28852834,6044,422132,1
821387179863789568,3762,422132,1
481819553,6045,422132,1
481819553,6046,422132,1
481819553,6047,422132,1
23210653,6048,422132,1
3365373556,6049,422132,1
24673519,6050,422132,1
24673519,6051,422132,1
24673519,6052,422132,1
35326240,6053,422132,1
31482548,6054,422132,1
31482548,2197,422132,1
31482548,1617,422132,1
31482548,6055,422132,1
31482548,6056,422132,1
31482548,5790,422132,1
31482548,6057,422132,1
3687503962,4546,422132,1
3687503962,4545,422132,1
3687503962,4547,422132,1
3687503962,6058,422132,1
245818918,6059,422132,1
245818918,6060,422132,1
245818918,6061,422132,1
176500749,3483,422132,1
176500749,6062,422132,1
884878778,6063,422132,1
884878778,6064,422132,1
884878778,6065,422132,1
884878778,6066,422132,1
884878778,6067,422132,1
455016714,1262,422132,1
455016714,2293,422132,1
59888158,6068,422132,1
59888158,6069,422132,1
59888158,6070,422132,1
59888158,6071,422132,1
59888158,6072,422132,1
83431030,4254,422132,1
83431030,1125,422132,1
83431030,3343,422132,1
83431030,1944,422132,1
83431030,3471,422132,1
83431030,3740,422132,1
33976616,2674,422132,1
561494129,4389,422132,1
25850386,6073,422132,1
24673519,6074,422132,1
24673519,6075,422132,1
2382992022,6076,422132,1
2382992022,3495,422132,1
2382992022,1983,422132,2
2382992022,3776,422132,1
2382992022,4289,422132,1
2382992022,5976,422132,1
2382992022,6077,422132,1
2382992022,1984,422132,1
2382992022,6078,422132,1
1002003048,2568,422132,2
1002003048,2569,422132,2
1002003048,2846,422132,2
33220557,6079,422132,1
33220557,4356,422132,1
16541331,6080,422132,1
16541331,6081,422132,1
16541331,1264,422132,1
16541331,4456,422132,1
16541331,6082,422132,1
16541331,6083,422132,1
16541331,6084,422132,1
759775770,6085,422132,1
759775770,6086,422132,1
427424201,3632,422132,1
28517778,6087,422132,1
16320537,3545,422132,1
960678293157560320,1193,422132,1
821942989778026496,1176,422132,1
821942989778026496,1240,422132,1
821942989778026496,1241,422132,1
821942989778026496,1242,422132,1
20674875,1104,422132,1
20674875,6088,422132,1
20674875,5024,422132,1
181991754,1677,422132,1
29493760,2723,422132,1
29493760,6089,422132,1
29493760,6090,422132,1
227767298,6091,422132,1
143242480,5431,422132,1
42666285,5629,422133,1
42666285,5630,422133,1
42666285,5632,422133,1
42666285,5667,422133,1
343845047,6092,422133,1
343845047,6093,422133,1
343845047,6094,422133,1
343845047,2060,422133,1
343845047,4367,422133,1
343845047,4051,422133,1
181991754,1163,422133,1
181991754,2579,422133,1
181991754,2580,422133,1
181991754,2581,422133,1
181991754,1307,422133,1
22376855,5238,422133,1
1005678613,6095,422133,1
1005678613,6096,422133,1
808453413159759873,6097,422133,1
808453413159759873,6098,422133,1
3140768144,6099,422133,1
3140768144,1104,422133,1
3140768144,3421,422133,1
626746296,1673,422133,1
598956885,4254,422133,1
269567706,6100,422133,1
309363450,6101,422133,1
309363450,6102,422133,1
15339555,1104,422133,1
15339555,6103,422133,1
31601635,3353,422133,1
31601635,1874,422133,1
31601635,4531,422133,1
31601635,3912,422133,1
6441322,2970,422133,1
6441322,1404,422133,1
6441322,2971,422133,1
6441322,3398,422133,1
6441322,3399,422133,1
6441322,1264,422133,1
6441322,6104,422133,1
2187251150,6105,422133,1
2187251150,3912,422133,1
2187251150,2254,422133,1
2817837144,4648,422133,1
2817837144,4649,422133,1
2817837144,6106,422133,1
536838736,6107,422133,1
536838736,6108,422133,1
536838736,1823,422133,1
440936933,6109,422133,1
440936933,1207,422133,1
440936933,1208,422133,1
440936933,1209,422133,1
799708890791178240,2154,422133,1
31577021,6110,422133,1
31577021,6111,422133,1
44035310,1645,422133,1
2720013913,6112,422133,1
108406894,1288,422133,1
108406894,2052,422133,1
108406894,6113,422133,1
108406894,6114,422133,1
42666285,5774,422134,1
42666285,5629,422134,1
42666285,5630,422134,1
42666285,5666,422134,1
233889281,3133,422134,1
233889281,4406,422134,1
534054336,1210,422134,1
534054336,3606,422134,1
534054336,3607,422134,1
534054336,6115,422134,1
20667173,3638,422134,1
20667173,6116,422134,1
20667173,2602,422134,1
20667173,2603,422134,1
20667173,2604,422134,1
20667173,2605,422134,1
20667173,2606,422134,1
20667173,2607,422134,1
20667173,2608,422134,1
36186797,5844,422134,1
36186797,3179,422134,1
36186797,3642,422134,1
188684410,4613,422134,1
188684410,3879,422134,1
188684410,6117,422134,1
188684410,3880,422134,2
188684410,2371,422134,1
188684410,3097,422134,1
188684410,3099,422134,1
188684410,6118,422134,1
188684410,1577,422134,1
188684410,6119,422134,1
188684410,6120,422134,1
188684410,3018,422134,1
188684410,5441,422134,2
503911925,5784,422134,1
503911925,1977,422134,1
503911925,1435,422134,1
503911925,4327,422134,1
503911925,4323,422134,1
3096845622,1774,422134,1
3096845622,6121,422134,1
3096845622,1062,422134,1
3096845622,4416,422134,1
189786780,6122,422134,1
189786780,4930,422134,1
189786780,6123,422134,1
189786780,6124,422134,1
35326240,1288,422134,1
35326240,3103,422134,1
3192377558,6125,422134,1
3192377558,6126,422134,1
3192377558,6127,422134,1
33213039,6128,422134,1
154787745,1813,422134,1
154787745,1814,422134,1
154787745,1909,422134,1
133356665,3085,422134,1
133356665,3086,422134,1
133356665,3087,422134,1
133356665,3088,422134,1
133356665,3089,422134,1
821942989778026496,1176,422134,1
821942989778026496,1240,422134,1
17329901,1331,422134,1
17329901,6129,422134,1
17329901,1271,422134,1
36077654,4513,422134,1
24472395,6130,422134,1
24472395,2913,422134,1
33220557,4356,422134,1
33220557,4355,422134,1
33220557,6131,422134,1
33220557,6132,422134,1
29493760,6133,422134,1
29493760,6134,422134,1
427424201,6135,422134,1
2382992022,2811,422134,1
2382992022,3496,422134,1
2382992022,3414,422134,1
2382992022,5155,422134,1
2382992022,3412,422134,1
2382992022,3413,422134,1
132217093,2222,422134,1
42666285,4004,422303,1
42666285,3908,422303,1
42666285,3962,422303,1
42666285,3909,422303,1
20667173,2833,422303,1
20667173,2602,422303,1
20667173,2603,422303,1
20667173,2604,422303,1
20667173,4576,422303,1
20667173,2605,422303,1
20667173,6136,422303,1
20667173,2607,422303,1
20667173,2608,422303,1
22324461,1349,422303,1
22324461,1635,422303,1
40253216,6137,422303,1
40253216,6138,422303,1
40253216,6139,422303,1
29949380,6140,422303,1
29949380,3834,422303,1
29949380,3844,422303,1
944675174686904320,6141,422303,1
944675174686904320,1841,422303,1
29493760,6142,422303,1
29493760,6143,422303,1
29493760,6144,422303,1
32929752,2209,422303,1
32929752,1188,422303,1
32929752,5845,422303,1
821942989778026496,1176,422303,2
821942989778026496,1240,422303,2
821942989778026496,1241,422303,1
821942989778026496,3171,422303,1
452483362,6145,422303,1
108632045,6146,422303,1
494250693,6147,422303,1
94839619,6148,422303,1
40253216,1214,422303,1
40253216,3658,422303,1
40253216,6149,422303,1
40253216,6150,422303,1
40253216,1874,422303,1
40253216,6151,422303,1
40253216,6152,422303,1
2205826873,1965,422303,1
2205826873,6153,422303,1
2205826873,6154,422303,1
2205826873,6155,422303,1
2205826873,3385,422303,1
440936933,1207,422303,1
440936933,1208,422303,1
440936933,1209,422303,1
440936933,1063,422303,1
440936933,1210,422303,1
440936933,1211,422303,1
440936933,1212,422303,1
2457278850,1538,422303,2
2457278850,2897,422303,2
2457278850,1967,422303,2
2457278850,6156,422303,2
899355308,1350,422303,1
899355308,6157,422303,1
899355308,6158,422303,1
899355308,6159,422303,1
2457278850,3845,422303,1
2457278850,4034,422303,1
2457278850,2081,422303,1
40253216,6160,422303,1
40253216,5091,422303,1
40253216,6161,422303,1
40253216,6162,422303,1
40253216,6163,422303,1
40253216,6164,422303,1
2382992022,2811,422303,1
2382992022,4806,422303,1
2382992022,5155,422303,1
2382992022,1984,422303,1
2382992022,6165,422303,1
2382992022,4438,422303,1
115240486,6166,422303,1
115240486,6167,422303,1
115240486,1603,422303,1
2598881534,6168,422303,1
2598881534,6169,422303,1
22096419,3179,422303,1
22096419,4365,422303,1
22096419,3018,422303,1
22096419,6170,422303,1
17474684,6171,422303,1
17474684,6172,422303,1
17474684,3933,422303,1
17474684,6173,422303,1
370950079,6174,422303,1
15907986,6175,422303,1
42666285,3908,422304,1
42666285,3962,422304,1
42666285,4004,422304,1
2815863258,1000,422304,1
2815863258,1001,422304,1
2815863258,1002,422304,1
2815863258,1003,422304,1
215823448,6176,422304,1
215823448,6177,422304,1
215823448,6178,422304,1
16461333,6179,422304,1
20667173,2833,422304,1
20667173,6116,422304,1
20667173,2602,422304,1
20667173,2603,422304,1
20667173,2604,422304,1
20667173,4576,422304,1
20667173,6136,422304,1
20667173,2607,422304,1
20667173,2608,422304,1
83662371,6180,422304,1
702889214774366208,6181,422304,1
702889214774366208,6182,422304,1
134539954,6183,422304,1
134539954,6184,422304,1
2300403377,1404,422304,1
2300403377,2664,422304,1
2300403377,6185,422304,1
43416848,6186,422304,1
781318064528916480,6187,422304,1
781318064528916480,6188,422304,1
781318064528916480,6189,422304,1
781318064528916480,4254,422304,1
781318064528916480,1104,422304,1
51903296,4644,422304,1
51903296,1588,422304,1
51903296,5645,422304,1
51903296,2749,422304,1
51903296,1298,422304,1
51903296,3834,422304,1
51903296,6190,422304,1
333448200,6191,422304,1
333448200,6192,422304,1
333448200,6193,422304,1
333448200,6194,422304,1
251776220,6195,422304,1
251776220,3167,422304,1
251776220,6196,422304,1
251776220,6197,422304,1
251776220,3409,422304,1
251776220,4662,422304,1
944675174686904320,6198,422304,1
2472747073,6199,422304,1
2472747073,6200,422304,1
2472747073,6201,422304,1
2472747073,4150,422304,1
2472747073,4345,422304,1
2472747073,6202,422304,1
2472747073,5448,422304,1
4458841395,4389,422304,1
19640448,1001,422304,2
19640448,1917,422304,1
19640448,1003,422304,1
3140768144,6203,422304,1
29407646,4057,422304,1
29407646,1288,422304,1
25569512,6204,422304,1
964288442917146624,6205,422304,1
964288442917146624,3509,422304,1
964288442917146624,6206,422304,1
35280003,6207,422304,1
27482129,6208,422304,1
237514324,4389,422305,1
237514324,6209,422305,1
237514324,1842,422305,1
216039050,1104,422305,1
117517223,6210,422305,1
117517223,6211,422305,1
117517223,1053,422305,1
333448200,6212,422305,1
333448200,6213,422305,1
214656189,2481,422305,1
214656189,3318,422305,1
214656189,6214,422305,1
27988946,6215,422305,1
27988946,4494,422305,1
188684410,4973,422305,1
29493760,2755,422305,1
29493760,6216,422305,1
29493760,6217,422305,1
29493760,6218,422305,1
29493760,6219,422305,1
29493760,6220,422305,1
33220557,4356,422305,1
33220557,4355,422305,1
33220557,4743,422305,1
33220557,6221,422305,1
33220557,2906,422305,1
1400802510,6222,422305,1
1400802510,6223,422305,1
1400802510,4994,422305,1
427683210,6224,422305,2
427683210,6225,422305,1
183595173,6226,422305,1
183595173,6227,422305,1
183595173,6228,422305,1
183595173,1538,422305,1
14220191,1420,422305,1
3160605008,3834,422305,1
427683210,6229,422305,1
427683210,6230,422305,1
188684410,4408,422305,1
24669051,4195,422305,1
18769024,6231,422305,1
19167916,6232,422305,1
217053057,6233,422305,1
960678293157560320,6234,422305,1
28495138,2912,422305,1
28495138,3047,422305,1
28495138,6235,422305,1
28495138,3050,422305,1
28495138,6236,422305,1
199409228,6237,422305,1
2327444018,6238,422305,1
233889281,3133,422305,1
233889281,1449,422305,1
186484343,6239,422305,1
186484343,1898,422305,2
186484343,6240,422305,1
24978195,6241,422305,1
24978195,1335,422305,1
24978195,6242,422305,1
427683210,6243,422305,1
427683210,6244,422305,1
427683210,6245,422305,1
427683210,6246,422305,1
427683210,6247,422305,1
427683210,6248,422305,1
427683210,1356,422305,1
427683210,1357,422305,1
427683210,1358,422305,1
427683210,1359,422305,1
427683210,1360,422305,1
427683210,1361,422305,1
427683210,1362,422305,1
186484343,6249,422305,1
43043042,6250,422305,1
16798508,1104,422305,1
11007892,1264,422305,1
11007892,3034,422305,1
11007892,6251,422305,1
11007892,6252,422305,1
2871963541,1104,422305,1
2871963541,6253,422305,1
42666285,5050,422306,1
42666285,6254,422306,1
42666285,6255,422306,1
42666285,6256,422306,1
3318266650,2501,422306,1
3318266650,6257,422306,1
3318266650,3116,422306,1
16798508,3483,422306,1
16798508,1252,422306,1
16798508,6258,422306,1
2964817577,3974,422306,1
415242072,2594,422306,1
415242072,6259,422306,1
415242072,6260,422306,1
427424201,1791,422306,1
27482129,6261,422306,1
27482129,6262,422306,1
27482129,3143,422306,1
27482129,2061,422306,1
21275774,6263,422306,1
316700634,6264,422306,1
316700634,4628,422306,1
61547959,1094,422306,1
61547959,6265,422306,1
61547959,1404,422306,1
1727080993,4947,422306,1
1727080993,1331,422306,1
595740680,4128,422306,1
595740680,6266,422306,1
574623158,6267,422306,1
574623158,1210,422306,1
574623158,6268,422306,1
574623158,6269,422306,1
38768501,6270,422306,1
38768501,6271,422306,1
38768501,4470,422306,1
38768501,6272,422306,1
38768501,2542,422306,1
38768501,2545,422306,1
38768501,4376,422306,1
303281594,1296,422306,2
303281594,2456,422306,2
303281594,3436,422306,1
303281594,2939,422306,1
303281594,6273,422306,1
303281594,1297,422306,1
303281594,1298,422306,1
303281594,1299,422306,1
303281594,1300,422306,1
303281594,1301,422306,1
303281594,1302,422306,1
20667173,1438,422306,1
20667173,6274,422306,1
20667173,6275,422306,1
20667173,6276,422306,1
20667173,6277,422306,1
20667173,6278,422306,1
303281594,1063,422306,1
303281594,6279,422306,1
303281594,6280,422306,1
303281594,6281,422306,1
303281594,6282,422306,1
303281594,6283,422306,1
303281594,6284,422306,1
891291023397212160,2163,422306,1
891291023397212160,6285,422306,1
3603083360,6286,422306,1
3603083360,6287,422306,1
3603083360,6288,422306,1
3603083360,6289,422306,1
3603083360,6290,422306,1
1087177766,3222,422306,1
35934356,1003,422306,1
44111237,6291,422306,1
44111237,6292,422306,1
1398100376,6293,422306,1
18195374,1254,422306,1
16039183,4817,422306,1
16039183,6294,422306,1
60799480,6295,422306,1
33332954,1416,422306,4
162805587,6296,422306,1
162805587,6297,422306,1
162805587,1063,422306,1
14220191,1421,422306,1
14220191,1422,422306,1
14220191,1423,422306,1
14220191,1424,422306,1
215499281,6298,422306,1
35326240,6299,422306,1
162805587,6300,422306,1
162805587,2135,422306,1
162805587,5344,422306,1
162805587,6301,422306,1
32929752,6302,422306,1
32929752,6303,422306,1
32929752,6304,422306,1
32929752,6305,422306,1
42666285,6306,422307,1
42666285,6255,422307,1
42666285,6256,422307,1
42666285,6307,422307,1
3236916670,3985,422307,1
3121750933,1014,422307,1
3121750933,1015,422307,1
3121750933,2229,422307,1
3121750933,2230,422307,1
3121750933,2231,422307,1
785213265454374912,5857,422307,1
785213265454374912,1067,422307,3
785213265454374912,1068,422307,1
785213265454374912,1069,422307,1
270613977,4049,422307,1
270613977,6308,422307,1
459072363,6309,422307,1
459072363,6310,422307,1
459072363,6311,422307,1
459072363,6312,422307,1
459072363,3801,422307,1
939311,1370,422307,1
2421458276,1847,422307,1
62749434,6313,422307,1
60811614,6187,422307,1
60811614,6314,422307,1
60811614,6315,422307,1
1444550186,4254,422307,1
2183619445,6316,422307,1
2183619445,6317,422307,1
2183619445,6318,422307,1
2183619445,6319,422307,1
23574435,6320,422307,1
23574435,6321,422307,1
23574435,1564,422307,1
23574435,2638,422307,1
524041061,6322,422307,1
524041061,6323,422307,1
303281594,3834,422307,2
303281594,6324,422307,1
303281594,6325,422307,1
303281594,4058,422307,1
303281594,6326,422307,1
303281594,6327,422307,1
303281594,2509,422307,1
303281594,6216,422307,1
303281594,2196,422307,1
303281594,6328,422307,1
303281594,1708,422307,1
20350290,4453,422307,1
20350290,4454,422307,1
303281594,2456,422307,1
303281594,1039,422307,1
303281594,1296,422307,1
303281594,1254,422307,1
27918931,6329,422307,1
183847886,2191,422307,1
303281594,6330,422307,1
303281594,6331,422307,1
50520300,6332,422307,1
237514324,6333,422307,1
237514324,1879,422307,1
237514324,6334,422307,1
237514324,6335,422307,1
26794596,3912,422307,1
227767298,3960,422307,1
227767298,6336,422307,1
2457278850,1538,422307,1
2457278850,2897,422307,1
2457278850,1967,422307,1
2457278850,3181,422307,1
2457278850,1604,422307,1
2457278850,1720,422307,1
2457278850,6337,422307,1
2457278850,4034,422307,1
42666285,6307,422308,1
42666285,3962,422308,1
42666285,6254,422308,1
116072145,6338,422308,1
116072145,1308,422308,3
116072145,6339,422308,2
116072145,6340,422308,1
116072145,6341,422308,1
116072145,6342,422308,1
116072145,6343,422308,1
116072145,6344,422308,1
44415450,5688,422308,1
14220191,1420,422308,1
14220191,1421,422308,1
14220191,1422,422308,1
14220191,1423,422308,1
14220191,1424,422308,1
166281249,6345,422308,1
25544424,6346,422308,1
25544424,6347,422308,1
25544424,3801,422308,1
25544424,6348,422308,1
25544424,6349,422308,1
11029372,6350,422308,1
11029372,6351,422308,1
427683210,6352,422308,1
427683210,6353,422308,2
5849492,6354,422308,1
427683210,1186,422308,2
427683210,4654,422308,1
427683210,6355,422308,1
427683210,2095,422308,1
126225171,6356,422308,1
126225171,1404,422308,1
77134574,6357,422308,1
33976616,6358,422308,1
33976616,6359,422308,1
1400802510,2141,422308,1
1400802510,1138,422308,1
1400802510,6360,422308,1
427683210,4707,422308,1
427683210,1356,422308,1
427683210,1357,422308,1
116072145,6361,422308,1
116072145,2563,422308,1
116072145,6362,422308,1
2457278850,1538,422308,1
2457278850,1287,422308,1
2457278850,4331,422308,1
2457278850,1062,422308,1
2457278850,6363,422308,1
2457278850,3801,422308,1
2457278850,6364,422308,1
109058588,6365,422308,1
794425363,6366,422308,1
794425363,6367,422308,1
794425363,6368,422308,1
427683210,5431,422308,1
427683210,1468,422308,1
427683210,2023,422308,1
199409228,6369,422308,1
199409228,6370,422308,1
199409228,1104,422308,1
42666285,6255,422309,1
42666285,6254,422309,1
42666285,6306,422309,1
799708890791178240,3774,422309,1
799708890791178240,6371,422309,1
799708890791178240,3390,422309,1
799708890791178240,3392,422309,1
799708890791178240,1392,422309,1
427683210,1356,422309,2
427683210,1357,422309,1
427683210,1358,422309,1
427683210,1359,422309,1
427683210,1360,422309,1
427683210,1361,422309,1
427683210,1362,422309,1
940636298980847616,4984,422309,1
27822518,1189,422309,1
21176553,6372,422309,1
427683210,2023,422309,1
1892400362,6373,422309,1
1892400362,6374,422309,1
1892400362,6375,422309,1
1892400362,6376,422309,1
1892400362,6377,422309,1
1892400362,6378,422309,1
75719630,6379,422309,1
75719630,6380,422309,1
75719630,1062,422309,1
75719630,3068,422309,1
75719630,6381,422309,1
75719630,6382,422309,1
821942989778026496,1176,422309,1
821942989778026496,1240,422309,1
821942989778026496,1241,422309,1
821942989778026496,3171,422309,1
227767298,1265,422309,1
110499296,2678,422309,1
110499296,6383,422309,1
110499296,6384,422309,1
110499296,6385,422309,1
110499296,6386,422309,1
110499296,6387,422309,1
110499296,6388,422309,1
27574314,6389,422309,1
2457278850,1538,422309,1
2457278850,6390,422309,1
2457278850,2207,422309,1
2457278850,2897,422309,1
2457278850,1688,422309,1
2457278850,1214,422309,1
2457278850,2939,422309,1
2457278850,2081,422309,1
2457278850,6391,422309,1
20667173,4636,422309,1
20667173,4637,422309,1
20667173,4638,422309,1
20667173,2292,422309,1
20667173,1404,422309,1
722247382247829504,1062,422309,1
722247382247829504,6392,422309,1
17003041,6393,422309,1
17003041,6394,422309,1
1365241831,4155,422309,2
1365241831,6395,422309,1
1365241831,4156,422309,2
1365241831,4157,422309,2
1365241831,4158,422309,2
17586591,6396,422309,1
17586591,6397,422309,1
17586591,6398,422309,1
17586591,6399,422309,1
17586591,6400,422309,1
17586591,6401,422309,1
1365241831,2799,422309,1
36815578,2534,422309,1
36815578,6402,422309,1
36815578,2249,422310,1
36815578,2534,422310,2
36815578,2535,422310,1
36815578,2536,422310,1
36815578,6403,422310,1
42666285,6255,422310,1
42666285,6254,422310,1
42666285,3962,422310,1
42666285,6307,422310,1
859487190,6404,422310,1
859487190,6405,422310,1
859487190,6406,422310,1
859487190,6407,422310,1
859487190,6408,422310,1
821942989778026496,1240,422310,3
821942989778026496,1241,422310,2
99982506,6409,422310,2
110499296,6410,422310,1
110499296,5082,422310,1
110499296,6411,422310,1
23559911,6412,422310,8
23559911,6413,422310,3
23559911,4086,422310,3
821942989778026496,1176,422310,2
99982506,1104,422310,1
23559911,1529,422310,1
2457278850,1538,422310,1
2457278850,2897,422310,2
2457278850,1688,422310,2
2457278850,5740,422310,1
2457278850,6414,422310,1
2457278850,6415,422310,1
2457278850,6416,422310,1
162805587,2135,422310,1
162805587,5342,422310,1
162805587,5343,422310,1
162805587,6417,422310,1
162805587,5344,422310,1
23559911,1269,422310,2
20667173,5371,422310,1
20667173,4618,422310,1
20667173,5372,422310,2
20667173,5373,422310,2
427683210,6246,422310,3
23559911,6418,422310,1
23559911,6419,422310,1
17586591,6396,422310,1
17586591,3009,422310,1
17586591,6420,422310,1
17586591,6398,422310,1
17586591,6399,422310,1
17586591,6400,422310,1
23559911,4103,422310,5
23559911,6421,422310,4
427683210,2023,422310,2
427683210,6422,422310,2
427683210,6423,422310,2
427683210,6424,422310,2
427683210,3801,422310,2
1283002441,1425,422310,1
1283002441,6425,422310,1
1283002441,6426,422310,1
1283002441,6427,422310,1
1283002441,6428,422310,1
32929752,2119,422310,1
32929752,6429,422310,1
32929752,2209,422310,1
32929752,1188,422310,1
32929752,6430,422310,1
99982506,6431,422310,1
23559911,6432,422310,1
23559911,3003,422310,2
427683210,1186,422310,1
427683210,1356,422310,1
427683210,1357,422310,1
427683210,1358,422310,1
427683210,1359,422310,1
427683210,1360,422310,1
427683210,1361,422310,1
427683210,1362,422310,1
427683210,4712,422310,1
20385424,6433,422310,1
544011986,2078,422310,1
544011986,1449,422310,1
544011986,6434,422310,1
24614057,2515,422310,1
626746296,6435,422310,1
21708721,1497,422310,1
21708721,6195,422310,1
21708721,6436,422310,1
21708721,6437,422310,1
42666285,6306,422311,1
42666285,6307,422311,1
42666285,3962,422311,1
188684410,6438,422311,1
24614057,2504,422311,1
188684410,1004,422311,1
188684410,6439,422311,1
257772785,1554,422311,1
257772785,6440,422311,1
257772785,6441,422311,1
257772785,2450,422311,1
257772785,6442,422311,1
303281594,6443,422311,1
303281594,6444,422311,1
303281594,6445,422311,1
303281594,6446,422311,1
188684410,1567,422311,1
188684410,6447,422311,1
303281594,6448,422311,1
303281594,6449,422311,1
303281594,1020,422311,1
303281594,2764,422311,1
303281594,2207,422311,1
1058520127,6450,422311,1
188684410,6451,422311,1
303281594,6452,422311,1
303281594,1296,422311,1
303281594,1287,422311,2
303281594,1297,422311,1
303281594,1298,422311,1
303281594,1299,422311,1
227767298,1265,422311,1
303281594,6453,422311,1
188684410,3820,422311,1
188684410,6454,422311,1
303281594,2456,422311,1
303281594,6455,422311,1
303281594,1038,422311,1
303281594,6456,422311,1
303281594,6457,422311,1
303281594,6458,422311,1
303281594,6459,422311,1
303281594,6460,422311,1
303281594,6461,422311,1
303281594,1812,422311,1
188684410,6462,422311,1
2445855570,6463,422311,1
188684410,6464,422311,1
99982506,1104,422311,1
188684410,3936,422311,1
188684410,6465,422311,1
188684410,2371,422311,1
42666285,6254,422312,1
42666285,6255,422312,1
42666285,6306,422312,1
42666285,6256,422312,1
99982506,6409,422312,1
99982506,6431,422312,1
99982506,6466,422312,1
99982506,6467,422312,1
99982506,6468,422312,1
188684410,6469,422312,8
188684410,6470,422312,8
54813581,2697,422312,1
54813581,6471,422312,1
54813581,6472,422312,1
54813581,6473,422312,1
2155897448,1602,422312,2
2155897448,3768,422312,1
2155897448,2207,422312,1
2155897448,1603,422312,2
2155897448,1604,422312,1
2155897448,1605,422312,1
2155897448,6474,422312,1
188684410,1562,422312,1
452542451,6475,422312,1
452542451,6476,422312,1
452542451,6477,422312,1
42666285,6307,422313,1
42666285,6256,422313,1
42666285,6306,422313,1
19167916,6478,422313,1
19167916,1024,422313,1
103414232,6479,422313,1
103414232,1786,422313,1
103414232,5451,422313,1
4458841395,1104,422313,1
49197562,5082,422313,1
427683210,6480,422313,1
427683210,1036,422313,1
427683210,6481,422313,1
452542451,1062,422313,1
427683210,1356,422313,1
427683210,1357,422313,1
427683210,1358,422313,1
17226023,6482,422313,1
17226023,6483,422313,1
42666285,6255,422314,1
42666285,6256,422314,1
42666285,3962,422314,1
42666285,6254,422314,1
390641266,1372,422314,1
390641266,1373,422314,1
390641266,1374,422314,1
390641266,1375,422314,1
873942716790517760,2648,422314,1
873942716790517760,6484,422314,1
873942716790517760,6485,422314,1
188684410,1562,422314,1
188684410,1024,422314,1
188684410,1565,422314,1
21628022,6486,422314,1
427683210,6487,422314,1
427683210,1186,422314,1
427683210,1356,422314,1
427683210,1357,422314,1
427683210,1358,422314,1
427683210,1359,422314,1
427683210,1360,422314,1
427683210,1361,422314,1
427683210,1362,422314,1
427683210,4712,422314,1
16966202,6488,422314,1
42666285,6307,422315,1
42666285,6306,422315,1
42666285,3962,422315,1
15985057,1986,422315,1
452542451,6489,422315,1
138248804,6490,422315,1
42666285,6306,422316,1
42666285,3962,422316,1
452483362,3331,422316,1
452483362,6491,422316,1
452483362,3330,422316,1
452483362,5110,422316,1
452483362,5111,422316,1
452483362,1778,422316,1
452483362,5112,422316,1
452483362,5113,422316,1
1410671952,6492,422316,1
1410671952,1180,422316,1
1410671952,6493,422316,1
2267807461,6494,422316,1
2267807461,2080,422316,1
4857184789,1377,422316,1
4857184789,1378,422316,1
4857184789,1063,422316,1
45361846,6495,422316,2
45361846,6496,422316,2
36186797,2723,422316,1
36186797,6497,422316,1
3192377558,6498,422316,1
3192377558,6499,422316,1
2964817577,1676,422316,1
45361846,6500,422316,1
262216184,2011,422316,1
262216184,2960,422316,1
262216184,1826,422316,1
262216184,3385,422316,1
262216184,6501,422316,1
262216184,6502,422316,1
418067114,3271,422316,1
292992978,1679,422316,1
292992978,6503,422316,1
292992978,3323,422316,1
292992978,1680,422316,1
356889953,6504,422316,1
356889953,6505,422316,1
795650513257791488,1764,422316,1
42666285,6256,422317,1
42666285,6306,422317,1
42666285,6254,422317,1
55338531,6506,422317,1
20350290,6507,422317,1
20350290,6508,422317,1
536838736,3335,422317,1
536838736,1823,422317,2
536838736,1079,422317,2
536838736,1824,422317,2
536838736,3336,422317,1
113445843,2197,422317,1
113445843,1760,422317,1
113445843,4936,422317,1
20350290,5502,422317,1
20350290,3138,422317,1
356889953,6509,422317,1
356889953,6510,422317,1
356889953,6511,422317,1
319110397,1104,422317,1
319110397,6512,422317,1
319110397,6513,422317,1
1016112139,6514,422317,1
1016112139,6515,422317,1
202677978,6516,422317,1
202677978,6517,422317,1
43416848,6518,422317,1
43416848,3979,422317,1
43416848,6519,422317,1
36150464,6520,422317,1
36150464,1714,422317,1
36150464,2264,422317,1
102093426,1658,422317,1
186345375,1786,422317,1
452483362,2455,422317,1
14642031,6521,422317,1
14642031,6522,422317,1
14642031,6523,422317,1
14642031,1125,422317,1
14642031,3370,422317,1
708056279793725441,6524,422317,1
184824165,6525,422317,1
184824165,6526,422317,1
184824165,6527,422317,1
184824165,6528,422317,1
184824165,6529,422317,1
516801659,6530,422317,1
516801659,6531,422317,1
516801659,6532,422317,1
516801659,6533,422317,1
516801659,6534,422317,1
27066927,6535,422317,1
3234221972,6536,422317,1
21317544,6537,422317,1
21317544,6538,422317,1
252632473,6539,422317,1
252632473,6540,422317,1
42666285,6256,422318,1
42666285,6254,422318,1
42666285,6255,422318,1
42666285,6307,422318,1
181991754,4340,422318,1
181991754,1677,422318,1
181991754,1678,422318,1
24978195,2777,422318,1
24978195,6541,422318,1
24978195,1380,422318,1
24978195,3570,422318,1
24978195,4727,422318,1
24978195,1203,422318,1
65341634,1282,422318,1
933165969609854981,6542,422318,1
92186516,1515,422318,1
27482129,6261,422318,1
65341634,6543,422318,1
65341634,6544,422318,1
3279992892,6545,422318,1
852212459725357056,6546,422318,1
852212459725357056,1999,422318,1
4843220122,6387,422318,1
4843220122,6547,422318,1
516801659,6548,422318,1
516801659,6532,422318,1
516801659,6533,422318,1
516801659,6549,422318,1
516801659,1043,422318,1
516801659,3015,422318,1
3318266650,2501,422318,1
3318266650,6550,422318,1
24926214,6551,422318,1
24926214,6552,422318,1
529578971,6553,422318,1
529578971,2798,422318,1
529578971,2696,422318,1
29493760,6554,422318,1
29493760,6555,422318,1
90903507,3674,422318,1
22324461,6488,422318,1
93923851,6556,422318,1
93923851,6557,422318,1
93923851,2952,422318,1
190480771,1003,422318,1
190480771,6558,422318,1
80554153,6559,422318,1
80554153,6560,422318,1
80554153,6561,422318,1
80554153,6562,422318,1
80554153,1122,422318,1
31553533,6563,422318,1
31553533,4338,422318,1
31553533,4456,422318,1
31553533,1511,422318,1
31553533,6564,422318,1
31553533,3369,422318,1
540199801,6565,422318,1
558163732,4348,422318,1
558163732,4346,422318,1
558163732,4347,422318,1
558163732,6566,422318,1
29493760,6567,422318,1
29493760,6568,422318,1
29493760,6569,422318,1
256768688,2357,422318,1
162805587,3421,422318,1
162805587,1063,422318,1
162805587,6570,422318,1
516801659,6571,422318,1
516801659,6572,422318,1
516801659,6573,422318,1
516801659,6574,422318,1
516801659,6575,422318,1
34910509,1847,422318,1
4747772716,6576,422318,1
4747772716,2126,422318,1
4747772716,3810,422318,1
4747772716,6577,422318,1
4747772716,5526,422318,1
821942989778026496,1176,422319,2
821942989778026496,1240,422319,2
821942989778026496,1241,422319,2
821942989778026496,5236,422319,1
22324461,1062,422319,2
22324461,5328,422319,1
22324461,5532,422319,1
22324461,6488,422319,1
920335442934992896,6578,422319,2
821942989778026496,3171,422319,1
821942989778026496,6579,422319,1
804001512229847040,6580,422319,1
804001512229847040,1003,422319,1
162805587,2117,422319,1
162805587,2118,422319,1
162805587,2119,422319,1
2205826873,1965,422319,1
2205826873,6581,422319,1
277674677,6582,422319,1
277674677,6583,422319,1
277674677,6584,422319,1
23112554,4303,422319,1
23112554,6585,422319,1
23112554,3572,422319,1
23112554,1413,422319,1
23112554,1060,422319,1
43284245,6586,422319,1
43284245,6587,422319,1
43284245,6588,422319,1
1583338284,1104,422319,1
944675174686904320,6589,422319,1
6441322,2970,422319,1
6441322,1404,422319,1
6441322,3398,422319,1
6441322,2971,422319,1
6441322,6590,422319,1
6441322,3399,422319,1
23112554,6591,422319,1
23112554,1826,422319,3
23112554,1827,422319,1
23112554,1809,422319,2
3401857571,6592,422319,1
15072282,6593,422319,1
23112554,6594,422319,1
23112554,1785,422319,1
138349940,6595,422319,1
138349940,4175,422319,1
23112554,3499,422319,1
23112554,6596,422319,1
23112554,5469,422319,1
1154409386,6597,422319,1
1154409386,6598,422319,1
1154409386,6599,422319,1
1154409386,6600,422319,1
72635924,2723,422319,1
72635924,6601,422319,1
72635924,6602,422319,1
72635924,6603,422319,1
181991754,1307,422319,1
266364200,2628,422319,1
266364200,6604,422319,1
266364200,2440,422319,1
266364200,6605,422319,1
2308212777,6606,422319,1
516801659,2969,422319,1
516801659,1036,422319,1
516801659,6607,422319,1
516801659,6608,422319,1
516801659,4888,422319,1
20705041,2945,422319,1
20705041,2947,422319,1
20705041,1472,422319,1
20705041,5927,422319,1
20705041,6609,422319,1
23661525,6610,422319,1
36186797,1877,422319,1
452483362,1056,422319,1
452483362,6611,422319,1
219060990,6612,422319,1
219060990,1559,422319,1
219060990,4343,422319,1
821387179863789568,1104,422319,1
821387179863789568,6613,422319,1
23210653,6614,422319,1
23210653,6615,422319,1
205754032,6616,422319,1
205754032,6617,422319,1
42666285,6254,422320,1
42666285,6255,422320,1
42666285,6307,422320,1
42666285,6256,422320,1
390303951,4333,422320,1
390303951,4332,422320,1
390303951,6618,422320,1
390303951,2969,422320,1
390303951,4336,422320,1
256768688,6619,422320,1
256768688,6620,422320,1
75719630,2324,422320,1
75719630,6621,422320,1
75719630,6622,422320,1
26510688,6623,422320,1
26510688,6624,422320,1
26510688,6625,422320,1
26510688,6626,422320,1
26510688,6627,422320,1
26510688,6628,422320,1
26510688,2421,422320,1
26510688,1127,422320,1
27822518,6629,422320,1
27822518,1925,422320,1
27822518,1250,422320,1
19614017,1104,422320,1
1024957045,2280,422320,1
27822518,6630,422320,1
1294394910,6631,422320,1
1294394910,6632,422320,1
1294394910,1060,422320,1
16561148,1041,422320,1
16561148,6633,422320,1
16561148,1165,422320,1
16561148,6634,422320,1
16561148,6635,422320,1
16561148,2637,422320,1
2382992022,6636,422320,1
2382992022,3693,422320,1
2382992022,6637,422320,1
491965923,6638,422320,1
491965923,4570,422320,1
491965923,4573,422320,1
2359276945,6639,422320,1
821942989778026496,1176,422320,1
821942989778026496,1240,422320,1
889605598886715392,1214,422320,1
21655602,1093,422320,1
3305688459,3891,422320,1
3305688459,6640,422320,1
3305688459,6641,422320,1
3305688459,6642,422320,1
3305688459,6643,422320,1
704394662723899393,6644,422320,2
16037932,6645,422320,1
117992948,6646,422320,1
122241417,6647,422320,1
169740444,6648,422320,1
169740444,6649,422320,1
169740444,6650,422320,1
169740444,3133,422320,1
169740444,6651,422320,1
169740444,6652,422320,1
2359276945,6653,422320,1
2359276945,6654,422320,1
2359276945,6655,422320,1
26587452,3834,422320,1
20638956,2676,422320,1
20638956,6656,422320,1
10428372,4135,422320,1
10428372,6657,422320,1
10428372,6658,422320,1
39301994,4555,422320,1
132870726,6659,422320,1
549394713,6660,422320,1
549394713,6661,422320,1
964288442917146624,6205,422320,1
964288442917146624,2303,422320,1
147336082,6662,422320,1
147336082,3912,422320,1
147336082,6663,422320,1
147336082,5274,422320,1
808453413159759873,1192,422320,1
808453413159759873,6664,422320,1
42666285,6255,422321,1
42666285,6306,422321,1
42666285,6256,422321,1
42666285,6254,422321,1
227943437,1104,422321,1
287843203,6665,422321,1
287843203,1104,422321,1
32973584,4150,422321,1
32973584,4151,422321,1
32973584,1036,422321,1
443056507,6666,422321,1
443056507,2249,422321,1
443056507,6667,422321,1
443056507,6668,422321,1
162805587,2163,422321,1
162805587,2164,422321,1
162805587,2165,422321,1
162805587,2166,422321,1
48908790,4427,422321,1
1004321834,6669,422321,1
1004321834,6670,422321,1
1375162080,6671,422321,1
1375162080,4467,422321,1
14872161,6672,422321,1
14872161,3315,422321,1
27684994,2608,422321,1
18769024,6673,422321,1
18769024,6674,422321,1
18769024,6675,422321,1
18769024,6676,422321,1
49197562,6677,422321,1
49197562,6678,422321,1
49197562,6679,422321,1
49197562,6680,422321,1
49197562,6681,422321,1
49197562,5888,422321,1
1611117379,6682,422321,1
1611117379,6683,422321,1
2691882793,2969,422321,2
2691882793,6684,422321,2
2691882793,6685,422321,1
2691882793,6686,422321,1
2691882793,1263,422321,1
2691882793,3801,422321,1
2339390220,2844,422321,1
2339390220,4982,422321,1
2339390220,5008,422321,1
2339390220,6687,422321,1
294643036,6688,422321,1
2503014576,5346,422321,1
2503014576,6689,422321,1
2503014576,6690,422321,1
2503014576,6691,422321,1
852212459725357056,1124,422321,1
852212459725357056,4786,422321,1
852212459725357056,6692,422321,1
2904795817,6693,422321,1
516801659,6694,422321,1
254398554,6685,422321,1
254398554,6695,422321,1
254398554,6696,422321,1
254398554,6697,422321,1
1253920526,6698,422321,1
1253920526,6699,422321,1
20350290,6700,422321,1
20350290,6701,422321,1
6441322,2970,422321,1
6441322,1404,422321,1
6441322,3398,422321,1
6441322,2971,422321,1
6441322,1264,422321,1
6441322,6702,422321,1
21317544,6703,422321,1
21317544,6704,422321,1
21317544,6705,422321,1
143242480,1838,422321,1
42666285,3962,422322,1
42666285,6254,422322,1
42666285,6256,422322,1
42666285,6307,422322,1
205754032,6706,422322,1
205754032,3276,422322,1
205754032,6707,422322,1
24908567,6708,422322,1
24908567,6709,422322,1
25596302,6710,422322,1
25596302,1269,422322,1
25596302,4959,422322,1
25596302,3370,422322,1
25596302,6711,422322,1
25596302,6712,422322,1
25596302,6713,422322,1
25596302,3999,422322,1
25596302,6714,422322,1
388928089,6715,422322,1
388928089,1269,422322,1
388928089,6716,422322,1
388928089,6717,422322,1
388928089,6718,422322,1
269567706,6719,422322,1
333448200,6720,422322,1
333448200,6721,422322,1
333448200,4514,422322,1
333448200,6722,422322,1
19936920,6723,422322,1
19936920,6724,422322,1
944675174686904320,6725,422322,1
2382992022,2255,422322,1
961686926775463936,3009,422322,1
961686926775463936,6726,422322,1
961686926775463936,1350,422322,1
961686926775463936,6727,422322,1
961686926775463936,6728,422322,1
1900621956,6729,422322,1
109967020,2083,422322,1
109967020,3826,422322,1
735974226209869828,6730,422322,1
91247067,6731,422322,1
91247067,6732,422322,1
91247067,6733,422322,1
2472747073,5451,422322,1
2472747073,1831,422322,1
2472747073,5567,422322,1
2472747073,5448,422322,1
2472747073,6201,422322,1
2472747073,6734,422322,1
2472747073,6735,422322,1
2472747073,6202,422322,1
523987121,6736,422322,1
523987121,6737,422322,1
30070002,6738,422322,1
30070002,1555,422322,1
2267807461,6739,422322,1
2267807461,6740,422322,1
2267807461,6741,422322,1
2267807461,6742,422322,1
2267807461,1512,422322,1
2267807461,4023,422322,1
108632045,3134,422322,1
42041877,6743,422322,1
523987121,6744,422322,1
523987121,6745,422322,1
523987121,1104,422322,2
356889953,6746,422322,1
356889953,6747,422322,1
356889953,6748,422322,1
356889953,6749,422322,1
2382992022,3776,422322,1
2382992022,3496,422322,1
2382992022,1984,422322,1
2382992022,4438,422322,1
236151883,6750,422322,1
536838736,6751,422322,1
536838736,6752,422322,1
303281594,6753,422322,1
303281594,6754,422322,1
737869494589263872,4604,422322,1
737869494589263872,4605,422322,1
737869494589263872,4602,422322,1
737869494589263872,6755,422322,1
737869494589263872,6055,422322,1
3798496755,6756,422322,1
28751097,1287,422322,1
27898951,4682,422323,1
704719445168500736,1895,422323,1
704719445168500736,6757,422323,1
704719445168500736,1269,422323,1
33220557,6132,422323,1
33220557,6131,422323,1
452483362,6758,422323,1
216737404,2500,422323,1
216737404,2503,422323,1
244219557,6759,422323,1
244219557,6760,422323,1
126225171,3340,422323,1
126225171,1404,422323,1
126225171,5327,422323,1
3190031634,6761,422323,1
3190031634,6762,422323,1
15339555,1925,422323,1
15339555,6763,422323,1
181991754,1677,422323,1
29098282,6764,422323,2
632783295,1020,422323,1
632783295,6765,422323,1
417557721,2174,422323,1
1040076320,1738,422323,1
1040076320,6766,422323,1
1040076320,6767,422323,1
1040076320,6768,422323,1
1040076320,6769,422323,1
388928089,3480,422323,1
859487190,6770,422323,1
859487190,6771,422323,1
859487190,6772,422323,1
455016714,6773,422323,1
455016714,1262,422323,1
455016714,2293,422323,1
3042467750,6774,422323,1
3042467750,6775,422323,1
944675174686904320,6776,422323,1
402947402,3834,422323,1
26198700,2803,422323,1
30033535,1104,422323,1
33332954,2998,422323,3
33332954,1416,422323,1
117992948,6646,422323,1
33332954,1104,422323,2
3140768144,6777,422323,2
45397787,6778,422323,1
3140768144,1104,422323,1
288609543,6779,422323,1
288609543,6780,422323,1
288609543,6781,422323,1
288609543,6782,422323,1
117517223,6783,422323,1
117517223,6784,422323,1
117517223,1055,422323,1
117517223,6202,422323,1
117517223,1051,422323,1
29482906,4751,422323,1
4183026012,5388,422323,1
43043042,6250,422323,1
29949380,1121,422323,1
29949380,2481,422323,1
29949380,1283,422323,1
188684410,6785,422324,1
188684410,2371,422324,1
188684410,6786,422324,1
188684410,6787,422324,1
188684410,6788,422324,1
188684410,6789,422324,1
42666285,6306,422324,1
42666285,6254,422324,1
42666285,6307,422324,1
42666285,6255,422324,1
28048844,6662,422324,1
28048844,6790,422324,1
28048844,6791,422324,1
50059348,4523,422324,1
43971278,6792,422324,1
46324445,6793,422324,1
823293471184318472,6794,422324,1
823293471184318472,6795,422324,1
823293471184318472,6796,422324,1
18006459,6797,422324,1
1377615098,2838,422324,1
1950798416,2481,422324,1
6186522,6798,422324,2
6186522,6799,422324,1
6186522,1254,422324,2
6186522,6800,422324,1
6186522,6801,422324,1
6186522,6802,422324,1
6186522,6803,422324,2
16171365,1104,422324,1
20667173,1404,422324,2
20667173,2602,422324,1
20667173,2603,422324,1
20667173,4575,422324,1
20667173,2604,422324,1
20667173,2605,422324,1
20667173,2606,422324,1
20667173,2607,422324,1
20667173,2608,422324,1
980837186,2406,422324,1
6186522,1287,422324,1
6186522,6804,422324,1
6186522,6805,422324,1
14307118,6806,422324,1
821942989778026496,1176,422324,2
821942989778026496,1240,422324,2
20773271,1263,422324,1
20773271,1509,422324,1
20773271,1510,422324,1
20773271,1511,422324,1
20773271,6807,422324,1
20773271,6808,422324,1
20773271,6809,422324,1
30041223,6810,422324,1
338400068,5224,422324,1
1447208906,6811,422324,1
1447208906,6812,422324,1
1447208906,6813,422324,1
165939924,2503,422324,1
165939924,1104,422324,1
165939924,4553,422324,1
165939924,4554,422324,1
165939924,1807,422324,1
165939924,2434,422324,1
165939924,3588,422324,1
165939924,1944,422324,1
14220191,1420,422324,2
3252959691,1648,422324,1
3252959691,6814,422324,1
3252959691,6815,422324,1
881248646,6816,422324,1
881248646,6817,422324,1
881248646,1722,422324,1
881248646,6818,422324,1
29482906,6819,422324,1
213155126,6820,422324,1
213155126,6821,422324,1
21317544,3456,422324,1
21317544,2512,422324,1
21317544,1967,422324,1
21317544,3314,422324,1
50078242,2596,422324,1
188684410,6822,422324,1
188684410,3104,422324,1
791239308518776833,6823,422324,1
791239308518776833,1903,422324,1
791239308518776833,4177,422324,1
791239308518776833,1378,422324,1
791239308518776833,6824,422324,1
2533322942,6825,422324,1
2533322942,6826,422324,1
2533322942,6827,422324,1
188684410,6828,422324,1
835233546415525917,6829,422324,1
835233546415525917,6830,422324,1
835233546415525917,1252,422324,1
729637921,5544,422324,1
729637921,1350,422324,1
729637921,6831,422324,1
729637921,6832,422324,1
33220557,6221,422324,1
33220557,2906,422324,1
33220557,2907,422324,1
33220557,2908,422324,1
478153272,6833,422324,1
491965923,2960,422324,1
20667173,4617,422324,1
20667173,4618,422324,1
20667173,2292,422324,1
188684410,3024,422325,1
188684410,6834,422325,1
481819553,6835,422325,2
481819553,6836,422325,1
92186516,6837,422325,1
524041061,6838,422325,1
729017136404934657,6839,422325,1
158379240,6840,422325,1
158379240,6841,422325,1
158379240,6842,422325,1
16574620,6843,422325,1
16574620,6844,422325,1
16574620,6845,422325,1
16574620,6846,422325,1
41291189,6847,422325,1
41291189,6848,422325,1
41291189,6849,422325,1
41291189,6850,422325,1
23210653,6851,422325,1
23210653,6852,422325,1
23210653,6853,422325,1
23210653,6854,422325,1
188684410,1004,422325,1
122241417,6647,422325,1
122241417,2273,422325,1
33173838,6855,422325,1
33173838,6856,422325,1
33173838,6857,422325,1
224064154,1280,422325,1
224064154,3731,422325,1
224064154,1631,422325,1
224064154,1629,422325,1
224064154,1630,422325,1
224064154,1628,422325,1
1415367944,6858,422325,1
1415367944,1036,422325,1
1415367944,6859,422325,1
3140768144,1104,422325,1
2899501815,6860,422325,1
2899501815,4107,422325,1
2899501815,6861,422325,1
2899501815,4876,422325,1
2899501815,2930,422325,1
126344860,6862,422325,1
35762101,3054,422325,1
35762101,3766,422325,1
2472747073,6200,422325,1
2472747073,6625,422325,1
2472747073,5274,422325,1
2472747073,6201,422325,1
2472747073,3530,422325,1
2472747073,6863,422325,1
2472747073,6864,422325,1
491965923,5192,422325,1
349546755,1104,422325,1
397217072,6865,422325,1
1927324363,6866,422325,1
1927324363,6867,422325,1
1927324363,6868,422325,1
1927324363,6869,422325,1
38447410,6870,422325,1
26293684,6871,422325,1
26293684,6872,422325,1
26293684,6873,422325,1
17856765,1382,422325,1
42666285,6256,422326,1
42666285,6306,422326,1
42666285,6307,422326,1
42666285,6255,422326,1
33332954,2998,422326,2
33332954,1104,422326,2
15673984,6874,422326,1
969198575967186944,2960,422326,1
440936933,1207,422326,1
440936933,1208,422326,1
440936933,1209,422326,1
440936933,1063,422326,1
440936933,1210,422326,1
440936933,1211,422326,1
440936933,1212,422326,1
26171079,4686,422326,1
179682563,3122,422326,1
108632045,6875,422326,1
108632045,3222,422326,1
117828219,6876,422326,1
117828219,6877,422326,1
117828219,2444,422326,1
117828219,6878,422326,1
944675174686904320,2260,422326,1
523987121,6736,422326,1
19836394,6879,422326,1
503911925,1636,422326,1
503911925,1637,422326,1
503911925,1638,422326,1
503911925,1639,422326,1
503911925,1640,422326,1
503911925,1641,422326,1
503911925,1642,422326,1
1003331059,2890,422326,1
1003331059,6880,422326,1
11007892,1898,422326,1
11007892,6881,422326,1
11007892,6882,422326,1
11007892,6883,422326,1
11007892,6884,422326,1
821942989778026496,1176,422326,1
821942989778026496,1240,422326,1
821942989778026496,1241,422326,1
2815863258,1000,422326,1
2815863258,1001,422326,1
2815863258,1002,422326,1
2815863258,1003,422326,1
2900057176,6885,422326,1
129856146,3576,422326,1
129856146,6886,422326,1
129856146,4661,422326,1
91151434,1104,422326,1
91151434,6887,422326,1
43971278,6888,422326,1
729017136404934657,6889,422326,1
188684410,6890,422326,1
305025897,3071,422326,1
305025897,6891,422326,1
305025897,6892,422326,1
305025897,1831,422326,1
521978260,6893,422326,2
521978260,4049,422326,2
521978260,6894,422326,2
521978260,6895,422326,1
188684410,6896,422326,1
251925254,6897,422326,1
251925254,1271,422326,1
251925254,6898,422326,1
251925254,1331,422326,1
251925254,1452,422326,1
521978260,6899,422326,1
503911925,1072,422326,1
503911925,1073,422326,1
503911925,1074,422326,1
503911925,1075,422326,1
503911925,1076,422326,1
23033226,2969,422326,1
1400802510,2141,422326,1
1400802510,1969,422326,1
1400802510,6900,422326,1
169739404,6901,422326,1
29802659,6902,422326,1
29802659,1269,422326,1
18086437,6903,422326,1
18086437,2950,422326,1
1177008956,6904,422326,1
1177008956,2207,422326,1
1177008956,2786,422326,1
1177008956,2118,422326,1
1177008956,4857,422326,1
1177008956,6905,422326,1
179682563,2674,422326,1
179682563,2171,422326,1
179682563,6906,422326,1
179682563,1132,422326,1
179682563,3466,422326,1
179682563,5025,422326,1
179682563,1039,422326,1
126376588,6907,422326,1
42666285,4842,422207,1
42666285,5151,422207,1
42666285,4921,422207,1
42666285,4896,422207,1
52784759,6908,422207,1
52784759,6909,422207,1
52784759,6910,422207,1
52784759,6911,422207,1
52784759,6912,422207,1
52784759,6913,422207,1
3121750933,6914,422207,1
27280957,6915,422207,1
27280957,6916,422207,1
27280957,6917,422207,1
27280957,6918,422207,1
27280957,6919,422207,1
27280957,6920,422207,1
27280957,6921,422207,1
27280957,6922,422207,1
29493760,6923,422207,1
29493760,6924,422207,1
29493760,6925,422207,1
29493760,1287,422207,1
102093426,6926,422207,1
181991754,1677,422207,1
181991754,1678,422207,1
2382992022,3412,422207,1
2382992022,3413,422207,1
2382992022,6927,422207,1
536838736,4889,422207,1
536838736,6928,422207,1
536838736,1823,422207,1
227767298,6929,422207,1
2315257075,6930,422207,1
22170848,3027,422207,1
22170848,6931,422207,1
22170848,6932,422207,1
22170848,6933,422207,1
2252730644,6934,422207,1
94839619,1648,422207,1
503911925,1638,422207,1
503911925,6935,422207,1
503911925,6936,422207,1
503911925,6937,422207,1
503911925,6938,422207,1
503911925,1072,422207,2
503911925,1073,422207,2
503911925,1074,422207,2
503911925,1075,422207,2
503911925,1076,422207,2
191306541,6939,422207,1
191306541,1472,422207,1
20967892,5350,422207,1
20967892,6940,422207,1
20967892,6941,422207,1
20967892,6942,422207,1
143705429,6943,422207,1
188684410,6944,422207,1
188684410,1004,422207,1
188684410,4973,422207,1
188684410,6945,422207,1
58664645,6092,422207,1
58664645,2563,422207,1
58664645,1156,422207,1
58664645,6946,422207,1
58664645,2199,422207,1
58664645,1747,422207,1
72665113,1648,422207,1
72665113,5157,422207,1
72665113,5230,422207,1
72665113,1647,422207,1
22096419,6947,422207,1
17329901,6948,422207,1
17329901,6949,422207,1
17329901,6950,422207,1
17329901,6951,422207,1
27822518,4723,422207,1
27822518,6952,422207,1
27822518,6953,422207,1
21275774,1020,422207,1
21275774,6954,422207,1
21275774,6955,422207,1
44035310,6956,422207,1
44035310,3222,422207,1
2817837144,4649,422207,1
15673984,4253,422207,1
209251530,6957,422207,1
209251530,6958,422207,1
209251530,1555,422207,1
209251530,6959,422207,1
209251530,6960,422207,1
209251530,6961,422207,1
209251530,1548,422207,1
209251530,2012,422207,1
821942989778026496,1176,422207,1
821942989778026496,1240,422207,1
23711313,1553,422207,1
23711313,6962,422207,1
27822518,1648,422207,1
785213265454374912,1067,422207,1
866171997612498944,1104,422207,1
21275774,6963,422207,1
21275774,6964,422207,1
1611117379,6965,422207,1
1611117379,6966,422207,1
1611117379,6967,422207,1
1611117379,6968,422207,1
1611117379,1159,422207,1
1611117379,5783,422207,1
108632045,6146,422208,1
35280003,1564,422208,1
767387050869977088,5149,422208,1
767387050869977088,6969,422208,1
767387050869977088,6970,422208,1
767387050869977088,6971,422208,1
767387050869977088,6479,422208,1
767387050869977088,6972,422208,1
351380039,6973,422208,1
351380039,6974,422208,1
351380039,6975,422208,1
351380039,6976,422208,1
181991754,1648,422208,2
181991754,1677,422208,2
99982506,1104,422208,1
99982506,6977,422208,1
29493760,6978,422208,1
29493760,6979,422208,1
20773271,2619,422208,1
20773271,6980,422208,1
20773271,6981,422208,1
20773271,2136,422208,1
20773271,6982,422208,1
20773271,6983,422208,1
20773271,6984,422208,1
44035310,6985,422208,1
795650513257791488,1104,422208,1
181991754,1622,422208,1
20687509,6736,422208,1
20687509,6986,422208,3
788960368903106561,3815,422208,1
788960368903106561,3816,422208,1
788960368903106561,2678,422208,1
42777690,1414,422208,1
42777690,6987,422208,1
42777690,1304,422208,1
16966202,6988,422208,1
16966202,6989,422208,1
16966202,6990,422208,1
16966202,6991,422208,1
16966202,4117,422208,1
16966202,4818,422208,1
16966202,5566,422208,1
783615631606288384,3744,422208,1
783615631606288384,6992,422208,1
16966202,6993,422208,1
55075435,6994,422208,1
229928869,6995,422208,1
229928869,6996,422208,1
115240486,6997,422208,1
115240486,4903,422208,1
214305445,6998,422208,1
194573948,6999,422208,1
2503014576,7000,422208,1
2503014576,7001,422208,1
2503014576,4295,422208,1
50078242,1033,422208,1
50078242,7002,422208,1
111663948,1648,422208,1
111663948,2550,422208,1
111663948,2549,422208,1
61547959,1189,422208,1
61547959,1669,422208,1
61547959,1404,422208,1
266364200,7003,422208,1
20687509,7004,422208,2
20687509,7005,422208,1
20687509,7006,422208,1
3318266650,2501,422208,1
3318266650,5308,422208,1
92186516,7007,422208,1
92186516,1515,422208,1
92186516,7008,422208,1
92186516,7009,422208,1
92186516,7010,422208,1
194573948,2312,422208,1
18769024,7011,422208,1
188684410,5729,422208,1
43284245,6588,422208,1
2723851180,5981,422208,1
2723851180,5982,422208,1
2723851180,5983,422208,1
933165969609854981,7012,422208,1
933165969609854981,7013,422208,1
933165969609854981,7014,422208,1
933165969609854981,3381,422208,1
933165969609854981,7015,422208,1
933165969609854981,7016,422208,1
203740687,7017,422208,1
42666285,7018,422209,1
42666285,7019,422209,1
42666285,7020,422209,1
20687509,6986,422209,2
20687509,7004,422209,2
181991754,1472,422209,1
181991754,1307,422209,1
23661314,1104,422209,1
36150464,5160,422209,2
36150464,5161,422209,1
36150464,6829,422209,1
21275774,7021,422209,1
21275774,6954,422209,1
21275774,7022,422209,1
28495138,2912,422209,1
28495138,3047,422209,1
28495138,3050,422209,1
28495138,3825,422209,2
28495138,2611,422209,1
28495138,7023,422209,1
303281594,7024,422209,1
303281594,3133,422209,1
303281594,3479,422209,1
36150464,3606,422209,1
20687509,7005,422209,1
20687509,7025,422209,1
29928046,7026,422209,1
20667173,7027,422209,1
20667173,7028,422209,1
31050688,1654,422209,1
31050688,1538,422209,1
31050688,7029,422209,1
31050688,7030,422209,1
31050688,7031,422209,1
31050688,7032,422209,1
31050688,1097,422209,1
31050688,7033,422209,1
31050688,1096,422209,1
31050688,3617,422209,1
227767298,7034,422209,1
227767298,7035,422209,1
179682563,7036,422209,1
179682563,7037,422209,1
278270169,1648,422209,1
278270169,7038,422209,1
349546755,7039,422209,1
349546755,1104,422209,1
16039183,1350,422209,1
16039183,1224,422209,1
16039183,1225,422209,1
16039183,1226,422209,1
16039183,1227,422209,1
16039183,1228,422209,1
14543465,1211,422209,1
22324461,1648,422209,1
22324461,1104,422209,1
31577021,1077,422209,1
31577021,1078,422209,1
80807182,1648,422209,1
80807182,4400,422209,1
80807182,7040,422209,1
2696747858,7041,422209,1
121971486,5166,422209,1
121971486,7042,422209,1
121971486,7043,422209,1
121971486,7044,422209,1
121971486,7045,422209,1
121971486,7046,422209,1
51355424,7047,422209,1
2575585038,1654,422209,1
50958238,7048,422209,1
516801659,7049,422209,1
516801659,7050,422209,1
516801659,7051,422209,1
516801659,6759,422209,1
516801659,2623,422209,1
181991754,7052,422209,1
2815863258,1036,422210,1
2815863258,7053,422210,1
2815863258,2940,422210,1
2815863258,2826,422210,1
110499296,1746,422210,1
110499296,7054,422210,1
110499296,1287,422210,1
110499296,1546,422210,1
110499296,2207,422210,1
110499296,7055,422210,1
110499296,3654,422210,1
110499296,3711,422210,1
3396746410,7056,422210,1
154356369,5618,422210,1
154356369,7057,422210,1
154356369,5620,422210,1
154356369,7058,422210,1
154787745,1813,422210,1
154787745,1814,422210,1
821942989778026496,1176,422210,1
821942989778026496,1240,422210,1
188684410,1568,422210,1
188684410,1569,422210,1
188684410,7059,422210,1
1950798416,7060,422210,1
1950798416,7061,422210,1
3096845622,7062,422210,1
3096845622,2481,422210,1
227767298,1265,422210,1
2598881534,1182,422210,1
137941195,3253,422210,1
137941195,4460,422210,1
181991754,1648,422210,1
1410671952,3313,422210,1
17795451,2671,422210,1
17795451,1714,422210,1
17795451,7063,422210,1
17795451,1809,422210,1
17795451,7064,422210,1
3086338765,1247,422210,1
3086338765,1248,422210,1
3086338765,1249,422210,1
1644166728,1648,422210,1
44429531,7065,422210,1
44429531,7066,422210,1
44429531,7067,422210,1
44429531,7068,422210,1
44429531,7069,422210,1
3035107050,2561,422210,1
209251530,6957,422210,1
209251530,6958,422210,1
209251530,1555,422210,1
209251530,6959,422210,1
209251530,6960,422210,1
209251530,6961,422210,1
209251530,1548,422210,1
33252620,7070,422210,1
35762101,7071,422210,1
35762101,7072,422210,1
35762101,7073,422210,1
35762101,7074,422210,1
35762101,3764,422210,1
38590978,7075,422210,1
38590978,7076,422210,1
38590978,7077,422210,1
179682563,7036,422210,2
179682563,7037,422210,1
179682563,2480,422210,2
179682563,7078,422210,1
11029372,7079,422210,1
444771207,1648,422210,1
444771207,4178,422210,1
444771207,4179,422210,1
179682563,1300,422210,1
179682563,7080,422210,1
26322502,2880,422210,1
20667173,4636,422211,1
20667173,4637,422211,1
20667173,4638,422211,1
20667173,2292,422211,2
20667173,1404,422211,2
444771207,1648,422211,2
20667173,4632,422211,1
427424201,4912,422211,1
423862419,1017,422211,1
20667173,7027,422211,1
20667173,7028,422211,1
444771207,4178,422211,1
444771207,4179,422211,1
823229033936732162,7081,422211,1
31050688,7082,422211,1
31050688,7083,422211,1
31050688,5157,422211,1
31050688,3860,422211,1
31050688,1215,422211,1
31050688,7084,422211,1
31050688,7085,422211,1
2898008660,1532,422211,1
2898008660,1533,422211,1
2898008660,1534,422211,1
2898008660,1535,422211,1
2898008660,1536,422211,1
35762101,7086,422211,1
35762101,7087,422211,2
452483362,7088,422211,2
83431030,1648,422211,1
83431030,2755,422211,1
83431030,1062,422211,2
83431030,1427,422211,1
83431030,7089,422211,1
83431030,1187,422211,1
83431030,7090,422211,1
444771207,7091,422211,1
444771207,7092,422211,1
444771207,7093,422211,1
444771207,7094,422211,1
23189306,7095,422211,1
781378946,7096,422211,1
20667173,5371,422211,1
20667173,4618,422211,1
20667173,5372,422211,1
20667173,5373,422211,1
237488314,7097,422211,1
237488314,7098,422211,1
237488314,1637,422211,1
3603083360,6286,422211,1
3603083360,7099,422211,1
3603083360,1990,422211,1
3603083360,7100,422211,1
55740546,1608,422211,1
55740546,7101,422211,1
55740546,7102,422211,1
237514324,1648,422211,1
237514324,5265,422211,1
237514324,1509,422211,1
237514324,7103,422211,1
33976616,1648,422211,1
33976616,4110,422211,1
33976616,7104,422211,1
33976616,3425,422211,1
33976616,7105,422211,1
2457278850,1538,422211,1
2457278850,2897,422211,1
2457278850,1967,422211,1
2457278850,3181,422211,1
2457278850,1604,422211,1
2457278850,1720,422211,1
2457278850,2800,422211,1
110499296,7106,422211,1
110499296,1543,422211,1
110499296,1545,422211,1
110499296,1546,422211,1
110499296,1544,422211,1
2469884923,7107,422211,1
2469884923,7108,422211,1
2469884923,7109,422211,1
2469884923,7110,422211,1
42666285,7019,422212,1
42666285,1883,422212,1
42666285,7111,422212,1
36815578,7112,422212,1
36815578,7113,422212,1
36815578,7114,422212,1
36815578,7115,422212,1
209251530,6957,422212,1
209251530,6958,422212,1
209251530,1555,422212,1
209251530,6959,422212,1
209251530,6960,422212,1
519182001,7116,422212,1
944675174686904320,7117,422212,1
15673984,7118,422212,1
15673984,4253,422212,1
103414232,7119,422212,1
103414232,7022,422212,1
103414232,6440,422212,1
103414232,7120,422212,1
137941195,4460,422212,2
137941195,1458,422212,1
31553533,1229,422212,1
31553533,3464,422212,1
31553533,4671,422212,1
31553533,7121,422212,1
31553533,3472,422212,1
31553533,1746,422212,1
3040469950,1674,422212,1
3040469950,4897,422212,1
3040469950,5023,422212,1
3040469950,1403,422212,1
839557949626413056,4014,422212,1
839557949626413056,7122,422212,1
839557949626413056,7123,422212,1
839557949626413056,7124,422212,1
839557949626413056,1816,422212,1
839557949626413056,2696,422212,1
134539954,7125,422212,1
1137616350,7126,422212,1
799708890791178240,7127,422212,1
799708890791178240,7128,422212,1
799708890791178240,7129,422212,1
29184283,7130,422212,1
459072363,7131,422212,1
459072363,7132,422212,1
42032458,3588,422212,1
6441322,7133,422212,1
1895055372,4681,422212,1
1895055372,2383,422212,1
28048844,7134,422212,1
215499281,7135,422212,1
215499281,7136,422212,1
35762101,7137,422212,1
35762101,7072,422212,1
35762101,4903,422212,1
35762101,5127,422212,1
35762101,2352,422212,1
35762101,3799,422212,1
35762101,1287,422212,1
35762101,1622,422212,1
2152607782,6734,422212,1
227767298,1265,422212,1
277816850,7138,422212,1
277816850,1331,422212,1
42666285,1883,422213,1
42666285,7019,422213,1
42666285,7020,422213,1
459072363,7139,422213,1
459072363,7140,422213,1
1171031450,7141,422213,1
1171031450,7142,422213,1
1171031450,7143,422213,1
1171031450,7144,422213,1
1171031450,7145,422213,1
1171031450,7146,422213,1
39206945,1622,422213,1
39206945,7147,422213,1
162805587,7148,422213,1
162805587,7149,422213,1
162805587,1154,422213,1
165939924,1746,422213,1
165939924,1104,422213,1
165939924,4553,422213,1
165939924,4554,422213,1
165939924,1807,422213,1
165939924,2434,422213,1
165939924,3588,422213,1
258042096,7150,422213,1
258042096,7151,422213,1
258042096,3810,422213,1
258042096,7152,422213,1
35762101,7153,422213,1
35762101,2784,422213,1
35762101,5127,422213,1
452483362,5480,422213,1
452483362,5481,422213,1
195542375,7154,422213,1
277816850,1136,422213,1
277816850,7155,422213,1
277816850,2532,422213,1
2445855570,7156,422213,1
214305445,5336,422213,1
188684410,6890,422213,1
351380039,7157,422213,1
351380039,7158,422213,1
351380039,7159,422213,1
351380039,7160,422213,1
351380039,7161,422213,1
351380039,7162,422213,1
351380039,7163,422213,1
351380039,7164,422213,1
103414232,7119,422213,1
103414232,7165,422213,1
103414232,1063,422213,1
31509150,5945,422213,1
799708890791178240,3389,422213,2
799708890791178240,7166,422213,1
799708890791178240,3390,422213,1
799708890791178240,3392,422213,1
799708890791178240,3360,422213,1
799708890791178240,7167,422213,1
848738334,5585,422213,1
960678293157560320,5857,422213,1
179682563,4987,422213,1
42495288,7168,422213,1
42495288,7169,422213,1
42495288,4733,422213,1
42495288,7170,422213,1
27822518,4513,422213,1
188684410,4973,422213,1
188684410,1004,422213,1
188684410,7171,422213,1
42666285,7018,422214,1
42666285,7020,422214,1
42666285,1883,422214,1
36815578,7172,422214,1
36815578,7173,422214,1
36815578,7112,422214,1
188684410,2468,422214,1
188684410,5391,422214,1
188684410,1746,422214,1
188684410,1562,422214,1
2457278850,1538,422214,1
2457278850,4772,422214,1
2457278850,4513,422214,1
2457278850,7174,422214,1
2457278850,7175,422214,1
2457278850,7176,422214,1
2457278850,2492,422214,1
2457278850,4034,422214,1
2457278850,7177,422214,1
2457278850,7178,422214,1
23644966,7179,422214,1
334363355,1472,422214,2
334363355,7180,422214,2
334363355,1471,422214,2
334363355,7181,422214,2
3096845622,3845,422214,1
19836394,6879,422214,1
32973584,1093,422214,1
32973584,7182,422214,1
32973584,7183,422214,1
19836394,7184,422214,1
19836394,7185,422214,1
21708721,1693,422214,1
21708721,4150,422214,1
21708721,4997,422214,1
233889281,3133,422214,1
233889281,1648,422214,1
233889281,7186,422214,1
250295256,7187,422214,1
52491011,7188,422214,1
52491011,7189,422214,1
524041061,6838,422214,1
26510688,1127,422214,1
26510688,2952,422214,1
26510688,7190,422214,1
26510688,1130,422214,1
26510688,7191,422214,1
27822518,7192,422214,1
42666285,7111,422215,1
42666285,7020,422215,1
42666285,7018,422215,1
188684410,1567,422215,1
188684410,7193,422215,1
2445855570,1329,422215,1
27822518,7194,422215,1
110499296,7195,422215,1
110499296,7196,422215,1
110499296,7197,422215,1
110499296,5384,422215,1
110499296,7198,422215,1
30070002,1555,422215,1
188684410,1579,422215,1
188684410,1580,422215,1
188684410,7199,422215,1
188684410,7200,422215,1
188684410,7201,422215,1
2987020974,7202,422215,1
2987020974,7203,422215,1
42666285,1883,422216,1
42666285,7020,422216,1
42666285,7018,422216,1
18791163,7204,422216,1
18791163,7205,422216,1
26198700,2803,422216,1
188684410,2371,422216,1
188684410,1263,422216,1
188684410,1287,422216,1
188684410,5447,422217,1
188684410,1579,422217,1
188684410,7206,422217,1
188684410,7207,422217,1
188684410,1004,422217,2
188684410,7208,422217,1
188684410,4972,422217,1
188684410,7209,422217,1
188684410,4973,422217,1
188684410,1562,422217,1
188684410,7210,422217,1
42666285,7018,422218,1
42666285,7019,422218,1
42666285,7020,422218,1
15985057,7211,422218,1
503911925,7212,422218,1
503911925,7213,422218,1
503911925,7214,422218,1
503911925,1072,422218,1
503911925,1073,422218,1
47248291,1571,422218,1
47248291,1572,422218,1
16966202,7215,422218,1
42666285,7111,422219,1
42666285,7020,422219,1
42666285,1883,422219,1
2155897448,1602,422219,4
2155897448,1603,422219,3
2155897448,1604,422219,1
2155897448,1605,422219,2
2155897448,2630,422219,2
2155897448,3318,422219,1
2155897448,2207,422219,1
2155897448,7216,422219,1
2155897448,7217,422219,1
2155897448,7218,422219,1
2155897448,7219,422219,1
2155897448,2227,422219,1
2155897448,7220,422219,1
2155897448,3317,422219,1
503911925,7221,422219,1
59888158,7222,422219,1
59888158,7223,422219,1
503911925,7224,422219,1
503911925,7225,422219,1
42666285,7018,422220,1
42666285,1883,422220,1
42666285,7020,422220,1
2797274671,1104,422220,1
2797274671,1036,422220,1
2797274671,7226,422220,1
2797274671,7227,422220,1
2797274671,7228,422220,1
2797274671,7229,422220,1
2797274671,2152,422220,1
2797274671,7230,422220,1
2797274671,1977,422220,1
3192377558,7231,422220,1
3192377558,7211,422220,1
452483362,7232,422220,1
452483362,4640,422220,1
452483362,7233,422220,1
452483362,7234,422220,1
292992978,7235,422220,1
292992978,3322,422220,1
292992978,3323,422220,1
292992978,1680,422220,1
292992978,5099,422220,1
292992978,1621,422220,1
3318266650,7236,422220,1
3318266650,7237,422220,1
2267807461,1726,422220,1
2267807461,1727,422220,1
2267807461,1728,422220,1
2267807461,1729,422220,1
2267807461,1730,422220,1
2267807461,1731,422220,1
2267807461,1732,422220,1
2267807461,1733,422220,1
34159452,7238,422220,1
162805587,2117,422220,1
162805587,7148,422220,1
162805587,7239,422220,1
162805587,7240,422220,1
154787745,1813,422221,5
132870726,7241,422221,1
319110397,3095,422221,1
319110397,7242,422221,1
319110397,7243,422221,1
36815578,1877,422221,1
36815578,6279,422221,1
36815578,7112,422221,1
36815578,7113,422221,1
36815578,3431,422221,1
417557721,2174,422221,1
361188508,7244,422221,1
361188508,7245,422221,1
154787745,1814,422221,3
2267807461,1727,422221,6
2267807461,7246,422221,2
2267807461,1726,422221,4
2267807461,1728,422221,4
2267807461,1729,422221,4
2267807461,1730,422221,4
2267807461,1731,422221,4
211904493,1104,422221,1
154787745,1909,422221,2
20350290,7247,422221,1
20350290,7248,422221,1
20350290,3864,422221,1
20350290,7249,422221,1
45397787,7250,422221,1
45397787,7251,422221,1
45397787,5843,422221,1
19640448,7252,422221,1
19640448,1001,422221,1
21628022,7253,422221,1
21628022,7254,422221,1
2267807461,1732,422221,2
2267807461,1733,422221,2
3086338765,1890,422221,1
3086338765,1891,422221,1
3086338765,2683,422221,1
30443179,7255,422221,1
30443179,7256,422221,1
30443179,7257,422221,1
2598881534,7214,422221,1
252632473,6539,422221,1
252632473,6540,422221,1
452483362,2455,422221,1
361188508,7258,422221,1
361188508,7259,422221,1
361188508,7260,422221,1
361188508,7261,422221,1
361188508,7262,422221,1
42666285,1883,422222,1
42666285,7018,422222,1
42666285,7020,422222,1
558163732,7263,422222,1
558163732,7264,422222,1
558163732,7265,422222,1
558163732,7266,422222,1
558163732,7267,422222,1
558163732,7268,422222,1
516801659,7269,422222,1
244697105,7270,422222,1
244697105,7271,422222,1
244697105,7272,422222,1
244697105,7273,422222,1
452483362,3330,422222,1
27482129,7274,422222,1
121809964,3377,422222,1
121809964,3517,422222,1
1145581525,7275,422222,1
191651063,7276,422222,1
390132456,4635,422222,1
154787745,7277,422222,1
154787745,1813,422222,1
516801659,7278,422222,1
516801659,7279,422222,1
516801659,7280,422222,1
516801659,6150,422222,1
516801659,1875,422222,1
2267807461,7281,422222,1
2267807461,7282,422222,1
2267807461,7283,422222,1
2267807461,7284,422222,1
2267807461,7285,422222,1
2267807461,1449,422222,1
2267807461,1300,422222,1
2421458276,7286,422222,1
107171353,7287,422222,1
55348953,1271,422222,1
3040469950,1674,422222,1
3040469950,7288,422222,1
3040469950,2576,422222,1
3040469950,4897,422222,1
3040469950,1472,422222,1
390641266,1372,422222,1
529578971,1059,422222,1
529578971,5163,422222,1
529578971,4984,422222,1
529578971,7289,422222,1
529578971,4605,422222,1
529578971,7290,422222,1
529578971,7291,422222,1
99982506,7292,422222,1
99982506,7293,422222,1
2691882793,2207,422222,1
2691882793,6904,422222,1
2691882793,3907,422222,1
2691882793,7294,422222,1
2691882793,7295,422222,1
2691882793,7213,422222,1
2691882793,3767,422222,1
2691882793,7296,422222,1
2691882793,3385,422222,1
2691882793,7297,422222,1
20350290,7247,422222,2
821942989778026496,1176,422222,1
821942989778026496,1240,422222,1
821942989778026496,1241,422222,1
11550302,7298,422222,1
3439382769,7299,422222,1
3439382769,7300,422222,1
22096419,4363,422222,1
22096419,4977,422222,1
22096419,7301,422222,1
50059348,1457,422222,1
50059348,7302,422222,1
50059348,4086,422222,1
50059348,7303,422222,1
50059348,4174,422222,1
50059348,7304,422222,1
50059348,4180,422222,1
50059348,7305,422222,1
453662585,2954,422222,1
42666285,7019,422223,1
42666285,1883,422223,1
42666285,7020,422223,1
427683210,4654,422223,1
427683210,4038,422223,1
20385424,7242,422223,1
821942989778026496,1176,422223,6
821942989778026496,1240,422223,6
821942989778026496,1241,422223,4
2382992022,1983,422223,1
2382992022,3495,422223,1
2382992022,5155,422223,1
2382992022,7306,422223,1
2382992022,2811,422223,1
177645831,7307,422223,1
349546755,2758,422223,1
349546755,7308,422223,1
349546755,7309,422223,1
349546755,7310,422223,1
349546755,7311,422223,1
349546755,7312,422223,1
340123805,1039,422223,1
340123805,7313,422223,1
340123805,7314,422223,1
340123805,7315,422223,1
340123805,7316,422223,1
340123805,7317,422223,1
491965923,7318,422223,1
491965923,7319,422223,1
491965923,7320,422223,1
491965923,3088,422223,1
491965923,7321,422223,1
821942989778026496,1242,422223,1
821942989778026496,6579,422223,1
6441322,7322,422223,1
163621065,7323,422223,1
51903296,1104,422223,1
3140768144,5853,422223,1
3140768144,7324,422223,1
3140768144,7325,422223,1
42041877,7326,422223,1
154787745,7277,422223,1
25544424,7327,422223,1
25544424,7328,422223,1
25544424,7329,422223,1
25544424,5299,422223,1
201139912,1417,422223,1
4458841395,7248,422223,1
4458841395,7330,422223,1
19366159,2636,422223,1
19366159,7331,422223,1
23559911,7332,422223,1
23559911,7333,422223,1
20350290,7247,422223,1
20350290,3864,422223,1
23559911,7334,422223,1
23559911,5434,422223,1
23559911,7335,422223,1
23189306,2578,422223,1
23189306,4384,422223,1
23189306,7336,422223,1
23559911,1269,422223,1
23559911,7134,422223,1
23559911,7337,422223,1
45361846,3505,422223,1
558163732,2083,422223,1
558163732,7338,422223,1
558163732,7339,422223,1
27684994,1925,422223,1
27684994,7340,422223,1
27684994,7341,422223,1
27684994,7342,422223,1
3031437327,7343,422223,1
3031437327,7344,422223,1
3031437327,7345,422223,1
116747298,7242,422223,1
18769024,7346,422223,1
18769024,7347,422223,1
18769024,7348,422223,1
23559911,7349,422224,1
2359276945,7350,422224,1
6441322,2970,422224,1
6441322,1404,422224,1
6441322,3399,422224,1
6441322,7351,422224,1
6441322,3398,422224,1
6441322,2971,422224,1
524041061,4851,422224,1
2948935092,1192,422224,2
19043074,7352,422224,1
27649141,7353,422224,1
575843103,3705,422224,1
575843103,3706,422224,1
575843103,2707,422224,1
19167916,1104,422224,1
214751606,7354,422224,1
288609543,2481,422224,1
288609543,1101,422224,1
288609543,1877,422224,1
288609543,7355,422224,1
288609543,7356,422224,1
288609543,1062,422224,1
23711313,3834,422224,1
23711313,4799,422224,1
23711313,7357,422224,1
23711313,2673,422224,1
23711313,7358,422224,1
23711313,7359,422224,1
23711313,1720,422224,1
443056507,2517,422224,1
443056507,7360,422224,1
65956819,5117,422224,1
65956819,7361,422224,1
65956819,7362,422224,1
65956819,7363,422224,1
33252620,7364,422224,1
33252620,7365,422224,1
33252620,7242,422224,1
33252620,7366,422224,1
33252620,7367,422224,1
52784759,7368,422224,1
52784759,7211,422224,1
52784759,7369,422224,1
52784759,7370,422224,1
52784759,7371,422224,1
52784759,6160,422224,1
52784759,2468,422224,1
1400802510,2141,422224,1
1400802510,7372,422224,1
1400802510,7373,422224,1
30026308,7374,422224,1
30026308,3354,422224,1
27066927,1104,422224,2
27066927,7375,422224,1
21655602,7376,422224,1
1025363402,7377,422224,1
1025363402,7378,422224,1
19043074,1104,422224,1
48804747,1081,422224,1
1004321834,7242,422224,1
1004321834,7340,422224,1
1004321834,7379,422224,1
1004321834,7380,422224,1
50073427,7381,422224,1
50073427,4780,422224,1
50073427,4781,422224,1
50073427,4782,422224,1
50073427,1036,422224,1
50073427,1062,422224,1
50073427,4783,422224,1
50073427,7382,422224,1
50073427,4527,422224,1
3040469950,1674,422224,1
3040469950,4897,422224,1
3040469950,3712,422224,1
3040469950,1472,422224,1
360837913,1402,422224,1
360837913,1909,422224,1
360837913,3057,422224,1
360837913,1664,422224,1
360837913,7383,422224,1
69405550,7384,422224,1
69405550,4381,422224,1
2535617493,7385,422224,1
1002003048,7386,422224,1
1002003048,2568,422224,2
1002003048,2569,422224,2
1002003048,2846,422224,2
96837825,7368,422224,1
266364200,5933,422224,1
4458841395,2503,422224,1
4458841395,7387,422224,1
4458841395,7388,422224,1
4458841395,1104,422224,1
998273706,7389,422224,1
998273706,7390,422224,1
998273706,1702,422224,1
278366249,3864,422224,1
36815578,3808,422224,1
36815578,3222,422224,1
36815578,7374,422224,1
36815578,7112,422224,1
574623158,7391,422224,1
23210653,7392,422224,1
28751097,7393,422224,1
2815863258,7394,422225,1
2815863258,2772,422225,1
2815863258,1000,422225,1
2815863258,1001,422225,1
2815863258,1002,422225,1
2815863258,1003,422225,1
42666285,7018,422225,1
42666285,7111,422225,1
42666285,7020,422225,1
216039050,1104,422225,1
6319192,7395,422225,1
429664977,7396,422225,1
429664977,7397,422225,1
429664977,7398,422225,1
17795451,1826,422225,1
821387179863789568,6613,422225,1
20350290,3343,422225,1
20350290,7247,422225,1
838892865346486274,4723,422225,1
838892865346486274,3740,422225,1
838892865346486274,7399,422225,1
1259649151,7242,422225,1
35326240,7400,422225,1
248359406,7401,422225,1
248359406,7402,422225,1
248359406,7403,422225,1
122780012,7404,422225,1
122780012,1851,422225,1
122780012,5636,422225,1
122780012,1165,422225,1
158284320,7242,422225,1
28751097,7393,422225,1
28751097,7405,422225,1
889337934,7406,422225,1
889337934,3567,422225,1
889337934,3569,422225,1
889337934,7407,422225,1
889337934,7408,422225,1
440936933,1207,422225,1
440936933,1208,422225,1
440936933,1209,422225,1
440936933,1063,422225,1
440936933,1210,422225,1
440936933,1211,422225,1
440936933,1212,422225,1
58030028,7409,422225,1
54813581,7410,422225,1
3121750933,1014,422225,1
3121750933,1015,422225,1
3121750933,2229,422225,1
3121750933,2230,422225,1
3121750933,2231,422225,1
3121750933,2232,422225,1
217632453,3728,422225,1
217632453,2595,422225,1
2180539082,7411,422225,1
21280370,7412,422225,1
2691882793,5860,422225,1
2691882793,1263,422225,1
2691882793,5859,422225,1
2691882793,7413,422225,1
2691882793,3577,422225,1
2691882793,7414,422225,1
2691882793,1423,422225,1
2691882793,1431,422225,1
2691882793,3801,422225,1
109967020,7340,422225,1
42074161,7242,422225,1
42074161,7415,422225,1
42074161,7416,422225,1
77776325,1723,422225,1
77776325,7417,422225,1
25448236,1936,422225,1
111068041,7418,422225,1
111068041,7419,422225,1
524041061,7420,422225,1
524041061,7421,422225,1
524041061,4142,422225,1
245818918,7422,422225,1
245818918,7423,422225,1
245818918,7424,422225,1
22220760,1649,422225,1
22220760,7425,422225,1
22220760,6883,422225,1
22220760,7426,422225,1
22220760,7427,422225,1
42666285,7019,422226,1
42666285,1883,422226,1
42666285,7018,422226,1
42666285,7111,422226,1
121833815,7428,422226,1
121833815,7429,422226,1
121833815,7430,422226,1
524041061,4851,422226,1
524041061,1898,422226,1
524041061,4142,422226,1
524041061,7431,422226,1
1481353266,7432,422226,1
181991754,4275,422226,1
2341319532,2279,422226,1
2341319532,2680,422226,1
2341319532,1497,422226,1
2341319532,7433,422226,1
2341319532,1863,422226,1
22324461,7434,422226,1
22324461,7435,422226,1
22324461,7436,422226,1
80807182,7437,422226,1
269567706,7438,422226,1
269567706,6719,422226,1
2230583694,7439,422226,1
50073427,7440,422226,1
50073427,4780,422226,1
50073427,4781,422226,1
50073427,4782,422226,1
50073427,1036,422226,1
50073427,1062,422226,1
22947390,7441,422226,1
2205826873,1965,422226,1
227943437,1104,422226,1
17366401,2180,422226,1
1375162080,2888,422226,1
1375162080,4466,422226,1
266364200,6008,422226,1
266364200,7442,422226,1
266364200,7443,422226,1
724058621022232577,7365,422226,1
724058621022232577,7213,422226,1
724058621022232577,6915,422226,1
724058621022232577,7444,422226,1
162805587,3004,422226,1
162805587,7445,422226,1
162805587,7446,422226,1
162805587,7447,422226,1
162805587,7448,422226,1
162805587,7148,422226,1
162805587,7149,422226,1
162805587,1154,422226,1
60042367,7449,422226,1
60042367,7450,422226,1
129856146,7451,422226,1
129856146,6198,422226,1
129856146,7452,422226,1
28016302,7242,422226,2
28016302,1093,422226,2
28016302,1104,422226,1
2598881534,1131,422226,1
132217093,4527,422226,1
132217093,2891,422226,1
48087008,7453,422226,1
16229518,7454,422226,1
1294394910,7455,422226,1
1294394910,7190,422226,1
1294394910,7456,422226,1
45430970,7457,422226,1
6441322,1287,422226,1
6441322,2222,422226,1
6441322,4859,422226,1
6441322,4786,422226,1
6441322,1125,422226,1
19291664,1470,422226,1
19291664,1471,422226,1
19291664,1472,422226,1
19291664,1473,422226,1
19291664,1474,422226,1
19291664,1475,422226,1
19291664,4969,422226,1
27822518,6629,422226,1
110499296,7458,422226,1
110499296,1287,422226,1
110499296,7459,422226,1
110499296,7460,422226,1
110499296,1559,422226,1
3072860086,7461,422226,1
227767298,7462,422226,1
227767298,7463,422226,1
227767298,7464,422226,1
227767298,7465,422226,1
21030857,4339,422226,1
17882066,7466,422226,1
19245314,7467,422226,1
19245314,1898,422226,1
19245314,2892,422226,1
19245314,1720,422226,1
19245314,4994,422226,2
19245314,4995,422226,1
19245314,1098,422226,1
19245314,7468,422226,1
2948935092,7469,422226,1
28016302,7470,422227,1
28016302,7471,422227,1
91044313,7472,422227,1
91044313,7473,422227,1
91044313,3939,422227,1
91044313,3470,422227,3
91044313,7474,422227,1
91044313,5645,422227,1
91044313,7475,422227,1
91044313,6695,422227,1
91044313,5739,422227,1
16574620,2954,422227,1
16574620,7476,422227,1
16574620,7477,422227,1
16574620,7478,422227,1
91044313,7479,422227,1
91044313,7480,422227,1
91044313,2083,422227,1
91044313,7481,422227,1
51486347,7482,422227,1
51486347,5502,422227,1
51486347,7483,422227,1
51486347,1043,422227,1
51486347,2012,422227,1
51486347,1555,422227,1
51486347,2083,422227,1
91044313,7484,422227,1
91044313,7485,422227,1
91044313,7486,422227,1
91044313,7213,422227,1
28751097,7487,422227,1
28751097,2325,422227,1
28751097,7393,422227,1
258042096,7150,422227,1
258042096,7151,422227,1
1141651788,3232,422227,1
1141651788,1826,422227,1
1141651788,3233,422227,1
1141651788,2125,422227,1
1141651788,1472,422227,1
31553533,4175,422227,1
31553533,7213,422227,2
31553533,2954,422227,1
31553533,7488,422227,1
31553533,4409,422227,1
912835576373452800,7489,422227,1
912835576373452800,3802,422227,1
912835576373452800,7490,422227,1
912835576373452800,7491,422227,1
912835576373452800,7492,422227,1
912835576373452800,3039,422227,1
912835576373452800,7493,422227,1
4458841395,7494,422227,1
821942989778026496,1176,422227,2
821942989778026496,1240,422227,2
821942989778026496,1241,422227,2
20472641,7495,422227,1
62749434,7496,422227,1
62749434,7497,422227,1
1410671952,1179,422227,1
42041877,7498,422227,1
42041877,7499,422227,1
42041877,7500,422227,1
452483362,5483,422227,1
452483362,2455,422227,1
889605598886715392,7501,422227,1
278270169,2954,422227,1
278270169,7502,422227,1
278270169,7503,422227,1
278270169,3017,422227,1
707131808631009280,7504,422227,1
152322280,7505,422227,1
152322280,7506,422227,1
20667173,1404,422227,1
20667173,2603,422227,1
20667173,2604,422227,1
20667173,2606,422227,1
20667173,2607,422227,1
20667173,2608,422227,1
188684410,3734,422227,1
2936623532,1191,422227,1
3031437327,7507,422227,1
2558289269,7508,422227,1
2558289269,7509,422227,1
998273706,7510,422227,1
998273706,7511,422227,1
998273706,7512,422227,1
998273706,7513,422227,1
998273706,7514,422227,1
2457278850,1538,422227,1
2457278850,2897,422227,1
2457278850,1967,422227,1
2457278850,2898,422227,1
2457278850,4513,422227,1
2457278850,7174,422227,1
2457278850,7515,422227,1
2457278850,7516,422227,1
2457278850,4158,422227,1
2180539082,7517,422227,1
2180539082,2467,422227,1
19614017,3421,422227,1
19614017,7518,422227,1
2815863258,1000,422228,1
2815863258,1001,422228,1
42666285,7018,422228,1
42666285,7019,422228,1
42666285,7020,422228,1
42666285,1883,422228,1
19291664,7519,422228,2
19291664,7520,422228,1
19291664,1568,422228,1
19291664,1569,422228,1
19291664,1570,422228,1
305025897,7521,422228,1
305025897,7522,422228,1
305025897,7523,422228,1
305025897,7524,422228,1
188684410,7525,422228,1
181991754,3577,422228,1
181991754,4275,422228,1
20779425,7213,422228,1
20779425,2954,422228,1
108406894,2052,422228,1
108406894,7526,422228,1
108406894,7235,422228,1
108406894,7527,422228,1
108406894,1903,422228,1
108406894,1909,422228,1
188684410,1004,422228,1
3121750933,1014,422228,1
3121750933,1015,422228,1
3121750933,2229,422228,1
3121750933,2230,422228,1
3121750933,2231,422228,1
3121750933,2232,422228,1
3121750933,2610,422228,1
3121750933,2260,422228,1
20667173,4617,422228,1
20667173,4618,422228,1
20667173,2292,422228,2
20667173,1404,422228,2
25596302,1269,422228,1
25596302,4959,422228,1
25596302,4066,422228,1
25596302,6713,422228,1
25596302,2880,422228,1
25596302,3370,422228,1
25596302,2954,422228,1
25596302,7528,422228,1
154787745,1813,422228,6
154787745,1814,422228,6
154787745,1909,422228,5
2205826873,1965,422228,1
960678293157560320,7529,422228,1
960678293157560320,3654,422228,1
29493760,5259,422228,1
29493760,1900,422228,1
2382992022,1983,422228,1
2382992022,3495,422228,1
2382992022,5155,422228,1
2382992022,7306,422228,1
20667173,4636,422228,1
20667173,4637,422228,1
20667173,4638,422228,1
292576861,7213,422228,1
292576861,7374,422228,1
292576861,7530,422228,1
292576861,7531,422228,1
292576861,7235,422228,1
292576861,4541,422228,1
154787745,7532,422228,1
485215559,7533,422228,1
30041223,7534,422228,1
30041223,7535,422228,1
1950355142,5285,422228,1
188684410,5014,422228,1
188684410,5015,422228,1
188684410,4967,422228,1
964288442917146624,7536,422228,1
964288442917146624,3524,422228,1
964288442917146624,3521,422228,1
964288442917146624,7537,422228,1
964288442917146624,7538,422228,1
2429548357,7539,422228,1
2429548357,3795,422228,1
2429548357,7540,422228,1
821942989778026496,1176,422228,1
821942989778026496,1240,422228,1
2429548357,7541,422228,1
2429548357,7542,422228,1
2429548357,7543,422228,1
2429548357,6150,422228,1
179682563,1132,422228,1
179682563,2171,422228,1
179682563,1131,422228,1
179682563,7544,422228,1
188684410,7545,422228,1
188684410,7546,422228,1
188684410,7547,422228,1
188684410,7548,422228,1
188684410,7549,422228,1
794425363,7550,422228,1
794425363,7551,422228,1
794425363,7552,422228,1
2429548357,7553,422228,1
2429548357,1530,422228,1
188684410,7554,422228,2
188684410,7555,422228,2
179682563,7556,422228,1
11007892,7557,422228,1
11007892,4090,422228,1
11007892,7558,422228,1
11007892,1774,422228,1
11007892,7559,422228,1
11007892,7560,422228,1
22808711,7561,422228,1
22808711,7562,422228,1
22808711,7563,422228,1
22808711,3017,422228,1
444771207,4178,422228,2
154787745,7564,422228,1
121809964,3377,422228,1
121809964,4564,422228,1
121809964,4156,422228,1
121809964,4771,422228,1
20350290,7565,422228,1
20350290,7247,422228,1
2382992022,7566,422228,1
2382992022,1984,422228,1
2382992022,7567,422228,1
2382992022,3776,422228,1
2382992022,5302,422228,1
455016714,4962,422228,1
455016714,2293,422228,1
35326240,4930,422228,1
781318064528916480,7235,422228,2
781318064528916480,7214,422228,2
781318064528916480,1826,422228,2
781318064528916480,5290,422228,2
781318064528916480,7568,422228,2
2815863258,1000,422229,1
2815863258,1001,422229,1
96837825,7569,422229,1
96837825,1043,422229,1
96837825,3014,422229,1
42666285,1883,422229,1
42666285,7111,422229,1
42666285,7020,422229,1
42666285,7018,422229,1
15339555,7570,422229,1
15339555,7368,422229,1
15339555,1287,422229,1
15339555,7571,422229,1
15339555,7572,422229,1
64645390,7573,422229,1
1377615098,2838,422229,1
1377615098,2839,422229,1
1377615098,7574,422229,1
1377615098,7575,422229,1
117828219,7576,422229,1
31577021,1077,422229,1
31577021,1078,422229,1
31577021,1079,422229,1
521978260,7577,422229,1
521978260,7578,422229,1
521978260,7579,422229,1
521978260,7580,422229,1
24926214,1936,422229,1
24926214,1062,422229,1
24926214,2954,422229,1
912835576373452800,7541,422229,1
912835576373452800,7489,422229,1
912835576373452800,3802,422229,1
912835576373452800,7490,422229,1
46776370,5350,422229,1
33332954,7214,422229,1
33332954,2440,422229,1
33332954,3687,422229,1
821942989778026496,1176,422229,1
821942989778026496,1240,422229,1
131941076,5108,422229,1
2445855570,7581,422229,1
2445855570,7582,422229,1
15673984,1723,422229,1
15673984,7286,422229,1
16320537,2892,422229,1
16320537,1512,422229,1
16320537,1287,422229,1
16320537,2893,422229,1
245818918,7583,422229,1
245818918,6061,422229,1
245818918,7584,422229,1
245818918,7585,422229,1
1564575410,2954,422229,1
16320537,1949,422229,1
254271598,7374,422229,1
254271598,2954,422229,1
254271598,7586,422229,1
254271598,7587,422229,1
36815578,3808,422229,1
36815578,3222,422229,1
36815578,7374,422229,1
36815578,7112,422229,1
36815578,7113,422229,1
23824743,7242,422229,1
41155507,2942,422229,1
41155507,7588,422229,1
41155507,7589,422229,1
41155507,7590,422229,1
41155507,7591,422229,1
41155507,7592,422229,1
41155507,4994,422229,1
41155507,3033,422229,1
27305524,7593,422229,1
40253216,6160,422229,1
40253216,7594,422229,1
40253216,7595,422229,1
40253216,7596,422229,1
40253216,7597,422229,1
40253216,7598,422229,1
40253216,7599,422229,1
68503522,7600,422229,1
68503522,7601,422229,1
68503522,7602,422229,1
154787745,1813,422229,1
154787745,1814,422229,1
154787745,1909,422229,1
179682563,7603,422229,1
179682563,1132,422229,1
179682563,7544,422229,1
179682563,7604,422229,1
179682563,7605,422229,1
30020669,4977,422229,1
30020669,2444,422229,1
30020669,4978,422229,1
30020669,4979,422229,1
30020669,1263,422229,1
1410671952,1179,422229,1
2205826873,1965,422229,1
38535002,7606,422229,1
38535002,7607,422229,1
18531506,3492,422229,1
18531506,5088,422229,1
18531506,7608,422229,1
18531506,7609,422229,1
18531506,7610,422229,1
18531506,6625,422229,1
18531506,6273,422229,1
18531506,4728,422229,1
18531506,7611,422229,1
18531506,7612,422229,1
18531506,7613,422229,1
41823305,7614,422229,1
873942716790517760,7615,422229,1
873942716790517760,4009,422229,1
873942716790517760,2648,422229,1
873942716790517760,7616,422229,1
873942716790517760,7617,422229,1
440936933,1207,422229,1
440936933,1208,422229,1
440936933,1209,422229,1
440936933,1063,422229,1
440936933,1210,422229,1
440936933,1211,422229,1
440936933,1212,422229,1
25643321,7618,422229,1
25643321,1264,422229,1
270480915,7340,422229,1
44111237,7619,422229,1
44111237,7471,422229,1
44111237,7620,422229,1
44111237,7621,422229,1
27638026,2496,422229,1
27638026,7622,422229,1
27638026,7623,422229,1
42666285,7019,422230,1
42666285,7020,422230,1
42666285,1883,422230,1
42666285,7018,422230,1
2360067570,7624,422230,1
29482906,7625,422230,1
29482906,7626,422230,1
29482906,7627,422230,1
29482906,7628,422230,1
29482906,7629,422230,1
29482906,1125,422230,1
77650376,7630,422230,1
750174636374102016,7631,422230,1
750174636374102016,7632,422230,1
142931832,7038,422230,1
142931832,7633,422230,1
28171706,7634,422230,1
28171706,5598,422230,1
558163732,7635,422230,1
558163732,7263,422230,1
558163732,7636,422230,1
558163732,7267,422230,1
558163732,7264,422230,1
558163732,7268,422230,1
558163732,7637,422230,1
29482906,7638,422230,1
29482906,7639,422230,1
29482906,7640,422230,1
794425363,7641,422230,1
794425363,7642,422230,1
794425363,7643,422230,1
794425363,7644,422230,1
23559911,7645,422230,2
23559911,7646,422230,2
126225171,1404,422230,1
126225171,7647,422230,1
63197241,5350,422230,1
63197241,7648,422230,1
1258593637,7649,422230,1
40253216,1520,422230,1
40253216,7650,422230,1
40253216,5302,422230,1
414344537,5611,422230,1
414344537,7651,422230,1
31553533,7652,422230,1
31553533,4409,422230,1
31553533,7213,422230,1
31553533,2954,422230,1
31577021,1077,422230,1
31577021,1078,422230,1
108632045,7653,422230,1
108632045,1814,422230,1
133356665,3093,422230,1
1403980039,3834,422230,1
1403980039,2171,422230,1
11007892,7557,422230,1
11007892,7654,422230,1
11007892,1898,422230,1
11007892,3513,422230,1
11007892,4090,422230,1
76776464,7235,422230,1
23559911,7655,422230,2
26272532,7656,422230,1
29493760,7657,422230,1
29493760,7658,422230,1
29493760,7475,422230,1
26510688,4774,422230,1
26510688,4775,422230,1
26510688,3366,422230,1
26510688,4778,422230,1
26510688,1131,422230,1
26510688,1404,422230,1
26510688,1034,422230,1
26510688,2171,422230,1
452483362,7340,422230,1
452483362,1778,422230,1
452483362,7659,422230,1
20350290,7247,422230,3
20350290,7660,422230,1
20350290,7661,422230,1
20350290,7662,422230,2
20350290,7663,422230,1
20667173,3638,422230,1
20667173,6116,422230,1
20667173,2602,422230,1
20667173,2603,422230,1
20667173,2604,422230,1
20667173,7664,422230,1
20667173,7665,422230,1
20667173,7570,422230,1
20667173,7666,422230,1
20667173,1404,422230,1
16320537,7667,422230,1
2904795817,7668,422230,1
4581406355,7669,422230,1
4581406355,7670,422230,1
4581406355,7671,422230,1
4581406355,5555,422230,1
4581406355,7672,422230,1
20350290,4970,422230,1
20350290,7673,422230,1
50078242,1033,422230,1
484403244,7674,422230,1
484403244,7675,422230,1
309951478,2804,422230,1
309951478,5123,422230,1
309951478,2806,422230,1
309951478,7676,422230,1
452483362,3330,422230,1
452483362,7677,422230,1
452483362,2455,422230,1
20350290,1072,422230,1
20350290,7678,422230,1
20350290,3864,422230,1
20350290,7249,422230,1
42666285,1883,422231,1
42666285,7020,422231,1
42666285,7111,422231,1
42666285,7019,422231,1
20350290,1944,422231,1
20350290,7247,422231,1
20350290,7662,422231,1
2267807461,1718,422231,8
2267807461,1719,422231,8
2267807461,1720,422231,8
2267807461,1721,422231,8
15963168,7679,422231,1
15963168,7680,422231,1
15963168,2323,422231,1
15963168,5290,422231,1
15963168,7681,422231,1
15963168,7682,422231,1
226113616,7683,422231,1
1258593637,7684,422231,1
158284320,1104,422231,1
158284320,1648,422231,1
19614017,7685,422231,1
19614017,7686,422231,1
19614017,7518,422231,1
19614017,7687,422231,1
2429548357,7688,422231,1
2429548357,2954,422231,1
1024957045,2280,422231,1
1024957045,7689,422231,1
1024957045,1991,422231,1
1024957045,7690,422231,1
2429548357,2189,422231,1
2429548357,7691,422231,1
2429548357,1530,422231,1
2429548357,7692,422231,1
184120967,1192,422231,1
77650376,7693,422231,1
91651154,7694,422231,1
1377615098,2838,422231,1
1377615098,2839,422231,1
1377615098,7574,422231,1
1377615098,7575,422231,1
21915938,2391,422231,1
21915938,2394,422231,1
21915938,7092,422231,1
21915938,7695,422231,1
215499281,7696,422231,1
759775770,7697,422231,1
2802988027,7698,422231,1
2802988027,7699,422231,1
46776370,7700,422231,1
46776370,3986,422231,1
46776370,7701,422231,1
17882066,7365,422231,1
102891975,7702,422231,1
18769024,7365,422231,1
18769024,2012,422231,1
18769024,1564,422231,1
18769024,6632,422231,1
59944291,7703,422231,1
59944291,7704,422231,1
59944291,7705,422231,1
59944291,7706,422231,1
821942989778026496,1176,422231,3
821942989778026496,1240,422231,2
821942989778026496,1241,422231,1
35326240,2674,422231,1
35326240,1062,422231,1
35326240,2207,422231,1
35326240,7707,422231,1
35326240,7708,422231,1
821942989778026496,5236,422231,1
30041223,7709,422231,1
31577021,1077,422231,1
786975938521227265,7710,422231,1
786975938521227265,7433,422231,1
786975938521227265,5884,422231,1
154787745,1813,422231,1
154787745,1814,422231,1
154787745,1909,422231,1
2451684921,7711,422231,1
2451684921,7712,422231,1
2451684921,7532,422231,1
19366159,4148,422231,1
19366159,1967,422231,1
19366159,4942,422231,3
19366159,2636,422231,3
19366159,2967,422231,1
373038991,1588,422231,1
373038991,7713,422231,1
373038991,1587,422231,1
373038991,7714,422231,1
373038991,7715,422231,1
373038991,7716,422231,1
1355331337,4897,422231,1
1355331337,7717,422231,1
17941231,2502,422231,1
17941231,7718,422231,1
3786757515,2954,422231,1
3786757515,2819,422231,1
19366159,7719,422231,2
27898951,7720,422231,1
27898951,7721,422231,1
27898951,7722,422231,1
27898951,7723,422231,1
110499296,1903,422231,1
110499296,4269,422231,1
110499296,6959,422231,2
110499296,3370,422231,1
19836394,7724,422231,1
42666285,1883,422232,1
42666285,7019,422232,1
42666285,7018,422232,1
42666285,7111,422232,1
351380039,7725,422232,1
351380039,6974,422232,1
351380039,6975,422232,1
351380039,6976,422232,1
351380039,7726,422232,1
1633377338,7727,422232,1
268283923,7728,422232,1
268283923,3038,422232,1
268283923,7433,422232,1
969198575967186944,7729,422232,1
969198575967186944,7730,422232,1
969198575967186944,3436,422232,1
969198575967186944,7731,422232,1
969198575967186944,7732,422232,1
969198575967186944,7733,422232,1
969198575967186944,1104,422232,1
969198575967186944,7734,422232,1
110499296,7735,422232,1
110499296,7736,422232,1
110499296,7737,422232,1
2964817577,3974,422232,1
30020669,1269,422232,1
30020669,4977,422232,1
30020669,2444,422232,1
30020669,4978,422232,1
30020669,4979,422232,1
1393496791,7738,422232,1
3303662054,7739,422232,1
3303662054,7740,422232,1
3303662054,7741,422232,1
50455354,7365,422232,1
50455354,2954,422232,1
50455354,3203,422232,1
427683210,4711,422232,1
427683210,7742,422232,1
427683210,4654,422232,2
427683210,7743,422232,1
427683210,4038,422232,1
427683210,1356,422232,1
751935632696573952,7744,422232,1
751935632696573952,7745,422232,1
751935632696573952,7746,422232,1
15907986,7747,422232,1
50073427,3179,422232,1
116072145,1308,422232,1
116072145,7748,422232,1
116072145,2698,422232,1
2871963541,7749,422232,1
2373592552,7750,422232,1
2373592552,7751,422232,1
16320537,1949,422232,1
31577021,1077,422232,1
31577021,1078,422232,1
162805587,1786,422232,1
162805587,7752,422232,1
162805587,7753,422232,1
162805587,7754,422232,1
162805587,7755,422232,1
162805587,7756,422232,1
162805587,7447,422232,1
162805587,4643,422232,1
16975054,7242,422232,1
16975054,7757,422232,1
16975054,7758,422232,1
31553533,7759,422232,1
31553533,2954,422232,1
31553533,7213,422232,1
31553533,7365,422232,1
31553533,3369,422232,1
31553533,7760,422232,1
31553533,7761,422232,1
35280003,5082,422232,1
16320537,1282,422232,1
42666285,7762,422233,1
42666285,7763,422233,1
16320537,3545,422233,1
16320537,1282,422233,5
628027957,1104,422233,1
536838736,7764,422233,1
832364714,7765,422233,1
832364714,7766,422233,1
832364714,7767,422233,1
832364714,7768,422233,1
1003331059,2890,422233,1
227767298,7769,422233,1
227767298,7770,422233,1
227767298,7771,422233,1
227767298,7772,422233,1
227767298,7773,422233,1
15966337,7774,422233,1
799708890791178240,7775,422233,1
28495138,7776,422233,1
28495138,2249,422233,1
28495138,1404,422233,1
28495138,7777,422233,1
28495138,1185,422233,1
28495138,3825,422233,1
28495138,3049,422233,1
22096419,7778,422233,1
22096419,3033,422233,1
22096419,7779,422233,1
22096419,7433,422233,1
22096419,2952,422233,1
2964817577,3974,422233,1
831893588086648834,7780,422233,1
831893588086648834,7781,422233,1
831893588086648834,3174,422233,1
831893588086648834,7782,422233,1
188684410,1319,422233,1
188684410,1321,422233,1
188684410,7783,422233,1
2557905565,4513,422233,1
2557905565,7784,422233,1
2557905565,7785,422233,1
390641266,1372,422233,1
390641266,1373,422233,1
390641266,1374,422233,1
390641266,1375,422233,1
188684410,7786,422233,1
188684410,4972,422233,2
188684410,7787,422233,1
188684410,1578,422233,1
188684410,7788,422233,1
23644966,1104,422233,1
23644966,3777,422233,1
17474684,2561,422233,1
17474684,3933,422233,1
17474684,1036,422233,1
17474684,3934,422233,1
17474684,3935,422233,1
4857184789,1377,422233,1
4857184789,7789,422233,1
4857184789,1378,422233,1
4857184789,1063,422233,1
4857184789,1379,422233,1
4857184789,7790,422233,1
4857184789,5847,422233,1
3160605008,6421,422233,1
3160605008,7791,422233,1
116946541,7792,422233,1
116946541,7793,422233,1
116946541,2947,422233,1
15673984,7794,422233,1
941193330666258432,7211,422233,1
941193330666258432,7795,422233,1
941193330666258432,7796,422233,1
116072145,7797,422233,1
116072145,1308,422233,5
116072145,6339,422233,4
116072145,7213,422233,4
116072145,2954,422233,4
116072145,6023,422233,3
116072145,6341,422233,2
116072145,1264,422233,1
23620158,7798,422233,1
116072145,7799,422233,1
116072145,7800,422233,1
116072145,6340,422233,2
2691882793,3667,422233,1
2691882793,7801,422233,1
116072145,4970,422233,2
116072145,7802,422233,1
116072145,7803,422233,2
116072145,7804,422233,2
116072145,7805,422233,2
116072145,7806,422233,1
116072145,7807,422233,1
79288849,2504,422233,1
79288849,7808,422233,1
79288849,7809,422233,1
79288849,7810,422233,1
79288849,1062,422233,1
79288849,1854,422233,1
79288849,7811,422233,1
79288849,7812,422233,1
79288849,7813,422233,1
17223014,7814,422233,1
20667173,7815,422233,1
20667173,4016,422233,1
20667173,4017,422233,1
20667173,4018,422233,1
20667173,6136,422233,1
116072145,7816,422233,1
188684410,7817,422233,1
188684410,4969,422233,1
188684410,4968,422233,1
188684410,4973,422233,1
188684410,4967,422233,1
1410671952,7818,422233,1
1410671952,7819,422233,1
1410671952,2724,422233,1
1410671952,1179,422233,1
1410671952,1669,422233,1
77776325,7820,422233,1
77776325,7821,422233,1
188684410,1366,422234,1
42666285,7762,422234,1
42666285,7822,422234,1
42666285,7823,422234,1
77776325,7824,422234,1
77776325,7825,422234,1
794425363,7826,422234,1
794425363,7827,422234,1
794425363,7828,422234,1
794425363,7829,422234,1
794425363,7830,422234,1
794425363,7831,422234,1
3121750933,1014,422234,1
3121750933,1015,422234,1
30041223,7534,422234,1
20674875,2954,422234,1
20674875,7832,422234,1
20674875,2978,422234,1
2236425122,7833,422234,1
852212459725357056,2000,422234,1
852212459725357056,7834,422234,1
852212459725357056,5388,422234,1
852212459725357056,1112,422234,1
852212459725357056,7835,422234,1
852212459725357056,7836,422234,1
116072145,4970,422234,1
116072145,7837,422234,1
116072145,1308,422234,2
116072145,6339,422234,1
116072145,7804,422234,1
116072145,7803,422234,1
116072145,6193,422234,1
116072145,6340,422234,1
116072145,6341,422234,1
38535002,7607,422234,1
188684410,7838,422234,1
188684410,1004,422234,1
188684410,7839,422234,1
44111237,1264,422234,2
44111237,7840,422234,3
18805962,7841,422234,1
305607889,7842,422234,1
305607889,5556,422234,1
3197469024,7843,422234,1
3197469024,5569,422234,1
3197469024,7844,422234,2
3197469024,7845,422234,1
1872623130,7433,422234,1
2287170121,7846,422234,1
274114311,7847,422234,1
274114311,2827,422234,1
274114311,7848,422234,1
274114311,2829,422234,1
116072145,7849,422234,2
116072145,7850,422234,2
116072145,7851,422234,1
188684410,3027,422234,2
516801659,4903,422234,1
516801659,7852,422234,1
27574314,7853,422234,1
27574314,7213,422234,1
27574314,5044,422234,1
19836394,7854,422234,1
181991754,1413,422234,1
181991754,1307,422234,1
3252959691,1648,422234,1
873047116465045505,7855,422234,1
77380594,7856,422234,1
77380594,7857,422234,1
77380594,7858,422234,1
77380594,5889,422234,1
116072145,7859,422234,1
116072145,7860,422234,1
53237197,7861,422234,1
276479273,2015,422234,1
276479273,4073,422234,1
276479273,1404,422234,1
276479273,7541,422234,1
2815863258,1036,422235,1
2815863258,2879,422235,1
2815863258,3801,422235,1
2815863258,1263,422235,1
42666285,5204,422235,1
42666285,7823,422235,1
42666285,7822,422235,1
353194903,7862,422235,1
353194903,7863,422235,1
19291664,7864,422235,1
19291664,1471,422235,1
19291664,1472,422235,1
19291664,4969,422235,1
19291664,1475,422235,1
19291664,7865,422235,1
19291664,7866,422235,1
536838736,4607,422235,1
145391869,7213,422235,1
162805587,3004,422235,1
162805587,7445,422235,1
162805587,7446,422235,1
162805587,7447,422235,1
162805587,7448,422235,1
162805587,7754,422235,1
29407646,7867,422235,1
29407646,3521,422235,1
29407646,7868,422235,1
227767298,7869,422235,1
227767298,7870,422235,1
227767298,7871,422235,1
227767298,1265,422235,1
237514324,7242,422235,1
237514324,7248,422235,1
237514324,2012,422235,1
237514324,3466,422235,1
237514324,3921,422235,1
237514324,1039,422235,1
237514324,5025,422235,1
237514324,5008,422235,1
2457278850,1538,422235,1
2457278850,7186,422235,1
2457278850,4034,422235,1
2457278850,2897,422235,1
2457278850,1967,422235,1
2457278850,7872,422235,1
2457278850,7873,422235,1
2457278850,7874,422235,1
209251530,6957,422235,1
209251530,6958,422235,1
209251530,1555,422235,1
209251530,6959,422235,1
209251530,6960,422235,1
209251530,6961,422235,1
209251530,1548,422235,1
25415905,7875,422235,1
19366159,5290,422235,1
19366159,4557,422235,1
19366159,7876,422235,1
1315374666,7792,422235,1
1315374666,1344,422235,1
1315374666,7877,422235,1
1315374666,7878,422235,1
1315374666,2947,422235,1
1315374666,5927,422235,1
717751125,7879,422235,1
717751125,7880,422235,1
60811614,7881,422235,1
2987020974,1894,422235,1
2987020974,7882,422235,1
2987020974,7883,422235,1
2987020974,2073,422235,1
3086338765,1247,422235,1
3086338765,1248,422235,1
3086338765,1249,422235,1
77776325,7884,422235,1
77776325,6459,422235,1
77776325,7885,422235,1
77776325,7886,422235,1
3578650466,7887,422235,1
3578650466,7888,422235,1
3578650466,2186,422235,1
3578650466,7889,422235,1
3578650466,7890,422235,1
3578650466,7891,422235,1
3098972042,7242,422235,1
25415905,7892,422235,1
42666285,7893,422236,1
42666285,7822,422236,1
42666285,5204,422236,1
33220557,6679,422236,1
31317891,7242,422236,1
333448200,7286,422236,1
333448200,7340,422236,1
3035107050,7350,422236,1
3035107050,3026,422236,1
3035107050,7894,422236,1
3035107050,7365,422236,1
3035107050,7895,422236,1
3035107050,7896,422236,1
3035107050,7897,422236,1
561494129,1138,422236,1
561494129,7898,422236,1
1421876382,7899,422236,1
1421876382,4860,422236,1
1421876382,1967,422236,1
1421876382,7900,422236,1
1171031450,7901,422236,1
3603083360,6286,422236,1
3603083360,7902,422236,1
3603083360,7903,422236,1
153906947,3588,422236,1
25415905,7904,422236,1
25415905,7905,422236,1
25415905,7906,422236,1
20667173,4636,422236,1
20667173,4637,422236,1
20667173,4638,422236,1
20667173,2292,422236,2
20667173,1404,422236,2
103414232,7907,422236,1
103414232,7908,422236,1
103414232,7909,422236,1
23661314,1104,422236,1
28048291,7910,422236,1
28048291,2279,422236,1
33252620,2249,422236,1
33252620,7433,422236,1
20667173,4617,422236,1
20667173,4618,422236,1
1564575410,7911,422236,1
45775466,7912,422236,1
45775466,2083,422236,1
45775466,6683,422236,1
45775466,7913,422236,1
45775466,3722,422236,1
2457278850,1538,422236,1
2457278850,3770,422236,2
2457278850,4059,422236,1
2457278850,2897,422236,1
2457278850,1967,422236,1
2457278850,7175,422236,1
2457278850,7914,422236,1
2457278850,2081,422236,1
2457278850,7915,422236,1
17223014,7916,422236,1
17223014,7814,422236,1
11007892,7917,422236,1
11007892,7557,422236,1
11007892,4090,422236,1
11007892,7558,422236,1
11007892,1774,422236,1
103414232,7918,422236,1
103414232,7919,422236,1
103414232,7920,422236,1
20350290,7565,422236,1
20350290,7662,422236,1
20350290,7921,422236,1
20789005,7922,422236,1
1440080214,7923,422236,1
14985117,7924,422236,1
2245891088,7925,422236,1
2457278850,3692,422236,1
2457278850,7926,422236,1
2457278850,1163,422236,1
2457278850,7927,422236,1
2457278850,7928,422236,1
2457278850,1886,422236,1
42666285,7929,422237,1
42666285,7823,422237,1
42666285,7930,422237,1
4484735058,7931,422237,1
4484735058,4922,422237,1
4484735058,7932,422237,1
794425363,7551,422237,1
794425363,7933,422237,1
794425363,7934,422237,1
227767298,7464,422237,1
227767298,1265,422237,4
227767298,7462,422237,3
348307387,7935,422237,1
20667173,5371,422237,1
20667173,4618,422237,1
20667173,5372,422237,1
20667173,5373,422237,1
117747878,3179,422237,1
2245891088,7936,422237,1
23574435,4759,422237,1
23574435,1549,422237,1
23574435,3808,422237,2
717751125,7937,422237,1
717751125,7938,422237,1
717751125,7939,422237,1
717751125,7433,422237,1
116072145,7940,422237,1
116072145,1308,422237,4
116072145,6339,422237,4
116072145,7804,422237,2
116072145,7803,422237,3
116072145,6193,422237,3
116072145,7805,422237,2
1250420450,1484,422237,1
1250420450,1063,422237,1
1250420450,1903,422237,1
1250420450,7941,422237,1
1250420450,1254,422237,1
1250420450,7942,422237,1
1250420450,7943,422237,1
1250420450,7022,422237,1
116072145,7944,422237,1
116072145,7945,422237,1
116072145,7213,422237,3
36815578,4345,422237,1
116072145,4970,422237,1
116072145,2954,422237,2
116072145,6023,422237,1
116072145,7256,422237,1
116072145,7946,422237,1
38590978,7947,422237,1
452483362,7948,422237,1
351380039,7725,422237,1
351380039,6974,422237,1
351380039,6975,422237,1
351380039,6976,422237,1
351380039,7726,422237,1
63177540,7949,422237,2
63177540,7950,422237,2
63177540,7951,422237,2
227767298,7952,422237,1
29482906,7953,422237,2
29482906,7954,422237,1
29482906,7955,422237,1
29482906,7956,422237,1
29482906,7532,422237,1
227767298,6336,422237,1
116072145,7957,422237,1
116072145,4694,422237,1
116072145,2404,422237,1
116072145,6340,422237,1
116072145,5186,422237,1
23574435,7837,422237,1
23574435,7958,422237,1
442061093,3370,422237,1
442061093,4338,422237,1
442061093,4047,422237,1
442061093,1553,422237,1
6441322,7322,422237,1
103414232,7959,422237,1
27574314,2347,422237,1
27574314,7960,422237,1
227767298,7961,422237,1
227767298,7962,422237,1
36815578,7963,422237,1
36815578,7374,422237,1
36815578,7112,422237,1
54813581,2697,422237,1
54813581,7964,422237,1
42666285,7965,422238,1
42666285,7930,422238,1
42666285,7929,422238,1
42666285,7762,422238,1
179682563,7556,422238,1
179682563,3017,422238,1
179682563,1741,422238,1
179682563,7966,422238,1
63177540,7949,422238,2
63177540,7950,422238,2
63177540,7951,422238,2
116072145,1308,422238,1
116072145,7850,422238,1
20667173,5372,422238,1
20667173,5373,422238,1
20667173,4020,422238,1
20667173,2608,422238,1
2797274671,3669,422238,1
2797274671,7967,422238,1
2797274671,4068,422238,1
2797274671,7968,422238,1
2797274671,7969,422238,1
2797274671,1062,422238,1
2797274671,1827,422238,1
2797274671,6138,422238,1
2797274671,2207,422238,1
821942989778026496,1176,422238,2
821942989778026496,1240,422238,2
821942989778026496,1241,422238,1
452483362,7970,422238,1
452483362,6736,422238,1
15955769,7971,422238,1
15955769,7972,422238,1
45775466,1104,422238,1
45775466,4163,422238,1
21708721,7973,422238,1
21708721,7974,422238,1
23644966,3777,422238,1
63177540,7975,422238,1
26587452,7976,422238,1
26587452,7977,422238,1
31553533,3003,422238,1
31553533,7978,422238,1
799708890791178240,7167,422238,1
799708890791178240,3391,422238,1
799708890791178240,3390,422238,2
799708890791178240,3392,422238,2
799708890791178240,7166,422238,1
799708890791178240,6371,422238,1
799708890791178240,7979,422238,1
3633409033,7980,422238,3
19640448,7981,422238,1
19640448,7982,422238,1
19640448,7983,422238,1
19640448,7984,422238,1
19640448,7985,422238,1
3633409033,7986,422238,1
31002078,3904,422238,1
31002078,7987,422238,1
31002078,7988,422238,1
31002078,1584,422238,1
31002078,7989,422238,1
31002078,1564,422238,1
1038292878,7990,422238,1
227767298,1265,422238,1
42666285,7763,422239,1
42666285,7762,422239,1
227767298,1265,422239,1
227767298,7991,422239,1
227767298,6336,422239,1
227767298,7992,422239,1
165585348,7993,422239,1
165585348,7994,422239,1
799708890791178240,7995,422239,1
799708890791178240,7996,422239,1
188684410,3734,422239,1
3633409033,7980,422239,3
188684410,3923,422239,2
188684410,4870,422239,1
2349257468,7997,422239,1
2349257468,7355,422239,1
188684410,1578,422239,1
19836394,1093,422239,1
19836394,7998,422239,1
19836394,7999,422239,1
799708890791178240,3212,422239,1
188684410,3104,422239,1
188684410,3936,422239,1
188684410,8000,422239,1
188684410,8001,422239,1
938034496598958080,8002,422239,1
188684410,8003,422239,1
188684410,3139,422240,1
188684410,8004,422240,1
188684410,8005,422240,1
42666285,7763,422240,1
42666285,7965,422240,1
42666285,7930,422240,1
19245314,7467,422240,1
19245314,1898,422240,1
19245314,2892,422240,1
19245314,1720,422240,1
19245314,4994,422240,2
19245314,4995,422240,1
19245314,1098,422240,1
19245314,7468,422240,1
188684410,3362,422240,1
188684410,3923,422240,4
2457278850,3692,422240,2
2457278850,1104,422240,1
2457278850,8006,422240,1
2457278850,8007,422240,1
188684410,4967,422240,2
188684410,8008,422240,1
188684410,5018,422240,1
1365241831,4086,422240,1
1365241831,4771,422240,1
1365241831,8009,422240,1
1365241831,7716,422240,1
1365241831,8010,422240,1
2457278850,1188,422240,1
2457278850,8011,422240,1
2457278850,2897,422240,1
2457278850,4116,422240,1
2457278850,1967,422240,1
2457278850,3181,422240,1
2457278850,1300,422240,1
2457278850,1449,422240,1
2457278850,8012,422240,1
42666285,7823,422241,1
42666285,7893,422241,1
42666285,7930,422241,1
206506178,2764,422241,1
36815578,8013,422241,1
36815578,8014,422241,1
36815578,8015,422241,1
36815578,8016,422241,1
36815578,7112,422241,1
28949818,8017,422241,1
28949818,6201,422241,1
28949818,8018,422241,1
42666285,7893,422242,1
42666285,7965,422242,1
42666285,7929,422242,1
188684410,4967,422242,1
188684410,4973,422242,1
188684410,8019,422242,1
188684410,7525,422242,2
188684410,8020,422242,1
188684410,8021,422242,1
188684410,8022,422242,1
188684410,2952,422242,1
188684410,1564,422242,1
188684410,8023,422242,1
188684410,8024,422242,1
188684410,8025,422242,1
183595173,1457,422242,1
183595173,4460,422242,1
183595173,8026,422242,1
183595173,6226,422242,1
183595173,6227,422242,1
183595173,6228,422242,1
42666285,7822,422243,1
42666285,7763,422243,1
16966202,8027,422243,1
20350290,7565,422243,1
20350290,7662,422243,1
20350290,7921,422243,1
3040469950,1674,422243,1
3040469950,4897,422243,1
3040469950,1472,422243,1
3040469950,5023,422243,1
3040469950,8028,422243,1
3040469950,3471,422243,1
423862419,1017,422243,1
423862419,8029,422243,1
423862419,4338,422243,1
708056279793725441,8030,422243,1
42666285,7893,422244,1
42666285,7965,422244,1
42666285,7929,422244,1
42666285,7930,422244,1
390641266,1372,422244,1
390641266,1373,422244,1
390641266,1374,422244,1
390641266,1375,422244,1
2964817577,1676,422244,1
4458841395,1189,422244,1
4458841395,1104,422244,1
122737979,8031,422244,1
122737979,2893,422244,1
126376588,2207,422244,1
2593906045,4903,422244,1
2593906045,8032,422244,1
2593906045,5127,422244,1
2593906045,8033,422244,1
42666285,7893,422245,1
42666285,7762,422245,1
42666285,7930,422245,1
3131557383,8034,422245,1
3131557383,8035,422245,1
45397787,5843,422245,1
61486997,8036,422245,1
2382460013,2690,422245,1
962886934761754624,8037,422245,1
823229033936732162,8038,422245,2
2575039039,3385,422245,1
2575039039,1826,422245,1
2575039039,2701,422245,1
2575039039,8039,422245,1
2575039039,1472,422245,1
2575039039,2125,422245,1
2575039039,8040,422245,1
47722290,8041,422245,1
47722290,8042,422245,1
47722290,8043,422245,1
767387050869977088,8044,422245,1
767387050869977088,8045,422245,1
767387050869977088,8046,422245,1
767387050869977088,8047,422245,1
767387050869977088,4006,422245,1
3219608972,8048,422245,1
3219608972,3395,422245,1
132870726,8049,422245,1
771875172697640964,8050,422245,1
55075435,8051,422245,1
889605598886715392,8052,422245,1
889605598886715392,2444,422245,1
374536090,4231,422245,1
374536090,2325,422245,1
374536090,8053,422245,1
374536090,8054,422245,1
374536090,8055,422245,1
27988946,4047,422245,1
27988946,8056,422245,1
27988946,1263,422245,1
27988946,8057,422245,1
19640448,8058,422245,1
19640448,8059,422245,1
19640448,7252,422245,1
55075435,8060,422245,1
799708890791178240,6934,422245,1
25316500,8061,422245,1
169740444,8062,422245,1
169740444,8063,422245,1
169740444,1264,422245,1
169740444,2325,422245,1
169740444,3992,422245,1
169740444,4338,422245,1
169740444,1404,422245,1
222929722,8064,422245,1
183595173,7742,422245,1
183595173,4051,422245,1
183595173,8065,422245,1
183595173,8066,422245,1
2373592552,8067,422245,1
2373592552,8068,422245,1
2373592552,2880,422245,1
2373592552,8069,422245,1
2373592552,8070,422245,1
1152489072,3554,422246,1
42666285,7893,422246,1
42666285,7929,422246,1
42666285,7965,422246,1
751935632696573952,8071,422246,1
751935632696573952,8072,422246,1
751935632696573952,4678,422246,1
338400068,5224,422246,1
36815578,8073,422246,1
36815578,8074,422246,1
51903296,6005,422246,1
51903296,6838,422246,1
51903296,8075,422246,1
51903296,8076,422246,1
51903296,8077,422246,1
51903296,8078,422246,1
22324461,2674,422246,1
22324461,2207,422246,1
22324461,8079,422246,1
91370086,8080,422246,1
17329901,8081,422246,1
17329901,8082,422246,1
17329901,8083,422246,1
91370086,3499,422246,1
852212459725357056,8084,422246,1
51130342,1030,422246,1
51130342,4549,422246,1
51130342,8085,422246,1
51130342,8086,422246,1
20779425,1189,422246,1
20779425,1423,422246,1
20779425,8087,422246,1
2355899927,8045,422246,1
23112554,8088,422246,1
23112554,1347,422246,1
23112554,5469,422246,1
23112554,1298,422246,1
4090255600,8089,422246,1
1293241,8090,422246,1
1293241,7421,422246,1
1293241,6998,422246,1
1293241,2942,422246,1
1293241,8091,422246,1
23112554,1286,422246,1
23112554,8092,422246,1
23112554,6596,422246,1
23112554,1826,422246,2
23112554,1827,422246,1
91151434,8093,422246,1
91151434,8094,422246,1
91151434,8095,422246,1
91151434,8096,422246,1
91151434,8097,422246,1
91151434,8098,422246,1
91151434,8099,422246,1
91151434,8100,422246,1
452483362,8101,422246,1
452483362,8102,422246,1
452483362,8103,422246,2
2984534992,8104,422246,1
452483362,3331,422246,1
452483362,8105,422246,1
23112554,1854,422246,1
23112554,3572,422246,1
23112554,8106,422246,1
821942989778026496,1176,422246,1
821942989778026496,1240,422246,1
821942989778026496,1241,422246,1
821942989778026496,1176,422247,2
821942989778026496,1240,422247,2
821942989778026496,1241,422247,1
215823448,3499,422247,1
215823448,2893,422247,1
215823448,8107,422247,1
215823448,8108,422247,1
215823448,8109,422247,1
109967020,8110,422247,1
109967020,3826,422247,1
28751097,7393,422247,1
28751097,8111,422247,1
149746022,8112,422247,1
245818918,1986,422247,1
245818918,8045,422247,1
245818918,3663,422247,1
245818918,3664,422247,1
33976616,7488,422247,1
33976616,8113,422247,1
33976616,8114,422247,1
33976616,8115,422247,1
1410671952,1826,422247,1
36815578,8116,422247,1
36815578,8117,422247,1
36815578,8118,422247,1
26198700,2803,422247,1
16039183,1224,422247,1
16039183,1225,422247,1
16039183,1226,422247,1
16039183,1227,422247,1
16039183,1228,422247,1
23092382,8119,422247,1
23092382,8120,422247,1
23092382,6290,422247,1
23092382,2733,422247,1
23092382,1264,422247,1
23092382,6420,422247,1
370494816,2464,422247,1
370494816,8121,422247,1
850346704188657664,1637,422247,1
268283923,8122,422247,2
268283923,8123,422247,2
268283923,8124,422247,2
268283923,8125,422247,2
838098116,6479,422247,1
838098116,8126,422247,1
248359406,8127,422247,1
248359406,8128,422247,1
248359406,8129,422247,2
248359406,8130,422247,1
248359406,8131,422247,1
558163732,2083,422247,1
558163732,8132,422247,1
558163732,1020,422247,1
558163732,7338,422247,1
558163732,5135,422247,1
181991754,1307,422247,1
2382992022,2266,422247,1
2382992022,8133,422247,1
2802988027,7698,422247,1
2802988027,7699,422247,1
2802988027,5003,422247,1
2802988027,8134,422247,1
2802988027,5001,422247,1
2802988027,5000,422247,1
2802988027,8135,422247,1
2802988027,8136,422247,1
42666285,7763,422248,1
42666285,7822,422248,1
42666285,7930,422248,1
183847886,8137,422248,1
51903296,8138,422248,1
27066927,8139,422248,1
27066927,8140,422248,1
51130342,1030,422248,1
11007892,4090,422248,1
11007892,1898,422248,1
11007892,8141,422248,1
11007892,5777,422248,1
11007892,8142,422248,1
154787745,1813,422248,1
154787745,1814,422248,1
154787745,1909,422248,1
2152607782,1104,422248,1
2152607782,3519,422248,1
22324461,2942,422248,1
30033535,8143,422248,1
30033535,8144,422248,1
785213265454374912,8145,422248,1
785213265454374912,8146,422248,1
785213265454374912,8147,422248,1
40025098,8148,422248,1
59888158,8149,422248,1
59888158,3834,422248,1
59888158,1269,422248,1
59888158,8150,422248,1
785213265454374912,3528,422248,1
785213265454374912,1067,422248,1
785213265454374912,1068,422248,1
785213265454374912,1069,422248,1
785213265454374912,1070,422248,1
785213265454374912,1071,422248,1
18195374,8151,422248,1
18195374,1036,422248,1
18195374,8152,422248,1
465911423,8153,422248,1
944675174686904320,8154,422248,1
944675174686904320,1841,422248,1
944675174686904320,2485,422248,1
959964787,1104,422248,1
959964787,8155,422248,1
781378946,8156,422248,1
20674875,8157,422248,1
20674875,8158,422248,1
20674875,1165,422248,1
20674875,1404,422248,1
2732038786,8159,422248,1
2732038786,8160,422248,1
2732038786,8161,422248,1
61547959,5350,422248,1
452483362,8162,422248,1
452483362,8163,422248,1
896812439140003840,1020,422248,1
896812439140003840,7603,422248,1
896812439140003840,8164,422248,1
896812439140003840,1404,422248,1
896812439140003840,2576,422248,1
42666285,7893,422249,1
42666285,7762,422249,1
42666285,7965,422249,1
38590978,8165,422249,1
38590978,8044,422249,1
38590978,8166,422249,1
3121750933,1014,422249,1
3121750933,1015,422249,1
3121750933,2229,422249,1
3121750933,2230,422249,1
3121750933,2231,422249,1
3121750933,2232,422249,1
795650513257791488,1104,422249,1
102210841,1404,422249,1
102210841,8167,422249,1
102210841,8168,422249,1
102210841,8169,422249,1
102210841,6198,422249,1
443056507,8045,422249,1
443056507,1186,422249,1
443056507,8170,422249,1
708056279793725441,8171,422249,1
708056279793725441,5735,422249,1
708056279793725441,8030,422249,1
24614057,8172,422249,1
18769024,8045,422249,2
18769024,8173,422249,1
484403244,8174,422249,1
6441322,3192,422249,1
6441322,1404,422249,1
6441322,2971,422249,1
6441322,8175,422249,1
6441322,3399,422249,1
27822518,8176,422249,1
21915938,2395,422249,1
21915938,7092,422249,1
21915938,8177,422249,1
18769024,2012,422249,1
18769024,8178,422249,1
18769024,8179,422249,1
17795451,1325,422249,1
17795451,3499,422249,1
17795451,1826,422249,1
17795451,2197,422249,1
113445843,8180,422249,1
20350290,7662,422249,3
20350290,3864,422249,1
27822518,8181,422249,1
20350290,4970,422249,1
20350290,7249,422249,2
16035795,8182,422249,1
16035795,8183,422249,1
20350290,1539,422249,1
20350290,8184,422249,1
65341634,1282,422249,1
181991754,1307,422249,1
181991754,1677,422249,1
46324445,8185,422249,1
443056507,1894,422249,1
226113616,2909,422249,1
226113616,8186,422249,1
226113616,4394,422249,1
226113616,2321,422249,1
226113616,5696,422249,1
226113616,8187,422249,1
390641266,1372,422249,1
390641266,1373,422249,1
390641266,1374,422249,1
390641266,1375,422249,1
377128762,8188,422249,1
377128762,8189,422249,1
42666285,7762,422250,1
42666285,7893,422250,1
42666285,7929,422250,1
45397787,8190,422250,1
21708721,6387,422250,1
21708721,8191,422250,1
799708890791178240,8192,422250,1
799708890791178240,6811,422250,1
77776325,8193,422250,1
131941076,1350,422250,1
353194903,8194,422250,1
1171031450,1804,422250,1
529656309,8195,422250,1
22324461,8196,422250,1
22324461,2942,422250,1
22324461,3807,422250,1
28236386,8197,422250,1
28236386,5388,422250,1
28236386,8198,422250,1
28236386,8199,422250,1
21915938,8200,422250,1
21915938,2391,422250,1
21915938,8201,422250,1
18465507,1104,422250,1
54780602,1104,422250,1
360837913,8045,422250,1
360837913,8202,422250,1
360837913,8203,422250,1
598392141,8204,422250,1
598392141,8205,422250,1
598392141,8206,422250,1
598392141,8207,422250,1
598392141,8208,422250,1
598392141,2976,422250,1
1936348064,2822,422250,1
42495288,4495,422250,1
42495288,2055,422250,1
110499296,1287,422250,1
110499296,1936,422250,1
110499296,4473,422250,1
110499296,5842,422250,1
110499296,8209,422250,1
51592560,8210,422250,1
51592560,8211,422250,1
51592560,8212,422250,1
51592560,8213,422250,1
51592560,8214,422250,1
51592560,3385,422250,1
51592560,8215,422250,1
390303951,8216,422250,1
390303951,5355,422250,1
390303951,8217,422250,1
390303951,8218,422250,1
390303951,8219,422250,1
390303951,8220,422250,1
390303951,3950,422250,1
872881071771324416,2680,422250,1
872881071771324416,8221,422250,1
108632045,8222,422250,1
108632045,1925,422250,1
24908567,7334,422250,1
24908567,8223,422250,1
230075023,8224,422250,1
188684410,3734,422250,1
179682563,7277,422250,2
179682563,8225,422250,2
179682563,1132,422250,2
179682563,8226,422250,2
179682563,8227,422250,2
188684410,1578,422250,1
188684410,8228,422250,1
821942989778026496,1176,422250,1
821942989778026496,1240,422250,1
1400802510,2141,422250,1
1400802510,1830,422250,1
933165969609854981,7014,422250,1
3086338765,1890,422250,1
3086338765,1891,422250,1
3086338765,2683,422250,1
459072363,5025,422250,1
8141422,1112,422250,1
77776325,8229,422250,1
77776325,8230,422250,1
77776325,8231,422250,1
253163980,1142,422250,1
253163980,1140,422250,1
253163980,8232,422250,1
253163980,8233,422250,1
22220760,6832,422250,1
22220760,8234,422250,1
22220760,8235,422250,1
22220760,8236,422250,1
117747878,8237,422250,1
42666285,7762,422251,1
42666285,7929,422251,1
42666285,7893,422251,1
42666285,5204,422251,1
3252959691,8238,422251,1
3252959691,8239,422251,1
3252959691,2076,422251,1
33807394,8045,422251,1
33807394,3291,422251,1
33807394,8240,422251,1
33807394,1036,422251,1
33807394,8241,422251,1
33807394,3770,422251,1
33807394,8242,422251,1
33807394,1404,422251,1
305607889,4945,422251,1
305607889,8243,422251,1
50799942,3965,422251,1
50799942,3964,422251,1
427683210,8244,422251,1
427683210,8245,422251,1
2445855570,2079,422251,1
26510688,8045,422251,1
26510688,8246,422251,1
26510688,8247,422251,1
2445855570,8248,422251,1
390641266,8249,422251,1
729637921,1165,422251,1
729637921,8250,422251,1
36077654,8251,422251,1
2451684921,8252,422251,1
2451684921,8253,422251,1
2451684921,8254,422251,1
2451684921,8255,422251,1
939311,8256,422251,1
179682563,7556,422251,1
179682563,3017,422251,1
179682563,1741,422251,1
169131469,8257,422251,1
25643321,8045,422251,1
25643321,1214,422251,1
25643321,8258,422251,1
25643321,2679,422251,1
25643321,8259,422251,1
25643321,6563,422251,1
28048844,1129,422251,1
28048844,8260,422251,1
28048844,8261,422251,1
28048844,8262,422251,1
36815578,8074,422251,1
36815578,8016,422251,1
36815578,7112,422251,1
179682563,1043,422251,1
162805587,8263,422251,1
162805587,7754,422251,1
201139912,1417,422251,1
181991754,1306,422251,1
181991754,4275,422251,1
2936623532,4541,422251,1
31050688,1714,422251,1
31050688,1618,422251,1
31050688,6904,422251,1
31050688,8264,422251,1
31050688,4661,422251,1
31050688,1812,422251,1
31050688,8265,422251,1
31050688,1096,422251,1
16541331,8266,422251,1
804802629553504256,2033,422251,1
2252730644,8267,422251,1
443056507,2355,422251,2
443056507,2517,422251,1
443056507,8268,422251,1
443056507,1894,422251,1
443056507,8269,422251,1
443056507,8270,422251,1
77776325,1851,422251,1
154787745,8271,422251,1
154787745,2065,422251,1
154787745,1813,422251,1
154787745,1814,422251,1
154787745,1909,422251,1
1878021679,8272,422251,1
1878021679,8273,422251,1
2449852057,6609,422251,1
14543465,1211,422251,1
2382992022,3413,422251,2
2382992022,5155,422251,1
2382992022,8274,422251,1
2382992022,8275,422251,1
42666285,7893,422252,1
42666285,7929,422252,1
42666285,7823,422252,1
297784467,4823,422252,2
297784467,8276,422252,1
297784467,8277,422252,2
297784467,8278,422252,2
297784467,8279,422252,1
2468173978,8280,422252,1
2468173978,8281,422252,1
121809964,3517,422252,1
121809964,4564,422252,1
121809964,4156,422252,1
121809964,4771,422252,1
485215559,8282,422252,1
394751034,1104,422252,1
1564575410,8283,422252,1
1564575410,8284,422252,2
1564575410,8285,422252,1
23644966,8286,422252,2
292992978,8072,422252,1
292992978,8287,422252,1
292992978,8288,422252,1
292992978,8289,422252,1
112498303,3283,422252,1
112498303,8290,422252,1
112498303,8291,422252,1
112498303,1062,422252,1
112498303,8292,422252,1
112498303,1325,422252,1
147078910,8293,422252,1
147078910,8294,422252,1
147078910,8295,422252,1
60811614,8296,422252,1
60811614,8297,422252,1
60811614,5812,422252,1
889605598886715392,2217,422252,1
823229033936732162,8298,422252,1
3121750933,1014,422252,1
3121750933,1015,422252,1
3121750933,2229,422252,1
3121750933,2230,422252,1
3121750933,2231,422252,1
3121750933,2232,422252,1
3121750933,2610,422252,1
3121750933,2260,422252,1
889605598886715392,8052,422252,1
230075023,8299,422252,1
230075023,8300,422252,1
230075023,1215,422252,1
230075023,8301,422252,1
93931293,2189,422252,1
1481353266,8302,422252,1
1481353266,8303,422252,2
277816850,8304,422252,1
402947402,3939,422252,1
41155507,4994,422252,1
41155507,3033,422252,1
872881071771324416,4757,422252,1
872881071771324416,4778,422252,1
390641266,1372,422252,1
799708890791178240,4026,422252,1
799708890791178240,6371,422252,1
799708890791178240,3390,422252,1
799708890791178240,3392,422252,1
30139524,8305,422252,1
30139524,8306,422252,1
30139524,8231,422252,1
42666285,7762,422253,1
42666285,7929,422253,1
42666285,7893,422253,1
42666285,7965,422253,1
1024957045,8307,422253,1
1024957045,2280,422253,1
1024957045,8308,422253,1
2712911600,8309,422253,1
2712911600,8310,422253,1
2712911600,8311,422253,1
2712911600,8312,422253,1
2712911600,8313,422253,1
309363450,1512,422253,1
309363450,1287,422253,1
309363450,1774,422253,1
309363450,1131,422253,1
309363450,8314,422253,1
361188508,8315,422253,1
361188508,1627,422253,1
361188508,8316,422253,1
361188508,8317,422253,1
2155897448,1188,422253,2
2155897448,8318,422253,1
2155897448,8319,422253,1
2155897448,8320,422253,1
1727080993,8321,422253,1
179682563,2826,422253,2
179682563,1036,422253,1
18086437,2950,422253,1
18086437,8322,422253,1
2315257075,8323,422253,1
158379240,8324,422253,2
158379240,8325,422253,1
2457278850,1538,422253,1
2457278850,7175,422253,1
2457278850,1512,422253,1
2457278850,8326,422253,1
2457278850,8327,422253,1
2457278850,5264,422253,1
2457278850,4331,422253,1
2457278850,8328,422253,1
2457278850,8329,422253,1
58664645,8330,422253,1
2155897448,1602,422253,2
2155897448,1603,422253,2
2155897448,4997,422253,1
2155897448,1605,422253,1
2155897448,3317,422253,1
2155897448,1604,422253,1
850346704188657664,8331,422253,1
850346704188657664,8332,422253,1
729972666,8333,422253,1
2905271914,2494,422253,1
215499281,8334,422253,1
23574435,3928,422253,1
23574435,1564,422253,1
23574435,7958,422253,1
602521299,8335,422253,1
821942989778026496,1176,422253,1
821942989778026496,1240,422253,1
821942989778026496,1241,422253,1
1141651788,8070,422253,1
1141651788,6926,422253,1
206506178,3843,422253,1
206506178,3834,422253,1
206506178,3844,422253,1
58664645,8336,422253,1
58664645,8337,422253,1
58664645,8338,422253,1
33220557,8339,422253,1
33220557,2906,422253,1
33220557,2907,422253,1
33220557,2908,422253,1
33220557,2909,422253,1
33220557,2910,422253,1
145391869,8340,422253,1
804802629553504256,5319,422253,1
42013338,8341,422253,2
23210653,8342,422253,1
23210653,8343,422253,1
23210653,8344,422253,1
23210653,8345,422253,1
23210653,6854,422253,1
227767298,1265,422253,1
61547959,5350,422253,1
43284245,6588,422253,1
43284245,1993,422253,1
58664645,8346,422253,1
58664645,8347,422253,1
58664645,8348,422253,1
58664645,4327,422253,1
58664645,8349,422253,1
188684410,6945,422253,1
188684410,8350,422253,1
188684410,4973,422253,1
1005678613,2010,422253,1
1005678613,8351,422253,1
1005678613,8352,422253,1
1005678613,8353,422253,1
1005678613,8354,422253,1
26293684,8355,422253,1
154787745,1813,422253,1
154787745,1814,422253,1
154787745,1909,422253,1
443056507,2515,422253,1
42495288,8356,422254,1
42495288,4495,422254,2
42495288,2055,422254,2
4458841395,8357,422254,1
4458841395,3316,422254,1
14189654,8045,422254,2
14189654,8358,422254,2
14189654,8359,422254,1
15850295,8360,422254,1
15850295,2428,422254,1
158379240,3743,422254,1
158379240,8361,422254,1
158379240,8362,422254,1
484403244,8363,422254,1
2382992022,3413,422254,1
2382992022,5155,422254,1
2382992022,3693,422254,1
2382992022,3496,422254,1
2382992022,8364,422254,1
2382992022,6332,422254,1
58664645,2197,422254,1
58664645,3335,422254,1
58664645,1617,422254,1
58664645,8365,422254,1
188684410,3819,422254,1
188684410,3076,422254,1
188684410,3077,422254,1
42495288,8366,422254,1
42495288,2056,422254,1
36815578,4650,422254,1
36815578,4361,422254,1
36815578,8367,422254,1
36815578,2844,422254,1
36815578,7105,422254,1
188684410,6438,422254,1
2883236553,8368,422254,1
2883236553,8369,422254,1
131941076,3782,422254,1
131941076,8370,422254,1
28712862,8371,422254,1
28712862,8372,422254,1
28712862,8373,422254,1
93923851,1907,422254,1
2366127384,2553,422254,1
2366127384,8374,422254,1
2366127384,4897,422254,1
2366127384,2554,422254,1
452542451,8375,422254,1
452542451,8376,422254,1
452542451,8377,422254,1
18602973,8378,422254,1
18602973,2629,422254,1
18602973,8379,422254,1
18602973,8380,422254,1
18602973,2444,422254,1
18602973,5141,422254,1
402947402,8381,422254,1
154787745,1813,422254,1
154787745,1814,422254,1
154787745,1815,422254,1
1483039946,8382,422254,1
237514324,2012,422254,1
237514324,8383,422254,1
237514324,3992,422254,1
3680519782,5645,422254,1
3680519782,2749,422254,1
17388637,8384,422254,1
17388637,8385,422254,1
282188436,8386,422254,1
282188436,8387,422254,1
1936348064,2822,422254,1
188684410,3142,422254,1
35280003,8388,422254,1
4090255600,8389,422254,1
4090255600,8390,422254,1
25569512,2503,422254,1
25569512,2678,422254,1
25569512,8391,422254,1
25569512,8392,422254,1
25569512,8393,422254,1
25569512,8394,422254,1
25569512,5563,422254,1
25569512,8395,422254,1
935908393805602816,5924,422254,1
935908393805602816,8396,422254,1
935908393805602816,8397,422254,1
935908393805602816,8398,422254,1
24472395,8399,422254,1
24472395,2912,422254,1
24472395,2913,422254,1
21655602,8400,422254,1
21655602,7376,422254,1
46776370,5104,422254,1
46776370,8401,422254,1
46776370,8402,422254,1
46776370,8403,422254,1
46776370,8404,422254,1
188684410,8405,422254,1
744731173,2136,422254,1
744731173,8406,422254,1
744731173,4460,422254,1
744731173,8407,422254,1
744731173,3740,422254,1
744731173,8408,422254,1
744731173,8409,422254,1
744731173,8410,422254,1
42666285,3962,422327,1
42666285,6255,422327,1
42666285,6256,422327,1
42666285,6307,422327,1
859487190,1714,422327,1
1314035713,2969,422327,1
188684410,8411,422327,1
188684410,1562,422327,1
188684410,2969,422327,1
224360113,8412,422327,1
224360113,8413,422327,1
224360113,8414,422327,1
28751097,8415,422327,1
2858164880,8416,422327,1
2858164880,8417,422327,1
2858164880,1714,422327,1
2858164880,1827,422327,1
2858164880,2809,422327,1
132217093,8026,422327,1
132217093,2891,422327,1
11007892,6881,422327,1
11007892,6884,422327,1
11007892,1898,422327,1
11007892,2171,422327,1
11007892,4094,422327,1
427683210,7743,422327,1
427683210,4038,422327,1
427683210,1356,422327,1
427683210,4039,422327,1
427683210,4040,422327,1
427683210,8418,422327,1
277816850,8419,422327,1
277816850,8420,422327,1
427683210,1186,422327,1
427683210,8421,422327,2
427683210,8422,422327,1
427683210,8423,422327,1
426097487,8424,422327,1
426097487,8425,422327,1
426097487,8426,422327,1
427683210,6352,422327,1
427683210,6353,422327,1
51130342,8086,422327,1
277816850,8427,422327,1
277816850,6628,422327,1
727872099403075584,8428,422327,1
20705041,2945,422327,1
20705041,2948,422327,1
20705041,2947,422327,1
20705041,1472,422327,1
20705041,2946,422327,1
708056279793725441,8429,422327,1
708056279793725441,8430,422327,1
708056279793725441,8431,422327,1
708056279793725441,8432,422327,1
708056279793725441,8433,422327,1
893778853,8434,422327,1
893778853,8435,422327,1
893778853,2987,422327,1
893778853,8436,422327,1
26587452,3834,422327,1
26587452,8437,422327,1
4852156748,8438,422327,1
4852156748,2596,422327,1
4852156748,2955,422327,2
3086338765,8439,422327,1
3086338765,8440,422327,1
3086338765,8441,422327,1
16561148,1041,422327,1
16561148,8442,422327,1
16561148,8443,422327,1
16561148,2637,422327,1
16966202,3942,422327,1
16966202,8444,422327,1
16966202,8445,422327,1
16966202,4818,422327,1
16966202,5566,422327,1
16966202,8446,422327,1
16966202,8447,422327,1
944675174686904320,6141,422327,1
944675174686904320,1841,422327,1
944675174686904320,3732,422327,1
944675174686904320,5096,422327,1
944675174686904320,2485,422327,1
503911925,1072,422327,1
503911925,1073,422327,1
503911925,1074,422327,1
503911925,1075,422327,1
503911925,1076,422327,1
42666285,6256,422328,1
42666285,6307,422328,1
42666285,6306,422328,1
42666285,6255,422328,1
2815863258,1036,422328,1
2815863258,2939,422328,1
2815863258,2940,422328,1
2815863258,2826,422328,1
2815863258,8448,422328,1
2815863258,1002,422328,1
23711313,1529,422328,1
23711313,6875,422328,1
23711313,8449,422328,1
23711313,1465,422328,1
181991754,1306,422328,2
16035795,2750,422328,1
16035795,3179,422328,1
2429548357,8450,422328,1
18443333,8451,422328,1
18443333,8452,422328,1
181991754,1163,422328,1
181991754,1677,422328,1
277816850,8419,422328,1
277816850,8453,422328,1
277816850,8454,422328,1
1315374666,8455,422328,1
135675732,8456,422328,1
135675732,5871,422328,1
42495288,3431,422328,1
42495288,8457,422328,1
42495288,8458,422328,1
42495288,8459,422328,1
19245314,8460,422328,1
19245314,8461,422328,1
19245314,1898,422328,1
19245314,1720,422328,1
19245314,8462,422328,1
92186516,1104,422328,1
38590978,8463,422328,1
62749434,1159,422328,1
62749434,1112,422328,1
62749434,3385,422328,1
20963067,8464,422328,1
2315257075,4904,422328,1
27066927,1104,422328,1
27066927,8465,422328,1
27066927,8466,422328,1
364629377,8467,422328,1
364629377,1215,422328,1
364629377,5094,422328,1
364629377,8468,422328,1
364629377,1063,422328,1
364629377,4039,422328,1
364629377,8469,422328,1
22194996,1322,422328,1
22194996,8470,422328,1
22194996,8471,422328,1
22194996,8472,422328,1
22194996,8473,422328,1
22194996,8474,422328,1
203332379,8475,422328,1
1410671952,1179,422328,1
213313491,8476,422328,1
1410671952,8477,422328,1
2598881534,8478,422328,1
42666285,1089,422329,1
42666285,1088,422329,1
42666285,1090,422329,1
54813581,2697,422329,1
54813581,8479,422329,1
54813581,8480,422329,1
54813581,7964,422329,1
54813581,1785,422329,1
54813581,8481,422329,1
263941726,8482,422329,1
263941726,8483,422329,1
263941726,8484,422329,1
96837825,1043,422329,1
96837825,3014,422329,1
96837825,3017,422329,1
96837825,3015,422329,1
36186797,2960,422329,1
21317544,6703,422329,1
21317544,8485,422329,1
21317544,8486,422329,1
21317544,8487,422329,1
18769024,8488,422329,1
18769024,8489,422329,1
18769024,7347,422329,1
18769024,7348,422329,1
18769024,7964,422329,1
29493760,3674,422329,1
29493760,2509,422329,1
29493760,6216,422329,1
29493760,3834,422329,1
29493760,4190,422329,1
20687509,8490,422329,1
20687509,8491,422329,1
2349257468,8449,422329,1
35280003,1062,422329,1
35280003,8492,422329,1
188684410,8493,422329,1
632783295,8494,422329,1
632783295,8495,422329,1
632783295,8496,422329,1
632783295,8497,422329,1
23990095,8498,422329,1
129856146,7609,422329,2
129856146,2010,422329,1
129856146,2608,422329,1
129856146,7610,422329,1
129856146,8499,422329,1
215499281,1907,422329,1
215499281,8500,422329,1
188684410,8501,422329,1
2279507762,8502,422329,1
2279507762,8503,422329,1
2279507762,8504,422329,1
2598881534,8505,422329,1
1137317192,8506,422329,1
1137317192,8507,422329,1
1137317192,8508,422329,1
1137317192,8509,422329,1
1137317192,8510,422329,1
1137317192,8511,422329,1
759775770,8512,422329,1
759775770,1404,422329,1
759775770,8513,422329,1
28495138,2912,422329,1
28495138,3047,422329,1
28495138,3048,422329,1
28495138,6236,422329,1
28495138,3050,422329,1
28495138,8514,422329,1
188684410,8515,422329,1
268283923,8122,422329,2
268283923,8123,422329,2
268283923,8125,422329,2
268283923,8124,422329,2
1872623130,8516,422329,1
1872623130,8517,422329,1
1872623130,8518,422329,1
1872623130,8519,422329,1
253163980,8520,422330,1
253163980,8521,422330,2
253163980,7053,422330,1
729017136404934657,6839,422330,1
772892024,8522,422330,1
772892024,1340,422330,1
772892024,2726,422330,1
772892024,2596,422330,1
772892024,2410,422330,1
2674128810,8523,422330,1
459072363,8524,422330,1
459072363,1864,422330,1
459072363,8525,422330,1
459072363,8526,422330,1
459072363,8527,422330,1
214305445,7792,422330,1
251776220,8528,422330,1
251776220,8529,422330,1
251776220,7541,422330,1
251776220,4662,422330,2
251776220,1498,422330,1
251776220,8530,422330,1
251776220,3409,422330,1
253163980,8531,422330,1
253163980,8532,422330,1
17795451,1854,422330,1
159400032,8533,422330,1
1137317192,8506,422330,1
1137317192,8507,422330,1
1137317192,8508,422330,1
1137317192,8534,422330,1
22324461,8535,422330,1
22324461,1714,422330,1
46827274,2678,422330,1
46827274,8536,422330,1
46827274,8537,422330,1
46827274,8538,422330,1
46827274,8539,422330,1
46827274,8540,422330,1
36815578,8541,422330,1
36815578,4983,422330,1
36815578,8542,422330,1
36815578,2534,422330,1
2723851180,6833,422330,1
2723851180,5981,422330,1
54780602,5311,422330,2
54780602,8543,422330,2
54780602,8544,422330,2
465911423,8545,422330,1
15966337,1555,422330,1
15966337,8546,422330,1
20687509,8547,422330,1
36815578,8548,422330,1
36815578,2249,422330,1
251776220,7690,422330,1
251776220,8135,422330,1
251776220,6197,422330,1
251776220,8549,422330,1
251776220,7742,422330,1
873047116465045505,8550,422330,1
873047116465045505,8551,422330,1
7991842,1136,422330,1
7991842,1434,422330,1
7991842,8552,422330,1
7991842,8553,422330,1
7991842,5590,422330,1
7991842,8554,422330,1
7991842,8555,422330,1
237514324,1382,422330,1
2245603687,3933,422330,2
2245603687,2333,422330,1
29482906,8556,422330,1
194573948,8557,422330,1
179682563,8558,422330,1
179682563,8559,422330,1
522573024,8560,422330,1
68913970,8561,422330,1
68913970,8562,422330,1
68913970,8563,422330,1
68913970,3902,422330,1
68913970,4740,422330,1
68913970,1380,422330,1
2472747073,2323,422330,1
246557733,8564,422331,1
246557733,8565,422331,1
314301830,1104,422331,1
303281594,8566,422331,1
303281594,8567,422331,1
303281594,8568,422331,1
23266929,8569,422331,1
23266929,8570,422331,2
54047677,3114,422331,1
54047677,2847,422331,1
162805587,3462,422331,1
1135447002,8571,422331,1
10428372,8572,422331,1
29493760,3179,422331,1
29493760,2749,422331,1
3121750933,1014,422331,1
3121750933,1015,422331,1
3121750933,2229,422331,1
3121750933,2230,422331,1
224064154,3731,422331,1
224064154,1628,422331,1
188684410,3139,422331,1
188684410,8573,422331,1
2421458276,8574,422331,1
63878566,1036,422331,1
63878566,8575,422331,1
63878566,8576,422331,1
558163732,4348,422331,1
558163732,4346,422331,1
558163732,4347,422331,1
558163732,4677,422331,1
558163732,5551,422331,1
14642031,8577,422331,1
23266929,8578,422331,1
23266929,1464,422331,1
2209111299,1449,422331,1
2209111299,1997,422331,1
2209111299,1512,422331,1
2797274671,2249,422331,1
2797274671,1975,422331,1
2797274671,8579,422331,1
2797274671,3652,422331,1
2797274671,5832,422331,1
2797274671,5183,422331,1
2797274671,1450,422331,1
2797274671,2129,422331,1
2797274671,5201,422331,1
2797274671,1804,422331,1
2797274671,7522,422331,1
21176553,8580,422331,1
21176553,8581,422331,1
1950798416,8582,422331,1
1950798416,8583,422331,1
1950798416,8584,422331,1
1950798416,8585,422331,1
1950798416,8586,422331,1
188684410,8587,422331,1
188684410,3936,422331,1
188684410,7545,422331,1
188684410,1004,422331,1
154356369,5618,422331,1
154356369,8588,422331,1
154356369,8589,422331,1
154356369,5620,422331,1
27988946,4047,422331,1
27988946,3370,422331,1
850346704188657664,8590,422331,1
850346704188657664,2958,422331,1
3267524454,1847,422331,1
42495288,3431,422331,1
799708890791178240,8591,422331,1
799708890791178240,8592,422331,1
799708890791178240,8593,422331,1
245818918,8449,422331,1
245818918,3663,422331,1
245818918,7584,422331,1
245818918,2646,422331,1
305607889,1250,422331,1
305607889,8594,422331,1
305607889,5556,422331,1
305607889,8595,422331,1
20350290,8596,422331,1
3279992892,3337,422331,1
3279992892,1532,422331,1
121490758,8597,422332,1
121490758,4902,422332,1
121490758,7321,422332,1
20350290,6700,422332,3
20350290,6701,422332,3
35762101,5008,422332,1
38564541,5831,422332,3
38564541,8598,422332,3
38564541,8599,422332,3
38564541,8600,422332,3
38564541,8601,422332,3
38564541,8602,422332,3
280263981,8603,422332,1
280263981,8604,422332,1
280263981,8605,422332,1
3603083360,6286,422332,1
3603083360,7099,422332,1
3603083360,1990,422332,1
251776220,8606,422332,1
251776220,8607,422332,1
251776220,8608,422332,1
251776220,1786,422332,1
251776220,8609,422332,1
251776220,8610,422332,1
251776220,8549,422332,1
251776220,7742,422332,1
20350290,8596,422332,1
18805962,8611,422332,1
18805962,8612,422332,1
956252593994584065,2266,422332,1
826616589030215688,2298,422332,1
330068663,1062,422332,1
330068663,3057,422332,1
330068663,8613,422332,1
330068663,1945,422332,1
330068663,8614,422332,1
929456436098330624,8615,422332,2
373038991,8616,422332,1
373038991,8617,422332,1
39206945,8618,422332,1
39206945,8619,422332,1
39206945,4166,422332,1
39206945,8620,422332,1
17003041,8621,422332,1
17003041,8622,422332,1
1878021679,8623,422332,1
1878021679,1413,422332,1
1878021679,1450,422332,1
1878021679,1451,422332,1
16035795,2323,422332,1
188684410,1568,422332,1
188684410,1567,422332,1
223969236,7541,422332,1
902800913194041344,1967,422332,1
902800913194041344,8624,422332,1
902800913194041344,8625,422332,1
188684410,6451,422332,1
452483362,4412,422332,1
17856765,8626,422332,1
1314035713,8627,422332,1
29429561,8628,422332,1
29429561,8629,422332,1
2349257468,8630,422332,1
2349257468,8631,422332,1
2349257468,8632,422332,1
2349257468,8633,422332,1
253163980,4888,422332,1
253163980,2826,422332,1
253163980,2619,422332,1
31317891,8634,422332,1
31317891,8635,422332,1
303281594,2509,422332,1
303281594,6216,422332,1
303281594,5274,422332,1
303281594,3280,422332,1
303281594,1380,422332,1
188684410,8636,422333,1
188684410,2371,422333,1
188684410,2372,422333,1
188684410,3456,422333,1
188684410,3142,422333,1
188684410,8637,422333,1
42666285,1090,422333,1
42666285,1089,422333,1
42666285,1088,422333,1
452483362,8638,422333,1
826616589030215688,2298,422333,1
31553533,8639,422333,1
31553533,1262,422333,1
31553533,3369,422333,1
27822518,8640,422333,1
2445855570,1329,422333,1
2349257468,8641,422333,1
2349257468,8642,422333,1
229187669,8643,422333,1
229187669,8644,422333,1
227767298,8645,422333,1
227767298,8646,422333,1
227767298,8647,422333,1
5849492,8648,422333,1
5849492,8649,422333,1
5849492,8650,422333,1
442061093,8449,422333,1
442061093,1465,422333,1
427683210,1587,422333,1
27822518,8651,422333,1
799708890791178240,3389,422333,1
31390790,8652,422333,1
23620158,8653,422333,1
23620158,8654,422333,1
291514987,8655,422333,1
291514987,8656,422333,1
291514987,8657,422333,1
891291023397212160,8658,422333,1
891291023397212160,5582,422333,1
427683210,8659,422333,1
707267661592330240,8660,422333,2
42666285,1088,422334,1
42666285,1090,422334,1
42666285,1089,422334,1
32334336,5082,422334,1
848738334,5585,422334,1
15295716,8661,422334,1
15295716,8662,422334,1
15295716,8663,422334,1
15295716,8291,422334,1
799708890791178240,8664,422334,1
799708890791178240,3390,422334,1
2152607782,1690,422334,1
2152607782,1993,422334,1
55075435,8665,422334,1
2898008660,1532,422334,1
3578650466,8666,422334,1
3578650466,8667,422334,1
3578650466,8668,422334,1
50455354,3202,422334,1
50455354,5082,422334,1
50455354,3203,422334,1
1283002441,8669,422334,1
1283002441,3871,422334,1
1283002441,3872,422334,1
1283002441,3873,422334,1
1283002441,3874,422334,1
188684410,8670,422334,1
237488314,1125,422334,1
237488314,1449,422334,1
237488314,2786,422334,1
188684410,5014,422334,1
334363355,2515,422334,1
42666285,1089,422335,1
42666285,1088,422335,1
42666285,1090,422335,1
280837361,1019,422335,1
280837361,6184,422335,1
21708721,8671,422335,1
21708721,8672,422335,1
21708721,8673,422335,1
21708721,8674,422335,1
21708721,1617,422335,1
21708721,1714,422335,1
21708721,8675,422335,1
42041877,8676,422335,1
42041877,8677,422335,1
42041877,8678,422335,1
2594257500,8679,422335,1
2594257500,8680,422335,1
2594257500,8681,422335,1
2594257500,8682,422335,1
33976616,4913,422335,1
35762101,1331,422335,2
35762101,3773,422335,1
35762101,1287,422335,1
35762101,1622,422335,1
35762101,1263,422335,1
35762101,3799,422335,1
1376002572,8683,422335,1
19167916,8684,422335,1
42666285,1089,422336,1
42666285,1088,422336,1
42666285,1090,422336,1
397173259,3801,422336,1
397173259,8685,422336,1
397173259,8686,422336,1
397173259,8687,422336,1
397173259,8688,422336,1
35762101,1404,422336,1
35762101,8689,422336,1
35762101,5569,422336,1
35762101,1353,422336,1
297732920,3097,422336,1
297732920,3876,422336,1
16880397,3447,422336,2
16880397,8690,422336,1
16880397,8691,422336,1
16880397,8692,422336,1
16880397,3795,422336,1
16880397,1741,422336,1
2155897448,1602,422336,2
2155897448,1603,422336,2
2155897448,1605,422336,2
2155897448,2630,422336,1
2155897448,8693,422336,1
2155897448,1604,422336,1
27822518,1288,422336,1
27822518,8694,422336,1
27822518,8695,422336,1
179682563,5048,422336,3
179682563,8696,422336,1
188684410,4068,422336,1
188684410,8697,422336,2
188684410,8698,422336,1
188684410,8699,422336,1
188684410,8700,422336,1
188684410,8701,422336,1
188684410,3097,422336,1
188684410,3877,422336,1
188684410,4975,422336,1
188684410,8702,422336,1
701024471663013893,1003,422337,1
390641266,1372,422337,1
390641266,1373,422337,1
390641266,1374,422337,1
390641266,1375,422337,1
179682563,5048,422337,2
42666285,1089,422338,1
42666285,1088,422338,1
42666285,1090,422338,1
234966314,1003,422338,1
234966314,8703,422338,1
42666285,1090,422339,1
42666285,1088,422339,1
42666285,1089,422339,1
16966202,8704,422339,1
452483362,8705,422339,1
2155897448,1602,422339,2
2155897448,6582,422339,1
2155897448,1354,422339,1
2155897448,1603,422339,2
2155897448,6474,422339,1
2155897448,2630,422339,1
20350290,8706,422339,1
20350290,8707,422339,1
20350290,2065,422339,1
15850295,8708,422339,1
15850295,8709,422339,1
15850295,8710,422339,1
15850295,1404,422339,1
15850295,7012,422339,1
804802629553504256,2033,422339,1
804802629553504256,2034,422339,1
452542451,8711,422339,1
452542451,4492,422339,1
452542451,1099,422339,1
452542451,2404,422339,1
452542451,6342,422339,1
503911925,8712,422339,1
503911925,5784,422339,1
503911925,8713,422339,1
503911925,1806,422339,1
503911925,1642,422339,1
503911925,7360,422339,1
503911925,1058,422339,1
42666285,1088,422340,1
42666285,1090,422340,1
42666285,1089,422340,1
558163732,4443,422340,1
558163732,5090,422340,1
558163732,4446,422340,1
558163732,1039,422340,1
558163732,4445,422340,1
558163732,8714,422340,1
558163732,4447,422340,1
558163732,2083,422340,1
15963168,8715,422340,1
2964817577,1676,422340,1
2964817577,8716,422340,1
292992978,1679,422340,1
292992978,8717,422340,1
292992978,1680,422340,1
292992978,3322,422340,1
181991754,1306,422340,1
181991754,1307,422340,1
708056279793725441,1092,422340,1
708056279793725441,3433,422340,1
452542451,8718,422340,1
795650513257791488,1104,422340,1
17022100,1003,422340,1
17022100,1001,422340,1
23399737,8719,422340,1
23399737,3068,422340,1
23399737,8720,422340,1
270429610,8721,422340,1
270429610,8722,422340,1
270429610,8723,422340,1
795650513257791488,1764,422340,1
795650513257791488,3351,422340,1
795650513257791488,3352,422340,1
795650513257791488,3353,422340,1
27918931,8724,422340,1
27918931,8725,422340,1
27918931,5091,422340,1
27918931,8726,422340,1
729637921,8727,422340,1
729637921,8728,422340,1
729637921,8729,422340,1
536838736,8730,422340,1
536838736,1079,422340,1
536838736,1824,422340,1
536838736,3336,422340,1
42666285,1089,422341,1
42666285,1090,422341,1
42666285,1088,422341,1
29468484,8731,422341,1
1141651788,1826,422341,1
1141651788,3233,422341,1
1141651788,2125,422341,1
1141651788,1472,422341,1
1141651788,2126,422341,1
3192377558,4353,422341,1
2797274671,8732,422341,1
2797274671,6325,422341,1
2797274671,1750,422341,1
2797274671,8733,422341,1
2797274671,8734,422341,1
2797274671,1520,422341,1
2797274671,8735,422341,1
2797274671,8736,422341,1
2797274671,8737,422341,1
2214382729,8738,422341,1
2214382729,8739,422341,1
2214382729,8740,422341,1
2214382729,1627,422341,1
2214382729,8741,422341,1
162805587,2117,422341,1
162805587,1090,422341,1
162805587,2118,422341,1
162805587,2119,422341,1
704719445168500736,1895,422341,1
536838736,8742,422341,1
536838736,1823,422341,1
536838736,1079,422341,1
20350290,3211,422341,1
20350290,3801,422341,1
20350290,1263,422341,1
2815863258,1000,422341,1
2815863258,1001,422341,1
2815863258,1002,422341,1
4090255600,3339,422341,1
2205826873,1965,422341,1
2205826873,8743,422341,1
2205826873,8744,422341,1
2205826873,8745,422341,1
181991754,1306,422341,1
889605598886715392,8746,422341,1
20687509,8491,422341,1
2152607782,2942,422341,1
2152607782,5437,422341,1
189786780,8747,422341,1
2815863258,1000,422342,1
2815863258,1001,422342,1
42666285,1088,422342,1
42666285,1089,422342,1
42666285,1090,422342,1
74909783,1165,422342,1
536838736,8748,422342,1
536838736,3118,422342,1
536838736,8749,422342,1
280263981,8750,422342,1
280263981,8751,422342,1
280263981,8752,422342,1
2382992022,8753,422342,1
2382992022,3495,422342,1
2382992022,8754,422342,1
2382992022,1983,422342,1
2382992022,2811,422342,1
2598881534,8755,422342,1
2598881534,8756,422342,1
2598881534,3017,422342,1
2598881534,1742,422342,1
791239308518776833,1063,422342,1
791239308518776833,1380,422342,1
791239308518776833,8757,422342,1
791239308518776833,8758,422342,1
181991754,3588,422342,1
181991754,1677,422342,1
55924737,8759,422342,1
55924737,1863,422342,1
55924737,1090,422342,1
55924737,1219,422342,1
55924737,1034,422342,1
55924737,1530,422342,1
55924737,8760,422342,1
29493760,8761,422342,1
29493760,8762,422342,1
45361846,8763,422342,1
45361846,2983,422342,1
183847886,8764,422342,1
183847886,5894,422342,1
183847886,7857,422342,1
3190031634,8765,422342,1
46753368,8766,422342,1
46753368,8767,422342,1
14642031,3433,422342,1
944278730955948032,7616,422342,1
944278730955948032,8768,422342,1
737869494589263872,6055,422342,1
737869494589263872,4605,422342,1
737869494589263872,4602,422342,1
737869494589263872,4603,422342,1
737869494589263872,6755,422342,1
4090255600,8769,422342,1
4090255600,8770,422342,1
4090255600,8771,422342,1
58923724,1464,422342,1
852212459725357056,8772,422342,2
26510688,3834,422342,1
26510688,8773,422342,1
26510688,1874,422342,1
26510688,8774,422342,1
26510688,8775,422342,1
26510688,8776,422342,1
26510688,5434,422342,1
2817837144,4649,422342,1
2817837144,6106,422342,1
2817837144,8777,422342,1
3318266650,8778,422342,1
2691882793,2012,422343,1
2691882793,6832,422343,1
2691882793,8044,422343,1
2691882793,8779,422343,1
2691882793,8780,422343,1
2691882793,8781,422343,1
2691882793,1331,422343,1
2691882793,1263,422343,1
42666285,1090,422343,1
42666285,1089,422343,1
42666285,1088,422343,1
22324461,8782,422343,1
27822518,8783,422343,1
21275774,1003,422343,1
29493760,4486,422343,1
29493760,8784,422343,1
29493760,8785,422343,1
29493760,8786,422343,1
20789005,8787,422343,1
23189306,7515,422343,1
2382992022,3497,422343,1
2382992022,3412,422343,1
2382992022,6636,422343,1
2382992022,6637,422343,1
236602687,8788,422343,1
960678293157560320,1090,422343,1
960678293157560320,1186,422343,1
960678293157560320,1192,422343,1
960678293157560320,3654,422343,1
960678293157560320,1210,422343,1
2421458276,1847,422343,1
893778853,8789,422343,1
835233546415525917,1805,422343,1
835233546415525917,6829,422343,1
835233546415525917,8790,422343,1
835233546415525917,2227,422343,1
193020091,1936,422343,1
193020091,2228,422343,1
193020091,8791,422343,1
193020091,8792,422343,1
811662866868797440,8793,422343,1
811662866868797440,2083,422343,1
811662866868797440,8794,422343,1
839557949626413056,3433,422343,1
839557949626413056,8795,422343,1
839557949626413056,5962,422343,1
839557949626413056,5963,422343,1
839557949626413056,5964,422343,1
839557949626413056,1913,422343,1
839557949626413056,1404,422343,1
839557949626413056,8796,422343,1
1154409386,5883,422343,1
1154409386,8797,422343,1
16039183,8798,422343,1
16039183,3691,422343,1
162805587,7752,422343,1
162805587,7753,422343,1
162805587,8799,422343,1
162805587,2118,422343,1
162805587,5343,422343,1
162805587,7755,422343,1
162805587,8800,422343,1
772437134,8801,422343,2
772437134,8802,422343,1
772437134,8803,422343,2
161169452,8804,422343,1
161169452,8805,422343,1
161169452,1688,422343,1
161169452,7857,422343,1
161169452,8806,422343,1
117517223,2681,422343,1
117517223,1053,422343,1
117517223,8807,422343,1
117517223,3658,422343,1
117517223,1349,422343,1
21030857,8808,422343,1
17366401,2180,422343,1
17366401,1138,422343,1
50203824,8809,422343,1
20350290,3210,422343,1
516801659,8810,422343,1
516801659,8811,422343,1
516801659,8812,422343,1
42666285,1089,422344,1
42666285,1090,422344,1
42666285,1088,422344,1
131941076,1019,422344,1
804001512229847040,6580,422344,1
253163980,8813,422344,1
253163980,1450,422344,1
253163980,8814,422344,1
181991754,1306,422344,1
4747772716,1003,422344,1
4747772716,8815,422344,1
4747772716,8816,422344,1
43416848,2688,422344,1
23266929,1464,422344,1
22405339,8817,422344,1
19612870,1131,422344,1
937483842,7603,422344,1
937483842,8818,422344,1
937483842,1785,422344,1
937483842,2352,422344,1
937483842,8819,422344,1
937483842,2350,422344,1
937483842,8820,422344,1
937483842,1375,422344,1
937483842,8821,422344,1
937483842,2224,422344,1
123746185,8822,422344,1
19366775,8823,422344,1
19366775,8824,422344,1
19366775,8825,422344,1
16320537,2892,422344,1
16320537,1512,422344,1
16320537,1287,422344,1
16320537,2893,422344,1
16320537,1949,422344,2
19167916,1104,422344,1
516801659,8826,422344,1
516801659,8827,422344,1
516801659,3034,422344,1
516801659,8828,422344,1
516801659,8829,422344,1
1016112139,4383,422344,1
1016112139,8830,422344,1
22324461,3807,422344,1
22324461,3907,422344,1
2421458276,8574,422344,1
2421458276,8831,422344,1
2421458276,8832,422344,1
2421458276,8833,422344,1
121809964,8834,422344,1
121809964,8835,422344,1
121809964,1404,422344,1
16320537,3544,422344,1
31553533,4409,422344,1
31553533,3369,422344,1
31553533,1287,422344,1
821942989778026496,1176,422344,2
821942989778026496,1240,422344,2
821942989778026496,1241,422344,2
821942989778026496,5236,422344,1
224360113,1138,422344,1
2754527832,8836,422344,1
2691882793,8837,422344,1
2691882793,8819,422344,2
2691882793,8838,422344,1
2691882793,8839,422344,1
2691882793,8840,422344,1
2691882793,8841,422344,1
2691882793,8842,422344,1
2691882793,8843,422344,1
2691882793,8844,422344,1
2691882793,8845,422344,1
2691882793,1621,422344,1
266364200,8846,422344,1
22324461,8847,422344,1
25824511,1003,422344,1
42332697,3834,422344,1
121220374,2799,422344,1
121220374,1325,422344,1
121220374,1875,422344,1
121220374,2982,422344,1
121220374,6195,422344,1
121220374,3040,422344,1
58664645,3433,422344,1
58664645,1156,422344,1
58664645,2199,422344,1
58664645,6946,422344,1
58664645,8349,422344,1
58664645,4327,422344,1
21655602,7376,422344,1
20705041,2946,422344,1
20705041,2948,422344,1
42666285,1089,422345,1
42666285,1088,422345,1
42666285,1090,422345,1
54047677,8848,422345,1
54047677,2847,422345,1
485875060,1478,422345,1
485875060,8849,422345,1
485875060,4430,422345,1
20674875,8850,422345,1
20674875,8851,422345,1
485875060,8852,422345,1
20682357,1131,422345,1
20682357,1404,422345,1
20682357,1039,422345,1
838892865346486274,2503,422345,1
838892865346486274,4723,422345,1
838892865346486274,8853,422345,1
838892865346486274,7399,422345,1
305607889,8854,422345,1
305607889,8855,422345,1
305607889,3337,422345,1
35326240,8856,422345,1
23112554,8857,422345,1
23112554,1809,422345,1
23112554,3587,422345,1
23112554,1827,422345,1
23112554,3588,422345,1
459072363,3421,422345,1
459072363,1104,422345,1
1004321834,1122,422345,1
1004321834,8858,422345,1
829576687,8859,422345,1
23112554,8860,422345,1
23112554,1413,422345,1
23112554,8861,422345,1
23112554,4303,422345,1
23112554,8862,422345,1
1398100376,6762,422345,1
1398100376,8863,422345,1
256768688,8864,422345,1
256768688,2358,422345,1
244219557,1622,422345,1
244219557,8865,422345,1
143327160,1192,422345,1
181991754,1306,422345,1
181991754,1307,422345,1
99982506,1104,422345,1
24926214,1003,422345,1
23399737,8866,422345,1
23399737,1021,422345,1
23399737,8720,422345,1
25596302,3694,422345,1
25596302,1269,422345,1
25596302,4959,422345,1
25596302,4760,422345,1
25596302,4066,422345,1
25596302,3222,422345,1
25596302,6713,422345,1
25596302,1335,422345,1
25596302,6712,422345,1
25596302,2880,422345,1
51903296,6005,422345,1
51903296,6838,422345,1
51903296,8075,422345,1
51903296,8076,422345,1
51903296,8077,422345,1
21915938,2888,422345,1
21915938,2391,422345,1
21915938,2394,422345,1
21915938,7092,422345,1
29482906,8867,422345,1
29482906,3419,422345,1
29482906,7627,422345,1
29482906,8868,422345,1
29482906,8869,422345,1
485875060,1403,422345,1
485875060,1021,422345,1
485875060,3466,422345,1
485875060,5025,422345,1
485875060,8870,422345,1
3439382769,1003,422345,1
3439382769,8871,422345,1
3439382769,2064,422345,1
3439382769,1689,422345,1
3439382769,1691,422345,1
35356183,8872,422345,1
1137317192,8506,422345,1
1137317192,8507,422345,1
1137317192,8508,422345,1
1137317192,8873,422345,1
1137317192,8534,422345,1
4458841395,3316,422345,1
4458841395,2553,422345,1
20682357,8874,422345,1
20682357,2292,422345,1
51592560,7484,422345,1
51592560,8875,422345,1
51592560,8876,422345,1
51592560,8877,422345,1
51592560,1287,422345,1
51592560,1403,422345,1
51592560,6957,422345,1
51592560,4060,422345,1
27822518,8640,422345,1
27822518,8878,422345,1
165585348,8879,422345,1
3439382769,1604,422345,1
3439382769,8880,422345,1
3439382769,1894,422345,1
3439382769,8881,422345,1
3439382769,8882,422345,1
31482548,1638,422345,1
31482548,2197,422345,1
31482548,1617,422345,1
31482548,6055,422345,1
31482548,6056,422345,1
31482548,5790,422345,1
31482548,6057,422345,1
31482548,6904,422345,1
3121750933,1014,422345,1
3121750933,1015,422345,1
3121750933,2229,422345,1
3121750933,2230,422345,1
3121750933,2231,422345,1
3121750933,2232,422345,1
16369627,8883,422345,1
16369627,8884,422345,1
43416848,8885,422346,1
43416848,8886,422346,1
2267807461,2875,422346,1
2267807461,8887,422346,1
27684994,8888,422346,1
964288442917146624,7536,422346,1
964288442917146624,2065,422346,1
964288442917146624,8889,422346,1
871861079009357824,3432,422346,1
3305688459,1019,422346,1
274012228,8890,422346,1
274012228,2040,422346,1
274012228,8891,422346,1
2905271914,8892,422346,1
2905271914,8893,422346,1
29493760,5134,422346,1
51592560,8894,422346,1
51592560,8895,422346,1
51592560,8896,422346,1
51592560,8897,422346,1
51592560,8898,422346,1
2245891088,1830,422346,1
274012228,2619,422346,1
274012228,2037,422346,1
274012228,2038,422346,1
274012228,8899,422346,1
274012228,8900,422346,1
251776220,8901,422346,1
251776220,8902,422346,1
251776220,8903,422346,1
251776220,8904,422346,1
251776220,8905,422346,1
251776220,1044,422346,1
251776220,3897,422346,1
251776220,8906,422346,1
2205826873,1965,422346,1
2205826873,6581,422346,1
2205826873,8907,422346,1
709605905235447808,2289,422346,1
709605905235447808,8908,422346,1
709605905235447808,8909,422346,1
1377615098,2838,422346,1
1377615098,2839,422346,1
1377615098,7574,422346,1
1377615098,7575,422346,1
48908790,4427,422346,1
452483362,2468,422346,1
452483362,2455,422346,1
485875060,8910,422346,1
1950798416,8911,422346,1
1950798416,8912,422346,1
1950798416,8913,422346,1
1950798416,8914,422346,1
1950798416,8915,422346,1
536838736,1823,422346,1
536838736,1079,422346,1
536838736,1824,422346,1
2382992022,5302,422346,1
2382992022,6636,422346,1
2382992022,6637,422346,1
2382992022,3413,422346,1
1355331337,8916,422346,1
558163732,8917,422346,1
558163732,1347,422346,1
558163732,8918,422346,1
558163732,8919,422346,1
558163732,8920,422346,1
558163732,8921,422346,1
558163732,8922,422346,1
846393962,1019,422346,1
846393962,8923,422346,1
536838736,8924,422346,1
536838736,8925,422346,1
536838736,4092,422346,1
536838736,8926,422346,1
536838736,8927,422346,1
125609186,8928,422346,1
561494129,1003,422346,1
1582445839,8929,422346,1
1582445839,8930,422346,1
1582445839,8931,422346,1
28058941,8932,422346,1
28058941,5216,422346,1
28058941,1464,422346,1
28058941,8933,422346,1
1180241856,8934,422346,2
785213265454374912,1067,422346,1
785213265454374912,1068,422346,1
785213265454374912,1069,422346,1
785213265454374912,1070,422346,1
17329901,1827,422346,1
1171031450,8935,422346,1
188684410,8493,422346,1
188684410,7545,422346,1
188684410,8936,422346,1
188684410,3820,422346,1
188684410,1566,422346,1
188684410,8937,422346,1
188684410,1567,422346,1
446609479,8938,422346,1
2434173127,1219,422346,1
2434173127,8939,422346,1
2434173127,3000,422346,1
2434173127,8940,422346,1
2434173127,4117,422346,1
42666285,1088,422347,1
42666285,1089,422347,1
42666285,1090,422347,1
245818918,8941,422347,1
245818918,8942,422347,1
245818918,7584,422347,1
3031592200,8943,422347,1
3031592200,8944,422347,1
3031592200,8360,422347,1
3031592200,8945,422347,1
3031592200,1472,422347,1
3031592200,8946,422347,1
388928089,3694,422347,1
388928089,1090,422347,1
48087601,8947,422347,1
199409228,1806,422347,1
199409228,8948,422347,1
199409228,8949,422347,1
2598881534,1008,422347,1
2598881534,1039,422347,1
2598881534,1403,422347,1
2598881534,1131,422347,1
2598881534,1021,422347,1
2598881534,8950,422347,1
2598881534,2292,422347,1
20028291,8951,422347,1
20028291,1969,422347,1
31317891,8952,422347,1
415242072,1104,422347,1
303281594,2456,422347,2
303281594,8953,422347,1
303281594,8954,422347,1
303281594,8955,422347,1
158379240,6046,422347,1
165939924,1746,422347,1
165939924,1104,422347,1
165939924,4553,422347,1
165939924,4554,422347,1
165939924,1807,422347,1
165939924,2434,422347,1
107171353,8956,422347,1
107171353,1247,422347,1
22324461,8957,422347,1
22324461,8958,422347,1
22324461,8959,422347,1
944675174686904320,8960,422347,1
944675174686904320,1841,422347,1
944675174686904320,5096,422347,1
20350290,3210,422347,1
24710200,8961,422347,1
377128762,1592,422347,1
2815863258,1000,422347,2
2815863258,1001,422347,2
287843203,6665,422347,1
3028964015,8962,422347,1
3028964015,8963,422347,1
153971584,8964,422347,1
153971584,8965,422347,1
3318266650,8966,422347,1
68632552,2537,422347,1
538688050,8967,422347,1
538688050,2561,422347,1
538688050,1101,422347,1
2457278850,1538,422347,2
2457278850,2897,422347,1
2457278850,1967,422347,1
2457278850,8968,422347,1
2457278850,8969,422347,1
2457278850,2952,422347,1
2457278850,4475,422347,1
2457278850,8970,422347,1
2457278850,8971,422347,1
19614017,8972,422347,1
19614017,8973,422347,1
50455354,8974,422347,1
50455354,8975,422347,1
50455354,8976,422347,1
58918601,1104,422347,1
516801659,1944,422347,1
516801659,8977,422347,1
516801659,8978,422347,1
27918931,8726,422347,1
27918931,8979,422347,1
27918931,8980,422347,1
27918931,8981,422347,1
169739404,1186,422347,1
169739404,8982,422347,1
169739404,3466,422347,1
169739404,1473,422347,1
169739404,1472,422347,1
169739404,5117,422347,1
169739404,3186,422347,1
169739404,1287,422347,1
737869494589263872,4602,422347,1
737869494589263872,4605,422347,1
737869494589263872,4604,422347,1
737869494589263872,6755,422347,1
737869494589263872,8983,422347,1
3072860086,8984,422347,1
3072860086,4497,422347,1
3072860086,8985,422347,1
3072860086,8986,422347,1
3072860086,8987,422347,1
21317544,8988,422347,1
21317544,8989,422347,1
179682563,2171,422347,1
179682563,8990,422347,1
108632045,8991,422347,1
2457278850,4160,422347,1
2457278850,8992,422347,1
2457278850,8993,422347,1
2457278850,2152,422347,1
2457278850,8994,422347,1
2457278850,1622,422347,1
2457278850,8995,422347,1
274012228,2619,422347,1
274012228,2036,422347,1
274012228,8891,422347,1
274012228,2037,422347,1
274012228,2038,422347,1
1471193599,8996,422347,1
1582445839,8997,422347,1
1582445839,8998,422347,1
1582445839,8999,422347,1
1582445839,9000,422347,1
1582445839,9001,422347,1
2815863258,1000,422348,1
2815863258,1001,422348,1
2815863258,1002,422348,1
42666285,1088,422348,1
42666285,1089,422348,1
42666285,1090,422348,1
821387179863789568,9002,422348,1
821387179863789568,3041,422348,1
256768688,9003,422348,1
256768688,2357,422348,1
256768688,2358,422348,1
340123805,1039,422348,1
24614057,2515,422348,1
24614057,9004,422348,1
24614057,9005,422348,1
11550302,9006,422348,1
30020669,2444,422348,1
30020669,4977,422348,1
30020669,4978,422348,1
30020669,4979,422348,1
30020669,1263,422348,1
29493760,4486,422348,1
29493760,9007,422348,1
3121750933,1014,422348,1
3121750933,1015,422348,1
3121750933,2229,422348,1
3121750933,2230,422348,1
3121750933,2231,422348,1
3121750933,2232,422348,1
3121750933,2610,422348,1
3121750933,2260,422348,1
33220557,5091,422348,1
33220557,6221,422348,1
33220557,9008,422348,1
33220557,2906,422348,1
33220557,2907,422348,1
33220557,2908,422348,1
374237792,2616,422348,1
24978195,3276,422348,1
24978195,2777,422348,1
2382992022,2383,422348,1
2382992022,2812,422348,1
2382992022,3502,422348,1
2382992022,2382,422348,1
2382992022,9009,422348,1
2382992022,2811,422348,1
2457278850,1538,422348,2
2457278850,9010,422348,1
2457278850,9011,422348,1
2457278850,9012,422348,1
2457278850,9013,422348,1
2457278850,9014,422348,1
2457278850,9015,422348,1
2457278850,9016,422348,1
2457278850,9017,422348,1
14690813,9018,422348,1
31577021,1077,422348,1
31577021,1078,422348,1
31577021,1079,422348,1
71113645,9019,422348,1
3096845622,9020,422348,1
3096845622,9021,422348,1
3096845622,8135,422348,1
3096845622,9022,422348,1
3096845622,1092,422348,1
20350290,1464,422348,2
23013525,9023,422348,1
14189654,1131,422348,1
14189654,9024,422348,1
14189654,9025,422348,1
14189654,1219,422348,1
14189654,1039,422348,1
14189654,9026,422348,1
29493760,1838,422348,1
29493760,1839,422348,1
29493760,5246,422348,1
4458841395,1104,422348,1
452483362,6611,422348,1
452483362,9027,422348,1
452483362,3330,422348,1
2457278850,2897,422348,1
2457278850,7230,422348,1
2457278850,1967,422348,1
2457278850,9028,422348,1
2457278850,2078,422348,1
2457278850,2698,422348,1
6441322,2970,422348,1
6441322,1404,422348,1
6441322,3398,422348,1
6441322,2971,422348,1
6441322,3399,422348,1
181991754,1306,422348,2
181991754,1307,422348,2
781318064528916480,3433,422348,2
781318064528916480,1104,422348,2
52784759,4817,422348,1
52784759,9029,422348,1
52784759,9030,422348,1
52784759,9031,422348,1
52784759,3851,422348,1
2594257500,9032,422348,1
2594257500,1131,422348,1
2594257500,9033,422348,1
1154409386,9034,422348,1
1154409386,9035,422348,1
305607889,9036,422348,1
305607889,8594,422348,1
195943815,9037,422348,1
195943815,9038,422348,1
15601656,9039,422348,1
628027957,1104,422348,1
45397787,9040,422348,1
45397787,9041,422348,1
1583338284,1104,422348,1
823293471184318472,6794,422348,1
823293471184318472,3844,422348,1
823293471184318472,1403,422348,1
823293471184318472,9042,422348,1
823293471184318472,6795,422348,1
823293471184318472,9043,422348,1
823293471184318472,9044,422348,1
791239308518776833,2300,422348,1
791239308518776833,9045,422348,1
791239308518776833,1003,422348,1
30070002,1090,422348,1
30070002,9046,422348,1
30070002,6634,422348,1
30070002,9047,422348,1
30070002,5965,422348,1
2815863258,1000,422349,3
2815863258,1001,422349,3
2815863258,1002,422349,2
374211258,1053,422349,1
374211258,9048,422349,1
2457278850,1538,422349,1
2457278850,9049,422349,1
2457278850,2800,422349,1
2457278850,9014,422349,1
2457278850,9050,422349,1
24673519,7108,422349,1
944675174686904320,5792,422349,1
2245891088,9051,422349,1
868576306488688640,9052,422349,1
924184579,1995,422349,1
924184579,1996,422349,1
154787745,9053,422349,1
842150204925198337,3694,422349,1
181991754,1677,422349,1
20667173,2259,422349,1
20667173,3471,422349,1
20667173,2260,422349,1
20667173,1404,422349,2
20667173,1131,422349,2
20667173,2262,422349,1
20667173,2263,422349,1
873942716790517760,9054,422349,1
227767298,1265,422349,1
254271598,9055,422349,1
254271598,1219,422349,1
254271598,2629,422349,1
254271598,9056,422349,1
181991754,1306,422349,1
2815863258,1003,422349,1
771678204,9057,422349,1
2871963541,9058,422349,1
485875060,4073,422349,1
485875060,1404,422349,2
485875060,1219,422349,1
20667173,2291,422349,1
20667173,2292,422349,1
20667173,1219,422349,1
1447208906,9059,422349,1
536838736,1823,422349,1
31577021,1077,422349,1
31577021,1078,422349,1
31577021,1079,422349,1
31577021,1080,422349,1
44111237,9060,422349,6
44111237,1263,422349,6
1137616350,9061,422349,1
1137616350,9062,422349,1
1180025371,1016,422349,5
1481353266,7432,422349,1
1481353266,1121,422349,1
402947402,9063,422349,1
18791163,9064,422349,1
18791163,1355,422349,1
60811614,4611,422349,1
60811614,9065,422349,1
2815863258,1000,422350,1
2815863258,1001,422350,1
1180025371,1008,422350,2
1180025371,1464,422350,2
1180025371,3433,422350,2
42666285,1088,422350,1
42666285,1090,422350,1
42666285,1089,422350,1
91151434,9066,422350,1
91151434,1104,422350,1
2205826873,1965,422350,1
2205826873,9067,422350,1
2205826873,9068,422350,1
2205826873,9069,422350,1
2205826873,9070,422350,1
28751097,2749,422350,1
61539603,1104,422350,1
1437636157,3588,422350,1
1437636157,9071,422350,1
1437636157,9072,422350,1
944675174686904320,6832,422350,1
944675174686904320,9073,422350,1
944675174686904320,9074,422350,1
944675174686904320,9075,422350,1
33213039,1019,422350,1
2395068026,9076,422350,1
2395068026,9077,422350,1
2395068026,9078,422350,1
2395068026,9079,422350,1
16798508,1182,422350,3
16798508,3433,422350,3
16798508,1219,422350,5
16798508,1714,422350,2
16798508,9080,422350,2
16798508,3573,422350,2
16798508,2671,422350,2
16798508,9081,422350,2
17226023,9082,422350,1
799708890791178240,7167,422350,1
192019929,1786,422350,1
192019929,2481,422350,1
192019929,9083,422350,1
192019929,1403,422350,1
192019929,3095,422350,1
23824743,1877,422350,1
23824743,9084,422350,1
23824743,9085,422350,1
35326240,3103,422350,1
35326240,2207,422350,1
35326240,1062,422350,1
35326240,2674,422350,1
35326240,7708,422350,1
28236386,9086,422350,1
28236386,9087,422350,1
28236386,1104,422350,1
440936933,3939,422350,1
440936933,5285,422350,1
440936933,1192,422350,1
17474684,2450,422350,1
17474684,6442,422350,1
17474684,9088,422350,1
17474684,9089,422350,1
16798508,1099,422350,1
16798508,9090,422350,1
16798508,9091,422350,1
16798508,9092,422350,1
16798508,9093,422350,1
16798508,9094,422350,1
16798508,1104,422350,1
162805587,1090,422350,1
162805587,1153,422350,1
162805587,1154,422350,1
485875060,9095,422350,2
485875060,1476,422350,2
485875060,8910,422350,1
485875060,1478,422350,1
485875060,1479,422350,1
390346578,3951,422350,1
390346578,3952,422350,1
390346578,9096,422350,1
1500253002,9097,422350,1
1500253002,9098,422350,1
1500253002,9099,422350,1
2904795817,9100,422350,1
2904795817,9101,422350,1
944675174686904320,9102,422350,1
944675174686904320,1841,422350,1
944675174686904320,2485,422350,1
944675174686904320,3732,422350,1
16798508,5268,422350,1
16798508,1214,422350,1
16798508,5011,422350,1
16798508,9103,422350,1
16798508,8521,422350,1
403577687,1404,422350,2
403577687,1039,422350,1
403577687,1219,422350,1
403577687,9104,422350,1
403577687,9105,422350,1
403577687,9106,422350,1
1180025371,1016,422350,13
266364200,7003,422350,1
403577687,1034,422350,1
403577687,9107,422350,1
403577687,9108,422350,1
403577687,9109,422350,1
403577687,9110,422350,1
1849974224,9111,422350,1
1849974224,9112,422350,1
19640448,9113,422350,1
19640448,7258,422350,1
179682563,1993,422350,1
179682563,9114,422350,1
179682563,9115,422350,1
179682563,9116,422350,1
179682563,9117,422350,1
21275774,4614,422350,1
21275774,9118,422350,1
233889281,3133,422350,1
233889281,6308,422350,1
233889281,4071,422350,1
3687503962,9119,422350,1
3687503962,9120,422350,1
16798508,5889,422350,1
121809964,9121,422350,1
121809964,9122,422350,1
2964817577,3974,422350,1
268283923,1034,422350,1
268283923,9123,422350,1
25316500,1019,422350,1
1180025371,1115,422350,5
92186516,9124,422350,1
92186516,9125,422350,1
92186516,9126,422350,1
92186516,9127,422350,1
55655141,1003,422350,1
1180025371,1259,422350,2
939166746,4512,422350,1
939166746,9128,422350,1
939166746,9129,422350,1
939166746,1019,422350,1
939166746,8004,422350,1
1180025371,1010,422350,6
24256838,3481,422350,1
24256838,9130,422350,1
23291568,1293,422350,1
2434173127,9131,422350,1
2434173127,9132,422350,1
2434173127,9133,422350,1
2434173127,1034,422350,1
132217093,8026,422350,1
132217093,2891,422350,1
122780012,2715,422135,1
122780012,7404,422135,1
122780012,1036,422135,1
122780012,1851,422135,1
122780012,9134,422135,1
122780012,4666,422135,1
2815863258,1036,422135,1
2815863258,2879,422135,1
2815863258,1427,422135,1
2815863258,2880,422135,1
872881071771324416,9135,422135,2
872881071771324416,9136,422135,1
3121750933,1014,422135,1
3121750933,1015,422135,1
3121750933,2229,422135,1
3121750933,2230,422135,1
3121750933,2231,422135,1
3121750933,2232,422135,1
3121750933,2610,422135,1
2421458276,9137,422135,1
19245314,5069,422135,1
19245314,9138,422135,1
19245314,9139,422135,1
213155126,9140,422135,1
213155126,9141,422135,1
213155126,1404,422135,1
6441322,9142,422135,1
6441322,5230,422135,1
835233546415525917,4457,422135,1
835233546415525917,9143,422135,1
835233546415525917,2224,422135,1
835233546415525917,2223,422135,1
835233546415525917,1898,422135,1
899355308,9144,422135,1
899355308,9145,422135,1
899355308,9146,422135,1
536838736,9147,422135,1
536838736,1823,422135,1
536838736,1079,422135,1
536838736,1824,422135,1
872881071771324416,7339,422135,1
872881071771324416,9148,422135,1
108632045,6146,422135,1
108632045,4803,422135,1
35326240,2800,422135,1
35326240,2191,422135,1
35326240,1036,422135,1
35326240,1264,422135,1
35326240,9149,422135,1
35326240,9150,422135,1
35326240,3406,422135,1
35326240,4994,422135,1
35326240,9151,422135,1
35326240,9152,422135,1
4747772716,7082,422135,1
4747772716,9153,422135,1
4747772716,9154,422135,1
4747772716,8815,422135,1
4747772716,8816,422135,1
4747772716,9155,422135,1
16798508,9156,422135,1
16798508,4269,422135,1
16798508,1125,422135,2
16798508,5429,422135,1
16798508,1135,422135,1
90903507,3179,422135,1
90903507,5470,422135,1
90903507,6510,422135,1
90903507,1104,422135,1
1727080993,9157,422135,1
1727080993,9158,422135,1
35326240,9159,422135,1
35326240,9160,422135,1
16966202,4575,422135,1
16966202,9161,422135,1
16966202,9162,422135,1
16966202,9163,422135,1
16966202,5563,422135,1
16966202,4117,422135,1
16966202,9164,422135,1
16966202,4818,422135,1
224064154,1628,422135,1
3086338765,1247,422135,1
3086338765,1249,422135,1
3086338765,9165,422135,1
2503014576,9166,422135,1
2503014576,8579,422135,1
2503014576,9167,422135,1
2503014576,9168,422135,1
268283923,9169,422135,2
268283923,8124,422135,2
268283923,8125,422135,2
268283923,1063,422135,2
268283923,9170,422135,1
268283923,7728,422135,2
268283923,1403,422135,1
268283923,9171,422135,1
16798508,1530,422135,1
16798508,3516,422135,1
16798508,3337,422135,1
16798508,3096,422135,1
16798508,9172,422135,1
144083511,2947,422135,1
144083511,9173,422135,1
785213265454374912,1067,422135,2
785213265454374912,1068,422135,2
785213265454374912,1069,422135,2
785213265454374912,1070,422135,1
415242072,9174,422135,1
415242072,1919,422135,1
415242072,2594,422135,1
162805587,1786,422135,1
162805587,2135,422135,1
162805587,5993,422135,1
162805587,5342,422135,1
162805587,5343,422135,1
2445855570,4056,422136,1
42495288,4254,422136,1
42495288,2010,422136,1
42495288,3431,422136,1
61486997,6638,422136,1
503911925,1072,422136,1
503911925,1073,422136,1
503911925,1074,422136,1
503911925,1075,422136,1
503911925,1076,422136,1
3680519782,4857,422136,1
3680519782,9175,422136,1
3395940792,9176,422136,1
3395940792,2888,422136,1
24564640,3692,422136,1
427683210,7743,422136,1
427683210,4038,422136,1
427683210,1356,422136,1
427683210,4039,422136,1
427683210,4040,422136,1
427683210,8418,422136,1
427683210,9177,422136,1
109058588,9178,422136,1
109058588,9179,422136,1
2382992022,2811,422136,1
2382992022,4806,422136,1
2382992022,5155,422136,1
2382992022,3413,422136,1
121809964,3377,422136,1
427683210,9180,422136,1
447009765,9181,422136,1
20667173,9182,422136,1
20667173,9183,422136,1
20667173,9184,422136,1
2278320648,9185,422136,1
188684410,1004,422136,1
959964787,4426,422136,1
338482006,9186,422136,1
338482006,9187,422136,1
12091872,9188,422136,1
237514324,6333,422136,1
237514324,9189,422136,1
237514324,9190,422136,1
43446277,3912,422136,1
43446277,2512,422136,1
43446277,9191,422136,1
67059866,9192,422136,1
22324461,3807,422136,1
22324461,3907,422136,1
217053057,6233,422136,1
36815578,9193,422136,1
42666285,2884,422137,1
42666285,2938,422137,1
42666285,2881,422137,1
29928046,7026,422137,1
29928046,9194,422137,1
1872623130,9195,422137,1
1872623130,4254,422137,1
1872623130,9196,422137,1
1872623130,9197,422137,1
31577021,1077,422137,1
31577021,1078,422137,1
31577021,1079,422137,1
31577021,1080,422137,1
33332954,5172,422137,1
33332954,9198,422137,3
2445855570,9199,422137,1
2445855570,9200,422137,1
28495138,9201,422137,1
28495138,3048,422137,1
28495138,9202,422137,1
28495138,9203,422137,1
28495138,3050,422137,1
28495138,9204,422137,1
28495138,9205,422137,1
28495138,6235,422137,1
33332954,1416,422137,1
503911925,3491,422137,1
503911925,5930,422137,1
503911925,1854,422137,1
503911925,9206,422137,1
19836394,3588,422137,1
33976616,9207,422137,1
300378048,9208,422137,1
300378048,9209,422137,1
16138981,1003,422137,2
24926214,1936,422137,1
24926214,9210,422137,1
960678293157560320,3912,422137,1
960678293157560320,5127,422137,1
960678293157560320,1186,422137,1
19836394,1820,422137,1
179682563,9211,422137,1
7991842,9212,422137,1
7991842,1434,422137,1
7991842,5128,422137,1
7991842,9213,422137,1
7991842,9214,422137,1
7991842,9215,422137,1
961686926775463936,9216,422137,1
961686926775463936,9217,422137,1
961686926775463936,1269,422137,1
961686926775463936,9218,422137,1
1400802510,2141,422137,1
14745415,4871,422137,1
14745415,9219,422137,1
14745415,9220,422137,1
2196449497,5847,422137,1
42666285,2938,422138,1
42666285,2883,422138,1
42666285,2937,422138,1
1141651788,7857,422138,1
1141651788,6926,422138,1
524041061,1898,422138,2
524041061,4142,422138,2
6186522,9221,422138,1
6186522,4808,422138,1
6186522,9222,422138,1
6186522,4389,422138,1
6186522,9223,422138,1
6186522,6541,422138,1
6186522,9224,422138,1
26510688,1127,422138,1
26510688,9225,422138,1
26510688,9226,422138,1
38768501,1509,422138,1
38768501,2542,422138,1
38768501,4470,422138,1
187679295,1104,422138,1
51592560,9227,422138,1
51592560,9228,422138,1
51592560,9229,422138,1
51592560,9047,422138,1
188684410,9230,422138,1
188684410,9231,422138,1
443056507,9232,422138,2
443056507,3464,422138,2
443056507,9233,422138,2
443056507,8690,422138,2
443056507,9234,422138,2
92186516,7637,422138,1
188684410,9235,422138,1
179682563,4107,422138,2
179682563,9236,422138,2
179682563,9237,422138,2
179682563,9238,422138,2
179682563,9239,422138,2
162805587,2163,422138,1
162805587,2164,422138,1
162805587,2165,422138,1
250295256,9240,422138,1
250295256,9241,422138,1
250295256,9242,422138,1
250295256,1512,422138,1
179682563,1300,422138,2
19245314,9138,422138,1
19245314,9139,422138,1
823293471184318472,1741,422138,1
823293471184318472,9243,422138,1
823293471184318472,9244,422138,1
188684410,3186,422138,1
188684410,3099,422138,1
188684410,3139,422138,1
188684410,2481,422138,1
188684410,3877,422138,1
823293471184318472,9245,422138,1
42666285,2937,422139,1
42666285,2883,422139,1
42666285,2938,422139,1
51592560,9227,422139,1
51592560,9228,422139,1
51592560,9229,422139,1
51592560,9047,422139,1
2330319362,9246,422139,1
20667173,9247,422139,1
20667173,9248,422139,1
20667173,9249,422139,1
20667173,1325,422139,1
20667173,4175,422139,1
20667173,9250,422139,1
20667173,9251,422139,1
20667173,1263,422139,1
15673984,4253,422139,1
3121750933,1014,422139,1
3121750933,1015,422139,1
3121750933,2229,422139,1
3121750933,2230,422139,1
3121750933,2231,422139,1
19291664,9252,422139,1
19291664,9253,422139,1
19291664,4972,422139,1
7991842,1136,422139,1
7991842,4578,422139,1
7991842,9254,422139,1
7991842,9255,422139,1
7991842,1135,422139,1
188684410,4973,422139,1
188684410,4609,422139,1
1225594069,2494,422139,1
1225594069,9256,422139,1
27066927,8139,422139,2
27066927,9257,422139,2
181991754,1413,422139,1
181991754,3666,422139,1
19614017,1925,422139,2
153971584,9258,422139,1
153971584,3378,422139,1
58923724,1104,422139,1
91370086,8080,422139,2
63177540,5960,422139,2
63177540,9259,422139,2
63177540,5961,422139,2
20350290,4414,422139,1
1283002441,9260,422139,1
1283002441,9261,422139,1
1283002441,9262,422139,1
1283002441,9263,422139,1
966580783,9264,422139,1
42666285,2881,422140,1
42666285,2937,422140,1
42666285,2883,422140,1
42666285,2884,422140,1
966580783,9264,422140,1
966580783,9265,422140,1
51130342,8086,422140,1
270480915,9266,422140,1
270480915,9267,422140,1
17856765,2410,422140,1
2267807461,4886,422140,1
2267807461,4885,422140,1
2267807461,9268,422140,1
179682563,9269,422140,1
2964817577,9270,422140,1
22194996,1322,422140,1
22194996,9271,422140,1
22194996,1532,422140,1
22194996,9272,422140,1
22194996,9191,422140,1
22194996,9273,422140,1
22194996,9274,422140,1
22194996,2465,422140,1
63177540,5960,422140,6
839557949626413056,7123,422140,1
839557949626413056,9275,422140,1
839557949626413056,9276,422140,1
839557949626413056,8899,422140,1
839557949626413056,7122,422140,1
839557949626413056,8316,422140,1
351037770,1673,422140,2
351037770,9277,422140,2
966580783,9278,422140,1
21708721,6437,422140,1
21708721,9279,422140,1
179682563,3122,422140,1
179682563,2964,422140,1
179682563,2965,422140,1
179682563,5672,422140,1
179682563,5673,422140,1
63177540,9259,422140,5
63177540,5961,422140,5
63177540,9280,422140,4
63177540,1105,422140,4
3786757515,4254,422140,1
772892024,9281,422140,3
772892024,9282,422140,3
772892024,9283,422140,3
772892024,9284,422140,2
772892024,5451,422140,2
772892024,3902,422140,3
772892024,1099,422140,1
19948959,9285,422140,1
19948959,5839,422140,1
19948959,9286,422140,1
19948959,1497,422140,1
19948959,3237,422140,1
237514324,4389,422140,1
237514324,6209,422140,1
237514324,9287,422140,1
237514324,2524,422140,1
41823305,1287,422140,1
41823305,3179,422140,1
41823305,4119,422140,1
181991754,1413,422140,1
181991754,2579,422140,1
181991754,2580,422140,1
181991754,2581,422140,1
181991754,1307,422140,1
42666285,2881,422141,1
42666285,2883,422141,1
42666285,2884,422141,1
227767298,9288,422141,1
227767298,1265,422141,1
524041061,9289,422141,1
524041061,1898,422141,2
524041061,4142,422141,1
524041061,1124,422141,2
873942716790517760,9290,422141,1
873942716790517760,4009,422141,1
873942716790517760,6485,422141,1
873942716790517760,9291,422141,1
26510688,9292,422141,1
26510688,9293,422141,1
26510688,9294,422141,1
26510688,1427,422141,1
26510688,9295,422141,1
63177540,5960,422141,1
63177540,9259,422141,1
63177540,5961,422141,1
18531506,9212,422141,1
18531506,9296,422141,1
195507972,3891,422141,1
14985117,9297,422141,1
14985117,9298,422141,1
14985117,9299,422141,1
70191083,8346,422141,1
70191083,1062,422141,1
70191083,1427,422141,1
70191083,1967,422141,1
70191083,1413,422141,1
70191083,9300,422141,1
12091872,4458,422141,1
22405339,1104,422141,1
22405339,9301,422141,1
19902649,4408,422141,1
19902649,9302,422141,1
19902649,1123,422141,1
188684410,9303,422142,1
188684410,2371,422142,3
188684410,2623,422142,1
188684410,9304,422142,1
42666285,2884,422142,1
42666285,2937,422142,1
42666285,2883,422142,1
19836394,9305,422142,1
188684410,9306,422142,1
188684410,5017,422142,2
188684410,5642,422142,1
188684410,9307,422142,1
188684410,9308,422142,1
188684410,1427,422142,1
188684410,4546,422142,1
188684410,9309,422142,1
19245314,9139,422142,1
188684410,9310,422142,1
188684410,1562,422142,1
188684410,9311,422142,1
188684410,6117,422142,2
188684410,3880,422142,2
188684410,9312,422142,2
188684410,9313,422142,1
188684410,9314,422142,1
188684410,1062,422142,1
188684410,1497,422142,1
188684410,1564,422142,1
188684410,1264,422142,1
6441322,2970,422142,1
6441322,2971,422142,1
6441322,3398,422142,1
6441322,3399,422142,1
6441322,3436,422142,1
6441322,3397,422142,1
939311,9315,422142,1
373038991,3072,422142,1
188684410,2207,422142,1
188684410,1842,422142,1
188684410,9316,422142,1
188684410,9317,422142,1
188684410,9318,422142,1
188684410,5021,422142,1
188684410,9319,422142,1
821942989778026496,1176,422142,2
821942989778026496,1240,422142,2
821942989778026496,1241,422142,2
821942989778026496,1242,422142,1
277816850,3919,422142,1
277816850,3740,422142,1
277816850,1331,422142,1
277816850,7339,422142,1
277816850,4807,422142,1
277816850,9320,422142,1
277816850,9321,422142,1
821942989778026496,3171,422142,1
1481353266,1473,422142,1
1481353266,2266,422142,1
1481353266,2982,422142,1
223969236,1104,422142,1
227767298,9322,422142,1
227767298,1265,422142,1
227767298,6336,422142,1
227767298,7992,422142,1
20674875,9323,422142,1
20674875,9324,422142,1
42666285,2881,422143,1
42666285,2883,422143,1
42666285,2937,422143,1
848738334,4171,422143,1
491965923,3711,422143,1
491965923,9325,422143,1
491965923,9326,422143,1
227767298,1265,422143,2
188684410,1004,422143,4
227767298,6091,422143,1
227767298,6336,422143,1
24673519,5854,422143,1
19836394,9305,422143,1
19836394,1936,422143,1
49197562,9327,422143,1
49197562,9328,422143,1
49197562,9329,422143,2
110499296,8609,422143,1
110499296,9330,422143,1
110499296,4017,422143,1
110499296,1210,422143,1
110499296,6523,422143,1
110499296,9331,422143,1
188684410,8636,422143,7
188684410,9332,422143,2
188684410,2372,422143,1
188684410,8637,422143,1
188684410,9333,422143,2
188684410,9249,422143,1
277816850,9334,422143,1
277816850,9335,422143,1
277816850,9336,422143,1
277816850,1553,422143,1
41823305,9337,422143,1
41823305,4119,422143,1
42666285,2881,422144,1
42666285,2938,422144,1
42666285,2883,422144,1
1025363402,1186,422144,1
1025363402,9338,422144,1
1025363402,5568,422144,1
2445855570,5772,422144,3
19167916,9339,422144,1
110499296,9340,422144,1
179682563,3779,422144,1
19836394,6879,422144,1
19836394,2272,422144,1
42666285,2881,422145,1
42666285,2937,422145,1
42666285,2884,422145,1
42666285,2883,422145,1
188684410,1004,422145,1
48120391,9341,422145,1
188684410,4619,422146,1
188684410,5642,422146,1
188684410,5643,422146,1
42666285,2881,422146,1
42666285,2883,422146,1
42666285,2884,422146,1
19245314,9139,422146,1
19245314,9342,422146,1
19245314,9343,422146,1
19245314,9344,422146,1
31390790,9345,422146,1
2691882793,1641,422146,1
2691882793,9346,422146,1
2691882793,4568,422146,1
2691882793,9347,422146,1
2691882793,9348,422146,1
2691882793,9225,422146,2
2691882793,8837,422146,1
2691882793,8819,422146,1
2691882793,9349,422146,1
273616432,1457,422146,1
16966202,1694,422146,1
42666285,2883,422147,1
42666285,2881,422147,1
42666285,2938,422147,1
92186516,9350,422147,1
92186516,1515,422147,1
92186516,5206,422147,1
92186516,1186,422147,1
92186516,9351,422147,1
92186516,3689,422147,1
3040469950,1674,422147,1
3040469950,1186,422147,1
3040469950,7197,422147,1
3040469950,1403,422147,1
2815863258,3315,422147,1
2815863258,1126,422147,1
30041223,1649,422147,1
30041223,4678,422147,1
30041223,9352,422147,1
92186516,1461,422147,1
162805587,2117,422147,1
162805587,2118,422147,1
162805587,2119,422147,1
28171706,9353,422147,1
28171706,5598,422147,1
28171706,5599,422147,1
28171706,5600,422147,1
15985057,6858,422147,1
14745415,1679,422147,1
14745415,3326,422147,1
14745415,3327,422147,1
14745415,3328,422147,1
122737979,9354,422147,2
122737979,2893,422147,2
503911925,1072,422147,2
503911925,1073,422147,2
503911925,1074,422147,2
503911925,1075,422147,2
503911925,1076,422147,2
42666285,2938,422148,1
42666285,2883,422148,1
418067114,3271,422148,1
2964817577,1676,422148,1
6441322,2970,422148,1
6441322,1404,422148,1
6441322,2971,422148,1
6441322,3398,422148,1
6441322,3399,422148,1
6441322,4859,422148,1
22324461,6488,422148,1
22324461,1062,422148,1
29184283,2402,422148,1
29184283,1404,422148,1
374536090,5820,422148,1
374536090,3374,422148,1
374536090,1135,422148,1
374536090,3375,422148,1
374536090,3376,422148,1
27918931,9355,422148,1
27918931,4820,422148,1
27918931,9356,422148,1
27918931,4821,422148,1
27918931,9357,422148,1
2355899927,9358,422148,1
2355899927,9359,422148,1
795650513257791488,1764,422148,1
795650513257791488,3351,422148,1
122737979,9354,422148,1
122737979,2893,422148,1
529578971,9360,422148,1
529578971,9361,422148,1
529578971,9362,422148,1
529578971,1059,422148,1
47248291,9363,422148,1
47248291,9364,422148,1
47248291,9365,422148,1
47248291,9366,422148,1
47248291,9126,422148,1
51903296,4644,422148,1
42666285,2884,422149,1
42666285,2937,422149,1
42666285,2881,422149,1
42666285,2883,422149,1
44463638,9367,422149,1
44463638,5091,422149,1
51903296,4644,422149,1
266364200,5334,422149,1
154787745,1813,422149,1
154787745,1814,422149,1
154787745,1909,422149,1
20350290,3138,422149,1
45397787,5843,422149,1
45397787,5844,422149,1
45397787,9368,422149,1
113445843,9369,422149,1
27066927,1104,422149,1
389091183,9370,422149,1
95348384,3834,422149,1
823293471184318472,3134,422149,1
186345375,1063,422149,1
186345375,1271,422149,1
186345375,9371,422149,1
186345375,9372,422149,1
1204742197,9373,422149,1
57025447,9374,422149,1
57025447,3891,422149,1
1004321834,9375,422149,1
1004321834,9376,422149,1
1004321834,9377,422149,1
536838736,3335,422149,1
536838736,1823,422149,2
536838736,1079,422149,1
536838736,1824,422149,1
536838736,3336,422149,1
6441322,3192,422149,1
6441322,1404,422149,1
6441322,2971,422149,1
6441322,8175,422149,1
6441322,9378,422149,1
6441322,1134,422149,1
6441322,4859,422149,1
3086338765,1890,422149,1
3086338765,1891,422149,1
3086338765,2683,422149,1
3086338765,2073,422149,1
36815578,9379,422149,1
36815578,2129,422149,1
36815578,7112,422149,1
36815578,7114,422149,1
36815578,7115,422149,1
36815578,3031,422149,1
36815578,3032,422149,1
536838736,9380,422149,1
536838736,9381,422149,1
623739419,5297,422149,1
42666285,2883,422150,1
42666285,2881,422150,1
42666285,2937,422150,1
42666285,2884,422150,1
23112554,4303,422150,1
23112554,6585,422150,1
23112554,9382,422150,1
23112554,9383,422150,1
23112554,4304,422150,1
23112554,1809,422150,2
23112554,3587,422150,2
23112554,1827,422150,3
36186797,1621,422150,1
36186797,4321,422150,1
36186797,9384,422150,1
36186797,9385,422150,1
23112554,9386,422150,1
23112554,9387,422150,1
1137616350,9388,422150,1
11007892,5230,422150,1
11007892,6711,422150,1
11007892,3370,422150,1
11007892,9389,422150,1
11007892,3513,422150,1
11007892,9390,422150,1
11007892,7560,422150,1
536838736,9391,422150,1
536838736,2279,422150,1
536838736,9381,422150,1
536838736,1823,422150,1
6319192,9392,422150,1
23112554,3588,422150,1
23112554,1060,422150,1
23112554,9393,422150,1
23112554,1826,422150,1
23112554,1828,422150,1
23112554,1413,422150,1
162805587,1786,422150,1
162805587,2135,422150,1
16035795,9394,422150,1
16035795,9395,422150,1
16035795,9396,422150,1
1209963770,9397,422150,1
1209963770,9398,422150,1
1209963770,9399,422150,1
21912813,1186,422150,1
21912813,2457,422150,1
2382992022,1983,422150,1
2382992022,3412,422150,1
2382992022,3413,422150,1
119948300,1104,422150,1
1152489072,4415,422150,1
61486997,9400,422150,1
61486997,9401,422150,1
61486997,9402,422150,1
61486997,8595,422150,1
162805587,9403,422150,1
162805587,1154,422150,1
45361846,9404,422150,1
45361846,6500,422150,1
45361846,9405,422150,1
49197562,3355,422151,1
3040469950,5388,422151,1
3040469950,1674,422151,1
3040469950,9406,422151,1
3040469950,9407,422151,1
3040469950,1403,422151,1
920335442934992896,6578,422151,1
3318266650,2501,422151,1
3318266650,9408,422151,1
765613657,1614,422151,1
765613657,9409,422151,1
821942989778026496,1176,422151,1
821942989778026496,1240,422151,1
821942989778026496,1241,422151,1
2934851784,1800,422151,1
292576861,9410,422151,1
292576861,5487,422151,1
292576861,9411,422151,1
292576861,9412,422151,1
292576861,4541,422151,1
873942716790517760,9413,422151,1
873942716790517760,9414,422151,1
122737979,9354,422151,1
122737979,2893,422151,1
702889214774366208,3483,422151,1
2517825155,9415,422151,2
2517825155,9416,422151,2
286445504,9417,422151,1
286445504,9418,422151,1
286445504,9419,422151,1
286445504,2978,422151,1
236602687,9420,422151,1
36815578,7112,422151,1
36815578,7113,422151,1
36815578,7114,422151,1
36815578,7115,422151,1
36815578,9421,422151,1
2236425122,9422,422151,1
343845047,9423,422151,1
343845047,2060,422151,1
343845047,4366,422151,1
343845047,4367,422151,1
343845047,1512,422151,1
343845047,1210,422151,1
343845047,9424,422151,1
244697105,9425,422151,1
244697105,9426,422151,1
227767298,1265,422151,1
227767298,9427,422151,1
2876946738,9428,422151,1
3269669156,9429,422151,1
1950798416,9430,422151,1
3633409033,7980,422151,1
960678293157560320,9431,422151,1
960678293157560320,3337,422151,1
16039183,1224,422151,1
16039183,1225,422151,1
16039183,1226,422151,1
16039183,1227,422151,1
16039183,1228,422151,1
42666285,2884,422152,1
42666285,2938,422152,1
42666285,2881,422152,1
821942989778026496,1176,422152,4
821942989778026496,9432,422152,2
821942989778026496,1240,422152,3
3072860086,9433,422152,1
821942989778026496,1241,422152,1
2517825155,1875,422152,1
2517825155,9434,422152,1
2517825155,2125,422152,1
2517825155,2126,422152,1
2517825155,9435,422152,1
452483362,9436,422152,1
452483362,1271,422152,1
452483362,6897,422152,1
452483362,9437,422152,1
452483362,9438,422152,1
201139912,1417,422152,1
15834955,9439,422152,1
292576861,9440,422152,1
292576861,9441,422152,1
292576861,9442,422152,1
292576861,9443,422152,1
292576861,9444,422152,1
292576861,4541,422152,1
205754032,9445,422152,1
205754032,5147,422152,1
205754032,5577,422152,1
24262435,9446,422152,1
24262435,9447,422152,1
24262435,9448,422152,1
24262435,9449,422152,1
1564575410,9450,422152,3
31553533,5008,422152,1
31553533,1343,422152,1
31553533,9451,422152,1
31553533,5943,422152,1
31553533,1342,422152,1
349546755,9452,422152,1
349546755,9453,422152,1
24673519,9454,422152,1
2984534992,9455,422152,1
414194978,9456,422152,1
414194978,5923,422152,1
54780602,4905,422152,1
54780602,1119,422152,1
491965923,4570,422152,1
491965923,9457,422152,1
27822518,3095,422152,1
27822518,2969,422152,1
27822518,2016,422152,1
26510688,9458,422152,1
26510688,9459,422152,1
26510688,9293,422152,1
26510688,1127,422152,1
26510688,1130,422152,1
54780602,2440,422152,1
54780602,9460,422152,1
2382992022,2383,422152,1
2382992022,9461,422152,1
2382992022,9462,422152,1
2382992022,2382,422152,1
2382992022,9463,422152,1
2382992022,2811,422152,1
43416848,9464,422152,1
122737979,9354,422152,1
122737979,2893,422152,1
707131808631009280,9465,422152,1
707131808631009280,9466,422152,1
199409228,9467,422152,1
74909783,1404,422152,1
23092382,1264,422152,1
23092382,4735,422152,1
1564575410,9468,422152,1
1564575410,9469,422152,1
1559862210,9470,422152,1
42666285,2883,422153,1
42666285,2884,422153,1
42666285,2881,422153,1
3072860086,9471,422153,1
3072860086,9472,422153,1
3072860086,9473,422153,1
3072860086,9474,422153,1
99982506,1104,422153,1
1002003048,2568,422153,1
1002003048,2846,422153,1
1002003048,2569,422153,1
309747240,6604,422153,1
427683210,9475,422153,1
871861079009357824,2042,422153,1
871861079009357824,4280,422153,1
871861079009357824,9476,422153,1
871861079009357824,9477,422153,1
1400802510,2141,422153,1
1400802510,9478,422153,1
1400802510,9479,422153,1
2724333695,9480,422153,1
2724333695,2667,422153,1
2724333695,9481,422153,1
2724333695,9482,422153,1
2724333695,9483,422153,1
821942989778026496,1176,422153,2
821942989778026496,1240,422153,2
821942989778026496,1241,422153,2
821942989778026496,5236,422153,1
23013525,8449,422153,1
23013525,2678,422153,1
23013525,8539,422153,1
23013525,9484,422153,1
23013525,6875,422153,1
23013525,9485,422153,1
23013525,2503,422153,1
20667173,2259,422153,1
20667173,3471,422153,1
20667173,2260,422153,1
20667173,2262,422153,1
20667173,2263,422153,1
50073427,4780,422153,1
50073427,4781,422153,1
50073427,4782,422153,1
50073427,1036,422153,1
50073427,1062,422153,1
50073427,4783,422153,1
2445855570,2694,422153,1
2503014576,9486,422153,1
2503014576,2595,422153,1
2503014576,9487,422153,1
2503014576,4295,422153,1
2503014576,9488,422153,1
33332954,1104,422153,1
33332954,2749,422153,1
154787745,9489,422153,1
154787745,1813,422153,1
154787745,1814,422153,1
154787745,1909,422153,1
80807182,9490,422153,1
80807182,9491,422153,1
300378048,1269,422153,1
300378048,9492,422153,1
20667173,2291,422153,1
20667173,2292,422153,1
20667173,1404,422153,1
20789005,9493,422153,1
448481905,2515,422153,1
448481905,1182,422153,1
448481905,9494,422153,1
448481905,8238,422153,1
448481905,1723,422153,1
1415367944,1648,422153,1
1415367944,9495,422153,1
2382992022,3495,422153,1
2382992022,9496,422153,1
2382992022,9497,422153,1
2382992022,5155,422153,1
22027194,2207,422153,1
22027194,5011,422153,1
22027194,1774,422153,1
22027194,2924,422153,1
20028291,2623,422153,1
23210653,9498,422153,1
23210653,9499,422153,1
23210653,9500,422153,1
23210653,9501,422153,1
244697105,9502,422153,1
244697105,9425,422153,1
27482129,3603,422153,1
27482129,9503,422153,1
2815863258,7394,422154,1
2815863258,9504,422154,1
2815863258,2421,422154,1
2815863258,1002,422154,1
2815863258,6998,422154,1
42666285,2884,422154,1
42666285,2937,422154,1
42666285,2882,422154,1
42666285,2883,422154,1
42666285,2881,422154,1
16320537,3545,422154,1
4458841395,4724,422154,1
234082035,9505,422154,1
11007892,1898,422154,1
11007892,3513,422154,1
11007892,3370,422154,1
11007892,4786,422154,1
11007892,4094,422154,1
2802988027,1142,422154,1
2802988027,4506,422154,1
262216184,8449,422154,1
262216184,9506,422154,1
262216184,6875,422154,1
262216184,7541,422154,1
262216184,6861,422154,1
262216184,5526,422154,1
262216184,1749,422154,1
262216184,5149,422154,1
55075435,2515,422154,1
55075435,8060,422154,1
3295164326,9507,422154,1
49012634,5271,422154,1
49012634,9508,422154,1
181991754,1163,422154,2
181991754,4275,422154,2
181991754,2579,422154,2
181991754,2580,422154,1
181991754,2581,422154,1
158379240,9509,422154,1
158379240,7022,422154,1
158379240,1842,422154,1
158379240,9510,422154,1
355105375,9511,422154,1
270480915,2434,422154,1
270480915,9512,422154,1
2457278850,1538,422154,2
2457278850,2897,422154,1
2457278850,1967,422154,1
2457278850,1489,422154,1
2457278850,7663,422154,1
2457278850,4034,422154,1
2457278850,5783,422154,1
2457278850,3232,422154,1
169740444,9513,422154,1
169740444,3187,422154,1
169740444,9514,422154,1
104200238,9515,422154,1
104200238,2500,422154,1
104200238,9516,422154,1
51027123,9517,422154,1
51027123,1847,422154,1
51027123,9518,422154,1
868576306488688640,3041,422154,1
30026308,9519,422154,1
427424201,9520,422154,1
2457278850,9521,422154,1
2457278850,9522,422154,1
2457278850,9523,422154,1
2457278850,9524,422154,1
835233546415525917,4512,422154,1
835233546415525917,1596,422154,1
835233546415525917,4457,422154,1
835233546415525917,2224,422154,1
27988946,9525,422154,1
27988946,1380,422154,1
912835576373452800,9526,422154,1
15148489,9527,422154,1
1145178793,9528,422154,1
750174636374102016,9529,422154,1
18602973,4561,422154,1
18602973,9530,422154,1
18602973,1269,422154,1
18602973,9531,422154,1
18602973,1404,422154,1
18602973,9532,422154,1
169542161,4520,422154,1
169542161,4521,422154,1
169542161,9533,422154,1
169542161,9534,422154,1
169542161,9535,422154,1
551434541,9536,422154,1
980837186,2406,422154,1
23559911,9537,422154,1
23559911,8817,422154,1
91044313,4322,422154,1
91044313,1827,422154,1
91044313,3467,422154,1
91044313,3470,422154,1
36815578,7112,422154,1
1872623130,9538,422154,1
1872623130,9539,422154,1
1872623130,4873,422154,1
1872623130,9540,422154,1
1872623130,9541,422154,1
1872623130,5465,422154,1
1872623130,9542,422154,1
1872623130,9543,422154,1
266364200,6008,422154,1
266364200,4328,422154,1
390641266,2226,422154,1
52491011,9544,422154,1
52491011,9545,422154,1
52491011,7188,422154,1
52491011,9546,422154,1
2315257075,9547,422155,1
111663948,1104,422155,1
111663948,2550,422155,1
111663948,2549,422155,1
188684410,5642,422155,1
190891441,3707,422155,1
190891441,1187,422155,1
190891441,9548,422155,1
190891441,9549,422155,1
250295256,9550,422155,1
250295256,5568,422155,1
250295256,9551,422155,1
250295256,9240,422155,1
1315286089,2481,422155,1
1315286089,9552,422155,1
1315286089,9553,422155,1
309363450,6449,422155,1
309363450,3032,422155,1
121809964,3517,422155,1
2382992022,3494,422155,1
2382992022,3413,422155,1
2382992022,6927,422155,1
2382992022,3497,422155,1
2382992022,2811,422155,1
18805962,9554,422155,1
263731404,4475,422155,1
263731404,2619,422155,1
263731404,7022,422155,1
232463367,9555,422155,1
232463367,9556,422155,1
232463367,9557,422155,1
232463367,2712,422155,1
960678293157560320,6664,422155,1
960678293157560320,9558,422155,1
1005678613,9559,422155,1
1005678613,2005,422155,1
1005678613,5251,422155,1
1005678613,9560,422155,1
1005678613,9561,422155,1
2936623532,4513,422155,1
964288442917146624,9562,422155,1
20667173,9563,422155,1
20667173,3471,422155,1
20667173,2260,422155,1
20667173,2262,422155,1
20667173,2263,422155,1
20667173,2438,422155,1
20667173,1404,422155,1
20667173,2602,422155,1
20667173,2603,422155,1
20667173,4575,422155,1
20667173,2604,422155,1
20667173,2605,422155,1
20667173,2606,422155,1
20667173,2607,422155,1
20667173,2608,422155,1
23644966,1104,422155,1
23644966,3777,422155,1
20350290,9564,422155,1
78139213,9565,422155,1
78139213,9566,422155,1
188684410,1004,422155,1
28213475,9567,422155,1
258917442,9568,422155,1
258917442,9569,422155,1
258917442,9570,422155,1
21280370,5683,422155,1
21280370,9571,422155,1
971515956,1287,422155,1
31317891,2960,422155,1
31317891,9572,422155,1
704719445168500736,9573,422155,1
42666285,2884,422156,1
42666285,2882,422156,1
42666285,2883,422156,1
42666285,2881,422156,1
3040469950,1674,422156,1
3040469950,9406,422156,1
3040469950,1472,422156,1
3040469950,4897,422156,1
3040469950,5023,422156,1
3040469950,1403,422156,1
256410936,9574,422156,1
3121750933,1014,422156,1
3121750933,1015,422156,1
3121750933,2229,422156,1
3121750933,2230,422156,1
3121750933,2231,422156,1
3121750933,2232,422156,1
3121750933,2610,422156,1
3121750933,2260,422156,1
169740444,9513,422156,1
169740444,9514,422156,1
169740444,3187,422156,1
169740444,3133,422156,1
3190031634,9575,422156,1
3190031634,3645,422156,1
3190031634,9576,422156,1
3190031634,8765,422156,1
93931293,8449,422156,1
3798496755,9577,422156,1
944675174686904320,9075,422156,1
944675174686904320,4717,422156,1
20827634,9578,422156,1
295420187,9579,422156,1
295420187,1264,422156,1
295420187,1036,422156,1
295420187,2777,422156,1
35091182,3107,422156,1
2382992022,1983,422156,1
2382992022,3412,422156,1
2382992022,3413,422156,1
2382992022,6927,422156,1
18791163,9580,422156,1
18791163,9581,422156,1
18791163,9582,422156,1
23033226,3130,422156,1
20667173,3638,422156,1
20667173,6116,422156,1
20667173,2602,422156,1
20667173,2603,422156,1
20667173,4575,422156,1
20667173,1404,422156,1
20667173,6136,422156,1
20667173,2607,422156,1
19245314,9583,422156,1
19245314,7942,422156,1
19245314,9584,422156,1
19245314,2128,422156,1
19245314,9585,422156,1
23189306,9586,422156,1
23189306,9587,422156,1
23189306,3422,422156,1
43416848,6518,422156,1
43416848,9588,422156,1
43416848,3979,422156,1
169131469,9589,422156,1
2723851180,5981,422156,1
2723851180,5982,422156,1
2723851180,5983,422156,1
2723851180,5984,422156,1
558163732,7263,422156,1
558163732,9590,422156,1
558163732,7267,422156,1
558163732,9591,422156,1
558163732,7264,422156,1
47421685,3260,422156,1
47421685,1156,422156,1
47421685,9592,422156,1
353194903,9593,422156,1
3295164326,9507,422156,1
20350290,3138,422156,1
268811790,9594,422156,1
3687503962,9595,422156,1
3687503962,4546,422156,1
3687503962,4545,422156,1
3687503962,4547,422156,1
3687503962,9596,422156,1
22324461,9597,422157,1
22324461,9598,422157,1
22324461,9599,422157,1
184824165,9600,422157,1
287843203,9601,422157,1
287843203,1104,422157,1
889605598886715392,3385,422157,1
889605598886715392,3633,422157,1
20827634,9602,422157,1
92186516,9603,422157,1
17856765,3145,422157,1
17856765,3146,422157,1
17856765,9604,422157,1
17856765,8547,422157,1
17856765,2410,422157,1
17856765,9605,422157,1
17856765,3151,422157,1
11007892,1511,422157,1
11007892,3370,422157,1
1564575410,9606,422157,1
52784759,9607,422157,1
52784759,9608,422157,1
52784759,9609,422157,1
52784759,3851,422157,1
297732920,3097,422157,1
297732920,3876,422157,1
297732920,3894,422157,1
297732920,3895,422157,1
297732920,3896,422157,1
297732920,3877,422157,1
297732920,3897,422157,1
297732920,3098,422157,1
2472747073,6199,422157,1
2472747073,6200,422157,1
2472747073,9610,422157,1
2472747073,5448,422157,1
121220374,2701,422157,1
121220374,3912,422157,1
121220374,9611,422157,1
121220374,9612,422157,1
121220374,1473,422157,1
121220374,1475,422157,1
121220374,9613,422157,1
821942989778026496,1176,422157,1
821942989778026496,1240,422157,1
821942989778026496,1241,422157,1
753041562582523904,9614,422157,1
23644966,3777,422157,1
2992263956,9615,422157,1
2992263956,9616,422157,1
2992263956,5470,422157,1
16574620,6858,422157,1
16574620,9617,422157,1
16574620,9618,422157,1
16574620,7812,422157,1
16574620,9619,422157,1
143242480,5431,422157,1
110499296,1350,422157,1
110499296,1544,422157,1
110499296,1287,422157,1
110499296,1546,422157,1
110499296,1545,422157,1
2575039039,8609,422157,1
2575039039,6812,422157,1
2575039039,9620,422157,1
2575039039,8212,422157,1
2575039039,2982,422157,1
2575039039,2701,422157,1
188684410,9621,422157,1
44463638,9622,422157,1
44463638,9623,422157,1
44463638,9624,422157,1
44463638,3381,422157,1
44463638,9625,422157,1
44463638,5091,422157,1
45430970,9626,422157,1
45430970,9627,422157,1
45430970,9628,422157,1
45430970,9629,422157,1
45430970,9630,422157,1
835233546415525917,2701,422157,1
835233546415525917,1472,422157,1
835233546415525917,5346,422157,1
835233546415525917,2225,422157,1
835233546415525917,2227,422157,1
835233546415525917,2226,422157,1
835233546415525917,2224,422157,1
835233546415525917,2223,422157,1
835233546415525917,1898,422157,1
42666285,2937,422158,1
42666285,2883,422158,1
42666285,2884,422158,1
42666285,2882,422158,1
390303951,2978,422158,1
390303951,9631,422158,1
390303951,9632,422158,1
390303951,9633,422158,1
390303951,1111,422158,1
390303951,5519,422158,1
390303951,3950,422158,1
16136553,9634,422158,1
216039050,9635,422158,1
4880475233,2440,422158,1
4880475233,9636,422158,1
213313491,4311,422158,1
188684410,3820,422158,1
188684410,6454,422158,1
188684410,9621,422158,1
889605598886715392,2444,422158,1
889605598886715392,2216,422158,1
889605598886715392,3633,422158,1
6441322,2970,422158,1
6441322,1404,422158,1
6441322,2971,422158,1
6441322,3398,422158,1
6441322,3399,422158,1
6441322,7351,422158,1
188684410,3312,422158,1
23644966,3777,422158,1
23644966,3778,422158,1
23644966,5654,422158,1
23644966,9637,422158,1
23644966,9638,422158,1
848738334,2323,422158,1
23189306,9639,422158,1
712037340319981569,9640,422158,1
712037340319981569,9641,422158,1
2382992022,2255,422158,1
16897733,9642,422158,1
183847886,4771,422158,1
16320537,1949,422158,2
16320537,3544,422158,1
42666285,7822,422255,1
42666285,7763,422255,1
42666285,5204,422255,1
42666285,7930,422255,1
132878740,1056,422255,1
362855262,2136,422255,1
362855262,3123,422255,1
362855262,1300,422255,1
362855262,4666,422255,1
362855262,4667,422255,1
362855262,5073,422255,1
362855262,4969,422255,1
2457278850,1538,422255,1
2457278850,2897,422255,3
2457278850,1967,422255,3
2457278850,1541,422255,1
2457278850,9643,422255,1
2457278850,3406,422255,1
2457278850,4994,422255,1
2457278850,1099,422255,1
2457278850,4492,422255,1
2457278850,9644,422255,1
2457278850,4345,422255,1
23092382,1104,422255,1
1564575410,8283,422255,1
19291664,1470,422255,1
19291664,1471,422255,1
19291664,1472,422255,1
19291664,1473,422255,1
19291664,1474,422255,1
19291664,1475,422255,1
19291664,4969,422255,1
297784467,6457,422255,1
297784467,9645,422255,1
25661510,9646,422255,1
203740687,9647,422255,1
1393496791,9648,422255,1
1393496791,9649,422255,1
1393496791,9650,422255,1
1393496791,9651,422255,1
1393496791,9627,422255,1
2205826873,1965,422255,1
514948831,9652,422255,1
751935632696573952,4331,422255,1
751935632696573952,7745,422255,1
751935632696573952,9653,422255,1
2457278850,3692,422255,2
2457278850,2899,422255,2
2457278850,5848,422255,1
2457278850,9654,422255,1
2457278850,9655,422255,2
154787745,1813,422255,1
154787745,1814,422255,1
154787745,1909,422255,1
209251530,6957,422255,1
209251530,6958,422255,1
209251530,1555,422255,1
209251530,6959,422255,1
209251530,6960,422255,1
209251530,6961,422255,1
20028291,9656,422255,1
20028291,1898,422255,1
20028291,9657,422255,1
20028291,1300,422255,1
20028291,9658,422255,1
20028291,2826,422255,1
20028291,9659,422255,1
367594391,9660,422255,1
367594391,7978,422255,1
367594391,9661,422255,1
367594391,9662,422255,1
2366127384,3170,422255,1
2366127384,2554,422255,1
2366127384,4897,422255,1
536838736,9663,422255,1
18195374,9664,422255,1
18195374,4456,422255,1
18195374,9665,422255,1
227767298,2637,422255,1
960678293157560320,6829,422255,1
960678293157560320,1192,422255,1
960678293157560320,2726,422255,1
960678293157560320,8015,422255,1
960678293157560320,9666,422255,1
3040469950,9667,422255,1
3040469950,9668,422255,1
3040469950,9406,422255,1
3040469950,9669,422255,1
3040469950,9670,422255,1
3040469950,1287,422255,1
3040469950,1564,422255,1
2457278850,9671,422255,1
2457278850,2674,422255,1
2457278850,9672,422255,1
206506178,3843,422255,1
206506178,3834,422255,1
206506178,3844,422255,1
206506178,9673,422255,1
206506178,9674,422255,1
206506178,9191,422255,1
206506178,8879,422255,1
19836394,9675,422255,1
305025897,9676,422255,1
305025897,3647,422255,1
305025897,1427,422255,1
305025897,1986,422255,1
305025897,9677,422255,1
305025897,9678,422255,1
298825133,9679,422255,1
270480915,9680,422255,1
132217093,2222,422255,1
132217093,2891,422255,1
702367482,9681,422255,1
702367482,1684,422255,1
702367482,9682,422255,1
702367482,9683,422255,1
702367482,5863,422255,1
702367482,9684,422255,1
35762101,7072,422255,1
1137317192,9685,422255,1
1137317192,9686,422255,1
184824165,1264,422255,1
184824165,9687,422255,1
184824165,6525,422255,1
184824165,9536,422255,1
184824165,7662,422255,1
184824165,8184,422255,1
21915938,2391,422256,1
21915938,2394,422256,1
42666285,7930,422256,1
42666285,7762,422256,1
42666285,7763,422256,1
298186966,9688,422256,1
298186966,9689,422256,1
298186966,9690,422256,1
298186966,4047,422256,1
298186966,9691,422256,1
298186966,5799,422256,1
838892865346486274,3681,422256,1
838892865346486274,9692,422256,1
838892865346486274,9693,422256,1
838892865346486274,9694,422256,1
838892865346486274,4865,422256,1
838892865346486274,8360,422256,1
491965923,4881,422256,1
491965923,4570,422256,1
491965923,9694,422256,2
51486347,7482,422256,1
51486347,1043,422256,1
51486347,6251,422256,1
35762101,2895,422256,1
2155897448,2630,422256,1
2155897448,8004,422256,1
2155897448,1188,422256,1
2155897448,9695,422256,1
1393496791,7738,422256,5
1393496791,9648,422256,4
2366127384,8374,422256,1
2366127384,2554,422256,1
2366127384,2553,422256,1
2366127384,4897,422256,1
2366127384,2555,422256,1
2366127384,1723,422256,1
132878740,9696,422256,1
16966202,1495,422256,1
16966202,2927,422256,1
16966202,4816,422256,1
16966202,9697,422256,1
16966202,4818,422256,1
16966202,5566,422256,1
16966202,9698,422256,1
20350290,1539,422256,1
20350290,9699,422256,1
20350290,7249,422256,10
20350290,7662,422256,10
702367482,9681,422256,1
702367482,1684,422256,1
702367482,9682,422256,1
702367482,9683,422256,1
702367482,5863,422256,1
702367482,1512,422256,1
702367482,1287,422256,1
998273706,9700,422256,1
998273706,7514,422256,1
998273706,9701,422256,1
998273706,7513,422256,1
998273706,2749,422256,1
49197562,9702,422256,1
49197562,9703,422256,1
49197562,9704,422256,1
49197562,9705,422256,1
49197562,2185,422256,1
49197562,9706,422256,1
20350290,3471,422256,1
20350290,1944,422256,5
15613754,9707,422256,1
15613754,9708,422256,1
15613754,1497,422256,1
15613754,1874,422256,1
15613754,9709,422256,1
20350290,3343,422256,2
227767298,1265,422256,2
118544609,4169,422256,1
118544609,4071,422256,1
118544609,9710,422256,1
118544609,1347,422256,1
179682563,9711,422256,1
179682563,8559,422256,1
179682563,9712,422256,1
43283817,9713,422256,1
43283817,9714,422256,1
43283817,9715,422256,1
20350290,1833,422256,2
20350290,9716,422256,1
158379240,6928,422256,1
158379240,8324,422256,2
158379240,1079,422256,1
158379240,1062,422256,1
278366249,9717,422256,1
30070002,9718,422256,1
16320537,1949,422256,2
227767298,1492,422256,1
227767298,9719,422256,1
51903296,4644,422256,1
51903296,9720,422256,1
199409228,9721,422256,1
199409228,7310,422256,1
33976616,9722,422256,1
20350290,7673,422256,1
799708890791178240,9723,422256,1
29544125,3096,422256,2
29544125,9724,422256,1
29544125,1404,422256,2
29544125,4338,422256,1
29544125,9725,422256,1
29544125,1325,422256,1
29544125,9726,422256,1
3279992892,8045,422256,1
3279992892,9727,422256,1
3279992892,9728,422256,1
158379240,2012,422256,1
158379240,9729,422256,1
158379240,3913,422256,1
158379240,8045,422256,1
1040076320,1738,422256,1
277816850,9730,422256,1
20350290,9731,422256,1
23215482,9732,422256,1
29544125,9733,422256,1
29544125,9734,422256,1
29544125,3711,422256,1
29544125,2292,422256,1
29544125,9735,422256,1
2934851784,1800,422256,1
440936933,1207,422256,1
45777152,3851,422256,1
45777152,9736,422256,1
45777152,2012,422256,1
45777152,9737,422256,1
45777152,9738,422256,1
179682563,9739,422256,1
179682563,9740,422256,1
179682563,9741,422256,1
23033226,8359,422256,1
43416848,9742,422256,1
43416848,9743,422256,1
704719445168500736,1895,422256,1
704719445168500736,9744,422256,1
704719445168500736,3177,422256,1
154787745,1813,422256,1
154787745,1814,422256,1
154787745,1909,422256,1
201139912,1417,422256,1
33252620,2671,422256,1
33252620,1425,422256,1
42666285,5050,422257,1
21628022,9745,422257,1
21628022,9746,422257,1
704719445168500736,9747,422257,1
704719445168500736,1895,422257,1
209251530,6957,422257,2
209251530,6958,422257,2
209251530,1555,422257,2
209251530,6959,422257,2
209251530,6960,422257,2
209251530,6961,422257,2
209251530,1548,422257,2
22324461,3807,422257,5
22324461,2207,422257,3
22324461,1062,422257,3
22324461,1389,422257,3
3252959691,9748,422257,1
3252959691,9749,422257,1
3252959691,9750,422257,1
3252959691,9751,422257,1
3252959691,3834,422257,1
26510688,9752,422257,1
26510688,9753,422257,1
26510688,9383,422257,1
26510688,9754,422257,1
26510688,9755,422257,1
954091849,9756,422257,1
838892865346486274,9692,422257,1
244638666,9757,422257,1
244638666,9758,422257,1
244638666,9759,422257,1
244638666,2189,422257,1
244638666,7541,422257,1
244638666,1529,422257,1
244638666,1530,422257,1
244638666,9760,422257,1
244638666,9761,422257,1
165939924,9762,422257,1
165939924,2323,422257,1
165939924,3068,422257,1
165939924,1909,422257,1
165939924,1062,422257,1
165939924,1471,422257,1
165939924,9763,422257,1
289144907,9764,422257,1
19129487,9765,422257,1
1137317192,8507,422257,1
1137317192,8506,422257,1
1137317192,8509,422257,1
1137317192,8510,422257,1
1137317192,9766,422257,1
1137317192,8534,422257,1
36815578,5355,422257,1
36815578,9767,422257,1
36815578,6085,422257,1
278270169,7038,422257,1
348307387,1062,422257,1
20687509,7421,422257,1
20687509,9768,422257,1
16039183,1224,422257,1
16039183,1225,422257,1
16039183,1226,422257,1
16039183,1227,422257,1
16039183,1228,422257,1
38535002,9769,422257,1
38535002,7607,422257,1
55075435,9770,422257,1
154787745,9771,422257,1
154787745,9772,422257,1
154787745,1813,422257,1
154787745,1814,422257,1
154787745,1909,422257,1
179682563,9773,422257,1
179682563,7315,422257,1
179682563,5373,422257,1
3295164326,9507,422257,1
132878740,9774,422257,1
132878740,9775,422257,1
132878740,9776,422257,1
132878740,1056,422257,1
3086338765,1247,422257,1
3086338765,1249,422257,1
3086338765,5874,422257,1
407427332,9777,422257,1
43284245,9778,422257,1
43284245,9779,422257,1
43284245,6588,422257,1
3252959691,9780,422257,1
3252959691,9781,422257,1
3252959691,2076,422257,1
3252959691,9782,422257,1
181991754,1307,422257,1
823229033936732162,2678,422257,1
110499296,1287,422257,1
110499296,1473,422257,1
110499296,4813,422257,1
850346704188657664,9783,422257,1
850346704188657664,9784,422257,1
850346704188657664,9785,422257,1
459072363,8261,422257,1
459072363,1269,422257,1
459072363,7848,422257,1
459072363,9786,422257,1
459072363,3801,422257,1
179682563,9773,422258,1
179682563,7315,422258,1
179682563,5373,422258,1
179682563,8609,422258,1
179682563,9787,422258,1
179682563,9788,422258,1
110499296,1287,422258,1
110499296,1559,422258,1
110499296,1473,422258,1
110499296,4813,422258,1
110499296,7484,422258,1
110499296,3159,422258,1
3140768144,9789,422258,1
1016112139,1458,422258,1
1016112139,9790,422258,1
1016112139,6514,422258,1
188684410,9791,422258,1
188684410,3222,422258,1
188684410,4994,422258,1
188684410,7839,422258,1
28171706,5598,422258,1
28171706,5599,422258,1
28171706,1907,422258,1
28171706,2893,422258,1
28171706,9792,422258,1
15595316,9793,422258,1
15595316,9794,422258,1
188684410,3142,422258,1
188684410,9795,422258,1
459072363,8261,422258,1
459072363,9786,422258,1
459072363,9796,422258,1
459072363,1269,422258,1
459072363,7848,422258,1
459072363,9797,422258,1
899355308,9798,422258,1
899355308,9799,422258,1
899355308,9800,422258,1
899355308,9801,422258,1
188684410,9802,422258,1
188684410,9803,422258,1
188684410,9804,422258,1
188684410,3097,422258,1
188684410,9805,422258,1
188684410,3879,422258,1
330068663,9806,422258,1
330068663,1189,422258,1
330068663,1062,422258,1
330068663,2186,422258,1
62749434,9807,422258,1
838892865346486274,9692,422258,1
838892865346486274,3681,422258,1
838892865346486274,9808,422258,1
360837913,9809,422258,1
360837913,9810,422258,1
360837913,9811,422258,1
415242072,5485,422258,1
415242072,9812,422258,1
415242072,1919,422258,1
29949380,5613,422258,1
29949380,3834,422258,1
29949380,2749,422258,1
133356665,3091,422258,1
133356665,3092,422258,1
133356665,3093,422258,1
133356665,3086,422258,1
133356665,9813,422258,1
415242072,9814,422258,1
415242072,9815,422258,1
188684410,8670,422258,1
188684410,9816,422258,1
92186516,7310,422258,1
42495288,4495,422258,1
42495288,9817,422258,1
42495288,5011,422258,1
42495288,1039,422258,1
42495288,1903,422258,1
196645562,1310,422258,1
196645562,9818,422258,1
196645562,9819,422258,1
2267807461,1718,422258,5
2267807461,1719,422258,5
2267807461,1720,422258,5
2267807461,1721,422258,5
20705041,9820,422258,1
20705041,5927,422258,1
20705041,6609,422258,1
20705041,1472,422258,1
23559911,9821,422258,1
23559911,2679,422258,1
23559911,4086,422258,1
23559911,1529,422258,1
23559911,9822,422258,1
96837825,1043,422258,1
96837825,3014,422258,1
277816850,5804,422258,1
277816850,9823,422258,1
277816850,9824,422258,1
132878740,9774,422258,1
132878740,9775,422258,1
132878740,9825,422258,1
92186516,9826,422258,1
3121750933,1014,422258,1
3121750933,1015,422258,1
3121750933,2229,422258,1
3121750933,2230,422258,1
3121750933,2231,422258,1
20667173,4016,422258,1
20667173,4017,422258,1
20667173,4018,422258,1
20667173,4019,422258,1
20667173,2602,422258,1
20667173,1741,422258,1
20667173,4021,422258,1
850346704188657664,9827,422258,1
850346704188657664,9828,422258,1
189786780,9829,422258,1
189786780,9830,422258,1
189786780,9831,422258,1
103417389,9832,422258,1
2815863258,1036,422259,1
2815863258,2879,422259,1
2815863258,3801,422259,1
2815863258,1263,422259,1
131941076,9833,422259,1
1024957045,3719,422259,1
1024957045,9834,422259,1
1024957045,9835,422259,1
1024957045,7695,422259,1
196645562,9836,422259,1
196645562,9837,422259,1
196645562,1310,422259,1
3252959691,9838,422259,1
3252959691,9839,422259,1
3252959691,9840,422259,1
3252959691,9841,422259,1
223969236,9842,422259,1
62583356,1214,422259,1
188684410,9843,422259,2
188684410,9844,422259,1
188684410,9845,422259,1
3140768144,9846,422259,1
2964817577,8716,422259,1
28495138,7776,422259,1
28495138,9847,422259,1
28495138,9848,422259,1
28495138,7482,422259,1
28495138,4822,422259,1
28495138,9849,422259,1
28495138,4231,422259,1
35762101,9850,422259,1
35762101,9851,422259,1
188684410,3923,422259,1
188684410,9852,422259,1
188684410,3142,422259,1
188684410,9853,422259,1
188684410,4967,422259,1
162805587,9854,422259,1
162805587,3179,422259,1
162805587,3955,422259,1
188684410,9855,422259,1
188684410,7525,422259,1
71113645,9856,422259,1
181991754,1306,422259,1
181991754,3703,422259,1
181991754,3704,422259,1
181991754,1307,422259,1
19245314,9857,422259,1
19245314,8461,422259,1
19245314,9858,422259,1
19245314,3544,422259,1
19245314,3668,422259,1
42666285,3867,422260,1
42666285,9859,422260,1
42666285,3868,422260,1
71113645,9856,422260,1
126376588,1854,422260,1
147078910,9860,422260,1
147078910,9861,422260,1
147078910,9862,422260,1
162805587,9863,422260,1
162805587,1154,422260,1
188684410,1319,422260,1
188684410,9864,422260,1
188684410,7783,422260,1
2416416852,1104,422260,1
2416416852,1310,422260,1
188684410,9865,422260,1
188684410,2371,422260,1
188684410,3876,422260,1
188684410,3896,422260,1
188684410,3097,422260,1
188684410,6557,422260,1
188684410,9866,422260,1
188684410,1909,422260,1
188684410,9805,422260,1
954091849,9867,422260,1
954091849,4675,422260,1
954091849,9868,422260,1
188684410,3142,422260,1
188684410,9869,422260,1
43283817,9870,422260,1
43283817,9715,422260,1
3603083360,6286,422260,1
3603083360,9871,422260,1
3603083360,9872,422260,1
3603083360,6290,422260,1
2366127384,2554,422260,1
2366127384,3946,422260,1
2366127384,4897,422260,1
2366127384,2555,422260,1
2366127384,1723,422260,1
2366127384,3170,422260,1
2267807461,1726,422260,2
2267807461,1727,422260,2
2267807461,1728,422260,2
2267807461,1729,422260,2
2267807461,1730,422260,2
2267807461,1731,422260,2
2267807461,1732,422260,2
2267807461,1733,422260,2
19167916,1104,422260,1
29949380,5613,422260,1
29949380,2153,422260,1
29949380,9873,422260,1
29949380,9874,422260,1
29949380,2249,422260,1
196645562,9875,422260,1
196645562,9876,422260,1
196645562,9877,422260,1
27574314,1645,422260,1
27574314,1331,422260,1
27574314,9878,422260,1
27574314,9879,422260,1
233889281,9880,422260,1
233889281,9881,422260,1
233889281,9882,422260,1
35762101,1331,422260,2
35762101,3773,422260,1
35762101,1287,422260,1
35762101,1622,422260,1
35762101,1263,422260,1
35762101,3799,422260,1
33631023,7514,422260,1
114569219,9883,422260,1
55075435,9884,422260,1
35326240,4331,422260,1
35326240,7942,422260,1
35326240,1156,422260,1
1154409386,4469,422260,1
2267807461,2875,422260,2
2267807461,1910,422260,1
181991754,1307,422260,1
2267807461,9885,422260,1
70191083,9886,422260,1
70191083,3844,422260,1
70191083,2952,422260,1
70191083,9887,422260,1
70191083,3186,422260,1
838892865346486274,9692,422260,1
838892865346486274,3681,422260,1
838892865346486274,9808,422260,1
838892865346486274,8360,422260,1
42666285,9888,422261,1
42666285,9889,422261,1
42666285,9890,422261,1
2267807461,2875,422261,1
2267807461,1910,422261,1
35762101,3979,422261,1
35762101,9891,422261,1
35762101,9892,422261,1
35762101,1331,422261,2
35762101,3773,422261,1
35762101,1287,422261,1
35762101,1622,422261,1
16574620,9893,422261,1
16574620,5294,422261,1
16574620,5295,422261,1
16574620,9618,422261,1
16574620,7812,422261,1
23644966,3777,422261,2
70191083,1325,422261,1
70191083,9707,422261,2
70191083,9894,422261,1
70191083,9895,422261,1
165939924,7751,422261,1
165939924,1104,422261,1
165939924,4553,422261,1
165939924,4554,422261,1
165939924,1807,422261,1
165939924,2434,422261,1
165939924,3588,422261,1
821942989778026496,1176,422261,3
821942989778026496,1240,422261,3
821942989778026496,1241,422261,3
19640448,7981,422261,1
19640448,7985,422261,1
20202645,9896,422261,1
216039050,1104,422261,1
14559108,9897,422261,1
14559108,2646,422261,1
14559108,9898,422261,1
14559108,2325,422261,1
162805587,1786,422261,1
162805587,9899,422261,1
162805587,9900,422261,1
162805587,3957,422261,1
218032813,9901,422261,2
484102725,9902,422261,1
280263981,9903,422261,1
280263981,9904,422261,1
280263981,9905,422261,1
55458119,9906,422261,1
388920708,9907,422261,1
388920708,7134,422261,1
195542375,9908,422261,1
195542375,9909,422261,1
838892865346486274,9692,422261,1
838892865346486274,3681,422261,1
2267807461,9910,422261,1
2267807461,9911,422261,1
2267807461,3181,422261,1
2267807461,2080,422261,1
2267807461,1512,422261,1
2267807461,8618,422261,1
2267807461,9912,422261,1
42666285,9859,422262,1
42666285,9890,422262,1
2267807461,9910,422262,1
2267807461,9911,422262,1
2267807461,3181,422262,1
2267807461,2080,422262,1
2267807461,1512,422262,1
2267807461,8618,422262,1
2267807461,9912,422262,1
1595223576,9913,422262,1
1595223576,9914,422262,1
427683210,4654,422262,1
427683210,4038,422262,1
427683210,9915,422262,1
427683210,9916,422262,1
448481905,1182,422262,1
448481905,6208,422262,1
448481905,9917,422262,1
277816850,5025,422262,1
277816850,9918,422262,1
821942989778026496,1176,422262,2
821942989778026496,1240,422262,2
821942989778026496,1241,422262,1
29065941,2416,422262,3
29065941,2417,422262,1
29065941,9919,422262,1
29065941,9920,422262,1
25544424,9921,422262,1
25544424,9922,422262,1
25544424,3994,422262,1
25544424,8036,422262,1
25544424,2852,422262,1
1481353266,9514,422262,1
1481353266,9923,422262,1
30139524,1227,422262,1
30139524,9924,422262,1
30139524,9925,422262,1
30139524,9926,422262,1
30139524,9927,422262,1
29065941,9928,422262,1
36815578,9767,422262,1
36815578,6085,422262,1
36815578,7112,422262,1
187316135,9929,422262,1
187316135,9930,422262,1
1440080214,9931,422262,1
1440080214,9932,422262,1
1440080214,9933,422262,1
1440080214,1104,422262,1
19167916,9934,422262,1
3279992892,9935,422262,1
3279992892,1317,422262,1
42666285,9890,422263,1
42666285,9936,422263,1
42666285,3867,422263,1
1024957045,8307,422263,1
1024957045,9937,422263,1
1024957045,9938,422263,1
1024957045,9939,422263,1
1024957045,9940,422263,1
1024957045,2595,422263,1
452542451,9941,422263,1
452542451,9942,422263,1
452542451,9943,422263,1
452542451,9944,422263,1
29949380,2196,422263,1
29949380,3834,422263,1
29949380,3181,422263,1
29949380,1300,422263,1
19291664,9945,422263,2
19291664,2118,422263,2
19291664,1991,422263,2
19291664,4705,422263,2
19291664,9946,422263,2
19291664,9947,422263,2
42666285,3868,422264,1
42666285,9889,422264,1
42666285,9948,422264,1
188684410,1562,422264,3
188684410,3362,422264,1
188684410,9949,422264,1
188684410,7525,422264,1
188684410,3834,422264,1
188684410,3099,422264,1
188684410,1565,422264,1
36815578,9950,422264,1
20385424,9951,422264,1
20385424,9952,422264,1
20385424,9953,422264,1
188684410,3142,422264,1
188684410,9954,422264,1
19291664,1563,422264,1
19291664,6043,422264,1
19291664,9955,422264,1
19291664,9956,422264,1
19291664,9957,422264,1
188684410,1004,422264,1
250295256,9958,422264,1
250295256,9959,422264,1
250295256,3834,422264,1
188684410,3923,422264,1
2948935092,4468,422264,1
2948935092,1192,422264,1
2155897448,1602,422264,2
2155897448,1603,422264,2
2155897448,2630,422264,1
2155897448,3768,422264,1
2155897448,1605,422264,1
2155897448,6474,422264,1
2155897448,3317,422264,1
188684410,3880,422264,1
188684410,9960,422264,1
188684410,3142,422265,4
188684410,9954,422265,1
42666285,9936,422265,1
42666285,3867,422265,1
42666285,9890,422265,1
42666285,3869,422265,1
188684410,9961,422265,1
188684410,9962,422265,1
188684410,3097,422265,1
188684410,9963,422265,1
188684410,9964,422265,1
188684410,9965,422265,1
188684410,9966,422265,1
188684410,9967,422265,1
188684410,9968,422265,1
838892865346486274,9969,422265,1
838892865346486274,5590,422265,1
838892865346486274,9692,422265,2
838892865346486274,3681,422265,2
838892865346486274,9808,422265,2
188684410,9970,422265,1
188684410,9971,422265,1
188684410,9972,422265,1
188684410,9973,422265,1
188684410,9974,422265,1
188684410,1004,422265,1
188684410,9975,422265,1
838892865346486274,8360,422265,1
23559911,5434,422265,1
23559911,2978,422265,1
23559911,2679,422265,1
29949380,5613,422265,1
29949380,9976,422265,1
29949380,2749,422265,1
23559911,6418,422265,1
23559911,9977,422265,4
23559911,9978,422265,1
23559911,9979,422265,1
23559911,7134,422265,1
23559911,1269,422265,1
23559911,4086,422265,1
42666285,9890,422266,1
42666285,9859,422266,1
23559911,9977,422266,4
23559911,9589,422266,1
23559911,3003,422266,1
23559911,4086,422266,1
16320537,2892,422266,1
16320537,1512,422266,1
16320537,1287,422266,1
16320537,2893,422266,1
427683210,1186,422266,1
427683210,8421,422266,2
427683210,8422,422266,1
427683210,8423,422266,1
42666285,9948,422267,1
42666285,3869,422267,1
42666285,9889,422267,1
42666285,3867,422267,1
16966202,7988,422267,1
16966202,9980,422267,1
2964817577,1676,422267,1
2964817577,8716,422267,1
751734772897112064,5714,422267,1
4458841395,3447,422268,1
4458841395,9981,422268,1
4458841395,1104,422268,1
2355899927,9982,422268,1
452483362,3333,422268,1
452483362,9983,422268,1
1256969887,2441,422268,1
1256969887,5223,422268,1
42666285,9859,422269,1
42666285,9890,422269,1
42666285,9889,422269,1
415242072,1104,422269,1
2236425122,9984,422269,1
973064810,9985,422269,1
973064810,9986,422269,1
973064810,9987,422269,1
973064810,6136,422269,1
973064810,9988,422269,1
973064810,6406,422269,1
973064810,1879,422269,1
270429610,8722,422269,1
285235895,3099,422269,1
285235895,1725,422269,1
285235895,9989,422269,1
423862419,3588,422269,1
390641266,1372,422269,1
390641266,1373,422269,1
390641266,1374,422269,1
390641266,1375,422269,1
166323176,1138,422269,1
17454421,9990,422269,1
138349940,1404,422269,1
138349940,9991,422269,1
708056279793725441,9920,422269,1
708056279793725441,6524,422269,1
708056279793725441,2623,422269,1
708056279793725441,9992,422269,1
708056279793725441,9993,422269,1
36186797,3949,422269,2
36186797,9994,422269,2
36186797,1062,422269,1
36186797,2674,422269,1
36186797,2207,422269,1
758359210207817728,9995,422269,1
758359210207817728,9996,422269,1
36186797,9997,422269,1
36186797,9998,422269,1
94839619,9999,422269,1
94839619,10000,422269,1
94839619,10001,422269,1
42666285,10002,422270,1
42666285,9948,422270,1
42666285,3866,422270,1
181991754,1413,422270,1
292992978,10003,422270,1
292992978,10004,422270,1
292992978,10005,422270,1
191306541,10006,422270,1
191306541,3370,422270,1
191306541,3882,422270,1
191306541,10007,422270,1
191306541,10008,422270,1
191306541,1264,422270,1
390132456,2623,422270,1
152322280,1335,422270,1
152322280,1649,422270,1
152322280,2799,422270,1
152322280,1039,422270,1
152322280,10009,422270,1
152322280,10010,422270,1
152322280,10011,422270,1
36186797,3949,422270,1
36186797,9998,422270,1
36186797,9994,422270,1
2349257468,10012,422270,1
2349257468,10013,422270,1
278366249,3864,422270,1
51903296,4644,422270,1
51903296,9720,422270,1
51903296,10014,422270,1
300988184,10015,422270,1
300988184,10016,422270,1
300988184,10017,422270,1
300988184,10018,422270,1
300988184,1503,422270,1
225112824,3337,422270,1
225112824,3096,422270,1
225112824,10019,422270,1
225112824,10020,422270,1
225112824,6653,422270,1
226113616,10021,422270,1
821942989778026496,1176,422270,2
821942989778026496,1240,422270,2
821942989778026496,1241,422270,1
33220557,5091,422270,1
33220557,2906,422270,1
33220557,2907,422270,1
33220557,2908,422270,1
33220557,2909,422270,1
33220557,2910,422270,1
18602973,10022,422270,1
18602973,10023,422270,1
2152607782,4175,422270,1
899355308,5871,422271,1
899355308,4529,422271,1
899355308,10024,422271,1
899355308,10025,422271,1
899355308,3823,422271,1
899355308,10026,422271,1
42666285,3867,422271,1
42666285,9890,422271,1
42666285,9936,422271,1
20638956,2685,422271,1
28171706,5598,422271,1
28171706,5599,422271,1
28171706,10027,422271,1
525833057,6645,422271,1
45775466,1104,422271,2
785213265454374912,1067,422271,4
785213265454374912,1068,422271,4
785213265454374912,1069,422271,3
785213265454374912,1070,422271,3
18531506,7609,422271,1
18531506,10028,422271,1
18531506,10029,422271,1
18531506,9212,422271,1
18531506,10030,422271,1
18531506,7608,422271,1
18531506,10031,422271,1
18531506,10032,422271,1
3121750933,1014,422271,1
3121750933,1015,422271,1
3121750933,2229,422271,1
3121750933,2230,422271,1
3121750933,2231,422271,1
3121750933,2232,422271,1
3121750933,2610,422271,1
3121750933,2260,422271,1
3121750933,3153,422271,1
804802629553504256,3882,422271,1
804802629553504256,10033,422271,1
804802629553504256,2033,422271,1
804802629553504256,2034,422271,1
804802629553504256,10034,422271,1
717751125,10035,422271,1
717751125,10036,422271,1
15010609,10037,422271,1
15010609,10038,422271,1
15010609,10039,422271,1
15010609,2410,422271,1
1325882898,10040,422271,1
277674677,6583,422271,1
162805587,3954,422271,1
162805587,2135,422271,1
162805587,10041,422271,1
162805587,3957,422271,1
162805587,10042,422271,1
162805587,2119,422271,1
821942989778026496,1176,422271,1
821942989778026496,1240,422271,1
821942989778026496,1241,422271,1
2267807461,1727,422271,3
2267807461,1729,422271,3
2267807461,10043,422271,1
77380594,2623,422271,1
77380594,1136,422271,1
77380594,3464,422271,1
2267807461,1726,422271,2
2267807461,1728,422271,2
2267807461,1730,422271,2
2267807461,1731,422271,2
2267807461,1732,422271,2
2267807461,1733,422271,2
933165969609854981,7012,422271,1
933165969609854981,7014,422271,1
933165969609854981,7013,422271,1
27066927,9257,422271,1
154787745,1813,422271,1
17941231,10044,422271,1
33976616,10045,422271,1
33976616,10046,422271,1
423862419,2833,422271,1
303545559,10047,422271,1
303545559,10048,422271,1
303545559,10049,422271,1
42666285,9859,422272,1
42666285,9888,422272,1
26510688,10050,422272,1
26510688,10051,422272,1
26510688,10052,422272,1
26510688,1127,422272,1
26510688,1130,422272,1
26510688,10022,422272,1
253142819,10053,422272,1
44429531,10054,422272,1
3072860086,10055,422272,1
3072860086,2852,422272,1
3072860086,10056,422272,1
3234221972,3904,422272,1
2267807461,1718,422272,1
2267807461,1719,422272,1
2267807461,1720,422272,1
2267807461,1721,422272,1
25596302,3949,422272,1
25596302,10057,422272,1
25596302,3337,422272,1
25596302,1269,422272,1
25596302,4959,422272,1
25596302,3099,422272,1
25596302,6714,422272,1
16320537,2892,422272,1
16320537,1512,422272,1
16320537,1287,422272,1
16320537,2893,422272,1
427683210,9475,422272,1
427683210,1786,422272,1
2315257075,1062,422272,1
2315257075,3099,422272,1
49197562,1263,422272,1
49197562,10058,422272,1
49197562,6957,422272,1
49197562,10059,422272,1
49197562,10060,422272,1
49197562,10061,422272,1
2416416852,3421,422272,1
2416416852,5230,422272,1
2416416852,10062,422272,1
2416416852,1427,422272,1
2416416852,1465,422272,1
2416416852,1125,422272,1
2416416852,10063,422272,1
2416416852,10064,422272,1
2416416852,4822,422272,1
244638666,5545,422272,1
244638666,10065,422272,1
244638666,10066,422272,1
244638666,10067,422272,1
244638666,10068,422272,1
244638666,10069,422272,1
799708890791178240,10070,422272,1
45430970,1955,422272,1
2445855570,1329,422272,1
305607889,10071,422272,1
305607889,7842,422272,1
15955769,10072,422272,1
15955769,10073,422272,1
4226742133,10074,422272,1
99982506,7292,422272,1
18602973,10022,422272,1
42666285,3869,422273,1
42666285,9888,422273,1
42666285,3867,422273,1
78139213,10075,422273,1
452483362,10076,422273,1
452483362,10077,422273,1
452483362,10078,422273,1
452483362,4640,422273,1
452483362,10079,422273,1
154787745,1847,422273,5
126376588,6037,422273,1
33220557,5091,422273,1
33220557,2906,422273,1
33220557,2907,422273,1
33220557,2908,422273,1
33220557,2909,422273,1
33220557,2910,422273,1
154787745,2952,422273,1
154787745,1813,422273,4
154787745,1814,422273,4
23559911,9977,422273,1
23559911,4086,422273,7
23559911,1529,422273,5
192931834,10080,422273,1
192931834,10081,422273,1
154787745,10082,422273,1
154787745,10083,422273,1
154787745,1341,422273,1
154787745,1854,422273,1
154787745,10084,422273,1
26198700,2803,422273,1
23559911,10085,422273,2
23559911,10086,422273,1
50455354,1679,422273,1
50455354,10003,422273,1
50455354,1427,422273,1
50455354,10087,422273,1
50455354,10088,422273,1
2373592552,10089,422273,1
2373592552,7750,422273,1
2373592552,10090,422273,1
2373592552,10091,422273,1
23559911,8023,422273,1
23559911,1053,422273,1
23559911,10092,422273,1
23559911,10093,422273,1
4852156748,3456,422273,1
4852156748,10094,422273,1
4852156748,2955,422273,2
4852156748,10095,422273,1
307469370,3949,422273,1
307469370,10096,422273,1
307469370,10097,422273,1
307469370,10098,422273,1
307469370,10099,422273,1
307469370,10100,422273,1
23559911,10101,422273,4
23559911,10102,422273,4
23559911,1264,422273,4
19640448,10103,422273,1
19640448,5290,422273,1
19640448,10104,422273,1
19640448,10105,422273,1
154787745,10106,422273,1
154787745,1909,422273,2
23559911,10107,422273,1
23559911,9822,422273,1
1293241,10108,422273,1
1293241,1774,422273,1
1293241,1065,422273,1
1293241,1214,422273,1
2594257500,4771,422273,1
2594257500,3057,422273,1
2594257500,10109,422273,1
2594257500,10110,422273,1
1927324363,4380,422273,1
154787745,10111,422273,1
154787745,10112,422273,1
27822518,2249,422273,1
27822518,10113,422273,1
2236425122,10114,422273,1
2236425122,1530,422273,1
39958499,10115,422273,1
39958499,10116,422273,1
39958499,10117,422273,1
39958499,10118,422273,1
39958499,6039,422273,1
39958499,3978,422273,1
39958499,10119,422273,1
29949380,3834,422273,1
821942989778026496,1176,422273,1
821942989778026496,1240,422273,1
821942989778026496,1241,422273,1
36150464,1617,422273,1
36150464,1714,422273,1
3121750933,1014,422273,1
3121750933,1015,422273,1
3121750933,2229,422273,1
3121750933,2230,422273,1
3121750933,2231,422273,1
3121750933,2232,422273,1
42666285,9936,422274,1
42666285,3866,422274,1
42666285,9948,422274,1
42666285,9888,422274,1
42666285,3869,422274,1
2899501815,5329,422274,1
2899501815,5330,422274,1
971831,1125,422274,1
971831,4073,422274,1
929456436098330624,3982,422274,1
929456436098330624,3983,422274,1
929456436098330624,3984,422274,1
260071341,9251,422274,1
260071341,10120,422274,1
260071341,4822,422274,1
278270169,10121,422274,1
27822518,4997,422274,1
2876946738,4578,422274,1
2876946738,2623,422274,1
2876946738,10122,422274,1
2876946738,1272,422274,1
77776325,10123,422274,1
77776325,8231,422274,1
77776325,7821,422274,1
45775466,2083,422274,1
45775466,6683,422274,1
45775466,7912,422274,1
45775466,7913,422274,1
45775466,10124,422274,1
19932110,10125,422274,1
19932110,10126,422274,1
19932110,1503,422274,1
19932110,10127,422274,1
19932110,10128,422274,1
19932110,10129,422274,1
4458841395,7105,422274,1
4458841395,10130,422274,1
18195374,9664,422274,1
18195374,4456,422274,1
115303318,10131,422274,1
115303318,10132,422274,1
390641266,1372,422274,1
390641266,1373,422274,1
390641266,1374,422274,1
390641266,1375,422274,1
149746022,10133,422274,1
253163980,10134,422274,1
253163980,10135,422274,1
253163980,8920,422274,1
253163980,1013,422274,1
253163980,10136,422274,1
253163980,10137,422274,1
253163980,10138,422274,1
253163980,10139,422274,1
30041223,7534,422274,2
960678293157560320,3654,422274,1
960678293157560320,1192,422274,1
3086338765,1890,422274,1
3086338765,1891,422274,1
3086338765,2683,422274,1
30041223,10140,422274,1
224360113,10141,422274,1
2205826873,1965,422274,1
28048844,4270,422274,1
28048844,1350,422274,1
28048844,1645,422274,1
738417208569790464,10142,422274,1
452483362,10143,422274,1
42964456,4621,422274,1
42964456,4623,422274,1
42964456,10144,422274,1
42964456,10145,422274,1
42964456,4622,422274,1
529656309,10146,422274,1
42666285,3868,422275,1
42666285,9859,422275,1
42666285,9888,422275,1
31553533,2623,422275,1
31553533,3099,422275,1
31553533,6564,422275,1
31553533,6832,422275,1
31553533,10147,422275,1
31553533,4833,422275,1
181991754,1306,422275,1
181991754,1163,422275,1
181991754,1677,422275,1
69405550,10148,422275,1
69405550,10149,422275,1
69405550,10150,422275,1
3140768144,2129,422275,1
2905271914,2494,422275,1
850346704188657664,8579,422275,1
850346704188657664,10151,422275,1
850346704188657664,3990,422275,1
850346704188657664,3949,422275,1
33807394,10152,422275,1
33807394,10153,422275,1
35280003,10154,422275,1
35280003,1062,422275,1
35280003,10155,422275,1
340123805,1039,422275,1
340123805,7317,422275,1
340123805,7315,422275,1
340123805,7316,422275,1
340123805,1020,422275,1
340123805,5011,422275,1
340123805,10025,422275,1
340123805,4528,422275,1
340123805,5871,422275,1
278270169,3344,422275,1
278270169,3835,422275,1
278270169,10121,422275,1
143705429,3844,422275,1
143705429,4169,422275,1
143705429,10156,422275,1
23399737,1404,422275,1
23399737,10157,422275,1
23399737,10158,422275,1
91044313,10159,422275,1
91044313,10160,422275,1
91044313,1461,422275,1
91044313,3470,422275,1
491965923,10161,422275,1
491965923,10162,422275,1
491965923,10163,422275,1
724058621022232577,1061,422275,1
724058621022232577,1060,422275,1
724058621022232577,4407,422275,1
724058621022232577,4460,422275,1
27574314,5044,422275,1
27574314,10164,422275,1
18769024,2623,422275,1
18769024,5289,422275,1
18769024,7347,422275,1
18769024,7348,422275,1
18769024,7964,422275,1
99982506,3834,422275,1
99982506,10165,422275,1
99982506,10166,422275,1
99982506,10167,422275,1
821942989778026496,1176,422275,1
821942989778026496,1240,422275,1
15907986,8469,422275,1
6441322,2970,422275,1
6441322,3398,422275,1
6441322,3399,422275,1
6441322,1404,422275,1
6441322,2971,422275,1
6441322,6959,422275,1
162805587,1786,422275,1
162805587,2135,422275,1
149746022,10133,422275,1
286445504,10168,422275,1
286445504,1569,422275,1
40592323,10169,422276,1
40592323,10170,422276,1
40592323,10171,422276,1
40592323,4635,422276,1
40592323,1349,422276,1
40592323,1055,422276,1
107171353,5563,422276,1
107171353,9162,422276,1
297784467,4825,422276,1
297784467,8469,422276,1
297784467,3225,422276,1
297784467,4823,422276,1
3121750933,1014,422276,1
3121750933,1015,422276,1
3121750933,2229,422276,1
3121750933,2230,422276,1
3121750933,2231,422276,1
3121750933,2232,422276,1
3121750933,2610,422276,1
3121750933,2260,422276,1
15673984,10172,422276,1
31317891,1120,422276,1
31317891,1119,422276,1
31317891,10173,422276,1
31317891,10174,422276,1
51592560,10175,422276,1
51592560,10176,422276,1
51592560,10177,422276,1
51592560,2574,422276,1
99982506,4822,422276,1
254398554,10178,422276,1
1927324363,4380,422276,1
18086437,10179,422276,1
455016714,1262,422276,1
455016714,2293,422276,1
1004321834,3099,422276,1
1004321834,2623,422276,1
1004321834,7379,422276,1
158379240,4740,422276,1
158379240,3743,422276,1
158379240,2623,422276,1
158379240,10180,422276,1
227767298,2637,422276,1
227767298,1265,422276,1
452483362,5483,422276,1
452483362,10181,422276,1
823293471184318472,10182,422276,1
225531868,10183,422276,1
225531868,10184,422276,1
225531868,10185,422276,1
225531868,10186,422276,1
452483362,2455,422276,1
893778853,10187,422276,1
452483362,10188,422276,1
821942989778026496,1176,422276,2
821942989778026496,1240,422276,2
821942989778026496,1241,422276,2
298186966,10189,422276,1
63878566,10190,422277,1
63878566,5571,422277,1
63878566,10191,422277,1
729637921,1404,422277,1
22324461,3807,422277,2
22324461,3907,422277,2
3252959691,10192,422277,1
3252959691,3843,422277,1
3252959691,3834,422277,1
3252959691,2076,422277,1
28668730,10193,422277,1
28668730,4942,422277,1
77380594,10194,422277,1
77380594,10195,422277,1
77380594,5384,422277,1
77380594,3834,422277,1
77380594,3472,422277,1
77380594,2623,422277,1
1376002572,10196,422277,1
222929722,3009,422277,1
222929722,10197,422277,1
222929722,10198,422277,1
52784759,3174,422277,1
52784759,10199,422277,1
52784759,10200,422277,1
52784759,10201,422277,1
52784759,10202,422277,1
52784759,1498,422277,1
52784759,5950,422277,1
52784759,3949,422277,1
390641266,1372,422277,1
390641266,1373,422277,1
390641266,1374,422277,1
390641266,1375,422277,1
129856146,10203,422277,1
129856146,1246,422277,1
129856146,10204,422277,1
129856146,10205,422277,1
52491011,10206,422277,1
52491011,10207,422277,1
52491011,3844,422277,1
52491011,10208,422277,1
52491011,10209,422277,1
21708721,10210,422277,1
21708721,10211,422277,1
21708721,10212,422277,1
21708721,6437,422277,1
1376002572,3293,422277,1
189205678,10213,422277,1
189205678,10214,422277,1
823293471184318472,10215,422277,1
2445855570,2196,422277,1
2445855570,3834,422277,1
536838736,1823,422277,1
268811790,1555,422277,1
268811790,7632,422277,1
19640448,3844,422277,1
19640448,3966,422277,1
19640448,1685,422277,1
19640448,10216,422277,1
19640448,10217,422277,1
19640448,10218,422277,1
19640448,1001,422277,1
33976616,10219,422277,1
33976616,1530,422277,1
33976616,10220,422277,1
2691882793,10221,422277,1
2691882793,1215,422277,1
2691882793,2444,422277,1
2691882793,4343,422277,1
2691882793,3667,422277,1
2691882793,1183,422277,1
2691882793,2942,422277,1
2691882793,6502,422277,1
2691882793,10222,422277,1
2691882793,10223,422277,1
21130664,1214,422277,1
1468463726,3179,422277,1
1180241856,10224,422277,1
1180241856,10225,422277,1
165939924,2323,422277,1
165939924,3068,422277,1
165939924,1909,422277,1
165939924,1062,422277,1
165939924,1471,422277,1
165939924,9763,422277,1
165939924,1967,422277,1
165939924,1427,422277,1
4484925912,10226,422277,6
4484925912,4180,422277,6
4484925912,10227,422277,6
427683210,2023,422277,1
1058520127,10228,422277,1
1058520127,10229,422277,1
1058520127,3079,422277,1
1058520127,10230,422277,1
1058520127,10231,422277,1
390747314,3099,422277,1
390747314,10232,422277,1
390747314,1112,422277,1
390747314,10233,422277,1
390747314,10234,422277,1
390747314,10235,422277,1
98966823,10236,422277,1
98966823,10237,422277,1
98966823,10238,422277,1
126225171,1404,422277,1
126225171,5327,422277,1
126225171,1187,422277,1
181991754,1306,422277,1
181991754,1307,422277,1
452483362,10239,422277,1
452483362,2455,422277,1
481819553,10240,422277,1
481819553,10241,422277,1
481819553,10242,422277,1
481819553,10243,422277,1
15963168,10244,422277,1
15963168,10245,422277,1
427683210,4038,422277,1
427683210,1356,422277,1
427683210,4039,422277,1
427683210,4040,422277,1
427683210,8418,422277,1
427683210,9177,422277,1
427683210,1357,422277,1
427683210,1361,422277,1
99982506,10246,422277,1
99982506,5914,422277,1
2871963541,10247,422277,1
20662865,10248,422277,1
20662865,10249,422277,1
2598881534,6168,422278,1
2598881534,10250,422278,1
756642075421077505,2005,422278,1
756642075421077505,2004,422278,1
188684410,3880,422278,1
188684410,10251,422278,1
823293471184318472,10252,422278,1
417557721,2174,422278,1
33976616,3096,422278,1
33976616,10253,422278,1
33976616,4653,422278,1
33976616,10254,422278,1
33976616,1530,422278,1
99982506,10246,422278,1
188684410,10255,422278,1
2395068026,9076,422278,1
2395068026,5732,422278,1
2395068026,7784,422278,1
2395068026,10256,422278,1
2395068026,10257,422278,1
808453413159759873,10258,422278,1
2724333695,2667,422278,1
2724333695,10259,422278,1
2724333695,10260,422278,1
2724333695,10261,422278,1
2724333695,10262,422278,1
2724333695,10263,422278,1
188684410,10264,422278,1
188684410,10265,422278,1
188684410,3936,422278,2
188684410,10266,422278,2
188684410,2371,422278,2
250295256,3844,422278,1
250295256,3834,422278,1
250295256,10267,422278,1
55060987,10268,422278,1
55060987,10269,422278,1
24564640,3692,422278,1
188684410,10270,422278,1
2492292824,10271,422278,1
194573948,10272,422278,1
297784467,4823,422278,2
297784467,8278,422278,2
297784467,8277,422278,1
297784467,10273,422278,1
297784467,1548,422278,1
153971584,10274,422278,1
153971584,10275,422278,1
153971584,10276,422278,1
153971584,10277,422278,1
142931832,8212,422278,1
263941726,10278,422278,1
889605598886715392,8052,422278,1
889605598886715392,8107,422278,1
19640448,10103,422278,1
19640448,8058,422278,1
19640448,10105,422278,1
19640448,7252,422278,1
19640448,1003,422278,1
300378048,1269,422278,1
300378048,3834,422278,1
300378048,9551,422278,1
300378048,10279,422278,1
708056279793725441,10280,422278,1
708056279793725441,1327,422278,1
1872623130,10281,422278,1
48804747,1081,422278,1
48804747,10282,422278,1
132217093,10283,422278,1
132217093,2222,422278,1
132217093,2891,422278,1
188684410,1004,422278,1
833641969,1104,422278,1
42666285,1261,422375,1
42666285,1408,422375,1
42666285,1505,422375,1
14220191,1003,422375,1
14220191,10284,422375,1
14220191,2831,422375,1
20705041,10285,422375,1
20705041,1003,422375,1
20705041,4853,422375,1
20705041,1859,422375,1
51199365,1749,422375,1
51199365,2871,422375,1
51199365,1003,422375,1
35864129,1003,422375,1
35864129,1646,422375,1
4881478419,1201,422375,1
4881478419,1036,422375,1
18525154,1003,422375,1
4759380618,1003,422375,1
23612630,1003,422375,1
35335817,10286,422375,1
35335817,1003,422375,1
35335817,1842,422375,1
35335817,10287,422375,1
35335817,10288,422375,1
27252162,1003,422375,1
50059348,1555,422375,1
50059348,5820,422375,1
50059348,1457,422375,1
158379240,1003,422375,1
158379240,1126,422375,1
158379240,1687,422375,1
158379240,6325,422375,1
158379240,10289,422375,1
78683047,1003,422375,1
15601656,1003,422375,1
15846527,1003,422375,1
15846527,1648,422375,1
1654344882,1003,422375,1
4827960312,1003,422375,1
4827960312,1859,422375,1
16798508,1003,422375,1
485215559,1003,422375,1
1215886375,1104,422375,1
1215886375,1003,422375,1
402129009,1003,422375,1
237595705,1003,422375,1
237595705,1646,422375,1
28517778,1648,422375,1
28517778,1003,422375,1
93931293,1003,422375,1
188684410,10290,422375,1
188684410,3142,422375,1
452483362,2455,422375,1
514948831,1003,422375,1
2985282559,1003,422375,3
2985282559,10291,422375,1
272787211,1003,422375,1
529075082,1003,422375,1
540199801,10292,422375,1
540199801,10293,422375,1
540199801,10294,422375,1
158379240,3743,422375,1
158379240,10295,422375,1
158379240,10296,422375,1
158379240,10297,422375,1
158379240,10298,422375,1
206506178,10299,422375,1
206506178,9191,422375,1
48804747,1003,422375,1
48804747,10300,422375,1
48804747,1081,422375,1
12091872,10301,422375,1
16798508,1027,422375,1
16798508,1099,422375,1
16798508,9090,422375,1
16798508,9092,422375,1
16798508,9091,422375,1
16798508,1104,422375,1
998273706,1003,422375,1
998273706,10302,422375,1
998273706,10303,422375,1
998273706,1168,422375,1
132582643,1003,422375,1
132582643,2506,422375,1
132582643,1001,422375,1
132582643,2820,422375,1
102210841,1003,422375,1
1180025371,1016,422375,12
785213265454374912,10304,422375,1
785213265454374912,1003,422375,2
785213265454374912,1067,422375,3
785213265454374912,1068,422375,2
785213265454374912,1069,422375,2
785213265454374912,1070,422375,2
26171079,1003,422375,1
374237792,1003,422375,2
374237792,1648,422375,2
31553533,1654,422375,1
31553533,1648,422375,1
31553533,4931,422375,1
31553533,7045,422375,1
31553533,2802,422375,1
31553533,10305,422375,1
357985285,1003,422375,1
188864577,1003,422375,1
444203182,1003,422375,1
286892942,1003,422375,1
46241244,1003,422375,1
287843203,1104,422375,1
287843203,1003,422375,1
785213265454374912,1648,422375,1
785213265454374912,10306,422375,1
785213265454374912,10307,422375,1
785213265454374912,4653,422375,1
785213265454374912,3581,422375,1
1038292878,1003,422375,1
260927155,1003,422375,1
54780602,1003,422375,1
38058361,1003,422375,1
38058361,10308,422375,1
38058361,1928,422375,1
708056279793725441,1003,422375,1
448481905,1003,422375,1
448481905,2514,422375,1
448481905,10309,422375,1
448481905,10310,422375,1
937755055,1003,422375,1
304539295,2876,422375,1
3121750933,1003,422375,1
188684410,2468,422375,1
188684410,1562,422375,1
188684410,10311,422375,1
188684410,1746,422375,1
188684410,1099,422375,1
29407646,1003,422375,1
2789170258,1003,422375,1
49197562,10312,422375,1
49197562,1003,422375,1
49197562,10313,422375,1
49197562,1440,422375,1
49197562,8784,422375,1
51486347,1003,422375,1
51486347,10314,422375,1
51486347,1059,422375,1
51486347,1627,422375,1
51486347,7935,422375,1
51486347,10315,422375,1
81445426,1003,422375,1
314301830,1003,422375,1
1008050341,1003,422375,1
870797101239738368,1003,422375,1
335627261,1003,422375,1
335627261,10316,422375,1
43284245,1003,422375,1
43284245,1785,422375,1
345140553,1648,422375,1
345140553,1003,422375,1
28236386,1003,422375,1
28236386,1559,422375,1
3308119047,1003,422375,1
3308119047,10317,422375,1
3232894016,1003,422375,2
1180025371,1259,422375,1
2533322942,1003,422375,1
2533322942,10318,422375,1
2533322942,10319,422375,1
2533322942,10320,422375,1
30217359,1003,422375,1
30217359,1027,422375,1
735983586025734144,1003,422375,1
920335442934992896,2284,422375,1
920335442934992896,1003,422375,1
1576917692,1003,422375,1
1576917692,10321,422375,1
188864577,10322,422375,1
188864577,10323,422375,1
224843488,1003,422375,1
224843488,10324,422375,1
906420452,1003,422375,1
4880475233,1003,422375,1
4880475233,10325,422375,1
4880475233,10326,422375,1
248359406,1003,422375,1
1471193599,1003,422375,1
23522635,1003,422375,1
353194903,1654,422375,1
353194903,1648,422375,1
5849492,1003,422375,1
59944291,10327,422375,2
59944291,1003,422375,2
59944291,10328,422375,1
59944291,7705,422375,2
59944291,1126,422375,2
517516074,1003,422375,1
517516074,10329,422375,1
4082264692,1003,422375,1
221732599,2248,422375,1
221732599,1003,422375,1
598956885,1859,422375,1
598956885,1003,422375,1
3995191289,1003,422375,2
3995191289,1128,422375,1
3995191289,10330,422375,1
3995191289,10331,422375,1
3995191289,10332,422375,1
87015553,1104,422375,1
87015553,1003,422375,1
21143062,1003,422375,1
2712911600,10333,422375,1
2712911600,10022,422375,1
2712911600,1003,422375,1
2712911600,10334,422375,1
954446826639364097,10335,422375,1
954446826639364097,1003,422375,1
456357397,1003,422375,1
456357397,2066,422375,1
44111237,10336,422375,2
44111237,10337,422375,1
61316466,1003,422375,1
377465650,1003,422375,1
377465650,1434,422375,1
377465650,3464,422375,1
21509031,1003,422375,1
196645562,1003,422375,1
188684410,1003,422375,1
912460702887096320,1003,422375,1
127388453,1003,422375,1
631413253,1003,422375,1
26138978,1003,422375,1
26138978,8871,422375,1
14543465,1003,422375,1
19366159,10338,422375,1
19366159,10339,422375,1
4458526758,1003,422375,1
1376002572,1003,422375,1
1376002572,8683,422375,1
1376002572,5201,422375,1
61539603,1003,422375,1
893379394047156225,1003,422375,1
2546846150,1003,422375,1
59944291,5839,422375,1
59944291,1085,422375,1
192931834,1003,422375,1
192931834,1482,422375,1
192931834,10340,422375,1
280898150,1003,422375,1
280898150,1001,422375,1
278307985,1003,422375,1
15673984,1003,422375,1
15673984,10341,422375,1
1225594069,10342,422375,1
1225594069,1003,422375,1
1225594069,10343,422375,1
1225594069,10344,422375,1
2327444018,1003,422375,1
2327444018,10345,422375,1
2327444018,4419,422375,1
2327444018,10346,422375,1
2457278850,1538,422375,1
2457278850,1452,422375,1
2457278850,1003,422375,1
29544125,1003,422375,1
29544125,1559,422375,1
29544125,2050,422375,1
29544125,1482,422375,1
29544125,10347,422375,1
735556194773917699,1003,422375,1
2262371726,1003,422375,1
388928089,1003,422375,1
87317266,1003,422375,1
42108592,1646,422375,1
42108592,10348,422375,1
42108592,9015,422375,1
42108592,1003,422375,1
42108592,10349,422375,1
876351067,1003,422375,1
549394713,1003,422375,1
166222498,1003,422375,1
2298191316,1003,422375,1
65341634,1282,422375,1
2535617493,1003,422375,1
2535617493,10350,422375,1
2535617493,10351,422375,1
284714266,1003,422375,1
211655056,1648,422375,1
211655056,1003,422375,1
2194694970,1003,422375,1
850346704188657664,10352,422375,1
497609485,1003,422375,1
497609485,10353,422375,1
497609485,10354,422375,1
497609485,10355,422375,1
497609485,3544,422375,1
497609485,1341,422375,1
117578433,1003,422375,1
117578433,1654,422375,1
1117909130,1003,422375,1
1117909130,2683,422375,1
1117909130,2073,422375,1
1251086642,1003,422375,1
78050513,1003,422375,1
1180025371,10356,422375,1
2303286127,1003,422375,1
24234587,1003,422375,1
58918601,1003,422375,1
1180025371,10357,422375,1
22054705,10358,422375,1
43000270,1003,422375,1
571404137,1003,422375,1
899355308,1003,422375,1
899355308,10359,422375,1
300509896,1003,422375,1
1038020720,1003,422375,1
1038020720,10360,422375,1
1038020720,1859,422375,1
122780012,1003,422375,1
122780012,1851,422375,1
1180025371,10361,422375,1
24046519,1003,422375,1
784537803048751108,1003,422375,1
386022743,1003,422375,1
386022743,10362,422375,1
386022743,1126,422375,1
18443333,1003,422375,1
18443333,1648,422375,1
18443333,9763,422375,1
404427921,1003,422376,1
475366239,1003,422376,1
109967020,3826,422376,1
109967020,1003,422376,1
3242605679,1003,422376,1
1180025371,2810,422376,3
1180025371,1941,422376,4
28134283,1003,422376,2
494250693,1003,422376,1
494250693,10363,422376,1
494250693,10364,422376,1
494250693,10365,422376,1
32721230,1003,422376,1
160293623,1003,422376,1
91151434,2089,422376,1
91151434,1003,422376,1
17795451,1003,422376,1
17795451,1859,422376,1
265056093,1003,422376,1
1061907162,1003,422376,1
295420187,1003,422376,1
295420187,2283,422376,1
295420187,1126,422376,1
295420187,1482,422376,1
295420187,1548,422376,1
295420187,1549,422376,1
295420187,1691,422376,1
162805587,1941,422376,1
162805587,1154,422376,1
1180025371,1016,422376,7
2382992022,2811,422376,1
2382992022,3501,422376,1
2382992022,1191,422376,1
2382992022,10366,422376,1
1559862210,1003,422376,1
218032813,1003,422376,1
2985282559,1003,422376,2
427683210,1003,422376,1
427683210,9475,422376,2
33997844,1003,422376,1
15570740,1003,422376,1
2582348310,1003,422376,1
2582348310,10367,422376,1
121220374,10368,422376,1
121220374,10369,422376,1
121220374,10370,422376,1
121220374,10371,422376,1
121220374,8029,422376,1
121220374,10372,422376,1
427683210,1648,422376,1
427683210,10373,422376,1
427683210,10374,422376,1
427683210,10375,422376,1
311829167,1003,422376,1
311829167,5569,422376,1
311829167,5567,422376,1
22194996,1322,422376,1
22194996,10376,422376,1
22194996,10377,422376,1
22194996,10378,422376,1
22194996,10379,422376,1
22194996,10380,422376,1
22194996,1323,422376,1
22194996,1328,422376,1
22194996,1326,422376,1
437972659,1003,422376,1
751935632696573952,1219,422376,1
751935632696573952,1327,422376,1
912662054,1003,422376,1
912662054,10381,422376,1
162805587,2658,422376,1
162805587,7149,422376,1
66450663,1186,422376,1
36077654,1003,422376,1
177039368,1003,422376,1
270652405,1003,422376,1
2664905477,1003,422376,1
2664905477,10382,422376,1
2664905477,10383,422376,1
2664905477,10384,422376,1
2664905477,10385,422376,1
2664905477,10386,422376,1
17586591,1003,422376,1
17586591,1648,422376,1
17586591,10387,422376,1
219566384,1003,422376,1
16136553,1648,422376,1
16136553,10388,422376,1
47248291,1003,422376,1
2847270250,1003,422376,1
129529215,1003,422376,1
1921476361,1003,422376,1
832364714,1003,422376,1
832364714,10389,422376,1
43170449,1003,422376,1
37581062,1003,422376,1
3395940792,9176,422376,2
593434215,1003,422376,1
15581476,1003,422376,1
338523671,1003,422376,1
147062650,1003,422376,1
249354997,1003,422376,1
249354997,10390,422376,1
16320537,3544,422376,1
83924069,2525,422376,1
83924069,1039,422376,1
83924069,8950,422376,1
83924069,1020,422376,1
83924069,7338,422376,1
83924069,1131,422376,1
68503522,1003,422376,1
68503522,7600,422376,1
334080944,1003,422376,1
334080944,1027,422376,1
334080944,2172,422376,1
299317609,1003,422376,1
51130342,1030,422376,1
14985117,9297,422376,1
14985117,10391,422376,1
556135207,1003,422376,1
556135207,3283,422376,1
17457079,1003,422376,1
1892400362,1003,422376,1
1892400362,10392,422376,1
1892400362,10393,422376,1
1011328730,2383,422376,1
1011328730,10394,422376,1
1011328730,10395,422376,1
1180025371,10396,422376,6
824337481,1003,422376,1
41253868,1003,422376,1
31260535,1003,422376,1
700854513301901312,1003,422376,1
40592323,1003,422376,1
858355135,1003,422376,1
1180025371,1259,422376,1
20606322,10397,422376,1
20606322,1003,422376,1
20606322,1648,422376,1
3323646611,1104,422376,1
3323646611,1003,422376,1
3323646611,10398,422376,1
20028291,5201,422376,1
20028291,1003,422376,1
22947390,1003,422376,1
77266724,1003,422376,1
44111237,10336,422376,1
55417904,1264,422376,2
55417904,10399,422376,2
55417904,1003,422376,2
3395940792,1003,422376,1
3395940792,10400,422376,1
3395940792,1627,422376,1
3395940792,2073,422376,1
3395940792,10401,422376,1
194454327,1003,422376,1
3883488372,1003,422376,1
3883488372,1627,422376,1
149746022,1003,422376,1
28016302,1003,422376,1
28016302,1027,422376,1
461705820,1003,422376,1
461705820,1058,422376,1
23215482,1003,422376,1
31577021,1077,422376,1
31577021,1078,422376,1
31577021,1079,422376,1
31577021,1080,422376,1
1311295693,1627,422376,1
1311295693,10402,422376,1
1311295693,1003,422376,1
51198115,1003,422376,2
138248804,1003,422376,1
27305524,2067,422376,1
221997646,1003,422376,1
33631013,1003,422376,1
33631013,3733,422376,1
33631013,10403,422376,1
33631013,3084,422376,1
34377735,1003,422376,1
16966202,10404,422376,1
16966202,10405,422376,1
16966202,5563,422376,1
16966202,3000,422376,1
16966202,10406,422376,1
16966202,10407,422376,1
16966202,8444,422376,1
16966202,4818,422376,1
20667173,10408,422376,1
20667173,10409,422376,1
20667173,10410,422376,1
20667173,2983,422376,2
20667173,10411,422376,1
20667173,2930,422376,1
20667173,3040,422376,1
93923851,1003,422376,1
621675917,1003,422376,1
621675917,10412,422376,1
205098300,1003,422376,1
263941726,1003,422376,1
2904795817,2197,422376,1
2904795817,1003,422376,1
51592560,1003,422376,1
66347418,2041,422376,1
150136988,1003,422376,1
150136988,10413,422376,1
150136988,10414,422376,1
150136988,1559,422376,1
150136988,1767,422376,1
759775770,1003,422376,1
68632552,1003,422376,1
390489164,1003,422376,1
3121750933,1014,422376,1
3121750933,1015,422376,1
3121750933,2229,422376,1
2964817577,1003,422376,1
8487572,1003,422376,1
2421302922,1003,422376,1
38768501,1003,422376,1
217053057,1003,422376,1
2449852057,1003,422376,1
201839975,10415,422376,1
201839975,10416,422376,1
201839975,10417,422376,1
201839975,1003,422376,1
2315257075,1003,422376,1
821942989778026496,1176,422376,2
821942989778026496,1240,422376,2
1410671952,5108,422376,1
1410671952,10418,422376,1
821942989778026496,1241,422376,1
821942989778026496,6579,422376,1
821942989778026496,3171,422376,1
397217072,1003,422376,1
265452880,1003,422376,1
377128762,1003,422376,1
35807690,1003,422376,1
1410671952,6567,422376,1
1410671952,1003,422376,1
1644166728,1003,422376,1
384492199,1003,422376,1
384492199,2509,422376,1
3160605008,1003,422376,1
3160605008,1786,422376,1
2566353397,1003,422376,1
23783551,1003,422376,1
985278798,1003,422376,1
909211746677805056,1003,422376,1
2883236553,1003,422376,1
50028004,1003,422376,1
297732920,1003,422376,1
297732920,3097,422376,1
297732920,3876,422376,1
297732920,10419,422376,1
297732920,1549,422376,1
297732920,10420,422376,1
297732920,10421,422376,1
297732920,10422,422376,1
292620540,1003,422376,1
106429575,1003,422376,1
42032458,1003,422376,1
791239308518776833,10423,422376,1
791239308518776833,5793,422376,2
141802178,1003,422376,1
76776464,10424,422376,1
76776464,10425,422376,1
76776464,10426,422376,1
76776464,1003,422376,1
76776464,2343,422376,1
452483362,10427,422376,1
23013525,1003,422376,1
152851934,1941,422376,1
166729250,1003,422376,1
166729250,10428,422376,1
165585348,1003,422376,1
101319802,1003,422376,1
22808711,1003,422376,1
22808711,10429,422376,1
1895055372,1003,422376,1
1895055372,4680,422376,1
1895055372,4681,422376,1
769657640,1003,422376,1
236151883,1104,422376,1
67059866,1104,422376,1
67059866,1003,422376,1
352089708,1003,422376,1
352089708,1027,422376,1
60989562,1003,422376,1
791239308518776833,10430,422376,1
791239308518776833,1079,422376,1
791239308518776833,10431,422376,1
791239308518776833,8757,422376,1
791239308518776833,1404,422376,2
154260817,1003,422376,1
880585330226642944,1003,422376,1
446631741,1559,422376,1
446631741,1003,422376,1
446631741,2439,422376,1
921585324,1003,422376,1
921585324,1059,422376,1
2696747858,1003,422376,1
512650113,1003,422376,1
41962111,1847,422376,1
41962111,1003,422376,1
41962111,10432,422376,1
561218662,1003,422376,1
720164220,1003,422376,1
2962294463,1003,422376,1
26768611,1003,422376,1
67059866,1027,422376,1
460724030,1003,422376,1
1314035713,1003,422376,1
444771207,1003,422376,1
152851934,1003,422376,2
889337934,1003,422376,1
1293241,10433,422376,1
1293241,10434,422376,1
1293241,1003,422376,2
29928046,1003,422376,1
349546755,1003,422376,1
349546755,2509,422376,1
349546755,6568,422376,1
166158841,1003,422376,1
117517223,1666,422376,1
117517223,1053,422376,1
117517223,10435,422376,1
3798496755,1003,422376,1
3798496755,10436,422376,1
2548496443,1003,422376,1
2548496443,10437,422376,1
1583338284,1003,422376,1
38535002,1003,422376,1
26272532,10438,422376,1
2871963541,1003,422376,1
147336082,1003,422376,1
18086437,2950,422376,1
21912813,1003,422376,1
1293241,10439,422376,1
1293241,2421,422376,1
42666285,10440,422377,1
42666285,10441,422377,1
42666285,10442,422377,1
42666285,10443,422377,1
2562578392,1003,422377,1
123328411,1003,422377,1
123328411,10444,422377,1
62658604,1003,422377,1
220689051,1003,422377,1
68367910,8176,422377,1
68367910,1003,422377,1
69447141,1003,422377,1
23661314,10445,422377,1
23661314,10446,422377,1
23661314,1104,422377,1
253142819,1003,422377,1
214751606,1003,422377,1
15613754,1003,422377,1
15613754,10447,422377,1
15613754,10448,422377,1
15613754,10449,422377,1
15613754,10450,422377,1
19845583,1003,422377,1
233889281,3133,422377,1
233889281,1648,422377,1
233889281,1003,422377,1
28495138,1003,422377,1
28495138,2912,422377,1
28495138,3047,422377,1
28495138,10451,422377,1
28495138,6692,422377,1
33580878,1003,422377,1
27988946,1003,422377,1
27988946,10452,422377,1
27988946,6901,422377,1
27988946,3370,422377,1
574953438,1003,422377,1
729972666,1003,422377,1
2349257468,1723,422377,1
2349257468,10453,422377,1
2349257468,10454,422377,2
452473694,1003,422377,1
799708890791178240,10455,422377,1
799708890791178240,10141,422377,1
799708890791178240,10456,422377,1
799708890791178240,3965,422377,1
799708890791178240,7996,422377,1
799708890791178240,10457,422377,1
799708890791178240,10458,422377,1
3243530996,1003,422377,1
89542690,1003,422377,1
35577414,1003,422377,1
203312292,1003,422377,1
1398100376,1003,422377,1
1398100376,8863,422377,1
1398100376,10459,422377,1
423139449,1003,422377,1
83514584,1003,422377,1
1468463726,1003,422377,1
43971278,1003,422377,1
116863692,1003,422377,1
826146625,1003,422377,1
17815763,1003,422377,1
17815763,10460,422377,1
17815763,10461,422377,1
825501876,1003,422377,1
278366249,1003,422377,1
482178848,1003,422377,1
20202645,1003,422377,1
566289006,1325,422377,1
566289006,1003,422377,1
566289006,3808,422377,1
77776325,1003,422377,1
427683210,9475,422377,1
21432020,1003,422377,1
31577021,1077,422377,1
31577021,1078,422377,1
26903609,10462,422377,1
26903609,10463,422377,1
40750037,1003,422377,1
16561148,1041,422377,1
16561148,2637,422377,1
16561148,10464,422377,1
1942478166,1003,422377,1
1942478166,10465,422377,1
1942478166,10466,422377,1
117747878,1003,422377,1
117747878,2440,422377,1
25682309,1003,422377,1
2723851180,1003,422377,1
31622629,1003,422377,1
40025098,1003,422377,1
1180025371,2861,422377,2
1180025371,1016,422377,11
1585058455,1003,422377,1
467801753,10467,422377,1
467801753,10468,422377,1
467801753,1003,422377,1
196216317,1003,422377,1
17749790,1003,422377,1
962886934761754624,1003,422377,1
191306541,1646,422377,1
191306541,10469,422377,1
191306541,1003,422377,1
191306541,1648,422377,1
2593906045,1003,422377,1
2593906045,1932,422377,1
2593906045,10470,422377,1
322949422,1003,422377,1
31002078,1003,422377,1
31002078,1928,422377,1
31002078,1126,422377,1
31002078,1993,422377,1
31002078,2057,422377,1
31002078,1690,422377,1
31002078,1691,422377,1
31002078,1967,422377,1
961748383051538444,1003,422377,1
17003041,1003,422377,1
3396746410,1648,422377,1
3396746410,1559,422377,1
3396746410,1003,422377,1
98966823,1003,422377,1
98966823,1064,422377,1
98966823,1932,422377,1
245636934,1003,422377,1
237584813,1003,422377,1
2209111299,1027,422377,1
2209111299,1003,422377,1
577396408,1003,422377,1
3160486188,6875,422377,1
3160486188,10471,422377,1
3160486188,2561,422377,1
3160486188,1205,422377,1
3160486188,1003,422377,1
3160486188,10472,422377,1
69405550,10473,422377,1
69405550,5337,422377,1
69405550,5338,422377,1
69405550,5339,422377,1
135251339,1003,422377,1
46776370,10474,422377,1
46776370,1003,422377,1
46776370,1917,422377,1
751935632696573952,1003,422377,1
751935632696573952,10475,422377,1
751935632696573952,1548,422377,1
751935632696573952,3677,422377,1
751935632696573952,1427,422377,1
751935632696573952,3068,422377,1
25596302,1003,422377,1
25596302,10476,422377,1
25596302,1688,422377,1
25596302,1062,422377,1
25596302,10477,422377,1
25596302,10478,422377,1
25596302,4963,422377,1
25596302,4959,422377,1
25596302,2057,422377,1
15963168,1648,422377,1
15963168,1003,422377,1
196237097,1003,422377,1
546344130,1003,422377,1
546344130,1062,422377,1
546344130,1427,422377,1
791239308518776833,4175,422377,1
791239308518776833,3428,422377,1
791239308518776833,2809,422377,1
44111237,10336,422377,3
833921635946098688,1003,422377,1
31867534,1003,422377,1
31867534,1791,422377,1
31867534,1646,422377,1
1145178793,1003,422377,1
1003331059,1003,422377,1
1003331059,10479,422377,1
188684410,4703,422377,1
3106082600,1003,422377,1
50958238,1003,422377,1
50958238,1648,422377,1
614997699,1003,422377,1
219299978,2434,422377,1
219299978,1003,422377,1
2523625741,1003,422377,1
33332954,1058,422377,1
33332954,10480,422377,1
33332954,10481,422377,1
54306935,1003,422377,1
783009849177243649,1003,422377,1
783009849177243649,10482,422377,1
78411633,1003,422377,1
78411633,10483,422377,1
348307387,10484,422377,1
348307387,1003,422377,1
348307387,2325,422377,1
348307387,1648,422377,1
33332954,1003,422377,2
114088818,1648,422377,1
114088818,1003,422377,1
6186522,1003,422377,1
1180025371,1941,422377,1
1180025371,10396,422377,1
82128395,1003,422377,1
33332954,1416,422377,1
3316044491,1003,422377,1
359993945,1003,422377,1
707267661592330240,1003,422377,1
1927324363,1003,422377,1
16369627,1003,422377,1
34552637,1003,422377,1
11007892,1003,422377,1
2902079496,1003,422377,1
31390790,1003,422377,1
31390790,2051,422377,1
973064810,1003,422377,1
973064810,10485,422377,1
973064810,1690,422377,1
973064810,1689,422377,1
973064810,1688,422377,1
973064810,1967,422377,1
973064810,10486,422377,1
973064810,3732,422377,1
1180025371,1259,422377,1
2964817577,10487,422377,1
18260519,10488,422377,1
4881478419,1003,422377,1
4881478419,10489,422377,1
4881478419,4160,422377,1
4881478419,1881,422377,1
4881478419,10490,422377,1
3182099660,1003,422377,1
42670114,1003,422377,1
50520300,1003,422377,1
50520300,1799,422377,1
50520300,2566,422377,1
17388637,1003,422377,1
17388637,10491,422377,1
30139524,1003,422377,1
820732914,1003,422377,1
2658640351,1003,422377,1
2880023931,10492,422377,1
188684410,10493,422377,1
1447208906,10494,422377,1
103417389,1287,422377,1
103417389,10495,422377,1
103417389,1003,422377,1
103417389,10496,422377,1
50455354,2162,422377,1
50455354,10497,422377,1
50455354,10498,422377,1
461543790,1549,422377,1
461543790,1003,422377,1
461543790,1776,422377,1
32929752,10499,422377,1
32929752,10500,422377,1
139185658,1104,422377,1
139185658,1003,422377,1
159561220,1003,422377,1
2880023931,1003,422377,1
61486997,10501,422377,1
61486997,1178,422377,1
1646104777,1003,422377,1
2349257468,10502,422377,1
2349257468,10503,422377,1
4837239955,10504,422377,1
4837239955,10505,422377,1
4837239955,10506,422377,1
39216857,1003,422377,1
2155897448,1003,422377,1
188684410,1648,422377,1
188684410,10507,422377,1
188684410,1366,422377,1
188684410,1363,422377,1
274012228,2038,422377,1
274012228,10508,422377,1
274012228,10509,422377,1
2278320648,1003,422377,1
2278320648,10510,422377,1
256410936,1003,422377,3
939311,1003,422377,1
828689162962219008,1003,422377,1
828689162962219008,10511,422377,1
828689162962219008,10512,422377,1
27898951,1003,422377,1
821942989778026496,1176,422377,1
821942989778026496,1240,422377,1
35326240,1003,422377,1
321996520,1003,422377,1
497609485,1003,422377,1
2152607782,1003,422377,1
1007072700,1003,422377,1
19948959,1003,422377,1
19948959,8332,422377,1
19948959,1859,422377,1
1180025371,10513,422377,1
3341716444,1003,422377,1
1180025371,10513,422378,3
1180025371,1016,422378,4
1180025371,1259,422378,1
42666285,10443,422378,1
42666285,10514,422378,1
42666285,10441,422378,1
42666285,10440,422378,1
42666285,10442,422378,1
1871614645,1003,422378,1
536838736,1003,422378,1
536838736,1823,422378,1
536838736,1079,422378,1
536838736,1824,422378,1
80807182,1003,422378,1
80807182,10515,422378,1
873047116465045505,1003,422378,1
277058224,1003,422378,1
30020669,10516,422378,1
30020669,10517,422378,1
1180025371,2861,422378,3
1180025371,1941,422378,3
1180025371,10396,422378,1
930297650066403328,1003,422378,1
20667173,4636,422378,1
20667173,10518,422378,1
20667173,10519,422378,2
20667173,8379,422378,2
20667173,2629,422378,2
20667173,2292,422378,2
20667173,1404,422378,2
177557633,1003,422378,1
21406319,1003,422378,1
21406319,2574,422378,1
122241417,1003,422378,1
126217890,1003,422378,1
978981902,1003,422378,1
172059284,1003,422378,1
1425823292,1003,422378,1
1425823292,10520,422378,1
188684410,4975,422378,1
188684410,3820,422378,1
891291023397212160,1003,422378,1
233407132,1003,422378,1
298836368,1003,422378,1
1355331337,1003,422378,1
1733289434,1003,422378,1
1733289434,2057,422378,1
1733289434,2058,422378,1
2594257500,1003,422378,1
25337485,1003,422378,1
188684410,5017,422378,1
188684410,10521,422378,1
361188508,1003,422378,1
702089161,1648,422378,1
702089161,1003,422378,1
3309149887,1003,422378,1
234027231,1003,422378,1
2574660351,1003,422378,1
237488314,1003,422378,1
18577789,1003,422378,1
63799454,1003,422378,1
83662371,1104,422378,1
285272554,1003,422378,1
67789515,1648,422378,1
67789515,1003,422378,1
67789515,4470,422378,1
67789515,10522,422378,1
67789515,10523,422378,1
67789515,7174,422378,1
67789515,10524,422378,1
491965923,4570,422378,1
491965923,4573,422378,1
491965923,4741,422378,1
491965923,4875,422378,1
491965923,2978,422378,1
491965923,3994,422378,1
7991842,1135,422378,1
7991842,1003,422378,1
7991842,1136,422378,1
7991842,7177,422378,1
7991842,2773,422378,1
44111237,10336,422378,1
44111237,3491,422378,1
18195374,1003,422378,1
18195374,2487,422378,1
361188508,10525,422378,1
361188508,10526,422378,1
361188508,7260,422378,1
551434541,1003,422378,1
743922121190039552,1003,422378,1
1180025371,10527,422378,2
287866838,1003,422378,1
287866838,3482,422378,1
287866838,10528,422378,1
287866838,10529,422378,1
287866838,3779,422378,1
287866838,3122,422378,1
287866838,10530,422378,1
254796127,1003,422378,1
152146157,1003,422378,1
152146157,10531,422378,1
152146157,10532,422378,1
3148638955,1003,422378,1
108632045,1003,422378,1
404298295,1003,422378,1
404298295,2320,422378,1
404298295,10533,422378,1
404298295,10534,422378,1
45775466,1104,422378,1
45775466,1003,422378,1
45775466,10535,422378,1
49197562,10312,422378,2
49197562,1003,422378,2
49197562,10536,422378,1
49197562,10537,422378,1
49197562,1440,422378,1
491965923,10538,422378,1
491965923,10539,422378,1
491965923,10162,422378,1
491965923,2830,422378,1
491965923,1003,422378,1
2691882793,1003,422378,1
2691882793,1126,422378,1
2691882793,1423,422378,1
2691882793,2057,422378,1
2691882793,2355,422378,1
2691882793,1431,422378,1
2691882793,1928,422378,1
2691882793,1549,422378,1
2691882793,1627,422378,1
374536090,1003,422378,1
374536090,10540,422378,1
374536090,1559,422378,1
374536090,10541,422378,1
27679852,1003,422378,1
305025897,1003,422378,1
305025897,1945,422378,1
305025897,1725,422378,1
305025897,2283,422378,1
305025897,10542,422378,1
132217093,1003,422378,1
358346476,1003,422378,1
2373592552,10543,422378,1
2373592552,10544,422378,2
2373592552,10545,422378,1
2373592552,10546,422378,1
2373592552,10115,422378,1
2373592552,10547,422378,1
276479273,1003,422378,1
316700634,1003,422378,1
316700634,10548,422378,1
316700634,1559,422378,1
316700634,1064,422378,1
294213749,1003,422378,1
33976616,1003,422378,1
727872099403075584,1003,422378,1
727872099403075584,4909,422378,1
727872099403075584,2432,422378,1
727872099403075584,10549,422378,1
279649499,1003,422378,1
1633377338,1003,422378,1
76685388,1003,422378,1
76685388,1061,422378,1
76685388,10550,422378,1
76685388,4909,422378,1
76685388,10551,422378,1
61486997,10552,422378,1
61486997,10553,422378,1
61486997,1003,422378,1
483242732,1003,422378,1
26322502,1104,422378,1
26322502,1001,422378,1
26322502,1003,422378,1
26322502,10554,422378,1
4853951746,1003,422378,1
2287756784,1003,422378,2
2287756784,10555,422378,1
2287756784,10556,422378,1
1209963770,1003,422378,1
18588041,1003,422378,1
277674677,1003,422378,1
277674677,4781,422378,1
277674677,10433,422378,1
277674677,10557,422378,1
277674677,10558,422378,1
277674677,1690,422378,1
277674677,10559,422378,1
390303951,10560,422378,1
390303951,10561,422378,1
390303951,10562,422378,1
390303951,1003,422378,1
19137125,1003,422378,1
19137125,1709,422378,1
514667367,1003,422378,1
514667367,10563,422378,1
514667367,10564,422378,1
514667367,10565,422378,1
514667367,10566,422378,1
2209354352,1945,422378,1
2209354352,10567,422378,1
2209354352,10568,422378,1
2209354352,1003,422378,1
45777152,1774,422378,1
45777152,1003,422378,1
45777152,10119,422378,1
45777152,1403,422378,1
45777152,1404,422378,1
786975938521227265,10569,422378,1
786975938521227265,10570,422378,1
786975938521227265,10571,422378,1
786975938521227265,10572,422378,1
786975938521227265,5884,422378,1
786975938521227265,10573,422378,1
786975938521227265,1003,422378,1
133356665,1003,422378,1
133356665,10574,422378,1
175505385,1648,422378,1
175505385,1003,422378,1
3578650466,1003,422378,1
3578650466,1901,422378,1
32334336,10575,422378,1
32334336,2242,422378,1
32334336,4728,422378,1
32334336,10576,422378,1
32334336,1003,422378,1
32334336,1643,422378,1
168691231,1003,422378,1
3045470592,10577,422378,1
3045470592,10578,422378,1
3045470592,10579,422378,1
3045470592,10580,422378,1
925539595957268480,1003,422378,1
925539595957268480,1126,422378,1
925539595957268480,1559,422378,1
925539595957268480,1062,422378,1
66347418,1003,422378,1
66347418,5914,422378,1
2330319362,1126,422378,1
2330319362,9246,422378,1
2330319362,1003,422378,1
3140768144,10581,422378,1
2983273177,1003,422378,1
147078910,1003,422378,1
51307827,1003,422378,1
267903983,1003,422378,1
19870592,1003,422378,1
30961152,1003,422378,1
57980068,1003,422378,1
637329970,1003,422378,1
1872623130,5463,422378,1
1872623130,5464,422378,1
1872623130,5465,422378,1
24262435,1003,422378,1
24262435,1482,422378,1
24262435,10582,422378,1
24262435,2302,422378,1
2469884923,1003,422378,1
511000597,10583,422378,1
511000597,10584,422378,1
511000597,1003,422378,1
511000597,10585,422378,1
511000597,1942,422378,1
365887652,1003,422378,1
2674128810,1003,422378,1
833641969,1003,422378,1
4857184789,1003,422378,1
4857184789,1377,422378,1
4857184789,1063,422378,1
3121750933,1014,422378,1
3121750933,1015,422378,1
3121750933,2229,422378,1
3121750933,2230,422378,1
1900621956,1003,422378,1
1900621956,2320,422378,1
21206194,1003,422378,1
21206194,2682,422378,1
65145126,1003,422378,1
39330000,1003,422378,1
26063364,1003,422378,1
372636834,1003,422378,1
372636834,10586,422378,1
23005773,1003,422378,1
49197562,10587,422378,1
49197562,10588,422378,1
49197562,1627,422378,1
138596950,1003,422378,1
138596950,10589,422378,1
138596950,10590,422378,1
138596950,10591,422378,1
138596950,10592,422378,1
1129144490,1003,422378,1
1129144490,1648,422378,1
3190031634,1126,422378,1
3190031634,1003,422378,1
3190031634,10593,422378,1
585186799,1003,422378,1
585186799,10594,422378,1
585186799,10595,422378,1
585186799,10596,422378,1
3318266650,1003,422378,1
121303950,1003,422378,1
15149457,1003,422378,1
15149457,10597,422378,1
334473459,1003,422378,1
2595300067,1003,422378,1
65956819,1003,422378,1
3267524454,1003,422378,1
334787853,1003,422378,1
270447644,1003,422378,1
35247891,1003,422378,1
428125092,1003,422378,1
794425363,1003,422378,1
794425363,10598,422378,1
794425363,10599,422378,1
794425363,10600,422378,1
66832867,1003,422378,1
66832867,10601,422378,1
19291664,10602,422378,1
19291664,10527,422378,1
19291664,10603,422378,1
68593012,1003,422378,1
28171706,1003,422378,1
19614017,1104,422378,1
19614017,1003,422378,1
866171997612498944,1003,422378,1
20667173,10501,422378,1
20667173,10604,422378,1
20667173,10605,422378,1
1576087639,1003,422378,1
188684410,7786,422379,1
188684410,5452,422379,1
390132456,1003,422379,1
390132456,1646,422379,1
19120068,1003,422379,1
960801858,1003,422379,1
960801858,1482,422379,1
960801858,1932,422379,1
1180025371,2861,422379,2
1180025371,1941,422379,2
1180025371,10527,422379,2
2404840890,1003,422379,1
160052224,1003,422379,1
26009048,4802,422379,1
26009048,1003,422379,1
19640448,2248,422379,1
19640448,10606,422379,1
19640448,10103,422379,1
19640448,1646,422379,1
19640448,1685,422379,1
19640448,2683,422379,1
19640448,10607,422379,1
19640448,10608,422379,1
73741899,1003,422379,1
18805962,1003,422379,1
2899501815,1003,422379,1
4748014817,1003,422379,1
2367395966,1003,422379,1
3236916670,1003,422379,1
1377615098,1003,422379,1
1129367838,1003,422379,1
28058941,2252,422379,1
28058941,1003,422379,1
28058941,2802,422379,1
28058941,1950,422379,1
28058941,2249,422379,1
28058941,2627,422379,1
240309138,1003,422379,1
1180025371,10609,422379,2
1180025371,1016,422379,16
16561148,1041,422379,1
16561148,2637,422379,1
16561148,1967,422379,1
16561148,10610,422379,1
491965923,1986,422379,1
491965923,10611,422379,1
188684410,1568,422379,1
188684410,3820,422379,1
265724410,1003,422379,1
265724410,5917,422379,1
407427332,1003,422379,1
113486122,1003,422379,1
782315257708449792,10390,422379,1
782315257708449792,1003,422379,1
1315374666,1003,422379,1
708056279793725441,6524,422379,1
708056279793725441,1189,422379,1
49009550,1104,422379,1
49009550,1003,422379,1
33715338,1003,422379,1
33715338,1559,422379,1
33715338,1627,422379,1
351380039,1003,422379,1
351380039,7162,422379,2
351380039,7161,422379,1
23092382,10612,422379,1
217644243,1003,422379,1
4832929031,1003,422379,1
107171353,1003,422379,1
107171353,10613,422379,1
53237197,1003,422379,1
791239308518776833,5793,422379,1
18520852,1003,422379,1
48885037,1003,422379,1
756642075421077505,1648,422379,1
756642075421077505,1003,422379,1
756642075421077505,10614,422379,1
756642075421077505,10615,422379,1
756642075421077505,2057,422379,1
756642075421077505,10616,422379,1
756642075421077505,10617,422379,1
2468173978,1003,422379,1
1180025371,10618,422379,1
3303662054,1003,422379,1
3303662054,1104,422379,1
10428372,10619,422379,1
10428372,2115,422379,1
10428372,6657,422379,1
718549430,1003,422379,1
718549430,10620,422379,1
718549430,10621,422379,1
24379802,1003,422379,1
70992092,1003,422379,1
1180025371,10622,422379,1
994672298,1003,422379,1
180925897,1003,422379,1
23215269,1003,422379,1
23215269,2566,422379,1
902800913194041344,1003,422379,1
3087936285,1003,422379,1
3087936285,2311,422379,1
3087936285,2193,422379,1
3087936285,2312,422379,1
298186966,10623,422379,1
298186966,1003,422379,1
15073476,1003,422379,2
2382952016,1003,422379,1
2952591962,1138,422379,1
2952591962,1003,422379,1
91500173,1003,422379,1
91500173,10624,422379,1
121490758,1003,422379,1
1023324050,1003,422379,1
1481353266,1003,422379,1
41675272,2159,422379,1
41675272,10625,422379,1
41675272,1003,422379,1
41675272,10626,422379,1
812391798,1003,422379,1
110623819,1003,422379,1
74909783,10627,422379,1
74909783,1003,422379,1
520952468,1003,422379,1
941991337,2073,422379,1
941991337,10628,422379,1
941991337,1003,422379,1
334787853,1003,422379,1
708985015971897344,1003,422379,1
708985015971897344,2599,422379,1
708985015971897344,1559,422379,1
708985015971897344,1734,422379,1
590348868,1003,422379,1
41902802,1126,422379,1
41902802,1003,422379,1
41902802,2802,422379,1
41902802,1549,422379,1
101050495,1003,422379,1
101050495,10629,422379,1
1180025371,10630,422379,6
27961466,1003,422379,1
29235401,1003,422379,1
3603083360,1003,422379,1
3603083360,6286,422379,1
2325230304,1003,422379,1
783615631606288384,1003,422379,1
1180025371,10631,422379,1
15073476,1799,422379,1
22720244,1104,422379,1
22720244,1003,422379,1
2815863258,1036,422379,2
2815863258,1263,422379,1
16716480,1003,422379,1
16716480,10632,422379,1
33625187,1003,422379,1
33625187,1482,422379,1
33625187,1617,422379,1
15295716,1003,422379,1
15295716,2433,422379,1
15295716,1859,422379,1
41823305,10633,422379,1
41823305,1003,422379,1
1582445839,1003,422379,1
1582445839,2057,422379,1
1582445839,2058,422379,1
16015002,1003,422379,1
37520733,1003,422379,1
37520733,10634,422379,1
2359537176,1003,422379,1
579531762,1003,422379,1
632783295,1003,422379,1
632783295,10635,422379,1
632783295,1927,422379,1
16229518,2051,422379,1
16229518,1003,422379,1
16229518,10636,422379,1
16229518,1062,422379,1
2349257468,8529,422379,1
2349257468,10454,422379,1
2349257468,10502,422379,1
2349257468,10503,422379,1
2349257468,10637,422379,1
16262416,1003,422379,1
26903609,1003,422379,1
26903609,10638,422379,1
884878778,10639,422379,1
884878778,1003,422379,1
16171365,10640,422379,1
16171365,10641,422379,1
16171365,1288,422379,1
64645390,2172,422379,1
64645390,1003,422379,1
325210827,1003,422379,1
11029372,1003,422379,1
568576743,1003,422379,1
276216748,10642,422379,1
100485233,1003,422379,1
356889953,1003,422379,1
356889953,2264,422379,1
356889953,8535,422379,1
356889953,4321,422379,1
356889953,10643,422379,1
356889953,10644,422379,1
356889953,10645,422379,1
36403058,1003,422379,1
583365221,1003,422379,1
1025363402,1003,422379,1
1025363402,9191,422379,1
1025363402,5201,422379,1
1025363402,1989,422379,1
1025363402,1903,422379,1
751849229522444288,1003,422379,1
751849229522444288,10221,422379,1
22194996,1322,422379,1
22194996,1003,422379,1
22194996,10646,422379,1
22194996,9274,422379,1
22194996,1903,422379,1
22194996,10379,422379,1
22194996,8671,422379,1
22194996,1328,422379,1
3086338765,1003,422379,1
55060987,10647,422379,1
55060987,2623,422379,1
31553533,1003,422379,1
31553533,1646,422379,1
76570567,1648,422379,1
76570567,1003,422379,1
76570567,10648,422379,1
76570567,2172,422379,1
76570567,10649,422379,1
76570567,10650,422379,1
240910578,1003,422379,1
240910578,10651,422379,1
8141422,10652,422379,1
8141422,2826,422379,1
8141422,10653,422379,1
159400032,1003,422379,1
799708890791178240,1003,422379,1
174321945,1003,422379,1
175577207,1003,422379,1
175577207,10654,422379,1
175577207,10655,422379,1
316909021,1003,422379,1
1284989994,1003,422379,1
1284989994,9629,422379,1
1284989994,10656,422379,1
1284989994,10657,422379,1
17792573,1003,422379,1
17792573,4175,422379,1
17792573,4678,422379,1
44111237,1003,422379,1
55740546,1003,422379,1
55740546,1608,422379,1
255194424,1003,422379,1
3309740733,1003,422379,1
20667173,1003,422379,1
925410871,10658,422379,1
925410871,1003,422379,1
702367482,1003,422379,1
702367482,1512,422379,1
702367482,1287,422379,1
702367482,10659,422379,1
194573948,10660,422379,1
1628674909,1003,422379,1
924361128,1003,422379,1
940619785947242497,1003,422379,1
305607889,5430,422379,1
305607889,10661,422379,1
21144991,1003,422380,1
42666285,10443,422380,1
42666285,10441,422380,1
42666285,10442,422380,1
42666285,10440,422380,1
3131557383,1003,422380,1
78468655,1003,422380,1
24498319,1003,422380,1
15850295,1003,422380,1
15850295,10662,422380,1
15850295,5180,422380,1
15850295,1061,422380,1
1180025371,10609,422380,3
1180025371,2861,422380,3
1180025371,1941,422380,2
1180025371,10630,422380,1
1180025371,10527,422380,2
1878021679,1413,422380,1
1878021679,1450,422380,1
1878021679,1451,422380,1
137954427,4086,422380,1
137954427,1003,422380,1
3573369083,1003,422380,1
3573369083,10663,422380,1
522947481,1104,422380,1
522947481,1003,422380,1
195943815,1003,422380,1
1604795245,1003,422380,1
1604795245,10664,422380,1
227767298,1265,422380,1
309363450,1003,422380,1
309363450,10665,422380,1
309363450,10666,422380,1
227767298,1003,422380,4
304539295,2876,422380,1
900889342905864192,1003,422380,1
2351043516,1003,422380,1
28751097,1003,422380,1
2373592552,1762,422380,1
2373592552,10667,422380,1
2373592552,4400,422380,1
2373592552,1003,422380,1
236936948,1003,422380,1
27822518,5479,422380,1
16669090,1003,422380,1
959964787,1104,422380,1
959964787,1003,422380,1
959964787,1482,422380,1
959964787,1627,422380,1
2953555973,1003,422380,1
19380865,10668,422380,1
19380865,1003,422380,1
19380865,4635,422380,1
121809964,1003,422380,1
121809964,1879,422380,1
44111237,10336,422380,1
529507222,1003,422380,1
1180025371,10669,422380,3
1180025371,1016,422380,6
35270164,1003,422380,1
35270164,10670,422380,4
1180025371,10671,422380,3
237514324,1648,422380,1
237514324,1762,422380,1
237514324,2627,422380,1
237514324,2249,422380,1
237514324,10672,422380,1
237514324,10673,422380,1
35270164,9021,422380,1
35270164,10674,422380,3
35270164,10675,422380,2
2393489677,1003,422380,1
2720013913,1003,422380,1
2720013913,1648,422380,1
2720013913,1559,422380,1
3002464157,1003,422380,1
35270164,4556,422380,1
21100279,1003,422380,1
21100279,10676,422380,1
21100279,10677,422380,1
21100279,10678,422380,1
35270164,10679,422380,1
35270164,10680,422380,1
35270164,10681,422380,1
1452958573,1003,422380,1
23824743,1003,422380,1
52926021,1003,422380,1
351380039,1003,422380,1
351380039,7162,422380,2
351380039,7161,422380,1
373038991,2172,422380,1
373038991,1003,422380,1
31433043,10682,422380,1
16138981,1003,422380,1
16138981,10683,422380,1
3364977132,1003,422380,1
189205678,1003,422380,1
788960368903106561,10684,422380,1
59898877,1003,422380,1
23006794,1003,422380,2
23006794,1648,422380,2
511346069,1003,422380,1
188684410,5014,422380,1
188684410,5015,422380,1
188684410,4967,422380,1
116564952,1003,422380,1
19052280,1003,422380,1
258899224,1003,422380,1
50455354,1003,422380,1
50455354,10685,422380,2
215499281,10686,422380,1
215499281,1003,422380,1
16035795,1914,422380,1
286445504,1003,422380,1
29949380,5613,422380,1
29949380,1003,422380,1
29949380,1903,422380,1
27822518,10687,422380,1
22235334,1003,422380,1
22235334,10688,422380,1
750902727954358272,1003,422380,1
51130342,1003,422380,1
39685335,1003,422380,1
1180025371,1464,422380,1
799708890791178240,10689,422380,1
799708890791178240,3360,422380,1
799708890791178240,10690,422380,1
423862419,1017,422380,1
423862419,1003,422380,1
195547003,1003,422380,1
142746137,1003,422380,1
214305445,1003,422380,1
214305445,2058,422380,1
833921635946098688,1003,422380,1
859487190,1003,422380,1
21912813,1003,422380,1
1618662427,1003,422380,1
4183026012,1003,422380,1
4183026012,5388,422380,1
221992995,1003,422380,1
288609543,1003,422380,1
403218488,1003,422380,1
43909715,1003,422380,1
2279507762,1003,422380,1
2279507762,1061,422380,1
2279507762,10691,422380,1
44025832,1003,422380,1
321488566,1003,422380,1
378032886,10692,422380,1
378032886,1003,422380,1
378032886,1058,422380,1
378032886,10693,422380,1
378032886,2509,422380,1
632783295,1687,422380,1
632783295,1927,422380,1
632783295,8496,422380,2
8141422,1003,422380,1
8141422,9788,422380,1
8141422,10652,422380,1
8141422,2826,422380,1
971831,1338,422380,1
971831,2450,422380,1
3449861714,2374,422380,1
3449861714,1003,422380,1
3449861714,1660,422380,1
36836701,1003,422380,1
15673984,10694,422380,1
195507972,1003,422380,1
195507972,2440,422380,1
37340545,10695,422380,1
37340545,1003,422380,1
632783295,10696,422380,1
632783295,1003,422380,1
1180025371,10697,422380,1
68505859,1003,422380,1
19936920,1003,422380,1
19580977,1003,422380,1
26587452,1003,422380,1
16035795,1762,422380,1
16035795,1003,422380,1
117992948,1003,422380,1
1180025371,10698,422380,1
274012228,2040,422380,1
274012228,2036,422380,1
2152607782,5183,422380,1
2152607782,10699,422380,1
2152607782,10700,422380,1
2152607782,10701,422380,1
2152607782,10702,422380,1
2152607782,10703,422380,1
2152607782,10704,422380,1
626746296,1003,422380,1
23529730,1003,422380,1
188684410,10705,422380,1
188684410,10706,422380,1
50455354,10707,422380,1
50455354,8976,422380,1
50455354,3203,422380,1
476245943,1003,422380,1
22297819,1003,422380,1
43283817,1003,422380,1
173319514,1003,422380,1
339622254,1003,422380,1
339622254,10708,422380,1
339622254,10709,422380,1
45775466,1104,422380,1
45775466,1027,422380,1
262802192,1003,422380,1
70191083,10710,422380,2
70191083,1003,422380,2
70191083,10711,422380,1
70191083,1062,422380,2
70191083,3457,422380,1
349897581,1003,422380,1
370950079,1003,422380,1
1141651788,3232,422380,1
1141651788,1826,422380,1
1141651788,3233,422380,1
1141651788,2125,422380,1
1141651788,1472,422380,1
1564575410,1003,422380,1
1638750889,1003,422380,1
24321532,1003,422380,1
24321532,10712,422380,1
1283002441,1003,422380,1
76539514,1003,422380,1
31482548,1003,422380,1
31482548,1859,422380,1
771875172697640964,1003,422380,1
70191083,5128,422380,1
70191083,5428,422380,1
70191083,10713,422380,1
70191083,1714,422380,1
31317891,1003,422380,1
975713756,1003,422380,1
134711882,1003,422380,1
134711882,10714,422380,1
134711882,10715,422380,1
134711882,10716,422380,1
270613977,10717,422380,1
270613977,10718,422380,1
270613977,1003,422380,1
69398066,1003,422380,1
2953555973,10719,422380,1
42666285,10441,422381,1
42666285,10442,422381,1
42666285,10514,422381,1
42666285,10443,422381,1
729637921,1003,422381,1
140166426,1003,422381,1
3578650466,10720,422381,1
3578650466,10721,422381,1
3578650466,10722,422381,1
4596040572,1877,422381,1
4596040572,1003,422381,1
4596040572,10723,422381,1
42777690,10724,422381,1
42777690,10725,422381,1
263060563,1003,422381,1
21681412,1003,422381,1
68504178,1003,422381,1
38309768,1003,422381,1
333448200,1003,422381,1
248043727,10726,422381,1
248043727,1003,422381,1
799708890791178240,3774,422381,1
799708890791178240,6371,422381,1
799708890791178240,3392,422381,1
799708890791178240,3390,422381,1
251776220,1986,422381,1
251776220,10727,422381,1
24472395,1637,422381,1
24472395,1003,422381,1
24472395,2913,422381,1
24472395,1350,422381,1
35162752,1003,422381,1
199409228,10728,422381,2
199409228,8716,422381,2
199409228,10729,422381,2
199409228,10730,422381,2
199409228,10731,422381,2
199409228,1003,422381,2
199409228,10732,422381,2
209251530,1003,422381,1
15673984,1003,422381,1
15673984,1404,422381,1
45775466,1818,422381,1
45775466,10733,422381,1
45775466,7913,422381,1
45775466,2083,422381,1
45775466,10124,422381,1
45775466,4158,422381,1
227767298,1003,422381,2
227767298,10734,422381,1
1180025371,1941,422381,1
1180025371,1016,422381,2
14089015,1003,422381,1
15595316,1104,422381,1
15595316,1003,422381,1
16037932,1003,422381,1
77134574,1003,422381,1
38590978,1003,422381,1
42495288,1003,422381,1
42495288,5467,422381,1
744731173,1003,422381,1
32162056,1003,422381,1
623501088,1003,422381,1
44200722,1003,422381,1
44200722,10735,422381,1
44200722,10736,422381,1
44200722,10737,422381,1
237514324,1003,422381,1
237514324,2627,422381,1
237514324,10738,422381,1
237514324,2249,422381,1
29949380,1003,422381,2
3269669156,1003,422381,1
2992263956,1003,422381,1
2992263956,1549,422381,1
185450428,10739,422381,1
185450428,1254,422381,1
185450428,9192,422381,1
23723001,1003,422381,1
66450663,1003,422381,1
442061093,10740,422381,1
442061093,1003,422381,1
29949380,2196,422381,1
29949380,1903,422381,1
29949380,1520,422381,1
51027123,1003,422381,1
14189654,10741,422381,1
14189654,2561,422381,1
540199801,1003,422381,1
540199801,10742,422381,1
540199801,10743,422381,1
2749917315,1003,422381,1
370494816,1003,422381,1
370494816,10744,422381,1
179682563,3779,422381,1
16222346,10745,422381,1
16222346,10746,422381,1
16222346,4156,422381,1
16222346,10747,422381,1
16222346,10748,422381,1
16222346,1608,422381,1
16222346,9940,422381,1
16222346,1264,422381,1
16222346,3041,422381,1
16222346,10749,422381,1
7691312,1003,422381,1
7691312,2522,422381,1
7691312,10750,422381,1
7691312,10751,422381,1
147015278,1003,422381,1
941193330666258432,1734,422381,1
941193330666258432,2185,422381,1
941193330666258432,1003,422381,1
1135447002,1003,422381,1
1135447002,1027,422381,1
1135447002,4257,422381,1
162805587,2163,422381,2
162805587,2164,422381,2
162805587,10752,422381,2
42041877,1003,422381,1
22405339,1003,422381,1
22405339,1126,422381,1
22405339,1060,422381,1
23092382,6290,422381,1
23092382,8120,422381,1
23092382,1104,422381,1
162805587,2165,422381,1
162805587,10753,422381,1
162805587,10754,422381,1
436143424,1003,422381,1
1250420450,1003,422381,1
1250420450,2307,422381,1
227767298,10755,422381,1
22405339,1104,422381,1
2898008660,1003,422381,1
2898008660,1532,422381,1
2898008660,1533,422381,1
2898008660,1534,422381,1
106967797,4231,422381,2
106967797,1404,422381,2
106967797,10756,422381,2
106967797,3978,422381,2
106967797,1039,422381,2
106967797,4664,422381,1
106967797,10757,422381,1
106967797,2663,422381,2
121833815,1003,422381,1
20705041,1925,422381,1
20705041,2945,422381,1
20705041,10285,422381,1
20705041,1472,422381,1
799708890791178240,10758,422381,1
799708890791178240,10759,422381,1
799708890791178240,7996,422381,1
799708890791178240,8885,422381,1
799708890791178240,1588,422381,1
799708890791178240,3965,422381,1
22054705,10760,422381,1
22054705,1105,422381,1
22054705,2707,422381,1
22054705,10761,422381,1
224139577,1003,422381,1
91044313,1689,422381,1
91044313,1692,422381,1
91044313,1003,422381,1
19712236,1003,422381,1
59244159,1003,422381,1
19779135,10762,422381,1
19779135,10763,422381,1
19779135,10764,422381,1
19779135,1003,422381,1
19779135,10765,422381,1
19779135,10766,422381,1
16574620,2954,422381,1
16574620,5294,422381,1
16574620,5295,422381,1
16574620,5296,422381,1
16574620,9618,422381,1
1253920526,10767,422381,1
1253920526,10768,422381,1
1253920526,10769,422381,1
1253920526,10770,422381,1
1253920526,10771,422381,1
1253920526,1399,422381,1
1253920526,10772,422381,1
1253920526,10773,422381,1
580497335,1003,422381,1
580497335,10774,422381,1
106967797,8425,422381,1
106967797,4786,422381,1
4641015253,1003,422381,1
4641015253,10775,422381,1
18256685,1928,422381,1
18256685,1003,422381,1
18256685,10776,422381,1
18256685,10777,422381,1
188684410,4609,422381,1
188684410,1568,422381,1
188684410,1578,422381,1
398195550,1003,422381,1
110499296,1559,422381,1
110499296,1003,422381,1
110499296,1210,422381,1
110499296,10778,422381,1
110499296,6523,422381,1
1440080214,1003,422381,1
42666285,10441,422382,1
42666285,10442,422382,1
42666285,10443,422382,1
42666285,10440,422382,1
544011986,1003,422382,1
25337485,1003,422382,1
792646909,1003,422382,1
20651924,2323,422382,1
20651924,1392,422382,1
20651924,10779,422382,1
20651924,10780,422382,1
20651924,10781,422382,1
20651924,1003,422382,1
20651924,3521,422382,1
366342563,1003,422382,1
106967797,10782,422382,2
106967797,1404,422382,2
106967797,3978,422382,2
106967797,1890,422382,1
106967797,10756,422382,2
106967797,2292,422382,1
106967797,10783,422382,1
66277268,1003,422382,1
45775466,1692,422382,1
45775466,8269,422382,1
45775466,1762,422382,1
45775466,1003,422382,1
45775466,1126,422382,1
41291189,1003,422382,1
41291189,10784,422382,1
41291189,8975,422382,1
41291189,10785,422382,1
48108186,1003,422382,1
71700647,1003,422382,1
35647871,1003,422382,1
187316135,1003,422382,1
712037340319981569,1003,422382,1
712037340319981569,2275,422382,1
712037340319981569,9114,422382,1
712037340319981569,1126,422382,1
214656189,1003,422382,1
28048291,1003,422382,1
83662371,1003,422382,1
83662371,2057,422382,1
83662371,1692,422382,1
83662371,2249,422382,1
25850386,10786,422382,1
25850386,10787,422382,1
115240486,1003,422382,1
115240486,10788,422382,1
115240486,10789,422382,1
2802229116,1003,422382,1
106967797,1003,422382,1
106967797,1403,422382,1
246359080,1003,422382,1
2533322942,1003,422382,1
2533322942,1027,422382,1
2533322942,10790,422382,1
2533322942,10319,422382,1
3305688459,1003,422382,1
15601166,1003,422382,1
15601166,10791,422382,1
18086437,1003,422382,1
42934269,1003,422382,1
19779135,1648,422382,1
19779135,4175,422382,1
19779135,4678,422382,1
19779135,1062,422382,1
19779135,10792,422382,1
19779135,10793,422382,1
712037340319981569,10794,422382,1
712037340319981569,6392,422382,1
712037340319981569,10795,422382,1
966580783,1003,422382,1
277816850,1003,422382,1
20385424,9561,422382,1
20385424,1003,422382,1
1180025371,1591,422382,1
1180025371,1016,422382,24
22756869,1003,422382,1
22756869,1627,422382,1
22756869,2234,422382,1
1133071056,1003,422382,1
1180025371,10796,422382,8
1180025371,10797,422382,2
1180025371,1259,422382,2
46827274,10798,422382,1
46827274,10799,422382,1
46827274,1003,422382,1
46827274,1688,422382,1
355105375,1003,422382,1
215499281,10800,422382,1
215499281,10801,422382,1
44035310,1003,422382,1
44035310,10802,422382,1
44035310,2287,422382,1
44035310,10803,422382,1
14089015,9625,422382,1
14089015,10804,422382,1
14089015,10805,422382,1
14089015,10806,422382,1
14089015,10807,422382,1
14089015,10808,422382,1
14089015,10809,422382,1
14089015,10810,422382,1
459072363,1003,422382,1
27574314,10811,422382,1
27574314,10812,422382,1
27574314,5044,422382,1
27574314,10813,422382,1
46579270,10814,422382,1
46579270,1003,422382,1
46579270,8970,422382,1
19514770,1003,422382,1
10084502,1003,422382,1
10084502,10815,422382,1
1180025371,10816,422382,6
481571904,1003,422382,1
481571904,10817,422382,1
14280731,1003,422382,1
14280731,1325,422382,1
524041061,10818,422382,1
459704526,1003,422382,1
78188422,1003,422383,1
42666285,10440,422383,1
42666285,10441,422383,1
42666285,10514,422383,1
42666285,10442,422383,1
153906947,10819,422383,1
153906947,1003,422383,1
586625807,1003,422383,1
23559911,4039,422383,12
23644966,3777,422383,1
23644966,3778,422383,1
166762827,1003,422383,1
52217126,1003,422383,1
188684410,10820,422383,1
188684410,10821,422383,1
188684410,10822,422383,1
188684410,1562,422383,1
188684410,10823,422383,1
41689353,1003,422383,1
41689353,10824,422383,1
23559911,6904,422383,1
23559911,10825,422383,1
1180025371,1016,422383,3
373038991,10826,422383,1
373038991,10827,422383,1
373038991,10828,422383,1
110499296,1287,422383,1
110499296,1936,422383,1
188684410,1579,422383,1
188684410,1580,422383,1
188684410,7199,422383,1
23559911,10829,422383,1
23559911,10830,422383,8
110499296,1648,422383,1
110499296,5389,422383,1
110499296,4002,422383,1
110499296,10831,422383,1
110499296,10832,422383,1
110499296,10833,422383,1
23559911,6418,422383,5
23559911,3235,422383,3
23559911,10834,422383,1
518205608,1003,422383,1
23559911,3141,422383,1
23559911,3026,422383,1
23559911,1269,422383,1
23559911,4099,422383,1
23559911,10835,422383,1
629676359,1003,422383,1
274114311,1627,422383,1
274114311,1003,422383,1
274114311,10836,422383,1
348307387,1538,422383,1
348307387,1125,422383,1
23559911,10837,422383,1
23559911,4107,422383,2
23559911,10838,422383,1
2948935092,1003,422383,1
23644966,1003,422383,1
23559911,1003,422383,1
48108186,1003,422383,1
83662371,1941,422383,1
83662371,10839,422383,1
561776083,1003,422383,1
2424016626,1003,422383,1
29776821,1648,422383,1
29776821,1003,422383,1
971515956,1003,422383,1
971515956,1648,422383,1
971515956,10840,422383,1
971515956,1254,422383,1
971515956,2537,422383,1
1365241831,1003,422383,1
1365241831,10841,422383,1
1365241831,3068,422383,1
1365241831,1126,422383,1
1365241831,1555,422383,1
1365241831,1919,422383,1
158284320,7242,422383,1
206506178,10842,422383,1
206506178,2065,422383,1
35762101,1003,422383,1
35762101,1126,422383,1
35762101,3194,422383,1
2245603687,1003,422383,1
2245603687,1654,422383,1
2245603687,10843,422383,1
2245603687,10844,422383,1
452542451,1003,422383,1
452542451,1643,422383,1
188684410,10845,422384,1
188684410,10846,422384,1
188684410,3142,422384,1
188684410,10847,422384,1
188684410,10848,422384,1
188684410,1584,422384,1
188684410,10849,422384,1
188684410,10850,422384,1
188684410,3808,422384,1
188684410,4963,422384,1
188684410,10851,422384,1
188684410,10852,422384,1
42666285,10442,422384,1
42666285,10443,422384,1
42666285,10441,422384,1
42666285,10440,422384,1
42666285,10514,422384,1
188684410,2774,422384,1
188684410,1562,422384,2
188684410,10527,422384,1
188684410,1568,422384,1
188684410,10853,422384,1
1180025371,10671,422384,2
1180025371,10697,422384,2
1180025371,10609,422384,2
1180025371,10797,422384,2
516801659,10854,422384,1
516801659,10855,422384,1
516801659,10856,422384,1
516801659,8920,422384,1
516801659,6548,422384,1
19902649,1003,422384,1
1180025371,1259,422384,1
21931325,1003,422384,1
21931325,10857,422384,1
21931325,10858,422384,1
21931325,2773,422384,1
21931325,10859,422384,1
23559911,8261,422384,1
158284320,1003,422384,1
23559911,10829,422384,1
23559911,10830,422384,2
23559911,4039,422384,2
29949380,10860,422384,1
29949380,1003,422384,5
29949380,1903,422384,5
29949380,10861,422384,1
29949380,1520,422384,3
27822518,10862,422384,1
27822518,10202,422384,1
29949380,10863,422384,1
15951349,1001,422384,1
15951349,1003,422384,1
1421876382,1003,422384,1
1421876382,10864,422384,1
29949380,10865,422384,1
19614017,7518,422384,1
390641266,2954,422384,1
390641266,1372,422384,1
390641266,1373,422384,1
390641266,1374,422384,1
390641266,1375,422384,1
29949380,10866,422384,1
19614017,2081,422384,2
19614017,1003,422384,2
1180025371,1001,422384,1
1180025371,1016,422384,1
42666285,10443,422385,1
42666285,10440,422385,1
42666285,10514,422385,1
42666285,10442,422385,1
42666285,10441,422385,1
2183619445,1003,422385,1
331987882,1003,422385,1
331987882,10867,422385,1
331987882,10523,422385,1
54813581,1804,422385,1
227767298,1003,422385,4
30772359,1003,422385,1
1180025371,2810,422385,1
1180025371,1016,422385,5
1180025371,10697,422385,1
1180025371,10671,422385,1
1180025371,10816,422385,1
1180025371,10868,422385,1
1180025371,1847,422385,1
1180025371,10609,422385,1
1180025371,10869,422385,1
27932765,1937,422385,1
27932765,10870,422385,1
227767298,10871,422385,1
42666285,10442,422386,1
42666285,10443,422386,1
42666285,10514,422386,1
42666285,10440,422386,1
1180025371,1016,422386,23
1180025371,10872,422386,1
4062603193,1003,422386,1
4062603193,10873,422386,1
54813581,2697,422386,1
54813581,7964,422386,1
54813581,6471,422386,1
54813581,6473,422386,1
224064154,1280,422386,2
224064154,3731,422386,2
247327007,1003,422386,1
1180025371,1259,422386,2
2155897448,7216,422386,1
2155897448,7219,422386,1
2155897448,7218,422386,1
2155897448,7217,422386,1
223602236,1003,422386,1
188684410,1004,422386,1
188684410,7208,422386,1
188684410,2371,422386,2
188684410,3186,422386,1
188684410,3820,422386,1
188684410,4971,422386,1
188684410,4972,422386,2
188684410,1567,422386,1
188684410,10874,422386,1
188684410,10875,422386,1
188684410,2774,422386,1
188684410,10603,422386,1
188684410,10527,422386,1
188684410,1512,422386,1
1180025371,10876,422386,1
1400802510,10877,422386,1
1180025371,10671,422386,1
983910462,1003,422386,1
42666285,10441,422387,1
42666285,10442,422387,1
42666285,10443,422387,1
42666285,10514,422387,1
42666285,10440,422387,1
16966202,2207,422387,1
16966202,10878,422387,1
16966202,10879,422387,1
1058520127,1003,422387,1
1180025371,10880,422387,1
1180025371,1016,422387,12
1180025371,7365,422387,1
102093426,10881,422387,1
102093426,1658,422387,1
188684410,2978,422387,1
188684410,10882,422387,1
188684410,2371,422387,1
188684410,3186,422387,1
188684410,3820,422387,1
188684410,4973,422387,1
15957273,1104,422387,1
15957273,1003,422387,1
33104009,10883,422387,1
188684410,1562,422387,1
188684410,10884,422387,1
3040469950,1674,422387,1
3040469950,7197,422387,1
3040469950,1186,422387,1
3040469950,1662,422387,1
3040469950,1403,422387,1
434235634,10798,422387,1
434235634,10885,422387,1
434235634,8817,422387,1
434235634,1994,422387,1
434235634,2638,422387,1
434235634,4664,422387,1
434235634,10886,422387,1
1180025371,1259,422387,1
939166746,9128,422387,1
939166746,10887,422387,1
939166746,10888,422387,1
939166746,6676,422387,1
939166746,1003,422387,1
1180025371,10889,422387,2
24614057,10890,422387,1
15251590,10891,422387,1
15251590,1003,422387,1
1180025371,10797,422387,1
42666285,10441,422388,1
42666285,10514,422388,1
42666285,10442,422388,1
42666285,10443,422388,1
42666285,10440,422388,1
2196449497,1003,422388,1
1180025371,10697,422388,2
1180025371,10892,422388,2
1180025371,7365,422388,2
1180025371,10868,422388,2
1180025371,10816,422388,1
40658194,5307,422388,1
40658194,10893,422388,1
27918931,8725,422388,1
27918931,10894,422388,1
150620349,10895,422388,1
150620349,1271,422388,1
150620349,1272,422388,1
935908393805602816,10896,422388,1
935908393805602816,10897,422388,1
452483362,3333,422388,1
452483362,1826,422388,1
452483362,10898,422388,1
452483362,4210,422388,1
452483362,4211,422388,1
452483362,4212,422388,1
25316500,10899,422388,1
1180025371,1016,422388,15
1180025371,1259,422388,2
1180025371,10900,422388,1
718777780364800000,1962,422388,1
15673984,10901,422388,1
262216184,2011,422388,1
262216184,7365,422388,1
262216184,7213,422388,1
262216184,3334,422388,1
262216184,1903,422388,1
262216184,2432,422388,1
262216184,2433,422388,1
1180025371,7340,422388,1
106383181,1003,422388,1
62583356,10902,422388,1
62583356,1940,422388,1
62583356,1104,422388,1
166323176,10903,422388,1
166323176,10904,422388,1
166323176,10905,422388,1
166323176,7398,422388,1
539250502,1003,422388,1
539250502,10906,422388,1
539250502,10907,422388,1
539250502,10908,422388,1
539250502,10909,422388,1
539250502,1471,422388,1
2664905477,10910,422388,1
2664905477,10911,422388,1
4397198248,1003,422388,1
42666285,5050,422389,1
42666285,10514,422389,1
42666285,10441,422389,1
42666285,10440,422389,1
42666285,10442,422389,1
42666285,10443,422389,1
3318266650,2954,422389,1
3318266650,7213,422389,1
3318266650,10912,422389,1
19742620,1003,422389,1
1315286089,1003,422389,1
1315286089,10913,422389,1
2992263956,7531,422389,1
2992263956,4327,422389,1
2992263956,2012,422389,1
2992263956,4599,422389,1
536838736,3335,422389,1
536838736,1823,422389,2
536838736,1079,422389,2
536838736,1824,422389,2
536838736,3336,422389,1
94839619,10914,422389,1
795650513257791488,1764,422389,1
795650513257791488,10915,422389,1
795650513257791488,10916,422389,1
795650513257791488,3353,422389,1
795650513257791488,7213,422389,1
338400068,10917,422389,1
939166746,9128,422389,2
939166746,10887,422389,2
939166746,10888,422389,2
939166746,6676,422389,2
939166746,1003,422389,2
113445843,6651,422389,1
113445843,1760,422389,1
3379816012,1003,422389,1
1180025371,1016,422389,14
1180025371,10918,422389,7
1180025371,1259,422389,3
15251590,3852,422389,1
15251590,10919,422389,1
1180025371,10920,422389,5
889605598886715392,2444,422389,1
708056279793725441,6524,422389,1
708056279793725441,1189,422389,1
708056279793725441,10921,422389,1
708056279793725441,10922,422389,1
708056279793725441,10923,422389,1
708056279793725441,10924,422389,1
503911925,7214,422389,1
353260069,10925,422389,1
353260069,1003,422389,1
353260069,1027,422389,1
20350290,10926,422389,1
34842373,1003,422389,1
3072860086,10927,422389,1
3072860086,8986,422389,1
3072860086,10928,422389,1
3072860086,10929,422389,1
29802659,2954,422389,1
29802659,1325,422389,1
29802659,2858,422389,1
29802659,6290,422389,1
872881071771324416,8221,422389,1
872881071771324416,10930,422389,1
23990095,2758,422389,1
3040469950,1674,422389,1
3040469950,9406,422389,1
3040469950,1403,422389,1
181991754,10931,422389,2
181991754,1306,422389,1
3011460057,1003,422389,1
1180025371,10932,422389,1
162805587,2658,422389,1
2349257468,10933,422389,1
2349257468,10934,422389,1
2349257468,9501,422389,1
3086338765,1247,422389,1
3086338765,1248,422389,1
3086338765,1249,422389,1
95348384,3385,422389,1
95348384,1003,422389,1
2349257468,10935,422389,1
2349257468,10936,422389,1
42672594,1003,422389,1
42672594,2201,422389,1
42672594,5276,422389,1
42672594,1785,422389,1
42672594,1685,422389,1
280263981,2799,422389,1
280263981,2114,422389,1
340050662,1003,422389,1
340050662,10937,422389,1
340050662,10938,422389,1
181991754,1062,422389,2
181991754,10939,422389,1
181991754,1677,422389,2
63600869,1003,422389,1
25773351,1003,422389,1
21826629,1003,422389,1
21826629,10940,422389,1
36150464,1773,422389,1
36150464,10941,422389,1
536838736,10942,422389,1
536838736,10943,422389,1
217803965,1003,422389,1
217803965,10944,422389,1
217803965,10945,422389,1
217803965,1854,422389,1
217803965,1062,422389,1
217803965,4675,422389,1
42666285,10441,422390,1
42666285,10440,422390,1
42666285,10442,422390,1
42666285,10514,422390,1
969198575967186944,10946,422390,1
1180025371,10892,422390,2
1180025371,10918,422390,2
1180025371,10697,422390,2
1180025371,10947,422390,2
1180025371,7365,422390,2
297744434,1003,422390,1
23990095,1003,422390,1
269567706,2288,422390,1
269567706,10948,422390,1
269567706,10949,422390,1
2382992022,6636,422390,1
1137616350,10950,422390,1
154787745,9770,422390,1
154787745,10951,422390,1
154787745,1813,422390,1
154787745,1814,422390,1
154787745,1909,422390,1
772437134,10952,422390,1
772437134,5804,422390,1
69405550,4381,422390,1
1180025371,1016,422390,6
19640448,10953,422390,1
19640448,10954,422390,1
19640448,5430,422390,1
19640448,10955,422390,1
19640448,10956,422390,1
19640448,10957,422390,1
485875060,10958,422390,1
485875060,10959,422390,2
485875060,10960,422390,1
536838736,5091,422390,1
536838736,10961,422390,1
536838736,10962,422390,1
536838736,7745,422390,1
536838736,1823,422390,1
536838736,1079,422390,1
536838736,1824,422390,1
485875060,10963,422390,1
99982506,4419,422390,1
38131630,1003,422390,1
70992070,1003,422390,2
70992070,2494,422390,1
70992070,10964,422390,2
70992070,2439,422390,1
70992070,4309,422390,1
70992070,1062,422390,1
70992070,1126,422390,1
23189306,2578,422390,1
23189306,2954,422390,1
2858164880,7242,422390,1
102989235,10965,422390,1
31482548,10966,422390,1
31482548,10967,422390,1
31482548,10968,422390,1
61582856,1003,422390,1
52074813,1003,422390,1
52074813,10969,422390,1
1481353266,10970,422390,1
421480678,5936,422390,1
421480678,1749,422390,1
421480678,10971,422390,1
632783295,10972,422390,1
162805587,1786,422390,1
162805587,2135,422390,1
162805587,5342,422390,1
162805587,5343,422390,1
162805587,5344,422390,1
839557949626413056,1003,422390,1
839557949626413056,1001,422390,1
839557949626413056,10973,422390,1
839557949626413056,2433,422390,1
839557949626413056,2696,422390,1
1849974224,10974,422390,1
1849974224,10975,422390,1
1849974224,9111,422390,1
1849974224,5999,422390,1
1849974224,10976,422390,1
388400130,1003,422390,1
1180025371,10977,422390,1
116072145,1308,422390,1
22324461,3807,422390,1
20827634,1003,422390,1
24548712,1003,422390,1
821942989778026496,1241,422390,2
162805587,2117,422390,1
162805587,7148,422390,1
162805587,7239,422390,1
162805587,7240,422390,1
821942989778026496,1176,422390,1
821942989778026496,1240,422390,1
821942989778026496,1242,422390,1
15831762,1003,422390,1
42666285,10514,422391,1
42666285,10441,422391,1
42666285,10442,422391,1
42666285,10440,422391,1
42666285,10443,422391,1
181991754,1306,422391,1
181991754,1163,422391,1
181991754,1677,422391,1
7691312,10978,422391,1
7691312,10979,422391,1
7691312,5290,422391,1
7691312,10980,422391,1
7691312,10981,422391,1
162805587,7754,422391,1
162805587,7756,422391,1
162805587,7447,422391,1
181991754,1622,422391,1
3633409033,1003,422391,1
24548712,1003,422391,1
427683210,10982,422391,1
427683210,2095,422391,4
427683210,10983,422391,4
427683210,1356,422391,4
427683210,1357,422391,4
59888158,7222,422391,1
59888158,7223,422391,1
821942989778026496,1176,422391,4
821942989778026496,1240,422391,4
821942989778026496,1241,422391,3
2691882793,8819,422391,1
2691882793,8837,422391,1
2691882793,10984,422391,1
2691882793,1263,422391,1
2691882793,10985,422391,2
2691882793,7413,422391,1
2691882793,3577,422391,1
2691882793,5859,422391,1
2691882793,8838,422391,1
116072145,10986,422391,1
116072145,1308,422391,1
116072145,1003,422391,1
2797274671,1885,422391,2
2797274671,10987,422391,1
2797274671,10988,422391,1
2797274671,2279,422391,1
2797274671,1085,422391,3
2797274671,5265,422391,1
2797274671,2078,422391,1
55075435,10989,422391,1
35280003,2954,422391,1
35280003,1003,422391,1
2848744601,1104,422391,1
2797274671,10990,422391,1
2797274671,1003,422391,1
2797274671,1991,422391,3
2797274671,5048,422391,3
2964817577,1676,422391,1
1180025371,1016,422391,4
1141651788,1826,422391,1
944278730955948032,1003,422391,1
944278730955948032,1027,422391,1
30020669,4977,422391,1
30020669,2444,422391,1
30020669,4978,422391,1
30020669,4979,422391,1
30020669,1263,422391,1
30020669,4980,422391,1
2797274671,10991,422391,2
2797274671,10992,422391,2
2797274671,10993,422391,2
427683210,1358,422391,3
353194903,5479,422391,1
353194903,9593,422391,1
55075435,8060,422391,1
303281594,1648,422391,1
303281594,6753,422391,1
303281594,7024,422391,1
303281594,10994,422391,1
1411601900,1847,422391,1
1411601900,1003,422391,1
1180025371,10995,422391,1
16035795,6492,422391,1
16035795,10996,422391,1
16035795,10997,422391,1
3045470592,1003,422391,1
18531506,1186,422391,1
18531506,7213,422391,1
18531506,7968,422391,1
18531506,4327,422391,1
18531506,5790,422391,1
42666285,10443,422392,1
42666285,10514,422392,1
42666285,10442,422392,1
42666285,10441,422392,1
42666285,10440,422392,1
821942989778026496,1176,422392,3
142746137,10998,422392,1
181991754,10999,422392,1
181991754,1307,422392,2
467801753,11000,422392,1
467801753,11001,422392,1
467801753,11002,422392,1
467801753,11003,422392,1
22096419,1104,422392,1
2382992022,1983,422392,1
2382992022,3413,422392,1
2382992022,3693,422392,1
2382992022,3412,422392,1
55060987,11004,422392,1
55060987,11005,422392,1
55060987,11006,422392,1
55060987,11007,422392,1
2827256384,10571,422392,2
2827256384,11008,422392,2
2827256384,11009,422392,1
23522635,11010,422392,1
23522635,11011,422392,1
289144907,1003,422392,1
1180025371,1016,422392,2
14051891,11012,422392,1
14051891,11013,422392,1
14051891,11014,422392,1
14051891,4499,422392,1
821942989778026496,1240,422392,2
821942989778026496,1241,422392,1
227767298,1003,422392,1
25902007,11015,422392,2
25902007,11016,422392,2
25902007,1003,422392,2
123746185,11017,422392,1
123746185,4477,422392,1
181991754,1677,422392,1
536838736,11018,422392,1
414194978,11015,422392,1
414194978,11016,422392,1
414194978,1003,422392,1
1180025371,10892,422392,2
1180025371,10697,422392,2
1180025371,7340,422392,2
1180025371,10947,422392,2
1180025371,7365,422392,2
245818918,7235,422392,1
245818918,11019,422392,1
25073406,1003,422392,1
25073406,1859,422392,1
224360113,1003,422392,1
1375162080,4466,422392,1
1375162080,4467,422392,1
1375162080,2888,422392,1
2308212777,6606,422392,1
2308212777,11020,422392,1
2412963571,1003,422392,1
2412963571,11021,422392,1
425847022,1003,422392,1
27822518,11022,422392,1
556135207,10900,422392,1
556135207,1001,422392,1
556135207,11023,422392,1
556135207,11024,422392,1
556135207,11025,422392,1
556135207,11026,422392,1
15072282,11010,422392,1
15072282,7365,422392,1
75642091,11027,422392,1
2484633715,11028,422392,1
2484633715,11029,422392,1
2484633715,11030,422392,1
2484633715,11031,422392,1
2484633715,11032,422392,1
2484633715,1003,422392,1
2484633715,11033,422392,1
729637921,11034,422392,1
729637921,2447,422392,1
31553533,1343,422392,1
2827256384,2683,422392,1
2827256384,2073,422392,1
1180025371,1259,422392,1
55348953,10119,422392,1
42777690,11035,422392,1
42777690,11036,422392,1
427683210,11037,422392,1
158284320,7242,422392,2
427683210,4711,422392,1
427683210,2095,422392,1
427683210,10983,422392,1
427683210,11038,422392,1
427683210,1356,422392,1
427683210,1357,422392,1
42495288,11039,422392,1
42495288,11040,422392,1
42495288,11041,422392,1
42666285,10514,422393,1
42666285,10440,422393,1
42666285,10443,422393,1
42666285,10442,422393,1
46776370,11042,422393,1
427683210,6353,422393,1
14985117,1003,422393,1
14985117,11043,422393,1
14985117,10347,422393,1
33220557,4743,422393,1
33220557,2906,422393,1
33220557,2907,422393,1
33220557,2908,422393,1
33220557,11044,422393,1
33220557,11045,422393,1
33220557,11046,422393,1
33220557,11047,422393,1
251776220,7955,422393,1
251776220,11048,422393,1
251776220,1044,422393,1
251776220,11049,422393,1
41823305,11050,422393,1
41823305,1287,422393,1
165585348,7213,422393,1
165585348,7235,422393,1
2395068026,11051,422393,1
2395068026,11052,422393,1
162805587,11053,422393,1
162805587,11054,422393,1
162805587,7149,422393,1
138895117,1003,422393,1
21708721,11055,422393,1
21708721,11056,422393,1
21708721,11057,422393,1
1375162080,6963,422393,1
21280370,2410,422393,1
21280370,1465,422393,1
28452313,1003,422393,1
34345320,1003,422393,1
960678293157560320,7213,422393,1
960678293157560320,4390,422393,1
1180025371,1016,422393,1
318106173,2012,422393,1
318106173,7213,422393,1
318106173,10311,422393,1
318106173,2574,422393,1
20705041,2945,422393,1
20705041,10285,422393,1
20705041,1472,422393,1
20705041,5926,422393,1
20705041,2948,422393,1
20705041,11058,422393,1
1311295693,11059,422393,1
1311295693,3027,422393,1
1311295693,11060,422393,1
1311295693,11061,422393,1
1311295693,11062,422393,1
1311295693,11063,422393,1
516801659,11064,422393,1
516801659,11065,422393,1
162805587,2723,422393,1
162805587,10997,422393,1
162805587,11066,422393,1
162805587,2138,422393,2
175161093,1679,422393,1
175161093,2012,422393,1
175161093,11067,422393,1
175161093,1944,422393,1
175161093,1864,422393,1
175161093,11068,422393,1
175161093,11069,422393,1
123859676,11070,422393,1
162805587,7340,422393,2
162805587,2135,422393,2
162805587,5342,422393,1
162805587,5343,422393,1
162805587,5344,422393,1
4471963881,1003,422393,1
227767298,1003,422393,1
162805587,2136,422393,1
162805587,2137,422393,1
109967020,3826,422393,1
631745715,1003,422393,1
65060651,1003,422393,1
65060651,11071,422393,1
65060651,5434,422393,1
22883681,11072,422393,1
22883681,1036,422393,1
22883681,3248,422393,1
2205826873,1965,422393,1
2205826873,11073,422393,1
2205826873,10795,422393,1
