Hashtag,Id
Political_Events,1000
PressforProgress,1001
Featured,1002
InternationalWomensDay,1003
RevolverBarWeHo,1004
rocgrowth,1005
ny1snow,1006
landroverdiscovery,1007
thundersnow,1008
TOTJUV,1009
IfIWereTheLastPersonOnEarth,1010
eyeroll,1011
ExtremeEyeroll,1012
puns,1013
everybodysfit,1014
mastertrainer,1015
trndnl,1016
gramyourgarden,1017
favoriteplant,1018
WCW,1019
winter,1020
storm,1021
OurTownLA,1022
futurefocused,1023
Latino,1024
oneofthosedays,1025
veganburger,1026
IWD2018,1027
creatyourfuture,1028
growthmindset,1029
WTFDTH,1030
TheDillonPose,1031
Muse,1032
ShineIncPhotography,1033
snowstorm,1034
instrumentorium,1035
music,1036
instrument,1037
collection,1038
snow,1039
bombshell,1040
ACCTourney,1041
felinefriend,1042
cat,1043
vtshane,1044
catlover,1045
catcuddles,1046
snowing,1047
thinkwhatyouwant,1048
ilivemytruth,1049
hatersgunnahate,1050
artisan,1051
grenada,1052
chocolate,1053
funnybunnies,1054
easterbasket,1055
Legacy,1056
MICDROPCITY,1057
bossbabe,1058
girlboss,1059
entrepreneur,1060
bosslady,1061
love,1062
fashion,1063
womeninbusiness,1064
internationalwomensday,1065
purple,1066
InquiringMindsWannaKnow,1067
JusSayin,1068
SorryNotSorry,1069
ThanksObama,1070
ImINFAMOUS,1071
YerDoinItWrong,1072
stunning,1073
stylish,1074
afforableluxury,1075
affordablejewelry,1076
youdeservethis,1077
badmadge,1078
badmadgeandcompany,1079
shoplocal,1080
shopsmall,1081
disneyboundchallenge,1082
Pixar,1083
Disgust,1084
insideout,1085
funny,1086
publicservice,1087
announcement,1088
CerealDay,1089
NationalBeHeardDay,1090
HumpDay,1091
sugar,1092
wednesday,1093
newmusic,1094
currentmood,1095
대박,1096
소통,1097
좋아요,1098
goodmusic,1099
hiphop,1100
오늘은,1101
fire,1102
SC,1103
Porsche,1104
Repost,1105
ATX,1106
texturestory,1107
CVG,1108
nimbleelsewhere,1109
nimbletraveledition,1110
tasteofnations,1111
freshflowers,1112
tattoo,1113
imlovinit,1114
iwd2018,1115
creativity,1116
IfIHadASuperpower,1117
harissa,1118
saffron,1119
Shrinkage,1120
naturalhair,1121
GlamourMANEia,1122
setlife,1123
bts,1124
valerielesliephoto,1125
selfportrait,1126
photography,1127
women,1128
theADRteam,1129
unstoppable,1130
service,1131
nycrealestate,1132
noreaster,1133
wind,1134
British,1135
blur,1136
Philly,1137
puppy,1138
boilerup,1139
womenshistorymonth,1140
hailpurdue,1141
jtmoore,1142
jtmooremiddleschool,1143
baseball,1144
pitcher,1145
ifundWomen,1146
crowdfunding,1147
blockchain,1148
crypto,1149
icon,1150
ico,1151
dirty30,1152
girlsquad,1153
msmae,1154
UnderPressure,1155
171IntiativeComplaint,1156
TheDrRon,1157
atlanta,1158
fit,1159
influencer,1160
body,1161
arms,1162
biceps,1163
triceps,1164
video,1165
instavideo,1166
brooklyn,1167
BBCAN6,1168
hexbug,1169
stem,1170
ThatsSoNotFakeNews,1171
tokensale,1172
CityOfAngels,1173
flowerpower,1174
snapchatfilter,1175
beautyblogger,1176
misskeyzbeautyreview,1177
Outlander,1178
1DayUntilNBTSVideo,1179
mani,1180
thatsuitsyou,1181
image,1182
choose,1183
facts,1184
real,1185
dienamicimage,1186
moodygrams,1187
mood,1188
vibes,1189
words,1190
truth,1191
thegoodquote,1192
obsessed,1193
linkinbio,1194
blogpost,1195
Riverdale,1196
grownish,1197
whiskey,1198
makersmark,1199
wcw,1200
smashbros,1201
dragonballfighterz,1202
fortnite,1203
videogame,1204
BRONCOS,1205
chair,1206
massage,1207
brewery,1208
tearsaway,1209
GetWithTheTrend,1210
StyledbyLaAirry,1211
Stylist,1212
Fashion,1213
Blogger,1214
Florida,1215
floridalife,1216
springready,1217
spring,1218
springtime,1219
wewantspring,1220
springstyle,1221
yumm,1222
snowday,1223
isitspringyet,1224
cheese,1225
grandmajonespepperjam,1226
childrensbooks,1227
LasCruces,1228
NewMexico,1229
NewMexicoLife,1230
NewMexicoTrue,1231
NewMexicoSur,1232
dogstagram,1233
USAvENG,1234
civicsnight,1235
danielsquadron,1236
futurenow,1237
palmspringsaerialtramway,1238
8516ft,1239
2595m,1240
bffsforlife,1241
onceamonth,1242
lovethislady,1243
loveforsam,1244
samheughan,1245
jamiefraser,1246
maker,1247
seisan,1248
ContinueYourTrainingWithPatience,1249
always,1250
library,1251
peabodylibrary,1252
traveling,1253
best,1254
valentines,1255
SocialMedia,1256
fashionstudio,1257
dtla,1258
dtlafashiondistrict,1259
lafashiondistrict,1260
labrand,1261
MyWrathIncludes,1262
Top3Apps,1263
WorldKidneyDay,1264
DayForWomensRightsAndInternationalPeace,1265
SnowDay,1266
palmsprings,1267
california,1268
art,1269
repost,1270
getwiththeprogramme,1271
waxwwednesday,1272
lions_avenue,1273
bestbeatmakersworld,1274
wine,1275
notfromhere,1276
boston,1277
massachusetts,1278
50usstates,1279
TheXFiles,1280
kimhoeltjecookies,1281
littlewomen,1282
Women,1283
Music,1284
Humanity,1285
Survive,1286
Mars,1287
columbusindiana,1288
soulcycle,1289
regrann,1290
911onFOX,1291
sushi,1292
takao,1293
thebest,1294
losangeles,1295
lol,1296
The9oclockMixtape,1297
allergies,1298
icantbreathe,1299
sinuses,1300
EndoCannabis,1301
Grownish,1302
FREEMEEK,1303
joyride,1304
airandstyle,1305
tinashe,1306
instagood,1307
vocals,1308
singers,1309
jam,1310
myjam,1311
joblove,1312
pilates,1313
teachertraining,1314
OneMinuteMotivation,1315
AJJacksonCoaching,1316
OoH,1317
TheSheDevilwithaSword,1318
datenight,1319
MaMaViP,1320
DaDViP,1321
TeamViP,1322
TheViPs,1323
DTHendo,1324
WaterStreetDistrict,1325
sheetmask,1326
BlackInkCrew,1327
THIRSTWEHO,1328
DJCARISMA,1329
DJALEXD_,1330
MinxD,1331
relaxmode,1332
stoked,1333
happy,1334
inlove,1335
familytime,1336
Redding,1337
businessandpleasure,1338
cherokeehill,1339
sunset,1340
plantbaseddrippin,1341
inverness,1342
florida,1343
lovefl,1344
views,1345
lakehenderson,1346
hamilton,1347
eduham,1348
TigerHeat,1349
GirlGroups,1350
pop,1351
batpig,1352
seniordog,1353
checkinforcharity,1354
vitamins4kids,1355
dna,1356
universe,1357
Shineyourlight,1358
easter,1359
nofilter,1360
Queenfest,1361
varietyshow,1362
author,1363
writing,1364
Amazon,1365
пиар,1366
пиаригра,1367
подписчики,1368
взаимнаяподписка,1369
лайк,1370
лайктайм,1371
овп,1372
bootsybellows,1373
andresrigal,1374
ollyw00d,1375
evitaparty,1376
PUMPED,1377
bravo,1378
beawarrior,1379
StarWarsRebels,1380
toweltuesday,1381
bipolar,1382
bipolardisorder,1383
did,1384
ptsd,1385
ChicagoPD100,1386
pesolosangeles,1387
streetwear,1388
urban,1389
style,1390
authentic,1391
NationalOreoDay,1392
HappyMail,1393
CeeCeesKids,1394
PrettyKids,1395
prettygirls,1396
LavaLamp,1397
GiveThanks,1398
humpday,1399
lights,1400
nifty,1401
halo,1402
angel,1403
angelonearth,1404
holy,1405
lighting,1406
Northeaster,1407
ShopNow,1408
fuckingchucky,1409
chucky,1410
power80,1411
powerfamily,1412
sweat,1413
NewYork,1414
NYC,1415
Snowday,1416
ramen,1417
WednesdayNightsInVegas,1418
classicjewellv,1419
GirlsWriteNowDay,1420
InternationalWorkingWomensDay,1421
Catfish,1422
ACSVersace,1423
HumpDayDraft,1424
GRATITUDE,1425
marchmatness,1426
doublelegstretch,1427
motherofedges,1428
philwrightchoreo,1429
CabotComedyOpenMic,1430
biggestbabyshower,1431
hikeitbabyutahcounty,1432
Dragon,1433
toddlerlife,1434
momlife,1435
rainbowbaby,1436
kindness,1437
kindred,1438
family,1439
mywhy,1440
alwaysandforever,1441
momof3,1442
momofboys,1443
fast,1444
backgammon,1445
dog,1446
teamwork,1447
Sahale,1448
KoreanBBQAlmonds,1449
DietPepsi,1450
roastedcarrots,1451
womansday,1452
newmusicalert,1453
hiphoptrip,1454
fishnet,1455
Swiss,1456
carrots,1457
firstcourse,1458
scrumptious,1459
Ema,1460
model,1461
gratitude,1462
focus,1463
journey,1464
reflection,1465
NordicMade,1466
startup,1467
Brooklyn,1468
nomediocre,1469
bakerbeach,1470
engagement,1471
weddingphotography,1472
Megatron,1473
enamelpin,1474
MalcolmX,1475
ElHajjMalikElShabazz,1476
FucktheNOI,1477
NationalCerealDay,1478
Food,1479
BITTER,1480
SnoopBeLike,1481
ubitchu,1482
90sIzBackAgain,1483
superherointraining,1484
fitfam,1485
fitness,1486
gym,1487
gymrat,1488
abs,1489
TourPrometo,1490
Puebla,1491
TourPrometoMéxico2018,1492
Pabloalboran,1493
OHSOTS,1494
LiveYourBestLife,1495
WomensDay,1496
coffeefix,1497
theblocla,1498
thebloc,1499
wearsthepants,1500
weirdwednesdays,1501
gospel,1502
posted,1503
fuckumean,1504
wbw,1505
deathbystereo,1506
TeamOmazeBA,1507
bushninjapark,1508
lentil,1509
soup,1510
dinner,1511
delicious,1512
SkyLine,1513
PhotoGrid,1514
surroundyourselfwithlove,1515
surroundyourselfwithgoodpeople,1516
beer,1517
LeahThompson,1518
NationalPeanutClusterDay,1519
grocerygames,1520
expowest,1521
expowest2018,1522
anaheim,1523
ca,1524
socal,1525
LA,1526
naturalfood,1527
RIPPrince,1528
DjLORD,1529
LetsGoCrazy,1530
Mood,1531
hashhouseagogo,1532
blt,1533
bloodymary,1534
POWER,1535
XMA,1536
laotzu,1537
sportyourstyle,1538
mitchtheman,1539
centurymartialarts,1540
NationalProofreadingDay,1541
womensmonth,1542
ILoveToEat,1543
FoodPorn,1544
Foodie,1545
FoodLover,1546
makeup,1547
motd,1548
eotd,1549
jeffreestarcosmetics,1550
katvondbeauty,1551
airspunpowder,1552
photooftheday,1553
awesome,1554
invited,1555
AliciaG,1556
interview,1557
missingthesun,1558
nosuninla,1559
beachbabe,1560
warmweatherplease,1561
TheJoelMcHaleShowWithJoelMcHale,1562
ladies,1563
girls,1564
SleepingBeauty,1565
MissCleoBeachCat,1566
CatInTheLap,1567
SantaMonica,1568
pressforprogress,1569
pourmoralstour,1570
sanfrancisco,1571
alternative,1572
nerdrock,1573
dialasong,1574
womenempowerment,1575
UnleashTheTwitterTrolls,1576
10KHOURSWATCHPARTY,1577
mickysweho,1578
hotrod,1579
fun,1580
gatorosso,1581
snatched_thursdays,1582
bar10weho,1583
rupaulsdragrace,1584
allstars3,1585
vh1,1586
kinggypsy,1587
morelove,1588
dreamcatcher,1589
omrec,1590
HappyHumpDay,1591
bashla,1592
starboyweho,1593
TheRageWeHo,1594
BFD,1595
mariodiazlovesyou,1596
kimpton,1597
vipbitch,1598
Kimpton,1599
LAPeerHotel,1600
now,1601
radiosilencetour,1602
hiphopyouretheloveofmylife,1603
netflix,1604
marvel,1605
superhero,1606
MoneyGrab,1607
IfTheBatCaveCouldTalk,1608
JessicaJones,1609
buildyourlegacy,1610
haveaplan,1611
tunnelvision,1612
selfconfidence,1613
youbetta,1614
walkofshame,1615
jogging,1616
alwaysthinking,1617
workoutclothes,1618
poem,1619
poet,1620
poems,1621
poets,1622
writer,1623
writ,1624
poemshare,1625
peasandcarrots,1626
sketch,1627
ink,1628
horror,1629
lamantia,1630
clever,1631
devil,1632
pretty,1633
fearful,1634
quoteofday,1635
quotes,1636
wordsofwisdom,1637
jamesbaldwin,1638
womensday,1639
wargagunung,1640
usa,1641
hollywood,1642
chinesetheatre,1643
feminism,1644
walkoffame,1645
vivalasvegas,1646
girlpower,1647
columbusin,1648
spin,1649
personaltraining,1650
indoorcycling,1651
powerofthewomen,1652
DiaInternacionaldelasMujeres,1653
DiaDeLaMujer,1654
MUM,1655
jewelry,1656
slay,1657
hustle,1658
paparazziway,1659
joinmyteam,1660
askmehow,1661
goforit,1662
happywomensday,1663
powerinnumbers,1664
nofilterneeded,1665
iwd,1666
HappyWomensDay,1667
ChickswithCheques,1668
TBT,1669
sunrise,1670
Álbum,1671
Prometo,1672
cancer,1673
BecauseSheIsAWoman,1674
throwbackthursday,1675
ThursdayThoughts,1676
NastyWoman,1677
HuelgaFeminista8M,1678
DailyCalm,1679
WithoutTheW,1680
wearpurple,1681
yearofthewoman,1682
wakeup,1683
slaygoals,1684
repeat,1685
Internationalwomensday,1686
dolcemoda,1687
WomenoftheWorld,1688
EleanorRoosevelt,1689
internationalwomensmonth,1690
bronx,1691
nyc,1692
NewWork,1693
DenzellTheodore,1694
AquariusMale,1695
NYFW,1696
MaleModels,1697
weareourchoices,1698
GMorning,1699
FearlessFocus,1700
ConsistentCourage,1701
goodmorning,1702
venezolanosemprendedores,1703
8deMarzo,1704
TeamJF,1705
jfgirls,1706
red,1707
equality,1708
phenomenalwoman,1709
international,1710
daughter,1711
mother,1712
wife,1713
sister,1714
grandmother,1715
Hope,1716
Progress,1717
Equality,1718
WomenOwned,1719
ChocolatierJulie,1720
mommyanddaughter,1721
edit,1722
nba,1723
allstar,1724
charlotte,1725
vsu,1726
vuu,1727
ncaa,1728
ncaabasketball,1729
LoNuestro,1730
awesomecon2018,1731
afterparty,1732
whoruntheworldgirls,1733
hustlehard,1734
GDWU,1735
chasingbeauty,1736
sunet,1737
inspiration,1738
igerslondon,1739
tbt,1740
achievements,1741
GIRLGANG,1742
Topliner,1743
Pianist,1744
Producer,1745
Multi_instrumentalist,1746
dallas,1747
texas,1748
encourage,1749
uplift,1750
NewFreezer,1751
LadyLeshurr,1752
ImLadyLeshurr,1753
GR1ME,1754
BRUM,1755
Youtube,1756
Soundcloud,1757
NuLeshurr,1758
womenrock,1759
strike,1760
doingnothing,1761
read,1762
pinotjohnscreek,1763
womenmaketheworldgoround,1764
rescuecatsofinstagram,1765
adoptdontshop,1766
cats,1767
catsofnyc,1768
anjelliclecatsrescue,1769
womansupportingwomen,1770
HH,1771
thursday,1772
thursdaymotivation,1773
mythoughts,1774
mindset,1775
thinking,1776
GOODMORNING,1777
INTERNATIONALWOMENSDAY,1778
CONNECTICUT,1779
FAIRFIELDCOUNTY,1780
NEWHAVENCOUNTY,1781
TFW,1782
classical,1783
monolgue,1784
audition,1785
forget,1786
TOMBOI,1787
TownleyGirl,1788
celebratewomen,1789
HappyInternationalWomensDay,1790
LoveManiffest,1791
faypieco,1792
ichooseyou,1793
alwayschooseyou,1794
doyou,1795
beyourself,1796
homehealth,1797
homehealthcare,1798
PT,1799
elderly,1800
oldnotweak,1801
flowers,1802
edibles,1803
yougogirl,1804
familiacruztucson,1805
RespectTheLadies,1806
womensrights,1807
ChocolatefortheSpirit,1808
MorningMood,1809
buildeachotherup,1810
unite,1811
shedaresgreatthings,1812
empowerment,1813
ThrowbackThursday,1814
Throwback,1815
itwasneveradress,1816
littlewildthings,1817
apressingconference,1818
Happy,1819
insprie,1820
internationalwomensday2018,1821
Louisville,1822
LaurenFaith,1823
LaurenKFaith,1824
LK,1825
LKFaith,1826
Rememberhername,1827
RadarRadio,1828
thefutureisfemale,1829
madisonbeer,1830
madisonbeerfanacc,1831
WOMEN,1832
youhavetime,1833
maketime,1834
selflove,1835
selfcare,1836
justdoit,1837
soul,1838
fearless,1839
determination,1840
ladypeeps,1841
Peeps,1842
Chics,1843
rompn,1844
local,1845
frown,1846
empoweringwomen,1847
grlpwr,1848
InternationalWomansDay,1849
femalefounders,1850
Mantra,1851
MantraBand,1852
MixedMetal,1853
GiftGivingSimplified,1854
ShopLocal,1855
CaldwellNJ,1856
myjourney,1857
motivation,1858
success,1859
inspirational,1860
rollerderby,1861
Harlem,1862
sports,1863
sheboss,1864
lovely,1865
beautifull,1866
아름다운,1867
여자,1868
사랑,1869
AD,1870
HoustonStyleMagazine,1871
MACYS,1872
clothesmentorvillapark,1873
celebrate,1874
ihglife,1875
SoWhatsGood,1876
PositiveThoughts,1877
GlobalQueens,1878
SXSW,1879
newhair,1880
bathroomselfie,1881
iammysisterskeeper,1882
history,1883
boybye,1884
20slayteen,1885
peace,1886
UpcomingEvents,1887
Atlanta,1888
YFNLucci,1889
updatethursday,1890
EndOperationStreamline,1891
strongwomen,1892
logophiles,1893
thirstythursday,1894
craftcocktails,1895
craftbeers,1896
foodies,1897
sunshine,1898
bartender,1899
NosotrasParamos,1900
NeverBeTheSameVideo,1901
ChildishGambino,1902
kdladies,1903
Confidencecoalition,1904
WomenAtAccorHotels,1905
WAAG,1906
AccorHotels,1907
homemade,1908
breakfast,1909
Whatelseistheretodo,1910
Snapchat,1911
goodideaatthetime,1912
respect,1913
ladybosses,1914
supportwomen,1915
menruinstuff,1916
drseussday,1917
powertothegirls,1918
comedy,1919
action,1920
crime,1921
IMDB,1922
dayofwomen,1923
womensmarch,1924
whyimarch,1925
march8th,1926
womenempowerwomen,1927
feminist,1928
PaintOlathe,1929
beeches,1930
MotoGuzzi,1931
chicago,1932
femmetribe,1933
MeghanMarkle,1934
togetherwerise,1935
wearewomen,1936
beauty,1937
engaged,1938
fusionwedding,1939
namethatstreet,1940
NOLA,1941
streettiles,1942
smile,1943
InternationalWomensday,1944
DreamsComeTrue,1945
FemaleGlobalRapper,1946
Vocalist,1947
LONDON,1948
HappyWomansDay,1949
HappyInternationalWomansDay,1950
ListenToTheUniverse,1951
Universe,1952
March8th,1953
march8,1954
keepriding,1955
thanks,1956
warriors,1957
playlikeagirl,1958
queenthings,1959
whatglassceiling,1960
thickthursday,1961
birthday,1962
heyheyhesamonkee,1963
womeninwine,1964
GIRLBOSS,1965
woman,1966
ilovewomen,1967
ilovewomans,1968
youday,1969
womensday2018,1970
shethinksbig,1971
ladieswhobrew,1972
homebrewing,1973
yoga,1974
NAISAC,1975
internatinalwomensday,1976
GeniusYoongiDay,1977
girlsrule,1978
NationalWomensDay,1979
world,1980
wearestrongertogether,1981
beautiful,1982
strong,1983
LEGACY,1984
HardToEarn,1985
RIPGuru,1986
Gangstarr,1987
HipHop,1988
JijiSweet,1989
wonderwomen,1990
michelleleestyles,1991
cinemagraph,1992
juicesociety,1993
goldengirl,1994
AnaïsNin,1995
AnaisNin,1996
FayStateEnglish,1997
sfgiants,1998
dontfollowthecrowd,1999
blazeyourowntrail,2000
AvaDuVernay,2001
StormReid,2002
OprahWinfrey,2003
IWD,2004
weruntheworld,2005
chiwomenmatter,2006
AFEfame,2007
beautifulgame,2008
friends,2009
breasties,2010
goat,2011
herotwins,2012
nativeamericansuperheroes,2013
nativeamericancomics,2014
AuntieP,2015
be,2016
proud,2017
spreadlove,2018
support,2019
circleoflife,2020
shit,2021
damn,2022
artistproblems,2023
ohwell,2024
becomeashewinker,2025
lashdoll,2026
lady,2027
bestfriend,2028
shesmyworld,2029
mermaid,2030
butterfly,2031
janewalker,2032
comics,2033
becauseofcomics,2034
thankyou,2035
football,2036
pbb2018,2037
freetailbrewing,2038
modeling,2039
freelancemodel,2040
altgirls,2041
alternativegirl,2042
intersectionality,2043
womanism,2044
brooklynbjj,2045
jiujitsu,2046
bjj,2047
raisinggirls,2048
werestrongAF,2049
werepowerful,2050
weresuperheroes,2051
lovemyjob,2052
ambeetious,2053
thursdays,2054
weekend,2055
doctorsoffice,2056
doc,2057
waiting,2058
crazy,2059
slow,2060
lifteachotherup,2061
staystrong,2062
mostinterestingwomanintheworld,2063
singleengineplane,2064
madamcjwalker,2065
MrStonerzIzRightAgain,2066
worldkidneyday,2067
day83,2068
womenwhowork,2069
accounting,2070
cpa,2071
thisiskrs,2072
rudra,2073
kaula,2074
mishra,2075
samaya,2076
thebronzeyogi,2077
yogaposer13,2078
KingTaeyeonDay,2079
fab5ville,2080
nashvegas,2081
preds,2082
toomuchfood,2083
fab5,2084
InternationalWomenDay,2085
localoffice,2086
happywomen,2087
ilovebeingawoman,2088
mercede1000,2089
DowntownSteGen,2090
BossBabe,2091
diadelamujer,2092
mujer,2093
womens,2094
igualdad,2095
diversity,2096
womensupportingwomen,2097
mujeres,2098
drlissa,2099
womenpower,2100
loveourgirls,2101
HortonTwins,2102
bestfriendSophia,2103
MOM,2104
grandma,2105
everything,2106
jaeslay,2107
boss,2108
womenowned,2109
NYWIFT,2110
workingmom,2111
femaleentrepreneur,2112
starwars,2113
plannedparenthood,2114
Womenshistorymonth,2115
Nyc,2116
DeJayé,2117
RowinAmone,2118
makeitagoodday,2119
togetherwearestrong,2120
larwig,2121
leadersoftoday,2122
timesup,2123
equalpay,2124
kimberlyloduca,2125
imaginaryfamous,2126
models,2127
modellife,2128
actor,2129
bigostop29countdown,2130
wce,2131
Her,2132
InternationWomensDay,2133
March,2134
PinnacleAward,2135
topsalesinrealestate,2136
fourth,2137
powerful,2138
wecandoit,2139
Easter,2140
DiaInternacionaldelaMUJER,2141
ImHavingFunWithThis,2142
makeamericakindagain,2143
giveuslibertyfromrump,2144
lockhimup,2145
impeach,2146
stonerzchoiceoftheday,2147
TeamFireInThisBitch,2148
dismantlepatriarchy,2149
itipextensions,2150
flattipextensions,2151
womenover50,2152
womenover40,2153
MrsStonerzBeLike,2154
MrGoldieLoc,2155
TheFutureisFemale,2156
bartz,2157
horns,2158
bull,2159
chicksrock,2160
WhereMyLadiesAt,2161
LadiesToTheFront,2162
AlphaChi,2163
AXO,2164
UNDProud,2165
brookehummel,2166
ICE,2167
throwback,2168
x4summit18,2169
NationalWomen,2170
Love,2171
GodUp,2172
DC,2173
Amen,2174
neverboring,2175
motherearth,2176
mothernature,2177
dirtylemon,2178
ginseng,2179
health,2180
nutrition,2181
greatbrands,2182
branding,2183
greatness,2184
beyourownbeauty,2185
womanempowerment,2186
Galactic,2187
JudyGarland,2188
notsorry,2189
SleekDaSongtress,2190
Musician,2191
LifeOfAnArtist,2192
MusicLifeStyle,2193
CBC,2194
SAMM,2195
ArtIsAWeapon,2196
SouthBronx,2197
MottHaven,2198
internationaljesusday,2199
StrongWomen,2200
FemalesAreStrongAsHell,2201
AlphaXiDelta,2202
Armory,2203
psychicmums,2204
strongmums,2205
wisewoman,2206
worth100,2207
you,2208
glow,2209
girl,2210
stronger,2211
womanpower,2212
angelofharlem,2213
BeSafe,2214
privatepicassos,2215
Art,2216
womenwealthwarriors,2217
shepherdsdoor,2218
FaithfullyFashionable,2219
wearestrong,2220
Hungry,2221
InTheKitchen,2222
PetititeButCanEat,2223
DidSomeOneSayBACON,2224
BreakfastAnytime,2225
glams,2226
UFHealth,2227
AZ,2228
weather,2229
wonderwoman,2230
changefood,2231
Pinhole,2232
daisylainu,2233
HOUSxSW,2234
bestever,2235
DiaInternacionalDeLaMujer,2236
LaMujerMásBella,2237
GrlStrng,2238
GrlPwr,2239
WomensHistoryMonth,2240
5WomenArtists,2241
Ciara,2242
SeattleSeahawks,2243
RussellWilson,2244
WERErealestare,2245
everyday,2246
beyou,2247
beglorious,2248
bagel,2249
yum,2250
creamcheese,2251
happyinternationalwomensday,2252
newsong,2253
wayfarers,2254
DragonsGoOrange,2255
queensfortheculture,2256
charlesandrethomas,2257
maryjblige,2258
qotd,2259
quote,2260
shirleychisholm,2261
mableton,2262
diveristy,2263
inclusion,2264
instantpot,2265
notinstapot,2266
Iamtrying,2267
fear,2268
failure,2269
life,2270
wecanandwewill,2271
Daily,2272
sipandsavor,2273
madebywomen,2274
honoringwomen,2275
opentoserveyou,2276
getittogether,2277
alpharetta,2278
homesforsale,2279
alpharettarealestate,2280
hardcoatstucco,2281
weareallequal,2282
DEADHOPE,2283
INA,2284
portrait,2285
counseling,2286
therapy,2287
anxiety,2288
depression,2289
stress,2290
trauma,2291
AAU,2292
AFAA,2293
MensHealth,2294
WomensHealth,2295
expressyourself,2296
standup,2297
fighter,2298
snowdog,2299
rva,2300
brothers,2301
acura,2302
wework,2303
wehavefun,2304
atwork,2305
jeffersonpark,2306
mygrandmother,2307
regroup,2308
lululemonscottsdale,2309
today,2310
TImeIsNow,2311
queen,2312
reina,2313
happyday,2314
celebrating,2315
threatquotient,2316
la,2317
staycuriousplz,2318
limitedtimeoffer,2319
nasty,2320
acceptance,2321
power,2322
Ancestors,2323
train,2324
coach,2325
sub,2326
teamnoexcuses,2327
traininsane,2328
knowyourworth,2329
knowthyself,2330
loveyourself,2331
pussypower,2332
brb,2333
mothers,2334
daughters,2335
sisters,2336
aunts,2337
elders,2338
grandmothers,2339
Mywoman,2340
humanrights,2341
loveislove,2342
nastywoman,2343
makethemlook,2344
honor,2345
PSNK,2346
ImStillHereBecause,2347
Homemade,2348
greekstyle,2349
pizza,2350
thehideout,2351
BMWX2,2352
rolemodels,2353
empower,2354
JediDay,2355
bikeathens,2356
thatsmywife,2357
myfavorite,2358
leadbyexample,2359
extralifeunited,2360
strongisthenewpretty,2361
FlatironDistrict,2362
Manhattan,2363
getsomecolor,2364
roc,2365
michelelauforqvc,2366
curating,2367
timeisnow,2368
DoBetter,2369
flipthezip,2370
everydayshouldbewomensday,2371
celebration,2372
WOE,2373
nayyirahwaheed,2374
newmom,2375
preggo,2376
themoonmanshop,2377
womenbehindthegames,2378
wrdsmth,2379
UNWomen,2380
Margo,2381
zooms,2382
operationwalkout,2383
NeverAgain,2384
SuperHeroes,2385
WhatACutie,2386
audreyhepburn,2387
newyork,2388
mulberrystreet,2389
firefighter,2390
brotherhood,2391
savinglives,2392
womenownedbusiness,2393
columbusohio,2394
thankfulthurday,2395
happybirthday,2396
loveit,2397
streetart,2398
armani,2399
thenewyorker,2400
PitMad,2401
wineboss,2402
wineguidelife,2403
ibringthewine,2404
worldwide,2405
Vision,2406
architectural,2407
chingonas,2408
diainternacionaldelamujer,2409
Butterflies,2410
Hennessy,2411
FightLikeAGirl,2412
bubblysquad,2413
NHD208,2414
ccsd66,2415
fastedcardio,2416
happythursday,2417
myhealthismywealth,2418
realfooddiet,2419
whateverittakes,2420
cocomomyrescuedog,2421
Hawkeye,2422
femaleempowerment,2423
femaleveterans,2424
veteransondeck,2425
sailing,2426
lunchtime,2427
SquadGoalsAF,2428
mommyandme,2429
offthestrip,2430
warureads,2431
readyalit,2432
grey,2433
trainride,2434
yarnaddict,2435
empowerothers,2436
shewillkickyourbutt,2437
leiaorgana,2438
navajo,2439
navajonation,2440
navajowomen,2441
mmiw,2442
marasindzianis,2443
восьмоемарта,2444
WeHo,2445
nightout,2446
ballroomrebel,2447
victoryhomegrown,2448
newamericanlager,2449
launching,2450
wildgoosechicago,2451
handmadejewelry,2452
womenartists,2453
fiercebrows,2454
semipermanentbrows,2455
fullerbrows,2456
microblading,2457
catcalling,2458
huelga,2459
huelgafeminista8m,2460
idic,2461
llap,2462
goteamflourish,2463
handstamped,2464
pinkboots,2465
flashlightvinyl,2466
nico,2467
velvetunderground,2468
minneapolis,2469
recordstore,2470
xrayfm,2471
tellyourstory,2472
womenincomedy,2473
small,2474
victories,2475
LupitaDalessio,2476
Mexican,2477
SiempreEnDomingo,2478
80s,2479
badbitches,2480
LASCCougars,2481
beagoodperson,2482
blindboysofalabama,2483
bboa,2484
Houston,2485
HERO,2486
Quadriplegic,2487
risottomimosa,2488
tbthursday,2489
freetotsfortheladies,2490
belladines,2491
noladining,2492
strongfemale,2493
jsmrealtor,2494
juansimonrealtor,2495
business,2496
hive76,2497
queenjaneen,2498
rachel,2499
Afterwok,2500
Quesadilla,2501
Amarachi,2502
bootcamp,2503
eggplantmeatballs,2504
buffalochickenmeatballs,2505
QUEENS,2506
mygirls,2507
strength,2508
strongwoman,2509
fierce,2510
x4summit,2511
womansart,2512
vagart,2513
chelsea,2514
freedom,2515
blackgirlmagic,2516
joy,2517
March8,2518
buywithvesta,2519
investwithvesta,2520
realestate,2521
wedabest,2522
nomakeup,2523
nationalwomensday,2524
barre,2525
eastbayadventures,2526
ladydate,2527
seattle,2528
amazon,2529
amazoncompanymeeting,2530
BadAssWomen,2531
BeAuthenticallyYou,2532
eventspace,2533
justenjoyyourself,2534
chiokedmachi,2535
nowplaying,2536
lamusician,2537
rubaiesart,2538
Blackcraft,2539
BlackcraftCult,2540
sexyAF,2541
ducklips,2542
eyebrows,2543
onfleek,2544
damngirl,2545
craftbeer,2546
igymfit,2547
TONIGHT,2548
boobies,2549
djforeignauto,2550
jaguarxj6,2551
KatherineJohnson,2552
WomenWeRise,2553
TBT2008,2554
treadmillworkout,2555
studymotivation,2556
almostdone,2557
BWTB,2558
DaylightSavingsTime,2559
solo,2560
selfie,2561
WeHoVille,2562
lillypulitzer,2563
easterready,2564
gentlyused,2565
womanstrong,2566
females,2567
girlfriends,2568
wives,2569
YAS,2570
lovethis,2571
this,2572
weareallbeautiful,2573
regram,2574
ItWasNeverAdress,2575
MyCapeIsPurpleTho,2576
JustSayin,2577
captain,2578
md80,2579
americanairlines,2580
lunchspecial,2581
mobilbartenders,2582
eventplanner,2583
Lunch,2584
GoodVibes,2585
WomenWhoWin,2586
UnspokenAngels,2587
thefutureisbright,2588
godofthunder,2589
beyonce,2590
onlyfemaleartistinkitchen,2591
STEMeducation,2592
Photographer,2593
badassbusinesswomen,2594
salute,2595
rp,2596
ameliaearhart,2597
mividababe,2598
mividamarket,2599
bossmoves,2600
CeeCeeKing,2601
Elle,2602
Vogue,2603
PaperMagazine,2604
Life,2605
Time,2606
wmursnow,2607
newfreezerchallenge,2608
newchallenge,2609
Fly,2610
awp,2611
tampa,2612
loveyah,2613
donuts,2614
eatit,2615
workethic,2616
humblebeginnings,2617
stayhumble,2618
wip,2619
likewater,2620
h20,2621
textart,2622
wordporn,2623
WWE,2624
WWF,2625
WWENetwork,2626
NXT,2627
MichelleObama,2628
Girls,2629
Education,2630
LenaWaithe,2631
yazzledazzle,2632
shewhodazzles,2633
Inventions,2634
getfit,2635
strengthtraining,2636
jazzercise,2637
forney,2638
thesignaturepearl,2639
epiphanypr,2640
TheSISI,2641
ism,2642
HERWorld2018,2643
denver,2644
whorunstheworld,2645
wordstoliveby,2646
AOLA,2647
NBTSWatchParty,2648
girlbosses,2649
heroes,2650
superheroes,2651
igotpoppied,2652
poppysalonmn,2653
prioritiesintact,2654
pinkypromise,2655
WomenWhoWerk,2656
caliente,2657
latinas,2658
bringingtheheat,2659
dancers,2660
heat,2661
jenniferfisher,2662
Courage,2663
Confident,2664
Consistent,2665
WebGuru,2666
letthemeatcake,2667
parisinacup,2668
teatime,2669
oldtowneorange,2670
girlgang,2671
polkstreetfloristsf,2672
Dayoff,2673
DOOH,2674
galpals,2675
eleanorroosevelt,2676
UpperBodyWorkout,2677
Chelsea,2678
notsolongago,2679
victorymotorcycles,2680
sloans,2681
portraits,2682
paintings,2683
artist,2684
haydaveartstudio,2685
bossbabes,2686
taurustwins,2687
womensmarch2018,2688
treatyoself,2689
phenomenalwomen,2690
doggyclients,2691
Belvie,2692
Sadie,2693
Tyson,2694
lovethemsomuch,2695
dogwalker,2696
ilovemyjob,2697
TheBaylorProject,2698
NASM,2699
supreme,2700
photographer,2701
strongisstrong,2702
focusonyou,2703
focusonyourself,2704
Botox,2705
HappyBirthday,2706
FoxReport,2707
waitisthatoffensive,2708
Rosaleen,2709
PressForProgress,2710
Nashville,2711
pushboundaries,2712
slayallday,2713
gogirl,2714
LosAngeles,2715
Sunday,2716
DubShow,2717
iLoveyouCindy,2718
space4women,2719
goddesses,2720
ComedyGrind,2721
uws,2722
poetry,2723
letterstoablackgirl,2724
pinkie,2725
ipinkie,2726
ipinkietrends,2727
Denver,2728
SECTourney,2729
cupcakes,2730
acctourney,2731
marchmadness,2732
RP,2733
ride,2734
die,2735
KC,2736
Crew,2737
womenruntheworld,2738
COYG,2739
neverthelessshepersisted,2740
srrangerstool,2741
madeinLA,2742
madeincalifornia,2743
bride,2744
pressforprofress,2745
pelvichealth,2746
supportwomanowned,2747
businesses,2748
womenentrepreneurs,2749
songwriting,2750
smoke,2751
prhyme2,2752
OurNextFemalePresidentMaybe,2753
Pressforprogress,2754
Chicago,2755
MarchMunchiesMadness,2756
toronto,2757
intimates,2758
itsfromkates,2759
WrenMiller,2760
nashville,2761
bw,2762
ig_mood,2763
8M,2764
Thursdaythoughts,2765
badasswomen,2766
reverb,2767
hello2018,2768
workhardplayhard,2769
bookface,2770
stength,2771
wisdom,2772
teach,2773
laugh,2774
live,2775
li,2776
TheSelfCareStore,2777
weenteam,2778
vegan,2779
burger,2780
free,2781
lemon,2782
ginger,2783
MeToo,2784
Texas,2785
InternationalFemmesDay,2786
SelfCareSundayCLT,2787
flip,2788
workharddreambig,2789
dumptrump,2790
please,2791
letstellher,2792
jesusfeminist,2793
watchherdance,2794
diainternacionaldamulher,2795
everybodysman,2796
teachthechildrenwell,2797
powerfulwomen,2798
khristinebognot,2799
producers,2800
directors,2801
awardsseason,2802
homeworkout,2803
exercise,2804
mariwraps,2805
meday,2806
BigGive,2807
PitTrina,2808
CalmDownIMeanFemaleDogs,2809
austin,2810
sxsw,2811
superpower,2812
PRgirl,2813
superwoman,2814
AudreLord,2815
countrymusic,2816
jerseycountry,2817
backroads,2818
country,2819
countryboy,2820
dyw,2821
westernhatstyle,2822
awomansplaceisintheresistance,2823
pivot,2824
buildingcommunity,2825
YesSheCan,2826
rip,2827
grace,2828
Acoma,2829
newmexico,2830
dope,2831
badass,2832
womenrule,2833
thunderpussythursday,2834
thunderpussy,2835
fighters,2836
pretzel,2837
Woman,2838
strongwomenquotes,2839
fresh,2840
empoweredwomenempowerwomen,2841
fromonequeentoanother,2842
internationalWomensDay,2843
centralpark,2844
1hotel,2845
ScareACelebrity,2846
zenit,2847
leipzig,2848
rbleipzig,2849
europaleague,2850
chapmanmba,2851
queenb,2852
WomenWhoEmpower,2853
caseyalva,2854
birthdayparty,2855
GirlPower,2856
LongAsiLive,2857
WakandaForever,2858
Mbaku,2859
OneWorldObservatory,2860
djmateosegade,2861
MickysWeHo,2862
womenbrewers,2863
PlatformATX,2864
squadgoals,2865
Mom,2866
Sister,2867
Family,2868
janeaddams,2869
Phenomenal,2870
newmusicFriday,2871
brianatwood,2872
waltdisneygirls,2873
genderequality,2874
PatienceLayne,2875
PrInCeSsViP,2876
dreamers,2877
10kwomentrailproject,2878
trailblazer,2879
thanksmom,2880
internationalWOMENSday,2881
dancing,2882
teacher,2883
teaching,2884
missyoumom,2885
Conference,2886
Boss,2887
Strong,2888
Smart,2889
Beautiful,2890
itsshangela,2891
womenofinstagram,2892
bossbitch,2893
design,2894
oysters,2895
rawbar,2896
shellfish,2897
cheflife,2898
nycfood,2899
foodphotography,2900
Earth,2901
Wanderlustandcitydust,2902
photoshoot,2903
snatchedthursdays,2904
youcandance,2905
bitmoji,2906
snapchats,2907
therealladyofleisure,2908
mabel,2909
thursdayvibes,2910
livethelifeyoulove,2911
Inséparables,2912
Montréal,2913
Terral,2914
Canadá,2915
Promotion,2916
bold,2917
morning,2918
news,2919
pix11,2920
whoruntheworld,2921
Tolvic,2922
ZillowGroup,2923
ZGWomensNetwork,2924
ZGLife,2925
shuri,2926
matterandbone,2927
businesswoman,2928
NintendoDirect,2929
shewinks,2930
hennabrows,2931
eyebrowsonfleek,2932
eyebrowsonpoint,2933
funwithfitness,2934
stayfit,2935
war,2936
MadMountainMamas,2937
ListWithChrisBrown,2938
womenwhosupportwomen,2939
BeautifulBerkeley,2940
CassiaLA,2941
avenuemavl,2942
selfiechallenge,2943
showyoursupport,2944
livemusic,2945
amadorstyle,2946
smalllotwines,2947
amadorwine,2948
squad,2949
provowomensday,2950
Mothers,2951
Daughters,2952
afternoontea,2953
EveningWalk,2954
ilovemydog,2955
badbitchalert,2956
feminists,2957
sizzixteam,2958
healthandfitness,2959
keune,2960
keunecolor,2961
nonewfriends,2962
takethepledge,2963
IvanSHarrisPhotography,2964
Yacht,2965
America,2966
France,2967
trustuswevegotthis,2968
BlackGirlMagic,2969
BuyBlack,2970
celestialseasonings,2971
sointernational,2972
beinfinite,2973
PUGZILLA,2974
DIY,2975
transisbeautiful,2976
blackwoman,2977
BeyondSuffrage,2978
StandUpForComedy,2979
ItsAgreatCause,2980
day,2981
amazingwomen,2982
supporteachother,2983
GreysAnatomy,2984
womanonamission,2985
westelm,2986
mywestelm,2987
mug,2988
WeHoReads,2989
BookSoup,2990
1980sphotoshootinspired,2991
Model,2992
ImInTheHallOfFameOf,2993
Smitten,2994
wearechanging,2995
BurtonUSopen2018,2996
SnowboardingChampionship,2997
Burton,2998
HaileyLangland,2999
luthergives18,3000
NYPDWOMEN,3001
NYPDWOMENSCONFERENCE,3002
Performing_Arts,3003
Family_,3004
Phoenix,3005
PolarBearDay,3006
OpenThatBottleNight,3007
NoBrainerDay,3008
AnosomiaAwarenessDay,3009
catlovers,3010
catinaround,3011
catinsun,3012
sebastion,3013
newarrivals,3014
mathematiquesmodernes,3015
embracethesuck,3016
byantelmostudio,3017
femaledjs,3018
NewOrleans,3019
ad,3020
surf,3021
snowboard,3022
juliancalifornia,3023
my,3024
friend,3025
scottweiland,3026
performing,3027
velvetrevolver,3028
lomography,3029
boundrywaters,3030
itsthelittlethings,3031
carreracafe,3032
Winter,3033
Olympics,3034
bePolished,3035
beYourBest,3036
nailswag,3037
nailart,3038
naildesign,3039
TREASUREISLAND,3040
35MM,3041
PAYAMSANGELS,3042
tuliptree,3043
ombreallday,3044
ombré,3045
newaudioalert,3046
skillwithpeople,3047
coworkers,3048
bowtiepapafitness,3049
microbladingeyebrows,3050
standbyforbodner,3051
chattanooga,3052
bloom,3053
tumeric,3054
tagine,3055
veggies,3056
braisedtofu,3057
bpw,3058
glutenfree,3059
HairPainting,3060
hairartist,3061
angry,3062
homework,3063
tonight,3064
order,3065
salmon,3066
NationalDayOfAction,3067
InternationalSwordSwallowersDay,3068
Festivals,3069
womeninmusic,3070
VH1,3071
BeautyBar,3072
LetsGo,3073
MrWontStop,3074
YYJ,3075
mad,3076
olympiclifting,3077
crossfit,3078
superstrong,3079
BABYDYKE,3080
theDinah,3081
TrackTuesday,3082
party,3083
racing,3084
tgif,3085
handbags,3086
handbag,3087
thriving,3088
flourish,3089
pushup,3090
HoustonHall,3091
transformationtuesday,3092
beerhall,3093
steins,3094
28DaysOfBlackCosplay,3095
SoPro,3096
SouthernProvisions,3097
LaneAndGabby,3098
laughter,3099
outfits,3100
tuesday,3101
tubtimewithtate,3102
themeobsession,3103
copywriting,3104
StyleSnachSlay,3105
BLBL,3106
liketkit,3107
foodnetwork,3108
palife,3109
hungry,3110
rosé,3111
longday,3112
herring,3113
blackcaviar,3114
healthy,3115
organic,3116
nongmo,3117
DearDaaé,3118
LesMis,3119
lexingtonstylist,3120
extensionexpert,3121
ShopStop,3122
dumbobrooklyn,3123
clear,3124
cloudy,3125
manhattanbridge,3126
bnwphotography,3127
InconvenienceYourselfDay,3128
PublicSleepingDay,3129
starrcateringgroup,3130
texturetuesday,3131
DANG,3132
coconut,3133
choclate,3134
treat,3135
dessert,3136
gamenight,3137
RedLipBar,3138
laurenhill,3139
sangabrielvalley,3140
eastlos,3141
clouds,3142
milehighcity,3143
wintertime,3144
winterwear,3145
hardcore,3146
ilovecats,3147
kittens,3148
ilovekittens,3149
catsofinstagram,3150
disneyland,3151
mickey,3152
overcastday,3153
toosoonforaflashback,3154
InternationalPolarBearDay,3155
harrypotterforever,3156
ongina,3157
maisonpickle,3158
martini,3159
Nike,3160
smashthatshit,3161
phone,3162
dead,3163
cosmetics,3164
skincare,3165
DjLife,3166
Sculpture,3167
Woodworking,3168
Shapes,3169
Texture,3170
Photography,3171
MuseumMile,3172
butterflies,3173
cheapbutchic,3174
diy,3175
healthylifestyle,3176
illustration,3177
doingit,3178
whynot,3179
digitalart,3180
excited,3181
MOOD,3182
marylinmonroe,3183
35mm,3184
filmphotography,3185
canona1,3186
streetdreamsmag,3187
filmgrain,3188
staybrokeshootfilm,3189
joker,3190
smb,3191
NA,3192
NYPL,3193
ninja,3194
breathe,3195
restore,3196
davidberry,3197
lordjohngrey,3198
ComeAndGetYerPieOn,3199
Pizzeria,3200
temples,3201
churches,3202
mosques,3203
found,3204
divine,3205
heart,3206
quadrupledouble,3207
beastmode,3208
basketball,3209
nba2k18,3210
whatagame,3211
itsover,3212
youwantedthis,3213
BillyFrancesca,3214
DJRayRhodes,3215
RoyalGorgeBridge,3216
jumpforjoy,3217
minidonuts,3218
RamenSan,3219
ThatLettuceLife,3220
bedlove,3221
hair,3222
FORGED2FIGHT,3223
AYSS,3224
streetfighter,3225
wrestling,3226
indywrestling,3227
PWA,3228
WWA4,3229
WWN,3230
ncw,3231
ayss,3232
blacklight,3233
takemeback,3234
brunch,3235
instagay,3236
gaybeard,3237
weho,3238
sundayfunday,3239
nationalstrawberryday,3240
mafs,3241
marriedatfirstsight,3242
MarriedAtFirstSight,3243
DimeTuSiNo,3244
sweetmscandace,3245
djfxla,3246
newcountry,3247
SPRINGTING,3248
HEATWIN,3249
Punny,3250
AValidReview,3251
Delectable,3252
Edgy,3253
Fashionable,3254
Cultured,3255
mardigras,3256
mastermixologist,3257
ComicStyle,3258
Fingerlings,3259
buffalomilk,3260
italy,3261
TigerHeatLA,3262
drummer,3263
acoustic,3264
KevinShook,3265
JellyBeans,3266
FruitSlices,3267
Samplers,3268
BunnyEars,3269
BunnyTails,3270
Carmels,3271
blessons,3272
gelato,3273
actorslife,3274
nationalpancakeday,3275
ihop,3276
NaptownMusic,3277
AnnapolisMusic,3278
TightTushyTuesday,3279
beaches,3280
CONEYISLAND,3281
cocktail,3282
beachesweho,3283
topphysique,3284
marchspecials,3285
mazda,3286
rx7,3287
fc3s,3288
falken,3289
finalformusa,3290
superstreet,3291
houston,3292
tx,3293
fitnesspage,3294
personaltrainer,3295
fitnesstrainer,3296
footballltrainer,3297
NationalToothFairyDay,3298
FloralDesignDay,3299
fitnessmotivation,3300
workoutmotivation,3301
allaboutthefood,3302
breathitin,3303
winterlight,3304
colorsofday,3305
shadowplay,3306
tonightsdinner,3307
shrimpandgrits,3308
homecooking,3309
tranaformationtuesday,3310
open,3311
dance,3312
kingofmen,3313
cornedbeefandcabbage,3314
Wings,3315
Tuesday,3316
chicken,3317
facemask,3318
CoHosting,3319
PinotsPalette,3320
HowWeDoKC,3321
Bar10WeHo,3322
blackpanther,3323
superstar,3324
actress,3325
nationalcigarday,3326
longashes,3327
BrandonHardesty,3328
lapeerhotel,3329
grandopening,3330
westhollywood,3331
chic,3332
modern,3333
PetPods,3334
Okeechobee,3335
omf18,3336
sneakpeak,3337
ttpmasked,3338
surfing,3339
scubadiving,3340
mma,3341
redondobeach,3342
shehulk,3343
cadem2018,3344
ourlivesmatter,3345
Hidalgo,3346
projectduetomorrow,3347
tigger,3348
drpetti,3349
kitty,3350
haveaproductiveweek,3351
HamsaRescuedMe,3352
YorkieSheltie,3353
familyovereverything,3354
lovemybabies,3355
WomanCrushWednesday,3356
HumpDayHotness,3357
BlackPanther,3358
Shoppets,3359
cookup,3360
HelpingOthers,3361
Positivity,3362
MyCommunity,3363
ForThePeople,3364
GoAndDonate,3365
100Suites,3366
acousticduo,3367
dynamicduo,3368
HappyHour,3369
Foodporn,3370
SantanaRow,3371
sangria,3372
cocktails,3373
NapaValley,3374
sake,3375
IzakayaRestaurant,3376
SanJose,3377
Japanese,3378
otoro,3379
DTSJ,3380
MESSAGE,3381
musclehustle,3382
SantaBarbara,3383
uni,3384
Otoro,3385
Hirame,3386
sashimi,3387
cathysbach,3388
vegasbaby,3389
jumpsuit,3390
furcoat,3391
fauxfur,3392
skoAvs,3393
shooters,3394
imtheshit,3395
tishtunes,3396
torylanez,3397
talent,3398
sobs,3399
Goodvibes,3400
withlove,3401
facesinthecrowd,3402
showcase,3403
groom,3404
groomsmen,3405
indianwedding,3406
silvercreekcountryclub,3407
sanjose,3408
barbiesaddiction,3409
cazwellofficial,3410
cazwell,3411
lgbt,3412
Lilkimshit,3413
holdthatmoneylikewhoa,3414
bankroll,3415
badbitch,3416
melanoma,3417
premiere,3418
Miami,3419
loveandhiphopmiami,3420
loveandhiphop,3421
goodquestion,3422
foodforthought,3423
aboutlastfriday,3424
felicidades,3425
BIENVENIDO,3426
airplane,3427
bathroom,3428
sorryboutit,3429
sang,3430
acapella,3431
onstage,3432
poweroutage,3433
damngina,3434
canada,3435
represent,3436
Badboy,3437
puttinthebeerinbeerleague,3438
goleafsgo,3439
indianjoebrewing,3440
191yearsago,3441
neworleans,3442
Simba,3443
ohyea,3444
ohyeah,3445
jesusshuttleworth,3446
balloon,3447
ballons,3448
bro,3449
doyoueven,3450
Moemoney,3451
Loveandhiphop,3452
harlem,3453
pullupondafbitch,3454
Poundcake,3455
DominicanIndependenceDay,3456
Coney,3457
Theblackout,3458
Black,3459
Feelthepower,3460
SpiritTatsTribe,3461
Thebronx,3462
Letsgetit,3463
Nomoneynoswag,3464
gottagetthechicks,3465
Comeup,3466
Makeahaterloveme,3467
VglSocal,3468
tsyfr18,3469
Studio,3470
events,3471
hoboken,3472
poetrycommunity,3473
lessons,3474
littlepoems,3475
headsup,3476
food,3477
happywednesday,3478
venezolanos,3479
venezuelan,3480
smallpoems,3481
desire,3482
dreamer,3483
Goodmorning,3484
staywoke,3485
getpaper,3486
maketimeforlove,3487
shortpoems,3488
TheLegacyTour2k18,3489
STANDUPFORCOMEDY,3490
ScampsComedyWorkshop,3491
jamiewileyhair,3492
insomniacsvirtue,3493
cocochanel,3494
QuoteOfTheDay,3495
SmithCoGifts,3496
coffee,3497
thrive,3498
wakandaforever,3499
whizwednesday,3500
realdeal,3501
mywife,3502
loveher,3503
gorgeous,3504
auriasmalaysiankitchen,3505
whyknox,3506
knoxvegas,3507
hasselblad500cm,3508
120film,3509
morningjams,3510
myboys,3511
fayettevillenc,3512
fayettevillepiecompany,3513
pie,3514
simpstyle,3515
February,3516
SoLong,3517
Shopkins,3518
WildStyle,3519
MooseToys,3520
BlindBox,3521
pawprintsonmyheart,3522
hot,3523
FOCUS,3524
PersonalTrainer,3525
Cut50,3526
plasticsurgeon,3527
lmao,3528
BHS,3529
lasttuesday,3530
topproducers,3531
vacation,3532
travel,3533
travelphotography,3534
WonderWomanWednesday,3535
hiddencityphiladelphia,3536
philly,3537
visitphilly,3538
viewsofphilly,3539
go_philadelphia,3540
UltraBOOST,3541
mealprep,3542
drat,3543
puzzles,3544
Avon,3545
Travel,3546
lotions,3547
fragrance,3548
moveon,3549
goals,3550
fitmind,3551
fitlife,3552
ditc,3553
Unboxing,3554
UnboxMe,3555
lolsurprise,3556
CollectLOL,3557
BBBop,3558
SocialBreakfastNYC,3559
TJMandCo,3560
TJMandCoMediaBoutique,3561
louisiana,3562
tub,3563
artseries,3564
mytub,3565
UltraViolet,3566
yolk,3567
eccc2018,3568
heavymetal,3569
getcrackin,3570
festivals,3571
EDM,3572
trapworld,3573
trapworldmedia,3574
vermont,3575
mountsnow,3576
snowboarding,3577
lashextensions,3578
minklashes,3579
pestañaspostizas,3580
realminklashes,3581
WaldorfWednesday,3582
detectivecomics,3583
batmanandbatgirl,3584
WeddingWednesday,3585
LIGHTWORK,3586
AboutLastNight,3587
REPOST,3588
jfhoops,3589
LULZOFTHEIRISH,3590
LIVE,3591
livelifetothefullest,3592
RZRLife,3593
xp1k4,3594
LeaveALegacy,3595
Growing,3596
Glowing,3597
Building,3598
Branding,3599
PlasticSurgery,3600
NCW,3601
wordsofwisdomwednesday,3602
wednesdaywisdom,3603
time,3604
illusion,3605
einstein,3606
water,3607
quality,3608
refreshing,3609
sugarcane,3610
lowimprintonnature,3611
drinkjust,3612
reallytho,3613
classclowntaty,3614
yourewelcome,3615
photosfromhome,3616
biztravel,3617
pug,3618
cavalier,3619
spread,3620
jamoniberico,3621
prosciutto,3622
manchego,3623
petitebasque,3624
salami,3625
rioja,3626
bff,3627
friendship,3628
Wednesday,3629
Charlotte,3630
TheChaie,3631
aboutlastnight,3632
pinhole,3633
zenergizing,3634
CROPMOB,3635
reframe,3636
BibleStudyCollege,3637
CommunityBaptistChurch,3638
dogsofinstagram,3639
Beagle,3640
cold,3641
alphamale,3642
indifference,3643
communication,3644
alanevergreen,3645
amazing,3646
snuggles,3647
frenchielife,3648
frenchilove,3649
frenchbulldog,3650
LILSisters,3651
SukeyNovogratz,3652
lastweek,3653
actingclass,3654
shoutout,3655
TB,3656
KellyKapowski,3657
vero,3658
Shakespearean,3659
poordecisions,3660
oneworldtradecommons,3661
selfies,3662
nola,3663
realty,3664
neworleansrealestate,3665
bridal,3666
needmorecoffee,3667
tired,3668
work,3669
thenewjazzercise,3670
lashlove,3671
lashlife,3672
lashesfordays,3673
bookit,3674
multiplestreamsofincome,3675
happiness,3676
beatmaker,3677
lashlift,3678
browshaping,3679
CIAA,3680
sourdough,3681
birminghammi,3682
worldhealthstar,3683
awesomecards,3684
firstbaby,3685
babyshowergift,3686
babyfever,3687
babybump,3688
BackOfTheYards,3689
chitown,3690
chicity,3691
coffeetime,3692
café,3693
UltraBOOSTX,3694
working4thewinwednesday,3695
biggienation,3696
letsgo,3697
babybrain,3698
babygirl,3699
babyboy,3700
babyblanket,3701
etsy,3702
etsysellersofinstagram,3703
etsyseller,3704
LegaliZeMe,3705
ImPunny,3706
update,3707
autographs,3708
openingday,3709
nymets,3710
nyyankees,3711
mets,3712
teethingproblems,3713
girlaftermyownheart,3714
ninemonthsold,3715
hairporn,3716
iamsmart,3717
iamimportant,3718
iamspecial,3719
iamlove,3720
iam,3721
Reggae,3722
immahustlegirl,3723
superpowers,3724
create,3725
computer,3726
wtfisthis,3727
yikes,3728
glitch,3729
PickItUp,3730
seatedtastings,3731
flights,3732
tastingbungalow,3733
openwindow,3734
henrimatisse,3735
pccctraining,3736
ADHD,3737
GOTSUITS,3738
Cars,3739
gaslighton,3740
iloveactresses,3741
ColumbusForSale,3742
ColumbusRealtor,3743
newmomsgroup,3744
trim,3745
fabric,3746
trimmings,3747
textiles,3748
homedecor,3749
homefurnishing,3750
dowhatyoulove,3751
encouragement,3752
growthhacking,3753
lessonsandblessings,3754
entrepreneurs,3755
focused,3756
money,3757
cash,3758
ChuckD,3759
EclecticMethod,3760
Bacon4Life,3761
lobstahroll,3762
readyforspring,3763
creativelifehappylife,3764
klontherun,3765
nyclife,3766
manifestations,3767
grateful,3768
brush,3769
sweeting,3770
entrepreneurial,3771
speaklife,3772
wealth,3773
nomoredrama,3774
ilovesizzix,3775
altsummit,3776
moneylove,3777
financial,3778
instamoney,3779
manifestation,3780
Lead2018,3781
CWUCLCE,3782
LeadershipConference2018,3783
squat,3784
fitgirl,3785
dunkindonuts,3786
blogger,3787
physicaltherapy,3788
rehabandrevive,3789
werenation,3790
WERERealEstate,3791
WEREFunding,3792
buyart,3793
whatiwearbehindthechair,3794
chooseyourattitude,3795
nashvillegram,3796
dylanandcash,3797
오늘도,3798
팔로우,3799
kawaii,3800
movewell,3801
bewell,3802
newbedford,3803
mattapoisett,3804
westport,3805
igymfun,3806
wordfind,3807
magazineporn,3808
deaf,3809
chromeNails,3810
cronkiteglobalconversations,3811
humphreyfellows,3812
CronkiteHHH,3813
BlackHistoryMonth,3814
AlpharettaRealtor,3815
nolaherewecome,3816
DrewHoops,3817
kateupton,3818
fanart,3819
AfternoonWalk,3820
jfkitchen,3821
tomatosoup,3822
tomato,3823
ItsWhatWeDo,3824
itswhatIdo,3825
RepresentativeAtticaScott,3826
KeratinTreatment,3827
itiswhatitis,3828
cousin,3829
cuz,3830
his,3831
new,3832
clothing,3833
line,3834
wearing,3835
white,3836
blog,3837
lovefirst,3838
embracejoy,3839
nocomparison,3840
strawberry,3841
almond,3842
frangelico,3843
welovecookingforyou,3844
limitededition,3845
ttHolaLA,3846
sweatshirt,3847
mafmatiksclothing,3848
Gratitude,3849
Giveaway,3850
realtor,3851
nocover,3852
Cheers,3853
ComedyNight,3854
DestinationMaternity,3855
getyourtix,3856
mine,3857
blackexcellence,3858
myprince,3859
godj,3860
leader,3861
makinghistory,3862
fortheculture,3863
dab,3864
wilderortiz,3865
mediatraining,3866
fightweek,3867
makingmemories,3868
freshtracks,3869
morherofedges,3870
bespokecurry,3871
yogi,3872
tourlife,3873
jadeyoga,3874
Lennon,3875
VideoOfTheDay,3876
volumelashes,3877
winewednesday,3878
avlwine,3879
halfpricebottles,3880
avldrinks,3881
avleat,3882
828isgreat,3883
topmarket,3884
silver,3885
gemstone,3886
Video,3887
EXPERIMENT,3888
EXPLORE,3889
shedbarberandsupply,3890
shedbarber,3891
austintx,3892
PublicRelations,3893
PRadvice,3894
PRGirl,3895
malemodel,3896
lastsummer,3897
blonde,3898
hairychest,3899
itaintaboutyou,3900
offended,3901
dixienationalforest,3902
usforestservice,3903
brycecanyon,3904
brycecanyonnps,3905
picksoftheweek,3906
Mera,3907
Aquaman,3908
TheStruggleIsReal,3909
2018Resolutions,3910
workoutwednesday,3911
barreclass,3912
balance365fitness,3913
plies,3914
outlander,3915
billyfrancesca,3916
oilpainting,3917
artista,3918
series3,3919
skysportfitness,3920
designer,3921
pink,3922
fiestacantina,3923
hockey,3924
Pittsburgh,3925
TimeToRock,3926
ReadyToRoll,3927
keepmovin2K18,3928
beach,3929
SpaCecilia,3930
WineWednesday,3931
DaBear,3932
Hotrod,3933
dayoff,3934
happyhumpday,3935
handcrafted,3936
gratefulshred,3937
getgnarly,3938
flourcityhasaposse,3939
WeMadeIt,3940
VirgoFullMoon,3941
carryon,3942
tuffdiamonds,3943
streetmic,3944
takethecultureback,3945
tionadeniece,3946
roseocean,3947
tidescomingin,3948
meditate,3949
filipinocuisine,3950
kimpetras,3951
MylesMatisse,3952
SelfCareSunday,3953
SelfCareEveryday,3954
readacrossamericaweek,3955
californiadreaming,3956
sail,3957
spearfish,3958
scubadive,3959
fight,3960
write,3961
kendallsquare,3962
cool,3963
post,3964
venicebeach,3965
marinadeley,3966
confettipop,3967
batthoselashes,3968
lashionista,3969
statuslife,3970
productivestoner,3971
drum,3972
drums,3973
dumb,3974
dumbs,3975
turkey,3976
InayaJanae,3977
BabyGirl,3978
EastridgeLove,3979
BetterIRL,3980
jackrussellterrier,3981
jackrussell,3982
jacksofinstagram,3983
Dogs,3984
RENTALASYLUM,3985
cornwallny,3986
Ayoooooo,3987
OhShit,3988
HadMeDying,3989
FunnyShit,3990
TooFunny,3991
rescue,3992
naptime,3993
bestfriends,3994
jkrowling,3995
30daysofinspiration,3996
Sourdough,3997
marinadelrey,3998
bech,3999
SanDiego,4000
PB,4001
PacificBeach,4002
Photoshoot,4003
DiorKathleen,4004
Models,4005
JedsBasement,4006
dentist,4007
HealthyChurch,4008
drinks,4009
Spa,4010
Wellness,4011
IECSC,4012
NYSpaShow,4013
MassageLife,4014
mmm,4015
soulofyouth,4016
veganbeauty,4017
organicbeauty,4018
crueltyfree,4019
oscarsbrunch,4020
gayweho,4021
bar10brunch,4022
wehobrunch,4023
Sunset,4024
naturephotography,4025
thecreatorclass,4026
agameoftones,4027
usole,4028
runchi,4029
burgersandbeer,4030
hedidnotlikeit,4031
notsomuch,4032
EmfyAthlete,4033
Captured,4034
Graphics,4035
sorrynotsorry,4036
Oscars,4037
thesamballady,4038
nothingtobehappyabout,4039
lafc,4040
jijisweetinthestreets,4041
hamiltourtoo,4042
oscar,4043
prep,4044
alpinegrovespark,4045
alisonjanney,4046
theoscars,4047
oscars2018,4048
redcarpet,4049
SundayFunday,4050
motherhustler,4051
snapchat,4052
aprilfools,4053
savage,4054
lalaland,4055
nightclub,4056
bar,4057
currentsituation,4058
followtoseetheworld,4059
Posters,4060
Flyers,4061
LETSDOTHIS,4062
Alexa,4063
fishouttawater,4064
oscars,4065
oscars90,4066
Aries,4067
PrettyLittleThing,4068
Jordans,4069
13s,4070
arnoldclassic,4071
figure,4072
HolyExperimentDay,4073
NamesakeDay,4074
BenjaminHarrisonDay,4075
ToySoldierDay,4076
WestHollywood,4077
brandonn_wright,4078
relax,4079
taketimetorelax,4080
timeforyourself,4081
metime,4082
trailrunsunday,4083
gay,4084
gayboys,4085
queer,4086
pump,4087
PumpRestaurant,4088
slush,4089
roadtrip,4090
halfmoonbay,4091
samschowderhouse,4092
djfrankie86,4093
djjoshpeace,4094
BeachesWeHo,4095
j_adz,4096
SanJacinto,4097
bffs,4098
sunday,4099
parkave,4100
blackoutforblackhistory,4101
blackhistory,4102
deer,4103
sculpture,4104
djrayrhodes,4105
ashleyjudd,4106
InstaGay,4107
Gay,4108
InstaGuy,4109
Guy,4110
GayGuy,4111
GayBoy,4112
GayMan,4113
GayFashion,4114
GayTravel,4115
hunteeshirts,4116
BonFireATL,4117
blush,4118
greenery,4119
podcast,4120
ErasmusHS,4121
CollegePrep,4122
Challenge,4123
SaintPiransDay,4124
CasimirPulaskiDay,4125
handwrittenbyhales,4126
formation,4127
mondays,4128
sundays,4129
theweekend,4130
needmoresleep,4131
thewoodlands,4132
FAMILY,4133
BaristaNightOff,4134
sandiegofunday,4135
hangingloose,4136
seagulls,4137
seagullsofinstagram,4138
WARM,4139
DRY,4140
WeHoPickUp,4141
whitneyhouston,4142
savingallmyloveforyou,4143
vinylporn,4144
magicmenlive,4145
girlsnight,4146
whoohoo,4147
jonhhenton,4148
livingsingle,4149
arlingtonimprov,4150
colorado,4151
weedforwarriorsproject,4152
weedforwarriors,4153
FlamingSaddlesW,4154
aboutthebenjamens,4155
1920sparty,4156
ootd,4157
sequins,4158
quiche,4159
broccoli,4160
ouch,4161
armipagan,4162
thetimmy485,4163
jazzerciseinstructor,4164
sparklingwine,4165
mygirl,4166
couchtime,4167
sundayvibes,4168
virginia,4169
weedporn,4170
iwillmarrymary,4171
PassionToPaychecks,4172
ItsSundaysBest,4173
FOE,4174
PreachersKidsFlo,4175
Cousins,4176
ChurchSwagg,4177
DaughtersOfPastors,4178
fantasy,4179
wettherope,4180
threadbare,4181
NationalMapleSyrupDays,4182
R,4183
TeamDH,4184
ECCC,4185
genderparity,4186
awareness,4187
CounrtyGirls,4188
Guide,4189
HowTo,4190
LetItGo,4191
BestAnimatedFilm,4192
imdblive,4193
YoJoe,4194
chill,4195
spa,4196
bodybybrooklyn,4197
steamroom,4198
ny,4199
zen,4200
bailmain,4201
bailmainparis,4202
chosenone,4203
ownit,4204
overcomer,4205
ineedmoreclothes,4206
kingkong,4207
WeddingNails,4208
nychalf,4209
supersoulsunday,4210
receive,4211
surrender,4212
magic,4213
manifested,4214
rosegold,4215
sundaynightvibes,4216
vegasnights,4217
aestheticsspa,4218
StormVibes,4219
shoes,4220
tompettytribute,4221
sundaysnuggles,4222
hairgoals,4223
bob,4224
NationalAbsintheDay,4225
ringthealarm,4226
relaxing,4227
refilled,4228
boheimanweddingdresses,4229
modernbride,4230
bridestl,4231
achievegreatness,4232
dontaskpermission,4233
loseyourpants,4234
girlsnightout,4235
gno,4236
Ollie,4237
cutie,4238
sweetheart,4239
lovehimsomuch,4240
doggyclient,4241
dogsitting,4242
savealife,4243
savelives,4244
BayArea,4245
CartelMoney,4246
DJEROK,4247
beats,4248
visuals,4249
PuertoRico,4250
HailCobra,4251
Verge,4252
ianastbury,4253
billyduffy,4254
thecult,4255
shot,4256
taken,4257
during,4258
Fairfax,4259
лайкивзаимно,4260
сфс,4261
сфсигра,4262
available,4263
bandcamp,4264
chicagomusic,4265
chicagodjs,4266
house,4267
destinationimagination,4268
adventure,4269
epcot,4270
disneyworld,4271
threecaballeros,4272
followme,4273
dumbdumb,4274
pacebound,4275
AMNHsleepovers,4276
amnh,4277
lanight,4278
sheready,4279
tiffanyhaddish,4280
pic,4281
producer,4282
WestCoast,4283
AllStarWeekend,4284
взаимныелайкииподписка,4285
DisneySMMC,4286
Krysshun,4287
busy,4288
poolside,4289
earlier,4290
the,4291
brokenspirit,4292
pdx,4293
theshapeofwater,4294
rest,4295
THIS,4296
newyorkcity,4297
georgia,4298
eurasia,4299
pork,4300
lonza,4301
cured,4302
dragon,4303
iwasinfertile,4304
Businesscard,4305
LKFaithEnterprises,4306
joe_gauthreaux,4307
djleanh,4308
Hangover,4309
PrimeSteakhouse,4310
LasVegas,4311
timolstadmusic,4312
bestactor,4313
winstonchurchill,4314
chicagobotanicgarden,4315
succulents,4316
cactus,4317
espinas,4318
blancoynegro,4319
littlelily,4320
FrancesMcdormand,4321
bestactress,4322
djroland001,4323
Barolo,4324
steakhouse,4325
CaesarSalad,4326
FrenchOnionSoup,4327
truffle,4328
WorldBrailleDay,4329
TomThumbDay,4330
NationalTriviaDay,4331
steak,4332
aunduhestemated,4333
foodporn,4334
DarkestHour,4335
Photobomb,4336
WeHoPickup,4337
freethereal,4338
fuckthefake,4339
aka,4340
thegoldenjet,4341
year,4342
old,4343
curry,4344
LittleTokyo,4345
artznsarita,4346
houseofleaders,4347
Scottie,4348
Olivia,4349
Scott,4350
9oscars,4351
acadamyawards2018,4352
oscarafterparty,4353
bestie,4354
undefeated,4355
iitstrey,4356
heyrafi_,4357
guillermodeltoro,4358
shapeofwater,4359
niki_vs_nicole,4360
giambattistavalli,4361
iflyalaska,4362
otrcsweepstakes,4363
theonigiriart,4364
yujiahu,4365
sushitime,4366
downcast,4367
burlington,4368
a7sii,4369
NYE,4370
humboltpark,4371
GlitterSeries,4372
ebullitionrecords,4373
GaryOldman,4374
making,4375
her,4376
own,4377
dreams,4378
recordingartist,4379
Series2,4380
besties,4381
rumandcoke,4382
clipperNation,4383
stgeorge,4384
run,4385
likenoother,4386
months,4387
SeniorDay,4388
growing,4389
sandiego,4390
remember,4391
big,4392
names,4393
film,4394
adamantium,4395
bullettraintovegas,4396
justme,4397
changeiscoming,4398
celebratedifferences,4399
getout,4400
whyilovemovies,4401
GoodNews,4402
garyoldman,4403
theprofessional,4404
jeanreno,4405
sky,4406
blessed,4407
nycfashionweek,4408
streetstyle,4409
wildlifephotography,4410
wildlife,4411
canon,4412
latinos,4413
Coneja,4414
TochtliGang,4415
BangBang,4416
FLY,4417
carrotlife,4418
earliertoday,4419
sacredstar,4420
scorpio,4421
ejaf,4422
ejafoscars,4423
academyawards,4424
halubooo,4425
battlearmour,4426
accessories,4427
ivegotthis,4428
happymonday,4429
prioritize,4430
wickedgrounds,4431
Oxymoron,4432
whatagirlwants,4433
whatagirlneeds,4434
queendom,4435
Latertonight,4436
homeschool,4437
homeschoolingmom,4438
stayathomemom,4439
momsofinstagram,4440
momsmaketheworldgoround,4441
sahm,4442
UPANDATEM,4443
Motivation,4444
Determination,4445
Adapt,4446
Acsend,4447
Achieve,4448
WYD,4449
imbusy,4450
beherenow,4451
meditation,4452
porchlife,4453
magenta,4454
motherdaughter,4455
goddessrising,4456
womenunite,4457
divinefeminine,4458
triathlontraining,4459
GlutenFree,4460
oscarredcarpet,4461
oscardress,4462
oscarfashion,4463
gardenplans,4464
farmlife,4465
gardening,4466
poaronthego,4467
queens,4468
streetphotography,4469
bus,4470
JellyCats,4471
oscardresses,4472
Pallas,4473
imbrance,4474
homespunchic,4475
coneyislandbeach,4476
monday,4477
DontBeTangry,4478
BeTan,4479
HappyMonday,4480
patientexperience,4481
customerservice,4482
healthcare,4483
debate,4484
sdoh,4485
quiz,4486
StayREADY,4487
MindSET,4488
LetsGO,4489
homeschooled,4490
homeschoolingfamily,4491
mondaymorning,4492
chores,4493
colonelbradleyduke,4494
dukesinhouston,4495
mondaymotivation,4496
TrollsParty,4497
SensiMagLA,4498
bethechange,4499
bethereason,4500
smiles,4501
we,4502
oprah,4503
ava,4504
therealdaytime,4505
wendy,4506
whoopigoldberg,4507
theview,4508
Shoshin,4509
Faithfullyfashionable,4510
DonnaRoland,4511
imageconsultant,4512
architecture,4513
architecturephotography,4514
dragonballz,4515
cartoons,4516
goku,4517
kitchenrenovation,4518
ABUNDANCE,4519
mondaymorningmotivation,4520
pt,4521
Blindball,4522
Carebears,4523
GWURepresenter,4524
gettowork,4525
coworking,4526
BlackExcellence,4527
DavisLibrary,4528
overnightoats,4529
ShareWell,4530
HSMFashion,4531
harleyquinn,4532
koreancoffee,4533
maxim,4534
browbabe,4535
toplashes,4536
MondayVibes,4537
dallasrealestate,4538
timetosell,4539
sparklelikeyoumeanit,4540
salvationfurniturebytammy,4541
mondaymantra,4542
renttherunway,4543
BeautyDirector,4544
social,4545
welp,4546
scared,4547
dontshootthemessenger,4548
FBA,4549
amazonseller,4550
jenniferlawrence,4551
OctaviaSpencer,4552
ViolaDavis,4553
AllisonJanney,4554
changeyourlife,4555
savvy,4556
fashionblog,4557
nostress,4558
peaceofmind,4559
harmony,4560
spiritual,4561
redsox,4562
redsoxnation,4563
redsoxfan,4564
redsoxbaseball,4565
SandraBullock,4566
Tupac,4567
OSCARS,4568
patience,4569
positivequotes,4570
thinkpositive,4571
hope,4572
faith,4573
positivemind,4574
positivevibes,4575
TheMorningAfterShow,4576
DTLRRadio,4577
asheville,4578
night,4579
purebarre,4580
ltb,4581
hiittime,4582
twoadays,4583
pentagoncity,4584
letsgetit,4585
newopportunities,4586
latergram,4587
RHONY,4588
believe,4589
belief,4590
midset,4591
realtalk,4592
darling,4593
reality,4594
dalmatiansofinstagram,4595
dalmatiannation,4596
dalmatian,4597
dalmatianspotlight,4598
instadallas,4599
RobertLongo,4600
Boston,4601
icebreaker,4602
google,4603
womentechmakers,4604
ManicureMonday,4605
manimonday,4606
holographicnails,4607
duxbury,4608
noschool,4609
america,4610
maga,4611
trumpsupporters,4612
ericholderisafraud,4613
SBInTheMorning,4614
theincredibles,4615
getmorehappy,4616
Mondays,4617
SLAY,4618
JaeBrand,4619
DopeAssBLOG,4620
proAndCons,4621
1stWorldProblems,4622
Laugh,4623
Cry,4624
toolofthetrade,4625
makeityours,4626
bespokefashion,4627
12daysandcounting,4628
startthedayright,4629
wwe,4630
WWENXT,4631
WeAreNxt,4632
fiesta,4633
ButGOD,4634
cofcflyin2018,4635
slowfashion,4636
sustainablefashion,4637
LinkInBio,4638
lovequotes,4639
charmnecklace,4640
jfgirl,4641
bananaicecream,4642
nicecream,4643
protein,4644
newpost,4645
mcm,4646
fuckery,4647
breakfastofchampions,4648
SEWinSpecials,4649
BundlesINCLUDED,4650
BOOKNOW,4651
OpeningsThisWeek,4652
ATLANTA,4653
AtlantaHair,4654
Buckhead,4655
babycakes,4656
mymigraine,4657
myheart,4658
EmployeeAppreciation,4659
interpublicgroup,4660
neednonegativity,4661
columbusindian,4662
ConfluencePark,4663
motivationmonday,4664
nycweddingplanner,4665
mancrushmonday,4666
universalstudios,4667
boys,4668
jurassicpark,4669
finally,4670
radiofreekjlh,4671
MondayMotivation,4672
MuscleMamaMonday,4673
back10cellars,4674
blueskies,4675
Fatbiking,4676
VetEx,4677
Marvel,4678
Cosplay,4679
backstage,4680
pearls,4681
congrats,4682
Winner,4683
GET,4684
out,4685
black,4686
minimuralmonday,4687
NHD2018,4688
hechoenmexico,4689
mexicanpagüer,4690
cdmx,4691
airbrushmakeup,4692
titania,4693
stagemakeup,4694
Itsmyfavehangoverphoto,4695
freeShow,4696
friendshipoutting,4697
onliners,4698
lashlover,4699
12weektotalbodytransformation,4700
DeanStockwell,4701
darkages,4702
Skirmish,4703
snoopy,4704
charliebrown,4705
snoopyofinstagram,4706
peanuts,4707
peanutsofinstagram,4708
inspirationalmonday,4709
knitfastdiewarm,4710
makeitblissfull,4711
manicmonday,4712
mondaymood,4713
asf2016,4714
arnoldclassic2016,4715
arnoldstatue,4716
desert,4717
growth,4718
MeatlessMonday,4719
livinglavidacastro,4720
wedding,4721
engagementring,4722
londonellisfashion,4723
pickupjazz,4724
keyboard,4725
improv,4726
bluetiqueoxford,4727
oxfordohio,4728
vol,4729
Milwaukee,4730
Breakfast,4731
raw,4732
WellnessPursuits,4733
yogini,4734
yogaeverydamnday,4735
yogadaily,4736
singing,4737
boynemountain,4738
peoplesnowboard,4739
newbooks,4740
bookstagram,4741
sciencefiction,4742
scifi,4743
howtostoptime,4744
PSA,4745
ATCQ,4746
HotSex,4747
HSMSpotted,4748
Offset,4749
Quavo,4750
CardiB,4751
Madonna,4752
Migos,4753
Rap,4754
Rapper,4755
skiing,4756
diamondpeak,4757
bestview,4758
workinprogress,4759
handcarved,4760
farmlot59,4761
FloatingBy,4762
ExpoPark,4763
DTLA,4764
WashedOut,4765
moonday,4766
cycloneredbone,4767
surprisestadium,4768
springtraining,4769
lostboyssuck,4770
fitalumni,4771
placentaencapsulation,4772
upatthreeam,4773
city,4774
confidence,4775
photo,4776
bikini,4777
allnatural,4778
boymama,4779
newborn,4780
happymoments,4781
happymom,4782
marmirostones,4783
naturalstone,4784
interiordesign,4785
Wedding,4786
losgatos,4787
LaLa,4788
EltonJohn,4789
AIDS,4790
cloud,4791
blue,4792
trees,4793
pine,4794
pines,4795
scenicny,4796
mondayblues,4797
rudeawakening,4798
brianattwood,4799
NV,4800
LoveLikeASunset,4801
whatudo,4802
whatudoing,4803
whatyoydoingnow,4804
doit,4805
stoplyin,4806
justsaying,4807
lashbabe,4808
lashesforlife,4809
bestshitever,4810
mystpaul,4811
comeseeus,4812
OnlyinMN,4813
ALTBLACK,4814
whoisonetakecarter,4815
solomonkane,4816
nephew,4817
hotstuff,4818
bebrave,4819
worthit,4820
vanityfairoscarparty,4821
fortunecookie,4822
cookie,4823
fortune,4824
chinese,4825
chinesenewyear,4826
vino,4827
toosoon,4828
tooearly,4829
CreatedWithAdidas,4830
leftovers,4831
signs,4832
signsofnyc,4833
question,4834
fillintheblank,4835
hairbymarissamoran,4836
flashlift,4837
redken,4838
tampasalon,4839
phoenix,4840
washedout,4841
phantogram,4842
Smokey,4843
Nancy,4844
ywm2018,4845
shopping,4846
itlistcalifornia,4847
muchmusic,4848
MCM,4849
acecee_,4850
hotasianguy,4851
gameboi,4852
gameboila,4853
ishotasian,4854
TiaMowry,4855
BundleOfJoy,4856
BunInTheOven,4857
BabyBump,4858
MommyToBe,4859
Pregnant,4860
yesterday,4861
lovelyplace,4862
pictures,4863
ocean,4864
bigbubbles,4865
walkingaround,4866
cartrip,4867
GameBoiEvents,4868
happydance,4869
gct,4870
eltonjohnoscarparty,4871
beintentional,4872
businessbootcamp,4873
Innercircle,4874
bebold,4875
Irish,4876
NoraFleming,4877
EntertainingSimplified,4878
msjasminemasters,4879
potata,4880
chihuahuasofinstagram,4881
JeffreyShowLive,4882
showgirlsweho,4883
SpringBreak,4884
washyourhands,4885
share,4886
33rdSt,4887
PATHStation,4888
MakeOutMondayz,4889
VintageinNapaValley,4890
goblue,4891
umich,4892
bigten,4893
MidtownManhattan,4894
instaglenhanson,4895
minomonday,4896
masterpiece,4897
mce,4898
highlights,4899
음악,4900
위너스,4901
MidtownWest,4902
goodwillsale,4903
GarmentDistrict,4904
DISNEY,4905
MTASubway,4906
34thSt,4907
PennStation,4908
makemondayzGr8again,4909
GIVETHYSELFAHELLYEAH,4910
AndThatsGonnaBeTheBottomLineOfTheDay,4911
champions,4912
hail,4913
P2TG,4914
TiffanyHaddish,4915
shrimp,4916
lawrencefisheries,4917
grub,4918
MustKnowMonday,4919
OLTHS,4920
Trump,4921
MyEraFuckYourEra,4922
babyfarm,4923
goodtimes,4924
TeamStonerzInThisBitch,4925
lashartist,4926
lashday,4927
WeLoveAdina,4928
maplesyrup,4929
sugaring,4930
dummerstonvt,4931
likeforlike,4932
picoftheday,4933
vermontlife,4934
bike,4935
greatday,4936
musician,4937
singer,4938
songwriter,4939
guitar,4940
RussSolomon,4941
spacecamp,4942
doge,4943
instadog,4944
dogs,4945
huskyshepherd,4946
shepsky,4947
shepherdmix,4948
matcha,4949
mixfashion,4950
dalclub,4951
Thankful,4952
livingthedream,4953
crispybrows,4954
crispybrowsstudio,4955
kidbobot,4956
woodside,4957
castillobrothers,4958
cbc,4959
teamworkmakesthedreamwork,4960
dadjokes,4961
mayarudolph,4962
emptymfa,4963
murakami,4964
Oscars2018,4965
JenniferGarner,4966
AeroBlizzard,4967
Blizzy,4968
iloveyou,4969
artwork,4970
LAart,4971
imokwiththat,4972
fuckthefakeshit,4973
wise_supreme,4974
comesailaway,4975
PiscesSeason,4976
geekswhodrink,4977
pubquiz,4978
hamburgermarysweho,4979
jacyrocks,4980
geeks,4981
elegant,4982
eltonjohn,4983
ThereWillBeHaters,4984
mondaymeme,4985
LALGBTCenter,4986
youarelovedbymany,4987
MrStonerzBeLike,4988
взаимныеподписки,4989
MyHusbandIsCancerFREE,4990
hostsneworleans,4991
iceland,4992
longhair,4993
yas,4994
director,4995
therageweho,4996
katespade,4997
margaritamonday,4998
newchair,4999
samepose,5000
dogslife,5001
justchillin,5002
lunchbreak,5003
TurnUp,5004
milanchristopher,5005
bareminimum,5006
color,5007
bored,5008
stoic,5009
NewProfilePicture,5010
FlyFam,5011
consciouscanine,5012
tahoe,5013
nopoles,5014
nofear,5015
blacksun,5016
isamunoguchi,5017
spaceneedle,5018
modpizza,5019
prettyinpink,5020
valentine,5021
tampahairstylist,5022
colorcorrection,5023
maniMonday,5024
manicuremonday,5025
polishedDip,5026
ELCBoston,5027
kendricklamar,5028
johnfogerty,5029
zztop,5030
foreigner,5031
lynardskynard,5032
joanjett,5033
Facebook,5034
makeupbymarissamoran,5035
weddingsbymarissamoran,5036
Monday,5037
Focus,5038
Future,5039
MovingForward,5040
FINALLY,5041
DorchesterMA,5042
careeraftercancer,5043
seminar,5044
girltime,5045
daydrinking,5046
IndustryBesties,5047
MyDayOne,5048
Booth1708,5049
momcandidate,5050
Nascar,5051
powerpose,5052
1wtc,5053
signerose,5054
flyeaglesfly,5055
daylight,5056
running,5057
great,5058
pain,5059
ADR,5060
FDR,5061
tribeca,5062
weds,5063
vlog,5064
ourlove,5065
fiftyplus,5066
shero,5067
saxgirl,5068
heartbeat,5069
DoubleAdWednesday,5070
kombucha,5071
blackandwhite,5072
metoo,5073
LuisTapia,5074
NMMA,5075
papermache,5076
MBBABlackBar,5077
PaulaLeads,5078
aasorenxnyc,5079
waitingfortheweekend,5080
nycblogger,5081
premmeirl,5082
eloisemonroe,5083
babywheezus,5084
twoyearsold,5085
abcs,5086
HeathyChurch,5087
peeps,5088
oreo,5089
lululemon,5090
OpenSpace,5091
whispielashes,5092
prettylashes,5093
pestañas,5094
thebirds,5095
eames,5096
eameshousebird,5097
suzanneplushette,5098
tippihedren,5099
imbackatit,5100
gymmotivation,5101
fungi,5102
aubergines,5103
rice,5104
comfortfood,5105
Kitchen1214,5106
ubdss,5107
knittersofinstagram,5108
coffeeislife,5109
iphonex,5110
shoptheroostnapa,5111
pleaseshoplocal,5112
napastyle,5113
MasterClass,5114
taking,5115
credit,5116
grandcentral,5117
manhattan,5118
pumping,5119
doggo,5120
pupper,5121
puppiesofinstagram,5122
teamcopper,5123
teammochi,5124
cooperhewitt,5125
museum,5126
danhvo,5127
guggenheimmuseum,5128
museummile,5129
ScienceFair,5130
StemEducation,5131
PlanASoloVacationDay,5132
PigDay,5133
WearYellowDay,5134
Offwhite,5135
jumpman23,5136
Jordan1s,5137
offwhite1s,5138
soletoday,5139
solecollector,5140
complexsneakers,5141
dinneratthegrotto,5142
desk,5143
girlswholift,5144
yasqueen,5145
shelterdogsofinstagram,5146
teambuilding,5147
DMV,5148
AmzTheMarvelous,5149
collectart,5150
dimsum,5151
ourson,5152
alternating,5153
lunges,5154
squats,5155
DimpledChadDay,5156
greeneyes,5157
humpdayyy,5158
yournexthome,5159
LosAngelesBlade,5160
AgeOfAquaria,5161
wehocity,5162
themelancholyguy,5163
miniupfronts,5164
barrefitness,5165
pulses,5166
tampahair,5167
paleo,5168
poc,5169
cans,5170
craftcans,5171
nighthawk,5172
redhair,5173
hiitworkout,5174
pac,5175
humpdaymotivation,5176
joycewrice,5177
remix,5178
cityofangels,5179
rnb,5180
jazz,5181
WaddleAndFriends,5182
YearOfTheDog,5183
LunarYear,5184
HennessyXO,5185
laced,5186
laceclosure,5187
Hair,5188
kamelashcollection,5189
NationalBlackWomenInJazzAndTheArtsDay,5190
workout,5191
puking,5192
healthyisthenewskinny,5193
wisdomwednesday,5194
recharging,5195
volleyball,5196
fullmoon,5197
swipeleft,5198
lacefrontals,5199
highmaintenance,5200
JohnsCreek,5201
in,5202
blackhistorymonth,5203
goddess,5204
lacefrontalsewin,5205
womancrushwedensday,5206
fakenews,5207
DIRTMOVIE,5208
CONAN,5209
pâtéencroûte,5210
windowdisplay,5211
displaywindow,5212
march,5213
givethanks,5214
colors_of_day,5215
dailyart,5216
삼일절,5217
tatetullierphotography,5218
ZeroDiscriminationDay,5219
sogood,5220
OLYMPICS,5221
OSCARFILMS,5222
ANGELAPORTLANDIA,5223
ROCKCHALK,5224
VEGAS,5225
neyers,5226
THENORMALGIRLPODCAST,5227
balckmagic,5228
retro,5229
90s,5230
bubbles,5231
specialfriends,5232
vodka,5233
allthevodka,5234
quotestoliveby,5235
inspirationalquotes,5236
lulubelle,5237
classicjazz,5238
latenight,5239
writerslife,5240
soulfood,5241
favoritegenre,5242
schwarzenegger,5243
austrian,5244
Fuego,5245
brewyardbeerco,5246
pilotbatch,5247
mentalhealth,5248
WednesdayNight,5249
MPMongolianBBQ,5250
MPMongolian,5251
MenloPark,5252
manprayer,5253
becauseitstartswithus,5254
LoveLiftedMe,5255
resdogsnyc,5256
ArtisticBrainDamageEnt,5257
ice,5258
Dog,5259
Fortune,5260
lindavino,5261
heeks,5262
stiletto,5263
pumps,5264
scottsdale,5265
single,5266
meanseason,5267
sparkmarker,5268
unityhc,5269
blowweho,5270
hotguys,5271
muscle,5272
sexy,5273
drag,5274
dragqueen,5275
allusiatogo,5276
theHideout,5277
LiveNation,5278
gay_la,5279
WorldComplimentDay,5280
sacramento,5281
BuyingAHome,5282
sellingahome,5283
California,5284
DoTheRightThing,5285
SanFrancisco,5286
greenflash,5287
flags,5288
seriously,5289
allin,5290
lockedup,5291
warriorsvshawks,5292
HoneyExtractor,5293
GoGoCowboy,5294
FlamingSaddlesWeHo,5295
shezapk40,5296
ventura79,5297
latergeam,5298
osunlade,5299
femaledj,5300
dj,5301
djs,5302
chicagofemaledj,5303
deep,5304
thought,5305
picture,5306
guardianangel,5307
toyedmachi,5308
antiques,5309
Collectibles,5310
VintageToys,5311
Starwars,5312
Comicbooks,5313
sportscards,5314
NationalHorseProtectionDay,5315
davidlynch,5316
neko,5317
sun,5318
tatainti,5319
ra,5320
nature,5321
dailynature,5322
djbenla,5323
BLOWFRIDAYS,5324
joe_sparx,5325
brettsaariphotography,5326
rhealitre,5327
xtravagram,5328
DJ,5329
martinguigui,5330
nineeleven,5331
clubjete,5332
abianneoliver2,5333
shredded,5334
fml,5335
rain,5336
grandavenue,5337
viewsfromthebus,5338
vw,5339
volkswagen,5340
holiday,5341
nicaragua,5342
leggo,5343
kindasick,5344
ughhhh,5345
ElPoderEnTi,5346
landscapephotography,5347
sunsetsession,5348
cloudporn,5349
light,5350
jacklit,5351
ncorsano,5352
davehallnyc,5353
booze,5354
calmneforethestorm,5355
manhattanbeach,5356
stacy,5357
stdoftheheart,5358
comedyshow,5359
comedian,5360
Bigguy,5361
QuadCities,5362
jattyrobinson,5363
Rashadbashir,5364
goosebumps,5365
diffrentworld,5366
factss,5367
uhuhuh,5368
fiyah,5369
hilarious,5370
CoreyHales,5371
Guitar,5372
valerie,5373
harlemnightsbar,5374
averyharden,5375
averyhardhiphop,5376
entertainer,5377
passion,5378
rap,5379
q,5380
killingmesoftly,5381
tyrone,5382
erykahbadu,5383
laurynhill,5384
robertaflack,5385
losing,5386
sing,5387
greatmusic,5388
thevibe,5389
liveband,5390
weinlove,5391
igotatype,5392
justkidding,5393
maybe,5394
sorta,5395
goodnight,5396
moviemaker,5397
charli_xcx,5398
optimismwins,5399
ThingsThatMakeYouSayHmmm,5400
MusicStateOfMind,5401
good_morning,5402
toptags,5403
mornings,5404
goodmorningpost,5405
woodstock,5406
stpatricksday,5407
loveoverlattes,5408
buckhead,5409
trip,5410
springfashion,5411
piscesseason,5412
standout,5413
resale,5414
TinyActionFigures,5415
KickAss,5416
venezuela,5417
morningwalk,5418
almosthere,5419
schooldays,5420
gardens,5421
dreaming,5422
lush,5423
appliquequilt,5424
ovbrantleyquilts,5425
representationmatters,5426
tchalla,5427
MorningGreetings,5428
Peaceloveandblessings,5429
BelieveInYourself,5430
DefyAllOdds,5431
reboot,5432
MarchSpecials,5433
paz,5434
coloredacrylic,5435
gold,5436
swarovskicrystals,5437
rainraingoaway,5438
ReverseHappyHour,5439
ThirstyThursday,5440
ImProsecco,5441
FutureZahir,5442
appreciation,5443
takeadvantage,5444
bigthings,5445
littlethings,5446
moon,5447
stars,5448
sickness,5449
springiscoming,5450
springevents,5451
springweddings,5452
Puppetmaster,5453
KhloeKardashian,5454
March2018,5455
BirthdayMonth,5456
ThisShirtSavesLives,5457
crazyanimallover,5458
ilovedogs,5459
doglover,5460
maryanncjohnson,5461
carlyflower,5462
elnopal,5463
happymarch,5464
Marzo,5465
NewMonth,5466
behappy,5467
fabulous,5468
weightlossjourney,5469
PopSocket,5470
SaintDavidsDay,5471
hilton,5472
yelpreview,5473
10percentoffnextservice,5474
nyclashes,5475
socialworkmonth,5476
hellomarch,5477
shamrockfest,5478
springbreak,5479
springbulbs,5480
getPT1st,5481
physicaltherapists,5482
FightForTheBite,5483
TeamMK,5484
Allin,5485
lifeistobecelebrated,5486
lifeistobeenjoyed,5487
happyplace,5488
namaste,5489
stretch,5490
innerpeace,5491
stability,5492
DrakeNight,5493
rosebud,5494
coworkinglife,5495
westu,5496
legacy,5497
coffeeismydrug,5498
InGuadWeTrust,5499
showers,5500
showersofflowers,5501
future,5502
riseandgrind,5503
dream,5504
dreambig,5505
grindingseason,5506
realgrinding,5507
hardwork,5508
LetsGetReadyToRumble,5509
Godzilla,5510
KingKong,5511
ILoveMovies,5512
Teaser,5513
MovieArt,5514
PosterArt,5515
Kaiju,5516
nationalweddingplanningday,5517
extensions,5518
easymakeup,5519
easymornings,5520
Poetry,5521
Aprilrainsong,5522
LangstonHughes,5523
alwayslove,5524
thecountryneedsaxanax,5525
thursdayness,5526
thursdayseasonings,5527
MayaAngelou,5528
feelitonthefirst,5529
mammogram,5530
WorldBookDay,5531
ItsMagic,5532
LordLife,5533
SavageAF,5534
BHM,5535
BeersWithTheBrewers,5536
lorenzolive2018,5537
grande,5538
penguins,5539
falling,5540
mirrorselfie,5541
sillyboy,5542
LastNight,5543
KTown,5544
NationalWeddingPlanningDay,5545
ecoluxelounge,5546
puppies,5547
dumpster,5548
foster,5549
ict,5550
teamtitus,5551
Mangia,5552
proteinpancakes,5553
itworks,5554
livingthebabiatorslife,5555
shopforbaby,5556
shalom,5557
memories,5558
latebreakfast,5559
earlylunch,5560
cantdecide,5561
haveahappythursday,5562
youtube,5563
HallAndOates,5564
caitrionabalfe,5565
NationalPeanutLoversDay,5566
littlelovebutton,5567
bestlentever,5568
africanwaxprint,5569
iranianprotests,5570
IranProtests,5571
iraniangirl,5572
YPN,5573
nationalpeanutbutterday,5574
heb,5575
pbcrave,5576
sleepneeded,5577
tmnt,5578
oldskool,5579
martialarts,5580
bblashlift,5581
wakeuplikethis,5582
lashliftandtint,5583
eggmazing,5584
moreeggs,5585
morecolor,5586
MelB,5587
PrinceHarry,5588
AliceColtrane,5589
babiesofinstagram,5590
cutebabies,5591
boutiquefitness,5592
last,5593
show,5594
whiskyagogo,5595
hoping,5596
cherryblossoms,5597
worstdayever,5598
MeteorologicalSpring,5599
nationalworkoutbuddyday,5600
famous,5601
Tony,5602
tour,5603
brewerytour,5604
inclusive,5605
BIGFACTS,5606
pritalk,5607
prilife,5608
AlexanderValley,5609
Sonoma,5610
WineCountry,5611
BringOnSpring,5612
doxiebutt,5613
ontheblog,5614
COURAGE,5615
soak,5616
sip,5617
taketimeforyourself,5618
priceless,5619
drseuss,5620
drsuessbirthday,5621
drseussweek,5622
Nashvillenights,5623
sandiegosunset,5624
ultimatecapture,5625
postcardsfromtheworld,5626
btconeshot_braids18,5627
btconeshot_upstyling18,5628
behindthechair,5629
spanishamericancenter,5630
leominster,5631
joinus,5632
breadporn,5633
bestcity,5634
grittycity,5635
allthingsny,5636
eatingdisorderdietitian,5637
bartenderservice,5638
DDoM2018,5639
benchpressedrepost,5640
beast,5641
itrunsinthefamily,5642
3yrold,5643
3yroldbeast,5644
sled,5645
87pounds,5646
87lbssled,5647
trainersdaughter,5648
muscles,5649
gunshow,5650
view,5651
aspencolorado,5652
aspen,5653
forum,5654
phi,5655
forumphi,5656
roomwithaview,5657
ByAnyMeansNecessary,5658
worldbookday,5659
Issa,5660
ReVivALL,5661
champagnebrunch,5662
buffet,5663
jansenclinerams,5664
morningwakeups,5665
welcometoourworld,5666
iloveher,5667
muses,5668
Kent,5669
Ohio,5670
crystals,5671
crystalhealing,5672
metaphysical,5673
energy,5674
nowall,5675
StrikingApose,5676
Ynot,5677
SleekInTheCity,5678
AllEyesOnMe,5679
stressrelief,5680
ilovestarbucks,5681
heartbroken,5682
alcoholismhurtseveryone,5683
healthychurch,5684
challenge,5685
Holi,5686
indianholiday,5687
vibrant,5688
vibrantliving,5689
holifight,5690
cardio,5691
favorite,5692
shopwindow,5693
shopscenes,5694
checkupday,5695
culvercity,5696
myBFF,5697
megaships,5698
SPRING,5699
lola76,5700
resort,5701
leathergoods,5702
totes,5703
TJazelle,5704
oatmilk,5705
flatwhite,5706
UWS,5707
westisbest,5708
JournalSquare,5709
JerseyCity,5710
NJ,5711
charlixcx,5712
soposh___,5713
PurimBegins,5714
paradox,5715
14thStreet,5716
PathStation,5717
WestVillage,5718
GreenwichVillage,5719
cinderella,5720
crocs,5721
princecharming,5722
ONLYATTHEDINAH,5723
sleep,5724
position,5725
fetus,5726
soldier,5727
headshot,5728
hairstyle,5729
babyface,5730
morganmcmichaels,5731
aboriginal,5732
aboriginalart,5733
indigenous,5734
indigenousart,5735
letter,5736
takemetoanotherplace,5737
WV,5738
JadenSmith,5739
DisneyxSupra,5740
homebuyers,5741
thesaddestangel,5742
happyhour,5743
ThankYou,5744
loyalclient,5745
awesomecon2015,5746
fridayjr,5747
thedumbstylemixtape,5748
myparents,5749
womenmonthcelebration,5750
lovemesomewomen,5751
yallgottawholemonth,5752
paleoish,5753
gumbo,5754
pinterest,5755
kissthecook,5756
approved,5757
KeepYourEyeOnTheSky,5758
bluemoonrising,5759
bluemoon,5760
bluemoon2018,5761
virgo,5762
bcd18,5763
farmtofork,5764
supperclub,5765
gypsyjazz,5766
CombsCrew,5767
buythelashes,5768
giftcertificatesavailable,5769
Students,5770
prison,5771
community,5772
saintpatricksday,5773
heels,5774
pedicure,5775
champagne,5776
henry,5777
visit,5778
indiana,5779
fathersdaughter,5780
UnderControl,5781
CantGiveAFuck,5782
MarysWeHo,5783
YES,5784
attitudemagazine,5785
jamescorden,5786
meatball,5787
courtneyact,5788
flinnfluence,5789
tickets,5790
justintimberlake,5791
JT,5792
concert,5793
starrland,5794
newedit,5795
fineart,5796
graphicnovel,5797
LeonsBBQ,5798
becoming,5799
ChicosAngels,5800
cannolilove,5801
cannoliallday,5802
holycannoli,5803
houstonhall,5804
craftbeernyc,5805
BollySoul,5806
bollywoodstyle,5807
classpassla,5808
happysurgeon,5809
plasticsurgery,5810
ilooklikeasurgeon,5811
ilooklikeaplasticsurgeon,5812
instadaily,5813
godsplan,5814
puremichigan,5815
michiganders,5816
midwestproblems,5817
BlueMoonOnTheRise,5818
FullMoon,5819
FULLmoon,5820
magneticEnergy,5821
comePlayWithMe,5822
pyro,5823
idesofmarch,5824
daylightsavings,5825
embraceLove,5826
EraseHate,5827
AndThisIsSTILLMyMessageToYou,5828
TimeHopVideo,5829
reddevil,5830
scout,5831
bobber,5832
NeverGiveUp,5833
NeverStayDown,5834
taodowntown,5835
isitfridayyet,5836
tao,5837
whereisbestie,5838
moneyblog,5839
TheRavenKing,5840
zuni,5841
thatcaesartho,5842
gradschool,5843
minivacay,5844
gimmedat,5845
raceralumni,5846
shopkitty,5847
blackcat,5848
comic,5849
alpharettarealtor,5850
GoSacRepublic,5851
sundaysareforlovers,5852
YouTube,5853
arrozcongandules,5854
puertorico,5855
beatmaking,5856
ableton,5857
mondayinspiration,5858
goodkarmastudio,5859
todayspecial,5860
stitch,5861
disneypin,5862
uptonogood,5863
lovemyblacklab,5864
fitdate,5865
EliminationChamber,5866
GETTHESEHANDS,5867
financing,5868
home,5869
housegoals,5870
buyingahome,5871
buyahome,5872
californialiving,5873
dolewhip,5874
dolewhipfloat,5875
balanced,5876
diet,5877
hand,5878
cookies,5879
cookiemonster,5880
PistolPatentDay,5881
NationalChiliDay,5882
Ocotillo,5883
resilient,5884
drought,5885
tolerant,5886
drstoneburner,5887
roblox,5888
peppapig,5889
animaljam,5890
stretcharmstrong,5891
nytf,5892
twochloepostsinoneday,5893
chloe,5894
sweetgirl,5895
brooklynbridge,5896
skyline,5897
pisces,5898
birthdaymonth,5899
sundaysaffair,5900
finishlineinsight,5901
dontletup,5902
makethenamemeansomething,5903
letsgomonisteviechristianalana,5904
instadal,5905
welcometonewyork,5906
Unplugged,5907
HOSTED,5908
drink,5909
drinklocal,5910
kaffee,5911
caffeine,5912
cbuscoffee,5913
FrankSinatra,5914
ModernismWeek,5915
PalmSprings,5916
glosses,5917
barleyrisotto,5918
mushrooms,5919
okra,5920
courgettes,5921
vegancooking,5922
theater,5923
theatre,5924
broadway,5925
broadwayplay,5926
play,5927
angelsinamerica,5928
BHP3,5929
papersalt,5930
bajaporvida,5931
nohurries,5932
noworries,5933
bajajunkies,5934
beet,5935
pita,5936
asparagus,5937
heaven,5938
bellabean,5939
sheranfromme,5940
EncourageWave,5941
meatopia,5942
fogodechao,5943
artificialintelligence,5944
masterofmycraft,5945
movies,5946
visionboard,5947
weddingcake,5948
RAW,5949
MondayNightRaw,5950
walkinginawinterwonderland,5951
zerofucksgiven,5952
alaskangrownpapa,5953
nobadweatherjustbadgear,5954
chefknows,5955
chefrockd,5956
rockdrecipes,5957
privatechef,5958
liquidsunshine,5959
htfu,5960
hardenthefuckup,5961
captainnofeels,5962
Merida,5963
Mexico,5964
iClass,5965
BMW,5966
i3,5967
TPW,5968
ThePresleyWay,5969
angelabassett,5970
abff,5971
dandremichael,5972
LegendaryBingo,5973
dragqueenbingo,5974
currentlyreading,5975
moniquewmorris,5976
30minutesanight,5977
SrideviKapoor,5978
thehookahguyz,5979
thepalace,5980
sunsets,5981
townleygirl,5982
glamsquad,5983
Corkcicle,5984
shora1835,5985
outforawalk,5986
ckjflyer,5987
ForPetesSakeDay,5988
NationalPistachioDay,5989
CarnivalDay,5990
NationalBaconDay,5991
ABFFHONORS,5992
AmericanBlackFilmFestival,5993
happiest,5994
born,5995
faces,5996
creepy,5997
ilovemyson,5998
mywholeworld,5999
theonlyboyineed,6000
fubarla,6001
DragShow,6002
cozmickissess,6003
wakanda,6004
djboothchronicles,6005
gruvgear,6006
gruvartist,6007
ernieballmusicman,6008
ernieball,6009
squaddeep,6010
mixodyssey2018,6011
SaveYourSoul,6012
wegreat,6013
DinnerContest,6014
TheWalkingDead,6015
behindthescenes,6016
ktla,6017
vmfa,6018
terracottawarriors,6019
Entrepreneur,6020
closingceremonys,6021
malbec,6022
DontWeareachotherOut,6023
5Cs,6024
exhausted,6025
TellAFairyTaleDay,6026
LeviStraussDay,6027
RIP,6028
SuperSunday,6029
panorama,6030
pack,6031
JohnLove,6032
GraysonMoonMusic,6033
moustache,6034
estril,6035
wishitwasntover,6036
bestsisterEVER,6037
FAB5FREDDY,6038
bathbomb,6039
bathtime,6040
sweetbubble,6041
househunting,6042
BatmanVSBane,6043
LOTR,6044
womentellall,6045
spreadingmywings,6046
imfamousnowbye,6047
howamispencerriedsuddenly,6048
rehearsal,6049
bass,6050
bassmanclark,6051
slap,6052
Grateful,6053
BigLaughs,6054
chromenails,6055
chromeeffect,6056
blingnails,6057
bling,6058
booknow,6059
shortnorth,6060
lovingyou,6061
positiveattitude,6062
newbeginnings,6063
beginagain,6064
mediate,6065
yogaistheanswer,6066
finished,6067
blackpanthermovie,6068
blackpanthersolit,6069
bibimbap,6070
korean,6071
brookfieldplace,6072
helpmedown,6073
bonnieandclyde,6074
businesspartner,6075
lovers,6076
partnerincrime,6077
SpaceshipEarthSunday,6078
ArmieHammer,6079
OmariHardwick,6080
ABFF,6081
bandcampexclusive,6082
hasanyoneseenthemoon,6083
USC,6084
ProudAlumna,6085
Sisters,6086
jimmorrison,6087
thedoors,6088
dagger,6089
shelookspretty,6090
infiniti,6091
qx50,6092
huntleyil,6093
iphone7plus,6094
WeHoKaraoke,6095
readytorock,6096
brucewillis,6097
mission,6098
project,6099
melaninpoppin,6100
wifey,6101
faultline,6102
markpettis,6103
african,6104
cornrows,6105
elizabeth,6106
turn,6107
flashback,6108
6th,6109
chefgigimills,6110
Vero,6111
scorpios,6112
inthestudio,6113
orangetabby,6114
catlife,6115
MBaku,6116
10daystogo,6117
BecomingOld,6118
sundaynight,6119
shmood,6120
djbrynntaylor,6121
natalieimbruglia,6122
torn,6123
loves,6124
brother,6125
GoodGirls,6126
MustSee,6127
DJGrantSmith,6128
tonystark310,6129
MusicalMondays,6130
emotionalsupportdog,6131
Erewhon,6132
thepalacela,6133
fuckwithmeyouknowigotit,6134
warmweather,6135
missingmiami,6136
bloggerlife,6137
hiddenfigures,6138
edpalabra,6139
greginlosangeles,6140
hozzaye,6141
waxahatchee,6142
BlackHistoryMonthProfile,6143
HennessyVS,6144
NationalPersonalChefsDay,6145
wrexhamroadreadingseries,6146
icecream,6147
kickass,6148
rustic,6149
candybar,6150
tomyson,6151
beproud,6152
youareloved,6153
myson,6154
winner,6155
positive,6156
goodvibes,6157
mom,6158
paparazziaccessories,6159
StellarAward,6160
FirstBornSon,6161
BrandenMichaelGriffin,6162
Jamaica,6163
Queens,6164
NY,6165
mentalhealthmonday,6166
Motivated,6167
Determined,6168
ralphlauren,6169
uppereastside,6170
madisonavenue,6171
WaitingOnYou,6172
MartyB,6173
Childhoodmemories,6174
Kidstodaywillneverknow,6175
merp,6176
tryingtofigureouthowthisworks,6177
thanksfdny,6178
coterie,6179
workforit,6180
congratulations,6181
retirement,6182
enoughisenough,6183
guncontrol,6184
DriveTime,6185
lolas,6186
wemadethis,6187
mexicanpower,6188
mexicoistheshit,6189
yesss,6190
killmonger,6191
njadaka,6192
realrevolutionary,6193
goldenjaguar,6194
FIRE,6195
LegalizeIt,6196
WakeNBake,6197
chinatown,6198
215philly,6199
igers_philly,6200
mondaymeditation,6201
yearofthedog,6202
realestatematchmaker,6203
lemongrass,6204
fleamarket,6205
notgoingtodoathingtoday,6206
restday,6207
BestDayEver,6208
EarlyBirdGetsTheWorm,6209
go,6210
get,6211
it,6212
MONDAYMINDSET,6213
holdingspace,6214
lettinggo,6215
stillness,6216
creatingspace,6217
Domo,6218
Meme,6219
RockToday,6220
YouRule,6221
yogainspiration,6222
RoyalShit,6223
WorkFlow,6224
daily,6225
Word,6226
ourdailybread,6227
thickthighssavelives,6228
Coworking,6229
LocalOffice,6230
GetToWork,6231
Coffee,6232
follow,6233
bluemonday,6234
getshitdone,6235
artinmotion,6236
RodeoDrive,6237
CONFIDENT,6238
doctorstrange,6239
ILoveYou,6240
ORLANDO,6241
CHICAGO,6242
30daysongchallenge,6243
theblackkeys,6244
selfesteem,6245
trust,6246
brooklynites,6247
mortgage,6248
lender,6249
bank,6250
loanofficer,6251
orangecounty,6252
letgo,6253
mindfulness,6254
nodaybuttoday,6255
dontliveinthepast,6256
apologizeforwhat,6257
dontlikeitdontlook,6258
eldoradonaturecenter,6259
forest,6260
infrared,6261
720nm,6262
bnw,6263
Happy9thBirthday,6264
thoughtsandprayers,6265
timetodiagnosis,6266
scantools,6267
jaguarftype,6268
codes,6269
autologic,6270
fuelpump,6271
stlgram,6272
shorteats,6273
RevivALL,6274
ClientLove,6275
paulsmithla,6276
DaddyScott,6277
changeisgood,6278
lifelessons,6279
houseofsecrets,6280
JaeSlay,6281
SEO,6282
crazyhatday,6283
spiritweek,6284
dad,6285
picofday,6286
instacute,6287
핑크핑크,6288
JamesBaldwin,6289
WordsOfWisdom,6290
springfieldpolicestation,6291
springfield,6292
simpsons,6293
elbartowashere,6294
bart,6295
simpson,6296
georgelucas,6297
reminder,6298
DrLee,6299
manicureMonday,6300
readyforwintertobeover,6301
birdsofinstagram,6302
Mondaymotivation,6303
wishmeluck,6304
havethecourage,6305
followyourheart,6306
floralprint,6307
pinkpanther,6308
cheeky,6309
dancer,6310
supergirl,6311
karadanvers,6312
UnionJack,6313
Museumoficecream,6314
HaveIt,6315
mondayfeels,6316
watchoutweek,6317
worldofdance,6318
raleigh,6319
raleighnc,6320
fitnessmodel,6321
lifebalance,6322
masters,6323
crossfitopen,6324
18point1,6325
OpenMicMusicNight,6326
sleepy,6327
imissmybed,6328
imactuallyatwork,6329
CubOfTheDay,6330
48yearsago,6331
nationalpublicradio,6332
perspective,6333
grandcanyon,6334
grandcanyonnps,6335
canyon,6336
findyourpark,6337
Labiaplasty,6338
TVCJAX,6339
squishyfacecrew,6340
omgshoes,6341
lavender,6342
frenchie,6343
higherlevel,6344
lymphaticdrainage,6345
smphytotherapy,6346
snacks,6347
TBMONDAY,6348
YL,6349
essentialoils,6350
youngliving,6351
essentialrewards,6352
paypal,6353
halloween,6354
indianajonescosplay,6355
nuncostume,6356
DrJr,6357
YourTHENPreparedYouForYourNOW,6358
Uma,6359
beboldbeuma,6360
momtrepreneur,6361
GirlBoss,6362
GinaInRealEstate,6363
everyyearagift,6364
february,6365
dachshundsofinstagram,6366
dachshund,6367
weeniedog,6368
dappledachshund,6369
RepostSave,6370
TRLW,6371
1sonandotherstories,6372
royalpalms,6373
teacherslovepietoo,6374
lashmommy,6375
Depression,6376
standingbowpose,6377
dandayamanadhanurasana,6378
sanskrit,6379
vagina,6380
hellobeautifulbridal,6381
beyourownkindofbeautiful,6382
bestofkearney,6383
Kearney,6384
converse,6385
cons,6386
ctas,6387
NEWVIDEO,6388
pretendfriends,6389
fairweather,6390
usersandabusers,6391
sethchernoff,6392
MeInTheLadiesRoom,6393
WorkFlo,6394
DressedInAllBLACK,6395
foresthill,6396
foresthillcemetery,6397
patchoulinomad,6398
handmade,6399
babybib,6400
cassettebib,6401
proteinshake,6402
weights,6403
toning,6404
Ketones,6405
KetoMax,6406
yogalove,6407
SoCal,6408
CONSISTENT,6409
TheMorningAfterPill,6410
colehaan,6411
capitoltour,6412
timewithmygirl,6413
dclife,6414
locals,6415
azgirl,6416
SleepingBB,6417
Dawn,6418
Angel,6419
lolconfettipop,6420
katesupstate,6421
Bandol,6422
KazumaSushi,6423
EastSanJose,6424
theconisreal,6425
thewordmadefresh,6426
mondaymornings,6427
WASHINGTONDC,6428
successful,6429
successfullife,6430
successmore,6431
successaf,6432
dontsettleforless,6433
dontsettle,6434
justsayin,6435
foodie4mile,6436
Sukiyaki,6437
hotpot,6438
Louieman,6439
blackgirlsaremagic,6440
rainbow,6441
confetti,6442
myloves,6443
nuitlustxpussypower,6444
haircut,6445
plasmacar,6446
KeepCalm,6447
HealTheWorld,6448
Transformer,6449
artinstallation,6450
ReadAcrossAmericaWeek,6451
allwhiteoutfit,6452
vintagestyle,6453
underwearasouterwear,6454
psychologicalthriller,6455
irule,6456
planetearth2,6457
planetearth,6458
planetearthii,6459
peliculaza,6460
fitnessquotes,6461
motivationalquote,6462
motivate,6463
motivated,6464
active,6465
MYSTPAUL,6466
japanesedoneright,6467
colorinspiration,6468
vintagescarf,6469
stripes,6470
omnivoyant,6471
longrun,6472
marathontraining,6473
lamarathon,6474
30daychallenge,6475
irunLA,6476
solobianco,6477
trebbiano,6478
chardonnay,6479
passerina,6480
buono,6481
BaristaDayOff,6482
comiccon,6483
lexingtoncomiccon,6484
referafriend,6485
micromagic,6486
browsonpoint,6487
bubblebath,6488
eastjesus,6489
slabcity,6490
niland,6491
saltonsea,6492
mannequin,6493
bighairdontcare,6494
travelmakesmehappy,6495
JEOloves2eat,6496
Over30,6497
FML,6498
BillCosby,6499
EnsaCosby,6500
lowestpriority,6501
TOTD,6502
ImAtWork,6503
IPromise,6504
liftshitupandputitdown,6505
cleanandjerk,6506
SOLD,6507
radhishahteam,6508
ReCap,6509
highfive,6510
gauges,6511
earrings,6512
MakeupMonday,6513
buyaprint,6514
paidinfull,6515
90YearsStrong,6516
KeepThemSafe,6517
ThankYouForYourService,6518
nordstromtampa,6519
Stronger,6520
icebucket,6521
vintageicebucket,6522
NoFilterNeeded,6523
venice,6524
realresults,6525
realpatients,6526
nmt,6527
park,6528
workflow,6529
pumprules,6530
pumprestaurant,6531
Instagay,6532
clubrage,6533
brandonanthony_,6534
bashlaevents,6535
wildflowers,6536
attitude,6537
psblogger,6538
plussize,6539
extrovert,6540
introvert,6541
upat3am,6542
spring2018,6543
sullysisopen,6544
SANTACRUZ,6545
getPamperedAtPolished,6546
getPolished,6547
ChicagoWest,6548
KimKardashianWest,6549
1871FromHere,6550
lovethem,6551
crawfishboil,6552
special,6553
comeandgetit,6554
90oscars,6555
toryburch,6556
ChanelIman,6557
NYGiants,6558
SterlingShepard,6559
90sFriendsReunion,6560
EastridgeArt,6561
fashion101,6562
ILoveToMove,6563
feta,6564
salad,6565
poppyseed,6566
dressing,6567
matic,6568
manchester,6569
manchesterunited,6570
goal,6571
cleavage,6572
naturalbokeh,6573
ripple,6574
thaw,6575
menu,6576
cornedbeef,6577
cabbage,6578
Cajun,6579
spiced,6580
individuallashes,6581
beyondbaroque,6582
venicebeats,6583
BruceLeeTheBeta,6584
lovemypets,6585
avengers,6586
denverbabies,6587
lettuceoffspring,6588
simone,6589
sanpedro,6590
thatswhatshesaid,6591
pottedkitty,6592
ifitfitsisits,6593
catsofalgierspoint,6594
itsthethoughtthatcounts,6595
MyFishStop,6596
shure,6597
sm58,6598
BearPeak,6599
Boulder,6600
discoverportrait,6601
kiddos,6602
VitaminSea,6603
dose,6604
StaySober,6605
ironman,6606
HashTags,6607
HTers,6608
pinupgirl,6609
pinuphair,6610
healthyfood,6611
heartyfood,6612
bookclub,6613
rayban,6614
a1,6615
a1vipentertainment,6616
vip,6617
luxury,6618
LaunchParty,6619
cranberry,6620
newbabygift,6621
babyshower,6622
saved,6623
noexcuses,6624
kings,6625
PigPop,6626
SingleOrigin,6627
Chocolate,6628
cosplayvouge,6629
cosplayvougehouston,6630
startemyoung,6631
aprèsski,6632
SquadGoals,6633
JayZ,6634
AnthonyAnderson,6635
DaveChappelle,6636
OscarWinners,6637
KobeBryant,6638
polisheddip,6639
ombrenails,6640
DeepHouse,6641
DanceMusic,6642
roxanneroxannethemovie,6643
sundancefilmfestival,6644
lfl,6645
boudoirphotography,6646
portraitpage,6647
Oscar,6648
plzbelieveit,6649
roxanneshante,6650
ManCrushMonday,6651
topten10,6652
TheBay,6653
teacherfeature,6654
dickmitized,6655
analogphotography,6656
kodakgold200,6657
RapSessions,6658
wallthickart,6659
cubsfan,6660
graffiti,6661
newhouse,6662
schatzi,6663
ThaEastsidaz,6664
Eastsidaz,6665
ES,6666
snoopdogg,6667
goldieloc,6668
bigtraydeee,6669
navypier,6670
rampup18,6671
buddha,6672
bridgeportartcenter,6673
bardogs,6674
PeaceCorpsDay,6675
DayOfTheDude,6676
MotheringSunday,6677
mobilbartender,6678
bartendersforanyoccasion,6679
SocialNetwork,6680
turbos,6681
unleashthebeast,6682
InternationalWomensDay2018,6683
yorkiesofinstagram,6684
teamcaptain,6685
DarkSkys,6686
Him,6687
MCE,6688
strongerthanyesterday,6689
backtobackchamps,6690
bloganniversary,6691
aconfidentyou,6692
thepowerisyou,6693
mikerome,6694
portraitmode,6695
205live,6696
nxt,6697
wwenxt,6698
ChiokeDmachi,6699
festival,6700
company,6701
Wallaby,6702
OrganicGreek,6703
NonFatYogurt,6704
eggwhites,6705
SizzlingSaffronShrimp,6706
Instagrams,6707
ZoëKravitz,6708
Eats,6709
FastFood,6710
SaintLaurent,6711
davidroundtree,6712
hippo,6713
DiageoRep,6714
Smirnoff,6715
SmirnoffSourced,6716
Watermelon,6717
FF,6718
oreganos,6719
legalizemarinara,6720
junglebook,6721
MexicansBeLike,6722
transformationaltravel,6723
IndieFashionWeek,6724
OverDoseEyeWear,6725
risingstar,6726
Ochentoguense,6727
IgotTheMemo,6728
IndieFashionWeek18,6729
qualitytime,6730
familyismostimportant,6731
thisIcando,6732
littlebylittle,6733
SofiaKovalevskayaMathDay,6734
OreoCookieDay,6735
Trust,6736
beautyandthebeast,6737
Riesling,6738
Trocken,6739
workingonyourdayoff,6740
youstaythirstysd,6741
nationalbarbieday,6742
vitaminsea,6743
tragametierrayescupemeenlaplaya,6744
playita,6745
MondayFunday,6746
wegotthis,6747
bangheadhere,6748
poetswalk,6749
mason,6750
teacups,6751
notmypresident,6752
amerikkka,6753
diverse,6754
change,6755
BradPitt,6756
HookUp,6757
Beyonce,6758
MaryJBlige,6759
Celebratory,6760
AfterParty,6761
babyblanketknittingdesign,6762
DJIMavicPro,6763
drone,6764
lashes,6765
motivationalmonday,6766
RESPECT,6767
abuse,6768
sexually,6769
hxc,6770
triple,6771
Jonah,6772
HorrorArt,6773
ILoveHorror,6774
HorrorKeepsMeSane,6775
MichaelJackson,6776
PaulMcCartney,6777
TheWolfMan,6778
soulDELUXE,6779
oceanbeach,6780
missionbay,6781
seaworldsandiego,6782
socalsunset,6783
ccxfossil,6784
workparty,6785
MrStonerzWuzRightAgain,6786
BlazedAndAmused,6787
afrobeat,6788
fso,6789
baddies,6790
ivesDidit,6791
mondaymemories,6792
nowimhungry,6793
communityconversations,6794
HorrorMeme,6795
WordsToLiveBy,6796
ILoveHorrorMovies,6797
here,6798
lived,6799
muhammadali,6800
inspiringothers,6801
supportingothers,6802
communitybusiness,6803
SaintPatricksDay,6804
Compton,6805
HubCity,6806
lolsurprisedolls,6807
ALLIN,6808
ruesofinstagram,6809
DedicatedToYouMama,6810
MamaMarsha,6811
ConstantCraving,6812
MissChatelaine,6813
A,6814
Voice,6815
lovefactoryny,6816
charging,6817
voltex,6818
sedona,6819
babycow,6820
peta,6821
meatkills,6822
meatfreemonday,6823
meatless,6824
research,6825
loveyoulongtime,6826
different,6827
school,6828
Healthyrelationships,6829
frenchconnection,6830
savoirfaire,6831
afternoon,6832
beautifulsky,6833
dusk,6834
dusktilldawn,6835
skyporn,6836
fav_skies,6837
seattleskyline,6838
parenting101,6839
Queen,6840
thankfulthursday,6841
prayingforpeace,6842
gratefultoGod,6843
parents,6844
mydadbirthdayballoons,6845
MarketingMonday,6846
avalance,6847
thankgoditsover,6848
nomoremondayblues,6849
SirioMaccione,6850
FrenchCuisine,6851
december,6852
same,6853
age,6854
ImJustHere4MySelphies,6855
SnoopDogg,6856
caviar,6857
24k,6858
timelapse,6859
makeitrain,6860
MitchySlick,6861
collab,6862
Longbeach,6863
SANDIEGO,6864
Kindness,6865
bekind,6866
bekindalways,6867
kindnessquotes,6868
khalilgibran,6869
amen,6870
latenightdevo,6871
youversion,6872
riphunter,6873
souffle,6874
desserts,6875
PourSomeSugarOnMe,6876
abstract,6877
margieplus,6878
becomingabetterme,6879
vegetarian,6880
GymBarWeHo,6881
kimorablac,6882
portland,6883
oregon,6884
washington,6885
Chrome,6886
Windows,6887
Microsoft,6888
Clang,6889
bar10crown,6890
NippleCream,6891
Skin,6892
Dreamer,6893
PlayaVistaLife,6894
dirtyburty16,6895
allhandondeck,6896
ToDo,6897
GayWeHo,6898
gay_losangeles,6899
atmos,6900
Collection,6901
Rebuilt,6902
Vintage,6903
Sportswear,6904
Nintendo,6905
Mario,6906
Luigi,6907
Chic,6908
TheBayouWeho,6909
reallifethemixtape,6910
aenriquez562,6911
craiguk1983,6912
legendsoftomorrow,6913
saralance,6914
avasharpe,6915
SNAPOUTOFITLA,6916
HOUSEOFAVALON,6917
reikimaster,6918
reikienergy,6919
reikihealing,6920
literature,6921
MickysWeho,6922
runwild,6923
livefree,6924
lovestrong,6925
AZN,6926
Latinos,6927
freestyle,6928
Goodnight,6929
clickthelinkinmybio,6930
lb,6931
eugenehutz,6932
gogolbordello,6933
bride2018,6934
sexybride,6935
latino,6936
gymtherapy,6937
NorthWest,6938
relentless,6939
ChickenNuggetsAreLife,6940
soundON,6941
scampscomedyworkshop,6942
TheWinnersCircle,6943
legend,6944
suits,6945
ChaiLeeson,6946
WCE,6947
cutedogs,6948
colddog,6949
AnneBraden,6950
nightfeelings,6951
amazonforthewin,6952
bostonterrier,6953
summertime,6954
gogetter,6955
FoodForThought,6956
happytuesday,6957
ooouuuremix,6958
unreleasedunleashed,6959
votehou,6960
arnold2018,6961
asf30,6962
QOTD,6963
2chainz,6964
drake,6965
BIGAMOUNT,6966
whysoserious,6967
laughmore,6968
stlouisphotographer,6969
stcharlesphotographer,6970
saynotohouzz,6971
designisinthedetails,6972
tuesdaywisdom,6973
buddhist,6974
managerscorner,6975
chicagoblogger,6976
chicagogrammers,6977
lifestyleblogger,6978
catholic,6979
Columbus,6980
RoofCleaning,6981
SoftWash,6982
Powerwash,6983
Pressurewash,6984
Playing,6985
PrincessPintsize,6986
furbaby,6987
mackereltabby,6988
russianblue,6989
LilBrother,6990
tedtalktuesday,6991
sassymouthwedding,6992
fam,6993
Schmackarys,6994
SchmackAttack,6995
Believe,6996
decor,6997
chairs,6998
valleychildrenshospital,6999
technology,7000
techno,7001
liquidlipstick,7002
modelnicolecatherine,7003
meatlessmeals,7004
MrPickles,7005
domesticshorthair,7006
kitten,7007
bartendersatrequestinc,7008
backbends,7009
goldendoodle,7010
positiveinfluence,7011
GoldieHawn,7012
OliverHudson,7013
Relentless,7014
40thAnniversary,7015
Surprise,7016
Party,7017
legallyblonde,7018
businessasusual,7019
38weeks,7020
meetmel,7021
melboteri,7022
fromwhereistand,7023
palmdesert,7024
GovernmentAffairs,7025
dalmationlove,7026
LupitaNyongo,7027
JanelleMonae,7028
DanaiGurira,7029
FashionLifeStyle,7030
diydye,7031
manicpanic,7032
pillerboxred,7033
5thelement,7034
multipass,7035
foodmatters,7036
wellness,7037
truehealth,7038
Resilient,7039
DapperDay,7040
kindnessforall,7041
womeninconstruction,7042
ucl,7043
CHOICES,7044
TheLIFE,7045
SaveOurSons,7046
amazonfba,7047
IrisPolos,7048
WarriorAVeryGentleMan,7049
AReckoningBotanicalsAndBeyond,7050
pieroneimports,7051
ongoing,7052
healthygoals,7053
roc2rim,7054
PizzaTuesday,7055
worth,7056
roschrosyka,7057
worthy,7058
bokchoyboy,7059
greens,7060
earthdanceorganicfarmschool,7061
rootedinferguson,7062
Xbox360,7063
RedandGold,7064
TilImDeadandCold,7065
DreamChasing,7066
ComedianTyDavis,7067
cruzelias,7068
totalvibration,7069
DonCherry,7070
crossfitgames,7071
mia,7072
CharliesTapHouse,7073
talktuesday,7074
BobsandTweets,7075
designbooks,7076
artbooks,7077
NAMIWalks,7078
TeamCascadiaBHC,7079
morningworkout,7080
tuesdays,7081
galeforcewinds,7082
kansaswind,7083
sexandthecity,7084
ilovenewyork,7085
LEASE,7086
BUY,7087
office,7088
clinic,7089
store,7090
restaurant,7091
happybirtbday,7092
affirmationoftheday,7093
Founder,7094
Stories,7095
barclayscenter,7096
herewego,7097
gameone,7098
minkwithvolumeinbetween,7099
pestañasdevolumen,7100
balayage,7101
abc7eyewitness,7102
Spring,7103
365black,7104
blackwomen,7105
blackmen,7106
blackboyjoy,7107
Kybella,7108
lazysunday,7109
lusterpink,7110
theknotworkshop,7111
artjesus,7112
religion,7113
dosnakeseatfrogs,7114
comingsoon,7115
artistslife,7116
frenchtoast,7117
ohlala,7118
blueplatespecial,7119
NeemToothePaste,7120
iamalaska,7121
mountaingirl,7122
tooltuesday,7123
thankfulUBER,7124
justagirlfromkansas,7125
AboutYesterday,7126
first,7127
newblogpost,7128
shotonfilm,7129
Dreams,7130
berightback,7131
painter,7132
bklyn,7133
takemebacktuesday,7134
takemewayback,7135
bluetiqueoxfordoh,7136
Public,7137
Event,7138
todolist,7139
crammed,7140
calendar,7141
email,7142
goWithTheFlow,7143
dontGiveUp,7144
TrustTheProcess,7145
AllowAbundanceToFlow,7146
freely,7147
changeIsGood,7148
educationtuesday,7149
endometriosisawarenessmonth,7150
tuesdaymorning,7151
tuesdaythoughts,7152
talk,7153
flag,7154
alexandria,7155
frostfreemarket,7156
doubteraser,7157
freshair,7158
bluesky,7159
blackandwhitephotography,7160
RestylaneSilk,7161
awkwardness,7162
TuesdayThoughts,7163
FunnyMemes,7164
Kermit,7165
DoYOUbooboo,7166
NFL,7167
NFLMemes,7168
asf2017,7169
arnoldclassic2017,7170
ongoingartseries,7171
blacktiescifi,7172
ctppa2018,7173
converge,7174
Clean,7175
Bathroom,7176
DeepClean,7177
femalestereotypesaretrue,7178
sometimes,7179
tipsytuesday,7180
traveltuesday,7181
pool,7182
palms,7183
chilaxin,7184
chateauaeronautiquewinery,7185
michiganwines,7186
onsted,7187
irishhills,7188
welovesweatypeople,7189
swimshorts,7190
bikinigirl,7191
bikinis,7192
swim,7193
Delta,7194
SaltLakeCity,7195
halogen,7196
cloudstagram,7197
herewegoagain,7198
noreaster2018,7199
huginacup,7200
USOLE,7201
tantalizingtuesday,7202
ventedinbrooklyn,7203
copper,7204
cancersucks,7205
meetandgreet,7206
athleteappearance,7207
Democrats,7208
TexasPrimary,7209
BrokersTour,7210
BXROD,7211
FlowersStillBloom,7212
Amirzing,7213
Metric9,7214
Bayarea,7215
NationalPancakeDay,7216
vintagesurfboards,7217
itallstartshere,7218
fightingtomakelivesbetter,7219
dynomite,7220
youngpappy,7221
Killa,7222
Killer,7223
supportisaverb,7224
LATimes,7225
Idecoz,7226
Chichis,7227
awe,7228
leadership,7229
motivationalquotes,7230
marvelcomics,7231
byob,7232
getpamperedatpolished,7233
HardPillsToSwallow,7234
lunch,7235
photograph,7236
canadian,7237
issa,7238
summerready,7239
transformation,7240
itsmybirthday,7241
StandingRock,7242
centralcoast,7243
paintingfun,7244
paintparty,7245
beachscene,7246
familyfun,7247
Presentationiseverything,7248
Loveisdefinitelyinthedetails,7249
healthyeating,7250
piñacolada,7251
242Market,7252
ChocolateForDays,7253
whitehouseblackmarket,7254
SevereSlayage,7255
LoveThisMovieAndActor,7256
caramel,7257
lyrics,7258
browneyes,7259
browneyedgirl,7260
PeanutButter,7261
EasterEggs,7262
EasterBasket,7263
911onfox,7264
tastytuesday,7265
fountain,7266
guycandy,7267
boyswillbeboys,7268
shawnbarber1,7269
SonicYouth,7270
RichardPettibone,7271
CHG,7272
myottocat,7273
SaoirseRonan,7274
TheSeagull,7275
3timeoscernom,7276
thisisboise,7277
Selfie,7278
colorful,7279
chalk,7280
artstore,7281
dots,7282
artsupplies,7283
circleinsquare,7284
storefront,7285
circles,7286
aster,7287
noparking,7288
ralphs,7289
scooter,7290
Nor,7291
squishy,7292
bear,7293
raccoon,7294
CAA,7295
rejectionletter,7296
dfw,7297
dallascounty,7298
primaryelection,7299
BalboaPark,7300
BrooklynFinds,7301
PatronSaintOfHate,7302
studio,7303
Artist,7304
chrisdiprete,7305
instyle,7306
blackbeauty,7307
lunarlife,7308
plantlife,7309
rosegoldplanter,7310
PHWestHollywood,7311
balance,7312
socialmediasucks,7313
socialmedia,7314
BrooklynBridge,7315
NoFilter,7316
TravelingBarnacle,7317
WeekendVibes,7318
nationaldressday,7319
sashacolby,7320
setlifephotography,7321
tabithasimmons,7322
ShepardFairey,7323
keto,7324
ProductHollywood,7325
knitters,7326
knitting,7327
knittingaddict,7328
sandiegoseals,7329
sealedwithakiss,7330
lajollaseals,7331
lajollasealbeach,7332
스토커아님,7333
이모팬이야,7334
goodluck,7335
미스터충,7336
markryden,7337
garybaseman,7338
symposiumbooks,7339
providence,7340
brewerspaleale,7341
buythebeerkeeptheglass,7342
tapped,7343
tuesdaymotivation,7344
throwbacktuesday,7345
carneasada,7346
mexicanfood,7347
hero5,7348
memorabilia,7349
ispy,7350
stopcosbullying,7351
CofCASW18,7352
collegeofcharleston,7353
accepted,7354
cofc22,7355
idahospuds,7356
brakedrum,7357
hipstercomposer,7358
anvilchorus,7359
sayiduke,7360
Tacos,7361
Happyhour,7362
ParkRidge,7363
VestaLifestyle,7364
luxuryrealestate,7365
intersex,7366
goterdone,7367
midway,7368
mdw,7369
southwestairlines,7370
airport,7371
reunitedanditfeelssogood,7372
FOCUSED,7373
like4like,7374
TrafficJamMix,7375
Sneakpeek,7376
smileclouds,7377
CafeDEtoile,7378
novaignatius,7379
aliveincle,7380
wdw,7381
animalkingdom,7382
pandora,7383
pixarcocomovie,7384
southend,7385
johnhancock,7386
waltdisneyworld,7387
GOAT,7388
emcee,7389
hiking,7390
tsunami,7391
QueerFashion,7392
lifestyle,7393
dc,7394
dmv,7395
redlips,7396
report,7397
funnybabyboy,7398
pastathursday,7399
shells,7400
redpepper,7401
vodkasauce,7402
glassofwine,7403
15bucks,7404
NationalBuddyWorkoutDay,7405
Details,7406
layers,7407
mural,7408
kellyLwalker,7409
artistforhire,7410
petspa,7411
somanyhashtags,7412
handpainted,7413
JimmyKimmel,7414
EllenDeGeneres,7415
ChildrensHospital,7416
daddydaughtertime,7417
pestañasbellas,7418
TooCute,7419
creepdivision,7420
ThisJustIn,7421
nike,7422
nikerunning,7423
nikereact,7424
nikephoenix,7425
fomo,7426
doingme,7427
doingwhatidobest,7428
independentwoman,7429
fivefollarjewelry,7430
runners,7431
PolkStreet,7432
springfestival,7433
holidayfun,7434
steveharveyshow,7435
DJPK,7436
missmistyviolet,7437
totd,7438
hatsonus,7439
HelloMarch,7440
Memories,7441
STFU,7442
Beanpot,7443
Championship,7444
gonu,7445
gohuskies,7446
Carbthursday,7447
carmenhand,7448
flagstaff,7449
NAU,7450
TacoBreak,7451
cali,7452
sanfran,7453
hotel,7454
hotelwhitcomb,7455
girltrip,7456
santamonica,7457
santamonicapier,7458
springbreak2018,7459
FLGtoMIA,7460
bodypositivethursday,7461
bodypositive,7462
bodypositivity,7463
beautyredefined,7464
weightwatchers,7465
weighinday,7466
weighinthursday,7467
gettingready,7468
MenInBlack,7469
Sony,7470
SonyPictures,7471
SonyRewards,7472
fump,7473
CarrieUnderwood,7474
MikeFisher,7475
eastnashville,7476
tn,7477
fleamarketfinds,7478
hawaii,7479
profile,7480
RedPanda,7481
Hollywood,7482
IL13,7483
thehundred,7484
broiled,7485
tofu,7486
buttonmushrooms,7487
veggietagine,7488
RBNY,7489
proudprof,7490
HollyOakIndustrialaleague,7491
northwesternwildcats,7492
B1G,7493
geobender,7494
training,7495
ifuckedup,7496
brightpopsofcolor,7497
peacock,7498
TMO,7499
WhatsSoFunnyWednesdays,7500
MaconCoProgressives,7501
MaconCoDems,7502
Indivisible,7503
BaseballCards,7504
PublicEnemy,7505
TerrorWrist,7506
TurnTablist,7507
neveragain,7508
giggle,7509
bosslife,7510
workfromhome,7511
avonrep,7512
avon,7513
avolady,7514
orderday,7515
nationalwomensmonth,7516
WorldDayOfPrayer,7517
EmployeeAppreciationDay,7518
DressInBlueDay,7519
Fitness,7520
FreeRangeHumanZoo,7521
Flagstaff,7522
Downtown,7523
Supreme,7524
SupremeLA,7525
acting,7526
Indivisible13th,7527
SitWitMe,7528
browsdone,7529
BrowBar,7530
coolkids,7531
candy,7532
likeforfollow,7533
쿨쿨,7534
냠냠,7535
minorthreat,7536
teenidles,7537
MikeSharp,7538
CitronBaltimore,7539
kids,7540
Knights,7541
MYHEART,7542
OURKIDSAREOURLIFE,7543
womenofweed,7544
burgerme,7545
hamms,7546
motherfuckingdoily,7547
yolo,7548
stpaul,7549
SJSharks,7550
thequeenwithin,7551
staugustine,7552
foundobjectart,7553
stilllife,7554
PersonalDevelopment,7555
Tennessee,7556
thursdayfunny,7557
lifehack,7558
shoop,7559
jojomoyers,7560
instabook,7561
RuPaulsDragRace,7562
AllStars3,7563
IngenueLA,7564
BeautyLabBumble,7565
IGisourLoveLanguage,7566
notonthedrugstoday,7567
fact,7568
TSYFR18,7569
openmind,7570
greatmind,7571
crochet,7572
jammin,7573
tenderloinsf,7574
artwalk,7575
artistmixer,7576
mrandmrslongtin,7577
kayaks,7578
sailboats,7579
sharks,7580
sealions,7581
jackyboy,7582
adidas,7583
fitfamily,7584
soloacoustic,7585
createcultivatela,7586
guitarist,7587
FakeNews,7588
browbar,7589
Hendo,7590
movement,7591
dailyphoto,7592
aries,7593
like4follow,7594
봄날,7595
mdr,7596
billionaire,7597
billionaires,7598
MidWestComedyBuffet,7599
familia,7600
cute,7601
NowSpinning,7602
vinyl,7603
vinyladdict,7604
vinyljunkie,7605
SamiraHoops,7606
day80,7607
CIAO,7608
dropitlow,7609
JohnnieWalker,7610
JaneWalker,7611
Deluxe,7612
sketchbook,7613
doodsaiart,7614
conventioncenter,7615
photobomb,7616
CampaRZR,7617
merica,7618
miamibeach,7619
Flagship,7620
Trivianight,7621
birthdayboy,7622
funtimeswithfriends,7623
DrSeussDay,7624
NationalDayOfUnplugging,7625
socialmediapaysme,7626
LashDollDivas,7627
mascara,7628
epic,7629
Fullness,7630
buyandsell,7631
rodeohouston,7632
popupshop,7633
downtown,7634
blackmannequin,7635
weddings,7636
cuddles,7637
classyladies,7638
momsnightout,7639
mandellmoms,7640
padthai,7641
lafoliesburlesk,7642
Sweeties,7643
BlindBag,7644
ChiyaCherryPopsicle,7645
HuevosRancheros,7646
crabcake,7647
chowdah,7648
champarty,7649
Burgundy,7650
Walsh,7651
RCHC,7652
fullmoonrising,7653
blimp,7654
infographic,7655
climateactionplan,7656
ididntdoit,7657
iwantedto,7658
ialwayswantto,7659
practicesafemischief,7660
mischief,7661
dontdoit,7662
jussiesmollett,7663
ItsFriday,7664
IssaParty,7665
TheTrueBite,7666
Dietitian,7667
Fruit,7668
Nuclear,7669
earth,7670
nationalpeanutbutterloversday,7671
Millie,7672
donut,7673
olusheyi,7674
ohio,7675
PlayStation,7676
PS4,7677
PS4Pro,7678
WBGames,7679
LEGO,7680
LEGODimensions,7681
MidwayArcade,7682
AmblinEntertainment,7683
localartist,7684
Unboxings,7685
Pets,7686
Blindbox,7687
lolpets,7688
4wheeldrive,7689
nochains,7690
whiteout,7691
AllusiaToGo,7692
PatrickKuzara,7693
goldstar,7694
threeoutoffour,7695
Tonight,7696
Thursdays,7697
shoot,7698
katebeckinsale,7699
chose,7700
she,7701
appears,7702
achievetheimpossible,7703
fitspo,7704
fitfriends,7705
lost,7706
newrelease,7707
badparent,7708
fail,7709
thoughts,7710
classic,7711
PatBenatar,7712
castingduo,7713
fearfactor,7714
charity,7715
REDinNYC,7716
March1,7717
CazwellNYC,7718
checkmate,7719
sosleepy,7720
bedplease,7721
bed,7722
beautysleep,7723
FuBarWeHo,7724
helloross,7725
marissajaretwinokur,7726
bisexual,7727
ravenclaw,7728
vinClancy,7729
kiss,7730
Weho,7731
aramyote,7732
aarinasker,7733
peachpop,7734
gettogether,7735
kingcharles5,7736
fridayvibes,7737
fridayallweek,7738
friday,7739
fridayfeeling,7740
cultivatehappiness,7741
tip,7742
advice,7743
tipoftheday,7744
adviceoftheday,7745
indecisive,7746
gooddeeds,7747
its500oclocksomewhere,7748
cbtastings,7749
impact,7750
notbragging,7751
hihaters,7752
why,7753
attract,7754
bad,7755
good,7756
summeriscoming,7757
FindThatMirror,7758
GiveThySelfAHELLYEAH,7759
FireUpYourFriday,7760
AndThatsGonnaBeTheBottomLine,7761
happyfriday,7762
welovewhatwedo,7763
makingmoneywhilesleeping,7764
Coupleofthenight,7765
ThankYouGod,7766
ItCouldHaveBeenTheOtherWay,7767
followfriday,7768
fbf,7769
happyfriendsday,7770
instagram,7771
shadowsilhouettes,7772
shadowmakers,7773
BigNarstie,7774
arnold30,7775
flexfriday,7776
arnoldclassic2018,7777
HateTheRain,7778
SomebodysGottaDoIt,7779
PRESSFORPEACE,7780
ontheroadfitness,7781
cardioishardio,7782
whatnoreaster,7783
commuterLife,7784
stepaside,7785
schmackarys,7786
schmackattack,7787
funtimes,7788
creativeplay,7789
aerialcirque,7790
prepwork,7791
aerialtribe,7792
coldplay,7793
coldplayers,7794
chrismartin,7795
chrismartinfans,7796
coldplayfans,7797
coldplayofinstagram,7798
wearingblack,7799
Slayed,7800
FlywheelChallenge,7801
StrongIsTheNewThin,7802
ButILikeThin,7803
wildcatforlife,7804
firstfridayskerrytown,7805
smallcarproblems,7806
disney,7807
windmageddon,7808
kale,7809
beans,7810
egg,7811
Brazil,7812
LarissaMurai,7813
Ballerina,7814
DisneyActress,7815
Surfer,7816
Singer,7817
texasindependenceday,7818
HoldTheseTruths,7819
chef,7820
myMKlife,7821
MaryKayMovement,7822
FaithItTilYouMakeIt,7823
DemiLovato,7824
DJKhalid,7825
overcoming,7826
obstacles,7827
keepgoing,7828
goalgetter,7829
pictomusing,7830
FrancisFordCoppola,7831
paramountstudios,7832
Sacramento,7833
RadioLife,7834
weddingdocumentary,7835
lasvegas,7836
redrocks,7837
ocf,7838
flashpoint,7839
FBF,7840
midtownlashes,7841
nationalwomenshistorymonth,7842
RaeSremmurd,7843
GucciMane,7844
ATL,7845
DJKhaled,7846
anotherone,7847
jersey,7848
snowjersey,7849
newjersey,7850
bombcyclone,7851
riley,7852
proudcousin,7853
moranstrong,7854
SHS,7855
senior,7856
AyeToZee,7857
BritneySpears,7858
Orlando,7859
March10,7860
BattleOfTheWings,7861
alohafriday,7862
rosegoldeverything,7863
bayalage,7864
brunettebabe,7865
fitfoundry,7866
b2b,7867
CortonCharlemagne,7868
DomainePavelot,7869
RoseAllDay,7870
Champagne,7871
AceofSpades,7872
pushpresent,7873
oldworld,7874
winterstorm,7875
boomerang,7876
flashbackfriday,7877
wyspdays,7878
wishistillhadthatbowieshirt,7879
fortmill,7880
charlottelately,7881
springisintheair,7882
close,7883
getitgirl,7884
getyourgrooveback,7885
BlackadderWhisky,7886
yup,7887
humanstudy,7888
vivsocalbaby,7889
edyogawarriors,7890
ciaafanfest,7891
filter,7892
awkwardhand,7893
abc,7894
parties,7895
laughs,7896
dressup,7897
showbiz,7898
yougotthis,7899
Gold,7900
usacurling,7901
teamusa,7902
nyse,7903
californialove,7904
friyay,7905
weekendishere,7906
mountainlife,7907
rainyday,7908
peimussels,7909
puttanesca,7910
crostini,7911
OpeningNight,7912
exhibit,7913
fridaymood,7914
jokemoney,7915
welovecoco,7916
WigMaster,7917
WigSupervisor,7918
BeautyandtheBeholder,7919
trailer,7920
wys,7921
happilymarried,7922
blues,7923
powerhour,7924
docmartens,7925
speedworkout,7926
bossman,7927
rainydays,7928
hobokennj,7929
healthhalo,7930
mypresidentisbetterthanyours,7931
vstate,7932
mytupelo,7933
usedbooks,7934
sonyimages,7935
Classes_,7936
Conferences_,7937
ReadAcrossAmericaDay,7938
iwillsurviveinc,7939
pinkribbon,7940
survivor,7941
longisland,7942
Ahora,7943
cleanupnice,7944
everymanjack,7945
teamemj,7946
rockandroll,7947
tulips,7948
handbeading,7949
floraldesign,7950
homefragrance,7951
LOLRaiders,7952
bish,7953
painting,7954
hurry,7955
Dungeon,7956
homeloans,7957
moneyman,7958
disneyprincess,7959
snowwhite,7960
TID,7961
40cansforlent,7962
fooddrive,7963
forestpreserve,7964
illinois,7965
palmspringsready,7966
theodoracaftan,7967
scarfprint,7968
swapic,7969
windowseatview,7970
windowseatenvy,7971
babygoats,7972
4h,7973
communityfoodsystems,7974
midwestmeatprincess,7975
setmedic,7976
fridaynight,7977
LiveLifeWell,7978
Cannabis,7979
THC,7980
damnbuthotdogsonregularbread,7981
strongisbeautiful,7982
terminusopen2018,7983
mywhip,7984
lapauleesf,7985
5womenartists,7986
Bloopers,7987
TheLegendScottieB,7988
details,7989
watch,7990
GameNight,7991
4DaLoveOfBasketball,7992
WizKids,7993
DCfamily,7994
DCrising,7995
DSW,7996
MeLikey,7997
afro,7998
raybans,7999
goldchains,8000
FindJoeMajor,8001
altoids,8002
stanford,8003
nonprofit,8004
YOGAqua,8005
slaying,8006
ridinginstyle,8007
biltmorehotel,8008
cherrywood,8009
suburbanfight,8010
candyhc,8011
constrict,8012
wise,8013
WaterSeed,8014
thisweekend,8015
fathomdj,8016
link,8017
ownyour24,8018
entrepreneurship,8019
stillfly,8020
sheabsent,8021
sofreshsoclean,8022
kyliejenner,8023
funnymemes,8024
TGIF,8025
sharpeiselfie,8026
sharpeigram,8027
sharpeiworld,8028
blackhistorymonthisover,8029
rubybridges,8030
stillblackhistory,8031
iphoneography,8032
blackcats,8033
blackcatsofinstagram,8034
gymlife,8035
headphones,8036
tangled,8037
deepelum,8038
Friday,8039
rainorshine,8040
empirenetwork,8041
pbs,8042
kvcr24,8043
channel24,8044
kvcrtv24,8045
cheap,8046
hobokenfitness,8047
HarlemToHollywood,8048
ch3girls,8049
teamnosleep,8050
touronlife,8051
dryroadtruckers,8052
mammothstories,8053
interestrates,8054
whatrain,8055
oy,8056
FlashbackFriYay,8057
projectglenmere,8058
glenmerespa,8059
FiestaCantina,8060
pho,8061
bobbytrefz,8062
bobbytrefztattoos,8063
rpsforever,8064
math,8065
educators,8066
hbcu,8067
ciaa2018,8068
april,8069
two,8070
deal,8071
burnitdowngroup,8072
bendelacreme,8073
bendelachrist,8074
putitintotheuniverse,8075
manifest,8076
haircolor,8077
mint,8078
djchriscox,8079
drlissabeautylounge,8080
happyfriyay,8081
pourmeadrink,8082
Musclebeach,8083
firdayfeeling,8084
thankgoditsfriday,8085
FirstFriday,8086
FridayFunday,8087
WinterStormRiley,8088
Hurricaneforcewinds,8089
etsyshop,8090
bohochic,8091
bohobaby,8092
lunaandchewie,8093
whofarted,8094
yummy,8095
eatyourgreens,8096
seafood,8097
weatherphenomenon,8098
anitaprocedure,8099
itspicklebitch,8100
mindy,8101
stormmcqueen,8102
theambercrane,8103
flashsalefriday,8104
rainydaysale,8105
nolimitonpurchases,8106
lovetocook,8107
foodie,8108
lez_do_brunch,8109
thedinahshore,8110
kittensincups,8111
OrchidShow,8112
ChicagoBotanicGarden,8113
orchid,8114
flower,8115
fujixt20,8116
fujifilm,8117
apiatherapy,8118
bvt,8119
beevenum,8120
legit,8121
figureinternational,8122
loveourclients,8123
minktoplashes,8124
HappyFriday,8125
FridayFeeling,8126
DrSeuss,8127
ReadAcrossAmerica,8128
chat,8129
rainy,8130
puddles,8131
moist,8132
thisiswhywecanthavenicethings,8133
keuneusa,8134
kevinmurphy,8135
manofthepeople,8136
thecitybeautiful,8137
newtownhome,8138
adultingsohard,8139
movingselfie,8140
holi,8141
RepresentationMatters,8142
businessandpleasurereggaeremix,8143
bigostop20countdownseason2,8144
inthecuttingroom,8145
trinaturk,8146
trinaturkprint,8147
nachos,8148
barfood,8149
waefonkey,8150
canvasartistry,8151
burque,8152
nobhillabq,8153
nobhill,8154
djlife,8155
IWWYD,8156
parmesan,8157
crusted,8158
halibut,8159
roasted,8160
tomatoes,8161
fridayfish,8162
hookedonfashiontour,8163
vivaluxe,8164
bethelight,8165
windy,8166
weallgonnadie,8167
maryland,8168
LEGENDARY,8169
YouMadeMe,8170
working,8171
job,8172
myjob,8173
grind,8174
mygrind,8175
dayjob,8176
GrindDontStop,8177
ballgown,8178
stl,8179
stlbride,8180
UTÖKA,8181
onlineworkshop,8182
innovation,8183
sierraleone,8184
ineedanotherminigetaway,8185
bmw700gs,8186
taxseason,8187
FridaysAreMadReal,8188
NoNeedForAdvil,8189
IvanSHarrisPhotograpy,8190
Glamour,8191
Lingerie,8192
minneotaoutoorice,8193
PointScholars,8194
LWTSummit,8195
drsuess,8196
myamarillo,8197
hypnotised,8198
kleidoscope,8199
onthisday,8200
InTheseStreets,8201
ISHAboutTown,8202
ScooterAndLavelle,8203
madeinmadagascar,8204
NaturalRaffiaSisal,8205
weekendgetaway,8206
gardenparty,8207
WilliamFevre,8208
WilliamFevreChablis,8209
findyourmagic,8210
happyholi,8211
bombcyclone2018,8212
chocolatesouffle,8213
usbcartel,8214
thesimpsons,8215
FeatureFriday,8216
LOCAL,8217
Weather,8218
orchidshow,8219
lobby,8220
BouchardPereetFils,8221
PizzaFriday,8222
StormiWebster,8223
TravisScott,8224
KylieJenner,8225
Flashbackfriday,8226
MyMottoSince1999,8227
teammhp,8228
mhpstrong,8229
asf2018,8230
wonderful,8231
icy,8232
snowy,8233
wet,8234
robbinseason,8235
doctor,8236
everyrosehasitsthorn,8237
negronitime,8238
sazeractime,8239
shorewood,8240
TiffanyWhitmore,8241
HoundsEar,8242
Niebanks,8243
Appreciation,8244
ItsIt,8245
March30th,8246
arnold,8247
Thing1,8248
SamuelSquare,8249
bluehair,8250
redshirt,8251
opiinfiniteshine,8252
LOUREED,8253
ElleVarner,8254
cassanova,8255
Burnitdowngroup,8256
courvoisier,8257
earlydate,8258
thatfridayfeeling,8259
Reading,8260
delish,8261
instgood,8262
americanipa,8263
centerpiece,8264
justiceleague,8265
supercracker,8266
curlygirl,8267
sherwoodoregon,8268
garagesale,8269
85yearsago,8270
empirestatebuilding,8271
FoodLiteracyFeels,8272
stories,8273
pottytime,8274
peebreak,8275
manchild,8276
instafunny,8277
on,8278
LaPazEnLaQueHabito,8279
ThankGodforgenerators,8280
wheresammie,8281
MarketFish,8282
RubyTrout,8283
thepunisher,8284
netflixandchill,8285
allday,8286
marathon,8287
blowmageddon,8288
prgirlshustleharder,8289
decorating,8290
cupcake,8291
scrotus,8292
dotard,8293
whitelies,8294
alternativefacts,8295
hotels,8296
cabinfever,8297
CEOT3K,8298
ColumbiaPictures,8299
DOOP,8300
museumofnewyorkcity,8301
follow4follow,8302
foutain,8303
mulchbed,8304
gardendesign,8305
gooddeal,8306
Beaufortsc,8307
freshbaked,8308
croissant,8309
pitchoun,8310
inglewood,8311
darciolirajiujitsuusa,8312
darciolirajiujitsu,8313
darciolirabjj,8314
f4f,8315
лайкзалайк,8316
lostpower,8317
candles,8318
flashlights,8319
MeTooOnPBS,8320
BramStokersDracula,8321
funkyredpatina,8322
unscripteddc,8323
saturdaynight,8324
SleekSkinette,8325
RedskinsDivaGroup,8326
ImSoDC,8327
HTTR4Life,8328
DCorNothing,8329
Hail,8330
PourDecisions,8331
wineclub,8332
hogwarts,8333
universal,8334
potterverse,8335
NationalFrozenFoodDay,8336
WhatIfCatsAndDogsHadOpposableThumbsDay,8337
LittleWordsProject,8338
seac,8339
fs1,8340
scubacheree,8341
scuba,8342
theeulogy,8343
nirvana,8344
gatherxvx,8345
dontsleep,8346
davesmalley,8347
pasta,8348
itspeanutbutterjellytime,8349
huji,8350
longislandcity,8351
folsom,8352
DJLife,8353
sugabear,8354
alfredo,8355
brocolli,8356
garlictoast,8357
DJTWIXX1,8358
Culture,8359
CT,8360
hausofstarrweho,8361
barbiegirl,8362
daphodell,8363
peso,8364
apparel,8365
oodlesofnoodles,8366
18point2,8367
crossfitopen2018,8368
houstonmurderinos,8369
FridayVibes,8370
KissingTheRainGoodbye,8371
MessinWitDaGirlsWeekendPlans,8372
DiaDeLosMuertos,8373
WashingtonDC,8374
SanAntonio300,8375
marmalade,8376
PaddingtonStation,8377
realtors,8378
matchmaker,8379
Sexy,8380
Reaper,8381
PinupArt,8382
HorrorPinup,8383
HorrorBabe,8384
BlackCatDC,8385
SwimAtYourOwnRisk,8386
only,8387
hugs,8388
happyness,8389
beachvibes,8390
beachlife,8391
beachlover,8392
GildedHearts,8393
Zappa,8394
cuties,8395
sweethearts,8396
Demon,8397
lookatit,8398
BlowWeHo,8399
Senator,8400
cunyintheheights,8401
SanAngeloTx,8402
BxToTx,8403
EVITAparty,8404
WorldWildlifeDay,8405
IWantYouToBeHappyDay,8406
Barber,8407
SouthSideKutz,8408
GlamBuddha,8409
RaffiaHats,8410
CrushableHats,8411
handmadeinmadagascar,8412
BohoStyle,8413
SunHats,8414
AngryOrchard,8415
Rosé,8416
AlfredTea,8417
alternativemodel,8418
tattoos,8419
inkedgirls,8420
inkedup,8421
Zombie,8422
PinupGirl,8423
FeverFridays,8424
sammyjchilds,8425
exhibition,8426
4texans,8427
namesake,8428
frozen,8429
preview,8430
previews,8431
stjamestheatre,8432
pixiecut,8433
bcd2018,8434
winetasting,8435
tinfoilhat,8436
Conspiratease,8437
Burlesque,8438
drumcircle,8439
damnwires,8440
palmtrees,8441
ALIVE,8442
whoknew,8443
daddysgirl,8444
hisgoto,8445
TinfoilHat,8446
brain,8447
waves,8448
FlavorOfTheWeekFriday,8449
san_diego,8450
fridayfunny,8451
phildunphy,8452
nastypig,8453
chestday,8454
gaystagram,8455
amiga,8456
cuban,8457
toucheamore,8458
titlefight,8459
backtrack,8460
warm,8461
chriscornell,8462
jamming,8463
early,8464
miraclewater,8465
greeneggsandham,8466
hopeforhaiti,8467
ctownwest,8468
hairdresserslife,8469
everybodyisworkingfortheweekend,8470
queenpazdescanse,8471
takemetochurch,8472
notacommodity,8473
TargetDog,8474
Batman,8475
Spiderman,8476
beamazingeveryday,8477
youreamazing,8478
beyoursslf,8479
livehowyouchoose,8480
amazingyou,8481
Rapunzel,8482
InternationalEarCareDay,8483
FlashbackFriday,8484
martinis,8485
makeemdirty,8486
lovethisgal,8487
happyhappy,8488
olivejuice,8489
artfulgirls,8490
jkfirstofthemonthadventures,8491
firstofthemonth,8492
Rowena,8493
CrownRoyal,8494
CanadianWhisky,8495
kvdgiveaway,8496
katvondxdivine,8497
TopRankRepost,8498
StevieB,8499
SamSmith,8500
Strolling,8501
EchoPark,8502
caphill,8503
EndEndo,8504
EndometriosisAwarenessMonth,8505
Endometriosis,8506
TheStruggleisReal,8507
look,8508
shades,8509
Eric,8510
snapshot,8511
orchids,8512
throwbackconcert,8513
tagteam,8514
woompthereitis,8515
FigureInternational,8516
arnoldexpo,8517
pawtraits,8518
phanartfriday,8519
MSD,8520
harlembaby,8521
videooftheday,8522
short,8523
slowmotion,8524
practice,8525
NationalAnthemDay,8526
PrincessDay,8527
talented,8528
grailproject,8529
SaturdaySale,8530
crystalsforsale,8531
nikon,8532
sulfurzyme,8533
lovelife,8534
dancetherapy,8535
youonlyliveonce,8536
imnotbadimjustdrawnthatway,8537
TheBlocLA,8538
Beauty,8539
Inspo,8540
nightlife,8541
LAStyle,8542
Vampirella,8543
HorrorComics,8544
commuterlife,8545
WMATA,8546
thecrown,8547
DoYouKnowWhereYourChildrenAre,8548
CubScoutsSlumberCamp,8549
9To9,8550
G412,8551
leeway,8552
ISH,8553
Signature,8554
Hat,8555
Lumafied,8556
FirstFridays,8557
RInthe80s,8558
ArtWork,8559
zombie,8560
shadyladysaloon,8561
Latergram,8562
Adventure,8563
tell,8564
bravestofthemall,8565
programmeskateshop,8566
harnesshc,8567
playingwithmydemons,8568
lifecoach,8569
SockMonkeyDay,8570
catcafe,8571
cheers,8572
to,8573
goodlife,8574
everythingalwaysworksoutforme,8575
Republican,8576
Democrat,8577
TheBreeders,8578
AllNerve,8579
awardseason,8580
publicists,8581
AssociatePastorOfAntioch,8582
TheVeiledAvenger,8583
potd,8584
nomnom,8585
HopHop,8586
DoseofTHA,8587
gymnastlife,8588
proudfamily,8589
gotgrit,8590
jagpride,8591
jaggym,8592
grittermusic,8593
mee,8594
listen,8595
itunes,8596
yeehaw,8597
trailoflies,8598
sxe,8599
polenta,8600
gnocchi,8601
Haul,8602
Funko,8603
WeHoCity,8604
selfienation,8605
queerartist,8606
boi,8607
HugosRestaurant,8608
PickUpPerks,8609
bestbuds,8610
serviceplease,8611
lit,8612
toasty,8613
HOT,8614
flipagram,8615
made,8616
KikiXtrava,8617
triumph,8618
marathons,8619
bostonqualifiers,8620
word,8621
street,8622
tracycooper,8623
isayfuckalot,8624
stillclassy,8625
humble,8626
saturdaymood,8627
kaisersgettingmoney,8628
canyoushowhimtohisbed,8629
thevickyvox,8630
cox,8631
pioneerprodj,8632
cdj,8633
clubbing,8634
drunkies,8635
jjvalerio,8636
maternity,8637
perseverance,8638
killedit,8639
seeds,8640
bettybailey,8641
DLI2018,8642
morningmoon,8643
moonset,8644
BoundaryATL,8645
MidtownATL,8646
manicure,8647
sayitagainsaturday,8648
FlatRock,8649
weightlifting,8650
pumpingiron,8651
bellandross,8652
jaegerlecoultre,8653
panerai,8654
saturdaymorning,8655
saturday,8656
itstheweekend,8657
itstheweekendbaby,8658
Albany,8659
saturdaystorage,8660
ObamaFoundation,8661
MarchIsHere,8662
Roswell,8663
streetartists,8664
fishtown,8665
fishtown_philly,8666
carousel,8667
hereigoagain,8668
peacelearningleadership,8669
atthetable,8670
pressforpeace,8671
Tarheelnation,8672
FOMO,8673
SummerSaturday,8674
basquiat,8675
brooklynmuseum,8676
unicornmagic,8677
followforfollow,8678
followbackteam,8679
firebird,8680
2today,8681
phoenixalexandra,8682
daddyslittlegirl,8683
gotpokemon,8684
happysaturday,8685
thankful,8686
sinner,8687
dontjudgeme,8688
ketones,8689
ketosis,8690
pruviteveryday,8691
ketodiet,8692
ketogenic,8693
Live,8694
Well,8695
RoccoTheUrbanPug,8696
drinkwater,8697
behealthy,8698
yourchoice,8699
Happiness,8700
bolero,8701
VONSOLO,8702
chillann,8703
parenting,8704
Saturday,8705
higherpower,8706
PADutch,8707
nsaspeaker,8708
speakerlife,8709
deserve,8710
bagsoflove,8711
bolsasdeamor,8712
emdsalesinc,8713
eltiempolatino,8714
telemundo,8715
dragonbridge,8716
bb,8717
mcdonalds,8718
PennyOsSundayFunday,8719
24hrs,8720
KeepMovin,8721
rootingdc,8722
72hrs,8723
integrity,8724
homesweethome,8725
nolarealtor,8726
findyourneworleanshome,8727
trail,8728
dallastexas,8729
Africa,8730
saturdays,8731
ttholala,8732
sendmebacksaturday,8733
laugheveryday,8734
cherisheveryday,8735
needgas,8736
pushingmyluck,8737
reputation,8738
ManUporShutUp,8739
freshflo,8740
ff,8741
FRESH,8742
Eyebrows,8743
brows,8744
museumatfit,8745
norell,8746
fashionexhibit,8747
fashionexhibition,8748
mixtape,8749
triathlon,8750
tri,8751
triathlete,8752
triathletes,8753
swimbikerun,8754
trilife,8755
nepa,8756
march2018,8757
loveyourlashes,8758
tradingcards,8759
books,8760
toys,8761
33miles,8762
Panthers,8763
HowGreatIsOurGODIV,8764
NewMercies,8765
botanical,8766
pastoral,8767
adventuresofreyandrey,8768
stancesocks,8769
GPRepost,8770
reposter,8771
regram_app,8772
DivasInTheDistrict,8773
sipnshop,8774
wineoscars,8775
littledragon,8776
pioneertown,8777
StyleSnatchSlay,8778
michaelkors,8779
sabrinamiskelly,8780
day81,8781
Exploring,8782
AveP,8783
highfalls,8784
groveoak,8785
Alabama,8786
ThePeople,8787
deyTooKind,8788
showgirl,8789
kuppajoy,8790
jackwantspancakes,8791
twoshowday,8792
italiangreyhound,8793
iggy,8794
angelinajolie,8795
lunchdate,8796
themugician,8797
beginner,8798
PigOnADeck,8799
masked,8800
True,8801
records,8802
weekends,8803
blanketforts,8804
noresponsibilities,8805
PlayDohBath,8806
saturdaypeptalk,8807
happysabbath,8808
bcf,8809
asf,8810
paperpastriesshop,8811
nails,8812
salonloftsprice,8813
Cyborg,8814
Raven,8815
OneOfMyAllTimeFavoriteShows,8816
heavenlyyum,8817
Squeezeables,8818
Squishy,8819
CajunChicken,8820
Dairyaire,8821
NationalMoscowMule,8822
ClickLinkInBio,8823
pilotseason,8824
headshots,8825
headshotsthatwork,8826
headshotsthatpop,8827
bowie,8828
soundandvision,8829
freshcutflowers,8830
haveabeautifulday,8831
bbqblogger,8832
bbqblues,8833
historicBlues,8834
bluesmusic,8835
bluesmusicians,8836
CassiaLa,8837
aloyoga,8838
minibands,8839
sundayhike,8840
walk,8841
10000steps,8842
lose,8843
deserto,8844
stairclimber,8845
crushingit,8846
saunatime,8847
newkicks,8848
gymtime,8849
webinar,8850
AuntieAnnesPretzels,8851
roseallday,8852
filmpartay,8853
gymjunkie,8854
aftermath,8855
SevernRiver,8856
AnneArundelCounty,8857
bowdowntoparis1,8858
IBCA,8859
CookOff,8860
BBQ,8861
batterup,8862
ondeck,8863
weekendvibes,8864
thelinqinstameet,8865
linqlife,8866
instameetlasvegas,8867
OnAirFest,8868
scam,8869
talentagency,8870
righton,8871
guitarman,8872
ilovenyc,8873
coffeeroast,8874
FollowForStonerzOnlyRadio,8875
BlogTalkRadio,8876
capuccino,8877
barista,8878
bigostop20countdown,8879
bipolarlife,8880
KissMeYouSmilingIdiot,8881
portlanding,8882
currentview,8883
boulderbeer,8884
flatironview,8885
coloradoblueskies,8886
DialHomeTest,8887
doubledouble,8888
littles,8889
fwis,8890
Service,8891
Sommelier,8892
SommLife,8893
SommKindaLife,8894
MyMayor4Life,8895
styleblogger,8896
그림,8897
hawksighting,8898
nycbeerweek,8899
littlefeminist,8900
mama,8901
sassy,8902
History,8903
trivia,8904
nomore,8905
domesticviolenceawareness,8906
nyclashextensions,8907
3Dlashes,8908
crafty,8909
weship,8910
shopnapa,8911
socks,8912
Bushwick,8913
PhoBrunch,8914
NationalColdCutsDay,8915
degas,8916
dateday,8917
mybabes,8918
GeniusColeforLTGovernor,8919
workingathome,8920
socialmediaclass,8921
englisclass,8922
frenchiegang,8923
i,8924
thatface,8925
pnwphotographer,8926
hangingwiththemeercats,8927
meercats,8928
sabadrink,8929
queesunasola,8930
TeamShareWell,8931
sakepoint,8932
oceanviews,8933
chargelife,8934
Yum,8935
Lamborghini,8936
carsandcoffee,8937
girlcrush,8938
Beats,8939
hothothot,8940
chile,8941
bbq,8942
artshow,8943
liveart,8944
cya,8945
aaahockey,8946
girlshockey,8947
girlshockeyrocks,8948
littlesister,8949
nosnow,8950
GirlScouts,8951
girlsjustwannahavefun,8952
girlscoutsny,8953
haimish,8954
vocabulary,8955
vocab,8956
BrewyardBeer,8957
thedinah,8958
dinahshoreweekend,8959
believebigger,8960
alpaca,8961
alpacas,8962
yarn,8963
womeninfilm,8964
ceremony,8965
looking,8966
sharp,8967
dresshats,8968
rayoflight,8969
inspire,8970
GKG,8971
congosquare,8972
NoVictor,8973
TheOscars,8974
hatanator,8975
fascinator,8976
uniquestyle,8977
marbleNails,8978
animalkingdomwakefield,8979
KevinBlack,8980
danes,8981
happyliving,8982
hygge,8983
saturdayshopping,8984
happychinesenewyear,8985
goodfortune,8986
loa,8987
persistence,8988
mstiawanna,8989
acupuncturist,8990
acupuncture,8991
athletes,8992
inbend,8993
neverforget,8994
munchkin,8995
leprecon,8996
emeraldvibes,8997
oscarweekend,8998
boxing,8999
knitted,9000
mittens,9001
BluesPig,9002
vavavoom,9003
quoteoftheday,9004
bottomline,9005
ladieswhoski,9006
trade,9007
seeyouatstate,9008
thatsabet,9009
MyBigGirl,9010
runlikeagirl,9011
snakerivercanyon,9012
halfmarathontraining,9013
stabilityball,9014
thecaterpillar,9015
thecocoon,9016
thebutterfly,9017
townhouse,9018
upperwestside,9019
townhouseliving,9020
Realestate,9021
DancingWithTheStars,9022
cannabisweddingexpo,9023
abundant,9024
Wakanda,9025
leipersforkdistillery,9026
fivedaughtersbakery,9027
chucktaylors,9028
LeviZ,9029
candyk,9030
gottatryjetgremlin,9031
GoPSU,9032
cabbagerolls,9033
brownrice,9034
kidneybeans,9035
sautéedonion,9036
mushroom,9037
freshdill,9038
fitnessblogger,9039
dcfitness,9040
healthyliving,9041
LAGUNA,9042
rebel,9043
possibilities,9044
anitablakeseries,9045
anitablake,9046
anitablakedreams,9047
vestigate,9048
musicians,9049
violinist,9050
beachwedding,9051
sand,9052
1stcorinthians,9053
lakehavasu,9054
LEVEL2NIGHTCLUB,9055
MICKYSWEHO,9056
TUESDAYS,9057
TeenTechWeek,9058
tech,9059
retrogames,9060
destinationcrenshaw,9061
madmen,9062
entrepreneurlife,9063
шаут,9064
BoiGeorge2016,9065
anniversary,9066
Bbws,9067
bbw,9068
bbwgram,9069
bbwsexy,9070
WarriorsOfaBeautifulGame,9071
documentary,9072
documentario,9073
specialoccasion,9074
OuterHavenReport,9075
largefamilylife,9076
largefamily,9077
baileyfamilyof7,9078
morethemerrier,9079
lovemykids,9080
menshair,9081
fadehaircut,9082
touchesalon,9083
CopperMakesItBetter,9084
chilhuly,9085
artists,9086
vote,9087
powertothepolls,9088
votethemout,9089
dayone,9090
hoopsandprosecco,9091
seitan,9092
buddhabowl,9093
onebowldinner,9094
hailseitan,9095
NeonReverbFestival,9096
tacos,9097
tacotuesday,9098
mbaku,9099
letmelookoverhere,9100
Missoula,9101
YFC,9102
Videos,9103
2ndanniversary,9104
weddingweekend,9105
greatlakeshealthgiveaways,9106
IowaWinter,9107
Forest,9108
breastaugmentation,9109
gummybear,9110
breastimplants,9111
tunetuesday,9112
atmydesk,9113
akaimpd218,9114
jacksatbat,9115
MSDStrong,9116
ChurchHurt,9117
GetUpMornings,9118
ThisIsAnn,9119
dresses,9120
sf,9121
napa,9122
NerdNightmare,9123
weloveFunko,9124
FunkoPop,9125
PopLife,9126
FunkoPhoto,9127
Tops,9128
Thatsuitsyou,9129
danceclass,9130
kofisiriboe,9131
groceryshoppinginnyc,9132
toottoot,9133
tootyourownhorn,9134
healing,9135
BeefyBidness,9136
CominForEverything,9137
CrazedDog,9138
Sassymouth,9139
ctphotographer,9140
genius,9141
laughed,9142
infull,9143
AcademyAwards,9144
Shampine,9145
decaturil,9146
TacoTuesday,9147
law,9148
arcadewednesdays,9149
biennacido,9150
pinotblanc,9151
cnagywines,9152
santamariavalley,9153
FixADrink,9154
jobs,9155
instajob,9156
bestlife,9157
LAKings,9158
civicduty,9159
ivoted,9160
democracy,9161
lookgoodfeelgood,9162
RingOfHonor,9163
ROH,9164
manhattanmayhem,9165
cody,9166
codyrhodes,9167
flipgordon,9168
gottahandittoyou,9169
nailsalon,9170
analogphototography,9171
happeningindtla,9172
eastcoastvibes,9173
housemusic,9174
afrohousemusic,9175
afrobeatsofficial,9176
jastn,9177
japan,9178
tennessee,9179
triplethreat,9180
girlgroup,9181
Dope,9182
cambridgetable,9183
MonkeyingAround,9184
monkeys,9185
lemurs,9186
africarocks,9187
bread,9188
carbs,9189
brattleboro,9190
farewell,9191
reception,9192
dentalhumor,9193
theelite,9194
Knowledge,9195
Inspiration,9196
VEGAN,9197
chefietef,9198
djcavem,9199
nochill,9200
plantbased,9201
tacosalad,9202
text,9203
notimeforbullshit,9204
NationalDressDay,9205
Hellobeautifulbridal,9206
Beast,9207
KamelaHCollection,9208
customwigs,9209
TrendyTuesday,9210
oakland,9211
Rotary,9212
assets,9213
reading,9214
book,9215
l4l,9216
makeyourselfapriority,9217
thebronxletterer,9218
role,9219
austinpowers,9220
movie,9221
woof,9222
behave,9223
nationaloreoday,9224
Colorado,9225
vision,9226
HowDidThatMakeYouFeel,9227
LHHMIA,9228
Echoheart,9229
MilkBoyArtHouse,9230
questionablepetparenting,9231
instafashion,9232
instastyle,9233
trending,9234
BabySuaveTurns1,9235
HappyBirthdayBabySuave,9236
robocalls,9237
iPhone,9238
Android,9239
ToucanSam,9240
KelloggsNYC,9241
casinonight,9242
x4DreamTeam,9243
brusselsprouts,9244
makeitexotico,9245
littlerichard,9246
steviewonder,9247
bachelor,9248
FruitLoops,9249
crown,9250
mayaangelou,9251
donttellmewhathappenedonthebachelor,9252
byearie,9253
girlscoutcookies,9254
samoas,9255
thinmints,9256
dosidos,9257
tagalongs,9258
handstands,9259
janeharper,9260
notjustaprettyfacebookclub,9261
streching,9262
MysteryMinis,9263
SaturdayMorningCartoons,9264
Blindboxes,9265
german,9266
Kaffee,9267
cbus,9268
timehop,9269
BAPCreation,9270
Volleyball,9271
Senior,9272
mac,9273
imac,9274
desktop,9275
upgrades,9276
homestudio,9277
goldendome,9278
grotto,9279
touchdownjesus,9280
corn,9281
cornmaze,9282
shermanfarms,9283
nerd,9284
gaybear,9285
crazykittyfrito,9286
personalspace,9287
youarebeautiful,9288
lovewins,9289
flairy,9290
movienight,9291
cheetospuffs,9292
beverlyhills,9293
f1stravel,9294
gle,9295
thingsbegettingreal,9296
impeachtrump,9297
ruffytime,9298
YUMMY,9299
kunoichis,9300
naruto,9301
TETuesday,9302
montanaave,9303
beatitout,9304
NoirNailCare,9305
jk,9306
lies,9307
LosCabosSeafoodBar,9308
Killeen,9309
GlamTestimonyTuesday,9310
tapeins,9311
Beyoncé,9312
Tour,9313
Onstage,9314
Style,9315
lanadelrey,9316
velovh,9317
bunkerDownSoonTho,9318
tramtastic,9319
mylife,9320
whattimeisit,9321
memeoclock,9322
GhostLight,9323
hurryupandwait,9324
beastieboys,9325
bigboys,9326
timkerr,9327
121G,9328
martymcfly,9329
emmitbrown,9330
Netflix,9331
thirsty,9332
copamundial,9333
Archer,9334
netflixbinge,9335
anaheimducks,9336
letsgoducks,9337
seeyouindallas,9338
zoo,9339
MsToiThatReal,9340
BumpItOff,9341
artsy,9342
gal,9343
that,9344
Unboxed,9345
TheNewLionKing,9346
nofucksgiven,9347
starringrole,9348
naughtybutnice,9349
Tigger,9350
takeabreak,9351
suavecitosaturdays,9352
boulder,9353
Silly,9354
Honest,9355
Kind,9356
havefun,9357
permissiontoplay,9358
hockeyismyreligion,9359
molsonoriginalsix,9360
iamcanadian,9361
movingin,9362
joyaudefrance,9363
kickmyfeetup,9364
noyouare,9365
eventsofalifetime,9366
JimShaw,9367
sandiego_ca,9368
sdlife,9369
sdlifestyle,9370
10news,9371
timessquare,9372
Broadway,9373
pugsofinstagram,9374
pugs,9375
blackpug,9376
speakpug,9377
tumblrpoet,9378
writs,9379
worstrejectionever,9380
imessage,9381
SeanSavoy,9382
thegaydonatella,9383
rickylamhawaii,9384
leomadrid037,9385
thehole,9386
motherlode,9387
gayboy,9388
gayla,9389
MotherlodeWeHo,9390
Instalove,9391
optimism,9392
LloydLegacySharp,9393
choice,9394
swfotw,9395
greedo,9396
StarWars,9397
travelling,9398
snowstorm2018,9399
bigapple,9400
gettinit,9401
michaeljackson,9402
rockthisday,9403
lisaspaparazzidolls,9404
snowman,9405
thisis43,9406
AF,9407
goodwednesday,9408
howclever,9409
morningcoffee,9410
peopleilove,9411
Custom,9412
artigras,9413
personalized,9414
snowday2018,9415
chloekim,9416
knitearlyknitoften,9417
NewsRoomDog,9418
NewestReporter,9419
ThatFaceTho,9420
ThoughtOfTheDay,9421
monomininspo,9422
nomoreexcuses,9423
move,9424
belikewater,9425
no,9426
more,9427
excuses,9428
wearpink,9429
onwednesdayswewearpink,9430
thisonesforthegirls,9431
thinkpink,9432
DreamCatches,9433
emrecan,9434
liverpool,9435
porto,9436
alpharettarealestateagent,9437
DecaturIL,9438
Letsgo,9439
SlayTheDay,9440
Hatchimals,9441
Plush,9442
CulturesOfFormation,9443
NotreDame,9444
mcgrathinstitute,9445
lashnaps,9446
bestnaps,9447
dizzy,9448
catsofinsta,9449
classylady,9450
classy,9451
craftcoctails,9452
comegetyourdrankon,9453
VictoriaBeckham,9454
DavidBeckham,9455
fairtrade,9456
luckiestguyintheworld,9457
hairsalonbycharlene,9458
lensculture,9459
dailylife,9460
STL,9461
ComeDrinkWithUs,9462
cateringeveryday,9463
supportlocal,9464
authenticphillyhoagies,9465
nationalcerealday,9466
pixelimagephotography,9467
dinnerparty,9468
adobo,9469
pastaalforno,9470
fruittart,9471
TepeyacGirls,9472
happywinesday,9473
sundaymorning,9474
planning,9475
moresun,9476
WellnessWednesday,9477
simplethings,9478
JohnLegend,9479
LunaLegend,9480
ChrissyTeigen,9481
shepherdsofinstagram,9482
April,9483
ROLEPLAY,9484
fusionextensions,9485
burnout,9486
Yoga,9487
Trauma,9488
y4t,9489
lisadanylchuk,9490
exploremore,9491
inlikealion,9492
eileenfisher,9493
uma,9494
london,9495
madrid,9496
cwelive,9497
WayBackWednesday,9498
RNDC,9499
Hail2TheYeah,9500
kdshamrock,9501
feb24th,9502
preventchildabuseamerica,9503
MickMelanin,9504
BlackPearl,9505
DaddysGirl,9506
CreoleKingMusic,9507
Lemon,9508
Bunnies,9509
Strawberry,9510
thoroughbredsmovie,9511
ObiJuanKenobi,9512
sneezing,9513
ticklethroat,9514
cough,9515
Source,9516
guidance,9517
chiropractor,9518
chiropractic,9519
hike,9520
reefing,9521
veterans,9522
rocktheboat,9523
mst,9524
gnarlyclothes,9525
scalphealth,9526
shebuzzin,9527
cleanslate,9528
shiny,9529
WingedVictory,9530
CAdrianPillars,9531
memorialpark,9532
sureshotvideophoto,9533
tequila,9534
melon,9535
usbg,9536
rainriding,9537
badweather,9538
kfashionstoptravels,9539
military,9540
veteran,9541
usmc,9542
marines,9543
army,9544
navy,9545
va,9546
valoans,9547
offer,9548
veteranowned,9549
CougarOfTheDay,9550
FoodPrep,9551
NolaDarling,9552
AuditorioNacional,9553
CDMX,9554
Prince,9555
Leo,9556
TourPromero,9557
portwashington,9558
windbeutel,9559
creampuff,9560
UsarloSalvóMiVida,9561
thatpart,9562
fullcountmovie,9563
gphib,9564
blessedandhumbled,9565
booksaremyfriends,9566
fbaboss,9567
myartscenter,9568
rbdigital,9569
nicolekidman,9570
northeastern,9571
LetMeSwitchUpTheTempo,9572
Temecula,9573
southcoastwinery,9574
Storm,9575
Cold,9576
Rain,9577
happyday_everyone,9578
womaninbusiness,9579
CW,9580
villainclub,9581
snowfall,9582
fitnesscouple,9583
marriedwithmuscles,9584
powercouple,9585
westcoast,9586
Mylife,9587
grapes,9588
makeupartist,9589
SimonedeBeauvoir,9590
française,9591
philosophes,9592
PhiloniusRecords,9593
PhiloniusMusic,9594
guardiansofthegalaxy,9595
antman,9596
burtonsnowboardingchampionship,9597
themightyquinn,9598
stormtrooper,9599
smashville,9600
core4,9601
seamless,9602
grubhub,9603
plyometrics,9604
plyo,9605
dumbbells,9606
wristweights,9607
anklecuffs,9608
nokids,9609
freezinghere,9610
bedhead,9611
justwokeup,9612
gingerbear,9613
gingerbeard,9614
messyhair,9615
gayman,9616
gayginger,9617
tottenham,9618
extralife,9619
flying,9620
QUERÉTARO,9621
popitout,9622
customcontour,9623
checkyourbags,9624
minilipplump,9625
cheekbonepop,9626
racebling,9627
theuniverse,9628
universefacts,9629
universejokes,9630
jokes,9631
funnyposts,9632
funnypics,9633
whambamfam,9634
Cuteness,9635
PhoneRings,9636
Cactus,9637
Panda,9638
Pineapple,9639
goodvibesonly,9640
usps,9641
chinesedeliveryguy,9642
vanbruntstreet,9643
fruity,9644
lastnight,9645
BigUps,9646
keeneyinvasion,9647
mamalove,9648
AnitaProcedure,9649
vivatequila32,9650
snatchedThursdays,9651
MelissaBefierce,9652
wafflewednesday,9653
soupson,9654
cleansoup,9655
windowshopping,9656
ttsuperbloom,9657
ufcgymbrookhollow,9658
fightfit,9659
kickboxing,9660
youthsports,9661
trolley,9662
JustDoIt,9663
PullUp,9664
KicksDaily,9665
winterstormquinn,9666
DontQuit,9667
MidweekMemories,9668
LuvOnU,9669
np,9670
Chioke,9671
LibraryOfCongress,9672
Solutions,9673
ProblemSolver,9674
ButWhy,9675
allsaints,9676
YoutubeMusic,9677
Shotonfilm,9678
workingwomenwednesday,9679
iloveyoualatte,9680
DeanDavis,9681
BostonTakeTwo,9682
winesday,9683
Wip,9684
newconstruction,9685
knows,9686
how,9687
karaoke,9688
some,9689
goldmedal,9690
usawomenshockey,9691
Serena,9692
gmoat,9693
PNBPO2018,9694
Peaceful,9695
jaxfl,9696
snowdayknitting,9697
knitbabyblanket,9698
pinkbabyknits,9699
nosunshine,9700
golds,9701
Lifeinsurance,9702
closeupshot,9703
blackwalnut,9704
woodheart,9705
sleepingbeautyturquoise,9706
blingingout,9707
spacegun,9708
weatherupdate,9709
WinitWednesday,9710
when,9711
told,9712
destined,9713
fame,9714
HappinessIs,9715
snowytree,9716
powerlines,9717
cablelines,9718
prettytree,9719
propertyofnyc,9720
teachersfollowteachers,9721
2018mbm,9722
pickingflowers,9723
redbonemix,9724
breakfastallday,9725
Eve,9726
blackandtan,9727
browtinting,9728
omg,9729
another,9730
one,9731
these,9732
billboards,9733
everywhere,9734
possible,9735
win,9736
eatchameleon,9737
fore,9738
couch,9739
tea,9740
responsibilities,9741
velcrodog,9742
nycliving,9743
instaBrooklyn,9744
cathat,9745
HEB,9746
1week,9747
supermodel,9748
WednesdayWisdom,9749
openinbos,9750
cozy,9751
seat,9752
runforestrun,9753
bubba,9754
rado,9755
aspentreetattoo,9756
roast,9757
bewildlycurious,9758
rcaponthehill,9759
LifeSentence,9760
TiredThough,9761
MrXplosion,9762
LadyBird,9763
FindingVincent,9764
MaryQueenOfScotts,9765
celebraciones,9766
WelcomeToMyWeds,9767
HereWeGo,9768
GetIt,9769
chocolatelover,9770
4th,9771
billboard,9772
media,9773
trivianight,9774
yleo,9775
vintagevibe,9776
PBB2018,9777
drivesafe,9778
Noreaster,9779
weddingdress,9780
nomorewinter,9781
snowdays,9782
ginstagramnyc,9783
FreedomTrail,9784
merdoesnohashtags,9785
NewYorkCity,9786
bunnybomb,9787
fortyninepalmsoasis,9788
rumpday,9789
ilikebutts,9790
TEAMDJG121,9791
Drainspotting,9792
perrhijos,9793
DaleConFLO,9794
juve,9795
juventus,9796
dybala,9797
higuain,9798
tobepresent,9799
SyritasGlow,9800
calvinklein,9801
gap,9802
vincecamuto,9803
GOODEVENING,9804
CONNECTICUTAGAINVIOLENCE,9805
process,9806
schooltour,9807
Facts,9808
Insight,9809
Encouragement,9810
Wisdom,9811
StayFocused,9812
coyote,9813
selfielife,9814
lovemore,9815
loveyours,9816
joannadegeneresphotography,9817
joannadegeneres,9818
dairyfree,9819
thisislove,9820
HipHopCulture,9821
BBoy,9822
BGirl,9823
Breakdance,9824
Breaking,9825
LaEscalera,9826
Querétaro,9827
prettypotheads,9828
letsnotbelate,9829
alwaysrushing,9830
iwasreadybeforehimforonce,9831
GastricBypass,9832
bariatric,9833
burberry,9834
CherryBlossom,9835
Nature,9836
Wanderlust,9837
Japan,9838
snowmageddon,9839
doyouwanttobuildasnowman,9840
stayinside,9841
Mizuki,9842
japanesechin,9843
chinstagram,9844
sleepyhead,9845
shopwithus,9846
localsonly,9847
vanderpumpdogs,9848
appreciate,9849
bethankful,9850
rudepeople,9851
rudepeoplesuck,9852
SoBe,9853
excelenergycenter,9854
highschoolhockey,9855
LifeLessons,9856
theforgottencity,9857
skatedc,9858
whenisitgoingtostop,9859
Sydney,9860
Brisbane,9861
Australia,9862
ClearTheWay,9863
Confidence,9864
Maniffest,9865
Nichole,9866
Lit,9867
tb,9868
minicooper,9869
marchsnow,9870
itaintoveryet,9871
welcometonewengland,9872
Grammy,9873
Americancancersociety,9874
board,9875
vodkaoclock,9876
neosexy,9877
boozeandboogie,9878
KeepItPositive,9879
MondayMayhem,9880
tatesarahnyc,9881
personalgrowth,9882
birdsofafeather,9883
mallardducks,9884
manisteeforest,9885
KeepItSimple,9886
boomerangs,9887
americancancersociety,9888
makingstrides,9889
filmmaking,9890
filmmaker,9891
edm,9892
edc,9893
música,9894
flexible,9895
motion,9896
getadjusted,9897
EasterStatePenitentiary,9898
Architecture,9899
Prison,9900
LokelMarket,9901
ClassicCarMeet,9902
LoUsasAtrás,9903
Didyouknow,9904
smokey,9905
charred,9906
eggplant,9907
yellowsquash,9908
tvprice,9909
travelgram,9910
thisonetho,9911
grandsonsareamazing,9912
yourheart,9913
modny,9914
70sfashion,9915
museumofnewyork,9916
Café,9917
Brunch,9918
Basic,9919
Crossfit,9920
LiftingFaces,9921
muddy,9922
JaineCreates,9923
oliversattic,9924
шаутигра,9925
aeromethodology,9926
Intro2Aero,9927
OnThisDateInHipHop,9928
BernardLafayetteJr,9929
GreenMountainCreamery,9930
FatFree,9931
VanillaGreekYogurt,9932
medalmonday,9933
livingroomdecor,9934
livingroom,9935
BayAreaWX,9936
doves,9937
purity,9938
MUA,9939
Churros,9940
bigass,9941
yosemitenationalpark,9942
zumba,9943
mondayzumba,9944
nataliefaith,9945
roseography,9946
Discipline,9947
IGetLonely,9948
35mmfilm,9949
CanonA1,9950
canonusa,9951
SBTG,9952
C41,9953
50mm,9954
quiet,9955
CANTWAIT,9956
lovewine,9957
winelover,9958
practiceandalliscoming,9959
mantra,9960
Baltimore,9961
philadelphia,9962
star,9963
sirius,9964
astrologer,9965
astronomy,9966
shakeshack,9967
baxterboy,9968
HUSBANDMAN,9969
afterdark,9970
polyife,9971
daddysgirls,9972
bird,9973
housebird,9974
petsofinstagram,9975
vitra,9976
buyers,9977
investors,9978
Anaheim,9979
alwaysbelieve,9980
somethingwonderful,9981
INYOU,9982
GETIT,9983
fredperry,9984
mensfashion,9985
puglife,9986
pupsofinstagram,9987
11yearsold,9988
Onthisday,9989
EVX,9990
NYStrip,9991
steakdinner,9992
steaknight,9993
brocoli,9994
Barbecue,9995
BestEnsemble,9996
NAACPTheatreAwards,9997
AdoptDontShop,9998
godsrealgift,9999
highestformoflifeontheplanet,10000
Rex,10001
cigar,10002
newlywed,10003
married,10004
honeymoon,10005
countmyblessings,10006
monterey,10007
rpdrseason6,10008
rupaul,10009
bottle,10010
bourbon,10011
Regram,10012
bestseller,10013
NewMerciesChristianChurch,10014
ChristinaCooks,10015
MealPrep,10016
Psalmist,10017
newmercieschristianchurch,10018
whatislove,10019
whatisromance,10020
romance,10021
romancequotes,10022
TheTicK,10023
MissLint,10024
muahsawards,10025
giftbag,10026
shiboski,10027
EmmaWhite,10028
ColdAsIce,10029
glitter,10030
musically,10031
mua,10032
selftaught,10033
bassqueen,10034
jcc,10035
funwiththegirls,10036
ModelMonday,10037
FastRepost,10038
itsallaboutourhealth,10039
YourNOWisPreparingYouForYourNEXT,10040
JID,10041
earthgang,10042
dreamville,10043
warehouselive,10044
jid,10045
memeplus,10046
memes,10047
gifs,10048
loveride,10049
ArtzNSarita,10050
hateorder,10051
lonelygirlsguidetoinimacy,10052
mwlsienna,10053
coolbride,10054
nycrestaurant,10055
client,10056
vipdinner,10057
ring,10058
phillysupportphilly,10059
puppylove,10060
bestfurryfriends,10061
dvintime,10062
theyearofthedog,10063
transrightsarehumanrights,10064
manu,10065
NYCtoLA,10066
kendall_reese_elrod,10067
kundalini,10068
sundayscaries,10069
makeoutmondays,10070
fubar,10071
carnagi1,10072
f,10073
__jasonbell,10074
logannoh,10075
officialtroybrooks,10076
husbears,10077
TheBachelors,10078
surrules,10079
itsjameskennedy,10080
SurRestaurant,10081
neddjamall,10082
Seagulls,10083
TheBirds,10084
SantaMonicaBeach,10085
SantaMonicaSunset,10086
badbrains,10087
MovinOut,10088
TheEssentialBillyJoel,10089
redvelvet,10090
chromatics,10091
minimalist,10092
minimalmood,10093
minimalistmondays,10094
minimalistMonday,10095
glasses,10096
lifequotes,10097
yourgirlchuck,10098
ricardos,10099
Licenseplates,10100
Christmaslights,10101
albumcovers,10102
Tomkhakai,10103
OSFOpening2018,10104
Theatre,10105
josefkote,10106
quoted,10107
HRIFF,10108
session,10109
remymartin,10110
drinkspecials,10111
tusisabesquererme,10112
ask,10113
questions,10114
answered,10115
firsttime,10116
buyer,10117
expert,10118
progress,10119
AIRPORTLIFE,10120
SkyPriority,10121
TourLife,10122
sunrises,10123
ThankGodAlways,10124
misenplace,10125
DLI18,10126
Mexicans,10127
tuesdaymorningsituation,10128
knittersgonnaknit,10129
chloekimhat,10130
spillingtea,10131
sexdreams,10132
ICanBreatheAgain,10133
NYR,10134
ibleedblue,10135
US,10136
Denmark,10137
Germany,10138
UK,10139
LuckyCharms,10140
ILoveHer,10141
GettingIt,10142
PlayDoh,10143
SchoolGardens,10144
aostyle,10145
aliceandolivia,10146
hairpainted,10147
amongstfriends,10148
frameyourflaws,10149
reeloneworldwide,10150
ReelOneEntertainment,10151
heathenmade,10152
chokeme,10153
WonderPlate,10154
BestBabyGifts,10155
feedingthebeast,10156
sales,10157
USA,10158
Biggie,10159
whodidit,10160
abundancemindset,10161
prosperous,10162
teasetuesday,10163
retirementlife,10164
fujix70,10165
WonderBibs,10166
Pizza,10167
SchimelpfenigLibrary,10168
caring,10169
M2,10170
MoveOver,10171
NewSingle,10172
exitcar,10173
exitinstyle,10174
weddingday,10175
mohawk,10176
updo,10177
hairartistry,10178
OG,10179
sunnyspot,10180
bostonterrierlove,10181
beard,10182
blueeyes,10183
bartenderforhire,10184
funtobedressedup,10185
noregrets,10186
nevergiveup,10187
nevergivein,10188
never,10189
lacedress,10190
bohobride,10191
mycreation,10192
myinspiration,10193
StirWithPassion,10194
PierreCallot,10195
BlancDeBlanc,10196
NFLCOMBINE,10197
lashgrowthserum,10198
issavibe,10199
awrinkleintime,10200
Bloggers,10201
LABlog,10202
MACE18,10203
DerbyDay,10204
jawstruck,10205
TheWinchendonSchool,10206
305lb,10207
PrettyPowerful,10208
neversettle,10209
tartantuesday,10210
whatamess,10211
breakfastclub,10212
healthymornings,10213
lovemyneighborhood,10214
SouthEnd,10215
Backbay,10216
16YrSouthEndResident,10217
theluckybaker,10218
ememies,10219
fakefriends,10220
fakepeople,10221
fakelove,10222
fakehugs,10223
HelloKitty,10224
BeHappy,10225
NoWorries,10226
cookout,10227
buttandlegsday,10228
fuelbar,10229
barrysbootcamp,10230
cignabehavioralhealth,10231
sunseeker,10232
MadLibs,10233
randomadventures,10234
pulpfiction,10235
dupontfarmersmarket,10236
bluegrey,10237
RaleighNC,10238
lacefrontal,10239
makeover,10240
vipmeeting,10241
commercial,10242
quickweave,10243
semipermanentmakeup,10244
everlastingbrows,10245
browtastic,10246
immortalhulk,10247
dli18,10248
totformickey,10249
tuesdaysbelongtomickey,10250
FilmSessions,10251
opiodcrisis,10252
opioidepidemic,10253
foggybottom,10254
before,10255
almostafter,10256
redoak,10257
woodpendant,10258
dreamchasing,10259
MsToi,10260
WorkLocalThinkGlobal,10261
HLSR,10262
Contralto,10263
MarianAnderson,10264
fittoride,10265
fittoyou,10266
fittoyounc,10267
equestrian,10268
vegansofinstagram,10269
prettyfood,10270
sunisshining,10271
outside,10272
newspringlook,10273
tasty,10274
dominicans,10275
shesdominicantoday,10276
redwine,10277
peachthecat,10278
wholelife,10279
throughbacktuesday,10280
pestañasdecolores,10281
colorlashes,10282
stevenpinker,10283
enlightenmentnow,10284
reason,10285
science,10286
StuffedBellPepperAlways,10287
Mace18,10288
squatrack,10289
Meetings_,10290
Business,10291
turnup,10292
thecenterforautism,10293
ambeeskitchen,10294
sweetsandmeatsbbq,10295
workoutbuddy,10296
blackownedbusiness,10297
celebratelife,10298
GodisLove,10299
spinning,10300
message,10301
coffeetalk,10302
italian,10303
warrenstoredeli,10304
cheesesteak,10305
sollifemusic,10306
setix,10307
feetup,10308
WiSTEM,10309
scene,10310
upcoming,10311
tv,10312
series,10313
strawbag,10314
FauxFriedChicken,10315
mothersday,10316
chicagogram,10317
NYU18,10318
Vino,10319
invinoveritas,10320
Wine,10321
WineShop,10322
winetime,10323
steppingstones,10324
marble,10325
travertine,10326
gainz,10327
MissionPeak,10328
balletdance,10329
ballet,10330
cardiobarre,10331
cardiobarreworkout,10332
lyvly,10333
gympass,10334
newshow,10335
casting,10336
castingcall,10337
BreakingNews,10338
muralart,10339
gypsy,10340
NAACP,10341
Awards,10342
BARBECUE,10343
lawyered,10344
ladylawyers,10345
skin,10346
sanantonio1718,10347
hd28,10348
sorryguysshestaken,10349
shesmine,10350
MrsCarter,10351
selfdefenseforwomen,10352
brazilianjiujitsu,10353
empowered,10354
soontobemom,10355
TotalBodyWorkout,10356
LeonardNimoy,10357
thegogos,10358
liveincentralpark,10359
tuesdaytunes,10360
ilovemymom,10361
familylife,10362
greenstreetlocal,10363
SecondBreakfast,10364
TransformationTuesday,10365
razorcutbob,10366
soldout,10367
blackisbeautiful,10368
letsgetsummerready,10369
keratintreatment,10370
freeproducts,10371
Shazam,10372
northpark,10373
swizzbeats,10374
Animoji,10375
RemoCamero,10376
joeljameslive,10377
Carmel,10378
tuneintuesday,10379
opportunities,10380
marketing,10381
LillyHoops,10382
jenniferlopez,10383
dogen,10384
foiegras,10385
coldplay2021,10386
coldplayersofinstagram,10387
coldplayer,10388
LGBT,10389
pride,10390
RVGroup,10391
dreamsandgoals,10392
mnwild,10393
letsgowild,10394
AnAppleADay,10395
MultiVitamin,10396
MultiMineral,10397
Solar,10398
fastfoto,10399
normalheights,10400
ShureM447,10401
fc,10402
rotary,10403
htx,10404
happysong,10405
tuscany,10406
Tuscan,10407
winedinner,10408
GayBeard,10409
pointer,10410
legday,10411
workingout,10412
core,10413
formaldress,10414
pickingmykidsupfromschool,10415
mommymode,10416
sandiegovibes,10417
sandiegolifestyle,10418
BeachLife,10419
sandiegolove,10420
horse,10421
InvadeTheHole,10422
Luck,10423
Men,10424
Cologne,10425
justintime,10426
CreightonLane,10427
payitforward,10428
payit4ward,10429
CAL,10430
CreightonArthurLane,10431
Exercise,10432
packing,10433
myspot,10434
magnoliajournal,10435
StephFlossBday,10436
houseofcanaca,10437
CougarTravel,10438
wedothis,10439
wefocused,10440
runwaytoredcarpet,10441
humantrafficking,10442
Utah,10443
montanalife,10444
aliciagworld,10445
performer,10446
Degas,10447
vintage,10448
vintagebarware,10449
InternationalSexWorkersRightsDay,10450
jed,10451
theyearofservice,10452
youshouldbehere,10453
bolserves,10454
actionday,10455
yumyum,10456
takeout,10457
aureavista,10458
riverside,10459
SoundCheck,10460
HoosiersInHavana,10461
ArtistLife,10462
LiveMusic,10463
EmbraceTheJourney,10464
tacopopup,10465
banzomadison,10466
banzoshuk,10467
CastOfStone,10468
joshuatree,10469
weird,10470
samedamntime,10471
daddy,10472
dilf,10473
jesus,10474
precinct,10475
stitches,10476
july,10477
oscarweek,10478
me,10479
sobriety,10480
goofballs,10481
cousins,10482
siblings,10483
covekellin,10484
bestdayoftheyear,10485
symposium,10486
UNDESTRUCTABLE,10487
santaana,10488
oc,10489
lionhas3heads,10490
sailboat,10491
youngbucks,10492
hangmanpage,10493
ArtFan,10494
GAINZ,10495
ASF2018,10496
ASF,10497
oldtucson,10498
steampunkday,10499
dinosaur,10500
funday,10501
fightnight,10502
atthefights,10503
redhead,10504
illuminated,10505
igetitfrommymama,10506
lentils,10507
nice,10508
onebowldinnerwinner,10509
ladypunisher,10510
gametime,10511
vuubasketball,10512
keepGrowing,10513
develop,10514
changeIsTheSpiceOfLife,10515
gettingBetter,10516
iWantToBeTheBestMe,10517
hinamatsuri,10518
inmybelly,10519
japanesefood,10520
somethingwrong,10521
FlyingJacob,10522
WaldorfMD,10523
squishybaby,10524
newlife,10525
newparents,10526
adorable,10527
toocute,10528
lennyandlarrys,10529
San,10530
lostineurope,10531
p2tg,10532
thevisioncenter,10533
Morehouse,10534
makinrounds,10535
SquishDeeLish,10536
babesthatbrunch,10537
lowereastside,10538
sunglasses,10539
SugarbitesBeauty,10540
marcfam,10541
weekendfun,10542
BestDirector,10543
spidermanhomecoming,10544
aphrodisiac,10545
bestfriendsforever,10546
babeswhobrunch,10547
blondes,10548
poconyc,10549
longdrink,10550
thebeekman,10551
templecourt,10552
Unsullied,10553
NorthernVA,10554
orignal,10555
Oscarweekend,10556
Metroid,10557
Gameboy,10558
VisitOlathe,10559
wisdoms,10560
planestrainsandautomobiles,10561
workingmomlife,10562
springdecor,10563
Light,10564
imastar,10565
oscarworthy,10566
itsallaboutme,10567
oscarwinningactor,10568
trainer,10569
BANKcode,10570
BrettYeager,10571
whytheybuy,10572
CancerWarriors,10573
caldo,10574
piscaandina,10575
potatosoup,10576
foodstagram,10577
foodgasm,10578
1yearold,10579
soulsister,10580
uforiastudios,10581
knittinginthehills2018,10582
BulletClub,10583
Cardio,10584
longhairdontcare,10585
Illinois,10586
ilproductsexpo,10587
Grandpa,10588
Tarheels,10589
unc,10590
duke,10591
PixelFace,10592
NewJersey,10593
aka1908,10594
akaserc2018,10595
sorors,10596
MyBBLook,10597
EdithHillinger,10598
DoubleTake,10599
samlazarusneedsanoscar,10600
realcelebrity,10601
redcarpetready,10602
zeal,10603
FilledWithTheHolySpirit,10604
church,10605
sommlife,10606
bundleup,10607
nerds,10608
originalmusic,10609
RockNRoll,10610
LULLaunchParty,10611
weddingphotographer,10612
PREGAME,10613
HAPPYHOUR,10614
cafebeignet,10615
practicing,10616
beatjuggles,10617
jj,10618
findaheater,10619
kegwine,10620
peremarquette,10621
flyfushing,10622
driftboat,10623
steelhead,10624
kiefercooke,10625
mark_vessey,10626
gaysontour,10627
scruff,10628
kindnessmatters,10629
UFC222,10630
dirrelluzcategui2,10631
wildandfree,10632
rooted,10633
connected,10634
sixty,10635
collarxelbow,10636
smoking,10637
roadmaster,10638
djivanla,10639
chairlift,10640
yummyfood,10641
thebesticecreamplaceintheworld,10642
fridaynightlights,10643
shack,10644
deplifestylemagazine,10645
CONGRATULATIONS,10646
BestFeature,10647
SpiritAward,10648
pinkiesup,10649
DonJulio1942,10650
callmebyyourname,10651
directtv,10652
johnniewalkerambassador,10653
johnniewalkerblack,10654
whisky,10655
PMDawn,10656
KuboTheTwoStrings,10657
milkwars,10658
doompatrol,10659
strawberrymargaritas,10660
margarita,10661
professionalfamewhore,10662
branded,10663
tattooed,10664
mybody,10665
AndraLeeAndTheJuggernaut,10666
thebirdcagesm,10667
missfuego,10668
BirdcageSM,10669
MelaninMagic,10670
Huji,10671
Steelpan,10672
mobilephotography,10673
stretdreamsmag,10674
fishermensvillage,10675
lighthouse,10676
stbarths,10677
scotthackett,10678
Watching,10679
djpauloramirez,10680
stjudeschildrensresearchhospital,10681
findingfathomdj,10682
dancehall,10683
reggae,10684
MarchForthAndDoSomethingDay,10685
Dozer,10686
walrus,10687
conservation,10688
BlissfulBudz,10689
DJLESORTIZ,10690
DateNight,10691
coltontran,10692
gays,10693
gayguys,10694
surprise,10695
teamhomo,10696
MilitaryLatte,10697
Matcha,10698
Espresso,10699
joshgoodyear,10700
yourewrappedaroundherlittlefinger,10701
CaptainMorgan,10702
Rum,10703
shine,10704
glowup,10705
happyhatchday,10706
16yearsold,10707
empressofourhousehold,10708
socalwinter,10709
palmtreescoolbreeze,10710
saturdayselfie,10711
jacuzzitime,10712
jacuzziboys,10713
InnerBeauty,10714
FrFr,10715
milwaukee,10716
rookieoftheyear,10717
piaget,10718
chateaumarmont,10719
NationalGrammarDay,10720
DaughtersAndSonsDay,10721
CourageousFollowerDay,10722
fishing,10723
boat,10724
MarchMagic,10725
Hinamatsuri,10726
dollsday,10727
ひなまつり,10728
日本,10729
tradition,10730
walkinginla,10731
madeinla,10732
melrose,10733
FirstDaughterKeels,10734
FirstLadyKeels,10735
303day,10736
WynnLasVegas,10737
gala,10738
tuxedo,10739
mercying,10740
DirtyThirty,10741
lapaulee,10742
burgundy,10743
saltbae,10744
spicepri,10745
AnnalynneMcCord,10746
HumanRightsAcitivist,10747
Actress,10748
BeverlyHills,10749
Naomi,10750
BirthdayWeekend,10751
PreBirthday,10752
warriormovesmadedaily,10753
warriorsactive,10754
daymondjohn,10755
moviestar,10756
nolaeats,10757
lent,10758
jamicure,10759
jamberry,10760
Italian,10761
maserati,10762
newmexicotrue,10763
nmtrue,10764
abq,10765
featurenewmexico,10766
purenm,10767
janiceats,10768
TheDungeon,10769
SteelBearingHand,10770
forevermaria,10771
prettyboy,10772
schmacting,10773
Berkeley,10774
purederm,10775
ShabbatAcrossAmerica,10776
artsell,10777
soloartshow,10778
comicbookhideout,10779
drawing,10780
yougots2go,10781
kevingates,10782
bwa,10783
lucabrasi,10784
superman,10785
geek,10786
fitgeek,10787
dccomics,10788
IditarodBegins,10789
morningstardj,10790
hesjustnotthatintoyou,10791
TomDesanto,10792
Wolverine,10793
xmen,10794
jozthe1,10795
transformers,10796
roddimusprime,10797
optimusprime,10798
autobot,10799
ColmanDomingo,10800
NightBefore,10801
elianne_12,10802
shanenanigans,10803
werk,10804
friendsbeingfriends,10805
theazulraul,10806
kylesandwich,10807
dkhoover89,10808
kylejbernier,10809
wikeyz,10810
creed2,10811
shanemichael1,10812
seester,10813
melaniasseester,10814
slovenianseesters,10815
flipurgoddamnedhair,10816
sobanskila,10817
rose,10818
blackwomeninhollywood,10819
MichaelMina,10820
ChambolleMusigny,10821
brunoclavelier,10822
FoieGras,10823
intention,10824
spaceshipearthsunday,10825
pups,10826
lakemichigan,10827
RiseUp,10828
londonkaye,10829
sundayquote,10830
billygraham,10831
teachyourchildrenwell,10832
raisingkids,10833
willrunforjuice,10834
patricialbrooks,10835
west,10836
kofc,10837
knightsofcolumbus,10838
SundaySoulSeasonings,10839
healthyish,10840
healthyishfoods,10841
March4th,10842
sunisallineed,10843
nutbutter,10844
bodybuilding,10845
bodygoals,10846
InternationalScrapbookingIndustryDay,10847
happysunday,10848
blacktea,10849
empanadas,10850
stlouis,10851
travels,10852
getaway,10853
missouri,10854
warwickny,10855
warwick,10856
sundayview,10857
Chickfila,10858
chickenaddict,10859
unityoverbeliefs,10860
cedarrapids,10861
beersummit,10862
krna,10863
tryingnewthings,10864
omelette,10865
pancakes,10866
girlsdayout,10867
OpenHouse,10868
halstead,10869
coniferousforest,10870
woods,10871
treestagram,10872
saintsandsinners,10873
LazySunday,10874
jobshiring,10875
postalworker,10876
employment,10877
instalike,10878
instapic,10879
elvis,10880
glo2gosunless,10881
sundayfun,10882
sundaywork,10883
givingbackisglam,10884
activismissexy,10885
activist,10886
heidelbergwindmill,10887
CommunionSunday,10888
NothingButTheBlood,10889
Freezer,10890
keepSAreal,10891
makeeverydaycount,10892
makeeverydaymeaningful,10893
eveningwalk,10894
Twinkie,10895
WeLoveCamelot,10896
AndSmarders,10897
sundaybreakfast,10898
mixedberry,10899
muffin,10900
openhouses,10901
HaikuYourView,10902
ArtSpan,10903
sunnysunday,10904
workstation,10905
pizzelle,10906
MSTOI,10907
californiaweather,10908
caliweather,10909
cray,10910
craycray,10911
kidsareawesome,10912
teamdehart,10913
4k,10914
season,10915
bingewatching,10916
trueblood,10917
alloveragain,10918
nevergetsold,10919
Fivefourclub,10920
anaisnin,10921
pumpandrun,10922
AnnieLennox,10923
Diva,10924
selfhelpfest,10925
demilovato,10926
mtkonoctibeauty,10927
Carpediem,10928
seizeyoursunday,10929
letThatBeTheBottomLine,10930
BecauseYOUsaidSo,10931
luxeatsephora,10932
BFFbrunch,10933
noise,10934
punk,10935
hell,10936
TooOldForThisShit,10937
cubbing,10938
jackietime,10939
missmygirls,10940
thecast,10941
unscriptedDC,10942
90snight,10943
everyfirstsaturday,10944
guinessbook,10945
jeanphilippe,10946
subdaybrunch,10947
shopbag,10948
bowiethedog,10949
mamasboy,10950
truelove,10951
justthewayyoulooktonight,10952
fredastaire,10953
Picasso,10954
mlife,10955
peacelearning,10956
momtalk,10957
drnellymomtalk,10958
climbing,10959
ceiling,10960
crocus,10961
lungs,10962
Pre,10963
Raleigh2SXSW,10964
InnovateRal,10965
alwayspositive,10966
unicornmelt,10967
bangs,10968
bangsofny,10969
nystyle,10970
nychairstylist,10971
soho,10972
cypresstrees,10973
brooklynboogiebrunch,10974
Thoughts,10975
servicelearning,10976
SaltLick,10977
endendo,10978
endometriosis,10979
endometriosisawareness,10980
15k,10981
teamchampions,10982
allthebeer,10983
WhyisLucasOurBigGuy,10984
m2f,10985
kettlebellswings,10986
EastSide45s,10987
BoyleHeights,10988
DancingMindfulness,10989
LanguageNerd,10990
FunwithGerman,10991
nomercy,10992
punishingpuns,10993
tfli,10994
tflinstitute,10995
Nocaptionneeded,10996
StrangerThings,10997
lovethroughitall,10998
Shaves,10999
tournament,11000
final,11001
NationalNoodleMonth,11002
puppygram,11003
tarot,11004
animalspirit,11005
tarotlife,11006
Greatness,11007
ownthethrone,11008
believeitornot,11009
ladyofliberty,11010
obedience,11011
mercy,11012
jordanpeele,11013
bedroomflowers,11014
sohogrand,11015
warning,11016
psycologicalwarfare,11017
malcolmx,11018
hotmess,11019
loca,11020
medicated,11021
optoutside,11022
filmgeek,11023
artlover,11024
imsuchageek,11025
Napa,11026
TeamDela,11027
bunny,11028
bunnybuffet,11029
anna,11030
napavalley,11031
ScribbleScribbleStabStab,11032
curlyhair,11033
WinterParkSalon,11034
Feed,11035
wolf,11036
NativeAmerican,11037
Latina,11038
iPhoneX,11039
BlurryVisionFestival,11040
dinahdj,11041
yarnlove,11042
defynegativeenergy,11043
multifoxP,11044
StreetFight,11045
TheBricks,11046
Newark,11047
CreamCity,11048
caverunlake,11049
oldieGoodie,11050
boyfriendappreciationpost,11051
activekids,11052
momsicle,11053
acceptancespeech,11054
sundaydinner,11055
shhh,11056
lifegoals,11057
snuggle,11058
allieawards2018,11059
lookbeyond,11060
imyhatcouldflysocouldi,11061
flatbread,11062
bluecheese,11063
scallions,11064
simple,11065
rollup,11066
timetosmoke,11067
beforeandafter,11068
goldstatue,11069
oscarssunday,11070
oscarsnight,11071
100000pyramid,11072
FarmersMarket,11073
roadtoabetterme,11074
healthychoices,11075
balloons,11076
hailstate,11077
praisethelordandgodawgs,11078
RIPDAVIDEASTORI,11079
lwtsummit,11080
equinimity,11081
gender,11082
gettingto5050,11083
sundaybrunchgasm,11084
yummtastic,11085
hello,11086
gogetit,11087
getitdone,11088
night1,11089
discoball,11090
canon_official,11091
canon5dmk3,11092
jewel,11093
playavista,11094
lovewhereiplay,11095
lovewhereilive,11096
SundayFunDay,11097
SunnyDay,11098
Tattoo,11099
Crab,11100
Lion,11101
CampeónDelMundo,11102
solvang,11103
santaynezvalley,11104
ilivewhereyouvacation,11105
vibe,11106
40minutesTillDeparture,11107
caliwinter,11108
dogwalks,11109
plaidshirt,11110
leejeans,11111
corteo,11112
highlyrecommended,11113
Clexacon,11114
Supergirl,11115
Capo,11116
Candytopia,11117
aliveandkicking,11118
beta,11119
amysfaceplace,11120
VoteBlueNoMatterWho,11121
definitelynotonmydiet,11122
goodfood,11123
clexacon,11124
hellojaeyoo,11125
Mission,11126
CULTURES,11127
LAWENFORCEMENT,11128
HIPHOPCOMMUNITY,11129
whatdoidowithmyhands,11130
layla,11131
laylathedog,11132
rescuedogsofinstagram,11133
rescuesarebest,11134
puppiesofig,11135
BiLife,11136
ThisIsWhyImQueer,11137
chriphenix,11138
StandUpForSomething,11139
breakingbad,11140
excellent,11141
SheCanGetIt,11142
bowldacai,11143
hinesville,11144
ladyface,11145
BornToRun,11146
ThirteenPointOne,11147
BlackGirlsRun,11148
Halfway,11149
Blessings,11150
roswell,11151
awards,11152
wineawards,11153
bailey,11154
piloxing,11155
zootopia,11156
dust,11157
hikeitbabyfamily,11158
madathletes,11159
WhenYourFriendsKnowWhereYouStand,11160
livelaughlove,11161
resist,11162
equal,11163
LOFTJET,11164
BEACHESWEHO,11165
battlecry,11166
TeamNorth,11167
anythingforgolf,11168
SanAntonio,11169
scarves,11170
scarf,11171
cowl,11172
womemswear,11173
milkandhoney,11174
femaleheroine,11175
BerkeleyEats,11176
BGirls,11177
BBoys,11178
vctm,11179
radforduniversity,11180
Unspokenangels,11181
WomenWhoSupportWomen,11182
BigBoobProblems,11183
alwaysbeclosing,11184
BBBB,11185
TheBaconBar,11186
GoodTimes,11187
rosietheriveter,11188
gigi,11189
gottaloveit,11190
CLIQUE,11191
THURSDAYS,11192
HappyNationalWomensDay,11193
menCelebratingWomen,11194
womansDay,11195
thisgirlcan,11196
childphotography,11197
postlive,11198
strotherpt,11199
loungewear,11200
wombyn,11201
divinemagic,11202
nana,11203
OUMBA,11204
GMAT,11205
csw,11206
FacultyDancers,11207
AWomanRunsCAMS,11208
deadpool,11209
comdey,11210
momboss,11211
unapologetic,11212
ambitious,11213
glorious,11214
viosfertility,11215
openhouse,11216
stalexius,11217
TruEMU,11218
indianwells2018,11219
marincilic,11220
collardsandmustardgreens,11221
turkeylegs,11222
meme,11223
nycstreets,11224
hermionegranger,11225
Diabirthday,11226
HarpoonMacAndCheers,11227
harpoon,11228
gameofthrones,11229
cosplay,11230
northernqueen,11231
reflections,11232
strongertogether,11233
cheerstoalltheladies,11234
thanksforallyoudo,11235
femalepower,11236
womenrunners,11237
ambition,11238
femalefrontedband,11239
femalefronted,11240
thebredren,11241
TimesUp,11242
InternationalWomenDay2018,11243
SheInspiresMe,11244
NordicMadeSXSW,11245
lengha,11246
futureisfemale,11247
SaveMyLifeIn5Words,11248
powerhouses,11249
SoulSisters,11250
bepowerful,11251
beheard,11252
belove,11253
bookyourappointment,11254
artphotography,11255
snacktime,11256
ricecake,11257
avocado,11258
hemp,11259
himalayansalt,11260
mstoimusic,11261
hiphoproyalty,11262
queenwarrior,11263
grayhair,11264
oldAF,11265
dyesoon,11266
hazeleyes,11267
leaves,11268
westfrisco,11269
harolds,11270
haroldsheights,11271
haroldstaproom,11272
haroldsMobileKitchen,11273
southern,11274
womensmarchnyc,11275
AllStarWeekend2018,11276
portercreekwinery,11277
sisterhood,11278
PuppyLove,11279
doglife,11280
raisedbywomen,11281
leadbywomen,11282
coverup,11283
browsbyGaby,11284
CreepyClassicRock,11285
NieceyNiece,11286
audrelorde,11287
29Rooms,11288
ladylove,11289
boutique,11290
roar,11291
pinkhair,11292
spicy,11293
peppers,11294
curriedrice,11295
braised,11296
fave,11297
oatmeal,11298
NaturesPath,11299
Organic,11300
QuickOats,11301
bettertogether,11302
Qotd,11303
internationalwomenday,11304
biggiesaidit,11305
lovemygirls,11306
doYOU,11307
inspiring,11308
parkuniversity,11309
ParkYou,11310
idriselba,11311
lupitanyongo,11312
InstaGirl,11313
Girl,11314
Lesbian,11315
GayLove,11316
GayLife,11317
vdnboutique,11318
townhall,11319
denimthursday,11320
denimday,11321
NOTTODAYSATAN,11322
waco,11323
rockon,11324
shop,11325
fashionlady,11326
ClassyChingnoas,11327
mentor,11328
womankind,11329
JanelleMonáe,11330
CarolBurnett,11331
tombraider,11332
aleagueoftheirown,11333
AdventuresOfEmmy,11334
succeed,11335
BarbieDay,11336
GetOverItDay,11337
PanicDay,11338
JoeFranklinDay,11339
devilchickendesign,11340
true,11341
perfectfigure,11342
campaign,11343
ursulakleguin,11344
thelatheofheaven,11345
livetheatre,11346
italianfood,11347
ilfordhp5,11348
laketahoe,11349
GodBlessTexas,11350
FirestreetPizza,11351
MailCall,11352
strangerthings,11353
Barb,11354
8bitpops,11355
Upsidedown,11356
rocksthemic,11357
travellife,11358
worktrip,11359
partyforthepark,11360
friendsoftherailpark,11361
AmyandGailMadness,11362
stylexjm,11363
collectionofcool,11364
TonsofFun,11365
DNC,11366
eilachristine,11367
WomensDay2018,11368
enjoy,11369
foodtruck,11370
tacoshernandez,11371
smokyquartz,11372
104yearsagotoday,11373
3generations,11374
leaders,11375
minime,11376
singlemom,11377
singlelife,11378
hoochiemama,11379
radmom,11380
communityorganizer,11381
bellhooks,11382
celebrqteinternationalwomensday,11383
CourageHasNoGender,11384
daughteroftheking,11385
motivator,11386
Blam,11387
scopeartshow,11388
ihaveavoice,11389
supportwomeninbusiness,11390
caterich,11391
lupefiasco,11392
divaroyaleusa,11393
thinklikeagirl,11394
MsJDHerStory,11395
Paulantics,11396
wearekind,11397
wearewoman,11398
makejesusfamous,11399
youmatter,11400
Shellac,11401
BeltonTX,11402
eatlikealocal,11403
jewelschool,11404
makeyourownjewelry,11405
jewelrymaking,11406
theonlyalaska5000,11407
timmcgraw,11408
winwin,11409
beyonceresidency,11410
CanalStreetmovie,11411
blessedbeyondmeasure,11412
WhatFamilyMeansToMe,11413
WorldSleepDay,11414
peoplethatmatterstoome,11415
Cabo,11416
beachbody,11417
72ndSt,11418
LincolnSquare,11419
UpperWestSide,11420
Latinas,11421
dabest,11422
aladdinknight,11423
noir,11424
melanin,11425
michigan,11426
smart,11427
female,11428
robertpalmergirls,11429
shadowdancers,11430
TeamShangela,11431
kellykapowski,11432
millajovovich,11433
christianslater,11434
drumming,11435
jacquiehitthemarco,11436
bacheloretteparty,11437
makingithappen,11438
celfievase,11439
RoseArmy,11440
worthyWoman,11441
beautifulWoman,11442
OGBB,11443
WCGoldengirls,11444
locas,11445
Squad,11446
werise,11447
womemsmarch,11448
validate,11449
banglife,11450
dbz,11451
dragonballsuper,11452
dragonball,11453
bang,11454
brainandbodyfuel,11455
HerbaWomen,11456
compassion,11457
god,11458
womenofseattle,11459
ourtribe,11460
spaatriverridge,11461
jdaproud,11462
Xochiquetzal,11463
Chicomecoatl,11464
Shero,11465
Mentor,11466
Apostle,11467
Pastor,11468
Wife,11469
Proverbs32,11470
cyber,11471
fortgordon,11472
sewingdone,11473
justbe,11474
iamwoman,11475
hearmeroar,11476
freedomthinkers,11477
limitless,11478
sticktogether,11479
heresammie,11480
ourshero,11481
herstory,11482
ourstory,11483
madewithlove,11484
womenswrestling,11485
Thursdaynight,11486
gettingbacktome,11487
abovetheclouds,11488
flyinghigh,11489
dontquityourdaydream,11490
spirittats,11491
SUPERGIRL,11492
cigars,11493
ValidReaders,11494
nayyirah,11495
womeninscience,11496
girlsinscience,11497
ideas,11498
undergraduate,11499
innocentFun,11500
NYEbffKiss,11501
NuffSaid,11502
WeAreTheCormiers,11503
RiyanNicole,11504
NorahGraceC,11505
rightnow,11506
banggang,11507
mfm,11508
ssdgm,11509
nvleg,11510
supportfemaleentrepreneurs,11511
respectwomen,11512
aumteam,11513
womenthatrock,11514
teambendelacreme,11515
teamshangela,11516
rpdrallstars3,11517
gelmani,11518
ladyinred,11519
unity,11520
timeisup,11521
enough,11522
Celebrating,11523
Scandal,11524
mytwoblondes,11525
ChOnGa,11526
museumoficecream,11527
BetterThanYou,11528
Taipei,11529
everydayiswomensday,11530
exceptfathersday,11531
mommom,11532
ripmommom,11533
Arrow,11534
maroon5,11535
hilaryclinton,11536
rosaparks,11537
TopChef,11538
protectgirls,11539
thefutureisfemalerunners,11540
sheperdsdoor,11541
pasadena,11542
katiemcneal,11543
789madison,11544
WomensMarch2018,11545
WomenEmpowerment,11546
WomenRock,11547
mymomisabadass,11548
PTXonLSB,11549
1linewed,11550
EveryDayAllDay,11551
DrMayaAngelou,11552
brooklyntheatreclub,11553
womeninfood,11554
lunaCarmen,11555
pizzaislife,11556
mypower,11557
BizzieIzzie,11558
moodforlife,11559
fattyatheart,11560
hanginglake,11561
knowledge,11562
tupac,11563
2pac,11564
2pacquotes,11565
melanatedwomen,11566
Mua,11567
yasss,11568
silly,11569
holymoves,11570
wonderwomancosplay,11571
dragoncon,11572
dragonconparade,11573
doodle,11574
jwnphoto,11575
stagephotography,11576
mfwi,11577
mfwistudentlife,11578
cal,11579
maile,11580
victoriahowellobresly,11581
katmai,11582
LAnoir,11583
60DaysIn,11584
kit,11585
challengelife,11586
PASACardinal,11587
2xstrong,11588
motorcycle,11589
motorcyclepatches,11590
myladies,11591
myhearts,11592
FrozenBroadway,11593
Disney,11594
WishICouldGoBackToWhen,11595
lovinglife,11596
HTGAWM,11597
princesses,11598
bosswomen,11599
livingthelife,11600
chinesefood,11601
femaleicon,11602
getwasted,11603
darkliquor,11604
friedporkchops,11605
spinachpatties,11606
salvifood,11607
SausageParty,11608
womenaresacred,11609
cosmoproflv,11610
serenawilliams,11611
vinylvindication,11612
happywomansday,11613
frozencupcakefromfreezer,11614
unitedwestand,11615
YoloFroyo,11616
YolandaUnicorn,11617
mybetterhalf,11618
lemonade,11619
riri,11620
beyoncé,11621
International,11622
rocknroll,11623
LaMeBayjacent,11624
beautifulwomen,11625
teamnagy,11626
RuinMyDayIn5Words,11627
internationalwomansday2018,11628
backtothegrind,11629
wineachday,11630
onedayatatime,11631
bigdeal,11632
chest,11633
supernegrolifestyle,11634
toshyanez,11635
omgregory,11636
sheisback,11637
greysaftergrace,11638
bertabear,11639
visionarywomen,11640
spago,11641
BeBoldForChange,11642
student,11643
demimoore,11644
dior,11645
iconic,11646
wortheverypenny,11647
purplewallphotos,11648
fightthepower,11649
week1,11650
OnlyLove,11651
spreadingmymagic,11652
BeRichWithLife,11653
whatup,11654
readyforwarm,11655
cocktailgarden,11656
bossladies,11657
ConfettiPop,11658
santafe,11659
NOFILTER,11660
Nashty,11661
Af,11662
Nashtag,11663
BookofNash,11664
theglowup,11665
WhyILoveWomen,11666
enendo,11667
month,11668
palefire,11669
hearmepour,11670
margiesmark,11671
silentdisco,11672
babes,11673
laartwalk,11674
churro,11675
ILoveApril,11676
oxfordhotel,11677
NorthSAChamber,11678
Golf,11679
skinsofancy,11680
marchofrobots2018,11681
superfast,11682
robot,11683
remote,11684
kidslit,11685
vogue,11686
alopecia,11687
nashvillephotography,11688
Everyday,11689
SteakLovers,11690
WomenWhoCook,11691
ChefSleek,11692
initiate,11693
nycphotographer,11694
b,11695
madathlete,11696
Yondu,11697
BobbleHead,11698
GuardiansOfTheGalaxy,11699
AUS,11700
Austin,11701
AustinHome,11702
SpaceX,11703
nothingisimpossible,11704
gwynneshotwell,11705
testandretest,11706
rocketpower,11707
raiders,11708
raidernation,11709
reunited,11710
markdavis,11711
jongruden,11712
justwinbaby,11713
dubnation,11714
precision,11715
westside,11716
womanofdistinction,11717
casperwyoming,11718
bloggerstyle,11719
princess,11720
loveofmylife,11721
carriebradshaw,11722
internationalwomensstrike,11723
rally,11724
vika,11725
leosmommy,11726
Grandmother,11727
ThanksMabel,11728
ขอบคุณครับแอนดี้,11729
lacabana,11730
beachheadreunion,11731
goddessvibes,11732
leaderofthenewschool,11733
mybabies,11734
timegoestoofast,11735
SignsOfAbuse,11736
healthyrelationship,11737
skills,11738
EMPOWERED,11739
SilverLining,11740
CriticalRole,11741
father,11742
warriorwomen,11743
bettydavis,11744
lightintheattic,11745
istolethis,11746
wearacapetomorrow,11747
preflightdrink,11748
ginandsoda,11749
iydk,11750
Blingyist,11751
overthetop,11752
travelgoodsshow,11753
thoseledstho,11754
sunsetsaremyfavoritecolor,11755
imnotluckyimblessedyes,11756
mbpier,11757
HappyBirthdayJanet,11758
thislookishowyouknowyouareintrouble,11759
BobbyTarantino2,11760
whyshesofierce,11761
prepro,11762
theniceguy,11763
SF,11764
Mickys,11765
shangela,11766
RDAS3,11767
cdubs105,11768
DoYouBoo,11769
Lifestyle,11770
CBS5,11771
performance,11772
tripledouble,11773
game,11774
bonsai,11775
AlexandersSteakhouse,11776
hairstyles,11777
hairgod,11778
humor,11779
laughing,11780
Uni,11781
chawanmushi,11782
Latour,11783
gobears,11784
primerib,11785
wagyu,11786
myfraaaiiinnnnRadio,11787
streetarteverywhere,11788
shirtlessrunner,11789
princessleia,11790
paulinesabin,11791
respectyourelders,11792
ZephyrTheatr,11793
skipoc,11794
doubletrouble,11795
hours,11796
NOW,11797
ALL,11798
double,11799
prices,11800
draftbeers,11801
drrwel,11802
bootsandcats,11803
siri,11804
beatbox,11805
joke,11806
ImHere,11807
Capable,11808
Brilliant,11809
kimkimble,11810
ledisi,11811
dailylightsavings,11812
vivicafox,11813
bowling,11814
aonikalaurent,11815
garcellebeauvais,11816
HER,11817
EssenceMagazine,11818
Melanin,11819
FinePeopleFromTexas,11820
AtlantaFX,11821
HealthyMindandBody,11822
layman,11823
InterationalWomensDay,11824
menofsapphire,11825
bobmelrose,11826
HALLELOO,11827
MakesMeMagical,11828
KaiAlce,11829
living,11830
livewithgratitude,11831
TeamTrixie,11832
FriYAY,11833
Ullassa,11834
roses,11835
mariaroses,11836
GiantStepsRadio,11837
sebastianbonet,11838
taught,11839
drive,11840
agogetterbrand,11841
DM,11842
njcup,11843
gumbolive,11844
AboutLastNite,11845
RIPBIG,11846
EatingDisorderDietitian,11847
NondietDietitian,11848
crazysexywool,11849
northend,11850
pwr,11851
sweat12wc,11852
Determinaton,11853
FinallyFriday,11854
IWD18,11855
oprahwinfrey,11856
MeetTheDukers,11857
fridays,11858
vikingstrong,11859
beadonor,11860
beahero,11861
hearttransplant,11862
macfit,11863
stongher,11864
yesyoucan,11865
onemore,11866
heights,11867
heightslife,11868
fridayhappyhour,11869
wccclimbs,11870
castwallwalk,11871
eatersgonnaeat,11872
lunchisserved,11873
AvocadoToast,11874
ComingSoon,11875
ThingsNotToDoOnACruiseShip,11876
morningpages,11877
NorthKoreaTalks,11878
Rosary,11879
holywater,11880
crucifix,11881
sacramental,11882
fearlessgirl,11883
BirthdayGirl,11884
hancarved,11885
holly,11886
turquoiseinlay,11887
freewebinar,11888
NewMusicFriday,11889
FearlessFocusFriday,11890
Paralympics,11891
DaddyLongLegs,11892
spiders,11893
jobsearch,11894
willworkfortravel,11895
hearusroar,11896
nolimits,11897
Yourself,11898
femalefilmmakerfriday,11899
OldNotWeak,11900
FridayFun,11901
DaBomb,11902
BathFizzer,11903
urabeauty,11904
yourebeautiful,11905
funfriday,11906
JobsReport,11907
trx,11908
smallgrouptraining,11909
feministfriday,11910
TarHeels,11911
ACC,11912
kddidit,11913
feelingproud,11914
curtisschool,11915
Community,11916
schooltrip,11917
4thgrade,11918
cultivatekindness,11919
PESCAITO,11920
TODOSSOMOSGABRIEL,11921
GabrielSanchéz,11922
TodosSomosGabriel,11923
StPatricksDay,11924
Lucky,11925
Clover,11926
Candle,11927
WOOOOW,11928
femininefreedom,11929
sunyulster,11930
activewear,11931
activewomen,11932
activelife,11933
wedidit,11934
internationalmensday,11935
allowing,11936
winemakers,11937
StrongMamas,11938
kayu,11939
weekendstyle,11940
purse,11941
BuenViernes,11942
nailedit,11943
craftywifecraftylife,11944
twinjas,11945
twinstagram,11946
blackcinderella,11947
forstonerzonly,11948
nodownpayment,11949
loan,11950
loans,11951
HorrorIcon,11952
bombsheltercomedy,11953
freepizza,11954
WhereAllThemFlowersComeFromTho,11955
funnylady,11956
detroit,11957
kite,11958
haha,11959
chichi,11960
babyshoes,11961
TechieTunes,11962
ripbiggie,11963
biggiesmalls,11964
freebgfridays,11965
HollywoodHills,11966
MorningwithMayors,11967
YvonneSpicer,11968
DNCWinter18,11969
TrailsBlazing,11970
focusonthefamily,11971
familycovenant,11972
est2018,11973
yearofestablishment,11974
HerStory,11975
melangedanceherstory,11976
womensliberation,11977
nationalmeatballday,11978
nyceats,11979
electric,11980
getlit,11981
lightitup,11982
MAIAgown,11983
KellyFaetanini,11984
mtholly,11985
ThinkingPutty,11986
Friyay,11987
collaboration,11988
tummytime,11989
malefeminist,11990
truly,11991
iwd18,11992
wearethefuture,11993
weareready,11994
wearechangemakers,11995
wearerichardwright,11996
NationalMeatballDay,11997
findingdorri,11998
drunkinlove,11999
lickerlips,12000
lipstick,12001
jackncoke,12002
masqueradeball,12003
lgbtq,12004
JustinVsBrittney,12005
Barre,12006
Soho,12007
womenirl,12008
akaLifeCEO,12009
FilterFaceBitches,12010
GoEntLLC,12011
boobs,12012
bestpresentever,12013
yayboobies,12014
fatcatattack,12015
BLAZEDANDAMUSED,12016
foreverstrong,12017
PolishedDip,12018
instanails,12019
nailsokc,12020
okcnails,12021
yukonsbest,12022
hat,12023
haircutneeded,12024
salon180east,12025
artsdistrict,12026
TAKEAFLIGHT,12027
CAVBRO,12028
FRYDAZE,12029
UalreadyKnow,12030
ISSAPARTY,12031
chapter,12032
healthybreakfast,12033
itsallboutlovingyourself,12034
SpringBreak2018,12035
clique,12036
watchhimmuscleup,12037
riseandshine,12038
runclub,12039
runnerlife,12040
boxer,12041
champ,12042
JoyElectric,12043
SugarRush,12044
BiggieSmalls,12045
BigPapa,12046
like,12047
lace,12048
dress,12049
dreamworkmakestheteamwork,12050
FlashBackFriday,12051
saber,12052
oprycitystage,12053
lemina,12054
