Hashtag,Id
OpCharlieHebdo,1000
off,1001
MaCherie,1002
CharlieHebdo,1003
JeSuisCharlie,1004
NousSommesCharlie,1005
ModernFamily,1006
comedy,1007
funny,1008
face,1009
lol,1010
blurOfShame,1011
LRT,1012
crisedudisquenormaaaale,1013
MouradHamydInnocent,1014
17ans,1015
birthday,1016
sablons,1017
VousEtesPasPret,1018
عادل_المسعود,1019
ComprendraQuiPourra,1020
MusulmansChretiensJuifsTousUnis,1021
jesuisCharlie,1022
ChalieHebdo,1023
FFback_jesuischarlie,1024
tytlive,1025
AfricanFootballerOfTheYear,1026
Lost,1027
LesDisparus,1028
S04E09,1029
MusulmansChrétiensJuifsTousUnis,1030
journeededeuilnational,1031
France,1032
Paris,1033
Marseille,1034
Lyon,1035
Lille,1036
Toulouse,1037
Montpelier,1038
Rennes,1039
Strasbourg,1040
blaguer,1041
TeamPortugal,1042
DivisionsPiègeàCons,1043
NotAfraid,1044
Pens,1045
pencils,1046
tribute,1047
PlacedelaRepublique,1048
Savate,1049
Islam,1050
NotInMyName,1051
PasEnMonNom,1052
S04E10,1053
LTS,1054
Charlie,1055
Charliberte,1056
TVDThursday,1057
Delena,1058
ContreLesTerroristes,1059
GagneTaPlace,1060
BFMTV,1061
WeLoveYouGinny,1062
JesuisCharlie,1063
GoTSeason5,1064
JeSuisAhmed,1065
CharieHebdo,1066
Off,1067
تصميمي,1068
صديق,1069
صداقة,1070
MusulmansJuifsChretiensTousUnis,1071
lrt,1072
VilainSarkozyste,1073
alcaline,1074
hollysiz,1075
JeNeSuisPasCharlie,1076
DALSTournee,1077
Nice06,1078
سفيان_الشورابي,1079
CharlieBleGoudé,1080
NickiMinaj,1081
hommage,1082
Carenzo,1083
TVD,1084
MarcheRepublicaine,1085
GrossePenséALaLiberteDExpression,1086
GrossePenséADesGrandsHommes,1087
LastRT,1088
RespectForMuslims,1089
Jesuisbourre,1090
lt,1091
BoaNoite,1092
BonneNuit,1093
stormtrooper,1094
StarWars,1095
Celibatard,1096
OFFF,1097
lastRT,1098
film,1099
Lrt,1100
MeloAuxCoDChamps,1101
JeSuisMelo,1102
Houellebecq,1103
ElleSeReconnaitraaaa,1104
bmw,1105
MercedesBenz,1106
PasNousPasNous,1107
EiffelTower,1108
paris,1109
IslamNonCoupable,1110
0fff,1111
Need,1112
JeannetteBougrab,1113
statue,1114
equality,1115
memorial,1116
unanimisme,1117
Staps,1118
lahaut,1119
Paris12,1120
mauvaiseeleve,1121
pussys,1122
redlightdistrict,1123
Alerte,1124
web,1125
Gaza,1126
Fontainebleau,1127
libertedexpression,1128
nonabbiamopaura,1129
Doggies,1130
street,1131
Arrow,1132
OFF,1133
bfmtv,1134
JeSuisFranck,1135
demain,1136
Genie,1137
ohwait,1138
grinder,1139
hornet,1140
NationalFront,1141
Europe,1142
PrimarieLiguria,1143
French,1144
RT,1145
Butterfly,1146
lobby,1147
NousSommesTousDesCharlieHebdo,1148
FCBELC,1149
pourCharlie,1150
pourcharlie,1151
charliehebdo,1152
fusillade,1153
jesuischarlie,1154
NousCroyonsAuMemeDieu,1155
MarineLePen,1156
JeSuisBourre,1157
Liberté,1158
Pauillac,1159
WinterIsComing,1160
GoT,1161
UptownFunk,1162
HastaLaVistaDaech,1163
16Pregnant,1164
cigarette,1165
GuillaumeRadio,1166
LeFigaro,1167
itele,1168
TF1,1169
LeMonde,1170
LeParisien,1171
emenikingteam,1172
AmourYesICan,1173
IAmCharlieHebdo,1174
Limousin,1175
Politique,1176
Waiting,1177
Métro,1178
les,1179
Dakar,1180
sickdays,1181
souple,1182
fit,1183
body,1184
flexgym,1185
LT,1186
HG4,1187
Bretagne,1188
punchlinedefoulol,1189
tbt,1190
throwback,1191
Chicago,1192
Graffiti,1193
LosAngeles,1194
TahiaDjazair,1195
NW,1196
fn,1197
CompletementOutLui,1198
OldSchool,1199
radios,1200
soutien,1201
ZoneC,1202
VanCamper,1203
FF,1204
Everybody,1205
UnPasoAdelante,1206
charlieaupantheon,1207
cabuaupantheon,1208
tousaupantheon,1209
noamalgame,1210
RIP,1211
Gign,1212
cartooningforpeace,1213
Boycott,1214
Incomprehension,1215
Irrespect,1216
Madness,1217
LeCongolaisQuiNaPasComprisLeConcept,1218
Sapologie,1219
Croco,1220
RubanNoir,1221
Dessinateur,1222
policier,1223
attentatcharliehebdo,1224
manaudou,1225
Goussainville,1226
buonanotte,1227
Armée,1228
Arméedelair,1229
doodlediary,1230
np,1231
TheFray,1232
CharlieVivra,1233
BelieveThat,1234
SethChampion,1235
RoyalRumble2015,1236
pfiouuu,1237
BangBang,1238
TakeBackConstantinople,1239
people,1240
midem,1241
Nw,1242
Pegida,1243
EricZemmour,1244
Anonymous,1245
jeuischarlie,1246
voyageavecmoi,1247
DivisionPiègeàCons,1248
Sport,1249
Football,1250
Passion,1251
Métier,1252
BusinessDevelopment,1253
MarketingSportif,1254
communication,1255
Libertedelapresse,1256
falseflag,1257
BestForBusiness,1258
deuilnational,1259
RIPCharlieHebdo,1260
Geneva,1261
JBBullet,1262
NowPlaying,1263
Spotify,1264
DALSTournée,1265
Nice,1266
Maria,1267
S,1268
boostbastille,1269
Reims,1270
CroixRouge,1271
QCR,1272
QCRzoo,1273
JesSuisCharlie,1274
morethan50kilogrammes,1275
TousDesCharlie,1276
ToujoursDebout,1277
cat,1278
Humilite,1279
Sincerite,1280
Loyaute,1281
Beaute,1282
news,1283
infos,1284
sport,1285
sports,1286
TMC,1287
anonymous,1288
MiskineRachid,1289
Charb,1290
Wolinski,1291
Fragile,1292
Thelma,1293
BabyCat,1294
InstaCat,1295
Crazy,1296
Love,1297
Badass,1298
vsco,1299
LZ7,1300
Frenchfans,1301
FreedomOfSpeech,1302
TeamFragileActivé,1303
بس_بقول,1304
Friends,1305
friendship,1306
myfam,1307
loveher,1308
DifficultTimes,1309
BokoHaram,1310
MissiéEstFou,1311
Barça,1312
toulouse,1313
lanouvelleedition,1314
plusde5joursnonstop,1315
GinnysArmy,1316
WeLoveGinny,1317
Help,1318
кости,1319
LaFouine,1320
keedz,1321
Jan8,1322
noussommescharlie,1323
PACES,1324
horssujet,1325
ادهم_نابلسي,1326
adhamnabulsi,1327
قصتنا_خلصت,1328
وائل_كفوري,1329
Roberto,1330
Elche,1331
cdouxdeh,1332
toujourslacoronnesurlatêtenous,1333
GetOffTwitter,1334
blague,1335
Crunchclub,1336
marrelecelibat,1337
NP,1338
NoAmalgame,1339
HappyBirthdayNinaDobrev,1340
JeSuisPolicier,1341
JeSuisPasCharlie,1342
Afrique,1343
Soutien,1344
Monde,1345
Consternant,1346
france,1347
lebonmarche,1348
shopping,1349
truffles,1350
europe,1351
Minable,1352
bw,1353
1h40,1354
tropfatigué,1355
cheese,1356
fromage,1357
JumaMubarak,1358
Kundera,1359
JSC,1360
TeamInsomniaque,1361
NBAextra,1362
Longpont,1363
Ruptly,1364
Dieudonné,1365
libertédexpression,1366
Israël,1367
Disiz,1368
NewYorker,1369
butter,1370
beurre,1371
lebeurrebordier,1372
ViveLaFrance,1373
insécurité,1374
D,1375
geometry,1376
interiors,1377
architecture,1378
love,1379
team242,1380
team243,1381
Gone,1382
NBAExtra,1383
Street,1384
BeMutated,1385
TheWalkingDeadGame,1386
censorship,1387
FAV,1388
rip,1389
parisshooting,1390
terrorism,1391
terrorists,1392
Jihad,1393
AlQaeda,1394
LiberteDexpressionPourTOUS,1395
Draghi,1396
Nikita,1397
Team243,1398
TeamZ,1399
JeSeraisJamaisCharlie,1400
rêves,1401
espoirs,1402
VotezTousKhoudirEn2017,1403
goodnightworld,1404
Offline,1405
SaPaniPonSens,1406
NewPP,1407
Caraculo,1408
LaMeilleure,1409
AlpesDhuez,1410
FautDormir,1411
RévisionsDemain,1412
Gemini,1413
Oreo,1414
R,1415
Nabilla,1416
IronieMaximale,1417
Kapello,1418
0ff,1419
JeSuisFlic,1420
MuslimNoTerrorist,1421
EMfamily,1422
FFBackJeSuisCharlie,1423
american,1424
NousSeronsCharlie,1425
Grenoble,1426
NousSommesTousCharlie,1427
mobilisation,1428
TousUnis,1429
WeLoveYouOUATCastAndCrew,1430
valdo,1431
JeSuisCabu,1432
JeSuisWolinski,1433
ConversationSecrėte,1434
JeSuisCharb,1435
JeSuisOncleBernard,1436
JeSuisTignous,1437
JeSuisHonoré,1438
Np,1439
JeSuisMustaphaOurrad,1440
JeSuisElsaCayat,1441
JeSuisMichelRenaud,1442
JeSuisFrédéricBoisseau,1443
JeSuisFranckBrinsolaro,1444
JeSuisAhmedMerabet,1445
TeamDescolarise,1446
TimesSquare,1447
teamcdlp,1448
csureya,1449
ThanksTheWorldFromFrance,1450
scandale,1451
prodigequejesuis,1452
impatient,1453
FFXV,1454
halo5,1455
JeSuisHumain,1456
Rungis,1457
MondeStone,1458
Musulman,1459
Chretiens,1460
Juifs,1461
MemeMessage,1462
PAIX,1463
PEACE,1464
rungis,1465
TeamMuslim,1466
IamCharlie,1467
PFW,1468
Women,1469
SS15,1470
JeBaisePhiladelphe,1471
JeBaiseFlashInfo,1472
JeVousBaises,1473
JeSuisEnnemy,1474
mauvaises,1475
canal,1476
NPR,1477
hostelproblems,1478
Iwantmybeautysleep,1479
E1bonjour,1480
bourdindirect,1481
E1Bonjour,1482
FN,1483
Uber,1484
on,1485
JournalisteForever,1486
police,1487
campus,1488
universitedelorraine,1489
On,1490
Speedtest,1491
3G,1492
Freemobile,1493
Sensorly,1494
met,1495
Britain,1496
ON,1497
Metz,1498
Knicks,1499
AFP,1500
OffAgain,1501
BringBackOurGirls,1502
SansRancune,1503
MorningDeDifool,1504
Stephanie,1505
Skyrock,1506
Cabu,1507
Yemen,1508
Uderzo,1509
perdu,1510
mal,1511
BDLR,1512
merci,1513
LesPlusPartagés,1514
Carrefour,1515
Shopping,1516
bags,1517
FoutageDeGueule,1518
JeSuisCharile,1519
BaruchGoldstein,1520
RonPaul,1521
IbtissamTiskat,1522
Scorpion,1523
formation,1524
rpva,1525
thestruggleisreal,1526
Cannes,1527
mascarade,1528
Fifa,1529
asmcab,1530
lourd,1531
forcesdelordre,1532
Iraq,1533
Renaud,1534
rt,1535
Twitterversary,1536
Mariiiiine,1537
ONLINE,1538
fatigue,1539
wanttowinadraw,1540
Vierge,1541
BBL,1542
Reprise,1543
DéjàOut,1544
lasttweet,1545
phobie,1546
Ps,1547
MTVMovieBrawl,1548
ScorchTrials,1549
RangerNation,1550
rclens,1551
Punchline,1552
cninow,1553
Ifsi,1554
FranceInter,1555
BernardMaris,1556
fauve,1557
jesuisfranck,1558
JESUISCHARLIE,1559
K,1560
pointdenonretour,1561
vdm,1562
RéseauxSociaux,1563
Socialmedia,1564
RS,1565
pommes,1566
FF_Spécial,1567
Nigéria,1568
Torchwood,1569
Concours,1570
Maris,1571
CallMeMaybe,1572
HollywoodMusicAwards,1573
DisneylandParis,1574
amour,1575
magie,1576
feerie,1577
bonheur,1578
Lol,1579
JusticeMoyenÂge,1580
motivation,1581
LundiVenezPasMeCasserLesCouilles,1582
escaliers,1583
cathedrale,1584
hoplagram,1585
strasgram,1586
igersstrasbourg,1587
alsace,1588
grès,1589
pp,1590
hello,1591
FreeSlim,1592
ausecours,1593
MilleCouleurs,1594
Lino,1595
SuicideCommercial,1596
UnitedWeStand,1597
SoutienCharlieHebdo,1598
LouisVuitton,1599
AliciaVoyageEnParis,1600
jessuischarlie,1601
CCLS,1602
TeamBarca,1603
République,1604
brevedeter,1605
notairesfuribards,1606
salutshalomsalam,1607
UMP,1608
PS,1609
Roussel,1610
maredevance,1611
CharlyHebdo,1612
eenvandaag,1613
21mars2015,1614
goole,1615
mobiles,1616
seo,1617
referencement,1618
digital,1619
search,1620
tolérance,1621
JeunesseInfluencable,1622
goodmorning,1623
gymlife,1624
Honteux,1625
GamerGate,1626
Malakoff,1627
TeamBlackBoys,1628
ArtistOfTheYearHMA,1629
qml,1630
TristesseInfinie,1631
interactiv,1632
FFB,1633
GoodMorning,1634
TGIF,1635
Freedom,1636
HaveAGoodDay,1637
PasCredible,1638
エッフェル塔,1639
jesuislesdeux,1640
qu,1641
lts,1642
brevedetrain,1643
Taurus,1644
Shaqiri,1645
InterMilan,1646
Mercato,1647
mobile,1648
epub,1649
media,1650
emarketing,1651
strategie,1652
TeamJuriste,1653
spoilt,1654
Partiel,1655
jesuisLyes,1656
JessuisCharlie,1657
Oklm,1658
pasdamalgames,1659
Journaliste,1660
ABonEntendeur,1661
subway,1662
morning,1663
tristesse,1664
foot,1665
ReveilDifficile,1666
oncleBernard,1667
Diabolo,1668
Ville_Libourne,1669
Wattpad,1670
Fanfiction,1671
franceinter,1672
ShegueySquaad,1673
MarcheRépublicaine,1674
E1matin,1675
Pro,1676
bbl,1677
vivemafrance,1678
TheNewYorker,1679
Marche,1680
Maëlys,1681
leadership,1682
HopmanCup,1683
TeamOM,1684
valeursdurugby,1685
loveU,1686
coubertin,1687
StopAmalgame,1688
stopparano,1689
SoundCloud,1690
inter,1691
ThanksTheWorldFormFrance,1692
Decompte,1693
viiiiite,1694
oupas,1695
NuitDifficile,1696
Fatiguance,1697
Polytech,1698
jeveuxunjob,1699
recuperation,1700
démocratie,1701
Serment,1702
PetitePensePourToiLove,1703
DanseDeLaPluie,1704
Balkany,1705
Lt,1706
BOOM,1707
JoachimRoncin,1708
RMC,1709
Gazouillisdetwhuitheure,1710
GoTFans,1711
goodluck,1712
Maroc,1713
LibertéDePenser,1714
LibertéDExpression,1715
Valeurs,1716
Convictions,1717
UnitéNationale,1718
AS,1719
elprimeroquesepicapierde,1720
VisMaVieDeZombie,1721
Boutih,1722
blurboivideo,1723
seagulls,1724
beach,1725
beachday,1726
sea,1727
water,1728
ocean,1729
tagsforlikes,1730
tagstagramers,1731
07Jan2015BlackDate,1732
CharlieHebdoAttack,1733
FranceBrokenHeart,1734
Barbarie,1735
SolidaritéHumaine,1736
Rassemblement,1737
travesuras,1738
HollandeDemission,1739
SolidariteCharlieHebdo,1740
yas,1741
formationpro,1742
EtangLaVille,1743
snif,1744
Kouachi,1745
rassemblementrepublicain,1746
Republique,1747
journéequicommencebien,1748
LeGrand8,1749
FFBack,1750
LiberteEgaliteFraternite,1751
maldetete,1752
migraines,1753
durejournee,1754
fuck,1755
GhadaJreidi,1756
JeSuisCharliededroite,1757
JeSuisCharliedegauche,1758
JeanetteBougrab,1759
Jisbon,1760
mentalist,1761
Libération,1762
Yokohama,1763
bagnolet93,1764
pluie,1765
MonopoleDuCoeur,1766
TweetCommeUnForceur,1767
vigipirate,1768
GOT,1769
enfin,1770
JeSuisDanslMal,1771
bonplan,1772
Picardie,1773
LaissonsLeCroireAuxIdiotsEtIlsSontNombreux,1774
faitespasser,1775
RERB,1776
MerciSwaggyduconseil,1777
NPA,1778
Luçon,1779
FontenayleComte,1780
Shameless,1781
Socialistes,1782
PauvreFrance,1783
jesuicharlie,1784
Hollande,1785
SelonLesDires,1786
check,1787
bonnejournee,1788
Fusillade,1789
HoySeCorre,1790
Hidalgo,1791
Madame288,1792
OnLama,1793
hollande,1794
dkpol,1795
frpol,1796
WhatElse,1797
PourLesMiens,1798
ParleAMaPlume,1799
itunes,1800
album,1801
Montpellier,1802
VoilaVoilaTour,1803
SaintQuentin,1804
socialistes,1805
cliche,1806
JNUM15,1807
hackaton,1808
AugmentedReality,1809
Cusset,1810
theatredecusset,1811
ACUnity,1812
forum,1813
EDHEC,1814
IBMDDay,1815
W9,1816
PSG,1817
Ibrahimovic,1818
JeSuisClarissa,1819
Montrouge,1820
MC,1821
Homesick,1822
TheVines,1823
Cavani,1824
Lavezzi,1825
GG,1826
TC,1827
FrancoisMorel,1828
ParisAttack,1829
ParisShooting,1830
jesuisahmed,1831
jesuisdavid,1832
jesuisaisha,1833
jesuismarie,1834
jesuispierre,1835
KeepGoing,1836
AhmedMerabet,1837
CafeCandela,1838
MeEstaPasando,1839
illridewithyou,1840
VoyageAvecMoi,1841
FCS14,1842
liberté,1843
Vendée,1844
LDC,1845
FootballManager,1846
Tirgo94departemant,1847
cours,1848
ecole,1849
ordre,1850
chairs,1851
igersparis,1852
igersfrance,1853
igerseurope,1854
ig_paris,1855
ig_france,1856
histoire,1857
eau,1858
jeportedesbabouches,1859
LiberteDexpression,1860
conseildeparis,1861
parisestcharlie,1862
vem6,1863
SaintRaphaël,1864
happy,1865
etourisme,1866
share,1867
rtlinfo,1868
BonneAnnée,1869
EnvoyéSpécial,1870
NoLimit,1871
LeTransporteur,1872
winter,1873
cold,1874
wait,1875
together,1876
islam,1877
BRI,1878
ConseildeParis,1879
Traque,1880
flemme,1881
MoneyDrop,1882
NOPLP,1883
LRDS,1884
LGJ,1885
CaVous,1886
CrierLaVie,1887
n,1888
FusillagedeMontrouge,1889
StopIslamophobie,1890
RTL,1891
bigoteries,1892
rmc,1893
GrasseMat,1894
victimisation,1895
mauvaisefois,1896
MylèneFarmer,1897
MoiPerversMeuhNon,1898
marredecetteviolence,1899
bagnolet,1900
GaucheTarée,1901
presse,1902
médias,1903
rdv,1904
dimanche,1905
15h,1906
marche,1907
Peur,1908
TER,1909
Ligue1,1910
DammartinenGoele,1911
latraque,1912
Imbula,1913
Meaux,1914
charlieHebdo,1915
avantcourseslive,1916
VoilàVoilà,1917
ConseilDeParis,1918
Raid,1919
GIGN,1920
hugs,1921
bises,1922
Inutile,1923
sued,1924
rennes2,1925
Ile,1926
info,1927
armes,1928
Viernes,1929
traque,1930
dammartin,1931
AUSvKUW,1932
otages,1933
damartin,1934
DammartinEnGoele,1935
DammartinEnGoelle,1936
Deepveer,1937
dammartinengoel,1938
ParisEstCharlie,1939
deçue,1940
lastRt,1941
RAID,1942
Humour,1943
Nantes,1944
NousSommesTousLesVictimesDisparues,1945
ouïeouïeouïe,1946
soldes,1947
ChalieHedbo,1948
blog,1949
mode,1950
Seine,1951
Espoir,1952
Paix,1953
Gendarmerie,1954
CDG,1955
tclestcharlie,1956
prisedotage,1957
dammartinEnGoel,1958
Charliehebdo,1959
LesCoprods,1960
Dammartin,1961
VRTradionieuws,1962
ALERTE,1963
food,1964
macarons,1965
diet,1966
Sun,1967
Snow,1968
barcaatletico,1969
formidable,1970
FamilleBelier,1971
PlanVigiPirate,1972
Taiwan,1973
concert,1974
G9plus,1975
CHARLIE_HEBDO,1976
parka,1977
gouvernance,1978
consultation,1979
inondation,1980
Prisedotages,1981
SituationCritique,1982
Stop,1983
PersonOfInterest,1984
BisquitCognac,1985
LongDistillationForTheSmoothestTaste,1986
HPNY2015,1987
muslims,1988
OhWait,1989
Kaouchi,1990
SensCivique,1991
priseotage,1992
PriseDOtage,1993
cannibalisme,1994
epfamily,1995
FIERS,1996
Ebola,1997
viol,1998
faim,1999
soif,2000
africa,2001
Courage,2002
Force,2003
A13,2004
bravo,2005
iledefrance,2006
zuckerberg,2007
charlie,2008
OTH,2009
cantonnales,2010
finissons_en,2011
LRTS,2012
TREPIA,2013
courage,2014
prisedotages,2015
SensInterdit,2016
direct,2017
djal,2018
portugaisvoice,2019
ALERTEINFO,2020
zaibat,2021
Traqur,2022
BREAKING,2023
ff,2024
morandini,2025
hallande,2026
cazenzuve,2027
valls,2028
E1,2029
realitats,2030
somostodoscharlie,2031
CNN,2032
Attentat,2033
LABASE,2034
PonDeReplay,2035
Rihanna,2036
Sicilia,2037
Breaking,2038
1ere7,2039
laculturecontrelabarbarie,2040
semainedemerde,2041
sagUNDdazu,2042
DamartinEnGoele,2043
teamarchi,2044
festival,2045
iTele,2046
Bourdin,2047
TemoignageDeProf,2048
CharliehebdoHQ,2049
ChasseALHomme,2050
LRTs,2051
Mali,2052
Aqmi,2053
Tombouctou,2054
StopTerrorism,2055
GodIsLove,2056
cm,2057
outils,2058
DammartinenGoële,2059
IlleEtVilaine,2060
JeSuisMilitaire,2061
tuezlesvite,2062
BangFamily,2063
Daech,2064
NulEnAnglais,2065
NoSpeackEnglish,2066
USA,2067
Flight,2068
PCF,2069
sncf,2070
0n,2071
Parisestcharlie,2072
envoietesabdo,2073
Coran,2074
NPNG,2075
JeSuisLibre,2076
Cazneuve,2077
MéchanteAmbiance,2078
teamgp,2079
AlorsAlors,2080
HotS,2081
Charlie_Hebdo,2082
attentas,2083
fusillades,2084
stmg,2085
Normandie,2086
Seineetmarne,2087
AfD,2088
Fussilade,2089
EmileRoux,2090
shooting,2091
hostage,2092
ParisVII,2093
VieArabe,2094
Tunisie,2095
Jamais2Sans16,2096
FF_Back,2097
NewYork,2098
UMPS,2099
lesocialc,2100
DamamrtinEnGoele,2101
Otage,2102
RMClive,2103
Wallon,2104
Corse,2105
OnEstTousCharlie,2106
Franceunited,2107
nul,2108
debile,2109
irrespectueux,2110
amalgame,2111
MFW,2112
bringbackourpatoche,2113
ContrelesTerroristes,2114
GIPN,2115
Dernièreminute,2116
espritDeCharlie,2117
Hommage,2118
Draguignan,2119
CFC,2120
L1,2121
TT,2122
Maif,2123
espritscriminels,2124
Sapir,2125
fb,2126
beautyfullreminder,2127
thetailife,2128
WKU,2129
mustbeoncrack,2130
startschoolearlier,2131
WeAreCharlie,2132
teamSportation,2133
PS4,2134
PSVita,2135
PSVitaArmy,2136
LBESP2,2137
Facebook,2138
SansReviser,2139
VautMieuxFaireLaFeteQueReviser,2140
JeVousEstZlatanner,2141
Stmg,2142
palais,2143
strasbourg,2144
je,2145
France2,2146
LeMetro,2147
SailorMoon,2148
Animé,2149
Manga,2150
hallucinant,2151
Orlinz,2152
CarpeDiemEliseEnBretagne,2153
CoverNewYorker,2154
SachezLe,2155
solidarité,2156
FamousProblem,2157
Babies,2158
TropMignons,2159
ctd,2160
prised,2161
SouDoBem,2162
BFM,2163
CeMomentGenant,2164
Itélé,2165
Guéant,2166
echoslive,2167
AMF,2168
lycomestcharlie,2169
visiondaigle,2170
fortunecookie,2171
LesFrèresConnards,2172
sublime,2173
hallelujah,2174
TeamTweeter,2175
RIPCaroline,2176
Correze,2177
JeSuisCharlieLesOtagesETLaPolice,2178
FreresKouachi,2179
onsenpasserait,2180
finalsareover,2181
sistersareintown,2182
neuf,2183
fée,2184
marchesaintgaudens,2185
TeamHillary,2186
jesuispolicier,2187
prayForParis,2188
iphoneonly,2189
noedit,2190
bodrum,2191
notafraid,2192
MEGAFF,2193
hue,2194
Humeurdujour,2195
lesmédias,2196
LCL,2197
expo,2198
Hokusai,2199
partiels,2200
Détente,2201
JeanRacine,2202
paris8,2203
IronieQuandtueslà,2204
BonSens,2205
NowListening,2206
WhenInParis,2207
BRINGBACKTHEGROOVE,2208
LesTueursDeCharlie,2209
PLL,2210
PrisedOtage,2211
stupidité,2212
TweetLocalisation,2213
PrayForParis,2214
DirectPriseOtage,2215
EuSouCharlie,2216
aulnay,2217
TesViser,2218
artrave,2219
Normalistan,2220
liberation,2221
Jason,2222
Scandal,2223
terroistattack,2224
Life,2225
prayforparis,2226
Othis,2227
lyon,2228
gorgedeloup,2229
alerte,2230
bombe,2231
LeHobbit,2232
contentmarketing,2233
digitaldiplomacy,2234
MichelHouellebecq,2235
MidiPyrenees,2236
PendantCeTempsLà,2237
Castro,2238
othis,2239
Minelli,2240
fail,2241
Intervention,2242
Jesuischarlie,2243
Juivsy,2244
Savoie,2245
Justice,2246
Chambery,2247
Amiens,2248
tweetprecedent,2249
semiparis,2250
sedefouler,2251
tupac,2252
FidelCastro,2253
MyCanal,2254
T,2255
IronieDuSort,2256
time,2257
çapartencouille,2258
ZARA,2259
Ebay,2260
ONN,2261
FAUX,2262
RévisionsPartiels,2263
Terroriste,2264
gipn,2265
TousCharlie,2266
UPVD,2267
JeSuisHypocrite,2268
RPCIE17,2269
Cuba,2270
intox,2271
Hopitaux,2272
Bordeaux,2273
teamblonde,2274
teambooba,2275
WaiZanmi,2276
humour,2277
jecomprendsrien,2278
JeDemande,2279
compol,2280
Dead,2281
Remember,2282
Classic,2283
BandeDeSuiveur,2284
TerrorismeÀCondamner,2285
FusilladeCharlieHebdo,2286
franceattack,2287
Perpignan,2288
awesome,2289
waow,2290
Brest,2291
vrijdaggebed,2292
Tf1,2293
JeSuisCarlie,2294
mosqueesattaquees,2295
Fidel,2296
SaintLéonarddeNoblat,2297
hype,2298
LPDLA2,2299
UniversitéPerpignan,2300
Mulhouse,2301
lagallerie,2302
WeAreMuslimDontPanik,2303
DammartinEnGoële,2304
Cours,2305
BTS,2306
CulturEtExpression,2307
VendrediLecture,2308
CharlieEtLaChocolaterie,2309
AbdelSalamZayed,2310
CANNES,2311
mobilité,2312
Puppy,2313
CalifornianFriend,2314
ch,2315
attacco,2316
parigi,2317
Romain,2318
FridayMeeting,2319
pr,2320
work,2321
brief,2322
CUBALIBRE,2323
aprimegroup,2324
france5tv,2325
Bayonne,2326
CharlieHedbo,2327
Le,2328
Charliepleure,2329
garestcharles,2330
marseille,2331
tgv,2332
JeSuiCharlie,2333
IDV4,2334
villes,2335
palaiseau,2336
Blazé,2337
boarding,2338
eurostar,2339
freedom,2340
cetaithorrible,2341
RichGang,2342
CharlieEbdos,2343
CustomerEngagement,2344
wef,2345
Satire,2346
EnriqueOut,2347
VSCOcam,2348
rassemblement,2349
connard,2350
AF7,2351
AF1695,2352
CRS,2353
ChateauThierry,2354
tropdegrosmots,2355
wheelchairtennis,2356
colloqueIRISS,2357
chasingFog,2358
Nanou,2359
Obama,2360
Sagittaire,2361
departementales2015,2362
windowsphone,2363
chat,2364
home,2365
sleepincat,2366
bluecat,2367
girl,2368
bordeaux,2369
ContreLeTerrorisme,2370
Attentatdammmartin,2371
MMM,2372
MontpellierMéditerranéeMétropole,2373
corum,2374
SaadLamjarred,2375
ريتويت,2376
RATP,2377
KouachiBrothers,2378
TAGUEULE,2379
Gojis,2380
AntiOxydents,2381
GSHC,2382
Kloten,2383
D1Féminine,2384
nowreading,2385
Lesfillesauchocolat,2386
Blend,2387
MontpellierMediterranéeMetropole,2388
MashAllah,2389
CeMondeEstFou,2390
EstoyMuyMal,2391
jodidaPeroContenta,2392
BLAGUE,2393
Ps4,2394
liberted,2395
Contrelesterroristes,2396
FreeSLIM,2397
fuite,2398
infographie,2399
abonnezvousacharlie,2400
bombingNKM,2401
CorriereDellaSera,2402
Team225,2403
PrayersForFrance,2404
France3,2405
EFGH,2406
TeamOL,2407
leTouquet,2408
Talk,2409
UniteNationale,2410
photosbookschallenge,2411
liyahpbc,2412
amiens,2413
teamOL,2414
Irreel,2415
FinDesPartiels,2416
FinDuMassacre,2417
NousSommesTousCharlieEtPolicier,2418
inpi,2419
PI,2420
Holande,2421
HB,2422
Imagine,2423
LITA,2424
JournalisteJulia,2425
vélos,2426
radio,2427
Elysee,2428
Jaimepasquand,2429
PokemonORAS,2430
cambadelis,2431
mnef,2432
GameOfThrone,2433
TeamCj,2434
Fraternity,2435
TV,2436
Top14,2437
ffback,2438
DirectPR,2439
zone,2440
guerre,2441
tank,2442
Plantu,2443
une,2444
Toulouseestcharlie,2445
FreeLivio,2446
OnSeFollowNonStop,2447
OnSeFolowCommeDhabAuCalme,2448
OnSeFolowLeVendrediSansPression,2449
soleil,2450
stress,2451
fortdefrance,2452
martinique,2453
itf,2454
tournoi,2455
LNE,2456
streetart,2457
LaFranceVaincra,2458
hommageCharliehebdo,2459
DanielMermet,2460
tropdeBF4enmoi,2461
LycéeBarthou,2462
pau,2463
ImpossibleDeTrainer,2464
LibertéD,2465
Soldes,2466
NousSommesEnsemble,2467
cannes,2468
damartinengoele,2469
SodaTheEnd,2470
SodaPrime2,2471
SodaLeReveAmericain,2472
StreetView,2473
SMSG,2474
franceprofonde,2475
admirationsanslimite,2476
EAUGuidelines,2477
SoMe,2478
SodaPRIME2,2479
PriseDotage,2480
conseilPI,2481
trouverlesmots,2482
madouceFrance,2483
emotions,2484
SelfieTime,2485
hope,2486
ViveVigiPirate,2487
sisilesclochardes,2488
onair,2489
Filsdepute,2490
TeamGetsugaTensho,2491
TeamHollow,2492
TeamCelloParfait,2493
NRJHITS,2494
WTABrisbane,2495
Jesuisdieudonné,2496
ToiAussiParleCommeLesBienPensants,2497
Lts,2498
mylenefarmer,2499
LMPT,2500
WF,2501
DrugDealersDream,2502
pornfood,2503
connerie,2504
incroyable,2505
JeSuisSyrie,2506
Partiels,2507
Rt,2508
Fav,2509
sauvezKIKI,2510
NoussommesCharlie,2511
TeamIphone,2512
Rtsi,2513
CharlieChaplin,2514
RaiNews24,2515
MOS,2516
Nancy,2517
SalamAleykoum,2518
LastTweet,2519
NKO,2520
ليالي_احتفالات_المهرجان,2521
مهرجان_دبي_للتسوق,2522
MyDSF,2523
PaixàMonAme,2524
国際法,2525
sparatoria,2526
facebook,2527
forgetthem,2528
nomatter,2529
JeNeSuisPasBokoHaram,2530
OurAngelCaroline,2531
CestLaGuerre,2532
xvbarbar,2533
OnVeutDeLaViolenceQueDansLeCoker,2534
New,2535
LeBon,2536
Charlotte,2537
Draw,2538
chaussette,2539
UDERZO,2540
cartoonist,2541
WalkingDead,2542
ArabsGotTalent,2543
cafe,2544
Gémeaux,2545
quelleconne,2546
ilestpasshiny,2547
gaminglive,2548
manifestationlycéenne,2549
MortalKombatX,2550
XboxOne,2551
Xbox360,2552
JeSuisLaSyrie,2553
ebay,2554
leboncoin,2555
honte,2556
Espana,2557
Solidarité,2558
Idéesblanches,2559
AlBaghdadi,2560
9janvier,2561
cielbleu,2562
pasdevent,2563
nocomment,2564
punchline,2565
Rohff,2566
LePoint,2567
lunch,2568
microwave,2569
beef,2570
burger,2571
Charal,2572
packaging,2573
unbox,2574
unboxing,2575
GoogleMaps,2576
SokakGörünümü,2577
ThanksForAllFromFrance,2578
GraciasATodosDesdeFrancia,2579
SomosCharlie,2580
chicagopd,2581
Cidelacomte,2582
FinalFantasy,2583
CaSeraitPasDeRefusEnCeMoment,2584
Respect,2585
OnEstCharlie,2586
JeDisÇaJeDisRien,2587
Juicy,2588
Mosquee,2589
Google,2590
YLoSabes,2591
Gattuso,2592
connectioooon,2593
professionnalisme,2594
idiot,2595
t,2596
CeQueLePeupleVeux,2597
ViveLaFranceViveLaNation,2598
LesIslamistesSontToutSaufMusulmans,2599
TerrorismHasNoReligion,2600
sermont,2601
voeuxPieux,2602
Caen,2603
attentats,2604
mosquée,2605
HommageAuxVictimes,2606
Sermont,2607
Mosquée,2608
comunismo,2609
socialismo,2610
Não,2611
TrueStory,2612
teamhallydayBonne,2613
Facepalm,2614
nananayreuuuh,2615
Cyberattaque,2616
infoouintox,2617
raslebolmaintenantcestleweekend,2618
FRANCE2,2619
MusulmansChretienJuifsTousUnis,2620
musulmansChretienJuifsTousUnis,2621
starbucks,2622
cafè,2623
vincennes,2624
ouvalemonde,2625
pitin,2626
BonneAnnee,2627
Tarn,2628
saintmande,2629
CJwarriors,2630
punaise,2631
PARIS,2632
concours,2633
eje,2634
vautour,2635
libertéd,2636
portedevincennes,2637
PriseDotagesDammartin,2638
PriseDotagesVincenne,2639
lets,2640
Chiswick,2641
Telegraaf,2642
lemondeestfou,2643
crazy,2644
porte,2645
Vincennes,2646
PaysDeFous,2647
horreur,2648
Nation,2649
charliehebo,2650
Europe1,2651
Rouen,2652
Havre,2653
BigMoon,2654
WTF,2655
Reuters,2656
tf1,2657
Choqué,2658
lrts,2659
FautRelativiser,2660
TrousDuCul,2661
Chaud,2662
kouachi,2663
Danmartin,2664
ViolSquad,2665
GuerreCivile,2666
afp,2667
wearelegion,2668
weareananonymous,2669
blanc,2670
NSF,2671
Union,2672
politique,2673
dégoutée,2674
française,2675
hypercasher,2676
Madonna,2677
Testino,2678
casher,2679
cnn,2680
bfm,2681
larochelle,2682
attempt,2683
bordel,2684
cauchemar,2685
respect,2686
ArretezLes,2687
soiréeCJ,2688
Barouf,2689
oklm,2690
french,2691
party,2692
friends,2693
drunk,2694
Lamour,2695
semaine,2696
HyperCacher,2697
CestPasHumain,2698
Models,2699
MBNYFW,2700
cod,2701
terrorisme,2702
Hypercacher,2703
MortAuxJuifs,2704
proGaza,2705
fussillade,2706
Triste,2707
2èmeFusillade,2708
attentatVincennes,2709
Otages,2710
TueurDeMontrouge,2711
antisemitisme,2712
terroriste,2713
portevincennes,2714
sacréGorafi,2715
france2,2716
PorteDeVincennes,2717
JeSuisCacher,2718
Prisedotage,2719
jesuispasmanipulee,2720
jevousemmerde,2721
jesuisChard,2722
jesuisCabu,2723
jesuisLaLiberteDexpression,2724
JeSuisTwitter,2725
SoldatDuGignEnPuissance,2726
LaMaturitéVientAvecLesBalles,2727
ToujoursPlusBandeDIdiots,2728
insoutenable,2729
SaintMande,2730
BringBack2014,2731
AmIsraelHai,2732
herosdestempsmoderne,2733
imagesurréaliste,2734
IslamisteContreUnMcChicken,2735
BreakingNews,2736
stabilo,2737
1STMG1,2738
attentat,2739
satire,2740
depardieu,2741
cacontinue,2742
onlacherine,2743
bougies,2744
caricatures,2745
capartencouille,2746
Commeca,2747
Citation,2748
Choquant,2749
blessed,2750
dessinemoiuncharlie,2751
Avignon,2752
Défense,2753
paris14,2754
FusilladeAPteDeVincennes,2755
epiceriecasher,2756
SNCF,2757
GareDeLyon,2758
TGV,2759
stop,2760
JeSuisMuslim,2761
KOUACHI,2762
prisedotageIDF,2763
nation,2764
PositiveAttitude,2765
NoussommeslaLiberte,2766
rirejaune,2767
colère,2768
montrouge,2769
jeshuischarlie,2770
lapalissade,2771
otage,2772
Hypercasher,2773
jetremble,2774
Montparnasse,2775
fear,2776
1dessinparjour,2777
vincenne,2778
Quentin,2779
effaree,2780
Louis,2781
OnAPasPeur,2782
Nîmes,2783
Nimois,2784
betisehumaine,2785
Diretta,2786
Châteauroux,2787
yenamarre,2788
fda,2789
situation,2790
live,2791
stopviolence,2792
motherfuckers,2793
nrf15,2794
Dassault3DS,2795
PortedeVincennes,2796
paristerror,2797
OnePiece,2798
KillTheMonster,2799
justice,2800
Reine,2801
Galette,2802
Twittinreims,2803
restonsunis,2804
force,2805
courageatous,2806
StandWithFrance,2807
poorParis,2808
lastpic,2809
MHSCOM,2810
PrisesDotages,2811
lfav,2812
PARIS19,2813
LaFrance,2814
PrayForFrance,2815
Velib,2816
pavesparisiens,2817
terrifiant,2818
MontRouge,2819
mondedefou,2820
stuck,2821
سعد_المجرد,2822
Monrouge,2823
Idiots,2824
staps,2825
VINCENNES,2826
terroristes,2827
merguez,2828
saucesamouraï,2829
Valenciennes,2830
GTA,2831
banques,2832
24hchrono,2833
JeSuisLaLiberte,2834
FlambiNationale,2835
PrisesD,2836
attaque,2837
raid,2838
jesuisfrancaise,2839
immuslim,2840
notinyourname,2841
heleneboucher,2842
mauriceravel,2843
foutagedegueule,2844
giornalismoitaliano,2845
stadeoceane,2846
Mouillette,2847
jeSuisHyperCacher,2848
jesuisvivante,2849
portedeVincennes,2850
TristeRéalité,2851
Nostalgie,2852
war,2853
Guerre,2854
followfriday,2855
ump,2856
quipeutleminimum,2857
degout,2858
soyonsvigilants,2859
PriseDOtages,2860
AtaquesTerroristas,2861
Paz,2862
retranchéchezmoi,2863
Fifa15,2864
PC,2865
God,2866
humournoir,2867
portedevincenne,2868
N,2869
PrisedOtages,2870
prisesdotages,2871
MDR,2872
cohérence,2873
signalétique,2874
JeSuisJuifFrancais,2875
HyperCasherVincennes,2876
ambiance911,2877
MondeDeMerde,2878
annulationdebillet,2879
annulationsdereunions,2880
mercipourletaff,2881
DieHard,2882
Film,2883
pareil,2884
Indispensable,2885
OnFaitPasCours,2886
angry,2887
révolté,2888
RAS,2889
jesuisjuif,2890
JeSuisFrancais,2891
nrknyheter,2892
effroi,2893
FreedomOfExpression,2894
SecondDegré,2895
PleursEtRage,2896
Besancenot,2897
EI,2898
Africa1,2899
Joke,2900
M,2901
Horrifié,2902
contribuez,2903
unitenationale,2904
Onnnnnn,2905
STOP,2906
JeSuisKouachi,2907
Montouge,2908
NoRacism,2909
NoProblem,2910
TSEITconf,2911
PTNNNNNNNNN,2912
C,2913
First,2914
vîcennes,2915
monpère,2916
comique,2917
momentdétente,2918
ParisTerror,2919
AlerteAttentat,2920
FranceUnderAttack,2921
FranceCounterStrike,2922
JeNaiPasPeur,2923
arrow,2924
enquête,2925
flagrance,2926
Parquet,2927
RIp,2928
Prisedotagetoutlesjours,2929
Desmortstoutlesjours,2930
Horizon2020,2931
H2020,2932
SMEinstrument,2933
AvisDeRecherche,2934
CorbeilEssonnes,2935
SOLIDARITE,2936
24Chrono,2937
orgueil,2938
Carpentras,2939
PrierespourlaFrance,2940
HayatBoumeddiene,2941
GTAOnlive,2942
5ėtoiles,2943
ptinjesuisrefet,2944
Nigeria,2945
Newsnight,2946
Ensembles,2947
PanicAbord,2948
troppeur,2949
imnotaffraid,2950
Taubira,2951
shame,2952
FranceInfo,2953
Mentalité,2954
WEARESTRONG,2955
grosbordel,2956
kldconcept,2957
Morandini,2958
UnGarsUneFille,2959
JuifAshkenaze,2960
JeVeuxGarderMaBourseEtEspérerLeRSA,2961
CharlieHebo,2962
juristes,2963
Assas,2964
beauty,2965
JeSuisJuif,2966
tripottemoi,2967
stopalhorreur,2968
catacombes,2969
BU,2970
EspacePierreCardin,2971
Flippant,2972
Ambiance911,2973
ÇaCraintDuQ,2974
juifsdefrance,2975
Terrorist,2976
Gun,2977
Blood,2978
gign,2979
peripherique,2980
Banniere,2981
colere,2982
MêmePasPeur,2983
terrorist,2984
UnPeu,2985
frenchie,2986
frenchbulldog,2987
instamomment,2988
FHAINE,2989
stupide,2990
revenge,2991
Angoisse,2992
ignorance,2993
Ahouuuu,2994
Prisesdotages,2995
amedy,2996
hayat,2997
Allolemonde,2998
lf,2999
LTs,3000
BlingBling,3001
Daesh,3002
impuissance,3003
sfrtv,3004
Trocadero,3005
CallOfDuty,3006
DirectCirco,3007
FreePalestine,3008
Direct,3009
JeSuisEliseLucet,3010
FHaine,3011
toujourslesmemes,3012
Meyzieu,3013
boumedienne,3014
Coulibaly,3015
Twitter,3016
newstuff,3017
desolant,3018
solidarite,3019
socialmedia,3020
charliehedbo,3021
terroristi,3022
francia,3023
CircuitSarthe,3024
Sablé,3025
Varades,3026
Angers,3027
PréenPail,3028
lajusticefrançaise,3029
weatherthestorm,3030
Chateaucreux,3031
StEtienne,3032
trocadero,3033
liberte,3034
mosquéesattaquées,3035
gvt,3036
Valenciennois,3037
lafrancepartenvrille,3038
SydneySiege,3039
AussieTV,3040
Sydney,3041
FBF,3042
jaime,3043
autun,3044
Matilda,3045
FormidablesActrices,3046
nw,3047
QueL,3048
çasuffit,3049
tuerie,3050
SaintMandé,3051
Soutienpoliciersvictimes,3052
Policeendeuil,3053
FontenayAuxRoses,3054
tweetos,3055
pause,3056
netouchepasmoncharlie,3057
ECAS,3058
commission,3059
Marianne,3060
jourdemerde,3061
LesGensNontPlusDeMentalité,3062
TorreEiffel,3063
lst,3064
quellegalere,3065
jesuishypercacher,3066
Jaipaspeur,3067
Lrts,3068
FluctuatNecMergitur,3069
Liberation,3070
TousEnsemble,3071
Expandables,3072
Trocadéro,3073
RuedesRosiers,3074
LRt,3075
GameTheory,3076
islamistheproblem,3077
Aquitaine,3078
Symmetry,3079
Sushi,3080
JSSNews,3081
OLTFC,3082
aboutdesfous,3083
Posey,3084
Eiffelturm,3085
Psychose,3086
findumonde,3087
Sarcelles,3088
Infos,3089
eitbalbisteak,3090
faces,3091
dylan,3092
PartielsFinis,3093
Itele,3094
ParisAttacks,3095
flippant,3096
LibertéDexpression,3097
Nimes,3098
Resistance,3099
NR,3100
CSA,3101
lepen,3102
ThomasPrésident,3103
NonALaTerreur,3104
CharlieLaReleve,3105
raisons,3106
París,3107
garedelyon,3108
tousensemble,3109
maindanslamain,3110
fr2,3111
classique,3112
Satory,3113
belgium,3114
choquée,3115
effrayée,3116
énervée,3117
Yakademander,3118
changedetafttles2semaines,3119
NightCall,3120
Lycée,3121
izy,3122
FFback,3123
CourriePicard,3124
Astuce,3125
Survie,3126
yodajesuis,3127
TweetLoca,3128
Code,3129
MaybeLastPictureOfMe,3130
IAmSlaveForU,3131
Bspears,3132
carcassonne,3133
TourEiffel,3134
lAiguillonsurMer,3135
mesuresdesecurité,3136
planvigipirate,3137
identity,3138
offffffff,3139
criminologie,3140
Bball,3141
onrefuse,3142
NoMoreFur,3143
Irt,3144
LauriersTVawards2015,3145
Photocall,3146
NoGorafi,3147
HauteSavoie,3148
Annecy,3149
LouiseMichel,3150
AmediCoulibaly,3151
restons,3152
FB,3153
algorithme,3154
CristinaCordula,3155
inconscience,3156
sorrynotsorry,3157
LePen,3158
upjv,3159
LyonEstCharlie,3160
soutine,3161
galette,3162
rouen,3163
psychose,3164
JaiMalAMaFrance,3165
LeMondeDevientFou,3166
criminologue,3167
Valls,3168
Cazeneuve,3169
Пантеон,3170
Panthéon,3171
tulle,3172
muchlove,3173
DUR,3174
lci,3175
Épau,3176
LeLude,3177
Mayet,3178
Cyclisme,3179
TweetPrécédent,3180
chanson,3181
Sarkozy,3182
TheVampireDiaries,3183
فرنسا,3184
appstore,3185
pfe,3186
lafamille,3187
Wenger,3188
FCGB,3189
sanogo,3190
Creut,3191
MusulmnsChrétiensJuifsTousUnis,3192
leagueoflegends,3193
riposte,3194
AndroidDev,3195
UnitedWeAre,3196
Ensemble,3197
FrançaisRestonsSolidaires,3198
ÇaPartEnVrille,3199
Psycho,3200
LeHavre,3201
MeQuedéAtrapadaEnFrancia,3202
video,3203
mosquées,3204
Amalgame,3205
RendezVous,3206
TristeRealite,3207
Instagram,3208
puterie,3209
FELA,3210
Israel,3211
Rosiers,3212
sorrynotsorryactuallyiamalittlebitsorry,3213
tmtc,3214
quelavenir,3215
ThePurge,3216
great,3217
goodfun,3218
Animaux,3219
ChancesPourLaFrance,3220
BonJeSors,3221
Homeland,3222
bugerking,3223
soldes2015,3224
fratouforlife,3225
Over,3226
dégoût,3227
sidération,3228
Chagrin,3229
Memepaspeur,3230
tellementvrai,3231
fière,3232
VivelaFrance,3233
Deuil,3234
Perfume,3235
Galimard,3236
Grasse,3237
Eze,3238
Village,3239
excited,3240
fragrance,3241
Francd,3242
History,3243
traveling,3244
travel,3245
travelimg,3246
solidaires,3247
weekend,3248
TousCinema,3249
hipster,3250
muslim,3251
musulman,3252
champselysees,3253
HyperCacherVincennes,3254
coffeetime,3255
coffee,3256
drink,3257
NousSommesFrancais,3258
Amigos,3259
MeuAmor,3260
périphérique,3261
PortedeCharenton,3262
Peace,3263
Coexistance,3264
Twittcyclos,3265
Rueil,3266
Beast,3267
bestia,3268
sisilefilm,3269
periph,3270
atleastitsfriday,3271
jeSuisKouachi,3272
journalisme,3273
TeamQuenelle,3274
TeamDieudonné,3275
incompétence,3276
manquederespect,3277
TeamNagui,3278
hyperlapse,3279
JeSuisDieudonne,3280
Abdallah,3281
WorkHardPlayHard,3282
NoisyFc,3283
touchepasamonabolition,3284
VDP,3285
choquee,3286
AttentatAParis,3287
PaulDuez,3288
OKLM,3289
CODGhosts,3290
CoreeDuNord,3291
Mashable,3292
Arte,3293
egalite,3294
fraternite,3295
parisattack,3296
innovra2015,3297
innovation,3298
tourisme,3299
iLakeAnnecy,3300
StateOfEmergency,3301
Troca,3302
ca,3303
fait,3304
bizarre,3305
parissiege,3306
alerts,3307
triste,3308
realite,3309
teamrealmadrid,3310
lacostisé,3311
collegue,3312
sachezle,3313
باريس_تشتعل,3314
شارلي_ايبدو,3315
Woman,3316
Jaiperdumaveste,3317
JPMV,3318
VVS,3319
interdire,3320
pasqualnapolitano,3321
Pézènas,3322
des,3323
Tweetcyclo,3324
cyclismactu,3325
Iran,3326
Velizy2,3327
NonCestBonChef,3328
ClashOfClans,3329
TuEsCharlie,3330
twelcome,3331
Bienvenue,3332
caen,3333
colis,3334
yescharlieem,3335
NHM,3336
RCMLive,3337
lezi,3338
lavieestdure,3339
Paris20,3340
FakirMangeMarineLePen,3341
Minisurprise,3342
LeBluesDeLaSkieuse,3343
heartofglass,3344
blondie,3345
heart,3346
chrysalis,3347
phonogram,3348
print,3349
gravure,3350
lino,3351
linogravure,3352
estampe,3353
coeur,3354
Tomorrowland,3355
TrainingTime,3356
Revenge,3357
Infinity,3358
TuFiniraTtSeul,3359
rose,3360
pink,3361
BonneChanceAMoi,3362
NousSommesKouachi,3363
coupsdefeux,3364
grenade,3365
coupsdefeu,3366
JeSuisCharlesMartel,3367
PriseOtage,3368
PlusDrole,3369
Noob,3370
franceInfo,3371
Assaut,3372
Détonations,3373
EchangesDeTirs,3374
Endomondo,3375
endorphins,3376
iTélé,3377
hypercacher,3378
thevoice,3379
urgent,3380
DammartinEnGeôle,3381
TShirt,3382
Oversize,3383
Loveyou,3384
lemag,3385
findunvieuxmonde,3386
JeSuisTonPère,3387
jailesboules,3388
ilfautarreter,3389
PrisesdOtage,3390
chelmietmosspress,3391
prions,3392
killed,3393
murded,3394
Melenchon,3395
assaut,3396
Fuck,3397
At,3398
Koachi,3399
eitbnoticias,3400
Mea,3401
handball,3402
brest,3403
heros,3404
Fumée,3405
priseotages,3406
TeamGIGN,3407
TeamRaid,3408
ToulouseMatabiau,3409
LPJ,3410
LaFranceVaMal,3411
AntiOM,3412
TeamPSG,3413
Leclerc,3414
dilemme,3415
lesrisquesdudirect,3416
GrossePensee,3417
VodkCommando,3418
notinmyname,3419
URGENT,3420
PRAY,3421
CHARLIEHEBDO,3422
international,3423
dommartin,3424
JustePourInfo,3425
lemonde,3426
Sauvages,3427
Barbares,3428
CrevezLes,3429
Récupération,3430
Honte,3431
Foyer,3432
LaGallery,3433
Lens,3434
TERPicardie,3435
gdn,3436
oui,3437
jairegardehatufim,3438
ethomeland,3439
attentatparis,3440
Damartin,3441
JeSuisFrederic,3442
actualite,3443
safaispasrire,3444
hostagetaking,3445
Parisattacks,3446
PACA,3447
CHARLIE,3448
tousunis,3449
fierdenotrepays,3450
Francia,3451
Vigipirate,3452
DoubleAssault,3453
bitsinartık,3454
fbloggers,3455
Bfm,3456
QiDePoule,3457
dumberNdumber,3458
Francais,3459
Exposition,3460
photos,3461
Pologne,3462
Lyon8,3463
Art,3464
LibertéDeLaPresse,3465
PorrteDeVincennes,3466
ToutVaBienSePasser,3467
JeSuisLaPolice,3468
JeSuisCoulibaly,3469
Deprime,3470
JeSsuisCharlie,3471
BienFait,3472
officiel,3473
Merci,3474
ImageBFMTV,3475
LaFranceLibre,3476
Tryo,3477
Assault,3478
Karachi,3479
otagesliberés,3480
BMFTV,3481
appelauxarmes,3482
Soulagee,3483
stopa,3484
yatikeumsarta,3485
Proud,3486
JeSuisGIGN,3487
JeSuisRAID,3488
dead,3489
pray,3490
Ingress,3491
amen,3492
ToutVaBien,3493
SoyezFiers,3494
FuckingTerroristes,3495
Joie,3496
surveillance,3497
withdrawals,3498
AmericanParties,3499
JeSuisFrancaisEtFier,3500
techno,3501
BrulerEnEnfer,3502
JusticeRendu,3503
VousEtesDesMitos,3504
MerciAuxForcesDeL,3505
BravoGIGN,3506
BravoRAID,3507
boxing,3508
attaquecharliehebdo,3509
koulibaly,3510
francevenger,3511
opjesuischarlie,3512
KhouashiFilsDePutes,3513
TweetIronique,3514
LesFreresKouachi,3515
Police,3516
infoiTELE,3517
OnRigole,3518
Damlartin,3519
JeSuisBRI,3520
soyonsunis,3521
RESPECT,3522
VengenceDeCharlie,3523
JetaisChoquer,3524
impressionnant,3525
FlicPorn,3526
efficacité,3527
TuEsMortAlors,3528
gedarmerie,3529
merciauGIGN,3530
JeSuisDuRaid,3531
JeSuisDuGIGN,3532
JeSuisOtage,3533
Bfmtv,3534
كواشي,3535
باريس,3536
شارلي,3537
tant,3538
Gendarmerienationale,3539
PoliceNationale,3540
doubleassaut,3541
DammartinEnGeole,3542
DAMMARTIN,3543
thx,3544
TouchePasAMaFrance,3545
CAN2015,3546
MortDesFreresKouachi,3547
ForceEtCourage,3548
grosrespect,3549
prenezJustinBieberRendezNousLesOtages,3550
bri,3551
ParisTerrorAttacks,3552
Soulagement,3553
Lpdl2,3554
LIBERTÉ,3555
policenationale,3556
Fieredelafrance,3557
BravoMorray,3558
BravoAYanice,3559
JEROMEJARRE,3560
jeromejarre,3561
RestonsDebout,3562
JeSuisJournaliste,3563
JeSuisJeSuis,3564
JeSuisHuman,3565
fieredetrefrancais,3566
ennemisdelaLiberté,3567
jesuisunpolicier,3568
assault,3569
prises,3570
BravoAuGIGNEtAuRAID,3571
FleurPellerin,3572
AttentatCharlieHebdo,3573
JeNeSeraisJamaisCharlie,3574
JesuisFlic,3575
vivelafrance,3576
Bravo,3577
BravoAuGignEtAuRaid,3578
FreresKouachiMorts,3579
serveur,3580
Héros,3581
Penseemue,3582
noracismo,3583
gendarmes,3584
pompier,3585
FranceLibre,3586
samerevolte,3587
kasher,3588
Yaquademander,3589
xbox,3590
boyfriendoftheyear,3591
PrayersForParis,3592
comble,3593
JeSuisFrancaisEtLibre,3594
YoSoyCharlie,3595
Honneur,3596
chateau,3597
fontainebleau,3598
castle,3599
LOTR,3600
OPEC,3601
Periph,3602
vendredi,3603
BravoAuKfc,3604
Word,3605
7ui,3606
LaCitédelaPeur,3607
ViveLaRépublique,3608
FieredeMonPays,3609
BravoJul,3610
suitedemain,3611
LesKouachiSontMorts,3612
KOUACHIFDP,3613
eldiez,3614
RueDesFilatiers,3615
pascool,3616
rideau,3617
soulagement,3618
Fin,3619
confirmé,3620
2poids2mesures,3621
ncaa,3622
Handball,3623
Qatar2015,3624
TournoiXXL,3625
cac40,3626
héros,3627
fier,3628
Flicaveccharlie,3629
suischarlie,3630
BRAVO,3631
HyperCasher,3632
HappyBirthday,3633
JesuisGIGN,3634
MerciYanice,3635
DeNada,3636
dénouement,3637
JeSuischarlie,3638
CharlieEstVengé,3639
FrancaisEtFier,3640
RespectGIGN,3641
RespectRAID,3642
PlaceDeLaRepublique,3643
GrosBuveurs,3644
L,3645
FranceIsAlive,3646
BlablaOnSaitRienOnVoitRien,3647
bbox,3648
OlivierSchwarz,3649
Foot,3650
wtf,3651
LesGens,3652
citroen,3653
letempsestcompté,3654
OnNoubliePasLesCharliesMens,3655
jetaisKouachi,3656
jesuisunemerde,3657
DésoléJeSors,3658
incertaine,3659
KouachiMORTS,3660
JeSuisMusulmane,3661
NousSommesTousDesCharlie,3662
Bonheur,3663
Bijouterie,3664
LesKouachisSontMorts,3665
lastfav,3666
capoussecommedessouriscestarés,3667
islamophobie,3668
NotInTheNameOfIslam,3669
Pasdexcuse,3670
FatKiller,3671
JeSuisChalie,3672
grenoble,3673
paysdemerde,3674
pendaison,3675
PrayforParis,3676
MerciLaFrance,3677
BaumelesDames,3678
soyonstousunisjuifschretiensmusulmans,3679
JeSuisPourLaJustice,3680
libre,3681
JeSuisGign,3682
JeSuisRaid,3683
jesuislapolice,3684
blessé,3685
RipKouachi,3686
السعودية,3687
جلد_رائف_بدوي,3688
CestDis,3689
BadKarma,3690
Prise,3691
encore,3692
RIPKouachi,3693
tisseo,3694
motus,3695
couards,3696
JeSuisGendarme,3697
كوليبالي,3698
policiers,3699
RIPCarolina,3700
RIPCarolineAgreda,3701
BravoAuGIGNetAuRAID,3702
IlFautEtreLucide,3703
VousEtesCharlie,3704
LolaCes,3705
golanyosef,3706
lui,3707
leseul,3708
jetaime,3709
E,3710
RIPMegan,3711
parlement,3712
européen,3713
batiment,3714
Louise,3715
Weiss,3716
PE,3717
eu,3718
gendarmeriefrancaise,3719
coulibaly,3720
hyper,3721
hostages,3722
spongebob,3723
GendarmerieNationale,3724
MonReve,3725
google,3726
FiniLeCarnage,3727
BraquageQuiTourneMal,3728
IlsSontMorts,3729
bisous,3730
forceselites,3731
Et,3732
ironiedelhistoire,3733
JesuisRaid,3734
JeSuisMaxime,3735
JaimeMonProphete,3736
SakineFidanLeyla,3737
MerciLeGIGN,3738
galettedesrois,3739
belleequipe,3740
bienfait,3741
BravoAuForcesDeLordre,3742
CestPasFini,3743
conneries,3744
lesmecs,3745
babe,3746
jlm,3747
lesbest,3748
lesreinesdushopping,3749
HÉROS,3750
mysteremystere,3751
Hope,3752
vin,3753
wine,3754
marianne,3755
southafrica,3756
floreal,3757
lepetitballon,3758
veritas,3759
terrorismes,3760
LeMondePartEnCouille,3761
CoulibalyPatateManmanw,3762
journeedemerde,3763
FiniLecarnage,3764
grossepairedecouilles,3765
FierDetreFrancais,3766
BravoGIPNRAIDetRAID,3767
fautyareter,3768
ASMensemble,3769
ASMCAB,3770
HommageAVous,3771
ReposezEnPaix,3772
AhmetKaya,3773
YilmazGüney,3774
DocteurQasimlo,3775
UnePenséePourLesVictimes,3776
MerciLesForcesDeLOrdre,3777
Fiere,3778
paix,3779
MERCI,3780
putaingdemonde,3781
finislecarnage,3782
smaack,3783
geek,3784
AmedyCoulibaly,3785
BlackM,3786
justicerendue,3787
Fier,3788
Questcequisepasse,3789
Terrifier,3790
annecy,3791
Bouffons,3792
Egalité,3793
Fraternité,3794
Forcesspeciales,3795
FRANCE,3796
ensemble,3797
assasinat,3798
innocents,3799
vigilance,3800
jesuisGIGN,3801
jesuisRaid,3802
LastRt,3803
martyrsmoncul,3804
dinan,3805
charenton,3806
Merah,3807
Sponsor,3808
lehavre,3809
fonctionnaire,3810
StarWarsTheForceAwakens,3811
charlie_hebdo_attack,3812
NosHéros,3813
LittleMixFanArt,3814
forceALaFrance,3815
Stupefait,3816
hallway,3817
Forcesdelordre,3818
FRA,3819
Liberte,3820
leskouachisontmorts,3821
FarWest,3822
Amedi,3823
OpelopeAnointing,3824
Tristesse,3825
Immonde,3826
GreatWhiteShark,3827
nousommescharlie,3828
Team242,3829
FinDuGame,3830
CharlieEstVenger,3831
Libres,3832
baygon,3833
Saarpfalz,3834
nopegida,3835
nosaargida,3836
democratie,3837
EA7Armanie,3838
TuCoNNaisOuPas,3839
Izi,3840
IllustratoriperCharlie,3841
jecroiselesdoigts,3842
grammarPolice,3843
grammarNazi,3844
PlaceJeanJaures,3845
LePlumeSeraToujoursPlusForteQueLeFusil,3846
république,3847
Tv,3848
News,3849
RIB,3850
cut,3851
LesFreresKouachiMorts,3852
irt,3853
capo,3854
TuVaParler,3855
psychopathes,3856
QuilReposeEnPaix,3857
HollywoodGirls4,3858
Imprimerie,3859
SoSad,3860
TousAvecVous,3861
whatechelonmeanstome,3862
BOSSES,3863
fierdêtrefrançais,3864
JeSuisChicheur,3865
OtagesVincennes,3866
truestory,3867
ForceEtHonneur,3868
CaCommenceBien,3869
ousuisje,3870
3minutespourcomprendrelebigbang,3871
fnac,3872
bellecour,3873
QuelleMassacre,3874
PoliceMunicipale,3875
Macroéconomie,3876
rmclive,3877
JeSuisConsternéParLaConnerieHumaine,3878
iosonocharlie,3879
libertà,3880
libertè,3881
placedelarepublique,3882
parisetmoi,3883
praysforparis,3884
enculés,3885
appelàlaFrance,3886
UnionNationale,3887
AthisMons,3888
déçu,3889
babtoussolides,3890
Levallois,3891
ColisSuspect,3892
TeamBS,3893
AllAroundTheWorld,3894
Nederland,3895
LesKouachiSontMort,3896
FIPN,3897
Attentats,3898
JeSuisChezFred,3899
HappyBirthdayKateMiddleton,3900
TeamAlonzo,3901
CapoDeiCapi,3902
RDC,3903
bijouterie,3904
braquage,3905
saintjeandangely,3906
om,3907
mhsc,3908
taff,3909
LaSneakyDuSiecles,3910
RassemblementNimois,3911
sécurité,3912
PiratageInformatique,3913
Cloud,3914
fierté,3915
feelbad,3916
Thirsy,3917
LouisGarrel,3918
IwanRheon,3919
assassinées,3920
devinerlasuite,3921
BSPP,3922
Normal,3923
Merkel,3924
BOMBE,3925
TravailDePros,3926
sapartencouille,3927
français,3928
gauche,3929
procès,3930
TesViserMgl,3931
Incroyable,3932
NousSommesTousDesJuifsFrançais,3933
RonnieRadke,3934
FallingInReverse,3935
terrorattcks,3936
radical,3937
prospectus,3938
bourdes,3939
Génies,3940
PresqueGeekette,3941
autaquet,3942
RipLaLaïcite,3943
LibertéJeCherisTonNom,3944
rugby,3945
RERA,3946
Idole,3947
AnnecyEstCharlie,3948
SVAMLD,3949
SalariéCarton,3950
OnVeutPasDeMarineLePenEn2017,3951
KevinEkomanFeatMa2x,3952
flashinfo,3953
MusulmandeFrance,3954
VIDEO,3955
Pourlapeinedemort,3956
FranceUnie,3957
ps,3958
vivreensemble,3959
prisedotagechallenge,3960
MashallahLaSolidarite,3961
multiL2,3962
lastrt,3963
armée,3964
ESSF,3965
ESSaintes,3966
GrandRespect,3967
Train,3968
RFF,3969
ALSTOM,3970
BOMBARDIER,3971
Z24500,3972
TER2NNG,3973
NANTES,3974
montpellier,3975
baroque,3976
chapel,3977
chapelle,3978
voeux2015,3979
Pau,3980
IslamIsPeace,3981
peace,3982
bravoauGIGNetauRAID,3983
JeSuisLeGign,3984
JesuisleRaid,3985
gendarmerie,3986
Pompier,3987
JourDeColère,3988
ProGaza,3989
Anniversaire,3990
recuperacion,3991
Journéedemalade,3992
ChoisirSonPays,3993
FaitDivers,3994
Sangfroid,3995
UPDATE,3996
ManifCharlie,3997
tropdemistère,3998
USCLAJA,3999
ligue2,4000
levallois,4001
CartesFinDeJeu,4002
Kosovo,4003
JustCharlie,4004
NS,4005
ADieuDeVousJuger,4006
Teixobactin,4007
MRSA,4008
socialiste,4009
ChicagoBulls,4010
ConférenceEst,4011
TropCtrop,4012
CristianoBallondOr2014,4013
Chartes,4014
GTAOnline,4015
Charmed,4016
AllezBrive,4017
CoujouPower,4018
Rassurant,4019
gignraid,4020
Parijs,4021
oupspardon,4022
RestonsSoudés,4023
NewHeader,4024
JeSuisAnonyme,4025
lequipeduchef,4026
hallu,4027
Filene,4028
POLICE,4029
POMPIERS,4030
SECOURS,4031
SOUTIEN,4032
INEDIT,4033
affichetotale,4034
cdb,4035
IianHalimi,4036
ironía,4037
KO15,4038
Jacquard,4039
StuckInLove,4040
FrancaisEtUnis,4041
AirForceOne,4042
LouisVuittonSpeedy,4043
Schwartz,4044
sadday,4045
ArcDeTriomphe,4046
YSL,4047
JeSais,4048
Monoprix,4049
conspiracy,4050
Dimanche11,4051
Maté,4052
LongIsland,4053
IcedTea,4054
Cocktail,4055
booba,4056
illogique,4057
africaLeaders,4058
cdanslair,4059
Berck,4060
Boulogne,4061
JeSuisCasher,4062
CharlieHebdoWon,4063
Revolution,4064
Jeunesse,4065
JeuneEnColere,4066
Rendezvous,4067
LoveMeLikeYouDo,4068
Repost,4069
snapvam,4070
AlerteaLaBombe,4071
hs,4072
chartres,4073
onestenoccident,4074
fautpassimposer,4075
GangDesBarbarres,4076
Dégoût,4077
InfoAPrendreAvecDesPincettes,4078
FranceSoudée,4079
ManuelValls,4080
tweetloca,4081
APB,4082
MecFragil,4083
doorways,4084
intern,4085
stage,4086
produisons,4087
frenchhostage,4088
jeSuisApero,4089
Montevideo,4090
charlievengé,4091
FoooVideoBuzzkill,4092
FRANCEAKBAR,4093
ConfianceEnHollande,4094
Europa,4095
CheektoCheekTour,4096
FierdetreFrancais,4097
LZZY,4098
MortDansUneImprimerie,4099
windows,4100
OnSeFollowEntreCharlie,4101
lookoftheday,4102
BF4,4103
MerciGIGN,4104
ValdeFontenay,4105
ManhattanCafé,4106
GrosDébiles,4107
gallery,4108
CAI,4109
SoutienauxPopulations,4110
chocolatnoir,4111
Relieved,4112
LPDLA,4113
jesuisjuive,4114
LPDA2,4115
GrandMoment,4116
fooovideoVolcano,4117
FoooVideoDumbstruck,4118
theatre,4119
spectacle,4120
IslamDehors,4121
Reconquête,4122
France3Bourgogne,4123
ThanksObama,4124
NiNaizCharlie,4125
VDM,4126
Fraternite,4127
FranceUnited,4128
repàça,4129
Regram,4130
NoussommestousCharlie,4131
الاسلام_بريء_من,4132
ObamaIsCharlie,4133
Schwarz,4134
faussealerte,4135
colissuspect,4136
ouf,4137
lyceedelalbanais,4138
CeMomentOù,4139
AMortLeTerrorisme,4140
SoutientAuxVictimes,4141
AnnulezLaMarcheDu11Janvier,4142
RCTRM92,4143
Ligue2,4144
DoucheTime,4145
Unité,4146
traître,4147
Vectra75,4148
LhommeAuCarton,4149
MGSPhantomPain,4150
tuvaslavoirtonparadis,4151
djihad,4152
hac,4153
maillol,4154
dncg,4155
DesHeros,4156
crests,4157
Morts,4158
voteMusulman,4159
gregAnquetil,4160
EDF,4161
RateForSlyz,4162
rmcinfo,4163
IslamEstUneSaloperie,4164
C3,4165
LDPLA2,4166
JESUISJUIF,4167
MerciLeGIGNetleRAID,4168
LaRochelle,4169
art,4170
journéeinterminable,4171
connards,4172
microbiome,4173
déçueparlhumanité,4174
CupCake,4175
LyceeAtlantique,4176
NHMestcharlie,4177
Caseneuve,4178
TweetCommeCharlieHebdo,4179
sugarmamagrenoble,4180
Solidarite,4181
cupcake,4182
Siri,4183
JeSuisTriste,4184
ATENTAT,4185
Djazairi,4186
Maghrebi,4187
Twanssa,4188
UnBonMusulmanEstUnMusulmanMort,4189
Destiny,4190
JeSuis,4191
lucon,4192
Vendee,4193
Algerie,4194
Sunday,4195
NewEpisode,4196
Jesuisjuif,4197
Askôlovitch,4198
France5,4199
Salope,4200
LesReinesDuShopping,4201
SuperCacher,4202
Unpeudespoir,4203
stagiaire,4204
thirdyearabroad,4205
JeSuisZyedBounaRemiEtTousLesAutres,4206
dubitative,4207
Charliberté,4208
andresy,4209
hostagesituationselfie,4210
usa,4211
cantwait,4212
PhotoOfTheDay,4213
ToulouseEstCharlie,4214
Capitole,4215
EDC,4216
Vincennnes,4217
boum,4218
eitbnotiias,4219
MaduroRenunciaYa,4220
RitualFridayEvening,4221
antifa,4222
SaintQuentinVoeux,4223
jaimelafrance,4224
Demotivateur,4225
staymotivated2015,4226
admirable,4227
POPOPOOO,4228
PopopooooMikadoooo,4229
FuckLesAutresArtistes,4230
Touquet,4231
ONestPasTousSeul,4232
onestensemble,4233
Objectif,4234
baobar,4235
daiqui,4236
fraise,4237
bestoftheday,4238
pasdecoeur,4239
tanguyprésident,4240
ViensOnSAime,4241
liberteedexpression,4242
I,4243
m6,4244
confusiononpeopleminds,4245
CocchiLaPute,4246
oligarchie,4247
chatellerault,4248
ASSASSINÉ,4249
FRÉDÉRICBOISSEAU,4250
OuEstLeRespect,4251
attaquesterroristes,4252
extraordinaires,4253
KeepPraying,4254
StopAuTerrorisme,4255
JeSuisChloé,4256
Mohamerde,4257
SleepyHollow,4258
Orion,4259
cumpleaño,4260
patoton,4261
pleasestop,4262
justwait,4263
retournementdesituation,4264
Créer,4265
TweetSerieux,4266
LoL,4267
ssdf3,4268
Baga,4269
Op,4270
Imovie,4271
MontereauSurLeJard,4272
Aubigny,4273
PP,4274
ELLKiosque,4275
Siham,4276
StadeDeLaMosson,4277
TeamMHSC,4278
JeSuisLesOtages,4279
QuePasaAmigo,4280
PR,4281
COEXIST,4282
Sadek,4283
UsainBolt,4284
PreparezVousAuDrame,4285
memepaspeur,4286
JeSuisKate,4287
lePapeEstCharlie,4288
Askolovitch,4289
GroupeCanal,4290
siham,4291
AlQaïda,4292
ForzaOM,4293
CasseCouilleDeBase,4294
killing,4295
hacking,4296
Hostages,4297
NousSommesLaFrance,4298
HiverFrançais,4299
Reveil,4300
MediasDeMerde,4301
libéré,4302
enfant,4303
superbe,4304
MerciPourCharlie,4305
Lozère,4306
peur,4307
respectbri,4308
DeeperThanRap,4309
OùEstMonCostar,4310
CharismeDécuplé,4311
Boss,4312
ELLIdées,4313
Créteil,4314
JySerais,4315
voltaire,4316
Malcolm,4317
Boudjellal,4318
soutient,4319
deuil,4320
national,4321
Solidarității,4322
Vincenne,4323
FreeFrance,4324
TERORISTE,4325
Franţa,4326
exams,4327
ArcdeTriomphe,4328
Terorism,4329
MerciAuxForcesDeLordre,4330
Diaspora,4331
FRANŢA,4332
Voiron,4333
Tsr1,4334
ClermontFerrand,4335
CoupMonte,4336
details,4337
Charlibre,4338
13H,4339
vousnêtespascharlie,4340
shameonyou,4341
TPMP,4342
Racing,4343
FcArgenteuil,4344
80zequin,4345
LaFranceEstCharlie,4346
SolidaritéFrançaise,4347
ForumRadioJ,4348
RadioJ,4349
imsoscared,4350
DeuilNational,4351
JeSuisHyperCacher,4352
NEWS,4353
DalsTournée,4354
refugees,4355
TeamBoudance,4356
IslamUneSaloperie,4357
CestSanglant,4358
CestDurDEtreAimeParDesCons,4359
chiites,4360
Insane,4361
BaşkaBirSevdamızOlmadı,4362
drapeau,4363
berne,4364
AucunRespect,4365
LeCombatnestpasfiniIlcommence,4366
thisneedstostop,4367
WN,4368
LIVE,4369
PasDeLimitesAvecLeFarfadet,4370
MARIETTE,4371
sconancy,4372
LivePhoceen,4373
NashGrierHug,4374
NashGoal,4375
Flamby,4376
GrandMereLourde,4377
CasseLaTete,4378
amalgames,4379
OnArriveQuand,4380
FrancoisHollande,4381
MarseilleEstCharlie,4382
Bareges,4383
Pyrenees,4384
unité,4385
MULTIL2,4386
cute,4387
upholstery,4388
bravoetmerciauxpoliciers,4389
lpdl2,4390
tahir,4391
MermozHebdo,4392
DiogeneEstCharlie,4393
Bergson,4394
Philo,4395
OnEstDeter,4396
LastYears,4397
1erl1,4398
TVRealite,4399
valeurs,4400
intégration,4401
diversité,4402
fun,4403
Nous,4404
L2,4405
SCOASNL,4406
BizimBaşkaSevdamızOlmadı,4407
BlagueDeS,4408
Toss,4409
allpinks,4410
SFPCO,4411
nantes,4412
teamsti2d,4413
ThePinkprint,4414
heritage,4415
musulmans,4416
Muslims,4417
GrandAngle,4418
spreadtheword,4419
yelena,4420
Voeux,4421
situvoiscetweet,4422
contactnous,4423
dancing,4424
code,4425
NawakIllustrations,4426
deter,4427
symbole,4428
Sentinelles,4429
détente,4430
defilé,4431
parionssport,4432
EatTime,4433
OurSong,4434
Pokofan,4435
HailHydra,4436
boulet,4437
SeeMyThreeLastRetweets,4438
Message,4439
overdose,4440
jsuisCharlie,4441
ripcharlie,4442
undiz,4443
adieumapaye,4444
MouradBoudjellal,4445
Libé,4446
selfie,4447
renpa,4448
Sarzeau,4449
mouradboujelad,4450
iosonoperlalibertà,4451
HommageaCharlie,4452
HappyBirthdayNicolaPeltz,4453
LaLiberted,4454
helenedarroze,4455
DiosMio,4456
prayforParis,4457
prayforall,4458
prayforpeace,4459
JeVaisLireCharlie,4460
velostan,4461
nancy,4462
MustaphaOurad,4463
éolien,4464
CroissanceVerte,4465
MediasManipulateur,4466
argumentation,4467
libertedelapresse,4468
Opportunisme,4469
CharlieEtLaLibertédExpression,4470
jesuissolidsnakedanssoncarton,4471
cvr,4472
Grand,4473
SefieCharlie,4474
carbonblanc,4475
sectaire,4476
Check,4477
MerciCharlie,4478
jairaison,4479
VousNeMeFaitesPasPeur,4480
FifaTime,4481
Charny,4482
GoodByeLuisEnrique,4483
fcgb,4484
culture,4485
IMPORTANT,4486
discours,4487
JeSuisJuive,4488
JeSuisFrançaise,4489
LeGrandJournal,4490
FSOG,4491
chabatchalom,4492
kouhari,4493
notaffraid,4494
ILoveSuperJunior,4495
wewillstandalltogether,4496
A,4497
sincerite,4498
tbf,4499
JesuisLhommeAuCarton,4500
frédéricboisseau,4501
elysée,4502
cestouf,4503
charlihebdo,4504
pompiers,4505
samu,4506
soutienauxforcesdelordre,4507
état,4508
frère,4509
frédericboisseau,4510
Monsieur,4511
PeaceForParis,4512
SCO,4513
fdp,4514
TopElevenSeason,4515
WeWantJanoskiansVideosBack,4516
AFond,4517
TeamAthle,4518
education,4519
unfollow,4520
FF_Specialツ_Beautiful,4521
28min,4522
DesertBoots,4523
LePoète,4524
Monument,4525
FlashInfo,4526
AeroportCDG1,4527
RCT,4528
ForcesDeLordre,4529
unpeudhumour,4530
legerete,4531
OM,4532
opcharlie,4533
Architecture,4534
Huge,4535
MarcheBlanche,4536
Zeid,4537
TopEleven,4538
Packing,4539
NT1,4540
U15,4541
FCH,4542
VilledeParis,4543
ThanksFromFrance,4544
NouvelHayEstCharlie,4545
NHMEstCharlie,4546
loveyoumyangel,4547
Telefoot,4548
jesuisbrett,4549
PaixALeursAmes,4550
famille,4551
Trophée,4552
Andros,4553
snowboard,4554
ANARQUE,4555
Drawing,4556
Detroit,4557
world,4558
newmusic,4559
Sexy,4560
Gemeaux,4561
GEMINIS,4562
LesCopains,4563
MainEventAB1,4564
conquer,4565
ce,4566
soir,4567
nous,4568
sommes,4569
tous,4570
OFFFFFFFFFF,4571
venezuela,4572
revolucion,4573
revolution,4574
FinDuMonde,4575
SurpriseAnniv,4576
France2_Infos,4577
MariagePourTous,4578
BFManipulation,4579
invincible,4580
cinema,4581
vostfr,4582
fridaynight,4583
dayoff,4584
cgr,4585
winter2015,4586
tours,4587
timp,4588
Rap,4589
obenfadel,4590
UnJourUneFusillade,4591
SFCO,4592
PBLV,4593
Verite,4594
Laicité,4595
AllezMontpellier,4596
fanzouzes,4597
Foulure,4598
Nonnonnon,4599
nofur,4600
teamfragile,4601
TheOriginals,4602
FrenchPeople,4603
Difool,4604
frugalfridayz,4605
jesuiskasher,4606
JUVPSG,4607
Time,4608
musulmanschrétiensjuifstousunis,4609
AHSFREAKSHOW,4610
sabbatdiensten,4611
win,4612
StopAmalgames,4613
Vespa,4614
Mercière,4615
BravoAUGIGNetauRAID,4616
TeamLigugé,4617
stoplapropagande,4618
Djadjédjé,4619
LivePhocéen,4620
Bordel,4621
Cinema,4622
Soiree,4623
ParionsSport,4624
JeSuisMusulman,4625
EtMêmeFrançais,4626
JeSuisAlgerie,4627
megeve,4628
fock,4629
comdecrise,4630
SpécialMPokorasurNRJHITS,4631
AlumniArmy,4632
ironie,4633
àprendreau2degrés,4634
MHSC,4635
HauteCouture,4636
FW14,4637
MLP,4638
suicide,4639
SpecialeMPokoraNRJHITS,4640
vivreensemblesvp,4641
LaVieEtudiante,4642
PlaneteRap,4643
pensée,4644
TheOriginalsNT1,4645
jesuischarli,4646
MSHCOM,4647
CherifFaisMoiPeur,4648
jesuispardonner,4649
Versailles,4650
CoDAW,4651
gescrise,4652
FDP,4653
helas,4654
ReseauxSociaux,4655
haine,4656
ACAON,4657
MédiasPoubelles,4658
Sensationnel,4659
AVomir,4660
PLB,4661
anulezLaMarcheDeDimanche,4662
Apicube,4663
COMPLOT,4664
parispremiere,4665
ardisson,4666
CetaitLaPenseePhilosophiqueDuJour,4667
ACANO,4668
LiberteDeLaPresse,4669
papillons,4670
oiseaux,4671
life,4672
MyCalvin,4673
Musulmans,4674
Christiannisme,4675
RipLesVictimes,4676
louvre,4677
parijs,4678
doorkijkje,4679
perspective,4680
lovelockbridge,4681
pontdesamoureux,4682
Bérigaud,4683
JeSuisChablis,4684
empireofthesun,4685
Payet,4686
greve,4687
onstrike,4688
çarecyclelecadeau,4689
Dessin,4690
Elyssia,4691
VousEtesTousCharlie,4692
specialeMPokoraNRJHIT,4693
AskRealSMG,4694
ChichaTime,4695
womanhunt,4696
cox,4697
Premier,4698
FrappeIstecienne,4699
saintseb,4700
tipografia,4701
pigiama,4702
moda,4703
chassepattate,4704
Clash,4705
Reign,4706
ChallengeSeries2015,4707
reinesdesneiges,4708
SortLe,4709
JeSuisUnConnard,4710
Fierté,4711
CharlieEbdo,4712
DivisionsPiegeàCons,4713
LiberteD,4714
ironique,4715
Lausanne,4716
MuséeOlympique,4717
mondefaut,4718
MinuteDeSilence,4719
OnVeutDrySurLaTourneeBlack2015,4720
sijereste,4721
UsoCrazy,4722
OnVeutDrySurLaTourneeBlackM2015,4723
StriveForGreatness,4724
DivisionsPiegeaCons,4725
wrapitup,4726
wraplife,4727
naturalhaircommunity,4728
hairwrap,4729
BacBlancDemain,4730
boulversée,4731
solidaire,4732
the,4733
end,4734
me,4735
today,4736
blond,4737
VraiSoldat,4738
SeulouAvecSonRegiment,4739
teamCO,4740
LadyGaga,4741
lesfilles,4742
LaProgrammation,4743
SerieFrancaise,4744
TeamDouille,4745
Vendredouille,4746
ToucheUnMembreDelaFranceETuverrasQuonEstPasToutSeul,4747
blogchat,4748
JeCraque,4749
LaFamille,4750
france3,4751
jesuisClarissa,4752
grossescouilles,4753
Multiplexe,4754
PlaceDuCapitole,4755
basquet,4756
crayoncontrecrayon,4757
GreysAnatomy,4758
Thé,4759
AuLit,4760
onestla,4761
InLove,4762
denouement,4763
EraDeValor,4764
243boss,4765
Zemmour,4766
Nauleau,4767
Amaryllis,4768
CreativeMind,4769
airfranceestcharlie,4770
hashtagfail,4771
jesusischarlie,4772
Massoud,4773
paixasoname,4774
V,4775
PRESSE,4776
new,4777
Berlaimont,4778
Rafale,4779
ALERTEORANGENPDC,4780
internetfriends,4781
Orelsan,4782
Orelfan,4783
JeSuisLaFrance,4784
night,4785
streetview,4786
streetwise,4787
instaphoto,4788
posture,4789
TeamFragile,4790
HenrySamuel,4791
Koshergrocery,4792
JuroVenganza,4793
SmackdownAB1,4794
versetdujour,4795
laBible,4796
يسوع,4797
Oberhof,4798
5SOSFAM,4799
Breeeef,4800
islamistes4g,4801
gensperdus,4802
QuiVeuxGagnerDesMillions,4803
QVGDM,4804
ParisPremière,4805
blocked,4806
TokyoGhoulVA,4807
SouvenirDuCollège,4808
quiveutgagnerdesmillions,4809
QVGDMillions,4810
Lastpic,4811
Muslim,4812
LaMarche,4813
teamOM,4814
oberhof,4815
biathlon,4816
Malienne,4817
SchillerMedical,4818
Marius,4819
bébé,4820
petitcousin,4821
BigLooove,4822
ViveLaLiberté,4823
BonApp,4824
chechenFragile,4825
Émotion,4826
SapeursPompiers,4827
dinercharliehebdo,4828
MéchancetéGratuite,4829
ViveLAlgerie,4830
Dz,4831
ViveLeMaroc,4832
djihadistes,4833
PasDeFairePart,4834
PasdAmalgames,4835
grammaire,4836
photooftheday,4837
AnEmberInTheAshes,4838
Champagne,4839
viernes,4840
MuseeDuLouvre,4841
typos,4842
LaLibertéAVaincu,4843
AMediter,4844
True,4845
EAGRCL,4846
TeamLens,4847
Année2015,4848
NewDépart,4849
SpecialeMPokoraNRJHits,4850
synchronicity,4851
BrayWyatt,4852
ErickRowan,4853
Live,4854
TWITTER,4855
CM,4856
Spartiate,4857
IG,4858
FrancaisEnDeuil,4859
Actu,4860
En,4861
teamRafa,4862
USOMHR,4863
manteau,4864
BonneChanceCharlieLeFilm,4865
Pitoyable,4866
LesFrancis,4867
LaLiberteaVaincue,4868
SDC,4869
vacances,4870
prono,4871
RTM,4872
Onsaitjamais,4873
TheScript,4874
JeSuisAmoureux,4875
Nkoulou,4876
Ayew,4877
Omrani,4878
ajaccio,4879
nimes,4880
OnSeKiffEtOnSenFout,4881
teamMontpellier,4882
MarseillaisBeLike,4883
Cancer,4884
c3,4885
Trezeguet,4886
Offffff,4887
Humanisme,4888
metro,4889
TeamBillel,4890
LaLiberteAVaincu,4891
TuVasParler,4892
BestFriends,4893
10ans,4894
fooding,4895
foodstagram,4896
italianfood,4897
caffedeicioppi,4898
cityguide,4899
nodoycredito,4900
LaFranceC,4901
parfait,4902
3dart,4903
pacMan,4904
BrefAffaiteCaler,4905
IantoAndJack,4906
Daviddeamorim,4907
Docapost,4908
laquotidienneOUATCHtv,4909
CES2015,4910
TeamRomano,4911
BrefAffaireCaler,4912
kosher,4913
Jalousiiiiiiiiiiiiiiiiiiiiie,4914
Suburgatory,4915
Dallas,4916
CaldoFredoMiAmor,4917
GIGNHeros,4918
Red,4919
Japon,4920
PartiSocialiste,4921
teammarjo,4922
National,4923
IanHarding,4924
JeSuisCrou,4925
essai,4926
MONMAR,4927
whatawife,4928
WeLoveOurCast,4929
lesabrutis,4930
besoinderires,4931
Aymeila,4932
volley,4933
tweetapero,4934
tiep,4935
EnqueteDaction,4936
TagliatelleCrèmeFraiche,4937
antiFN,4938
LiberteDExpression,4939
deslendemainsquichantent,4940
ChuPlusKleurKeul,4941
TuComprendras,4942
TeamDaleux,4943
JeSuisKaouchi,4944
her,4945
JeSuisMort,4946
D8,4947
HistoireInterdite,4948
infosTlmsf,4949
chapeau,4950
scorpion,4951
colocfamilial,4952
DisneyLand,4953
APA15,4954
honteavous,4955
NeverForget,4956
CauchemarEveillé,4957
LunionFaitLaForce,4958
asafavidan,4959
music,4960
goldshadow,4961
vinylme,4962
vinyladdict,4963
juive,4964
Bielsa,4965
SquatsChallenge,4966
KFC,4967
mario,4968
Nintendo,4969
mariobross,4970
Napoléon,4971
Gaulliste,4972
OnSeFolowSansPression24H,4973
fback,4974
AskPandaMoqueur,4975
3rdworldwar,4976
ParisEstCharly,4977
NousSommesCharly,4978
saintmichel,4979
fightquest,4980
jimmyfallonmcm,4981
la,4982
SpecialMPokoraNRJHITS,4983
YOUBROS,4984
guitar,4985
showcase,4986
égalité,4987
fraternité,4988
theVoice,4989
bagniole,4990
BBCRadio2Soundsofthe80,4991
meditation,4992
achacunsoneverest,4993
BDG,4994
JaiPasPeur,4995
LiamNeeson,4996
Broadchurch,4997
mindblow,4998
missedyousobadly,4999
univnantes,5000
Parfait,5001
NicolasSarkozy,5002
complot,5003
pronosticsdefolie,5004
Borderlands,5005
Deadpool,5006
suicideprevention,5007
Parisse,5008
TrucDeOuf,5009
JeSuisBielsa,5010
Grobanagans,5011
SofaKing,5012
PSGchampion,5013
sfigatidelvenerdisera,5014
Futsal,5015
JaiMonCharlie,5016
victime,5017
m,5018
UnderTheDome,5019
TeamASSE,5020
traumatisme,5021
Raclette4Ever,5022
MerciAnonymous,5023
TeamVGA,5024
izi,5025
Happy,5026
Victoire,5027
drogue,5028
sex,5029
alcohol,5030
femme,5031
AnneCharrier,5032
OnSeKiffEtOnLAssume,5033
paillade,5034
jesuisnoir,5035
Chaumont,5036
volleyball,5037
jesuispayet,5038
tunisie,5039
Herisson,5040
enquetedaction,5041
TWD,5042
NewTeam,5043
Mchiti_Fiha,5044
onlacherien,5045
unite,5046
plouf,5047
AppStore,5048
mercato,5049
eatsushi,5050
resto,5051
meufvener,5052
MerciNT1,5053
recueillement,5054
MARSEILLAISETLEADER,5055
AllezLOM,5056
Tribute,5057
GilmoreGirls,5058
B,5059
pour,5060
Dijon,5061
toison,5062
copains,5063
longperrier,5064
Tignous,5065
arcdetriomphe,5066
NiqueCharlie,5067
gossipgirl,5068
Voila,5069
AMIENS,5070
McLaren,5071
650S,5072
BlancheSensible,5073
PremierTweetFootDepuis3Jours,5074
Disney,5075
KYO,5076
jenesuispascharlie,5077
jesuisGaza,5078
STMGVIVRASTMGVAINCRA,5079
seum,5080
невсë,5081
Loneliness,5082
rrrr,5083
JeSuisGaza,5084
BEAUVAIS,5085
OnSeKiffAMort,5086
Rrrr,5087
dismoiqueoui,5088
Officiel,5089
Hugoestdetercommeunchien,5090
européenne,5091
gorafi,5092
Emploi,5093
Saintes,5094
Management,5095
Marketing,5096
eCommerce,5097
Socialmédia,5098
JuvisyPSG,5099
kontraster,5100
crazyworld,5101
INFLUENCE,5102
JeTeKiffGrave,5103
WWENXT,5104
CommentateurFoot,5105
bestquote,5106
smallisbest,5107
êtreagnostiquecestcool,5108
MKDD,5109
MANDJACKDUSS,5110
Frais,5111
LesVraisComprendront,5112
unknownpleasures,5113
instafood,5114
miammiam,5115
parmentier,5116
Imbecile,5117
5HFanuaryDay9,5118
Ask,5119
l,5120
HouseOfDVF,5121
Manque,5122
ilestnul,5123
mauvaiscommentateur,5124
connaitpaslesnoms,5125
voixnulle,5126
AntMan,5127
Scrubs,5128
light,5129
hoteldeville,5130
incroyablesbébés,5131
Lastfav,5132
yaplusquaminviterpourperfectionnermonaccent,5133
LesBronzes,5134
CartoonsForPeace,5135
Antibes,5136
team221,5137
uncafeavec,5138
FusilladeàNimes,5139
NimesFusillade,5140
DragonsTakeVegas,5141
jeanjacquesbourdin,5142
henryfexa,5143
jesuistriste,5144
HANDBALL,5145
PASSION,5146
FF_Special,5147
HCLugano,5148
LeMondeEstCharlie,5149
ValeursRépublicaines,5150
anniversaire,5151
Cosme,5152
surprise,5153
thevoices,5154
OFFLINE,5155
NXT,5156
Tgif,5157
JeSuisYohan,5158
JeSuisToutesLesVictimes,5159
International,5160
LaVieContinue,5161
realsmgto400k,5162
ShameOnYou,5163
CasinoMonteCarlo,5164
LPDA,5165
restaurant,5166
gastronomique,5167
cooking,5168
detente,5169
pasmal,5170
ChienPerdu,5171
ZENPP,5172
SaintEtienne,5173
pluscontumeurs,5174
Cannabis,5175
medical,5176
Australia,5177
JeSaisPasCommentLePrendre,5178
BlagueDeYusufNeMeLaVolerPasSvp,5179
moi,5180
TheRiotClub,5181
choqué,5182
CommeDansUnFilm,5183
Kage,5184
wordcloud,5185
LaFamilleBelier,5186
troubadour,5187
Musicologie,5188
Perdu,5189
gay,5190
offtommo,5191
OnOublieraJamais,5192
JesuisCasher,5193
NoFilter,5194
Support,5195
Me,5196
Myself,5197
SweetDreams,5198
prensa,5199
religions,5200
amoureux,5201
lRT,5202
Edmée,5203
Twelcome,5204
Stoplecontroleaufacies,5205
LaFranceEnDeuil,5206
liban,5207
Climbing,5208
Boulder,5209
CouleurCaillou,5210
bielsa,5211
AllerOm,5212
OmChampion,5213
smecta,5214
UnBonJuif,5215
defiduquotidien,5216
Faya,5217
TresMal,5218
BuenasNoches,5219
GutenNacht,5220
GoodNight,5221
BonumNocte,5222
truefrienship,5223
IlEstContent,5224
çavapasplaireàtoutlemonde,5225
c215,5226
jeanjaures,5227
vitry,5228
vitrysurseine,5229
Tours,5230
teamRomano,5231
YassinePresident,5232
Oui,5233
lePrénom,5234
JPP,5235
teamkabyle,5236
teamalgerie,5237
teambejaia,5238
bizarres,5239
HeroCorp,5240
TalalMadih,5241
AuMauvaisMoment,5242
HAND,5243
COACH,5244
ScalaDiscotheque,5245
ALPDBT,5246
lisette,5247
EspritCharlie,5248
MessageFort,5249
cestbeauderever,5250
DameDeFer,5251
walk,5252
evening,5253
yesterday,5254
latergram,5255
Bougrad,5256
teamTC,5257
youngarts,5258
satira,5259
Aleppo,5260
Syria,5261
Syrie,5262
Alep,5263
lesfaits,5264
Fmolins,5265
procureur,5266
LWSY,5267
BasilicaSacreCoeur,5268
Champs,5269
MuseeDuLouvere,5270
GrandParis,5271
gifts,5272
twentyears,5273
beyaz,5274
LoveMe,5275
AHS,5276
HONTE,5277
teamroquette,5278
TFIOS,5279
goodvibes,5280
quedubonheur,5281
rivegauche,5282
nathmasterchef,5283
nathcordonbleu,5284
nathmeilleurecuisiniere,5285
Vidéo,5286
TeamDZ,5287
Manhattan,5288
NYC,5289
benbravo,5290
UnBonTerroriste,5291
UnBonDjihadist,5292
JeSuisApolline,5293
LoveGrantLandis,5294
Smile,5295
TweetGnangnan,5296
takemeback,5297
missitlikecrazy,5298
Couli,5299
LeMatchDesMecsQuiSaventPasJouer,5300
ViveL,5301
ThePinkprintTOUR,5302
soulager,5303
O,5304
TweetAnonyme,5305
ColtonHaynes,5306
VDF,5307
jediscajedisrien,5308
Jul,5309
CecYerres,5310
NotAffraid,5311
NashGrier,5312
NashNewVine,5313
LAffaireSK1,5314
CSC,5315
agathouu,5316
Cl,5317
ThugLife,5318
Тимати,5319
MonHommage,5320
watchmen,5321
Exoconference,5322
odyssud,5323
blagnac,5324
YouBros,5325
Chabat,5326
AlainMinc,5327
TeamAymeila,5328
ALLUJA,5329
resistance,5330
Elementary,5331
miam,5332
pelouse,5333
bienvenueAuclub,5334
CSOJ,5335
CaptainJackHarkness,5336
Venezuela,5337
cecinestpasunedictature,5338
Tjy,5339
çapique,5340
NajlepszeOdWedla,5341
CŒURGEANTDANSTAFACE,5342
barrages,5343
dispositifs,5344
JeSuisK,5345
AW,5346
Ligue,5347
GradeMaster,5348
solo,5349
proximité,5350
local,5351
voisin,5352
amis,5353
terrified,5354
TeamBensetti,5355
TeamIkonomova,5356
LoveU,5357
calogero,5358
monsterlegend,5359
Belhanda,5360
Bourse,5361
CalvaEDI,5362
nepasoublier,5363
JattendFevrier,5364
Montpel,5365
TheVoiceLaSuite,5366
Deltaplane,5367
onpenseatoi,5368
fcv,5369
LaRadioLibreDeDifool,5370
Faverges,5371
souslecarton,5372
Pamela,5373
RadioLibreDeDifool,5374
Cruesli,5375
4Noix,5376
Quaker,5377
influence,5378
Motta,5379
Blanc,5380
quenelp,5381
BFMenteur,5382
annonce,5383
appart,5384
YaRienEnFace,5385
30anssinonrien,5386
Bol,5387
addictedtoyou,5388
meamor,5389
reportage,5390
cms,5391
THEGLOBALMEDIA,5392
affliction,5393
Her,5394
LesAffranchis,5395
grobanites,5396
LaFranceNaPasPeur,5397
sexydance5,5398
AnulezLaMarcheDu11Janvier,5399
G,5400
rtsijaimentis,5401
Dalida,5402
MissIsrael,5403
MissLebanon,5404
tvr,5405
danborrada,5406
goraDonostia,5407
ovulation,5408
PatriotAct,5409
Taken,5410
unoeilsurlaplanete,5411
tinder,5412
onlylyon,5413
ilovetcl,5414
AToiDeChoisir,5415
roi,5416
rois,5417
fève,5418
uoslp,5419
omg,5420
UOSLP,5421
MaisOuEstLeRespect,5422
illuminati,5423
JeSuisMueslim,5424
BonneSoiree,5425
AsterixMissionCleopatre,5426
BorrowedTime,5427
JeSaisPas,5428
onrecule,5429
censure,5430
eSport,5431
Decerto,5432
SZT,5433
BigUp,5434
Suits,5435
TLF,5436
LeProducteurDeSD,5437
SD,5438
GBE,5439
3hunna,5440
bike,5441
étoile,5442
nba,5443
BestActor,5444
FrenchFan,5445
OTHfam,5446
tradition,5447
nowplaying,5448
NowImSoHigh,5449
boulette,5450
nidieunimaitre,5451
PlayStation4,5452
callofdutyadvancedwarfare,5453
MoiAussiJPeuxParlerLaLangueDeChezMoiHun,5454
VTEP,5455
Mavericks,5456
Rockets,5457
Raptors,5458
Suns,5459
Trailblazers,5460
PasDouéeForever,5461
JeSuisRaif,5462
ALLBATARD,5463
ObjectifMatch,5464
Turkey,5465
istanbul,5466
ahaha,5467
teamgrandmere,5468
WWE,5469
RAW,5470
Insomniedusoirbonsoir,5471
PasDeConclusionHative,5472
HautsLesCoeurs,5473
Palestine,5474
كلنا_الفدائي,5475
AC2015,5476
IRQvPLE,5477
alternatives,5478
economiques,5479
AusOpen2015,5480
MarcusMondays,5481
PremiersPlans,5482
Paris5,5483
droit,5484
assurances,5485
dalloz,5486
jesuisdamepipi,5487
DansNosAmisLesPoètes,5488
Darty,5489
snapchat,5490
twitter,5491
chouettepourtant,5492
QuiEstCharlie,5493
O2F,5494
non,5495
o,5496
Gabon,5497
Nanit,5498
Smackdown,5499
EXCELLENT,5500
MyLove,5501
TwentyOneYearsOld,5502
قطر,5503
MLK,5504
mikl,5505
mikeline,5506
dealwithit,5507
EllePromet,5508
Xanax,5509
automédication,5510
offline,5511
ConforamaEtoile,5512
PHAROS,5513
Follow,5514
ongagneatoutlescoups,5515
الجزائر,5516
محاربي_الصحراء,5517
ALGAFS,5518
معاك_يالخضرة_ديري_حالة,5519
refaite,5520
lesrevenants,5521
الحياه_هتبقي_احلي_لما,5522
Gourcuff,5523
Eco,5524
Mashaba,5525
LCP,5526
UDF,5527
Centriste,5528
Telema,5529
adp,5530
libertedepenser,5531
AusOpen,5532
AustralianOpen,5533
MisParaguay,5534
GHVipDirecto,5535
Mikl,5536
Syriza,5537
bn,5538
happiness,5539
behappy,5540
الحمدلله,5541
BecauseOfYou,5542
Tds,5543
russeltovey,5544
Couple,5545
Enfant,5546
Mariage,5547
islamistes,5548
Jésus,5549
insomnie,5550
TwitterBaiseFacebookCar,5551
MimiAMal,5552
LikeThatVideo,5553
Prudmavie,5554
AzNation,5555
backtomorrow,5556
MaghrebUnited,5557
Gerard2015,5558
Perceval,5559
EvilRegal,5560
MaajidNawaz,5561
Heureux,5562
Indépendance,5563
TeamGunner,5564
Ronaldo,5565
Bale,5566
unDinerPresqueParfait,5567
TwitterOff,5568
TeamDesespereesSansChanceEnAmour,5569
LetMyPeopleGo,5570
Sandra,5571
vscocam,5572
vscophile,5573
montmartre,5574
sacrecoeur,5575
afterlight,5576
TeamJAiEnvieDeChangerDeVie,5577
IfIhadOnrDream,5578
ByMoi,5579
AccentQuébécois,5580
BCE,5581
Julien,5582
UnClassiqueIndemodable,5583
NowSinging,5584
Remix,5585
ParisComedy,5586
ParisLove,5587
standupcomedy,5588
a13,5589
OFFFF,5590
tpmp,5591
LGDM,5592
ibes,5593
Forcage,5594
manifestants,5595
FUNFUNFUN,5596
ouiiiiiii,5597
AO15,5598
Fognini,5599
porcodiaz,5600
NMM,5601
buonanottedaginevra,5602
tarn,5603
aveyron,5604
TWT,5605
SpeedTest,5606
4G,5607
rvf,5608
greveroutiers,5609
FiveWordsToRuinAJobInterview,5610
RadjaaAbouDagga,5611
5HWorthIt,5612
Gomorra,5613
DANNYANDJOE,5614
asse,5615
LarryStylinson,5616
LarryIsReal,5617
WeWantLarryComingOut,5618
reveilcherie,5619
springboard,5620
iPhone6,5621
rebelle,5622
JOURNEEQUICOMMENEMAL,5623
bonjour,5624
Motolive,5625
Liban,5626
Hezbolllah,5627
Tsahal,5628
BATB,5629
sitrennes,5630
NY,5631
Dernier,5632
RealRadio,5633
mardiConfession,5634
elephants,5635
farm365,5636
lesvraiessavent,5637
SanFrancisco,5638
CógeteloPues,5639
fredericboisseau,5640
Sodexo,5641
jesuisfrederic,5642
boisseau,5643
fan,5644
DirtyLaundry,5645
histoireVraie,5646
ACDC,5647
BrentandChrisVideo,5648
QE,5649
FrenchCup2015,5650
notaires,5651
nonbercy,5652
Devoirdememoire,5653
Hitler,5654
offschool,5655
Up,5656
sexy,5657
météo,5658
DES5H,5659
neige,5660
Valais,5661
LumiaDenim,5662
Gain,5663
Touraine,5664
LoiSante,5665
ForeigneirStruggle,5666
CoupeDeFrance,5667
Go,5668
Bus,5669
Collège,5670
LeMondeDesAdos,5671
DALS,5672
B4DAMONEY,5673
CeuxQuiSontNésEn2000,5674
shootingday,5675
suprematie,5676
family,5677
diplomatie,5678
souvenirs,5679
DistillationLongueForVelvetyTaste,5680
bonneannee2015,5681
yogaeverydamnday,5682
strala,5683
geneva,5684
monpassetemps,5685
Manche,5686
Hiver,5687
DepuisElleADisparuCommeIceman,5688
Ootd,5689
authentique,5690
Chilien,5691
School,5692
Cannes2015,5693
HarryKeepYourHairLongLikeYourDingDong,5694
Bonjour,5695
Glagla,5696
Calins,5697
50ShadesOfGrey,5698
FoxNews,5699
quenelle,5700
MOOC,5701
apprendre,5702
VevoCertified,5703
banque,5704
CreditAgricole,5705
RH,5706
management,5707
numérique,5708
webmastertools,5709
gwt,5710
GoogleGlass,5711
objetsconnectés,5712
yahoo,5713
CG88,5714
projetDAWIN,5715
DAWIN,5716
DaWeather,5717
Malices,5718
LPsTop100Hits,5719
TheOriginalsIsBack,5720
Flawless,5721
LECLUB,5722
claque,5723
camillecombal,5724
VirginTonic,5725
reseauxsociaux,5726
entreprise,5727
collaboratif,5728
jaimelasavoie,5729
mfa,5730
RoiLion,5731
aïe,5732
webdesign,5733
sily,5734
Guinea,5735
Team224,5736
premierMatch,5737
joggeurfou,5738
4verites,5739
Incompétence,5740
frenchtech,5741
nice,5742
Frankrike,5743
mythe1,5744
seomyths,5745
TEAMDZ,5746
Philomène,5747
TheoGordyMaillonFaible,5748
Objetsconnectés,5749
IoT,5750
bigdata,5751
cavaphosphorer,5752
plaisir,5753
créativité,5754
ShowLeMatin,5755
D17,5756
mbdtp,5757
Mahomet,5758
MerciLesGars,5759
JeSuisUneEnfant,5760
Neige,5761
RealFriend,5762
feminists,5763
FeminismIsAwful,5764
MartinLutherKingDay,5765
travail,5766
malivers,5767
MO,5768
SmartCity,5769
Riss,5770
MaVieDansLesTransports,5771
Grumpy,5772
Fweek,5773
GotToDance,5774
ReadWriteBuySellCookCleanFix,5775
TP,5776
audiovisuel,5777
BomDia,5778
OneTwoThreeVIVAlAlgerie,5779
JePeuxComprendre,5780
Paris14,5781
ElectionComing,5782
RadioVeronica,5783
TerugBijAf,5784
Luistercijfers,5785
Doubs,5786
Montgesoye,5787
Ornans,5788
LesVraisSavent,5789
bizdev,5790
web2b2015,5791
africains,5792
grecque,5793
CHARLI,5794
pariscartepostale,5795
parisjetaime,5796
picfromparis,5797
monparis,5798
resiliencechat,5799
JeSuisMbolhi,5800
dawn,5801
LaDefense,5802
city,5803
urban,5804
landscape,5805
citylights,5806
skyline,5807
skyscraper,5808
ElephantInRm,5809
vitamineD,5810
champagne,5811
Tarlant,5812
Marne,5813
rtl,5814
ProjetTOXIC,5815
ligne11,5816
noisylesec,5817
phguglielmi,5818
gcosme,5819
estensemble,5820
GetRektttttt,5821
TeamOlympe,5822
cielfie,5823
EeeehNon,5824
valence,5825
Drôme,5826
Travaildudimanche,5827
sarkozy,5828
aubry,5829
macron,5830
basketball,5831
Atlit,5832
HearHollywoodAwards,5833
2posh2wash,5834
laboexpress,5835
BiennaleDesign15,5836
pétition,5837
MerciPourCeMoment,5838
Duflot,5839
ISILFic,5840
Ligeti,5841
Haydn,5842
terminalL,5843
pguglielmi,5844
bhvmarais,5845
amature_united,5846
GoldenGlobesRedCarpet,5847
JamieDornan,5848
DakotaJohnson,5849
LanaDelRey,5850
RealMadrid,5851
Odegaard,5852
alaMadrid,5853
Parionssport,5854
SPIC,5855
SNCFmatuer,5856
amateur,5857
ChouquetteClasse,5858
GomorraLaSerie,5859
Jordan,5860
كلنا_النشامى,5861
laplagne,5862
buraliste,5863
agression,5864
ClassePresse,5865
Pensezy,5866
PointMétéoDuJour,5867
grèves,5868
routiers,5869
oral,5870
FAIL,5871
TweetPrecedent,5872
PetitCulBienFerme,5873
Tuesday,5874
Winter,5875
Frozen,5876
Cold,5877
Haveagoodday,5878
appellemoicupidon,5879
web2B,5880
AlsacezVous,5881
IvoryTower,5882
SuburbanMarxism,5883
ludicrousPlatonism,5884
GreatEducationHoax,5885
PassThePort,5886
RiodeJaneiro,5887
FridayNightLights,5888
servicemilitaire,5889
YvesLeDrian,5890
En2015JeDeviensLeChrist,5891
Badawi,5892
SégolèneRoyal,5893
Jérusalem,5894
Fabius,5895
TheSun,5896
page3,5897
progress,5898
Machecoul,5899
LesGensSontFous,5900
MenacesDeMort,5901
Frigide,5902
Rome,5903
Boutin,5904
François,5905
Loimacron,5906
directAN,5907
LoiMacron,5908
LassanaBathily,5909
LesGerard2015,5910
luxehommes,5911
conference,5912
reflexions,5913
luxury,5914
ralphlauren,5915
crookdylans,5916
QiouteDayPlease,5917
Jemesouviens,5918
cg76,5919
BONJOUR,5920
Café,5921
WinterIsComming,5922
WinorDie,5923
SeismeAVersailles,5924
MTVEyeCandy,5925
Pierrefitte,5926
halal,5927
Bridoux,5928
TchinTchin,5929
NewGirl,5930
JeCoursÀpoilPourMes33Ans,5931
politiquedelaville,5932
oursin,5933
foodporn,5934
Huawei,5935
NDV2015,5936
PlayStation,5937
20th,5938
Huîtres,5939
thé,5940
Sauternes,5941
Ecole,5942
voeuxBureauxAssemblees,5943
lcp,5944
bacpro,5945
mom,5946
lajusticedu21esiecle,5947
regroupement,5948
réforme,5949
Marly,5950
MST,5951
décrets,5952
législationactives,5953
avisconseildetat,5954
Beurk,5955
DoraBruder,5956
HeinQuoi,5957
marketing,5958
tortues,5959
Modiano,5960
WhoLetTheDogOut,5961
voeuxPR,5962
déconcentration,5963
documentaire,5964
bimbos,5965
sivens,5966
jurycitoyen,5967
confdeconsensus,5968
VIH,5969
loosers,5970
CaféTartinesGrilléesEtNeige,5971
look,5972
justicedu21esiecle,5973
ReformeCPH,5974
imaginez,5975
SoutenancesESCAET,5976
ecommerce,5977
JDCJDR,5978
ACTUS,5979
TouTouYouTou,5980
saménerve,5981
toutvabien,5982
tweet4taiji,5983
tweet4dolphins,5984
apple,5985
AppleWatch,5986
IncompétenceMahométane,5987
handicap,5988
Alès,5989
nouvelle,5990
aventure,5991
Mickey,5992
Tigrou,5993
impatience,5994
JOIE,5995
BisousBarbusEtCalinous,5996
BisousPleins,5997
Amusement,5998
mdr,5999
Hozier,6000
Turfu,6001
Audessus,6002
Troploindevant,6003
Pokémon,6004
Profilage,6005
LetItSnow,6006
50NuancesPlusSombres,6007
Jaipasenvie,6008
cardsagainsthumanity,6009
QuandMême,6010
lobbying,6011
egalitéFH,6012
TheDream,6013
BullsNation,6014
فلسطين,6015
NBA,6016
VRI,6017
PutainDeVieux,6018
portraitsdeparisiens,6019
parisien,6020
northface,6021
barbu,6022
beard,6023
Piercing,6024
Fac,6025
hospitality,6026
OGCNOM,6027
ConversationDuMatin,6028
MamaFreestyle,6029
Haks,6030
ResterALecoute,6031
JeVeux,6032
DIY,6033
DoctorWho,6034
studioT,6035
BlaBlaCar,6036
compublique,6037
markterr,6038
freaks,6039
superhéros,6040
Bartonfink,6041
CopaAfrica,6042
malade,6043
BonAppetitBienSur,6044
reformeterritoriale,6045
pas,6046
Somalia,6047
CRC,6048
TheScriptFamily,6049
TeamMaroc,6050
JeSuisKinshasa,6051
venezmechercher,6052
Dream,6053
2x90,6054
AO2015,6055
Hoping,6056
Wishing,6057
Praying,6058
Russie,6059
CROUS,6060
ASM,6061
ViellesCharrues,6062
iRL,6063
After,6064
clem,6065
hacker,6066
MyHospiFriends,6067
sante,6068
hopital,6069
hcsmeufr,6070
healthcare,6071
jeunos,6072
WPCU2015,6073
fitnessmotivation,6074
LC,6075
securite,6076
LesMartiensDuChnords,6077
DanBizet,6078
Carmen,6079
Georges,6080
AvengersAgeOfUltron,6081
PasDAmalgame,6082
Barberousse,6083
PirateNation,6084
voeuxalapresse,6085
lassanabathily,6086
parano,6087
jeveuxmoncanard,6088
desperatehousewives,6089
Deco,6090
Room,6091
DécorationIntérieure,6092
Work,6093
HIPS,6094
Nüfus,6095
Demografi,6096
Carrots,6097
Healthy,6098
Tfios,6099
LCI,6100
twion,6101
SalonEntrepreneurs,6102
ligne,6103
HopitalDeMeaux,6104
branquignole,6105
4hPourAvoirLesAdmission,6106
ISIS,6107
nostress,6108
boulot,6109
workout,6110
jogging,6111
parc,6112
oberthur,6113
étang,6114
pond,6115
bdx,6116
العراق_فلسطين,6117
العراق,6118
الاردن,6119
filter,6120
HealthyBodyFoods,6121
medicine,6122
wearabletech,6123
privacy,6124
openaccess,6125
OpenAustralie,6126
debatstrespolitiques,6127
NoMorePage3,6128
r4today,6129
Yémen,6130
KiranBedi4CM,6131
BTSSP3S,6132
Team237,6133
MoulinRouge,6134
central,6135
Cameroun,6136
lions,6137
malivscameroun,6138
douala,6139
yaounde,6140
EagleClub,6141
betterthanmcdonalds,6142
الامارات,6143
كاس_اسيا,6144
lemardic,6145
ac2015,6146
كلنا_العراق,6147
Hallosserie,6148
Divia,6149
cenongare,6150
dld15,6151
MarcheRepubl,6152
Cestlamerde,6153
adieu,6154
pdla2,6155
HappyBirthdayOmar,6156
intouchable,6157
samba,6158
Crisis,6159
Democracy,6160
DemocracyDay,6161
Respawn,6162
Bugspawn,6163
Yummy,6164
Food,6165
premiere,6166
DLD15,6167
RSE,6168
Enld,6169
G7,6170
BlageDeST2S,6171
TeamCameroun,6172
teamcamer,6173
28Ans28Cm,6174
ci225,6175
civ225,6176
can2015,6177
Plazza,6178
Hippocrate,6179
poésie,6180
HUEP_75,6181
Alv,6182
GA92,6183
Aldi,6184
jesuisaldi,6185
BatB,6186
tlmvpsp,6187
CAF,6188
Somme,6189
DocGyneco,6190
yaduboulot,6191
data,6192
moyenage,6193
makeup,6194
makeuptransformation,6195
painting,6196
onnenousditpastout,6197
apartheid,6198
Ségrégation,6199
lemeilleur,6200
OnSeFolowLeMardiSansPression,6201
team224,6202
drone,6203
Média,6204
Les12coupsdemidi,6205
tennis,6206
Fatiguée,6207
MerciBoss,6208
magnifique,6209
jesuisunhamster,6210
colorrun,6211
TheColorRunParis,6212
Runners,6213
KiranBedi4DelhiCM,6214
Running,6215
WeRunParis,6216
Team600,6217
chouette,6218
WinnieThePooh,6219
chateauroux,6220
midienfrance,6221
Mtp,6222
yankeecandle,6223
AustS1E22,6224
rebeledelaforet,6225
FunRadio,6226
TeamGaucher,6227
Batb,6228
TheWalkingDead,6229
Comaking,6230
start,6231
tendance,6232
dammartinengoele,6233
hallucination,6234
PYRACUITE,6235
espritcharlie,6236
telecom,6237
startup,6238
FrenchTech,6239
Vdm,6240
Tchetchenie,6241
toddler,6242
forthefuture,6243
siblings,6244
jessaiedemoccupercommejepeux,6245
YoSoyNisman,6246
bluesky,6247
igers,6248
nofilter,6249
Pas,6250
OkJeSors,6251
RèglementDeCompte,6252
Alonzo,6253
ArsenaI,6254
Monaco,6255
cleague,6256
beninois,6257
UX,6258
MaintenantRencontrant,6259
PearlHarbor,6260
MBA,6261
Finance,6262
MaF,6263
running,6264
RunningMan,6265
nikeplus,6266
Allemagne,6267
Schaeuble,6268
ECB,6269
JeRougis,6270
a,6271
Olympe,6272
Cabourg,6273
gâtée,6274
McDo,6275
McTimber,6276
McPioner,6277
Pourquoi,6278
toulouseestcharlie,6279
Saintsernin,6280
cocorico,6281
barefootrunning,6282
minimus,6283
ultrapure,6284
clocloremix,6285
audreybouchardphotos,6286
BasBuzzMaisBuzzVoulu,6287
Followback,6288
RDCongo,6289
Sénateurs,6290
TELEMA,6291
LaDigestionPourTous,6292
OnSeFolowNonStop,6293
LaTeste,6294
JeDeviensVieux,6295
MeetHim,6296
HumourDeBlanc,6297
viveleMaroc,6298
UniversitedeNiceSophiaAntipolis,6299
TV5MONDEPLUS,6300
DéoSynthé,6301
Bétégué,6302
TeamArtiste,6303
TeamAfrique,6304
Macron,6305
EvanPeters,6306
Leucate,6307
saintlaurentdelasalanque,6308
jeregardetpmpenreplay,6309
Mesquin,6310
EspritHandball,6311
dotsToDots,6312
dessin,6313
free,6314
idf,6315
iof,6316
israel,6317
SophieMarcrau,6318
BRITONEDIRECTION,6319
Vesoul,6320
mangezbougez,6321
Milan,6322
italy,6323
CuisiniereA2balles,6324
raquette,6325
Gerardmer,6326
HannahReid,6327
LondonGrammar,6328
esprithandball,6329
UMP34,6330
LeRenouveau,6331
photo,6332
lunettes,6333
JétaisPourriÀlécole,6334
villeSolidaire,6335
bonneadresse,6336
nice06,6337
nissalabella,6338
Mansouri,6339
posey,6340
super,6341
aldi,6342
crossfit,6343
kickoff,6344
Trop2Swag,6345
Halliche,6346
Clochard,6347
jesuisraif,6348
jesuiscouillard,6349
santef5,6350
MUSE,6351
amphi,6352
iut,6353
HillaryOnTaime,6354
Avousdejouer,6355
gares,6356
Kabila,6357
KABILADEGAGE,6358
KabilaMustGo,6359
socialisme,6360
Yleniaganadora,6361
FaisezCeQueJeDisPasCeQueJeFais,6362
FollowBack,6363
ganasdeescribir,6364
FCNOL,6365
CDF,6366
Ukraine,6367
CdF,6368
ارهاب,6369
BlackBerry,6370
poulettes,6371
vismaviedepoules,6372
jardin,6373
NL,6374
BIMBAMBOUM,6375
CR7,6376
nrj12,6377
OITNB,6378
jockey,6379
lecheval,6380
ctropgenial,6381
augalooop,6382
LesRoches,6383
reelfictif,6384
jesuispartout,6385
Alleeeeeeez,6386
thebest,6387
yankeecandletoulouse,6388
pasmotivé,6389
JS_Terror,6390
laVillette,6391
JimmyPunchline,6392
CoC,6393
FollowMe,6394
Iphone6,6395
TellementVrai,6396
orelsan,6397
orelfan,6398
CRM,6399
bonnefête,6400
culturel,6401
RéformeTerritoriale,6402
Innovation,6403
Diabète,6404
histoiredudroitdelafamille,6405
jesuismeprisable,6406
Confusion,6407
HJ,6408
CrazyFactory,6409
Bastia,6410
RIPMalanda,6411
Monfils,6412
ORANGE,6413
YesYouCan,6414
echangeurpme,6415
MoiQuiMangeSoloCTrist,6416
HP,6417
meilleurecoupine,6418
quatar2015,6419
FDLA,6420
congolais,6421
Fababy,6422
Hérault,6423
LaGalère,6424
Motivée,6425
EnEquipe,6426
MAHB,6427
Transfert,6428
LNH,6429
portrait,6430
promenade,6431
balade,6432
Saint,6433
Grégoire,6434
moulin,6435
Métropole,6436
BarışÜnlününYanındayız,6437
russe,6438
fdla,6439
WorkBitch,6440
sportif,6441
BEURK,6442
InstaGay,6443
McDonalds,6444
red,6445
Oxfam,6446
starwars,6447
rouge,6448
lèvres,6449
Travel,6450
Real,6451
Erasmus,6452
fierdetrebeaujolais,6453
Arcachon,6454
Marcheprime,6455
JeffDeBruges,6456
boissonfragile,6457
CtoC,6458
MercatoBlues,6459
Україна,6460
Pogba,6461
religion,6462
imams,6463
Extend,6464
FodaSe,6465
CarpeDiem,6466
SeahawksvsPackers,6467
CiteUnePhraseDeProf,6468
libération,6469
CréonsUnMouvementContreLesGens,6470
fdsea85,6471
FreeBet,6472
school,6473
smstesmoncrush,6474
Golan,6475
parrotlove,6476
FAQSweetie,6477
ScommeSuicide,6478
SGG,6479
GPA,6480
Thaïlande,6481
Festival,6482
films,6483
janvier,6484
VALENCIENNESFANS,6485
FashionWeek,6486
tieanddy,6487
Visite,6488
ILoveMyJob,6489
MidiLibre,6490
Beziers,6491
realgirl,6492
MuseumSelfieDay,6493
GarryWinogrand,6494
UDPP,6495
TuLasDit,6496
Genius,6497
teamiphone,6498
SoTrue,6499
IFSI,6500
ESI,6501
S3,6502
MissPicardie2015,6503
hawai50,6504
Elle,6505
GrandeRégion,6506
amnesiepolitique,6507
CCVB,6508
Gouter,6509
Cielfie,6510
AggloBus,6511
Bourges,6512
TeamRDC,6513
Mulungue,6514
PDLP,6515
pharmacie,6516
president,6517
IVG,6518
pinocchio,6519
BeAmbitious,6520
Lanton,6521
grossemasochiste,6522
6mois,6523
هادي,6524
اليمن,6525
انقلاب,6526
القصر_الرئاسي,6527
الحوثي,6528
IOrigins,6529
InkMaster,6530
TEAMGROS,6531
Houthis,6532
hadi,6533
OnEnPeutPlus,6534
viteff,6535
délire,6536
Lamotte,6537
monéquipe,6538
notreambiance,6539
bleuetjaune,6540
edli,6541
FlorenceForesti,6542
MHRST,6543
ERCC,6544
hautegaronne,6545
Cluny,6546
killme,6547
Reconfortdefou,6548
Begforit,6549
Sourire,6550
TeamAL16,6551
5MinsofFame,6552
Avengers2,6553
Sanaa,6554
USCDFCO,6555
PSGFCGB,6556
jnouney,6557
mottooftheday,6558
Smiler,6559
FrenchSmiler,6560
RollingStone,6561
FNAC,6562
workinprogress,6563
getyourfreakon,6564
2h,6565
CDI,6566
Aladdin,6567
FCN,6568
TEAMFCN,6569
CIVGUI,6570
Powers,6571
PSN,6572
tweetvisé,6573
kaki,6574
confiture,6575
italie,6576
TeamAntillaise,6577
GenZ,6578
ONU,6579
FDG,6580
Eelv,6581
Guilluy,6582
ennuie,6583
Mirail,6584
Hipstamatic,6585
Lowy,6586
BlankoNoir,6587
Unikin,6588
KInshasa,6589
Lamarck,6590
goPro,6591
ENC,6592
Blomet,6593
Caf,6594
CotedIvoire,6595
GuinéeEquatoriale,6596
Pause,6597
VueSurLaMer,6598
NanVueSurChamallow,6599
MesBlazerSontBlasées,6600
travailgratuit,6601
payetonjob,6602
MoiPhobiqueDesPigeons,6603
fou,6604
chéri,6605
Langhe,6606
Roero,6607
UNESCO,6608
Verduno,6609
M5S,6610
VieDEtudiant,6611
lesgrossetetes,6612
Halloween,6613
SophiaLaure,6614
codplay,6615
Bionicle,6616
Lewa,6617
GianvittoRossi,6618
Camus,6619
Pecresse,6620
TeamPassion,6621
EXCLU,6622
GRAMMYs,6623
GrammyD17,6624
monoeil,6625
delarue,6626
prospection,6627
summer2014,6628
RealLifeOTP,6629
Seanya,6630
SaintJustLeMartel,6631
BieberRoast,6632
Déléguée,6633
FIFA15,6634
hervemathoux,6635
francksauze,6636
bogoooos,6637
RichList,6638
Arnab,6639
irony,6640
momentfameux,6641
fg,6642
pc,6643
duflot,6644
HappyBirthdayEvanPeters,6645
4MP1LDM,6646
moncoiffeurestenprison,6647
avranches,6648
SensByDecovoyage,6649
PFWAH1,6650
TeamFerro2A,6651
ESTACA,6652
cpge,6653
FAN2ShawnMendes,6654
neuroanat,6655
TheWanderingsOfTheAvener,6656
TheAvener,6657
usarmy,6658
CIV,6659
januaryblues,6660
Lilac,6661
florist,6662
winteriscoming,6663
LMF,6664
football,6665
prison,6666
Verseau,6667
artistes,6668
concerts,6669
majors,6670
EditionMusicale,6671
NonHadopi,6672
Capricorne,6673
manquedetemps,6674
HandAction,6675
NoPressure,6676
LeMag,6677
boy,6678
bad,6679
boys,6680
man,6681
mec,6682
men,6683
mens,6684
gars,6685
guy,6686
pic,6687
phototime,6688
picoftheday,6689
instaboy,6690
joelincruste,6691
outch,6692
BHVMARAIS,6693
yattarra,6694
PLLday,6695
LeKaümikDlaTess,6696
jjda,6697
tordant,6698
lolcats,6699
CodeDuTravail,6700
métier,6701
paye,6702
QuiSuisJe,6703
sidaction,6704
BreakfastClub,6705
انا_اتبع_محمد,6706
iFollowMuhammad,6707
JeSuisMohamad,6708
domestic,6709
Cultural,6710
graffiti,6711
Chassériau,6712
ZoneB,6713
EcoleNumerique,6714
ConcertationNationale,6715
discriminations,6716
Diversity,6717
inclusion,6718
Dracula,6719
original,6720
fashion,6721
Run,6722
AlterEvil,6723
Fn,6724
SIRHA2015,6725
RideForMyTeam,6726
USAFCM,6727
Cat,6728
Chat,6729
nuit,6730
DelireDeLucile,6731
TeamFCN,6732
TribuneLoire,6733
Kickstarter,6734
topbodychallenge,6735
volleyfamily,6736
cdf,6737
NS20H,6738
LesSoprano,6739
Tweeter,6740
fachos,6741
anonymes,6742
Lâcheté,6743
GirlsTrip,6744
EnAttendantLeTsunami,6745
actions,6746
words,6747
agree,6748
onething,6749
doanother,6750
MAL,6751
Dp,6752
Dr,6753
Martens,6754
Air,6755
Way,6756
BSCANOrange,6757
larryproof,6758
grey,6759
currently,6760
changes,6761
motivationtime,6762
sreeparis,6763
j,6764
UneVieParJour,6765
maillonfaible,6766
touristes,6767
monpays,6768
renasup,6769
SportTime,6770
supporterdequevilly,6771
eurosport,6772
BigCadeaux,6773
lacheté,6774
dordogne,6775
Périgord,6776
contente,6777
confiante,6778
FEEEEEEELS,6779
OueskonVa,6780
KeskonFait,6781
MochetéChallenge,6782
JugezPas,6783
BrefCestPasMoiSurLes2premieres,6784
HappyPLLDay,6785
LKFAQ,6786
SCB,6787
onarienvu,6788
fashionshow,6789
انتي,6790
AFCON2015,6791
match,6792
CoupeD,6793
Guinee,6794
F,6795
UneVieParJourOlympe,6796
NashsNewVideo,6797
roisarthur,6798
comediemusicale,6799
SreeParis,6800
SocialMedia,6801
USQSCB,6802
EyeCandy,6803
facede3,6804
TeamChelsea,6805
DemiFinal,6806
profilage,6807
clindoeil,6808
projection,6809
ratp,6810
AlwaysBeConnecting,6811
Cotillard,6812
UneVieParJOurOlympe,6813
sexysoldiers,6814
CivGui,6815
Speeding,6816
scooter,6817
TheoGordyDansTPMP,6818
réseaux,6819
CoujouOnTour,6820
frenchieswantOTRAT,6821
toutepremierefois,6822
AlyEtBaptisteSurSnap,6823
JeVousHais,6824
Charlislamiste,6825
ArnabGoswami,6826
LinkedIn,6827
Rapportive,6828
Boomerang,6829
CamsFollwingSpree,6830
normal,6831
JeffreyRemetNousDesGlacons,6832
60PeaceLove,6833
QuevillyBastia,6834
TeamFoot,6835
bdlive,6836
BD,6837
LoïcSoulcié,6838
29janvier,6839
LPDL2,6840
qatar2015,6841
proviscopie,6842
RIPRICARDO,6843
RIPRicardinho,6844
chouffemoi,6845
beer,6846
cciduroannais,6847
vegan,6848
CDO,6849
Taken3,6850
PauvrePapou,6851
améditer,6852
gameofthrones,6853
AirAsia8501,6854
BL99,6855
BrigadeLoire,6856
BadGones,6857
terroir,6858
savoureztoulouse,6859
midipyrenees,6860
pasta,6861
LoveMeSomeOG,6862
PapiDeLaSemana,6863
Bouguette2,6864
MaillonFaible,6865
Vénère,6866
Storycodefr,6867
starterpack,6868
Lion,6869
LiberezLePereÀSofiane,6870
bringback2pac,6871
TrinidadCarnival2015,6872
Sansal,6873
Héro,6874
JeSuisLassana,6875
Lassana,6876
lrds,6877
Redon,6878
E1Soir,6879
pipodirect,6880
TeamParieur,6881
NFC,6882
PileTonRizCommeAurélie,6883
championnatdumonde,6884
gourmandise,6885
chocolat,6886
régime,6887
FautVivreAvantDEtreMort,6888
hashtag,6889
LibertéEgalitéFraternité,6890
peremanu,6891
FraIsl,6892
TPE,6893
motifdunfollow,6894
BrotherAndSister,6895
go,6896
DecouvrezSonUnivers,6897
Talent,6898
Tuvasfairequoiavectonalcatel,6899
magnum,6900
PierrickPassionSpoilTheWire,6901
Deception,6902
KeepCool,6903
findétudes,6904
LastExams,6905
bf4,6906
Cigarette,6907
break,6908
malbouffe,6909
pds,6910
tropfière,6911
beauf,6912
TheWire,6913
PetitSpoilBidonPourCommencerLa,6914
cadeau,6915
Islande,6916
giusepperestorante,6917
Lingaa,6918
teamwork,6919
eListening,6920
LeParisNoir,6921
Montmartre,6922
WalkingTour,6923
SacréCoeur,6924
letempsfaitsonoeuvre,6925
Republicday,6926
happybirthdayrobbourdon,6927
military,6928
ChampagneArdennes,6929
CAN,6930
NiskaCharlieDelta,6931
Ciara,6932
TeamInflation,6933
Mogadiscio,6934
lebaldesvampires,6935
SACEM,6936
TeamMollecule,6937
Stromae,6938
TeamMiseEnAbime,6939
24hdusportfeminin,6940
doute,6941
LOST,6942
Fabien1anNOPLP,6943
Espresso,6944
RessurectionTour,6945
Anastacia,6946
Ressurection,6947
Concert,6948
vatel,6949
engraissé,6950
spéculé,6951
PetrolCrisis,6952
petrole,6953
BruleursDeLoups,6954
hotdog,6955
Pumbaa,6956
sfi,6957
doing,6958
FouinyGamos,6959
METZ,6960
gare,6961
coeurbrisé,6962
Genre,6963
JF,6964
Daghe,6965
TweetLoc,6966
bonnenouvelle,6967
scb,6968
Free,6969
Mohammed,6970
Sultan,6971
parisnodejs,6972
GerardDeLaTv,6973
Quevilly,6974
LeJustePrix,6975
VincentLagaf,6976
JustePrix,6977
FUT,6978
Verratti,6979
OuPas,6980
mewi,6981
CentralBankIndependence,6982
WarmupBaby,6983
voilà,6984
AuFeuLesPutes,6985
DOB,6986
OlympeAuSki,6987
AvranchesMetz,6988
FousToiDeMaGueule,6989
lindseyvonn,6990
NEWYORK,6991
Manuella,6992
OL,6993
PoutrerDeLaRosette,6994
Lejusteprix,6995
ViteffChef,6996
RanveerSingh,6997
FHM,6998
FHMBachelorOfTheYear,6999
NutellaTueLesOrangsOutans,7000
futurdusporting,7001
Cormier,7002
sanctuariser,7003
services,7004
Yattara,7005
arnabwithbjp,7006
LesGerard,7007
CaFaitMal,7008
CoquineDuParadisFistanal,7009
tournage,7010
cafouillage,7011
Asm,7012
réduction,7013
subventions,7014
associations,7015
Stage,7016
eattime,7017
Opera,7018
designthinking,7019
TristesseDeL,7020
PapaLion,7021
FoliesBergère,7022
MuseumSelfie,7023
handicapés,7024
WindowsPhone,7025
nodejsparis,7026
hausse,7027
taux,7028
taxe,7029
foncier,7030
bâtit,7031
LiveTweetApéro,7032
teampasdethunes,7033
Handball2015,7034
ASYVAFC,7035
Economies,7036
geekinside,7037
ThugLifeChoiceMe,7038
IDontChoiceTheThugLife,7039
fatal,7040
Team223,7041
Team974,7042
StephaneGuy,7043
smartphone,7044
realhuman,7045
RadarsàPoliciers,7046
Procureurtrèssexy,7047
ilsSontPasPrêts,7048
LhommeAuBobilArriveBientot,7049
TMTP,7050
Stachemou,7051
Paris4,7052
Stachmou,7053
Tpmp,7054
stachemou,7055
LJP,7056
genius,7057
creativeLiveSession,7058
VirginRadio,7059
telsonne,7060
EnglishMan,7061
Tl,7062
Théâtre,7063
GreatIRL,7064
greatIRL,7065
pates,7066
italien,7067
fuxia,7068
OWY,7069
Fanzouzes,7070
BrevetBlanc,7071
manger,7072
cahier,7073
Talentshow,7074
ÇACAILLE,7075
Toto,7076
Autres,7077
Picard,7078
CreativeLiveSession,7079
AcheteuseCompulsif,7080
Excellent,7081
JeTemmerde,7082
FUT15,7083
excellent,7084
TeamAssas,7085
TeamPartiels,7086
pizza,7087
Grippe,7088
Justeprix,7089
clowns,7090
cirque,7091
LaFoudre,7092
ContinueCommeSa,7093
streaming,7094
berk,7095
game,7096
pdl,7097
unss,7098
ANGULER,7099
stachmou,7100
Plaine,7101
povertà,7102
savethechildren,7103
20hfoot,7104
Loué,7105
JesuisIndomptable,7106
Qatar,7107
APB2015,7108
Pakistan,7109
Etat,7110
dotations,7111
UneVieParJourOlympev,7112
CMRMAL,7113
Edmondburger,7114
Burger,7115
Foodporn,7116
Restaurant,7117
Tagsforlikes,7118
Syfy,7119
The100,7120
12Monkeys,7121
Helix,7122
Canalsat,7123
GloUpChallenge,7124
allbleus,7125
FRAISL,7126
Celine,7127
TrioBag,7128
TrioLarge,7129
UneParisienneetsonchien,7130
TimeBomb,7131
aquabike,7132
cuisse,7133
fesses,7134
VicdanlardaMahkumsunuz,7135
clochard,7136
OLNnewcover,7137
noussommesunpeuple,7138
numelinkdefi,7139
thelin,7140
shoppaddict,7141
FSSPX,7142
MALCAM,7143
OLNcover,7144
michtoooo,7145
NaruHina,7146
hautespyrenees,7147
grandski,7148
TuEsUnLion,7149
easy,7150
concoursdanstroismois,7151
asmonacotv,7152
archipeldufrioul,7153
saison4Episode8,7154
GameOfThrones,7155
onpc,7156
TarteTatin,7157
topgun,7158
ONPC,7159
fermier,7160
Terroir,7161
seigle,7162
chataignes,7163
SantéPublique,7164
WishfulThinking,7165
FeelLikeHome,7166
Burke,7167
BlankoFreedom13,7168
Apartheid,7169
QATAR,7170
MONDIAL,7171
SiliBoy,7172
Louuurd,7173
LionsIndomptables,7174
AllezLesGothiques,7175
futurtata,7176
JT,7177
Transferts,7178
Anigo,7179
Deruda,7180
GardeAVue,7181
Càvous,7182
Yann,7183
LEXSF,7184
instacook,7185
yummi,7186
homemade,7187
by,7188
roommate,7189
delicious,7190
Roms,7191
EnferDeBonnesResolutions,7192
enerve,7193
UltimeSouffrance,7194
CriDeTafiole,7195
J,7196
BachelorOfTheYear,7197
QueBas,7198
DoItBrother,7199
teamfrance,7200
coupedumonde,7201
beinsport,7202
balonmano,7203
jedemande,7204
seul,7205
celibataire,7206
Fraîcheur,7207
ChatPouille,7208
AnimalRights,7209
Limoges,7210
DuCôtéDeChezDave,7211
JeSuisFrançais,7212
lafouine,7213
LMSparkling,7214
MyBro,7215
Gang,7216
mysquad,7217
squadshit,7218
LilGang,7219
LhommeAuBob,7220
MaVie,7221
streetphotography,7222
Brulage,7223
HeleneGrimaud,7224
le20h,7225
PassionBagnoles,7226
Nissan,7227
AskNEO,7228
LFAUIT,7229
DateLimite,7230
90Enquetes,7231
babyboom,7232
cl,7233
lafranceaunincroyabletalent,7234
CdF16es,7235
MagieDeLaCoupeDeFrance,7236
QUEBAS,7237
incroyabletalent,7238
M6,7239
maisouestlerespect,7240
jenesaispasjeneletrouvepasjevoisrien,7241
NANLYO,7242
idiotentweet,7243
IdiotOlympics,7244
PhDlife,7245
Erza,7246
NanOl,7247
quevillybastia,7248
FxBellamy,7249
Fière,7250
USCDIJON,7251
payetonmaquillage,7252
laclik,7253
Girondins,7254
familledaccueil,7255
votetory,7256
23Février,7257
Fastoche,7258
Poitiers,7259
AlgérieBoss,7260
Team213,7261
TeamAlgerie,7262
vivelelyceeambroisebrugiere,7263
MLICMR,7264
mediterranea,7265
VAFCTFC,7266
MyTimeAGAIN,7267
NickiMinajMyTimeAgain,7268
ThePinkPrint,7269
abdos,7270
MAGIC,7271
Badminton,7272
absence,7273
Retraite,7274
LEGENDE,7275
VINCENTBESSAT,7276
JansonDeSailly,7277
egalitedeschances,7278
INFO,7279
SPOILER,7280
moissons,7281
P,7282
goss,7283
NinicheEncorePlusTendu,7284
doss,7285
fournierDemission,7286
Team221,7287
Bessat,7288
canaripower,7289
TwitteOfInterest,7290
MardiBeuverie,7291
Goleador,7292
Striker,7293
AllezLesBleus,7294
thema,7295
voteTory,7296
FDA,7297
wearables,7298
tg,7299
g,7300
ArdechePleinCoeur,7301
measles,7302
legende,7303
TweetInutile,7304
flu,7305
pauvre,7306
lfauit,7307
bonsens,7308
TombRaider,7309
Félicitation,7310
GossipGirl,7311
Primark,7312
FCMetz,7313
ParisPhila15,7314
gta5,7315
Bathily,7316
ToutePremiereFois,7317
ForeverAmour,7318
goleador,7319
DiegoCostaDeLaDefense,7320
ASY,7321
NinicheUnPeuMoinsTendu,7322
Indécis,7323
smh,7324
AvecUnGrandA,7325
LaTeamOlympeAvaitEnvieDeTeFairePlaisir,7326
PERFECT,7327
BEAUTIFUL,7328
AnastasiaSteele,7329
MrsGrey,7330
StevieStarr,7331
Last32,7332
CSPNation,7333
1es1,7334
IncroyableTalent,7335
Légende,7336
Bleus,7337
ONVPSM,7338
troll,7339
commelOreal,7340
cébo,7341
BlackMirror,7342
VincentBessatFacts,7343
LastRTs,7344
TaxiDriver,7345
cmr,7346
cameroun,7347
can,7348
team237,7349
AvenidaBrasil,7350
VincentLindon,7351
métropolitain,7352
goodnight,7353
HumourDeGeek,7354
JeSuisFan,7355
MarioEnvoieDuLourd,7356
DirtyDancing,7357
grandirsanscancer,7358
w9,7359
Gothiques,7360
basket,7361
ProA,7362
LNB,7363
ConneriePower,7364
CAMEROUNOBOSSO,7365
WantedLiamPayne,7366
NinicheEtLeCamerouneSousPression,7367
Sané,7368
LoveFromFrance,7369
jtmmaiscmort,7370
Oeoe,7371
Philosophetahu,7372
FcNante,7373
TweetOfInterest,7374
LilianThuramNeFaisaitPasMieux,7375
TeamSTMG,7376
BabyBoom,7377
pincezmoijerêve,7378
Henry,7379
wie,7380
visé,7381
nanteslyon,7382
MeilleursMomentsAuStadeen2014,7383
svyatoslav,7384
EnoraLeSoir,7385
PetageDePlomb,7386
OnePlusOne,7387
WWATFrance,7388
JaiPeur,7389
LIVCHE,7390
JeSuisFCMetz,7391
teamdépité,7392
smartgrid,7393
smartcities,7394
TitoFernandez,7395
LesNouveauxSauvages,7396
Almodovar,7397
lfsanzcod,7398
DFCO,7399
Sterling,7400
Boat,7401
Amazing,7402
Event,7403
Gossyroom,7404
Goss,7405
perruques,7406
Repos,7407
Itandje,7408
NowWatching,7409
AmericanHorrorStory,7410
TeenWolf,7411
Liverpool,7412
STAPS,7413
AAPtards,7414
Pp,7415
colonelreyel,7416
thuglife,7417
fragile,7418
swagcode,7419
luckynumbersix,7420
six,7421
teamfcn,7422
DuReve,7423
debating,7424
iOS8,7425
MissParaguay,7426
MissPuertoRico,7427
parapluie,7428
RiP,7429
MetalGearSolid,7430
MGS,7431
GunsOfThePatriots,7432
BigBoss,7433
NakedSnake,7434
HideoKojima,7435
Snooker,7436
thoniers,7437
ConcarneauDijon,7438
LiberezNordineAkaLePereASofiane,7439
LesMecsVousAvezRaison,7440
TeamSlay,7441
futur,7442
tendances,7443
évolution,7444
business,7445
FNCOL,7446
pression,7447
nox,7448
joke,7449
yoyo,7450
TerminaleS,7451
hotel,7452
diner,7453
Besançon,7454
AuTop,7455
ArianaGrandeLaBase,7456
jenetaispasaucourant,7457
philo,7458
dodo,7459
TeamFcMetz,7460
MerciFDJ,7461
deuxhommestoutnus,7462
NoPainNoGain,7463
WorkHard,7464
greenbusiness,7465
biostimulants,7466
aie,7467
bobo,7468
PasLogique,7469
labase,7470
drug,7471
yolo,7472
RocknRoll,7473
fuckmeiamfamous,7474
LoveUDad,7475
madameforesti,7476
mavie,7477
Banshee,7478
instagram,7479
dirtydancing2,7480
havananights,7481
TheWatch,7482
TF3,7483
UnVraiMatch,7484
SelfieRed,7485
TeamLiverpool,7486
republique,7487
CasseursFlowteurs,7488
GUnitFamily,7489
banshee,7490
SOA,7491
RayDonovan,7492
Vérité,7493
SkateLife,7494
TeamOl,7495
ParlonsMode,7496
mealex,7497
enculéjaffredo,7498
Berleand,7499
Gelinas,7500
2hommestoutnus,7501
resolutionsfor2015,7502
NewYear,7503
Bouffe,7504
vivelaL3,7505
Clément,7506
team225,7507
VivaCiv,7508
ScoredeParité,7509
JeKiff,7510
Ro,7511
olfcn,7512
constat,7513
nouvellePP,7514
teaminsomniaque,7515
mactyson,7516
GroupeDeBrasCassés,7517
trésor,7518
CeciliaHornus,7519
Naffi,7520
jaihonte,7521
vannedemerde,7522
urbanisme,7523
ComeOnBlues,7524
blues,7525
TweetEtMédite,7526
GrandirSansCancer,7527
OnVousVois,7528
Press,7529
PasionPorCautivar,7530
THEMA,7531
arte,7532
dur,7533
leds,7534
onelove,7535
ChercheAvenirProfesionnel,7536
ChercheAmour,7537
ChercheComique,7538
dasha,7539
pearl,7540
VeronicaMars,7541
MIAMIZOO,7542
Haussonville,7543
RMCLive,7544
Euro2000,7545
TeamNathan,7546
holyshit,7547
fillefragile,7548
JujuTheBestBlogger,7549
FCNAOL,7550
MarciFamily,7551
instructif,7552
PoppyZBrite,7553
loilabbé,7554
écophyto,7555
armandpower,7556
bedosachetetoiunevie,7557
Mommy,7558
tabarnacle,7559
sensationsfortes,7560
Gotlib,7561
FreeCongo,7562
LibereLaRDC,7563
CONGOFree,7564
YNWA,7565
lfc,7566
entrepreneur,7567
CEO,7568
companies,7569
TopTweet,7570
PasCharlie,7571
taken3,7572
énervé,7573
route,7574
road,7575
vitesse,7576
speed,7577
vannes,7578
voiture,7579
car,7580
clio,7581
offniall,7582
nabilfekir,7583
Rêve,7584
Ambition,7585
KeepTheDreamAlive,7586
IHaveADream,7587
RIPRicardoDosSantos,7588
Plenel,7589
Ramadan,7590
NANOL,7591
GreysAnatomyAddict,7592
ripricardinho,7593
DontPanik,7594
DONTLAIK,7595
TUCDEKIJEPARLE,7596
JeSuisBessat,7597
UnDosTres,7598
CDL,7599
RomaEmpoli,7600
Webmarketing,7601
pub,7602
internet,7603
retraite,7604
nowwatching,7605
NiqueLesMaths,7606
chatNoir,7607
ptn,7608
Sénégal,7609
Beyonce,7610
DanseDeLaJoie,7611
Voisenon,7612
Sheerios,7613
Fan,7614
Concarneau,7615
BravoQuevilly,7616
lafatigue,7617
NativeMarketing,7618
BreakingBad,7619
RecordPersonnel,7620
MerciVerni,7621
LIKETHATVIDEO,7622
SoireeFoot,7623
ol,7624
assurancetourisk,7625
GrauDuRoi,7626
matcholtv,7627
WWF,7628
Saxoprint,7629
CreativesAwards2015,7630
ProjetGaché,7631
ConflitRVB,7632
Dégouté,7633
LFAIUT,7634
LOSC,7635
SevenDeadlySins,7636
BadWomen,7637
Calym,7638
waitwhat,7639
MonAnneeFoot2014,7640
GrindrFail,7641
Solidaires,7642
sunset,7643
lambo,7644
GetGerrardToWembley,7645
slampoetry,7646
poetry,7647
lyrics,7648
youngpeople,7649
worldradioday,7650
defi,7651
Tech,7652
technologies,7653
TolembiMasasi,7654
TolembiLiwa,7655
lecker,7656
afterdentist,7657
Marine2017,7658
victoire,7659
exploit,7660
Impatient,7661
Béziers,7662
Petroleo,7663
inversion,7664
Team972,7665
Team509,7666
BAC,7667
final,7668
policemunicipale,7669
sosmedecins,7670
EtatIslamique,7671
Dschungelcamp,7672
Hartwich,7673
Workout,7674
JAiBienRi,7675
StNom,7676
Kariger,7677
Lambert,7678
offzer,7679
Colombo,7680
TheGame,7681
Manchester,7682
London,7683
nottingham,7684
TweetEtMedite,7685
PostBadMariage,7686
RendezvousaAtlit,7687
golf,7688
savoie,7689
aixlesbains,7690
MGA,7691
militaryforces,7692
stopterrorism,7693
ilovemynogozone,7694
Lacazette,7695
TransfertDecevant,7696
ForceEtCompassion,7697
d,7698
RomaricGuillo,7699
nogozones,7700
nogozone,7701
jeudemot,7702
regrets,7703
goulag,7704
Dems,7705
FSK,7706
jeune,7707
voyage,7708
summer,7709
with,7710
friend,7711
price,7712
prix,7713
abordable,7714
LaMeufPossessive,7715
CharlesPeguy,7716
Pestacle,7717
ParoleDeSportiveGourmande,7718
JanoskiansLoveJanoskianators,7719
vieadeux,7720
couple,7721
LaBeaujoire,7722
SaDateDeCetteAprm,7723
GGRMC,7724
tweethorssujet,7725
Glomez2015,7726
DemainJarrête,7727
PenséeDuSoir,7728
SurLaTeteDunChatErrant,7729
TweetVisé,7730
foliedouce,7731
TesUnConnard,7732
vismavie,7733
janoskiansLoveJanoskinators,7734
accrocCommeUneDrogue,7735
MatchsDeFous,7736
Tatouage,7737
ComeOnBelgium,7738
InstantAmûûr,7739
Banquemondiale,7740
JDD,7741
wellsaid,7742
NantesFC,7743
JeSuisUneGarce,7744
Bonne,7745
RedDevils,7746
FraBel,7747
perfume,7748
eds,7749
DaliStories,7750
bonnuit,7751
doux,7752
Fabien,7753
noplp,7754
gradolfact,7755
femmedejoueur,7756
rires,7757
émotion,7758
Gradolfacts,7759
ForgetNot,7760
MrWONDERFUL,7761
ValentinesDay,7762
delena,7763
hate,7764
waste,7765
tImE,7766
admiration,7767
Motivation0,7768
Danny,7769
villelumière,7770
bynight,7771
BHL,7772
TousLesCheminsMenentAlAutre,7773
StLo,7774
EspritDeContradiction,7775
AFC,7776
voilavoila,7777
SamForever,7778
around,7779
putesàfrangemainstream,7780
these,7781
really,7782
up,7783
asap,7784
ZenAttitude,7785
BanKiMoon,7786
sad,7787
true,7788
Louvre,7789
amediter,7790
Hono,7791
TeamiPhone,7792
WeAreTheChampions,7793
PoitiersByNight,7794
Egypt,7795
DMMeTanner,7796
Disparition,7797
TEAMOM,7798
GoHawks,7799
TeamDepuisLeDebut,7800
ابتسام_نورتي_تويتر,7801
CamsFollowingSpree,7802
BlackSwan,7803
Gladiator,7804
nflextra,7805
Stars,7806
Blackhawks,7807
NHL,7808
bigapple,7809
exciting,7810
iot,7811
eHealth,7812
santeconnectee,7813
GoPats,7814
GoThunder,7815
ThunderUp,7816
OKCvsORL,7817
OffLama,7818
offzayn,7819
SEAvsGB,7820
Grèce,7821
GBvSEA,7822
NFLextra,7823
LeBaron,7824
SamiNaceri,7825
OKCORL,7826
SmsTesMonCrush,7827
3ds,7828
pokemon,7829
LesEspoirsDeL2,7830
Budapest,7831
malaise,7832
MissPrestigeNational,7833
Drawings,7834
Femke,7835
Tattoo,7836
Kazimierz,7837
TeamDBZ,7838
Surpriiise,7839
chacunsonchoix,7840
RickyWilson,7841
ImbecileTV,7842
DeTranquis,7843
Resacosas,7844
TresEnUna,7845
OKC,7846
SuperBowl,7847
LeCouz,7848
LeVrai,7849
OnAGrandiEnsemble,7850
Frero,7851
Vlla,7852
Gjaku,7853
LeSang,7854
enqueteexclusive,7855
lasagna,7856
BackToSchool,7857
Dakar2015,7858
proud,7859
Bolivia,7860
EnqueteExclusive,7861
FollowMeCarter,7862
Seahawks,7863
godblessmysoul,7864
SGFC,7865
13sins,7866
lenigme,7867
topdutop,7868
doudouces,7869
quejetaime,7870
DoceSonho,7871
OKCIsOnFire,7872
GoPackGo,7873
Market,7874
Flowers,7875
Africa,7876
museum,7877
DecrisLaPerfectionAvecUnePhoto,7878
piescalientitos,7879
dramasinvernales,7880
pourmeschèrescopines,7881
zen,7882
pèrelachaise,7883
cimetière,7884
ConfessionsIntimes,7885
TheVoice,7886
DALSLille,7887
Logic,7888
coltan,7889
telephonePortable,7890
congo,7891
monaco,7892
circus,7893
country,7894
show,7895
picture,7896
snapChat,7897
AusOpen15,7898
Kenzo,7899
choubidou,7900
MVP,7901
Alancienne,7902
TouteMonEnfance,7903
Arras,7904
Nord,7905
Withney,7906
inlovewiththecoco,7907
BobbyBrown,7908
DBT1GHVIP,7909
confessionsintimes,7910
maleficemaleficum,7911
Voilà,7912
TeamDansLaMerde,7913
jaws,7914
chukky,7915
beetlejuicebeetlejuicebeetlejuice,7916
TEAMINSOMNIE,7917
Konata,7918
LuckyStar,7919
detecteurdefumee,7920
ZAD,7921
Anjou,7922
trashtalk,7923
WhitneyHoustonMovie,7924
LifetimeMovies,7925
toussatoussa,7926
AllerAurevoir,7927
bernardo,7928
ee,7929
ifshecanclosehermouth,7930
TL,7931
SondageTL,7932
QuestionTimes,7933
KD,7934
breakingscoop,7935
ClopeTime,7936
JeSuisNico,7937
titanic,7938
sondagetl,7939
gellub,7940
queuechonne,7941
TheLibrarians,7942
bboxClub,7943
AlgerieBoss,7944
Intruse,7945
NicolasJaillet,7946
leConDuJour,7947
manifestations,7948
ThunderNation,7949
DefisHBMarionChtis,7950
H1Z1,7951
jesuisvraimentcharlie,7952
babytvsis,7953
dolereanmusic,7954
NEvsIND,7955
AntiStanSmith,7956
StanSmith,7957
Sneakers,7958
adidas,7959
fiftyshades,7960
Photos,7961
KissMyLips,7962
Jesuiscolts,7963
INDvsNE,7964
Photo,7965
kissMyLips,7966
Men,7967
FW15,7968
SmsTesMonCrusha,7969
Dumbo,7970
VDMsurLui,7971
DrunkInLove,7972
bosseennuit,7973
Gama,7974
XI,7975
GazoducEridan,7976
GRTgaz,7977
25YearsofKPExile,7978
Gard,7979
vignerons,7980
CotesduRhone,7981
DanseMoiJeCharbonne,7982
SensiCoexister,7983
vandemataram,7984
Mornings,7985
Québec,7986
Boulot,7987
Bagneux,7988
StDenis,7989
25YearsOfKPExile,7990
DuTempsPourMoi,7991
espoir,7992
chômage,7993
jeunediplomée,7994
Hinduism,7995
congé,7996
RéveilChérie,7997
jeuascenceur,7998
pasenvie,7999
NosoundWithoutSilence,8000
PittiUomo87,8001
ouaisouais,8002
MemePasPeurDuLundiMatin,8003
SEO,8004
GOOGLE,8005
référencement,8006
SEA,8007
Adwords,8008
Référencement,8009
PereNoelEstUneOrdure,8010
ManuDansLe69,8011
capital,8012
marque,8013
Réputation,8014
notoriété,8015
image,8016
Top25FRATMEN,8017
JeNAiPlusLHabitude,8018
SemaineDeMerde,8019
PatriotsAFCChampion,8020
GBvsSEA,8021
R5WorldTour2015,8022
SeaVsPats,8023
e1matin,8024
gestesolidaire,8025
animalabusers,8026
CMPPD,8027
Paris20ème,8028
AmericanBeautyAmericanPsycho,8029
social,8030
smo,8031
Mysa,8032
Mondaymood,8033
GOODBOY,8034
ZaynYourSelfieKilledUs,8035
britishcouture,8036
GhanemCouture,8037
recrutement,8038
Adecco,8039
Spring,8040
Pyracuite,8041
retargeting,8042
adsense,8043
remarketing,8044
DZ,8045
train,8046
Outside,8047
tgv9764,8048
tgv6617,8049
pastaper,8050
ux,8051
experienceutilisateur,8052
jhopeDay,8053
TICKETS,8054
MarathonDeParis2015,8055
VigilanceOrange,8056
theweightproject,8057
argentpublic,8058
bts,8059
parties,8060
LesMédiasControleTout,8061
ThinkPositive,8062
Clem,8063
Birdy,8064
NotAboutAngels,8065
NosEtoilesContraires,8066
HappyCastleMonday,8067
mon,8068
manque,8069
Froid,8070
Morning,8071
Matin,8072
Trees,8073
Arbres,8074
Rue,8075
Lights,8076
Lumières,8077
StreetLights,8078
ChampsElysees,8079
18janvier,8080
vintage,8081
Mercedes,8082
Internship,8083
Routiers,8084
lastfm,8085
cotedazur,8086
FondsDeCommerce,8087
grafal,8088
MaraudesNautiques,8089
Jauch,8090
narmol,8091
Nike,8092
showlematin,8093
ReveilCherie,8094
toutdouxgillou,8095
FloraCoquerel,8096
Holorimes,8097
Regeneration,8098
Clubbing,8099
TheNewMisterJoeCity,8100
BonneNouvelle,8101
Guaino,8102
iloveajaccio,8103
Pleure,8104
déjàMarre,8105
snap,8106
Patmos2015,8107
7moiscapique,8108
logement,8109
bce,8110
bonnenuiiit,8111
responsibilitiestothenation,8112
SoftCard,8113
popularité,8114
UMPFN,8115
BigHugs,8116
lereveilcherie,8117
Seattle,8118
NFL,8119
nieve,8120
montevrain,8121
LesCours,8122
FUCK,8123
hug,8124
ThomasPiketty,8125
GMB,8126
blandlikeherrecipes,8127
Taiji,8128
RerA,8129
Vigilance,8130
CaptivityKills,8131
inspirant,8132
Button,8133
F1,8134
Champion,8135
FreeLolita,8136
freetilikum,8137
emptythetanks,8138
neverbesilent,8139
captivitykills,8140
Blackfish,8141
Juppé,8142
crise,8143
dolphins,8144
SEAWORLD,8145
MARINELAND,8146
chypre,8147
ue,8148
Marineland,8149
Inalco,8150
germany,8151
Kizomba,8152
SeaWorld,8153
OfMonstersAndMen,8154
DEFamily,8155
3daysUntilTVD611,8156
surlaroute,8157
aujourdhui,8158
courses,8159
RivieraItalienne,8160
LaBelleVie,8161
TeamAlgérie,8162
Baby,8163
Macro,8164
Nikon,8165
Blue,8166
Eyes,8167
NikonD3200,8168
D3200,8169
Londres,8170
TheCove,8171
TriedAndTested,8172
Rewarding,8173
rennes,8174
manif,8175
Patella,8176
Blague,8177
RigolezCEstDrôle,8178
gollumvoice,8179
depression,8180
Vine,8181
girls,8182
damn,8183
stopthesepeople,8184
OA2015,8185
excitation,8186
youpiii,8187
niger,8188
JP1,8189
Weekend,8190
LaBaule,8191
ambition,8192
Chômage,8193
Budget,8194
insecurite,8195
Contagion,8196
NightAndDay,8197
Capital,8198
JaimeLaRecurrence,8199
Maths,8200
CNNum,8201
Montag,8202
Storiainfinita,8203
Vita,8204
esistenza,8205
Libro,8206
LalsaceÇaVousGagne,8207
Mortimers,8208
VisMaVieAuBureau,8209
LeSangdelavigne,8210
Graziella,8211
OscarsSoWhite,8212
ootd,8213
satmag,8214
lalettrepro,8215
lawschool,8216
bebrave,8217
tuileries,8218
sun,8219
samsunginstawards,8220
22years,8221
Art_dévié,8222
Hackney,8223
40minutes,8224
MindOfMDLC,8225
Titan,8226
Hardstyle,8227
headhunterz,8228
FuckingNoise,8229
FuckingWeekEnd,8230
fredzone,8231
Reebok,8232
Man,8233
CommeDesGarcons,8234
Antisémitisme,8235
LaMagieDeTweeter,8236
gastronomie,8237
Thémis,8238
teamJuriste,8239
DIP,8240
scout,8241
MaamsOn,8242
Blonde,8243
ministerecc,8244
sanofi,8245
myhospifriends,8246
socialnetworking,8247
MacTyerEtGimsSurSkyrock,8248
LundiMatin,8249
hospitalhouse,8250
GrosseDoseD,8251
dessins,8252
bigbrotherbullying,8253
outrageous,8254
QueenBeyWannaBe,8255
alexanderoneal,8256
bigbrotherbustup,8257
f,8258
ManquePlusQueLaPeauDeBête,8259
SandwichJambonBeurreAuReveil,8260
PikettyEffect,8261
기승전승환,8262
WorkInProgress,8263
SummerBoyfriend,8264
ShopSmall,8265
MakerForever,8266
Grace,8267
MojoPin,8268
LeGrandBoulversement,8269
patriotes,8270
vk,8271
etp8koi,8272
LiveLifeLarge,8273
DansLeCerveauDunPresqueHétéro,8274
MoiJeSaisQueLumpCestTousPourris,8275
LeTrollDuJour,8276
Prada,8277
GreveDesRoutiers,8278
ReveilDur,8279
İnsan,8280
Hayvan,8281
Psikoloji,8282
Kültür,8283
Eğitim,8284
Cehalet,8285
Şiddet,8286
Cofidis,8287
onestpasseracotedupire,8288
ENFLURE,8289
JourJ,8290
MondayMotivation,8291
CONNARD,8292
sickday,8293
Science,8294
LeGorafi,8295
TwittHumaDirect,8296
DALSNanterre,8297
This,8298
Game,8299
Basketball,8300
MLKDay,8301
Enfin,8302
plusquedegouter,8303
seiche,8304
expostion,8305
exhibition,8306
Graphisme,8307
Publicitaire,8308
Pink,8309
Hungry,8310
LaVieEstTropTropInjuste,8311
Attention,8312
jan,8313
cop21,8314
exposition,8315
yummy,8316
mobilisationcitoyenne,8317
18ans,8318
parenting,8319
toddlerproblems,8320
germs,8321
JustWatched,8322
Empire,8323
faispasdevideotesvilaindeouf,8324
Baymax,8325
LesNouveauxHéros,8326
jdcjdr,8327
kar,8328
ирония,8329
BuSaatteTekİsteğim,8330
Selfie,8331
Kitten,8332
Relaxed,8333
Monday,8334
Cocooning,8335
Orleans,8336
Margaux,8337
bourges,8338
infotrafic,8339
LeSilenceImposéParLesImbeciles,8340
provoscopie,8341
fond,8342
placerenlunes,8343
CHA2F,8344
freerider,8345
hommelibre,8346
granola,8347
FollowTheFlo,8348
5degrés,8349
jaifroid,8350
lejusteprix,8351
tesson,8352
support81,8353
ride,8354
harleydavidson,8355
nolimits,8356
hellangelsparis,8357
WTTMS,8358
Impatiente,8359
NotreAnge,8360
Suresnes,8361
ski,8362
superG,8363
Thatlou,8364
niallhoransecretgirlfriend,8365
LaReprise,8366
médecins,8367
HONTEUX,8368
OMEAG,8369
découverteidf,8370
mediocre,8371
climat,8372
meteo,8373
PrettyLittleLiars,8374
survey,8375
use,8376
djibril,8377
puff,8378
weekendeasysheguey,8379
ShawnsFirstAlbum,8380
Team234,8381
TeamDz,8382
angers,8383
Crs,8384
flic,8385
ledodocestlavie,8386
hashtaggs,8387
GymTime,8388
TRX,8389
businessideas,8390
entrepreneurship,8391
journalismetotal,8392
CLE,8393
GEMAPI,8394
SAGE,8395
SMABB,8396
Respecter,8397
andlie,8398
rsca,8399
LoveYouSoMuch,8400
miracle,8401
klout,8402
campingparadis,8403
Merad,8404
Legrandamourtour,8405
TheGirlNextDoor,8406
zeroalternative,8407
FCOAW2,8408
LigneH,8409
racisme,8410
YannBarthes,8411
nfc,8412
tpe,8413
Les12CoupsDeMidi,8414
PapierToilette,8415
ceintre,8416
numerique,8417
cnnum,8418
pitch,8419
ateliers,8420
ettoutcegenredechoses,8421
bonussensation,8422
السنة,8423
الشيعة,8424
تعصب,8425
عنصرية,8426
طائفية,8427
campingcar,8428
classics,8429
flashback,8430
Psy,8431
CandySodaPop,8432
DeejayCD,8433
Izer,8434
Isère,8435
Snowboard,8436
Akhi,8437
LicenceDeDroitEtSciencesEconomiques,8438
beb,8439
autalent,8440
SansBlague,8441
Délinquance,8442
TeamJuve,8443
OnSeFolowLeLundiSansPression,8444
nemederangezpas,8445
connectedtennis,8446
Streetart,8447
Zabou,8448
urbanart,8449
EspritBleu,8450
skibosse,8451
Freestyle,8452
Pantin,8453
taxis,8454
TOUJOURSDANSLEXCES,8455
FunRadioLorraine,8456
Yesterday,8457
kurdish,8458
henna,8459
PlotTwist,8460
Queen,8461
AdamLambert,8462
RIPASHTONSBEARD,8463
QuiEstEncoreCharlie,8464
Hiking,8465
Senderismo,8466
Andorra,8467
المغرب_خط_احمر,8468
volume72,8469
NARUTO,8470
teamZ,8471
Niger,8472
Brassage,8473
Vivreensemble,8474
RegionaliLiguria,8475
Oasis,8476
WhatsTheStoryMorningGlory,8477
TeamPoussin,8478
Scenesdemenage,8479
premiersplans,8480
SNDPE,8481
BlaguedeL,8482
DindonsDeLaFarce,8483
fcb,8484
showcaseparis,8485
kcyshoes,8486
BonusSensation,8487
nostalgie,8488
dakar2015,8489
scandal,8490
Youhou,8491
perm,8492
mini,8493
porncar,8494
Honnête,8495
MontpellierMediterraneeMetropole,8496
noice,8497
honteux,8498
NewNintendo3DS,8499
RaifBadawi,8500
sephora,8501
Erborian,8502
calendar,8503
nénuphar,8504
Sorbonne,8505
LesCanardsAlsaciens,8506
TeamPasIphone,8507
TeamAndroidJellyBean,8508
Formidable,8509
lastretweet,8510
dayofbacblanc,8511
JeKiffeMesYeuxVerts,8512
GlaGlaGla,8513
Websites,8514
Expats,8515
we_love_prophet_mohammad,8516
الا_رسول_الله,8517
E1midi,8518
lne,8519
Kokkinakis,8520
AusOp,8521
UnVoyageSansProblème,8522
RanveerVibering,8523
AsiaCup,8524
TropChoupi,8525
PedroAlmodovar,8526
toddlerism,8527
toddlership,8528
books,8529
reading,8530
Ifistay,8531
Whereshewent,8532
GayleForman,8533
Karoutchi,8534
AnglaisdeCuisine,8535
SoOuest,8536
Hollister,8537
LigaBBVA,8538
vegetarien,8539
ChallengeAccepted,8540
UGC,8541
12h45,8542
signalement,8543
Batman,8544
youknownothingjonsnow,8545
Tchétchénie,8546
Accro,8547
Libye,8548
fumertue,8549
Succession,8550
Etatislamique,8551
MFA2015,8552
PTiTBloG,8553
SEASONS,8554
SPEARS,8555
SkiBosses,8556
dreamteam,8557
SaintDizier,8558
ausopen,8559
POLITIQUE,8560
RetourÀLaRéalité,8561
foryou,8562
partieremise,8563
philosophie,8564
De,8565
Vie,8566
Bougezpourlivg,8567
nspjtt,8568
attualità,8569
PeopleSerie,8570
dataviz,8571
WEF15,8572
WEF16,8573
ETourisme,8574
Startups,8575
Voyage,8576
crimee,8577
AmericanHorrorStoryFreakShow,8578
Isuladamore,8579
wef15,8580
Delacroix,8581
bosses,8582
Kreischberg2015,8583
adidasOriginals,8584
antibes,8585
visitcotedazur,8586
messedeminuit,8587
WalterEgo,8588
JeSuisCanardEnchainé,8589
batb,8590
QuelqueChoseDeSpecial,8591
fitness,8592
eiyolas,8593
whey,8594
caseine,8595
PDM,8596
Washington,8597
Couscous,8598
Morano,8599
sèche,8600
LGBT,8601
Égalité,8602
happybirthday,8603
SMTA2015,8604
Algerieboss,8605
dzpower,8606
ForceaNous,8607
miskineceuxquionpascanal,8608
Peinard,8609
LeRefuge,8610
FrontNational,8611
Encamp,8612
Escudella,8613
naturalhair,8614
Cassos,8615
Gossy,8616
MattGoss,8617
Montpelliérain,8618
NotSureThisIsLegal,8619
ButNeeded,8620
OpenFire,8621
Electionsdepartementales,8622
BestChoice,8623
Tehran,8624
Invalides,8625
pourquoi,8626
soulagée,8627
LaProvinceSexy,8628
Limsa,8629
Soumission,8630
Houellebeq,8631
FH,8632
CANARIPLAY,8633
PerversAttitude,8634
Laundry,8635
separated,8636
colour,8637
traceurban,8638
OnTheRoadAgain,8639
vegeta,8640
dragonballz,8641
dj,8642
djlife,8643
BlueMonday,8644
ComoUnaLunaEnElAgua,8645
NoDejesQueTeLeCuenten,8646
OneTreeHill,8647
crystal,8648
pretty,8649
LaCyberance,8650
chalon,8651
bourgogne,8652
igersbourgogne,8653
StreapTeaseAvecJusteLeChapeau,8654
àpartçatoutvabien,8655
bonneaventure,8656
notreBudget,8657
LaPlagne,8658
CG14,8659
LalsaceCoquinette,8660
TeamScout,8661
rachètetoidesbaskets,8662
LTAssises,8663
Havas,8664
Quaique,8665
teamscout,8666
footing,8667
MadameChat,8668
ModeRegeneree,8669
comics,8670
Marvel,8671
creation,8672
MmeChat,8673
hulk,8674
BlackWidow,8675
shirt,8676
FashionPolice,8677
FashionBlog,8678
CaravaneMobile,8679
CretinesFeministesSocialos,8680
MoiPrésident,8681
Écologie,8682
EELV,8683
LobbyLGBT,8684
ONLR,8685
MariagePourToys,8686
Une,8687
throwbackmidem,8688
snowiscoming,8689
snow,8690
distance,8691
Zen,8692
ASMONACO,8693
TweetsPrécédents,8694
BonneJourneeFwewe,8695
BadSneakers,8696
PointG,8697
Algérie,8698
thon,8699
algues,8700
Banyuls,8701
TheAnswerIsInTheQuestion,8702
HelloRevisions,8703
50NuancesDeGrey,8704
ENA,8705
Salam,8706
5surtoi,8707
directBLM,8708
poire,8709
LillyauCNED,8710
OnSeFolowH24,8711
mademoiselleK,8712
musique,8713
RunningGag,8714
AssassinationClassroom,8715
Storage,8716
Armistice,8717
LePied,8718
CFL,8719
Narbonne,8720
Repainville,8721
AUP,8722
lovinglife,8723
shouldhavewornwellies,8724
HarryStyles,8725
pretemoitameuf,8726
NinebotinParis,8727
gyropode,8728
Mcdo,8729
InstaFood,8730
OhBoy,8731
Gang2Go,8732
comprendraquipourra,8733
TACET,8734
zadistes,8735
Sivens,8736
Team216,8737
Malala,8738
NobelPeacePrize,8739
torticolisday,8740
allezleslions,8741
GHASEN,8742
TeamFCPR,8743
Dh,8744
VoitureBar,8745
bluemonday,8746
fuckingWork,8747
stblaise,8748
paris20,8749
mapalaekzot,8750
Senegal,8751
Ghana,8752
hier,8753
BeliebersDay,8754
Swag,8755
Goldex,8756
Colombia,8757
FiFA15,8758
horrible,8759
Ecolo,8760
Equality,8761
Jealous,8762
Sorry,8763
Saaaaaad,8764
Cobra11,8765
LaVague,8766
YseaFamily,8767
JeSuisAndy,8768
nouvellerepublique,8769
28OcaktaStrazburgdayız,8770
Sapad,8771
MaVieAuBoulot,8772
senegalais,8773
wakhsakhat,8774
coaching,8775
ohbatard,8776
Souvenir,8777
MoisDernier,8778
teamRdc,8779
sportationGoals,8780
traurig,8781
therewillbehaters,8782
TheBoyNextDoor,8783
greves,8784
Bitch,8785
pluschaudquelesoleil,8786
gymnase,8787
LesDeuxMinutesDuPeuple,8788
sentonsnousconcerne,8789
CoeurSurToi,8790
cuisine,8791
Inhac,8792
TA,8793
TraveauAppliqué,8794
pâtisserie,8795
crémedamande,8796
AYO,8797
70ansSPF,8798
Tmtc,8799
BlueJeans,8800
rosherun,8801
Regionales2015,8802
Ghemmour,8803
HollandeDegage,8804
ccvb,8805
TuezMoi,8806
sosh,8807
jesuispasséchezsosh,8808
Whatelse,8809
KevEmmeneNousAuMFA,8810
newpp,8811
proD2,8812
goodnews,8813
3GuerreMondiale,8814
Geneve,8815
ربنا_يستر,8816
nothappy,8817
FuckAzonto,8818
ViveLeMbalakh,8819
ViveBaabaMaal,8820
Can,8821
CuistoLolo,8822
croquissurlecoinducours,8823
tracerequest,8824
Mios,8825
RIPBobSadino,8826
Dvorak,8827
CmRennes,8828
MaintenantLisant,8829
vierge,8830
XFiles,8831
Islamophobie,8832
Hijab,8833
Niqab,8834
Pudeur,8835
FarCry4,8836
Microsoft,8837
HoubaHouba,8838
Flou,8839
Y,8840
snowdiagnosis,8841
WinterForReal,8842
SnowHystery,8843
soyezvulgaire,8844
merde,8845
Babysitting,8846
EtatUnies,8847
UnitedState,8848
antisémitisme,8849
tabou,8850
communistes,8851
RIPGregPlitt,8852
Charo,8853
Skate,8854
Skater,8855
SkaterBoy,8856
Sk8,8857
Vans,8858
Boy,8859
BlackAndWhite,8860
Bex,8861
Vaud,8862
Switzerland,8863
TahiaTounes,8864
DedieABlackM,8865
QuiouteDayPlease,8866
alexane,8867
smile,8868
him,8869
instagood,8870
vengeance,8871
Addiction,8872
fashionblog,8873
blooshop,8874
fuckadobepremierepro,8875
help,8876
Seum,8877
4MPULDM,8878
communautarisme,8879
brevet,8880
Des,8881
LTM,8882
islamisme,8883
surf,8884
dealer,8885
surfing,8886
surferpro,8887
TeamFutsal,8888
EdFFutsal,8889
RennesMétropole,8890
Bis,8891
JeuneUMP,8892
box,8893
teamCoteDivoire,8894
TeamFCB,8895
brigadebocage,8896
Enroutepourles8eme,8897
PartyNextDoor,8898
Incrédulité,8899
enoralesoir,8900
Alps,8901
Alpes,8902
Ski,8903
Montagne,8904
Mountain,8905
Chelsea,8906
ClashDeLaDrague,8907
JeSuisUneBimboCochonne,8908
BonneAnniv,8909
JamesWatt,8910
AC3,8911
teambbeys,8912
teamfatigué,8913
IlluminatiConfirmed,8914
JeMeComprends,8915
TweetLikeLewis,8916
génie,8917
GoodVibe,8918
LookGood,8919
corse,8920
FaitsDivers,8921
ennuimortel,8922
pirequetout,8923
LesMathsCestPasMonTruc,8924
environnement,8925
quellekiff,8926
LeGrandPlateau,8927
NANCY,8928
tranquilité,8929
CumbiaNinja,8930
OnLuiAtropCachéSaConnerie,8931
topartiste,8932
SMS,8933
GouteD,8934
Tenny,8935
tutelle,8936
diligence,8937
4mariagespour1lunedemiel,8938
TeamFollowBack,8939
b,8940
tristan,8941
HopeSo,8942
LesGensQuiFument,8943
fasting,8944
Rivoli,8945
Tuileries,8946
cmRennes,8947
Onn,8948
bescherelle,8949
Onsenbranle,8950
TheBest,8951
IlMioPreferitoUmoristo,8952
RecrutementJoueur,8953
plagiat,8954
genou,8955
tendinite,8956
SUBARU,8957
senegal,8958
MurathanMungan,8959
HrantDink,8960
demission,8961
Kobane,8962
Şengal,8963
DermanYaz4384eGönder,8964
wakemeup,8965
Lacagette,8966
Lacagoal,8967
TeamPassionTheWire,8968
kleenex,8969
LionDeLaTéranga,8970
21ejournée,8971
Taureau,8972
SoiréeGEA,8973
SoiréeDePirate,8974
RENAULT,8975
Laguna,8976
MendozaMonday,8977
TeamKalenji,8978
Bélier,8979
classée17eme,8980
NathanLeserman,8981
plusbellelavie,8982
pblv,8983
meufavecboucheenculdepoule,8984
vivelesvaches,8985
TEAM221,8986
MadeInSweden,8987
Twerk,8988
Margo,8989
TeamFCMetz,8990
CFKAsesina,8991
ImpeachmentDilma,8992
corrupção,8993
Goma,8994
Birere,8995
goal,8996
weekende3jours,8997
Kinshasa,8998
rdc,8999
KematianYangSebentar,9000
eiffeltower,9001
view,9002
toinou,9003
Bireré,9004
RevisionsTime,9005
PartielDeMerde,9006
pyramide,9007
Lemag,9008
quintet,9009
ndamrek,9010
Petrobras,9011
MPF,9012
LavaJato,9013
AbreuELima,9014
corruPTos,9015
refinaria,9016
lamotivation,9017
GastonPams,9018
improvisation,9019
Mercurial,9020
glissade,9021
HauteSaone,9022
HautePatate,9023
Finistère,9024
NRJ12,9025
loi,9026
Argentina,9027
MuerteDeNisman,9028
ArgentinaBleeds,9029
premier,9030
plan,9031
OpenBar,9032
PDS,9033
HungerGames,9034
Neuro,9035
Serpro,9036
hollandatre,9037
JB,9038
yeu,9039
timehop,9040
cmmulhouse,9041
Mockingjay,9042
cinismo,9043
cretinice,9044
disdunmarocain,9045
youssoupha,9046
menacedemort,9047
ArgentinaSangra,9048
follobackinstantly,9049
OnSeFollowCommeDhabAucalme,9050
OnSeFolowback,9051
larevanchedecyril,9052
SingleGirlProblems,9053
lavengeancedecyril,9054
MorteJoseFerreiradeOliveira,9055
Democracia,9056
luto,9057
beautiful,9058
gothic,9059
bhsatek,9060
FaltaTrabalho,9061
Can2015,9062
MaViePassionnante,9063
Tesson,9064
SoNiceTweet,9065
specialDrone06,9066
HiHotel,9067
lemaillonfaible,9068
tunsie,9069
LeRidiculeNeTuePas,9070
ImAsexyBoy,9071
teampsg,9072
ldc,9073
PyraCuite,9074
Scandale,9075
Exodus,9076
MimiLaGaffe,9077
WinterClassic,9078
Habs,9079
Bruins,9080
BeatTheBruins,9081
JeSuisFatiguééée,9082
HappyBeliebersDay,9083
Jeffrey,9084
Motivation,9085
PasDexcuse,9086
MimiLaFrileuse,9087
SoldesKDO,9088
SMSTesMonCrush,9089
girlpower,9090
lavengeancedeciril,9091
Enleeeegér,9092
SENGHA,9093
seinesaintdenis,9094
pcod,9095
boyfriend,9096
alex,9097
instamoment,9098
laugh,9099
LaVengeanceDeCyril,9100
AdidasSuperstar,9101
begood,9102
begreat,9103
techdaysadeccotraining,9104
fifatime,9105
fraude,9106
PasPlusPetê,9107
Delicious,9108
India,9109
dinnertime,9110
DelhiBelhi,9111
chickentikkamasala,9112
chickenmango,9113
Hips,9114
Newpp,9115
désamour,9116
opéra,9117
pulledpork,9118
SansFiltre,9119
PontDePierre,9120
beautybox,9121
Birchbox,9122
DAKAR,9123
LION,9124
supporters,9125
Sherlock,9126
pasdexcuse,9127
veste,9128
DKR,9129
star,9130
ProD2,9131
youhouuuuuuu,9132
VictoriaSecret,9133
BabaJeTaime,9134
PubTv,9135
ajustement,9136
avoir,9137
Article,9138
hashtagalacon,9139
sherlock,9140
AFP70,9141
Septahuit,9142
problem,9143
dance,9144
LaVengeancedeCyril,9145
onesttousabout,9146
petagedecable,9147
bebeK1,9148
gambardella,9149
ALGERIE,9150
CaptainHook,9151
myman,9152
vacancesentrefrates2,9153
CMG,9154
d8,9155
TEAMCR7,9156
ModithePM,9157
Bedi4CM,9158
70ans,9159
Gorafi,9160
supelecnum,9161
g9plus,9162
CNIL,9163
HappyBirthdayEsra,9164
LaThéBox,9165
Secret,9166
Sheherazade,9167
HIMYB,9168
MFF2015,9169
BureauPatron,9170
3months,9171
Fennecs,9172
AlgerieMonAmourAlgeriePourToujours,9173
CMRennes,9174
ViviEnFolie,9175
inadmissible,9176
JeVeuxAllerATignesAvecCauet,9177
Tgv,9178
Eglantine,9179
Drone06,9180
4peoples,9181
CheckmateAAP,9182
TimeToShower,9183
LPDLP,9184
UG,9185
TeamLesSeulsMessagesQueJeRecoientSontCeuxDeMaMereOuMonOperateur,9186
emploi,9187
deljarry,9188
maindron,9189
HtTropLong,9190
VieDeMerde,9191
angrybirds,9192
nikonfilmfestival,9193
enamarre,9194
Panard,9195
ruquier,9196
StarsSousHypnose,9197
marinedelterme,9198
AliceNevers,9199
Survey,9200
StartUp,9201
Chérif,9202
UDI,9203
TeamXboxOne,9204
openallwinter,9205
Canada,9206
révolution,9207
michto,9208
NEmily,9209
BasketballTime,9210
beINSPORTS,9211
ES1,9212
SaintMichel,9213
LaSeine,9214
igersParis,9215
fontaine,9216
anerie,9217
facholand,9218
OMG,9219
Enora,9220
Camille,9221
Cyril,9222
UDIoff,9223
rando,9224
alone,9225
LenaRaconteSaLife,9226
5fruitslegume,9227
DresséParUn3Ans,9228
Stapsien,9229
ParisX,9230
UPX,9231
UPOND,9232
Athlétisme,9233
ALSOC,9234
l2,9235
findelacagne,9236
AnalyseEs,9237
Bein3,9238
BabaNoel,9239
rentré,9240
training,9241
reebok,9242
reebokfr,9243
dter,9244
newbalance,9245
Voeux2015,9246
Siannalicante,9247
Slimani,9248
mskna,9249
next,9250
flipagram,9251
Pogo,9252
Un,9253
hihi,9254
hatehatehate,9255
AvecLeBébé,9256
healthylife,9257
pape,9258
Hard,9259
Naruto,9260
sudVendée,9261
cecile,9262
TeamFennec,9263
LFC,9264
Runtastic,9265
PushUp,9266
ATP,9267
MasterSeries,9268
MonteCarlo,9269
MZ,9270
helpUs,9271
surpoids,9272
edf,9273
legrandjournal,9274
lgl,9275
ShegueyVara,9276
LesGérard,9277
CeuxQuiSontNesEn2000,9278
TheBestHumoriste,9279
etcestpasunmytho,9280
paris13,9281
instacool,9282
loveparis,9283
TeamCapucine,9284
msn,9285
AmaZAYN,9286
OnSeMotive,9287
undicesima,9288
lovedistrict,9289
judo,9290
FiftyShadesOfGrey,9291
VOLEEEEUR,9292
randonnée,9293
hiking,9294
huffpostgram,9295
wu_france,9296
worldunion,9297
JudoTime,9298
Questions3,9299
fairedelapolitiqueautrement,9300
OnTheRoadAgainTour,9301
CelineDionEffect,9302
AmourDeMaVie,9303
MadClown,9304
seunghoon,9305
hiphopbabylion,9306
mcm,9307
ManCrushMonday,9308
mancrusheverydamnday,9309
cestlaquestion,9310
cervezamojitocuentaporfavor,9311
ParisFounders,9312
fantasticmonday,9313
FriendsForEver,9314
Piketty,9315
Poissons,9316
AllezLesVerts,9317
KCUndercover,9318
frate,9319
Nosecondchance,9320
TuSerasBienvenuChezMoi,9321
yelpeurs,9322
disquette,9323
ReadShare,9324
campaign,9325
ad,9326
cavous,9327
glose,9328
OlympiqueDeMarseille,9329
VirageSud,9330
Tifo,9331
Leader,9332
Derby,9333
ecnEHESS,9334
lesqxa,9335
teamDz,9336
TahiaDz,9337
parisfounders,9338
lakanal,9339
highschool,9340
AllezLesFenecs,9341
Eminem,9342
teamfossettes,9343
teambrunes,9344
20H,9345
suicidegirls,9346
époque,9347
glacière,9348
Poissy,9349
syrisa,9350
synagogue,9351
modiano,9352
BediSarkar,9353
HelpGod,9354
AuSecours,9355
NwPp,9356
Congo,9357
JeanLouisMissika,9358
banniere,9359
SigneBalance,9360
onvpsm,9361
débats,9362
politiques,9363
actualités,9364
21h10,9365
ZenithToulouse,9366
quentinsetweetnestpasvisé,9367
AlgAfs,9368
EmpruntsToxique,9369
Asnieres,9370
theatredelaville,9371
patrickmodiano,9372
EmpruntsToxiques,9373
impots,9374
MonTrésor,9375
MesCouillesSontVides,9376
PhraseCulte,9377
20h,9378
MoiJaiUnCulPitiBurger,9379
WorldCloud,9380
Caricatures,9381
20Heures,9382
orleans,9383
20hFoot,9384
youlovewords,9385
MKLDay,9386
BBallAllnightLong,9387
Mensonge,9388
70ansAFP,9389
Barcelone,9390
DAY1,9391
Zeniter,9392
pressfreedom,9393
KPSSyiKaldırYandaşıDoldur,9394
limsa,9395
peteunplomb,9396
impeccable,9397
LaBourse,9398
AFP70Years,9399
AFP70ans,9400
leperugin,9401
mariemadeleine,9402
idole,9403
EspritLegendaire,9404
BafanaBafana,9405
MercatoFCGB,9406
tchetchenie,9407
LaSeanceRugby,9408
Iphone,9409
Games,9410
OnSeFollowEntreAlgeriens,9411
propagande,9412
EtDireQueCeProphèteEstAmour,9413
remix,9414
DimehHendrix,9415
TeamFévrier,9416
cool,9417
renew,9418
toscane,9419
GrosKiff,9420
Fashion,9421
lpj,9422
GleeFirstListen,9423
DébatPeluches,9424
AnniversaireDeMaMaman,9425
lolobaffie,9426
Cyrilhanouna,9427
HollandeDémission,9428
HistoireDeMaVie,9429
PrendÇaDansTaGueule,9430
PellerinDémission,9431
MACTYER,9432
Muscu,9433
chaudièredemerde,9434
JeBalanceUneRumeurSurRabah,9435
Mactyersurskyrock,9436
KidsVoice,9437
AsapYams,9438
pilot,9439
black,9440
and,9441
white,9442
deauville,9443
l4l,9444
GU,9445
Danse,9446
Krump,9447
comfortfood,9448
sogood,9449
nutellaforever,9450
LAOS,9451
MACTYERSURSKYROCK,9452
énergie,9453
datacenter,9454
Pazudora,9455
JamaisSansMaBouteilleDAbsolutVodka,9456
OnAuraToutVu,9457
ComprendraQuiVoudras,9458
bouillet,9459
musiquelibre,9460
prêt,9461
médiathèque,9462
Jarny,9463
SmartCities,9464
guigui,9465
mylove,9466
dz,9467
algerie,9468
elkhedra,9469
foxsucks,9470
MauvaiseIdée,9471
Gpasltemps,9472
pasdemailcettefoisci,9473
Samhini,9474
veep,9475
TeamTimideMoi,9476
Yoda,9477
ChicagoPD,9478
1x13,9479
Lucenzo,9480
SoireeCastle,9481
MSF2013,9482
GreenDay,9483
ThirtySecondstoMars,9484
Ruquier,9485
Sephora,9486
Mask,9487
FiberMask,9488
Energizing,9489
Flyers,9490
SuperNanny,9491
MeetingSyriza,9492
devinette,9493
thankyou,9494
foxnews,9495
plusmoderne,9496
jeunesse,9497
Souvenirs,9498
alerterouge,9499
animalcruelty,9500
syriza,9501
Bellecour,9502
QuestionDeOuf,9503
algafs,9504
lepetitjournal,9505
verifietessourcesconnard,9506
gaïndés,9507
TeamALG,9508
Crimes,9509
TesPasAlgerien,9510
teamManipradio,9511
TAKEN,9512
Noise,9513
Toys,9514
laflechedor,9515
dayone,9516
Baccarat,9517
CatherineEtLiliane,9518
Galerie,9519
peinture,9520
monde,9521
artiste,9522
confessionnight,9523
looserie,9524
parisinlive,9525
ZoneNight,9526
electro,9527
ThereWillBeHaters,9528
EVEWBA,9529
ASNLUSO,9530
bacblanc,9531
gamine,9532
daylight,9533
taken,9534
FrenchStartup,9535
BigData,9536
Software,9537
GrosVent,9538
lesinformes,9539
finkelkraut,9540
CampingParadis,9541
NBABallot,9542
Naked,9543
UrbanDecay,9544
TheJoker,9545
Vouslesmecs,9546
RTT,9547
sick,9548
TSTMG,9549
NoGoZone,9550
Taken1,9551
ufc,9552
AïeOuïeBeurk,9553
SoiréeCastle,9554
allumeuses,9555
ONPDP,9556
koran,9557
sondages,9558
JonathanRhysMeyers,9559
charrues,9560
ThéVert,9561
MasqueVisage,9562
AfriqueDuSud,9563
sallecomble,9564
LaPPAntiFroid,9565
RechercheDePP,9566
SG,9567
LesFreresScott,9568
BitchTouch,9569
4YearsOfShawnMendes,9570
Sardou,9571
sousleau,9572
event,9573
DirectLive,9574
SHAWNSFIRSTHEADLINES,9575
AsterixAuxJO,9576
GoSIG,9577
Castle,9578
ozanaBaLarmes,9579
ExpelledMovie,9580
liamneeson,9581
AFS,9582
ShawnsFirstHeadlines,9583
StalkTime,9584
yes,9585
alg,9586
ALG,9587
corporatemeeting,9588
Interracial,9589
Gay,9590
Action,9591
television,9592
fanzone,9593
Woerth,9594
bestmoment,9595
coulisse,9596
Anglais,9597
BacBlanc,9598
TeamValkubus,9599
savefrancis,9600
AlgAls,9601
Jechangedesite,9602
ALGRSA,9603
phrase,9604
mythique,9605
Allumeuses,9606
caddie,9607
MétéoFrance,9608
HauteNormandie,9609
Make,9610
theairboard,9611
replay,9612
LOVE,9613
RedWine,9614
Ghoulam,9615
LetGreeceBreathe,9616
FollowMeConceptBen,9617
Choutitude,9618
touchee,9619
Maman,9620
TeamNk,9621
teamdz,9622
Dodo,9623
paradis,9624
enfers,9625
preparation,9626
region,9627
objectifs,9628
Swimming,9629
aljazira,9630
cup2015,9631
sorcier,9632
BloquerTellementPlusFacile,9633
LesVerts,9634
mondial2015,9635
Freebox,9636
freebox,9637
PSGCHELSEA,9638
LeclercMobile,9639
ForfaitRéglo,9640
EuroRennes,9641
H,9642
xboxone,9643
teamUSO,9644
Directioner,9645
FDJ,9646
Looking,9647
FuckYeah,9648
GayMonday,9649
Canal,9650
LaProcrastinationAuTop,9651
ShawnInFrance,9652
logique,9653
TerresDeFrance,9654
VotreAlsace,9655
lpdla,9656
jacobcometo,9657
fangirling,9658
fangirl,9659
groupiasseaussiallez,9660
Toulousain,9661
كاس_امم_افريقيا,9662
TarifMarocain,9663
Daylight,9664
PasTaper,9665
Davos,9666
EtOnTaimeCommeÇa,9667
Scoop,9668
Coeur,9669
nerveux,9670
captivant,9671
vrai,9672
Hollytwo,9673
rock,9674
truelove,9675
InstantMachoEtMisogyneDuLundi,9676
TN,9677
reinedumuguet2015,9678
onsefolowentrealgeriens,9679
AFDS,9680
MLKday,9681
mafiosa,9682
RebelHeart,9683
Cruche,9684
CheerUp,9685
كلنا_الجزائر,9686
postbadfriendship,9687
goals,9688
BenjaminClementine,9689
jourdefete,9690
jacquestati,9691
berry,9692
Amandine,9693
NouvellePP,9694
justsaying,9695
SiMonEx,9696
coeursurmescousinsquimemanquent,9697
coeursurmonchéri,9698
Juju,9699
TropheesDesSports,9700
Jack,9701
Classe,9702
lequipe21,9703
FTW,9704
BOSLAC,9705
LesMeilleursMerciPourCeMatchParfait,9706
CristianoRonaldoEnOr,9707
TweetAttrapeAlgerienne,9708
123VivaAlgerie,9709
Rush,9710
FeelingHigh,9711
bienmanger,9712
faitmaison,9713
saisons,9714
JaiChaud,9715
كأس_آسيا,9716
ALGADS,9717
hartaberfair,9718
poem,9719
Aoste,9720
végétarien,9721
NRV,9722
teamthugs,9723
BattuAPlateCouture,9724
jeMincline,9725
Leica,9726
TEAM223,9727
TEAM224,9728
Algeria,9729
spakinota,9730
volontariat2014,9731
20Janvier2015,9732
Unbroken,9733
jolie,9734
leolux,9735
gluten,9736
lifestyle,9737
galaxyguardan,9738
ParlonsBasket,9739
snobisme,9740
LesPetitsPrinces,9741
assomer,9742
Réceptionniste,9743
reso,9744
1eMatchEtVictoirePourLesVerts,9745
213CLAN,9746
rox,9747
biscuits,9748
snob,9749
Rosé,9750
supermario,9751
galaxyguardians,9752
FetishDay,9753
LoveDay,9754
MadDay,9755
MyDay,9756
MLS,9757
Brahimi,9758
GirlTribuByShanna,9759
asm,9760
DagheMunegu,9761
Falcao,9762
abidal,9763
Carvalho,9764
Migraines,9765
nomakeup,9766
plus,9767
Truth,9768
Boston,9769
Clippers,9770
Nba,9771
Bein,9772
Squat,9773
SeulsLesVraisSavent,9774
pff,9775
pasdamalgame,9776
JAPD,9777
TEAMJUL,9778
c,9779
BigBangTheory,9780
شجع_الجزائر,9781
BroadchurchReturns,9782
jesuismonaco,9783
MoussaSow,9784
Taider,9785
lrr,9786
TwitterBaiseFacebook,9787
KurokoNoBasket,9788
thinguyspower,9789
autop,9790
babyfoot,9791
YouKnowBest,9792
MaggieGrace,9793
RtlInfo13H,9794
lapulperia,9795
argentine,9796
now,9797
denzelwashington,9798
qualityTV,9799
ColdWater,9800
choc,9801
cruel,9802
camp,9803
redressement,9804
TimeToSleep,9805
nighfever,9806
allnighter,9807
ne,9808
NE,9809
quebec,9810
JeNeMeTairaiPlus,9811
Rêveries,9812
yetim,9813
KimseYokMu,9814
TeamKendji,9815
tagged,9816
TennyEnTTEncore,9817
JeTAime,9818
Belgium,9819
Coupines,9820
U17F,9821
LifeGoals,9822
Déprimedusoir,9823
Bonsoir,9824
18hpol,9825
disney,9826
PeterPan,9827
TheBigBangTheory,9828
thesimpsons,9829
pro7,9830
oups,9831
quenottefail,9832
Décompréssion,9833
TGW,9834
NouveauDepart,9835
blaguedujour,9836
ThéorieDuComplot,9837
SoCute,9838
suceplesse,9839
TheVamps5SOSPartyPH,9840
5SOSBestFans2015,9841
FromParisWithLove,9842
AhMaisAhMaisOui,9843
CriksFamilyEmpire,9844
athée,9845
OLFCN,9846
catfish,9847
ID8122153,9848
paysan,9849
WinterIsHere,9850
BigHop,9851
Zlatan,9852
S2E1,9853
Geniaaaaal,9854
VousMeFaitePEUR,9855
curatelle,9856
TerraIncognita,9857
JeSuisLionDeLaTeranga,9858
Embarassante,9859
JeSuisM,9860
HTPodcast,9861
nature,9862
Pyrénées,9863
waw,9864
Impossible,9865
LuciditéYonique,9866
Punition,9867
floppydisk,9868
ParalysieVaginale,9869
souvenirde2014,9870
CM2014,9871
Closer,9872
TweetVise,9873
MissIsraël,9874
Deneuve,9875
Frey,9876
contraception,9877
BigUpAToiMyMen,9878
NeMeQuittePas,9879
JacquesBrel,9880
IceSkating,9881
HôteldeVille,9882
CoAnimatrice,9883
nicolincruste,9884
MaisQuiEstIlVraiment,9885
MLKDay2015,9886
ScreamQueens,9887
ArianaGrande,9888
Leamichele,9889
IdontlikeMondays,9890
tellmewhy,9891
Blog,9892
saison,9893
lectures,9894
portugal,9895
lisboa,9896
fantastOques,9897
JeSors,9898
AlgérieBossDeChezBoss,9899
Rock,9900
IlSeReconnaitra,9901
BrunoLeMaire,9902
MissionInutile,9903
CSPNATION,9904
BitchTrippin,9905
FairyTail416,9906
WhyGodWhy,9907
broFeels,9908
ClownDuFoot,9909
HilarySwank,9910
BruceJenner,9911
Surgery,9912
NuitChiante,9913
Anouar,9914
Campagne,9915
ReseauDeMerde,9916
OletaAdams,9917
Music,9918
HP1,9919
Bangui,9920
humanitaire,9921
NASHSNEWVIDEO,9922
OTF,9923
RCA,9924
AskJames,9925
grossemerde,9926
sadek,9927
FootballCircus,9928
CanalPlus,9929
Mentalist,9930
LittleVoices,9931
Mirror,9932
SSR,9933
Danakil,9934
cinéAlès,9935
papooz,9936
Paradisco,9937
TheGrooveIsBack,9938
lunatiqueforever,9939
HumourSubtil,9940
Lecture,9941
KISS,9942
japd,9943
Handicap,9944
éducation,9945
Violence,9946
DZ2014,9947
BienVu,9948
ShowCase,9949
OFFLIAM,9950
AtlantaDetroit,9951
ShootPourDuBeurre,9952
MOZD,9953
foreveralone,9954
NonStop,9955
Offpourdevrai,9956
scemu,9957
tontu,9958
cherieteslemeilleur,9959
Team,9960
TeamLeBelge,9961
TeamSamsung,9962
TeamHuawei,9963
NYPD,9964
Abudhabi,9965
TOMDaley,9966
seriously,9967
thèse,9968
assp,9969
NewYorkUnitéSpéciale,9970
USV,9971
NewYorkUnitéSpecial,9972
TiteDédi,9973
TiteTruffe,9974
merkel,9975
carabin,9976
Boucherie,9977
Déception,9978
SNL,9979
Oratoriens,9980
macadamia,9981
eatingdisorder,9982
Suri,9983
JohnS,9984
BlacKeysSuperGrain,9985
2018InchallahLeChangement,9986
PerfectAss,9987
loide2007,9988
flutes,9989
CelticsNation,9990
KingOfTheTruffe,9991
Truffarde,9992
Truffos,9993
comeonclippers,9994
LAC,9995
fragilitéassumée,9996
neverForget,9997
LePicDeDante,9998
TeamGrizi,9999
griezmann,10000
TheEnd,10001
HeartOfGold,10002
CestMignoooooon,10003
caroleqool,10004
PicouimAuCalme,10005
PicouimQuiDort,10006
PicouimPrésident,10007
OHCON,10008
hawken,10009
pfw,10010
TeamNorine,10011
TahiaNorine,10012
NorineLaBg,10013
NorineMissIleMaurice,10014
PicouimÀLÉcoleDesSorciers,10015
ciao,10016
pdm,10017
cdm,10018
provocare,10019
ParionsSports,10020
TEAMCHOCOLATINE,10021
lachauxnotreamour,10022
LaPatrie,10023
LaChauxCestBeau,10024
france4,10025
LaHonte,10026
PicouimLePoète,10027
lameilleuredelannée,10028
RW14,10029
Albarn,10030
Carabins,10031
salledegarde,10032
Fresque,10033
BestActress,10034
CriticsChoice,10035
TalentPhoto,10036
3mondays,10037
Fatigue,10038
LogOutYaPhone,10039
repassage,10040
Malaga,10041
AlacranJoke,10042
imagededeuxvictoires,10043
lequipe,10044
crazygirl,10045
jedorsplus,10046
jevieplus,10047
jefaislamythoentravaillantquandjesuisKO,10048
ladanseaprisledessus,10049
Globalization,10050
vika2015,10051
NiqueTout,10052
Jplus1,10053
Jplusun,10054
PennyDreadful,10055
S2E2,10056
TeamSiTuMeDitPasQueTuMaimeJeferaisCommeSiCetaitPasLeCas,10057
ЯВаня,10058
Belfodil,10059
Grincheux,10060
mais,10061
Tellement,10062
Mignon,10063
motherrussia,10064
mashaandrianova,10065
da,10066
niet,10067
belle,10068
psg,10069
ParisSG,10070
girafe,10071
Belgique,10072
medias,10073
lbfl,10074
NewYorkUniteSpeciale,10075
BsAires,10076
NarutoShippuden,10077
Gaara,10078
poser,10079
CaroleQool,10080
COPSLesForcesDuDesordre,10081
GrandSoir3,10082
PMUStyle,10083
mestancantando,10084
PatrickModiano,10085
TweetDeMitoVieux,10086
pz,10087
soon,10088
offffffffff,10089
CTypePlate,10090
Küreselleşme,10091
Nexus5,10092
PlusQuaFaireMieux,10093
imdead,10094
eolien,10095
ToutSaufLeMensonge,10096
NiPardonNiOubli,10097
Cazarre,10098
ConfessiondeMedissy,10099
Offlama,10100
jacobtosarahssweet16,10101
JKSimmons,10102
TheLegendOfKorra,10103
PrettyCool,10104
태민,10105
TVDS6,10106
Medium,10107
LoveYouBabe,10108
CongolaisFragile,10109
bormes2014,10110
Brésil,10111
CoupeDuMonde,10112
Corcovado,10113
Christ,10114
beausjokes,10115
Wild,10116
hyperconvergence,10117
SyndicatMixte,10118
lacvsbos,10119
USQuevilly,10120
LesNuls,10121
AlainChabat,10122
noooon,10123
WesleyMoreFriendsMonday,10124
Roots,10125
MakeAWish,10126
LivinTheLife,10127
Pyramide,10128
LeLouvre,10129
musée,10130
hipstalife,10131
hipstatrip,10132
hipstadream,10133
hipstamatic,10134
ChallengeSéries2015,10135
LiveJEGO,10136
Poetry,10137
NdoleRadio,10138
Nightcrawler,10139
MANAA,10140
forumblanc,10141
skiffe,10142
blackandwhite,10143
hiptographers,10144
Momi,10145
vtep,10146
Bruselas,10147
Brujas,10148
Belgica,10149
bonappetit,10150
GeniuSPower,10151
FRACZE,10152
tweetvise,10153
3DaysToGoKianAndJc,10154
JalletBallonDor,10155
Buren,10156
Column,10157
PalaisRoyal,10158
Riverside,10159
FreeRaif,10160
team,10161
Columns,10162
SOCvsSCO,10163
TeamSOC,10164
MeAlex,10165
ضد_الاساءة_للرسول,10166
Touche_Pas_A_Mon_Prophete,10167
sinon,10168
Crossing,10169
bridge,10170
pont,10171
Terrasser,10172
Jamais,10173
drôledevie,10174
millionnaire,10175
Uptobox,10176
11Janvier,10177
poufiassezer,10178
WeAreThe90s,10179
Dwayne,10180
PleaseDontJudgeMe,10181
Anepasmanquer,10182
Enemy,10183
Saltimbanque,10184
TuTesFaitTaclerParTaGrandMère,10185
tattoo,10186
Rappel,10187
Dieudonne,10188
cdenquete,10189
Témon,10190
AryAbittanLeOuf,10191
Zedd,10192
STKSession,10193
myfridaynights,10194
pianiste,10195
aucalme,10196
Schubert,10197
serenade,10198
PS3,10199
ado,10200
TalkShoam,10201
pascoordonnée,10202
Alexis,10203
Sanchez,10204
COYG,10205
Chile,10206
Monster,10207
Machine,10208
AlfredHitchcock,10209
shiny,10210
Rof,10211
parisderniere,10212
teamusvb,10213
Cetelem,10214
ParisPremiere,10215
ParisDerniere,10216
Mythique,10217
StkSession,10218
TeamFrangipane,10219
FaitTournerSiTEsTeamFrangipane,10220
RyuichiSakamoto,10221
Mozart,10222
lacrimosa,10223
inJurious,10224
LeBoutonDeWorkHardPlay_H,10225
STMG,10226
PhotoMime,10227
Aklim,10228
Orda,10229
HayalKurmak,10230
Degisiklilik,10231
été2015,10232
Bio,10233
R5,10234
ASMFCN,10235
MauvaisBail,10236
mitchies,10237
proudofshay,10238
Gyselle,10239
SamuelBeckett,10240
RomainPointeur,10241
casedepart,10242
boostbirhakeim,10243
balaye,10244
Hortefeux,10245
CastingPub,10246
Réelle,10247
Histoire,10248
Lz,10249
Eiffel,10250
MomentsKto,10251
notairesencolere,10252
AcademyAwards,10253
pittiuomo2015,10254
AlexHolttiTo200K,10255
partyfun,10256
Melun,10257
Montaig,10258
29Clan,10259
RipBabyGirl,10260
180degrés,10261
Acquis,10262
MeilleurSaut,10263
Brook,10264
fdg,10265
çafaitplaisir,10266
eelv,10267
Unlock5HWorthIt,10268
JeVeuxDormir,10269
offf,10270
GRAVE,10271
casino,10272
fauxespoir,10273
clarity,10274
ZaraHomme,10275
LeKiffe,10276
PhilosophieMagazine,10277
LEnfertCestLesAutres,10278
ThomasFriedman,10279
UnitedStates,10280
Swaggy,10281
superfruit,10282
trainingforStJude,10283
fbf,10284
FlashbackFriday,10285
Chopin,10286
ÉdithPiaf,10287
FatigueExtremeActe2,10288
BerthomLyon,10289
ChristianoVoice,10290
MusicBiz,10291
Vinyls,10292
onfaitquoimaintenant,10293
loss,10294
thisweek,10295
Maroon5sugar,10296
LSKAM,10297
KKM,10298
BeatGSW,10299
OffCTE,10300
fallonmono,10301
TeamWarriors,10302
NBAFRIDAYS,10303
JemimAnniv,10304
Onfire,10305
Kush,10306
shutup,10307
JemBirthday,10308
nainablabla,10309
Oscar,10310
sperme,10311
DyingLight,10312
tribegram,10313
youmustsee,10314
nosleep,10315
VieDeBasketteur,10316
veryhappykaty,10317
sale,10318
maperteissoon,10319
PasionProhibida,10320
Klaine,10321
marre,10322
Oscars2015,10323
Oscars,10324
BirdmanMovie,10325
TGBH,10326
qotd,10327
Showtime,10328
doesn,10329
sleep,10330
mybeloved,10331
ones,10332
soirée,10333
deouff,10334
chéris,10335
SOS,10336
fav,10337
COAC2015P1,10338
BritneySpears,10339
Pistons,10340
rude,10341
PhilippeVal,10342
Warriors,10343
team974,10344
Nbaextra,10345
SMSJeSuisEnceinte,10346
AmazingDurant,10347
Thunder,10348
GTAV,10349
GTAonline,10350
LosSantos,10351
crew,10352
FoxHound,10353
WeAreThunder,10354
nerdz,10355
AfricanLiterature,10356
headhearthandshealth,10357
ifyoudontknowthenwecantbefriends,10358
NewWorldSound,10359
HighClub,10360
hdg,10361
BallonDOr2014,10362
BallondOr,10363
CristianOROnaldo,10364
hypocrite,10365
polevault,10366
compet,10367
Britney,10368
BringTheAction,10369
YellowPower,10370
Yellow,10371
Jaune,10372
InVinoVeritas,10373
soiréelyonnaise,10374
TaubiraDémission,10375
VallaudBelkacemDémission,10376
Aaliyahsbirthday,10377
OneInAMillion,10378
leweekend,10379
atlast,10380
LeTouquet,10381
monochrome,10382
instablackandwhite,10383
ur,10384
undergroundresistance,10385
mplant,10386
PopeFrancisPH,10387
FCLLOSC,10388
TeamFCL,10389
investEU,10390
Caturday,10391
sitisiti,10392
ok,10393
bouhou,10394
BlessedByThePope,10395
expertjudiciaire,10396
expertassurance,10397
Early,10398
Sleepy,10399
etc,10400
moutons,10401
wifi,10402
uk,10403
tech,10404
Smash4,10405
allerFCL,10406
Platine,10407
promo,10408
PROFS,10409
DSdeMaths,10410
YudiFox,10411
CIPFleuret,10412
GR,10413
ASCU,10414
fragilité,10415
BOCCATUMASGINESCA,10416
MacGeneration,10417
BacBlancDeMerde,10418
flame,10419
jdpfcpe,10420
PalaisdesNations,10421
Milano,10422
GardeLaPeche,10423
apero,10424
scared,10425
musculation,10426
OrangeIsTheNewBlack,10427
bartonestderetour,10428
HappyBirthdayAaliyah,10429
HappyBirthdayBabyGirl,10430
WorldAgainstBarbarism,10431
Frechtech,10432
repos,10433
devoir,10434
pote,10435
JeSuisCon,10436
OnSeFolowLeDimancheSansPression,10437
GameDay,10438
Gollum,10439
OnSeFolowLeSamediSansPression,10440
entetanteReflexion,10441
Musique,10442
SymphonyNow,10443
ORCPACA,10444
FinDeLhistoire,10445
Permis,10446
Saturday,10447
nap,10448
Afteeeeeer,10449
mercilescopains,10450
teamhistorien,10451
veuxdormir,10452
5daysUntilTVD611,10453
lovers,10454
pussycat,10455
princess,10456
dtr,10457
tontongentil,10458
TeamPorto,10459
merciBisou,10460
heaters,10461
garedelEst,10462
Mes9dernieresPhotos,10463
philarmoniedeParis,10464
deviseDuMatin,10465
OKCvsGS,10466
PCD,10467
région,10468
rhonealpes,10469
tag,10470
fievre,10471
boost,10472
kusmi,10473
oropolis,10474
humex,10475
nesquik,10476
LastLastRt,10477
Thalassa,10478
Irremplaçable,10479
vins,10480
gamay,10481
ChâteauDeVersailles,10482
BePositive,10483
Schachzug,10484
Yes,10485
vigne,10486
RafSimons,10487
PittiUomo,10488
brevets,10489
datagueule,10490
ICC,10491
hand,10492
Sky,10493
FCSMACA,10494
TeamJauneEtBleu,10495
laffairesk1,10496
PosteDeSurveillance,10497
TaGrandMère,10498
coeursureux,10499
europe2015,10500
Archery,10501
ketchup,10502
SportPassion,10503
VoltigeTime,10504
Horse,10505
LePosteDeSurveillance,10506
Paris10,10507
HDE,10508
ETI,10509
Ambitions,10510
Entrepreneurs,10511
TelAviv,10512
Jerusalem,10513
FCGBOGCN,10514
BougezpourlIVG,10515
lesvraies,10516
teamwinners,10517
RachidNekkaz,10518
drinkscharityfantasyleague,10519
jehuuuuurle,10520
pudesouffle,10521
HarryPotter,10522
honha,10523
Mobilisation,10524
Logement,10525
transport,10526
TheWeeknd,10527
monstre,10528
CoursDiderot,10529
BRITEDSHEERAN,10530
RCLOL,10531
gameday,10532
Pêche,10533
FFPML,10534
FNPF,10535
CNPL,10536
SpeakerAnimateur,10537
AustraliaDay,10538
TripleDouble,10539
takeiteasy,10540
CoupeConfluence,10541
Voldemort,10542
sgdb,10543
rerc,10544
PointMétéo,10545
nostalgique,10546
OVSG,10547
CDauxGT,10548
CarambarPourTous,10549
Onnnnnnnn,10550
Wipt,10551
Gambardella,10552
RhoneAlpes,10553
laplusbelleregion,10554
Home,10555
enterrement,10556
GoogleAlerts,10557
TuMasDonnéEnvieDeMojitoMalin,10558
onrajeunitpas,10559
remember,10560
Pepsi,10561
Yummmm,10562
galerieslafayette,10563
permis,10564
laflemme,10565
conseilgratuit,10566
madeincatalonia,10567
pardonexcusemoipetitjesusdemafoietdemabonté,10568
licorne,10569
selfi,10570
mac,10571
maccosmetics,10572
ral,10573
lipstick,10574
EnPleineForme,10575
TheouCafe,10576
ThéouCafé,10577
MoneyCat,10578
RIPKatyCatMurilo,10579
LA3,10580
Jägermaster,10581
ob,10582
Pelloux,10583
versailles,10584
UK,10585
GiorgioModorer,10586
RightHereRightNow,10587
argumentationpolitique,10588
FallOutBoy,10589
theoucafe,10590
Team82,10591
En2015JeSuisLeChrist,10592
lepetitprince,10593
imagination,10594
TDF2015,10595
BonneSaisonChampion,10596
fiere,10597
Vegas,10598
AllezLorient,10599
CrossOuestFrance,10600
CrossduMans,10601
LeMans,10602
Sarthe,10603
HauteMarne,10604
preparationdufoi,10605
BienvenuChezLesChtitsEffect,10606
Alsace,10607
NRJ12lachaine,10608
UDI26,10609
FOLLOWTRICK,10610
FOLLOWBACK,10611
MGWV,10612
FOLLOW,10613
TeamFluo,10614
PopChoiceAwards,10615
weekendparty,10616
INFINITY,10617
Perestroika,10618
PHOTO,10619
bougie,10620
parfums,10621
TaGrandMere,10622
EcoleNumérique,10623
provins,10624
JeSuisCharlieDelta,10625
excellentissime,10626
Juliette,10627
Lilou,10628
KORvAUS,10629
affaireapollonia,10630
lawenforcement,10631
MarysePose,10632
weaterforelephants,10633
lovelovelove,10634
EffelTower,10635
Family,10636
gotowork,10637
Lunch,10638
ChampsDeMars,10639
OUAT,10640
Mercure,10641
GAMEON,10642
TopSpot,10643
seriousgame,10644
Motus,10645
charb,10646
cabu,10647
wolinski,10648
tignous,10649
Amivener,10650
caféclope,10651
tranquille,10652
Montreal,10653
inspiration,10654
jekiffecettephoto,10655
teamlevetot,10656
WWE2K15,10657
CourseContreLaMontre,10658
Elo,10659
UrbanContact,10660
FeelBetter,10661
RDE,10662
BOBZER,10663
Joker,10664
Babs,10665
culturepop,10666
ChicagoFire,10667
Enrhubé,10668
LR,10669
vlog,10670
brazil,10671
lgbt,10672
rio,10673
regime,10674
rossignol,10675
courchevel,10676
TheHangingTree,10677
HotelNewYork,10678
GaletteGate,10679
FCOLive,10680
Hyperloop,10681
science,10682
Compiègne,10683
PiècesJaunes,10684
SensLaPiste,10685
ParisByNight,10686
fac,10687
Libertédexpression,10688
Denver,10689
NotreChanson,10690
missyou,10691
TOUJOURS,10692
DGSE,10693
skins,10694
Shakira,10695
Bulgarsalat,10696
factsaboutme,10697
Ontheroaf,10698
TheWeightProject,10699
meetmyboyfriend,10700
Patriotact,10701
Schengen,10702
GothiquesGang,10703
seins,10704
15km,10705
runningfrance,10706
President,10707
jamais,10708
Eglise,10709
Cavanna,10710
Ritals,10711
anticor,10712
deçu,10713
LittleMonsters,10714
Monsters,10715
TPMPrime,10716
jdpFCPE,10717
jaimeparis,10718
Asli,10719
JeSuisRaifBadawi,10720
êtremoche,10721
sexandthecity,10722
MesSeries,10723
TeamOrginals,10724
HappyKanginDay,10725
ilovecoffe,10726
TousJournalistes,10727
canalplay,10728
UMP48,10729
MendeNord,10730
cibledujour,10731
Bodypump,10732
xmas,10733
trees,10734
TeamCongoRD,10735
Onyarrive,10736
Formatheque,10737
LeNapoli,10738
lanouvellestar,10739
Galavant,10740
ModeDéménageur,10741
GrosBiscotos,10742
aynine,10743
fini,10744
FabLab,10745
livetweet,10746
pierrevert,10747
Fatiguee,10748
NoMotivation,10749
HappyMe,10750
MalgacheJamaisalHeure,10751
RBM,10752
EluUnJourEluToujours,10753
PUYSAINTVINCENT,10754
Lola,10755
LV,10756
MetsDuRetroDansTaVie,10757
LeighsBarbadosMemories,10758
Fauve,10759
HausseDeNiveau,10760
RTsi,10761
bestréponseever,10762
GrosseDormeuse,10763
FrankOcean,10764
Aaliyah,10765
départementales2015,10766
Carla,10767
Caniche,10768
Please,10769
PDL2015,10770
negligées,10771
KiffTaMosquee,10772
UT,10773
Team241,10774
JeSuisGabonaise,10775
gwak,10776
christmasallyearlong,10777
Sully,10778
Nantes1,10779
reflexionde12ans,10780
SympaLeCopain,10781
UnfriendedMovie,10782
FaisDesBlaguesCommeAyoubBourqual,10783
Mairie,10784
middleage,10785
LANADELREY,10786
BrooklynBaby,10787
InstaSize,10788
Spa,10789
MiddleEast,10790
SaintsFC,10791
meltdown,10792
WeMarchOn,10793
elections,10794
departementales,10795
udi,10796
diversdroite,10797
isere,10798
franceconnect,10799
Droit,10800
Alger,10801
sixties,10802
MarcheDu11Janvier,10803
MichaelWolf,10804
davidaltmejd,10805
AmauEtudie,10806
JesúsRafaelSoto,10807
ECTS,10808
JuniorEntreprise,10809
ApprendreEntreprendre,10810
Loisanté,10811
volontaire,10812
Nantesnord,10813
RestonsUnis,10814
ElLocoDeSupermaché,10815
UnHomme,10816
OnCTE,10817
HappyBirthdayJimCarrey,10818
Perguntados,10819
Q,10820
Album5,10821
RestonsGroupés,10822
Profsadique,10823
Lybie,10824
NoGoZones,10825
LeChangementCesMaintenant,10826
jevaismourire,10827
lovetravelling,10828
BackToRunning,10829
Changement,10830
pugChipie,10831
HartofDixie,10832
TOTY,10833
runners,10834
runitfast,10835
runningcrew,10836
run_in_france,10837
runnerscommunity,10838
irun,10839
Best,10840
truffes,10841
Tapas,10842
meuamor,10843
languedoc,10844
mpn,10845
miss,10846
joie,10847
TeamGoudou,10848
auNomDeLaVerité,10849
potos,10850
last,10851
PerezHilton,10852
TUPEUXPASTEST,10853
Teamgoudou,10854
TeamLesbienne,10855
CIP2015,10856
TeamFA,10857
concret,10858
deep,10859
house,10860
Maxmyer,10861
OMM,10862
RelaisClosSaintGeorges,10863
saintes,10864
Départementales,10865
DLF,10866
RCV,10867
Rugby,10868
LaPlage,10869
club,10870
frenchboys,10871
LAmourDuReach,10872
Danette,10873
Tsss,10874
Vichy,10875
Forever,10876
fcpe,10877
seflie,10878
talentedMarie,10879
FiftyShadesofGrey,10880
RCLENS,10881
Approuver,10882
Orsay,10883
Sunny,10884
saturday,10885
DeclareDesBailsALancienne,10886
Rclens,10887
WolfVostell,10888
ParionSport,10889
Betclic,10890
vape,10891
TouchePasAMonProphete,10892
tropdeswagtueleswag,10893
citation,10894
samedi,10895
IoTnews,10896
sushi,10897
japonaise,10898
FiftyShades,10899
bodycombat,10900
CES,10901
capuesamere,10902
TheBestFriends,10903
OmarBa,10904
insta,10905
instanight,10906
instalike,10907
instabeautiful,10908
réponseAmorgan,10909
McDonald,10910
InstantSad,10911
PotAuFeu,10912
jefinancemonbusiness,10913
StDonatien,10914
keepittoyourself,10915
rocknroll,10916
Regadez,10917
sieste,10918
JaimeMesWeekends,10919
RestaurantOPanda,10920
ValeursActuelles,10921
commerce,10922
HappyBirthdayDenitsa,10923
parisVII,10924
saintgermaindespres,10925
FuckingNight,10926
meh,10927
BigBrother,10928
RCLens,10929
HervéBaroud,10930
MarieGuinebaud,10931
miniburger,10932
foodpornaddict,10933
ymmy,10934
burgertime,10935
chinesefood,10936
foodaddict,10937
hangover,10938
cafaitdubienderire,10939
herecomethesun,10940
MeganFox,10941
galaxys3,10942
llcechinois,10943
llcecoreen,10944
WelcomeToTheMagicSchool,10945
conventionHarryPotter,10946
galaxysIII,10947
herecomesthesun,10948
JE,10949
bien,10950
thatisthequestion,10951
JeMarcheAvecToi,10952
théALamenthe,10953
grandmere,10954
joyeuxanniversairesam,10955
bartonleretour,10956
day,10957
Pont,10958
Royal,10959
river,10960
infotweet,10961
medieval,10962
rigueur,10963
honnêteté,10964
loyauté,10965
JeSuisSarko,10966
lombricompostage,10967
SPACEMOUNTAIN,10968
tutesvuquandtapeur,10969
JesuisPartout,10970
nsf,10971
FilmNoob,10972
DiploméDeBlowJob,10973
taxonomie,10974
Bloom,10975
lorient,10976
gachetavie,10977
niki,10978
nana,10979
HakunaMatata,10980
Unfriended,10981
slalom,10982
Frankenstein,10983
boriskarloff,10984
booster,10985
Beesta,10986
nosetoilescontraires,10987
JpeuxPasVousDirePluus,10988
MotifDeRetardValable,10989
œil,10990
Mbecille,10991
Stécon,10992
révisions,10993
Singapore,10994
worldcloud,10995
Dubsmash,10996
TrueLove,10997
souvenir,10998
S01E01,10999
Kiosque,11000
iPhone,11001
iPad,11002
PrioritéJeunesse,11003
ES16,11004
JayMaxVI,11005
NewDeal,11006
Wengen,11007
patronincognito,11008
balloon,11009
Soleil,11010
week,11011
LaMèr,11012
campagne,11013
TeamOGS,11014
anticor11,11015
LeTube,11016
Guadeloupe,11017
conduite,11018
autoecole,11019
luxembourg,11020
nikidesaintphalle,11021
ogm,11022
extension,11023
gyaru,11024
ギャル,11025
madmoiZelle,11026
Uneannéesanscomplexes,11027
Objectif700,11028
amitié,11029
rosettamission,11030
philae,11031
carselfie,11032
braids,11033
boxbraids,11034
ilovemybraids,11035
diesemag,11036
coupe,11037
grosmatch,11038
sgfc,11039
tp,11040
cats,11041
chats,11042
pets,11043
Zapping,11044
TBT,11045
EllenForeverDaBest,11046
OneLove,11047
vegetal,11048
sky,11049
skyporn,11050
vegetalwall,11051
Nastasic,11052
Schalke,11053
influenceurs,11054
Bonal,11055
Ajaccio,11056
JsuisInsolente,11057
tresor,11058
CestDit,11059
user,11060
Cousine,11061
fcsmaca,11062
kikou,11063
VousÊtesOú,11064
moncorps,11065
PMA,11066
11janvier,11067
unis,11068
pompidou,11069
reuteurs,11070
fucktheNewNormal,11071
forteresse,11072
JenAyache,11073
OuvronsNosYeux,11074
LoveYou,11075
CommunityManagement,11076
Mamy,11077
NotreDame,11078
silhouette,11079
sunshine,11080
BlondAndBlondAndBlond,11081
HomajàlaChonsonFrancaise,11082
Jouyet,11083
Fillon,11084
4Gmark,11085
boutdumonde,11086
CoteDeJade,11087
TeamRealMadrid,11088
icecream,11089
Internet,11090
Web,11091
travelling,11092
AfroBoy,11093
TeamMetisse,11094
TeamIEJ,11095
WhiteCollar,11096
OscarWilde,11097
SacreCoeur,11098
CITY,11099
Brunch,11100
postsoirée,11101
eggs,11102
bacon,11103
sanpellegrino,11104
tea,11105
hipanema,11106
LesPerlesDeNadine,11107
PasLaMemeDroiteQueMoi,11108
Nikewomenclub,11109
cassetete,11110
defile,11111
legrandbleu,11112
HTGAWM,11113
PalaisDesSports,11114
ensembles,11115
TEAMJALOUSIE,11116
tweettrèsvisé,11117
jenaimarre,11118
achetetoiunemontreputain,11119
BoucherieTime,11120
الباز_الذهبي,11121
Ruhpolding,11122
Team974dansle69,11123
joshgroban,11124
selfieforgrant,11125
depuistadisparu,11126
QuiSenBalek,11127
KnowledgeGraph,11128
BougezpourLIVG,11129
pietrefonctionnaire,11130
wwa,11131
Adamsienne,11132
rightnow,11133
Challans,11134
Anabelle,11135
cafard,11136
AppelezMoiChristina,11137
martel,11138
SOOOOOOON,11139
QuaiDOrsay,11140
yourbad,11141
NutellaTueLesOrangOutans,11142
TPE2015,11143
1èreL,11144
tatouages,11145
oeil,11146
AieAieAie,11147
folie,11148
QML,11149
T3a,11150
juliettehurel,11151
flute,11152
TiniEnFrancia,11153
Pub,11154
création,11155
BenjaminFranklin,11156
TropChaud,11157
Classique,11158
EtPuisY,11159
Balotelli,11160
jehaislabanlieue,11161
RisingStar,11162
SoundOfBliss,11163
IdeesblanchesTour,11164
PierrePoivre,11165
coat,11166
dress,11167
frenchdesigner,11168
sales,11169
outfit,11170
instalook,11171
instamood,11172
KissFm,11173
coachise,11174
JBGrange,11175
toujours20ans,11176
JBdevientsérieux,11177
JBdevientunhomme,11178
Invincible,11179
revisions,11180
francais,11181
Villecresnes,11182
loveforeverybody,11183
saisonauzoo,11184
Zoodelafleche,11185
Virgule,11186
ZoneDeConfort,11187
CIPfleuret,11188
chateaux,11189
instaNice,11190
GameTime,11191
ProudToSupportYouuuu,11192
AmazingArtist,11193
tricotrico,11194
dacruz,11195
samedicestgalerie,11196
shake15,11197
GoTeam,11198
WaterPolo,11199
S1E1,11200
stefanocaldoro,11201
liceosannazzaro,11202
500joursensembles,11203
500joursensemble,11204
FinDePause,11205
TWDFamily,11206
Basketix,11207
clemsaison5,11208
boxe,11209
nomas,11210
panama,11211
Modem06,11212
SARMUN,11213
gonnamissthem,11214
LangLang,11215
VoeuxPR,11216
onestbien,11217
kiff,11218
history,11219
CentrePompidou,11220
Beaubourg,11221
BayernMunich,11222
Ribery,11223
Bundesliga,11224
InRealLife,11225
Generique,11226
MCM,11227
COYS,11228
metier,11229
مغرد_وكم_تعطيه_عمر,11230
BEPS,11231
tax,11232
RosalindRussell,11233
KentPolice,11234
reflet,11235
niska,11236
SailorMoonCrystal,11237
Fauxculs,11238
noscorps,11239
700Followers,11240
RCTULS,11241
Luna,11242
KiffTaMosquée,11243
AlloMaitreCapello,11244
philarmonie,11245
nyfw,11246
JourDeMatch,11247
quelavieestbelle,11248
kdobonus,11249
chinon2010,11250
chateaudelagrille,11251
bonaaar,11252
TPS,11253
Belleville,11254
JAssumeTout,11255
tatouage,11256
tatoo,11257
GraphicadermeAvignon,11258
VamosLens,11259
Vacances,11260
olympiquelyonnais,11261
YoavHattab,11262
freelolita,11263
cyclocross,11264
nommay,11265
doubs,11266
sheitan,11267
CuiteHebdomadaire,11268
BelleEducation,11269
marchforLolita,11270
aveclesnewspotos,11271
LeadershipWE2,11272
WildMovie,11273
portesdusoleil,11274
SWACHE,11275
GoBlues,11276
CollecteAlimentaireSPF,11277
solidariteenmouvement,11278
CSPMSB,11279
GeorgeEddy,11280
TuSors,11281
fennec,11282
MiamiSeaquarium,11283
BPL,11284
wcdrr,11285
ROAD2SENDAI,11286
LensOL,11287
ModeProutProut,11288
UnDinerPresqueParfait,11289
Ruinée,11290
Énervée,11291
AliciaVoyageEnNormandie,11292
excusemybadfrench,11293
AmericanWestCoast,11294
Runway96,11295
SouthPigalle,11296
Knutfest,11297
Birkweiler,11298
cake,11299
lemon,11300
CiteUnePhraseDeMytho,11301
LEGO,11302
paradisdufruit,11303
photographer,11304
ConventionHP,11305
Coiffeur,11306
NUNA,11307
rctuls,11308
AnarchistAK,11309
BluRay,11310
Films,11311
HomeCinema,11312
iHome,11313
Sia,11314
CoffeeTime,11315
GoGoGo,11316
SpecialDelivery,11317
little,11318
dog,11319
yorkshire,11320
leplusbeau,11321
cesar,11322
TheReal,11323
NouveauRecord,11324
PremierLeague,11325
Enfoires2015,11326
barathon,11327
Bandées,11328
Fête,11329
StAndré,11330
Saoules,11331
StreetArt,11332
Streetartparis,11333
bar,11334
longboard,11335
perfectday,11336
winterexpedition,11337
Desesperant,11338
TeamCSH,11339
nerienlâcher,11340
erasmus,11341
invit,11342
bewareofangels,11343
Jagger,11344
Mugler,11345
Hermès,11346
Carré,11347
Parfums,11348
FFBSpécial,11349
Narmol,11350
TeamMBC,11351
calligraffiti,11352
graffeur,11353
sprayart,11354
frenchgirl,11355
RicardSALiveMusic,11356
40ansLoiVeil,11357
planIVG,11358
TEAM242,11359
teamtal,11360
JESFC2015,11361
LePalaisdesCongrèsdeParis,11362
mercivsaussi,11363
MohammedAli,11364
onthisday,11365
nediyelim,11366
NTC,11367
problems,11368
language,11369
barriers,11370
yikes,11371
TeamCongo,11372
EQCCGO,11373
résistance,11374
Rozayyy,11375
TeamAsm,11376
SPCM,11377
MU,11378
United,11379
MyTeam,11380
ManchesterUnited,11381
ultras,11382
Rose,11383
RelationshipGoals,11384
MyLOVE,11385
LifeMustGoOn,11386
zeit,11387
workhardwineasy,11388
lentrainementjamais,11389
S1E2,11390
hc4,11391
PL,11392
bae,11393
itsbeen84years,11394
Mannheim,11395
Alterfeuerwavhe,11396
Futuradios,11397
webradio,11398
futuradios,11399
FS,11400
rclol,11401
LMDLA,11402
OLRCL,11403
LensLyon,11404
Chamonix,11405
ToiAussiTweetCommeAdelo,11406
lacazette,11407
teamol,11408
Yay,11409
Fattoumi,11410
Lamoureux,11411
Peynet,11412
antiOl,11413
lenlyo,11414
EQGCGO,11415
cyrilhanouna,11416
ChristianGrey,11417
onrigoleomoins,11418
ÉcoCitoyen,11419
librairie,11420
PassageJouffroy,11421
coupdecom,11422
JournéePleine,11423
AchatsPleins,11424
jlbnv,11425
InComing,11426
collaboration,11427
mua,11428
Soda,11429
Boves,11430
TeamRCT,11431
nouveauxpublics,11432
S1E3,11433
GuineeEquatorialeCongo,11434
PseudoÉcolo,11435
Bachant,11436
saintsebastienaucoeur,11437
zelda,11438
havingAbreak,11439
CJ,11440
adm,11441
MouseTrap,11442
Ekoï,11443
SuperCorsa,11444
adefautde,11445
33tours,11446
LaBriocheDeLamour,11447
badgirl,11448
instafamily,11449
instagoodtimes,11450
instaWebros,11451
instalove,11452
rct,11453
HOA200,11454
FIFA15BallonDor,11455
Escroquerie,11456
SiLesElephantsRemportentLaCan,11457
pretesàtout,11458
aqualigne,11459
fifa15,11460
couilles,11461
cocks,11462
QPRMUN,11463
MTVCLASH,11464
maythe4thbewithyou,11465
CEstDis,11466
JeSuisJimClancy,11467
Ondar,11468
ViveLeBoulot,11469
JaimeLesFilles,11470
APC,11471
nike,11472
RAUS,11473
LastFAV,11474
bonus,11475
aliciavoyageàparis,11476
LeSportCestSatan,11477
MacDoTueLesLimaces,11478
instafcl,11479
weeks,11480
louisvuitton,11481
style,11482
swag,11483
zara,11484
RoadToParis2015,11485
Asus,11486
LaCultureCommeUniqueObjectif,11487
TuEsGourdasse,11488
Coignieres,11489
MafiaDuCMG,11490
PSGETG,11491
LastRetweet,11492
bebe,11493
shoes,11494
soda,11495
CeMomentGênant,11496
seaworldofhurt,11497
tweet4tilikum,11498
EmptyTheTanks,11499
TzamGaucher,11500
MichelBastos,11501
Livres,11502
DC,11503
CestADireNous,11504
PlaceàLaBièreDeRecup,11505
NMTLyon,11506
speedtest,11507
freewifi,11508
WATP,11509
4terrain,11510
TableFinale,11511
DomainePublic,11512
fiesta,11513
SansPression,11514
Justdoit,11515
arbitredemerde,11516
cefairedéfoncerpourrien,11517
IrinaShayk,11518
VivelleDop,11519
petiteblague,11520
sprcnm,11521
résolution2015,11522
Imboden,11523
Sonos,11524
lamaisonchocolat,11525
chemin,11526
ahouaishein,11527
Yorobo,11528
DjArafat,11529
afrique,11530
cotedivoire,11531
JalletEnEDF,11532
Rallye,11533
Bars,11534
CityExploring,11535
Corky,11536
olympia,11537
insolent,11538
ToutEstLié,11539
teamASSR,11540
SALASM,11541
jetaimetant,11542
انا_سائق_مسؤول,11543
laventurecontinue,11544
kiss,11545
EtCEstPasFini,11546
capeline,11547
excitee,11548
SanDiego,11549
CBB,11550
punny,11551
AB2140,11552
FIFA14,11553
Niamey,11554
Zinder,11555
acer,11556
aspire,11557
S7,11558
Ghezzal,11559
Fekir,11560
madiani,11561
deezer,11562
RMCF,11563
JUVE,11564
Tweet4Tilikum,11565
Rcl,11566
LaroseParis,11567
JeRaconteMaVie,11568
JeMenFous,11569
Dos,11570
TwitterCEstFaitPourCa,11571
EtCaFaisaitLongtempsAussi,11572
JudgeNajwa,11573
bachelor,11574
Toxic,11575
Tweet4tilikum,11576
thankfuckforgin,11577
Orkid,11578
théâtre,11579
TeamForceur,11580
macaron,11581
Maiscestunassasin,11582
teamel,11583
CKoiTaZik,11584
Bonhomme,11585
r,11586
joe,11587
maxwell,11588
thelistgoeson,11589
quietstorm,11590
EnvieDeToutCasser,11591
ITélé,11592
tonight,11593
laguerrrrre,11594
blackfish,11595
masturbe,11596
bonne,11597
Motown,11598
platine,11599
vinyl,11600
33RPM,11601
WomenMakeItHappen,11602
Hairymen,11603
Gaybear,11604
NashNewVideo,11605
Evolve,11606
déménagement,11607
fcf,11608
PrivateParty,11609
CirqueGruss,11610
rddbachelor,11611
jeparleanglaisfluently,11612
Lego,11613
marathontraining,11614
dunedupyla,11615
chinchin,11616
HG,11617
disneyland,11618
NarutoTheLast,11619
nexttimeinfrench,11620
sifflequepouruneequipe,11621
BientotLaFoudre,11622
SOMB,11623
cdj,11624
cesoir,11625
workparty,11626
riverisland,11627
topshop,11628
happyout,11629
happyweekend,11630
EQUCON,11631
Shiiiiiite,11632
NotMyDay,11633
Bifouma,11634
GUICON,11635
undizz,11636
rienaajoute,11637
mamounette,11638
3alSakhraMusicVideo,11639
TournéeDALS,11640
Glee,11641
HOD,11642
SerieAddict,11643
SMCSDR,11644
Lopes,11645
ArabsGotTalent4,11646
LyonnaisEtLeaderdeL1,11647
24coro,11648
50mininsid,11649
Toast,11650
butternut,11651
soup,11652
foodtruck,11653
CestTropLaidMaisCetaitJustePourLaRime,11654
Jr,11655
CONGUI,11656
AreYouTheOne,11657
Paris_Winter,11658
citybestpics,11659
igworldclub,11660
parisamour,11661
Paris_maville,11662
Paris_bonheur,11663
الإستغناء,11664
نجوى_كرم,11665
حقيقة,11666
Rio40Graus,11667
voltandoparacasa,11668
nizza,11669
nissa,11670
niça,11671
igersnice,11672
costazzurra,11673
frenchriviera,11674
leader,11675
SimoneDeBeauvoir,11676
LaForceDeLâge,11677
FallaitRéfléchir,11678
TheOriginalUnited,11679
Trending140,11680
FSunday,11681
Sologne,11682
Flooder,11683
PromisLaProchaineFoisJeDefendPas,11684
Irwin,11685
RodéoTour,11686
BTZSCA,11687
Ghetto,11688
Celio,11689
chemises,11690
pulls,11691
Refais,11692
maillot,11693
domino,11694
FCMMHSC,11695
U17,11696
U16,11697
teamsalade,11698
Balance,11699
banlieues,11700
malta,11701
LaTeamOlympe,11702
UnfollowFriday,11703
NousSommesLolympiqueLyonnais,11704
Molière,11705
GregoireTachnakian,11706
Mardi,11707
LeilaDansLMDLA,11708
dagoba,11709
magoa,11710
acyl,11711
lutece,11712
Trabendo,11713
gig,11714
metal,11715
frenchscene,11716
CarnavalVenitien,11717
Carnaval,11718
Savigny,11719
Senart,11720
MartelBougeToi,11721
bestiebesta,11722
Niska,11723
Total,11724
Vinci,11725
Vivendi,11726
Veolia,11727
EADS,11728
LVMH,11729
Lagardère,11730
CocoSexTapeYahooLive,11731
teamlens,11732
sapassebien,11733
Wazup,11734
ADOS,11735
Gulli,11736
victoires,11737
CEstQuoiTonAstuce,11738
Ninkasi,11739
VCFalmeria,11740
lire,11741
Knowledge,11742
BFAGAB,11743
deliriumcafe,11744
FFHB,11745
50minutesinside,11746
christianforever,11747
négociation,11748
laboheme,11749
MaintenantDégustant,11750
ÀJamaisLesPremiers,11751
LastFav,11752
Puderespect,11753
FFA,11754
DGAC,11755
plane,11756
breitling,11757
aeroclub,11758
flight,11759
ArcticMonkeys,11760
Cousin,11761
AllBlack,11762
BlackEyes,11763
BlackHair,11764
BlackStyle,11765
marvelagentsofshield,11766
enkiff,11767
onlesamangéslesepisodes,11768
وينك_يا_نجوى,11769
PortDeNice,11770
no,11771
holidays,11772
commentaire,11773
TD,11774
samedisoir,11775
spottv,11776
Divergente,11777
TomeI,11778
TheWomanInBlack2,11779
ckpb,11780
KayakPolo,11781
Team2Feu,11782
BoostOdéon,11783
teatro,11784
marathon,11785
mds2015,11786
welcome,11787
Expoir,11788
tvi,11789
LaPassion,11790
TheXFiles,11791
Titine,11792
TCA15,11793
ahoui,11794
epitech,11795
LBSradio,11796
GrandeRoue,11797
BigWheel,11798
BlueSky,11799
Contrast,11800
Grandeur,11801
lmdla,11802
SalutLesTerriens,11803
fml,11804
ingratitudeàletatpure,11805
Teamasse,11806
u15Honneur,11807
F6,11808
fatigué,11809
cinéma,11810
lnsticket,11811
arbitragemaison,11812
Teamsoc,11813
quote,11814
QuoteOfTheDay,11815
suf,11816
ChristineBoutin,11817
Timbuktu,11818
deception,11819
handaction,11820
amical,11821
fcofirminy,11822
matchdereprise,11823
mysaturdaynight,11824
pleasenoonewakeup,11825
bliss,11826
nextshiftstartsatten,11827
WhosGonnaWin,11828
americannightmare2,11829
View,11830
RDDBACHELOR,11831
NEWSOU,11832
SLT,11833
FIFA,11834
Potatoes,11835
faux,11836
EPCRChampionsCup,11837
teambonnasse,11838
onedirection,11839
Guess,11840
Bijou,11841
GalerieLafayette,11842
Nature,11843
yellowarmy,11844
NoFootix,11845
NoRage,11846
JustFootball,11847
MuglerFolies,11848
Friend,11849
GoodTime,11850
Comedia,11851
slt,11852
MW3,11853
Enjaillement,11854
FabriceEboue,11855
TeamSMC,11856
gagné,11857
saintsfc,11858
SCDouai,11859
50nuancesdeGrey,11860
TropDeSentiments,11861
BOSCA,11862
swagey,11863
bonnesoiree,11864
37ans,11865
QueÇaEnCeMoment,11866
PasLeChoix,11867
relax,11868
quedesouvenirs,11869
ousontlessupporters,11870
unispourlagagne,11871
teamSOMB,11872
FuckingPaparazzi,11873
blue,11874
Desperados,11875
apéro,11876
Apérotime,11877
saucisson,11878
chorizo,11879
olives,11880
cognac,11881
schweppes,11882
lecopain,11883
FreeTelAviv,11884
LaTotale,11885
glouglou,11886
BabyGrey,11887
songoftheday,11888
MentionneUnGrosFdpTwitter,11889
احلى_لجنة_حكم,11890
AtelierDesCanulars,11891
breizhdaviken,11892
TFC,11893
incomprehension,11894
Sale,11895
sosad,11896
troptriste,11897
PRGlibre,11898
PRGenFete,11899
HappyMinzyDay,11900
NajwaKaram,11901
ratatouille,11902
atleticomadrid,11903
ElNino,11904
PROD2,11905
OnNeSestPasGeléPourRien,11906
Honhasection,11907
Faten,11908
TeamBoiseurs,11909
Aladin,11910
Club3GP,11911
Vikram,11912
AmyJackson,11913
tropcanonetsexy,11914
PSC,11915
AllezReims,11916
rogner,11917
SMC,11918
AllezMalherbe,11919
ready,11920
ss8,11921
teamjessica,11922
happysaturday,11923
ع,11924
pasDaccord,11925
secretDeFemme,11926
well,11927
CaenReims,11928
toiAussiDécomposeLesNombresCommeAnnabelle,11929
IWish,11930
sophrologie,11931
tempetehivernale,11932
LeKiff,11933
michaelscodfild,11934
PrisonBreak,11935
twitamore,11936
Outfit,11937
chapeaumabelle,11938
WeWantOldMagconInFrance,11939
Saracens,11940
ASMSAR,11941
RTapprecié,11942
nonosteph,11943
OldMagconComeInFrance,11944
dîner,11945
loup,11946
laurence,11947
michaelscotfild,11948
ByeByeAMS,11949
perfectguy,11950
sheguey,11951
EnModeMicha,11952
Nissa,11953
CH,11954
sarkolincruste,11955
TeamSMCaen,11956
VFFSFC,11957
64emeDeFinales,11958
CoupeGambardella,11959
placedelaconcorde,11960
toureiffel,11961
concorde,11962
paristagram,11963
NikePorn,11964
caraïbes,11965
thug,11966
CMS,11967
rage,11968
Esprit,11969
ClubDesSports,11970
talent,11971
grandjoueur,11972
asptt,11973
viedegroupe,11974
rigolade,11975
simpa,11976
movie,11977
WillSmith,11978
isis,11979
LaBotiga,11980
Nuit,11981
mamercotteattitrée,11982
lemoncurdpie,11983
MMORPG,11984
D1,11985
blanquette,11986
veau,11987
ChefTounu,11988
TopChef,11989
Enerve,11990
CestLanniversaireDeAnaisAjourdhui,11991
NWPJ,11992
EpoqueOùIlParlaitEncore,11993
team223,11994
teamgrossejoue,11995
askmatt,11996
WorldPost,11997
hockey,11998
GothiquesAmiens,11999
AskMatt,12000
smc,12001
jveuxdesfrites,12002
hierencore,12003
ReyMazDemek,12004
Brasserie,12005
laffaire,12006
Cheers,12007
ElisabethBuffet,12008
TeamDbz,12009
DrinkForB2OR,12010
Laval,12011
ChallengeOrangeFootball,12012
u9,12013
Wonder,12014
Claunch72Monochrome,12015
LifeOnTheRoadEp4,12016
EPSI,12017
rêve,12018
teamboss,12019
LifeOnTheRoadEP4,12020
MentionneUnGrosFdpDeTwitter,12021
MonPELaCeluiQuiAbatZaz,12022
Resiste,12023
ArabMoney,12024
DepuisTesMalAimeCommeLePen,12025
mcmhorrorshow,12026
TEAMG1,12027
downtonabbeylive,12028
NoirDeBigorre,12029
truffenoire,12030
waistingmyyongyears,12031
london,12032
londongrammar,12033
TeamMika,12034
CongoVsGuinée,12035
ForeverRingardos,12036
DanyBrillant,12037
vieuxbeau,12038
unicorn,12039
Salzburg,12040
Austria,12041
tb,12042
watchoutthebeard,12043
RêveRéalisé,12044
Papy,12045
Naphtaline,12046
thevoiceisback,12047
Conne,12048
Maliya,12049
commentator,12050
Malya,12051
Maylia,12052
cacophonie,12053
Aznavour,12054
LesCheveuxDeFlorentPagny,12055
jesuislycéennenigériane,12056
THEVOICE,12057
JeNEstJamaisÉtéChristine,12058
JeNeSeraiJamaisJamaisChristine,12059
ToNight,12060
Kendji,12061
UMP82,12062
HistoriaDeUnAmor,12063
HarrowHouse,12064
LLT,12065
ApresNousYaR,12066
teamfcl,12067
LesNageursComprendront,12068
Malgre,12069
douleur,12070
souris,12071
Black,12072
BlackWoman,12073
Dieu,12074
TheVoiceFrance,12075
Manon,12076
BlackBikeAllDay,12077
bmx,12078
Pauldavie,12079
MozartLOperaRock,12080
boboyvateniker,12081
manon,12082
thecover,12083
MANON,12084
foiegras,12085
canard,12086
Landes,12087
teamthevoice,12088
ennuyant,12089
LaMeufFait2Mètres,12090
Accordionist,12091
church,12092
uniténationale,12093
lesfemmesdu6emeetage,12094
ScienceEtTech,12095
aimeraitetreaCaen,12096
Evouna,12097
BURGAB,12098
BurkinaFaso,12099
Amsterdam,12100
DansLaPeauDunCoach,12101
Next,12102
teamgabon,12103
Cliv,12104
gabonburkina,12105
Lex,12106
Clyv,12107
25Fev,12108
LM,12109
SweetJane,12110
ChezAndreia,12111
pyramid,12112
stairs,12113
WeAreTilikum,12114
familleBélier,12115
quattropirlatuasorella,12116
radin,12117
stvalentin,12118
TeamABC,12119
RedArmy,12120
U20Élite,12121
BenedictCumberbatch,12122
imitation,12123
HoesAintLoyal,12124
rediff,12125
ImitationGame,12126
MentionneUnGrosFDPTwitter,12127
TokioHotelOnEllenShow,12128
grossac,12129
ko,12130
audodo,12131
baby,12132
tropchouxxx,12133
minus,12134
Délire,12135
OhLeThug,12136
SegpaNiveau1500,12137
TuSaisMemePasParler,12138
LanguageRibéry,12139
MyBestMomentForNash,12140
gaspillage,12141
TeamPute,12142
obscurantisme,12143
LaPetiteFilleCestmoi,12144
yay,12145
Doggie,12146
LatinQuarter,12147
sortezça,12148
LibertyTour,12149
Yaş,12150
Mutluluk,12151
Rusya,12152
insociable,12153
Emouvant,12154
flunchrouen,12155
vive2015,12156
weightwatchers,12157
storyofmylife,12158
TheVoice4,12159
Jenifer,12160
Nouvel,12161
PhilharmonieDeParis,12162
Rosa,12163
PALROM,12164
Joyeuxanniversaire,12165
infirmière,12166
DeGardeLeWeekEnd,12167
Bauthentique,12168
Kunitoraya,12169
foodie,12170
foodpics,12171
Pizzeria,12172
S1E4,12173
TeamCapillaire,12174
JERHOMIES,12175
jeunes,12176
handicapées,12177
digitale,12178
canal2,12179
johndeere,12180
agriculture,12181
passion,12182
AWESOME,12183
instafun,12184
instagay,12185
instacute,12186
instahomo,12187
instahome,12188
SamSmith,12189
Yovo,12190
OnregardeArthur,12191
Foliiiiiiie,12192
Shooting,12193
PalacioInvalidos,12194
QuentinGendrot,12195
FreroDelavega,12196
Tinder,12197
LaClasse,12198
Livre,12199
gomonaco,12200
dav_q2,12201
YannSinne,12202
MIKA,12203
thevoicefrance,12204
yannsine,12205
Guillemin,12206
Fury,12207
Fury2014,12208
AskMrCallahan,12209
jesuisdieudo,12210
QVEMF,12211
Indila,12212
tantanplage,12213
keepinmind,12214
TantanPlage,12215
Tantanplage,12216
Tatanplage,12217
sorry,12218
Skateboarding,12219
mimosa,12220
market,12221
nucleaire,12222
pcsm,12223
Littérature,12224
unmètre,12225
rhumarrangé,12226
sept,12227
mois,12228
pur,12229
beurk,12230
Tintinplage,12231
panda,12232
pandicorne,12233
Gachi,12234
Noietfiere,12235
jerhomies,12236
TeamHBY,12237
letempsdunautomne,12238
WW2,12239
askskip,12240
FaçonBabou,12241
OnseFolowSansPressionlesamedi,12242
TeamCome,12243
disaster,12244
Marina,12245
Jesuistropsensible,12246
Rideau,12247
TokioHotelOnTheEllenShow,12248
imissthem,12249
marina,12250
JaiAucunRespectPour,12251
wastingmyyoungyears,12252
Clara,12253
jdp,12254
lofofora,12255
Tapie,12256
Lea,12257
ImWastingMyYoungYears,12258
MainSquare,12259
TbeVoice,12260
WastingMyYoungYears,12261
Léa,12262
LéaTheVoice,12263
GeekTime,12264
CongoRD,12265
petitecousine,12266
TheGirlWhoLived,12267
Ineedmyownbooksserie,12268
shocked,12269
Perfect,12270
MSF,12271
FatenHamama,12272
فاتن_حمامة,12273
سيدة_الشاشة_العربية,12274
Hihi,12275
LaComplaintedelaButte,12276
Jokeezer,12277
Bastille,12278
TeamCetaitMieuxAvant,12279
TeamGasy,12280
Brooklyn99,12281
FrancSuisse,12282
ahsasylum,12283
Alpedhuez2015,12284
GleeSeason6,12285
chroniquecriminelle,12286
EPHEMERA,12287
Leboncoach,12288
PourNousEtPourToi,12289
bobmarley,12290
ThomasTheVoice,12291
redemptionsong,12292
Thomas,12293
RedemptionSong,12294
S1E5,12295
ThomasKehn,12296
Thevoice,12297
ViensAvecMika,12298
IbtissamOnMfmRadio,12299
ViensChezMika,12300
LouisTomlinson,12301
graph,12302
grafitti,12303
jesuiselsa,12304
jesuisyoav,12305
jesuisles17,12306
jesuisyohan,12307
Jennyfer,12308
6OO,12309
leboncoach,12310
jenifer,12311
thevoice2015,12312
zazie,12313
florent,12314
mika,12315
ThomasKahn,12316
TropVrai,12317
babysitting,12318
It,12319
AlerteRousse,12320
KatiePrice,12321
فرنسا_ضد_الإسلام,12322
June,12323
geocaching,12324
TB,12325
travelbug,12326
discoveredit,12327
decouvert,12328
Thranduil,12329
mohammed,12330
niallhoran,12331
precedenttweet,12332
HierEncore,12333
lastfv,12334
teambouboule,12335
cavadescendretoutseulsurlespistesdemain,12336
jaiaucunrespectpour,12337
MG,12338
N1M,12339
zaynyourselfiekilledus,12340
askmattespinosa,12341
aubin,12342
teamzazie,12343
breakingbad,12344
gift,12345
tshirt,12346
walterwhite,12347
wonderbra,12348
sent,12349
bottles,12350
caron,12351
alimahdavi,12352
Chiara,12353
Filleul,12354
preparetoi,12355
Dingue,12356
0famille,12357
Lfav,12358
LieuxAbandonnés,12359
jehromies,12360
perplexe,12361
IEUFCALO,12362
icanteventalk,12363
agueeeeni,12364
lagartao01,12365
vaicryvaicry,12366
JEHROMIES,12367
FiguieForLife,12368
Sandyan,12369
Delpech,12370
copainsdam,12371
Aubin,12372
TheAddamsFamily,12373
Gestapo,12374
teamrebeu,12375
TheVoicz,12376
ALLERMERCIAUREVOIR,12377
CESTTOUTPOURMOI,12378
bonsaï,12379
tolosane,12380
begreen,12381
besafe,12382
kitten,12383
babycat,12384
Birthday,12385
8mois,12386
LaDameEnNoir2,12387
BDL,12388
mauvaise,12389
Style,12390
BaltusElementary,12391
ChatNoir,12392
JeSuisaGauche,12393
snapvideoquejairecuojd,12394
calle13,12395
Steven,12396
onpcsuriphone,12397
TMTC,12398
nickcave,12399
badseeds,12400
themuseumofimportantshit,12401
transformation,12402
piercing,12403
LeRetour,12404
dijon,12405
operatingsystems,12406
operating_system,12407
project,12408
os,12409
programming,12410
linux,12411
CLanguage,12412
NerdsAreYouHere,12413
old,12414
Berlin,12415
S1E6,12416
arnaque,12417
cpva,12418
OCDE,12419
jokeezy,12420
elisabethbuffet,12421
coiffeur,12422
ericprestige,12423
vindiesel,12424
thevoixe,12425
stalinien,12426
partial,12427
benets,12428
RepresidentaNaoMeRepresenta,12429
Simon,12430
LiamHidingInTheSnakeHabitat,12431
LiamLostHisVirginityToADonut,12432
LiamsWaterBroke,12433
LiamSearchParty,12434
LiamIsLostInHisMansion,12435
ManVsFood,12436
AntoninSeClashToutSeul,12437
TeamJudo,12438
grosproblemedeconcentration,12439
grosdégueulasse,12440
mrLECAT,12441
jalousi,12442
CrashBandicoot,12443
blondblondandblond,12444
Snap,12445
N2F,12446
Ouf,12447
VictoireCreil,12448
theo,12449
ratisbona,12450
ratzinger,12451
Huarache,12452
Thevoice4,12453
butcher,12454
AgeAintNothingButANumber,12455
SelfiesForAaron,12456
MidiEnFrance,12457
Ninkasifr,12458
VieSocialeInexistante,12459
EnForme,12460
FunkySamedi,12461
MonCulWe,12462
Galatasaray,12463
strong,12464
ChampdeMars,12465
JeSuisLouisXVI,12466
LeVinCestTabooOnEnViendraTousÀbout,12467
lemecpartencouilles,12468
pll,12469
Bisous,12470
DepuisQueJeConnaisKevAdams,12471
Alan,12472
Ciao,12473
PPdeBG,12474
Hell,12475
rentree2015,12476
adamsfamilly,12477
Londonwerecomingsoon,12478
BradPitt,12479
FuryMovie,12480
AlerteKimbombanda,12481
glaglagla,12482
Hiverfroid,12483
AppartPasChaufféDesVacances,12484
fincher,12485
GoneGirl,12486
rtsictriste,12487
Tracks,12488
jefreyremetsnousdesvacances,12489
IDFWU,12490
Momenttellementparfais,12491
Inoubliable,12492
Stapsiens,12493
s,12494
ViveLe6eme,12495
ViveLaRATP,12496
Rabsko,12497
fidji,12498
ricardo,12499
الصبحبالليل,12500
Çafaitplaisir,12501
JonBernthal,12502
2015etvous,12503
AlerteKibombanda,12504
dedicaceAmaClasse,12505
TES1,12506
offharry,12507
IfYouKnowTumeurAuCerveau,12508
allstargamelnb,12509
En2015JeVais,12510
TNDLIVE,12511
GioÀChangé,12512
morgan,12513
PostBadCouple,12514
NiallYourAssIsHot,12515
NKSnap,12516
BedTime,12517
Loulou,12518
ASGPARIS,12519
intouchables,12520
mtvhits,12521
NashsNewYearsSkit,12522
SOMOSPORTO,12523
Casemiro,12524
MartinsIndi,12525
Oliver,12526
JacksonMartinez,12527
HHLS,12528
newgeneration,12529
Pacheco,12530
RetourFLB2015,12531
Whiplash,12532
fakebutts,12533
15TwittosDuXV,12534
comprendpas,12535
portraits,12536
reveillongate,12537
cohnbendit,12538
lePen,12539
creature,12540
fleamarket,12541
SaintOuen,12542
TheGiver,12543
Stats,12544
FleaMarket,12545
mannequin,12546
MarcheauxPuce,12547
TeamJPP,12548
recrutezmoi,12549
Offf,12550
fautfaireleschosebien,12551
QuandJeSuisEnCoursJe,12552
rain,12553
ciné,12554
KevOnTaime,12555
DepuisQueJeVousConnaisJexiste,12556
JeVousAime,12557
BigLove,12558
RendezNousBenLadenEtPrenezLesGays,12559
ouPas,12560
Turfuuuuuuuu,12561
cambridge,12562
latin,12563
vivelafac,12564
onaimeledroit,12565
End,12566
photography,12567
EiffelTowerParis,12568
grandpalais,12569
iceskate,12570
TeamChicken,12571
Wall,12572
AteyabaTourPart2,12573
AlerteKibomba,12574
hipstaa,12575
TeamAurelie,12576
VoltsFace,12577
vdp,12578
DinorahyGabriel,12579
WeddingPhotoshoot,12580
jochyfersobeweddings,12581
SelfPortrait,12582
artist,12583
SusanValadon,12584
Tchin,12585
EnsemblePourVaincreLesHandicpaé,12586
Bibou,12587
VisMaVieDeFanDesJazz,12588
UnBAyKeYesMoggo,12589
paths,12590
antiques,12591
legarderobe,12592
JeVaisVousTuer,12593
Merchant,12594
merchandise,12595
Guatemala,12596
Inde,12597
VeutYRetourner,12598
Barcelona,12599
CarpeDiemElise,12600
soiree,12601
sortie,12602
ProjectDylanIsMyAnchor,12603
LoveActually,12604
paintings,12605
petagedeplomb,12606
wordclouds,12607
fingerheb,12608
Ados,12609
Corvol,12610
Juillet2015,12611
DontLaik,12612
vraimentepuise,12613
happymatturday,12614
JeunesUMP,12615
UMP2017,12616
JamesJoyce,12617
aqueglouglou,12618
SoutienMiléna,12619
NOUVEAU,12620
DepuidQueJeConnaisKevAdams,12621
VoilaVoilaZenithTour,12622
LaFin,12623
SensDesValeurs,12624
FingerCrossed,12625
NoublieJamais,12626
Accidental,12627
decoupage,12628
offlilie,12629
cadeauempoisonné,12630
smoking,12631
riruon,12632
TypeFeu,12633
pubmansongere,12634
VilleLumière,12635
dodotime,12636
AbsolumentMPokora,12637
OnEstEnsemblePourL,12638
AQuoiCaCerf,12639
motivé,12640
MadameIrma,12641
logiquededaronenoire,12642
teamcongo,12643
SoiréeDisney,12644
Mulan,12645
Ponette,12646
teamPartiels,12647
castmember,12648
ALV,12649
EnRouteVersLeTitre,12650
Couscousparty,12651
IchrakGmar,12652
HappyBirthdayIchrak,12653
TeamComoko,12654
Team269,12655
meufdeouf,12656
ArméedeTerre,12657
AmitieSacre,12658
TuPeuxPasRivaliser,12659
Miskina,12660
TroisiemeGuerreMondiale,12661
FULLMOON,12662
Astrology,12663
lfv,12664
Design,12665
Arquitectura,12666
pourtefaireplaisir,12667
feu,12668
katyperry,12669
bagdad,12670
LundiCestLaFinDesVacances,12671
ANDREARUSSETT,12672
JeanMichelJarreChristopheGainsbourg,12673
çaseraitmoi,12674
fierdusud,12675
Languedoc,12676
tweet,12677
tom,12678
CiteUnPrenomCongolais,12679
OnTaimeTousKev,12680
lundicestlarentree,12681
TaylorMomsen,12682
offcommelemenubestoffsanslemenubest,12683
GoHabsGo,12684
worldclouds,12685
supernatural,12686
Newbanniere,12687
ReviensARouenKev,12688
Chris,12689
objectif2015,12690
nellyAtef,12691
newyear,12692
Enculé,12693
BercyShym,12694
ParadoxaleTour,12695
FormerLaker,12696
LaTeamZ,12697
Bedos,12698
NewBanniere,12699
PostBadAsian,12700
teamAmbiance,12701
TeamLeroy,12702
perfect,12703
Bethyl,12704
NS2017,12705
brawo,12706
stalyczytelniklubibardzo,12707
Misfits,12708
OnEstDesVraisDaleurs,12709
Majin,12710
NIMESASM,12711
nhl,12712
modeLukeHemmingsActived,12713
jalousie,12714
LesMeilleures,12715
OffSangster,12716
twd,12717
BandiyagalTeam,12718
babylove,12719
tolosa,12720
walace,12721
iseg,12722
youtube,12723
cash,12724
surce,12725
bonnenuit,12726
MonIdole,12727
LeMeilleur,12728
CiteDuTrain,12729
LaMaisonduBluff,12730
bobby,12731
ikon,12732
yg,12733
2K15,12734
McCaron,12735
DalColle,12736
Oshawa,12737
Spanish,12738
HIDA,12739
artcontemporain,12740
weed,12741
viedeweed,12742
happynewyear,12743
athbhliain,12744
neuesjahr,12745
Feliz2015tve,12746
nuovoanno,12747
DansLaMerde,12748
bestmemoriesof2014,12749
lesenfoires2015,12750
poudlard,12751
namorado,12752
GalsenGang,12753
MrFlap,12754
Biancazzurri,12755
TeamPasFatigue,12756
NFLPlayoffs,12757
Postbadass,12758
merciapple,12759
BoycoterBFMTV,12760
LesTounesSontLa,12761
BigBigLove,12762
TuNousManqueTrop,12763
HalaMadrid,12764
mondaymotivation,12765
determined,12766
LivingTheDream,12767
念,12768
AlerteKimbonbanda,12769
coeurauAvrilenistes,12770
coeursurmameilleureamieetmoncheri,12771
chaudchaud,12772
tropmotive,12773
NamoradoQueENamorado,12774
LetsGoWizards,12775
SAWASH,12776
Gomes,12777
coop,12778
Alexotime,12779
RetourenEnfance,12780
LesVacancesContinuentChezAlex,12781
SaManque,12782
teamPSG,12783
Carcassonne,12784
ISILfic,12785
degouteeavie,12786
offzain,12787
3h00,12788
raw,12789
TheAuthority,12790
LaBase,12791
Generationkill,12792
hourah,12793
hitman1tohitman2,12794
3h05,12795
theauthorityisback,12796
heelturn,12797
UnDimancheGaché,12798
Dommage,12799
Tomorrowland2015,12800
camilahammersledge,12801
Shimmerunfiltered,12802
MarocBoss,12803
citationdusoirbonsoir,12804
teaminsomniaquesociable,12805
arsheum,12806
gardetoutpourtoi,12807
morphée,12808
camilahamersledge,12809
Malade,12810
Offfff,12811
BurgerKingFr,12812
offafterhessa,12813
artRave,12814
camilahammerledge,12815
fuckOff,12816
Teamdz,12817
Bricklane,12818
menshair,12819
hair,12820
gents,12821
hairstyles,12822
azeem,12823
unpeupluspresdesetoiles,12824
jesaispaspourquoijaimiscehashtag,12825
LilaSaida,12826
Somanbule,12827
British,12828
gentleman,12829
Pigalle,12830
Fourrière,12831
Pouchet,12832
Samoëns,12833
YesImTalkingAboutYou,12834
underground,12835
tube,12836
rachid,12837
VousAvezBu,12838
QCM,12839
MarreDeRéveillonner,12840
LeTourDeLhorloge,12841
3JoursNonStop,12842
benjaminFranklin,12843
60s,12844
bricklane,12845
CCG,12846
VALI,12847
MercatOM,12848
Londonbynight,12849
bigben,12850
sepia,12851
_LT,12852
breakfast,12853
toaster,12854
selfy,12855
autoportrait,12856
arirossner,12857
mypicture,12858
amazing,12859
FrenchiesWantOTRAT,12860
reflection,12861
building,12862
MMsWorld,12863
UFC182,12864
NationalPortraitGallery,12865
sculpture,12866
bust,12867
online,12868
Poisson,12869
Goldman,12870
jetlag,12871
demaincestlarentree,12872
TeamHomophobeEtFier,12873
ComebackGame,12874
02FFFFF,12875
Horoscope,12876
OFFANCE,12877
BneLaMifa,12878
pics,12879
TagsForLikes,12880
pictures,12881
snapshot,12882
lesgens,12883
finsoul,12884
demaincour,12885
gulli,12886
tango,12887
TheYoungOGProject,12888
Lunel,12889
Adoption,12890
CDF2015,12891
bisouspourvous,12892
amoureuse,12893
deuxansdamour,12894
bafa,12895
uhehehehe,12896
Achselhaare,12897
tropbeau,12898
Sternsinger,12899
rer,12900
celib,12901
Flamenco,12902
Jazz,12903
Blues,12904
incredible,12905
busybusybusy,12906
eyesofju,12907
climatechange,12908
Objectifvictoire,12909
socialmediamarketing,12910
comeback,12911
sunday,12912
taxi,12913
Apple,12914
UTAatMIN,12915
Goberted,12916
bravorudy,12917
Epiphanie,12918
laïcité,12919
RydelsWay,12920
R5ComeBackToFrance,12921
kitchissime,12922
Goooooodmorniiiiiiing,12923
marcelduchamp,12924
jeffkoons,12925
seductivesunday,12926
LesSouvenirs,12927
boostonbike,12928
boostbattlerun,12929
Simpson,12930
bbcradio4,12931
vraiment,12932
VGAOL,12933
Féminine,12934
VenezNombreux,12935
RienEstImpossible,12936
sleepcompanion,12937
holî,12938
laculture,12939
SundayFunday,12940
MOONWALKER,12941
sucrezetacidulezvotrevie,12942
plazaathénée,12943
ShowCourt2,12944
livepic,12945
Vancouver,12946
Deltermiennes,12947
BertheMorisot,12948
MarineDelterme,12949
dansedelajoie,12950
Ps3,12951
Geek,12952
manette,12953
cacadanslacouche,12954
Gradur,12955
BonDia,12956
gymtime,12957
NoTodoVaASerCorrer,12958
majoritesexuelle,12959
MJFam,12960
Cessna,12961
Mustang,12962
C510,12963
LSGG,12964
courbatures,12965
gestapo,12966
tweetCommeMarylise,12967
instadream,12968
imageoftheday,12969
jdd,12970
lanuitaumusee3,12971
jaipasenviedallerencours,12972
retrouvermameuf,12973
Anaïs,12974
samsmith,12975
Petitsecretentrevoisin,12976
ResolutionsFor2015,12977
taubira,12978
prepa,12979
laGrippe,12980
BallonDor,12981
Geocaching,12982
groundspeak,12983
argh,12984
HappyNewYear,12985
cafaitdubien,12986
estherduflo,12987
GrandRdv,12988
TeamDSCG,12989
DSCG,12990
Automoto,12991
crashaerien,12992
IreneAdler,12993
SherlockHolmes,12994
FullMoon,12995
FullSun,12996
LemKnights,12997
TheVoiceUK2013,12998
Monsterkind,12999
vanwijck,13000
lavieàPaname,13001
healthy,13002
eatclean,13003
lovely,13004
calvin,13005
Ireland,13006
HelloEarth,13007
woman,13008
JogaBonito,13009
reflectswar,13010
Hyperactive,13011
lmpt,13012
orange,13013
bondimanche,13014
Unity,13015
Kouchner,13016
GoBulls,13017
SeeRed,13018
East,13019
recif,13020
3grammes,13021
gloriathelatina,13022
vauseman,13023
crazyeyes,13024
pennsatucky,13025
whpresolutions2015,13026
brickonearth,13027
Downton,13028
Tired,13029
DEDIFUN,13030
Ainsivalavie,13031
2015onestlà,13032
woooohoooo,13033
bougetonpompon,13034
endometriosis,13035
youbitch,13036
àdansquatressemaines,13037
directioner,13038
KevAdamsUnHumoristeExceptionnel,13039
tuveuxdlaheub,13040
AnneClaireCoudray,13041
nouveaumonde,13042
findesvacances,13043
TeamCsh,13044
AmericanDad,13045
turbo,13046
teamPLO,13047
CallMeNash,13048
telefoot,13049
LasRemblas,13050
FCGBTFC,13051
Demain,13052
dernièresoiréepourTotos,13053
Mwah,13054
Gopens,13055
Hotspots,13056
gratuit,13057
LacAnnecy,13058
OfficeDeTourisme,13059
laboratoire,13060
patisserie,13061
boulogne,13062
ManettePS3,13063
TopClip,13064
Exclusivité,13065
DONE,13066
proana,13067
AmyWinehouse,13068
queen,13069
unforgetable,13070
Kurgarten,13071
Sportif,13072
BenArfa,13073
SkiDeFond,13074
TourDeSki,13075
Définitivement,13076
bg,13077
offtowork,13078
NouvelAn2015,13079
WigsArtClan,13080
whynot,13081
HappyMatturday,13082
chenille,13083
bulle,13084
mieuxvauttardquejms,13085
griffondor,13086
TheoCupidonDepuis1997,13087
PasMotivé,13088
NeversFamily,13089
TomYorke,13090
Youwouldn,13091
Tunem,13092
bioupdate,13093
GaletteDesRois,13094
chocolats,13095
20FactsAboutMyBestFriend,13096
OTRATBelgium,13097
TeamReprendLeMardi,13098
ThankYouJT,13099
Nimp,13100
teamscb,13101
voeux,13102
Snapchat,13103
citationdujour,13104
woodyallen,13105
Mendes,13106
JoshHutcherson,13107
Laurentbarrat,13108
viedegrosse,13109
ahem,13110
YaDuLevel,13111
HeroesReborn,13112
Heroes,13113
Schneiderlin,13114
Étoile,13115
TeamLawerdose,13116
Onnnnn,13117
BonDimanche,13118
clothes,13119
BonnetDÂne,13120
dupainsurlaplanche,13121
leftside,13122
sacrecœur,13123
dogwalking,13124
parisdise,13125
MissUnivers,13126
NiallShowUsYourIrishSausage,13127
Niall,13128
twittomelie,13129
loving,13130
reprise,13131
ViveLeFoot,13132
ASSE,13133
TeamAsse,13134
ASSEASNL,13135
2001SpaceOdissey,13136
JusticeBAP,13137
newhair,13138
missherlikecrazy,13139
prispourcible,13140
halamadrid,13141
repas,13142
bouffe,13143
raclette,13144
GalettedesRois,13145
10kgenplus,13146
Viol,13147
espritpublic,13148
MONDE,13149
Departementales2015,13150
Fdp,13151
nextfall,13152
RechercheTchetchene,13153
GrosZizi,13154
PhallusEnflammé,13155
ZiziDeRussie,13156
adios,13157
conciergerie,13158
justiceBAP,13159
MoiJaiConnu,13160
hollandeDemission,13161
americandad,13162
aweekonmyway,13163
matin,13164
rentrée,13165
reveil,13166
liamlovesdirectioners,13167
REAL,13168
AucuneChance,13169
saintlouis,13170
moyenâge,13171
Grece,13172
Meluche,13173
SeductiveSunday,13174
Motivé,13175
MHR,13176
MontpellierMM,13177
AndrewGifford,13178
NotAMarvelCaracter,13179
ironman,13180
Turbo,13181
SaCUnHomme,13182
tears,13183
perf,13184
WASTED,13185
archives,13186
ASMST,13187
bones,13188
UnHumoristeEnOr,13189
TPMPFollowMe,13190
Kaaris,13191
FrenchVine,13192
ilovetechno2014annuler,13193
DA,13194
amies,13195
avgeek,13196
airfrance,13197
crewlife,13198
truth,13199
ImpactWrestling,13200
RêveImpossible,13201
Distance,13202
TeamSensitivePussy,13203
Revision,13204
Shool,13205
practice,13206
QuestCeQuilFautPasDireÀUnMalade,13207
FutureOfOilPrices,13208
NimesMonaco,13209
LaMontee,13210
Touré,13211
hatedemeretrouver,13212
FriendsTVShow,13213
Tranquille,13214
bye,13215
ASMonacoFC,13216
MHRC,13217
roadtoironman,13218
TeamIPhone,13219
hugoboss,13220
TesPasDu94,13221
CEstPasséTropVite,13222
HelpMeIWannaDie,13223
jules,13224
lastday,13225
10km,13226
LaMaisonDeLaNuit,13227
barista,13228
cream,13229
suddefrance,13230
latentationdecarnon,13231
rien,13232
Resolutions2015,13233
hellosunday,13234
DéprimePostVacances,13235
findelamusique,13236
12h25,13237
purecambogiaultra,13238
ACunity,13239
newyear2015,13240
british,13241
neighborhood,13242
DernierReveilTardAvantLaRepriseDeCours,13243
passionmovie,13244
HappyBirthdayKroos,13245
JaiRienFaisPendantLesVacances,13246
évangélisation,13247
propre,13248
la3ieme,13249
loimacron,13250
MUFC,13251
Tucker,13252
Muti,13253
TeamGrosse,13254
AssietteBaltique,13255
carpacciodesaumon,13256
saumonfumé,13257
saumonmariné,13258
sorti,13259
instaday,13260
BBF,13261
Savoyardes,13262
Evian,13263
GalereTime,13264
tonikroos,13265
zerma,13266
usafcl,13267
Vatel,13268
Escalopedeveau,13269
MANMAN,13270
minecubeopen,13271
foutue,13272
l1LEA,13273
BainDuNouvelAn,13274
LeRelecqKerhuon,13275
IlEstPartout,13276
MesPhotosLeakCommeLesStars,13277
ZoneA,13278
L1LEA,13279
Smh,13280
DePréville,13281
chouchou,13282
Consenguain,13283
HIMYM,13284
jardinduluxembourg,13285
MaineEtLoire,13286
Scatman,13287
PourLeRetourDuHitMachine,13288
OTNB,13289
BackInBusiness,13290
SeeYouSudOuest,13291
DeloreanMusic,13292
Grisbis,13293
enamoureux,13294
lundic,13295
cannesisyours,13296
igerscannes,13297
blackops,13298
Ferguson,13299
NouveauJouet,13300
SelfieStick,13301
trucdefille,13302
Lillois,13303
LilleOSC,13304
WeAreLOSC,13305
TeamKalenDamessi,13306
Kalen,13307
Damessi,13308
TaHlalEnBMW,13309
nv,13310
offff,13311
GF38OM,13312
UlrichBeck,13313
OnEstTousAvranchinais,13314
Champlan,13315
Lacrim,13316
Reds,13317
Girls,13318
SundayMorning,13319
BédoTime,13320
BL,13321
BlakeLively,13322
BabyBump,13323
seashepherd,13324
babyonemoretime,13325
DoloreanMusic,13326
eyes,13327
hairstyle,13328
Odette,13329
DimancheAParis,13330
canvas,13331
acrylic,13332
lowbrow,13333
KevAdamsUnHumoristeExceptionel,13334
FinDesVacances,13335
CasseLambiance,13336
rémoiserie,13337
jesuislareine,13338
leshalles,13339
mariagegay,13340
donald,13341
mickey,13342
Franziskus,13343
Kardinäle,13344
e1midi,13345
WeAreAllZayn,13346
GF38,13347
bathtime,13348
ZeroExcuse,13349
FamilleBélier,13350
Créche,13351
accomplissementpersonnel,13352
DevoirDeMerde,13353
Sucré,13354
TheYoungManShow,13355
SDF,13356
Finally,13357
girondins,13358
OuVaLeMonde,13359
FreeSyria,13360
oncommencefort,13361
2015wish,13362
dansledur,13363
likeforlike,13364
thecivilwars,13365
SEUM,13366
hum,13367
chaleur,13368
mifa,13369
Marilyn,13370
SoutenezMoi,13371
issanissa,13372
IggyAzalea,13373
Essonne,13374
Angoulème,13375
teamjuv,13376
pecob,13377
askchamo,13378
Amoureux,13379
ProjetTut,13380
PartielH24,13381
Nutella,13382
brunch,13383
faisunvoeux,13384
Awesome,13385
drome,13386
arc,13387
rainbow,13388
journalistes,13389
coupdegueule,13390
saharaoccidental,13391
lesvraissavent,13392
jt,13393
sadlife,13394
NHL15,13395
misfits,13396
GoRouen,13397
toutelavie,13398
poulemouillée,13399
OceaneTandax,13400
jaichangé,13401
TheNotebook,13402
rink,13403
ice,13404
familledecroates,13405
Brisbane,13406
TeamReal,13407
épiphanie,13408
superdimanche,13409
BETAward2014,13410
deprime,13411
devoirpasfait,13412
toutvasbien,13413
Collector,13414
Douchka,13415
SSJAVPMGMJIA,13416
teamroh,13417
teambabtou,13418
hashtaggrosgamin,13419
MerciPhotoshop,13420
KevAdamsUnHumoristeEnOr,13421
stoptheflames,13422
hanginthere,13423
Vavavoum,13424
KevUnePerfection,13425
Bissiere,13426
GameofThrones,13427
CortexPresident,13428
upp,13429
WhyNot,13430
BackToTheFuture,13431
onycroit,13432
MHRRCT,13433
etbim,13434
VisMaVie,13435
24解説,13436
drrr_omoide,13437
Judée,13438
BenHur,13439
MattNotreAngeReviensNous,13440
Catedral,13441
TeamPulco,13442
Loya,13443
Kenanİmirzalıoğlu,13444
Grey,13445
Madeleine,13446
Empty,13447
rue,13448
Tronchet,13449
RCL,13450
dahkla,13451
LongLiveSpeackerKnockerz,13452
BDD,13453
Decue,13454
TeamBL30,13455
asknono,13456
aprendreauseconddegremonfrereaucheveuxcouleurdeFeu,13457
AntiOL,13458
AllezLens,13459
mmm,13460
GermainLeRoumain,13461
hippodrome,13462
letrot,13463
pmu,13464
RicoShow,13465
chomage,13466
CPI,13467
Palace,13468
Clio,13469
FrancoisCuit,13470
ThibautEnRute,13471
FloEnGentleman,13472
EtienneEnRaisin,13473
LoEH,13474
Bbl,13475
PosMeMuero,13476
myLove,13477
Salé,13478
QueMonCorpsMePardonne,13479
superpouvoir,13480
LhommeQuNeDansaitJamais,13481
lamatineevaetredure,13482
dubsmash,13483
LavieNocturneDeBaba,13484
voici,13485
public,13486
memecombat,13487
uneheuredetranquilité,13488
teamzoneb,13489
Enjoy,13490
3SemainesDeVacances,13491
CdF32es,13492
Donatella,13493
AuBoulot,13494
Calais,13495
MusaAzma,13496
KatilPolis,13497
KatilAkp,13498
fautchercherloin,13499
Neudorf,13500
SundayBrunch,13501
célibataire,13502
Church,13503
papyDrucker,13504
CharlesDeGaulle,13505
hawks,13506
Power,13507
lotr,13508
TeamASNL,13509
LOL,13510
CafesBarsDeFrance,13511
cadeaux,13512
rael,13513
RAOM,13514
EcranFCGB,13515
sauf1,13516
ASAB,13517
LaNorma,13518
FuckingGenious,13519
ragezpas,13520
KevAdamsUnHumoristeExeptionnel,13521
Djal,13522
Potterhead,13523
page,13524
mtp,13525
lagrandemotte,13526
TeamLacazette,13527
AL10,13528
jaidessinetaculotte,13529
cicciolina,13530
beaubourg,13531
dlfceag,13532
Asse,13533
TeamQuintal,13534
wemissyouparkbom,13535
Perfection,13536
MonChat,13537
riennevaplus,13538
fakeAss,13539
DINEAG,13540
DerbyGaronne,13541
TeamFCGB,13542
Shark,13543
CoupedeFrance,13544
DemainLesCours,13545
TEAMOL,13546
jenaiquedesamisalcooliques,13547
Semnoz,13548
teamFoyatier,13549
CDFF,13550
fekir,13551
retrouvailles,13552
Tuvaferkwa,13553
Bounedjah,13554
Thalès,13555
ship,13556
Starfighter,13557
SupporterDémoraliséDésespéréDémotivéDémobiliséDésenchantéLasÉcoeuréDécouragéDéçuEnColère,13558
IssaNissa,13559
VLF,13560
nolife,13561
voisine,13562
nimesolympique,13563
32emedefinal,13564
JonJones,13565
Ahamada,13566
fiertégirondine,13567
TropCourt,13568
Travail,13569
NIMEASM,13570
NousSommesOL,13571
effeahq3,13572
cholet,13573
englishbulldoglovers,13574
bulldog,13575
bulldogge,13576
DDay,13577
MauvaiseFoi,13578
duh,13579
deleteuber,13580
ubershame,13581
TrueTalk,13582
HarryPilcer,13583
Torres,13584
AtleticoMadrid,13585
tweetcommeunlyonnais,13586
uber,13587
Masuaku2016,13588
lr,13589
AskHoria,13590
2cool4school,13591
2glam2giveadamn,13592
GoSuicide,13593
SodaUnTropLongWeekEnd,13594
teamOrsel,13595
TeamMontceny,13596
teamLigaOne,13597
verdadVerdadera,13598
toobig,13599
mtb,13600
mx,13601
cloud,13602
motocross,13603
enduro,13604
gopro,13605
Guimauve,13606
FaceFak,13607
BestTimeEver,13608
IlaToutCasserPourLesSupporters,13609
FCNantes,13610
onestcheznous,13611
CestNormalARosewood,13612
périple,13613
OnAfaim,13614
GoAround,13615
LFPN,13616
OnSeMoqueDeNous,13617
figth,13618
Madagascar,13619
MarreDAttendre,13620
Rambo5,13621
OnBoitPourOublier,13622
DepuisQueJeConnaisSulivan,13623
onSangster,13624
sony,13625
aibo,13626
AJARCSA,13627
212ControleLaZone,13628
212ControlePoudlard,13629
UneHeuredeTranquillite,13630
ArméeMarseillaise,13631
OnCraintDegun,13632
alexlacazette,13633
AmericaJesusFreedom,13634
StrongRealStrong,13635
FemininesFCN,13636
FCNFCL,13637
AllezLesFilles,13638
RclOl,13639
Monstre,13640
voyou,13641
gâteau,13642
financiers,13643
dogs,13644
Surfers,13645
Chretien,13646
Dabo,13647
mourirgros,13648
ThisMyShit,13649
24hauxurgences,13650
nt1,13651
NIMASM,13652
KizombaTime,13653
ZoukTime,13654
FCNASM,13655
Contrepartie,13656
asmrugby,13657
geazy,13658
Shit,13659
FuckU,13660
PoorPaulMacCartney,13661
JEROMEANICE,13662
bottes,13663
jupes,13664
teriyaki,13665
green,13666
VALRMA,13667
december,13668
décembre,13669
froids,13670
iphone,13671
lenslyon,13672
TuNousManquesDéjà,13673
Begeek30000,13674
laylor,13675
francetv,13676
Jacked,13677
Week52,13678
paces,13679
FuckLesRageux,13680
OnNeVieQ,13681
JoelBats,13682
ploucs,13683
crackseries,13684
trot,13685
EnfinIlRevient,13686
TeamAuvergne,13687
teamugly,13688
MaisonÀVendre,13689
AD2,13690
block,13691
Thyméo,13692
LAEDLP,13693
al,13694
olfeminin,13695
Jtadore,13696
Tassure,13697
ChanteCommeBlackM,13698
teamGad,13699
Tutu,13700
OnProfiteAuMaxDuDernierJourDeVacances,13701
ball,13702
koons,13703
PDG,13704
stevemadden,13705
Sansaucundoute,13706
roms,13707
SansPapiers,13708
TimeToListen,13709
PasMotivée,13710
LeChangementCestMnt,13711
JeSuisPhilosophe,13712
sarko,13713
Jimbaldwin,13714
legend,13715
ToutEstPossible,13716
GeordieShore,13717
GeordieShoreFR,13718
RogersOnPenseatoi,13719
Montventoux,13720
husquvarna,13721
SodaPrime,13722
montivation,13723
TeamGs,13724
OmgGadMaFav,13725
VousAllezMePerdre,13726
ESCE,13727
SMCDFCO,13728
teampasdhumour,13729
SpenglerCup,13730
Novice,13731
cracksseries,13732
PèreBlaise,13733
AllerLesLensoins,13734
SangEtOr,13735
DLFCEAG,13736
alternance,13737
renouveau,13738
toutestpossible,13739
abonentendeur,13740
LeTrot,13741
FollowMoiSiTuVoisCeTweet,13742
rentree,13743
Clisson,13744
CommeQuoi,13745
CPFC,13746
mcfc,13747
lovefootball,13748
cannabutter,13749
Feu,13750
TeamLansse,13751
tenpenny,13752
Sondage,13753
Zaz,13754
Colibri,13755
vivementdimanche,13756
Véridique,13757
madeinfrance,13758
soutienSarko,13759
Vécu,13760
ASNL,13761
papafier,13762
Njie,13763
4Février,13764
LePlusBeauCadeau,13765
vidéo,13766
LifeIsABitch,13767
SASFCM,13768
Yambéré,13769
BenYedder,13770
JDL,13771
best,13772
nutrition,13773
EP2,13774
putes,13775
FIFATime,13776
PulpFiction,13777
FollowNous,13778
Messmer,13779
TheGrudge,13780
TorresHaVuelto,13781
BonneIdee,13782
JeFaisTout,13783
GrandJury,13784
Cop21,13785
loiRoyal,13786
AlerteMalbranqueen10,13787
FollowNousSTP,13788
Wikipedia,13789
Toutestposible,13790
Hamouma,13791
TEAMASSE,13792
austinmahone,13793
austinmahonememories2014,13794
voeuxsncf,13795
BakoLeGeneral,13796
OnVaCourirPourDeFaux,13797
questionexistencielle,13798
drucker,13799
LesAmis,13800
doujeviens,13801
tristevie,13802
Avranches,13803
Lorient,13804
Zappage,13805
zaz,13806
DowntonAbbey,13807
HS,13808
runing,13809
hard,13810
Pigeon,13811
Wunderbach,13812
DéfiDaguis,13813
TeamBarça,13814
EAG,13815
ToutEstPossibe,13816
ComeBack,13817
6Degrés,13818
bougetonculfeignasse,13819
postop,13820
AskVera,13821
SameStory,13822
Retard,13823
CommeAlaToussaint,13824
chateuse,13825
animation,13826
avion,13827
auboutduroulleau,13828
batman,13829
cestmoiquilaifait,13830
aidepc,13831
CommeTout,13832
cned,13833
Perrin,13834
SaintJorioz,13835
SpécialeDeDifool,13836
chicha,13837
Tousestpossibles,13838
ASMFC,13839
ChristineAndTheQueens,13840
cartoline,13841
ALUR,13842
copropriété,13843
immobilier,13844
syndic,13845
alps,13846
SUITUN,13847
JeTaimePetitCon,13848
sulkydor,13849
vgaol,13850
DanceAgainHBO,13851
DanceAgainWorldTour,13852
corporate,13853
UnFilm,13854
LFL,13855
rapcontenders,13856
MarseilleConsolat,13857
ACAjaccio,13858
antilogobie,13859
Christophniemann,13860
Impôts,13861
Alone,13862
KB24,13863
CarrémentQueSi,13864
Parionsport,13865
got,13866
DrHouse,13867
DimancheAuCalme,13868
Tousestpossible,13869
WSSC15,13870
TGV6630,13871
TGV6696,13872
TGV6635,13873
CompoteTime,13874
MomProblems,13875
ASSENAN,13876
Révisions,13877
TABANOU,13878
AskDrago,13879
nouvellepp,13880
lpdla2,13881
booking,13882
bipbip,13883
lkerourio,13884
PhilosopheDuDimanche,13885
soap,13886
1strunoftheyear,13887
NotreDameDeParis,13888
Cathédrale,13889
RoiArthur,13890
shower,13891
AFOOTBATHFORASHTON,13892
AnnecyLeVieux,13893
lac,13894
France4,13895
Replay,13896
viedécalée,13897
Invictus,13898
TeamRCL,13899
Disquette,13900
vieactive,13901
Tchad,13902
cello,13903
cover,13904
nomadism,13905
Cierge,13906
GROS,13907
WinterWeightProject,13908
Peugeot2008DKR,13909
tempspourrit,13910
marcjacods,13911
marcjacodsmakeup,13912
faitdivers,13913
PasDePression,13914
TeamSRFC,13915
Gaddict,13916
PinkLady,13917
BBC,13918
famillytime,13919
mistinguett,13920
mongoles,13921
KEVMOJI,13922
Project2015,13923
pronostic,13924
VIP,13925
Mdr,13926
Biathlon,13927
NivelDeCiumes,13928
Taff,13929
2k15,13930
africanfood,13931
mafe,13932
yassa,13933
pouletbraise,13934
missprestigenational,13935
misslanguedoc,13936
Microcritique,13937
MonAvis,13938
OMO,13939
Kara,13940
FrenchiesWantOTRA,13941
S03E05,13942
OOTD,13943
モデル,13944
TeamBitch,13945
fat,13946
Hongrie,13947
négrophobie,13948
onestpastoutseul,13949
yololife,13950
BelieveMovie,13951
MTVStars,13952
lagacilly,13953
redon,13954
TipTop,13955
TEAMAGC,13956
teamGs,13957
hypitude,13958
Yorkshire,13959
loveofmylife,13960
CoupedAquitaine,13961
USLCF,13962
Picasso,13963
Somalie,13964
PointFéeDuLogis,13965
BonneAnnée2015,13966
Indiana,13967
ComPol,13968
lecieldeParis,13969
HalaMadridYNadaMas,13970
PEGIDA,13971
PetitAvis,13972
ForzaHorizon2,13973
LeStadeEn16emes,13974
byebyeSchool,13975
RCSA,13976
bp,13977
dimanchesoir,13978
retouralarealité,13979
Instaglouglou,13980
galetteDesRois,13981
KACEM,13982
soutienauxdevoirfaisdederniereminutes,13983
Fit,13984
lesmillsgrit,13985
lesmillsCX,13986
grit,13987
CX,13988
hardwork,13989
QuartierLatin,13990
RiveGauche,13991
SulivanEtSonAmiLePandicorne,13992
bibifok,13993
LaPreuve,13994
lesnuls,13995
photographes,13996
VALvsRealMadrid,13997
competition,13998
SulivanSlay,13999
JuniorThesis,14000
Dynamo,14001
UnePreuveDePlusActuellement,14002
instamiam,14003
TeamTC,14004
DetoxJanuary,14005
BonnesResolutions,14006
Health,14007
hanseletGretel,14008
ThomasRonzeau,14009
après,14010
chocolate,14011
idéesortie,14012
KarimDuval,14013
lesindestructibles,14014
Amour,14015
Paris12brille,14016
ecuries,14017
cheval,14018
equitation,14019
sulky,14020
magic,14021
top,14022
challenge,14023
Community,14024
Freebet,14025
sportangers,14026
elevemodele,14027
tesson2bouteille,14028
pneuCoupé,14029
2kmApied,14030
CalleHS,14031
Vive2015,14032
twittcyclos,14033
incohérent,14034
AntiREAL,14035
cristianooooo,14036
Revisions,14037
IceRoadTruckers,14038
LesRoutiersDeLextreme,14039
ValenciaRealMadrid,14040
26But,14041
EnElMarLaVidaEsMásSabrosa,14042
barbares,14043
Soc,14044
RelouDuDimanche,14045
cyrillignacontour,14046
vivelarentree,14047
Vinyladdict,14048
brigitte,14049
abouchequeveuxtu,14050
Zweifel,14051
Paprika,14052
SwissLife,14053
KimJongUn,14054
WhatMikado,14055
AJAMAISLESPREMIERS,14056
VAMOS,14057
TEAMBIELSA,14058
TeamBengous,14059
Boucher,14060
Casseur,14061
radar,14062
oncroiselesdoigts,14063
2015IsTheYearOfOneDirection,14064
Promenade,14065
JardinDesTuileries,14066
WeMissYouMichael,14067
Serpent,14068
Penalty,14069
ToiAussiNiqueTaMèrePourCasserLesCouilles,14070
stade2,14071
commeunegosse,14072
Brennus,14073
SaintCyprien,14074
Femmes,14075
Turquie,14076
SOSTPE,14077
FranceWantsOTRATDates,14078
Noel,14079
vacancestropcourtes,14080
WeMissYouMichaelJackson,14081
SOC,14082
FCB,14083
BBQ,14084
winterlicious,14085
AllerMonaco,14086
HappyYSDay,14087
bienvenuesurtwitter,14088
PetitPrince,14089
Chateau,14090
Beaugency,14091
Loiret,14092
MagnifiqueFrance,14093
OMP,14094
RMLive,14095
TeamCR7,14096
PlateauTV,14097
Sieste,14098
ÉluProduitDeLannée,14099
Arnaque,14100
saison4,14101
Chocolat,14102
Chocolate,14103
MomentCulture,14104
chasse,14105
GlutenFree,14106
Miam,14107
Brioche,14108
jepriepourunmiracle,14109
CP7,14110
TweetCyclo,14111
skypr0n,14112
oldmagconcometofrance,14113
LesGensDeDijon,14114
JenPeuxPlusDeToi,14115
backtoschool,14116
plusdepeno,14117
Rentrée,14118
civiesp,14119
Philippoteaux2016,14120
rayanebensetti,14121
FckOff,14122
Beşiktaş,14123
holorimes,14124
phineasEtFerb,14125
lucas,14126
stratosphérique,14127
money,14128
EnsembleCestTout,14129
Audrey,14130
flanparty,14131
julescesar,14132
HotelJulesCesar,14133
spa,14134
manucure,14135
likesforlikes,14136
moimocheetmechant2,14137
PépiteMarmiton,14138
Ridicule,14139
Fusée,14140
SécuritéSérénité,14141
done,14142
keurtoutplein,14143
Musée,14144
ArtsForains,14145
JeVaisPasAssumerDemainCar,14146
FinDeLaDiscussion,14147
cocksuckers,14148
rappel,14149
pffff,14150
mAdonna,14151
iam,14152
good,14153
badday,14154
Rolancy,14155
365virginieB2,14156
CitySheffield,14157
ASG,14158
Zenith,14159
NIKE,14160
jochyfersobeaerials,14161
lights,14162
aerials,14163
OkoZuaEgogo,14164
ClubDorothee,14165
fandelapremiereheure,14166
NikeFrance,14167
coyg,14168
notimetogettired,14169
Fanfouze,14170
jacobcometoFrance,14171
loisanté,14172
afc,14173
OldMagconComeToFrance,14174
Jacobcometo,14175
capue,14176
ENS,14177
Menilmontant,14178
Paris20e,14179
jaimemonquartier,14180
TeamValenceToday,14181
Musclés,14182
IndiaMahdavi,14183
PUTAMADRID,14184
Mcy,14185
Party,14186
LesTresorsDesHotelsParticuliers,14187
RIPFramboisier,14188
LesMusclés,14189
ClubDo,14190
ClubDorothée,14191
SalutLesMusclés,14192
STADE2,14193
fanzouze,14194
faitesundonpourlefauteuildelodiesvpmerci,14195
Papa,14196
PourRespecterLeProgramme,14197
SkinkRadio,14198
YearMix2014,14199
Showtek,14200
LaPisseDeFakir,14201
CommentFoutreLaHaine,14202
teamstmg,14203
Stade2,14204
TriForce,14205
SES,14206
Shym,14207
bourse,14208
brongniart,14209
ligne3,14210
instapic,14211
lesmuscles,14212
SODA,14213
Framboisier,14214
décrassage,14215
Youpiii,14216
KevSouhaiteLannivdeAdamsienne01bc,14217
ARSHUL,14218
ADH,14219
OnVousBruleVosMeres,14220
blacquart,14221
HMFC,14222
PostBadIndian,14223
indian,14224
indiangirl,14225
indianDress,14226
pasbesoindechercher,14227
SeptaHuit,14228
YEOMUN,14229
showertime,14230
jacobcometoFRANCE,14231
vamosReal,14232
CrewDesModeuses,14233
TweetCommePierreMénès,14234
intensite,14235
bodypaint,14236
Rosny,14237
LNAM3,14238
AuthorityPower,14239
bemolgautreau,14240
royal,14241
NEXT,14242
KeepCalm,14243
PoserPied,14244
amourdegrandesoeur,14245
framboisier,14246
musclés,14247
BalDesVampires,14248
Mogador,14249
Caribou,14250
ailleurs,14251
Farinetti,14252
Feghouli,14253
Valence,14254
LargentqueJolanParieMeRevient,14255
eve,14256
fireworks,14257
stockholm,14258
stade2le,14259
laval,14260
job,14261
Mayenne,14262
duper,14263
Janoski,14264
Supra,14265
pasolini,14266
impatiente,14267
aéroport,14268
loiMacron,14269
mercatodesjeunes,14270
Lucas,14271
homophobie,14272
homos,14273
hétéros,14274
homophobia,14275
cause,14276
CDFAGC,14277
4freres,14278
AllerRealMadrid,14279
VamosReal,14280
VisMaVieDeSudiste,14281
AuDessus,14282
JacobComeTo,14283
JacobCometoFrance,14284
DemainCestLaRentrée,14285
tpmpfollowme,14286
Bientot,14287
Stress,14288
Avenir,14289
fallaitpaslinviter,14290
clownsportif,14291
biraksendekaybolayim,14292
UnAméricainÀParis,14293
AnAmericanInParis,14294
WOW,14295
VamosValencia,14296
IleDeRé,14297
ValenceReal,14298
Polie,14299
JeVousGrifouilles,14300
JVM,14301
BlackKentSeul,14302
septahuit,14303
TPMPFollowMePlease,14304
ProblèmeDeScript,14305
lushbombs,14306
AMostViolentYear,14307
PhilLynott,14308
motog2,14309
TaGueuleEnculé,14310
Beach,14311
Chanthaburi,14312
Sea,14313
CloudySky,14314
Italia,14315
Amor,14316
2015AppartientAuWatiB,14317
raslebolputain,14318
qpuc,14319
zezetteepousex,14320
Paslafoi,14321
salutlesmusclés,14322
lagourmandise,14323
rentreemonvier,14324
JeuDVR,14325
one,14326
ChallengeUnDisneyParSemaine,14327
mrt,14328
7a8,14329
CoursToujours,14330
VALREA,14331
ChristmasPresent,14332
CottonCandy,14333
Homemade,14334
FunFair,14335
AtHome,14336
Partizan,14337
EnsembleNousSeronsPlusFort,14338
Unibet,14339
netbet,14340
betclic,14341
pronos,14342
poésiequandtunoustiens,14343
mith,14344
bb,14345
JACOBCOMETO,14346
kiné,14347
xouilleETmoi,14348
Praktikum,14349
Valencia,14350
goodbyeToulouse,14351
Easyjet,14352
Christmas,14353
TesPasBasketteurSi,14354
Jura,14355
Whisky,14356
PutaMadrid,14357
Ecomouv,14358
GrandJuryRTL,14359
Desperate,14360
Sainté,14361
LargentQueNassimParieMeReviens,14362
JeVaisPasAssumerDemain,14363
AupaValencia,14364
sista,14365
year,14366
Ambiance,14367
Stephanois,14368
Etrat,14369
Etp8koi,14370
PasDeReseau,14371
JeffreyMetNousEnTT,14372
LesAnneesBonheur,14373
OnSeFoutDeNous,14374
EtAlors,14375
LaMalice,14376
Tal,14377
problemesde2nde5,14378
lavoisier,14379
AssassinCreed3,14380
Desole,14381
FinDuDream,14382
BRASIL,14383
ViscaBarca,14384
GraciasValencia,14385
Dolce,14386
Ferragamo,14387
66minutes,14388
7A8,14389
SulivanAu50k,14390
zumba,14391
ReposeEnPaixVacances,14392
camus,14393
Ideologiedominanteantiraciste,14394
Melo,14395
globaldev,14396
AFOOTBATHFORASHTONFOLLOWPARTY,14397
hyatt,14398
cdg,14399
roissy,14400
christmas,14401
tree,14402
arbre,14403
noel,14404
high,14405
NouvelleStar,14406
luthier,14407
artisanat,14408
dimanchechiant,14409
pacman,14410
TousPol,14411
CEtaitCouruDAvance,14412
livres,14413
BEINSPORT,14414
ASLHULL,14415
avatar,14416
LaFuriaDelKrakken,14417
AvatarPorUnDia,14418
JacobStyle,14419
EPconcoursOORA,14420
RIPStuartScott,14421
Portugal,14422
Périphérique,14423
SerieConfessFollowSpree,14424
ColorGitano,14425
Andalouse,14426
Cool,14427
ARSvHULL,14428
lovetheseguys,14429
évreux,14430
busrégion,14431
JAiSéchéMesLarmesAvecUnPeiDAlcool,14432
Binoclarde,14433
LaBinocle,14434
JeVeuxLesMêmes,14435
Team75,14436
MPDUA,14437
reimstourisme,14438
Saoulé,14439
ShowerTime,14440
vallini,14441
roybon,14442
pepy,14443
beauté,14444
mimi,14445
fucktheworld,14446
PitbullStaff,14447
DumbledoreTaMisUnCoupDeBabouche,14448
gracias,14449
barcelona,14450
PlanetRap,14451
Polar,14452
whywelovetheomahaboys,14453
nemefrappezpassvp,14454
TouchePasALaLoiTaubira,14455
FOB,14456
directpr,14457
CongratsSandy,14458
FCBarcelona,14459
RestInPeace,14460
Sheguey,14461
Parisbynight,14462
TeamBrunette,14463
LaNuitAuMusee3,14464
JACOBCOMETOFRANCE,14465
FramboisierTribute,14466
CouronneDesRois,14467
Épiphanie,14468
Gourmandise,14469
teamjuriste,14470
ilestcontent,14471
carte,14472
DemainCestLaRentree,14473
cobayesf5,14474
RIPVacances,14475
SULIVANAU50K,14476
UnPandicorneSlay,14477
LesMuscles,14478
jenpouvaisplus,14479
Palaisdetokyo,14480
inside,14481
asian,14482
phare,14483
bateaux,14484
barque,14485
mer,14486
finistere,14487
breizh,14488
bretagne,14489
hiver2015,14490
HighFive,14491
JeanMarc,14492
Noël,14493
frenchfood,14494
meat,14495
Nemours,14496
milan,14497
thello,14498
Frases,14499
gniougniougniou,14500
posésurnamek,14501
Attac,14502
jeu,14503
android,14504
quiz,14505
Teamhallyday,14506
Infographie,14507
Emailing,14508
WebMarketing,14509
first,14510
instructor,14511
overhead,14512
chèvre,14513
AudiA4,14514
JaimeTropLéaEtJuliette,14515
Pinocchio,14516
grentlendisasfruit,14517
sexiondassaut,14518
WhatMikado2,14519
chaos,14520
PaulCezanne,14521
Cobayesf5,14522
Lidl,14523
tweets,14524
problemeDeMetisse,14525
verseau,14526
QuestionExistentielle,14527
12YearsaSlave,14528
InfamousSecondSon,14529
MusicalJoke,14530
TeamTurcs,14531
Alhambra,14532
الحمراء,14533
Granada,14534
غرناطة,14535
ouverture,14536
Tweet,14537
Digital,14538
ZamalekArtGallery,14539
Cairo,14540
slurp,14541
sundaynights,14542
ChristmasLights,14543
ChristmasTree,14544
Chandelle,14545
Candle,14546
Night,14547
Guirlandes,14548
landmark,14549
NicolasLeBest,14550
zoneinterdite,14551
forains,14552
oops,14553
ripvancances,14554
douchefroide,14555
allezlOM,14556
365scores,14557
TeamEspaña,14558
regaleznous,14559
minecraft,14560
fifa,14561
Ragequit,14562
Internat,14563
BenjamZoo,14564
ReineDeBuffaloGrill,14565
Congrats,14566
poisse,14567
tweetdesannées80,14568
georgepompidou,14569
littlesister,14570
Crevé,14571
TPMPFollowme,14572
congrèsPS,14573
harrylouyear,14574
SMCaen,14575
K2A,14576
JeffreyRemetNousUneSemaine,14577
miskine,14578
TeamRoger,14579
Yolodanstagueule,14580
grandjury,14581
Activité,14582
Tcom,14583
JtmMaman,14584
KevJtm,14585
AS17,14586
ASLHUL,14587
adoptée,14588
vraisreconnaissentvrais,14589
Soldes2015,14590
MaBlague,14591
LeCoq,14592
enfance,14593
Thomasngijol,14594
Mario,14595
PO,14596
Prometheus,14597
maternité,14598
teamDevoirsleDimanchesoir,14599
homosexualité,14600
favtvshow,14601
alloresto,14602
RIPMinah,14603
SnapComme,14604
onfaitaveccequona,14605
LaBox,14606
Numericable,14607
mosque,14608
AbuDhabi,14609
wordcord,14610
viscabarca,14611
BrownParts,14612
JournéeFini,14613
programmationdelamachineàcafé,14614
vacance,14615
ArrowSeason2,14616
Fenerbahçe,14617
DimancheSoirMeCassezPasLesCouilles,14618
BobMarley,14619
Toulon,14620
MimiLeBebe,14621
TeamGlandeur,14622
jeanrolin,14623
écoutezladifférence,14624
snobcommeunbidet,14625
lapincemonseigneuretaittoomuch,14626
Voleuse,14627
lunatic,14628
Urbanology,14629
ElleMaAime,14630
letsbanmonday,14631
BRABUS,14632
seductivesundays,14633
Contemporary,14634
sadness,14635
lavie,14636
FuckFrangipane,14637
monceaufleurs,14638
GrandRoue,14639
AcousticTour,14640
glacieredeBielsa,14641
phenomenal,14642
partiel,14643
MarleyEtMoi,14644
fautbienremplirlessalles,14645
EspoirFaitVivre,14646
DarylLenjailleur,14647
4years,14648
Dog,14649
DogFam,14650
urgences,14651
ProcrastinationDeMerde,14652
kamasoudraps,14653
labellevie,14654
Zagreb,14655
BeautyAndTheBeast,14656
GrossièreErreure,14657
iPhone5,14658
LiveBox,14659
LePereNoelEstUneOrdure,14660
Puma,14661
BouyguesTelecom,14662
deconnecté,14663
JDL2015,14664
GREOM,14665
deuxbeautees,14666
meilleure,14667
Gignac,14668
pitoyable,14669
GAME,14670
Pétasse,14671
GoBackToWork,14672
GrosBoule,14673
Evolution,14674
EvaVeutDestiny,14675
ParentsModeDemploi,14676
TeamDucret,14677
ViolettaLive,14678
ADP,14679
Dvk,14680
macadame,14681
oujdia,14682
10APG,14683
İztuzuPlajınaSahipCıkalım,14684
finilesvacances,14685
PureCambogiaUltra,14686
purecleanslife,14687
FR2,14688
FoireRouen,14689
Delete,14690
YolsuzlukVeRüşvetYılı2014,14691
passisexy,14692
incapable,14693
médiocrité,14694
perenoelestuneordure,14695
Calo,14696
VamosBarca,14697
TeamAlizée,14698
ForeverFan,14699
WeLiveYou,14700
RSOFCB,14701
LPNEUO,14702
TheInterview,14703
FBsort,14704
VentaPaco,14705
Dantxarria,14706
cletop,14707
gf38om,14708
RobertDowneyJr,14709
JudeLaw,14710
Regis,14711
RealSociedadBarca,14712
Vamos,14713
UMGOrlando25k,14714
JeremstarVoice,14715
Kisanola,14716
lepèrenoëlestuneordure,14717
bonnemaman,14718
MimiLeSumo,14719
BONUS,14720
NouvelAn,14721
LaFamilia,14722
Teamzy,14723
LRgang,14724
ànous2015,14725
Cala,14726
CLEDAL,14727
LEtudiante,14728
mythbusters,14729
ressemblanceTrouble,14730
Iceland,14731
appropriatemusic,14732
LaSpecialeDeDifool,14733
Lopez,14734
Parra,14735
flop,14736
joyeuxnoelfelix,14737
barrederireavantrepriseduboulot,14738
WeNeedKlaineBack,14739
Larzac,14740
bio,14741
brebis,14742
allerGrenoble,14743
tropdesentiments,14744
nanainlove,14745
LunaPark,14746
lunchinthesun,14747
wintersun,14748
14degrees,14749
missko,14750
GREMAR,14751
Laviedesforains,14752
ChrisNewVideo,14753
gücenme,14754
socfcb,14755
whywereproudofskate,14756
LePèreNoelEstUneOrdure,14757
NYE,14758
NewYearsEve,14759
Latergram,14760
MakeUp,14761
FavLipstick,14762
Disneyland,14763
choupi,14764
LePèreNoëlEstUneOrdure,14765
nooon,14766
looseweight,14767
workhard,14768
gooddiet,14769
bigbrother,14770
TeamGreta,14771
acab,14772
rentree2015jarrive,14773
JdeclarePas,14774
Misk,14775
CharlieTo40K,14776
SherlockHomes,14777
RDJ,14778
ButThatsNoneOfMyBusiness,14779
campionatiesteri,14780
FBsport,14781
Philosophie,14782
apres4mois,14783
jesuisheureuse,14784
mydog,14785
buddy,14786
iloveit,14787
kiffance,14788
SangsterDay,14789
LePereNoëlEstUneOrdure,14790
ultraviolence,14791
uberlove,14792
rentrer,14793
maison,14794
DropDeadDiva,14795
VISCABARCA,14796
Lozere,14797
IDF,14798
Superheroes,14799
WorldOfPop,14800
ZoneInterdite,14801
DansLeTurfu,14802
SonsOfAnarchy,14803
mercimonamour,14804
LaFeteAuVillage,14805
tropdelachance,14806
Hulot,14807
nvlpp,14808
ChocolatViennois,14809
TourDuMonde,14810
TeamDan,14811
socbar,14812
superbowl,14813
leperenoelestuneordure,14814
TO,14815
blondies,14816
neymar,14817
bresil,14818
tristeépoque,14819
shisanyama,14820
braai,14821
LesArcades,14822
alcoolo,14823
SocialTV,14824
LundiCestLaRentree,14825
DéprimeTotal,14826
lamacorp,14827
ZI,14828
GoodByeDaniel,14829
SacWeekEnd,14830
f4,14831
Anissa,14832
deconnectée,14833
Rougerie,14834
papa,14835
maman,14836
alancienne,14837
LHommeAuBob,14838
lifedeFDP,14839
culte,14840
ThatMomentWhen,14841
SheraCurls,14842
gpapeurdprofs,14843
pointlessblogmerch,14844
tristemavie,14845
okjesors,14846
PeurDeMeTromper,14847
mangergrec,14848
Twilightlove,14849
PaulGrelet,14850
gf38,14851
GIGNAC,14852
of,14853
top14,14854
JeSaisJeSuisTenduEtAlors,14855
SeulLesVraisSavent,14856
Hornet,14857
vodkasida,14858
JeNeVisePersonne,14859
Culture,14860
Géographie,14861
TweetCommeUnNoirTorseNuSurSaPP,14862
toujours,14863
IfIStay,14864
SkyzzFamily,14865
thauvinGrosMerde,14866
faya,14867
Nameho,14868
Rentree2015,14869
saintherblain,14870
taglit,14871
trip,14872
AmazingExperience,14873
carpfishingpassion,14874
jeanimbert,14875
lacajou,14876
topchef,14877
déjeuner,14878
TeamRcLens,14879
okjebouge,14880
Benfica,14881
romeoetjuliette,14882
EnVraiÇaMeFaitPasTropRire,14883
IanSomerhalder,14884
DamonSalvatore,14885
Madrid,14886
RedStarFC,14887
devilinside,14888
brooklyn99,14889
StarUnJourStarToujours,14890
Titanic,14891
my,14892
cousin,14893
ThatAwkwardMoment,14894
WorkingHard,14895
Immigration,14896
fcblive,14897
DylansChallenge,14898
beautyandthebeast,14899
LesRacistesDoiventSeFaireSoigner,14900
SadStory,14901
LesCanonsdeNavaronne,14902
Thauvin,14903
MTP,14904
Jokeezy,14905
dontfeellikeit,14906
holsagain,14907
freefortin,14908
marathonen3semaines,14909
EJE,14910
StudentLife,14911
TheGodfather,14912
freelogobi,14913
logobi2k15,14914
BANGBANG,14915
DEUMILLEZEKiN,14916
GeordieShorefr,14917
marvelsagentsofshield,14918
VivreEnsemble,14919
DepuisTuChercheDieu,14920
TB14,14921
Lightislife,14922
enfaitjaimelesenfants,14923
lejobmaisunefamilleaussi,14924
Rectify,14925
MissToulouse,14926
désolée,14927
eyne,14928
snowboarding,14929
offredemploi,14930
jungbusch,14931
capique,14932
dormesson,14933
WarmBodies,14934
ToutBouleversé,14935
NewWork,14936
VraiNegroSavent,14937
Conference,14938
joesatriani,14939
satriani,14940
pourquoilavie,14941
teamg1,14942
Visé,14943
BackInTheSchoolGame,14944
raconteur,14945
MarleyetMoi,14946
guiltypleasure,14947
ALLEZPARIS,14948
noentiendo,14949
surkiff,14950
imgonnafail,14951
ohwell,14952
worthit,14953
5HFanuaryDay4,14954
Gotham,14955
SeriesAddict,14956
petittoutouensolde,14957
oùestlerespect,14958
mskn,14959
samsung,14960
CaMeufVaLuiDireDansUnInstant,14961
depuisonmemenace,14962
SoutienEntreCousines,14963
Exams,14964
rentréeAlaCon,14965
Étreux,14966
Tarêvecomme,14967
LesSyriensDominent,14968
kheyou,14969
Hleli,14970
LOOOOOOL,14971
BrfViveLaSyrie,14972
TG,14973
seinezootourprolongation,14974
NanMaisSérieux,14975
VISCAELBARCA,14976
rickymartin,14977
House,14978
Maison,14979
MaisonAbandonnée,14980
AbandonedHouse,14981
Aisne,14982
Footix,14983
HarryPotterForever,14984
Lapsus,14985
gros,14986
postbadzombies,14987
DemainEvitezDeMeSouler,14988
EmilyLoizeau,14989
Toutestdit,14990
Fofana,14991
LeePace,14992
legrandremplacement,14993
Water,14994
Eau,14995
WaterWay,14996
SambreÀLOise,14997
CanalDeLaSambreÀLOise,14998
Écluse,14999
perfectgirl,15000
tweetsud,15001
AJamaisDesSardines,15002
LeSecretdeBrokebackMountain,15003
Chargé,15004
Wildcard,15005
bein,15006
lovethedarts,15007
GrandRemplacement,15008
etcanemavaitpasmanque,15009
NuitBlancheEnPrevision,15010
lunel,15011
AupaAtleti,15012
bastille,15013
askipillefaut,15014
HD1,15015
DontJudge,15016
CI,15017
Barca,15018
Messi,15019
Neymar,15020
pasenviededormir,15021
mymoodallthetime,15022
hécatombe,15023
Oreal,15024
WeAreAllMartin,15025
jsuisquunthug,15026
Youcandoit,15027
newGeneration,15028
lexus,15029
TheHungerGames,15030
EE,15031
MerciMoyes,15032
RSFCB,15033
leskilosaussi,15034
YoSoyImparable,15035
BonaNit,15036
DemaMesIMillor,15037
TheChosenOne,15038
DerbiyleStadyum,15039
EnquetesImpossible,15040
cestuneautreculture,15041
Offbutt,15042
VoilaVoila,15043
greffe,15044
DemainJeVaisRegretter,15045
Atletico_madrid,15046
TeamPelousePourrieRepresente,15047
BANDESDEFORCEUR,15048
LightsOut,15049
ImagineDragons,15050
lawschoolproblems,15051
BRICS,15052
UFCFightNight,15053
oooofff,15054
Interactiv,15055
directPR,15056
SalutlesMusclés,15057
Mort,15058
CaChuffit,15059
JUL,15060
forever,15061
picadillycircus,15062
photographie,15063
amazingmoment,15064
perfectfilm,15065
ChristopheDidierJfBenoitPascalJeromePascal,15066
TalentBr,15067
JeSaisJeSuisPasNormal,15068
cibleparfaite,15069
jenpeuxplusdemoi,15070
MouvY,15071
GenY,15072
Carnage,15073
HaIaMadrid,15074
teamReal,15075
class,15076
DETvsDAL,15077
Pneumonie,15078
LeQuattroStagioni,15079
Saramago,15080
Lisboa,15081
Litterature,15082
EvaVeutVraimentDestiny,15083
한국어,15084
한국식당,15085
프랑스어,15086
줄어,15087
한국말,15088
공부하다,15089
coreen,15090
Elisabete,15091
UnMotPourChaqueChoses,15092
tooeasyforDetroit,15093
لغتي_هويتي,15094
proverbe,15095
NeverGetTiredOfAQueen,15096
LeClan,15097
FreeFall,15098
motivée,15099
easportsfifa,15100
QueenTiph,15101
FAQ,15102
trop,15103
APeuPrèsHlel,15104
chaudelameuf,15105
Brunet,15106
politiqueWE,15107
Death,15108
notdoday,15109
Pronostic,15110
comfessionsintimes,15111
VieUnPeuDeMerde,15112
PasEnvi,15113
JoeyAtShiverfest,15114
ExpressionDeVieux,15115
Nrj12,15116
Om,15117
STOPyouarenot1D,15118
Michto,15119
teamaymeila,15120
NancyTuPues,15121
alaidemafilleveutetrecatcheuse,15122
Breyton,15123
Allez,15124
Memories,15125
ClanFarfadets,15126
JiraiAuCinocheSeulEtJemmerdeLaSocieté,15127
Rebel,15128
GolDRoger,15129
OMGF38,15130
LFAV,15131
tn,15132
Haven,15133
OREL,15134
Archisound,15135
bacblancfrancais,15136
DefiKilos,15137
Cowboys,15138
Lions,15139
LoveMeHarder,15140
helpme,15141
myfriends,15142
TeamDjazair,15143
TehiaDjazair,15144
rageux,15145
FWTP2,15146
offliam,15147
danse,15148
frenchballet,15149
operagarnier,15150
tapette,15151
NTMzer,15152
ECHECETMAT,15153
WB,15154
JoeyAtShiverFest,15155
aidesoignante,15156
teamboulets,15157
startupfrançaises,15158
LasVegas,15159
JulSurSkyrock,15160
DansLespoirDeSeRetrouver,15161
SnapchatSelfie,15162
Piranna3D2,15163
жизньболь,15164
ThauvinEnEDF,15165
SobrementJoyeux,15166
TopChrono2015,15167
TCHAD,15168
LaMagieDeLaCoupe,15169
enoooooooorme,15170
equipe,15171
warrior,15172
londres,15173
thisislondon,15174
londoneye,15175
Tamise,15176
rivertames,15177
boat,15178
toursdeterrain,15179
toujours1er,15180
euro,15181
teamom,15182
greom,15183
maivaisperdant,15184
TeamGras,15185
ICICESTPARIS,15186
lEspoirFaitVivre,15187
MHSCPSG,15188
tobby,15189
tropchou,15190
instantreflexionsurlemonde,15191
cfa,15192
TeamOm,15193
GrenobleEnLigue1,15194
snapshat,15195
FuckLOM,15196
GrenobleOM,15197
hâte,15198
doria,15199
Thauvinlapepite,15200
cafaitdubienderelireca,15201
GenerationHumour,15202
Tweetvisé,15203
Centrafrique,15204
RAF,15205
USQ,15206
rdvle30mai,15207
lepauvre,15208
MagiedelaCoupe,15209
InviteMoiAtonAnniv,15210
GuillaumeRadio2,15211
MauvaisQuartDHeure,15212
nvm,15213
bac2015,15214
durvie,15215
TweetCommeUnRageux,15216
DéfiKilos,15217
ÀJamaisLesPremiersSortitAu1erTourDeLaCDF,15218
23h50,15219
OuTaiPSGouTai,15220
NasserRemetsNousDesGlacons,15221
HouseofCards,15222
ThauvinEnCFA,15223
TeamETG,15224
Rivaux,15225
newlook,15226
LeonardoDiCaprio,15227
20ans,15228
RobinDesBois,15229
EncouragezMoi,15230
Regime,15231
MarreDeLaDiscrimination,15232
TouchdownCowboys,15233
TeamSangChaud,15234
Lamagiedelacoupe,15235
LolaestlavictimedeLouetEmilien,15236
TuViensDeMetz,15237
Haine,15238
GoodKat,15239
EncoreUneDinguerie,15240
Niroshima,15241
foutaisesss,15242
phenomeneparanormal,15243
EmployeurDeMerde,15244
JaiToutGagner,15245
RealiseMonReve,15246
jesuisdoncjepense,15247
Descartes,15248
danslamerde,15249
Sarikamis,15250
JeSuisPartout,15251
sixteen,15252
SCBPSG,15253
Troyes,15254
SarkoPartout,15255
GODUCKS,15256
JeLisCharlie,15257
teambarbu,15258
Antchèpéyia,15259
beaufattitude,15260
ringard,15261
nocharism,15262
crisdechevre,15263
LaLigneVerte,15264
KissAGingerDay,15265
bdr,15266
MinaAttaKingdom,15267
MinaAtta,15268
jesuisZelig,15269
WoodyAllen,15270
Paddington,15271
phrasedemytho,15272
UneBalladurite,15273
FIFABallondOr,15274
SnapChat,15275
MotsCroises,15276
TheFlash,15277
BelPassaj,15278
MotsCroisés,15279
linkedin,15280
Gueant,15281
beaulapsus,15282
GonalonsBallonDor,15283
RTLMatin,15284
CalvinKlein,15285
JustinBieber,15286
bienvenueauclub,15287
sportive,15288
motscroisés,15289
AJamais,15290
CharlieCoulibaly,15291
Kharja,15292
Sochaux,15293
bobun,15294
Bobun,15295
kitchen,15296
Muhammad,15297
motscroises,15298
mistakes,15299
VenezOnLuiDitKelEstConne,15300
CrazyMe,15301
JeSuisChopper,15302
EducationCivique,15303
BestJuiceEver,15304
MandarinStreet,15305
RoseAndLitchi,15306
bonneannee,15307
SocialHousing,15308
HousingBenefits,15309
Barcaforlife,15310
JoeLincruste,15311
IlsSontCharlie,15312
JpeuxPasVousDirePlus,15313
TeteBrulé,15314
JeSuisEnceinte,15315
OùEstSarkozy,15316
BreakTheInternet,15317
children,15318
Panorama,15319
CoucherDuSoleil,15320
Magique,15321
Pensif,15322
RightNow,15323
waat,15324
léa,15325
justine,15326
chloé,15327
jaiquittélateamperruque,15328
16mois,15329
Homme,15330
Chiant,15331
SaJaTouKoké,15332
ASSEPSG,15333
EDLA,15334
nowhere,15335
lafragiliteyyyy,15336
Lac,15337
Pedalo,15338
LaFertéMacé,15339
Digue,15340
INPI,15341
insomnia,15342
fragilus,15343
bitchys,15344
biatchattitude,15345
SaintOmer,15346
Comédie,15347
JeanRaynal,15348
Chapeaumelonetbottesdecuir,15349
BrianClemens,15350
MinecraftPS4,15351
WallayeBillayeNeTInquietePas,15352
Tranquillement,15353
TransmissionDePensée,15354
WhiteVanGate,15355
Benyettou,15356
TouchePasAMonCharlie,15357
norage,15358
YN,15359
PortGentil,15360
tempete,15361
vent,15362
pigalle,15363
HappyMonday,15364
citeunephrasedemytho,15365
pleaseplease,15366
justholdme,15367
justbehere,15368
FreeTibet,15369
Tibet,15370
muse,15371
composer,15372
musician,15373
team269,15374
SemaineNoire,15375
ObeyForms,15376
TeamBoulochesDansLeNombril,15377
kissfeet,15378
CestPasUnePhraseDeMytho,15379
TheDisappearanceOfEleanorRigby,15380
Him,15381
JeSuisPoliciere,15382
vousnavezpashonte,15383
liberty,15384
GoDucks,15385
intervention,15386
superconnard,15387
DuoQ,15388
Recueillement,15389
JeResteCharlie,15390
JustineLevy,15391
FAN,15392
Lilian,15393
MaxLaRaclure,15394
RETWEET,15395
makeLoveNotWar,15396
RAWNewOrleans,15397
VisMaVieNocturneDeJuriste,15398
ls,15399
Ongenda,15400
HotelAmour,15401
fucking,15402
myday,15403
turnup,15404
lego,15405
30ans,15406
trentenaire,15407
CenaSucks,15408
JeSuisAussiLulu,15409
RollinsVsCena,15410
LumberjackMatch,15411
OH,15412
stylo,15413
plume,15414
çaMeManque,15415
POG,15416
OnFaitLaPaix,15417
PARDON,15418
SethRollins,15419
SethForBusiness,15420
RIPVerisMahar,15421
day2,15422
LoveYouUs,15423
Nanterre,15424
Quino,15425
Rassurée,15426
gdnuit,15427
charliegate,15428
Soon,15429
Charliegate,15430
Leslie,15431
KathrynMerteuil,15432
CruelIntentions,15433
delair,15434
Freud,15435
MOOD,15436
PhilosopheDanslÂme,15437
tartuffe,15438
lafranceuniscontrelebarbarisme,15439
LaigleDesAcores,15440
ForceEtAbnégation,15441
PayeTaVieDeMerde,15442
LFW,15443
lavieestbelle,15444
GremsEstCharlie,15445
pasconlaguepe,15446
grrrrr,15447
BonneJournee,15448
TeamLeveTot,15449
compris,15450
AssisteaTPMP,15451
CroireEnSesReves,15452
AmiesEtSoeurEnOr,15453
LoveMyLife,15454
lexpresso,15455
MorningRock,15456
Fatigué,15457
11janvier2015,15458
siegvo,15459
JeSuisIslam,15460
manifpourtous,15461
Orry,15462
confidentielles,15463
Boufonne,15464
JonSnow,15465
PillsNPotions,15466
prépaartsappliqués,15467
penninghen,15468
ESAG,15469
P1,15470
gouache,15471
HorsSujet,15472
HappyBirthdayPatrick,15473
JeSuisNicolas,15474
vsd,15475
LesAnges7,15476
CoupedelaLigue,15477
EddieRedmayne,15478
GoldenGlobeAwards2015,15479
kiFFF,15480
monster4life,15481
tropfroid,15482
parisiantales,15483
EB136,15484
Nouvelleadresse,15485
Bwin,15486
Brocante,15487
sexe,15488
tête,15489
prophète,15490
jelischarlie,15491
PanoramaXXL,15492
App,15493
appli,15494
TeamClarys,15495
Soldat,15496
ArméeDeTerre,15497
beyonce,15498
JeSuisAhmedClarissaYoav,15499
plusjamaisça,15500
soulagermaispastuer,15501
LaVraieMisereCNous,15502
Garnett,15503
Howard,15504
CoupDeBoule,15505
BarFight,15506
Transmédia,15507
fidélisation,15508
joiedumatin,15509
Voleur,15510
ChallengeDeLaVeille2015,15511
Hitman,15512
TPMPLeRetour,15513
récupérer,15514
bdlr,15515
DamnIt,15516
maigad,15517
Bday,15518
penguin,15519
esi,15520
ifsi,15521
s3,15522
application,15523
app,15524
PopCorn,15525
showroomprive,15526
AgeofUltron,15527
Chelou,15528
HepatitisB,15529
PHC2015,15530
BourdinDirect,15531
CharlieHebbo,15532
NewYorkPost,15533
mooc,15534
teamtoussaint,15535
SiJeSuisMaladeCestLaSNCFQuiPaieraMonMedecin,15536
serp,15537
GnS,15538
LeGarsMaTuer,15539
Recuperation,15540
libertedepensee,15541
jaimemesfreresmusulmans,15542
mardi,15543
jour,15544
interdit,15545
enldr,15546
jesuisunmouton,15547
lolilol,15548
blg,15549
EnLD,15550
TeamToussaint,15551
Parenthood,15552
parentinghumor,15553
parents,15554
Prophet_Muhammad,15555
playingwithfire,15556
BlackoutMiniH,15557
ZMR250,15558
OvercraftPDB,15559
naze32,15560
3DPrint,15561
HashtagPuke,15562
EriMonth,15563
BoycottChalie,15564
hepatitis,15565
health,15566
livestream,15567
hbv,15568
hcv,15569
Kolofata,15570
JeanLouisBorloo,15571
Islamophobes,15572
analytics,15573
WhiteFanGate,15574
JLBORLOO,15575
OnSeFolowBack,15576
OnseFolowSanspression24h,15577
tiritiri,15578
rerb,15579
tunnel32,15580
BonjourMarineLePenVousNAvezPasHonte,15581
jecourspourleplaisir,15582
joggintours,15583
MisterFrance,15584
ClaraMorgane,15585
LauraTenoudji,15586
AlorsOnMate,15587
TousLesCheminsMènentàlAutre,15588
Ludwigshafen,15589
teammayenne,15590
HoF2015,15591
plusdetrains,15592
ligneL,15593
Pfff,15594
coach,15595
agile,15596
suppressions,15597
Subway,15598
Metro,15599
lover,15600
holiday,15601
color,15602
19h30,15603
FirstTime,15604
YouKnow,15605
coworking,15606
BestFriendsForTwentyYears,15607
sillypeople,15608
StupidSchool,15609
CiteTonChanteurPréféré,15610
Retromobile,15611
Bruckner,15612
MerciBisous,15613
UD74,15614
CRAOTSI,15615
CRT,15616
Telephone,15617
BestSongEver,15618
BestMusicVideoEver,15619
BestVideoEver,15620
MaSoeur,15621
Cantelou,15622
AmiensRouenLM,15623
America,15624
NewYorkCity,15625
oneplusoneinvite,15626
BokoHaramKilled2000People,15627
swisschocolate,15628
Shengen,15629
WestinWellBeing,15630
ColourLifeEnergy,15631
StandUp,15632
JeSuceCharlie,15633
BonneAnnee2015,15634
Décède,15635
islamdeFrance,15636
CFCM,15637
439Votes,15638
transilien,15639
LilianLepere,15640
1800MHz,15641
EPlenary,15642
heureux,15643
ThinkPositif,15644
RTNA1,15645
SuckMyDick,15646
cestdelhumourhein,15647
TaisezVousElkabbach,15648
pute,15649
Prodigy,15650
jeSuis,15651
women,15652
xavibes,15653
VCF,15654
bonnejournée,15655
Shame,15656
netanyahu,15657
Censure,15658
xprimeteam,15659
GOV,15660
terraNova,15661
BonneHumeur,15662
TwitterCounter,15663
liver,15664
disease,15665
Moirien,15666
VivelaNormandie,15667
fire,15668
cidph,15669
Buffer,15670
UXdesign,15671
TeamWindows,15672
TeamGoogle,15673
Univ_Lorraine,15674
Lorraine,15675
SiOnNeRitPlusOnEstFoutu,15676
nonstoppeople,15677
reine,15678
vote,15679
auxerre,15680
yonne,15681
rnta1,15682
escalier,15683
téléphérique,15684
Veyrier,15685
Fraternitybrothers,15686
teamMaladePourLecoleMaisPasPourSortir,15687
mortderire,15688
PlanDEau,15689
Longeville,15690
loveeeee,15691
krrkrrr,15692
A20,15693
limoges,15694
bringbackourgirls,15695
bokoharam,15696
Sad,15697
Bumper_Camino,15698
dream,15699
C3PO,15700
GhjeuSòCharlie,15701
Museu,15702
Vergonhoso,15703
mcdo,15704
Danger,15705
tie,15706
PublicGayTruckerSex,15707
PleaseRT,15708
lügenpresse,15709
unwort,15710
wenntwaischwanimain,15711
JeSuisVertical,15712
twauto,15713
SacheLe,15714
PourquoiJaiPasDeKikiSurMonSnapchat,15715
TDF,15716
LaJoieCestBien,15717
LaRolexCestLaLoose,15718
nazi,15719
ltva,15720
NewYorkEstCharlie,15721
LaFranceTerreDeTorture,15722
EnAnglais,15723
ThisIsLiving,15724
SleepingBeauty,15725
bestrh,15726
andrh,15727
secretsauxerre,15728
Fake,15729
ISCOM,15730
hiver,15731
gleeseason6,15732
ChrisEvans,15733
JeremyRenner,15734
DonDuSang,15735
àvendre,15736
YvesMayet,15737
CiteTonChanteurPrefere,15738
Vucevic,15739
nbaextra,15740
Orange,15741
Bègles,15742
TeamUBB,15743
ILOVEUBB,15744
Airbus,15745
educationprioritaire,15746
sanctions,15747
alabourre,15748
Reach,15749
HoangVanBizetDan,15750
Melody,15751
Migos,15752
MeekMill,15753
MigoDreams,15754
Inas1982,15755
Lügenpresse,15756
bunadaeyvallah,15757
noussommesensemble,15758
teamparieur,15759
pronostici,15760
nereyeböyle,15761
MerciPourCetteBelleVue,15762
MartinArgyrolo,15763
LaLiberteGuidantLePeuple,15764
tngov,15765
tnfail,15766
labêtelibre,15767
45t,15768
emi,15769
colombia,15770
jeannemas,15771
impression,15772
vinyle,15773
startupbordelaise,15774
biotechnologie,15775
Hommagedelanation,15776
Forcedelordre,15777
MarcheARecul,15778
cry,15779
lost,15780
you,15781
but,15782
iloveyou,15783
emploiaccompagné,15784
CestReparti,15785
écologie,15786
misterbourbier,15787
gafe,15788
Tour,15789
from,15790
suburbs,15791
cloudy,15792
to,15793
tramway,15794
cérémonie,15795
pumpit,15796
cyrillignac,15797
lapatisserie,15798
dessert,15799
Rigolo,15800
TealatoFrance,15801
ParfoisJeSuisCharlieParfoisMoins,15802
MalAuxOreilles,15803
liensocial,15804
paris10,15805
icf,15806
SourceIntranet,15807
FutureAgentImmobilier,15808
lamarcherepublicaine,15809
BenimHayalim,15810
souslocean,15811
BTSAM,15812
CoupeDeLaLigue,15813
maitrise,15814
creativite,15815
efficacite,15816
Moubarak,15817
Sissi,15818
EducationNationale,15819
entreprenariat,15820
feminin,15821
crowdfunding,15822
auboulot,15823
PADAMALGAM,15824
EditionSpécial,15825
UltimateTeam,15826
JeSuisNigerienne,15827
moneydrop,15828
TWelcom,15829
feujs,15830
Montreuil,15831
faitesnousrever,15832
JeMenSuisEncorePasRemis,15833
JeMenSuisPasEncoreRemis,15834
UNigeria,15835
nollywoodTV,15836
TheHobbit3,15837
yezidie,15838
HommagePolice,15839
hommageClarissa,15840
RIPClarissa,15841
JeSuisPasCharlieJeSuisTonPere,15842
Lepen,15843
loose,15844
taf,15845
voyagedanslemonde,15846
unity,15847
DeadKings,15848
petitbonheurdumatin,15849
OnSeFaitChier,15850
jeans,15851
Diesel,15852
gateauxdesrois,15853
Département,15854
Henin2015,15855
honneur,15856
mémoire,15857
LostFrequencies,15858
Vautours,15859
LesTudors,15860
HardWork,15861
DesperateHousewives,15862
Aventure,15863
hommageauxvictimes,15864
Naze,15865
Tagueule,15866
beyourself,15867
Honteuse,15868
Sarko,15869
Kaddish,15870
AssassinsCreed,15871
hommageauxpoliciers,15872
NoublionsJamais,15873
liberteegalitefraternite,15874
EducationforPeace,15875
lafamillebelier,15876
Journal,15877
ParisMarch,15878
SickJournos,15879
UptownSpecial,15880
pétrole,15881
JERUSALEM,15882
Statue,15883
PeynetMuseum,15884
ART,15885
cartoons,15886
comic,15887
Artist,15888
Creative,15889
OuEstNico,15890
Nicolincruste,15891
Nullissime,15892
Strasburgo,15893
corriere,15894
Décompresse,15895
vivelaDemocracie,15896
TaGueule,15897
emploidutempsdemerde,15898
Décompense,15899
PenseeDuJour,15900
grilledcheese,15901
ComfortFood,15902
realmadrid,15903
recette,15904
diététique,15905
sportifs,15906
healthyfood,15907
A380,15908
Lithuania,15909
débat,15910
assimilation,15911
HardWorking,15912
TheGoodWife,15913
accorchallenge,15914
Disneylandparis,15915
daghemunegu,15916
UneMedaillePourLassana,15917
RIPJuniorMalanda,15918
PlusBelleVilleDuMonde,15919
GoodTiming,15920
marredecetaff,15921
degradfic,15922
degradation,15923
Fm6,15924
djiphantom,15925
drones,15926
phantom,15927
visionplus,15928
nomade,15929
FontenayLeComte,15930
GF,15931
E63,15932
AMG,15933
TestDrive,15934
QuandJetaisEnPrimaire,15935
Zalando,15936
ShowroomPrive,15937
ILikedBouffe,15938
diabetes,15939
pellino3,15940
Neuer,15941
dilbar,15942
LaPrincesseeffacee,15943
AlexandradeBroca,15944
heureuse,15945
space,15946
CAKE,15947
US,15948
cannabis,15949
enquêtes,15950
PereLachaise,15951
Fame,15952
MyDayJob,15953
FrenchCouncil,15954
afer,15955
igersmetz,15956
metz,15957
longeville,15958
PlanDeau,15959
Febreze,15960
EgoSum,15961
BB26000,15962
loco,15963
railfans,15964
ferrovipathie,15965
soglam,15966
united,15967
paysage,15968
ciel,15969
nuage,15970
PèreLachaise,15971
JimMorrison,15972
genie,15973
LesLundiCoiffeuse,15974
DuRireAuBonheur,15975
060boyz,15976
SteveDrive,15977
FreeRondo,15978
FreeCdai,15979
saintgregoire,15980
Assurancevie,15981
LAgang,15982
NuskiGang,15983
onfaitquoi,15984
realniggaz,15985
MrDornanMeDistraitConstamment,15986
Jojo,15987
brel,15988
jacquesBrel,15989
etmaintenantonfaitquoi,15990
FoieEnVrac,15991
Smite,15992
asnieres,15993
MyHusband,15994
SALATIME,15995
DjTug,15996
DjAXX,15997
WizzClub,15998
Samedi,15999
franck,16000
LaMarcheContinue,16001
LaMarcheDu11Janvier,16002
NouSommesCABU,16003
VentFort,16004
FeteTafinDePartiels,16005
nextgen,16006
parinniversaire,16007
attente,16008
patience,16009
descartes,16010
drawing,16011
picasso,16012
Italie,16013
HOPE,16014
chedisastro,16015
TheGameMagazine,16016
Uncharted4,16017
PatriotActFrancais,16018
Napolitano,16019
TeamEAG,16020
Condoléances,16021
TOUCHEPASAMONPROPHETE,16022
Renzi,16023
nikerunning,16024
JustDoIt,16025
Je_suis_tunisien,16026
je_suis_musulman,16027
je_suis_humain,16028
je_suis_charlie,16029
AssuranceVie,16030
Ahmed,16031
FinalExam,16032
Coccinelle,16033
BulledopDAmour,16034
Immigré,16035
EuropeanUnion,16036
jesuisunememe,16037
jeSuisCharlie,16038
iamCharlie,16039
solidarity,16040
احمد,16041
RestosDuCoeur,16042
gayfriendly,16043
Espoirs,16044
Rêves,16045
Flemmedefou,16046
eurocroissance,16047
TotalDivas,16048
torture,16049
si,16050
soispassurladefensivehein,16051
LlibertéEgalitéFraternité,16052
faispasbeau,16053
GalereDuCode,16054
nousrestaurant,16055
mascotte,16056
noulettesdeboeuf,16057
Netflix,16058
Amazon,16059
Alibaba,16060
MerciFilBleu,16061
InboundMarketing,16062
piecesjaunes,16063
hopitauxdeparis,16064
hopitauxdeFrance,16065
macdo,16066
yepaaaaa,16067
JournéeDeMalade,16068
Orchestrator,16069
SCSM,16070
mstechdays,16071
kissmyassbaby,16072
MondeDeFou,16073
Quatar2015,16074
Mondial,16075
Autoecole,16076
nimportequoi,16077
Loveisall,16078
SaintLazare,16079
fundraising,16080
levéedefonds,16081
growth,16082
lfdla,16083
VotezAlexis2017,16084
refreshing,16085
iletaitemucefilsdechien,16086
HomewardBound,16087
Apaisant,16088
OpérationVigiPirate,16089
TeamLacaz,16090
OGOC,16091
DNAinfos,16092
fin,16093
bonparisien,16094
Malhotra,16095
JeSuisCHARLIE,16096
sportlerzmittag,16097
highschoolmusical,16098
fashionblogger,16099
blogger,16100
FindAJobTour,16101
SudVendee,16102
A831,16103
CestDuVécu,16104
zut,16105
AlpeDhuez,16106
Relax,16107
PalladiumBoots,16108
informatique,16109
programmation,16110
don,16111
disneylandparis,16112
Wedding,16113
mariage,16114
LUKATAR,16115
aucunrespect,16116
Minuit,16117
المغرب_يرفض_الاساءة_للرسول,16118
PumpVictory,16119
latac,16120
VA,16121
jubilé,16122
JeSuisFrangipane,16123
mauvaisefoi,16124
ouff,16125
Compiégne,16126
agglomération,16127
Connasse,16128
blasphème,16129
flics,16130
métro,16131
DurectAN,16132
DirectAN,16133
GalèreDuCode,16134
Dalloyau,16135
stoneparis,16136
thiagoSilva,16137
davidluiz,16138
ESPOIR,16139
LautreCestMoi,16140
journeesanspantalon,16141
TousContreBokoHaram,16142
Legion,16143
NousSommesFrançais,16144
assemblée,16145
musiquedevieux,16146
Podemos,16147
Douai,16148
LeAllan,16149
W40,16150
Mystère,16151
MgrNorvanZakarian,16152
peupleArmenien,16153
AbuDhabiHSBCGolfChampionship,16154
lendemaindifficile,16155
inprogress,16156
ouestsarkozy,16157
CNED,16158
Angoulême,16159
Phénix,16160
Angougou,16161
EnglishCoffee,16162
Cappucino,16163
Coffee,16164
utmb2015,16165
CCC2015,16166
CCC,16167
trail,16168
conferenzastampa,16169
AN,16170
debout,16171
Wauquiez,16172
Marseillaise,16173
LensFan,16174
SecretFanGirlAcc,16175
Saoulee,16176
assemblee,16177
Jacob,16178
dehorsNVB,16179
Bescherelle,16180
TropDeBeugs,16181
mspolymer,16182
sealant,16183
office,16184
working,16185
tuesday,16186
afternoon,16187
ConfréfrieDesTwittos,16188
dingue,16189
1siecle,16190
grave,16191
identite,16192
saintlazare,16193
leiladanslmdla,16194
Schwartzenberg,16195
Muir,16196
QueenWest,16197
confCharlie,16198
Luz,16199
CoeurPassion,16200
GazaConfidentiel,16201
badbitch,16202
dépité,16203
ShoppingAfterSchool,16204
marais,16205
cappuccino,16206
peoplewatching,16207
PhraseDeMytho,16208
2ans,16209
requiem,16210
garden,16211
forest,16212
ABJECT,16213
cfecgc,16214
MikadoStick,16215
commedhab,16216
tpmc,16217
Hamas,16218
Hezbollah,16219
coupables,16220
ClocloLaPetiteDindeDesSTMG1,16221
unedecharliehebdo,16222
interminable,16223
Biolaid,16224
Lescure,16225
Gayet,16226
placedesmartyrs,16227
Memorial,16228
manuelvalls,16229
CeQueJAimeDansLesQuatreTiers,16230
gouv,16231
cazeneuve,16232
UrbanZ3Xplorer,16233
Assemblée,16234
oraux,16235
BestSentenceAboutCharlie,16236
JeDemandeJuste,16237
LesCopines,16238
LesCoquines,16239
RainyDay,16240
Bored,16241
boulognesurmer,16242
IlVaSeFaireBouler,16243
FinDelExperience,16244
rebelheart,16245
RoiDeLaPosture,16246
PipoBand,16247
ASB,16248
Contrôle,16249
CeQueJaimeDansLesQuatreTiers,16250
FranceDésInfo,16251
derniersChanceDuMou,16252
kiffe,16253
Ahuè,16254
Assemblé,16255
multiculturalisme,16256
Sachezle,16257
brigadecynophile,16258
QAG,16259
jelavaisdisquecetaitunemauvaiseidee,16260
toofat,16261
grosse,16262
Landscape,16263
Houses,16264
Clouds,16265
andirect,16266
HirsizVar,16267
onyediyirmibes,16268
Guinée,16269
ElBlancos,16270
2Poids2Mesures,16271
chuuuchuuu,16272
iamyourMinitel,16273
comebackMinitel,16274
AssembléeNationale,16275
jaimemonprophete,16276
juifs,16277
CapuCoAnimatriceDuMag,16278
MéméZinzinNeVaincraPas,16279
juif,16280
Unite,16281
Publicité,16282
audience,16283
DesoleJeSors,16284
EnLarmes,16285
LesMinettesEtLeurCadeau,16286
LaLigneBlanchisserie,16287
Puy,16288
Transcendé,16289
TTIP,16290
ISDS,16291
Néquelquepart,16292
CJM,16293
RealiseMonReveStp,16294
StpPtitChat,16295
DombréZotKaFè,16296
USMMASE,16297
ParcDuKurgarten,16298
vraieinvitée,16299
parlonspeu,16300
Villeurbanne,16301
dondusang,16302
AnahidSïnsek,16303
EnBoucle,16304
Tusk,16305
voafarsi,16306
HeyMeteoFrance,16307
DonnezMoiUneCorde,16308
Blacko,16309
tropdechance,16310
capilarité,16311
cernes,16312
TaylorSwift,16313
shemovedon,16314
fuckyou,16315
freemobile,16316
CarterTo2Mill,16317
followmeTaylor,16318
elasticsearch,16319
DieuAvecNous,16320
Sénat,16321
DirectSénat,16322
HappyKimJonginDay,16323
ÉnormeManque,16324
FigMag,16325
Prince,16326
Lesvoixdesfemmes,16327
Unissonsnosvoix,16328
Nowomannocry,16329
LVDF,16330
ahtiksaha,16331
expressonoisette,16332
directionfleurymerogis,16333
JeSuisBabySitter,16334
fearlessnikki,16335
BrieMode,16336
findespartiels,16337
findelahess,16338
Canon,16339
Capbreton,16340
niceday,16341
JesuisNigerian,16342
prestashop,16343
MCSextreme,16344
SkiCross,16345
AudiFis,16346
WorldCup,16347
QuatreTiers,16348
bonneidée,16349
AntiMessi,16350
AntiBarça,16351
stragediparigi,16352
terrorismo,16353
Orly,16354
MarcusJohn,16355
DjWhyneHéhé,16356
RouladeUltime,16357
DorotheeSebbagh,16358
fraîcheur,16359
TALENT,16360
bastiarennes,16361
assepsg,16362
PhilippeTesson,16363
SoulagerMaisPasTuer,16364
havas,16365
Sunset,16366
AtWork,16367
Puteaux,16368
doublondeOuf,16369
Grizichance,16370
BestRh,16371
QVT,16372
MarcoPolo,16373
Sécurité,16374
nonjycroispas,16375
GTA5,16376
rockstargames,16377
SerieA,16378
ParisPhil15,16379
LesHautsdeHurleVent,16380
EmilyBrontë,16381
follow,16382
ialreadyam,16383
BestRH,16384
Autruches,16385
jeveuxretournerenmaternelle,16386
etouales,16387
RipMishaAsaturyan,16388
etouale,16389
LaDéfense,16390
finoallafineforzajuventus,16391
TeamItalia,16392
QuAvecMesVrais,16393
ParisJeTAime,16394
montelimas,16395
perfectsunset,16396
ExcitedForOnTheRoadAgainTourFace,16397
DataSportif,16398
sud,16399
MêmeLeRespectARigolé,16400
staystrongB1A4,16401
Allbleu,16402
2015Handball,16403
BudgetParticipatif,16404
NotreBudget,16405
HDV,16406
AnotherDayInHyattCDG,16407
pitié,16408
beauteimmense,16409
libertepresse,16410
Flag,16411
Picture,16412
HôtelDeVille,16413
Soriano,16414
OTRATINFRANCE,16415
frenchieswantotrat,16416
Courbevoie,16417
heroin,16418
marijuana,16419
CdnScreen15,16420
SensitiveSkin,16421
MessiTheBest,16422
UNITEDXXVI,16423
Anniversary,16424
messages,16425
ExcitedForOnTheRoadAgainFace,16426
Teamswim,16427
LADLP,16428
EarthRightNow,16429
21avril,16430
Greece,16431
AstroButch,16432
hummm,16433
Libe,16434
lObs,16435
askwinnet,16436
JeSuisMobile,16437
teamswim,16438
OHB,16439
classedeneige,16440
CaenLaMer,16441
deux,16442
mercilaECT1,16443
TroisHeuresDeSport,16444
ROWYSO,16445
OTRAT,16446
jbrandjeans,16447
chloe,16448
Jmendel,16449
louboutin,16450
chanel,16451
TheDogArtist,16452
AlanTQT,16453
self,16454
Sooooooo,16455
Fear,16456
atm,16457
LeagueOfLegends,16458
SoleilOuTaï,16459
4mariages1luneeemiel,16460
guignols,16461
TesDevenuCommeMyriam,16462
LVEL,16463
Disquette2015,16464
SortiedeBoulot,16465
guiguilesprés,16466
jessimleroux,16467
corna,16468
fortuna,16469
EvaFTW,16470
africanbeauty,16471
africanqueen,16472
wax,16473
waxdress,16474
TeamStyloQuiExplose,16475
Vaccin,16476
AidezMoi,16477
gossipgirltaughtme,16478
jevalideaussi,16479
HappyBirthdayOrlandoBloom,16480
ASMbirthday,16481
Hommageauxvictimes,16482
SX,16483
Bilger,16484
MilanSassuolo,16485
CGT,16486
QuiPueBeaucoupMeme,16487
prêtre,16488
jesuisundechet,16489
ForzaMilan,16490
DaysBeforeRodeo,16491
JustVibe,16492
JeVeuxMonCharlie,16493
TesDevenucommemyram,16494
tesdevenucommemyriam,16495
YUЯI61,16496
Estrada83,16497
Aeroscopia,16498
ThankYouBamBam,16499
ThankYouIGOT7,16500
CL,16501
DreamBig,16502
Kiff,16503
IlVaMePrendrePourUneFolle,16504
cancer,16505
socialjumpers,16506
GoPL,16507
karma,16508
undinerpresqueparfait,16509
ZenitSIG,16510
lpdv,16511
princes,16512
musicislife,16513
sudpress,16514
HAUTESAVOIE,16515
RERE,16516
Blagnac,16517
ConcoursEJE,16518
5sos,16519
lovemywork,16520
PhraseDuJour,16521
intelligence,16522
whatsapp,16523
vietato,16524
Toty,16525
intereligieux,16526
ales,16527
BreatheEP,16528
BlackLivesMatter,16529
lablague,16530
aretederever,16531
GiorgioNapolitano,16532
PresidentedellaRepubblica,16533
JeSuisNigerian,16534
MardiCanderel,16535
worktime,16536
TeamFaceTime,16537
TeamApple,16538
OverdoseDeReportings,16539
Statistiques,16540
allezlesverts,16541
bienvenueaucamping,16542
TristeVie,16543
TristeRégime,16544
ParisDebout,16545
marcherepublicaine,16546
palpable,16547
ChevaldOrgueil,16548
aixmaville,16549
fauxsupporters,16550
ClarissaJeanPhilippe,16551
COMBO,16552
loule,16553
budgetparticipatif,16554
FollowMoiStp,16555
bushido,16556
EpicFail,16557
Pirate,16558
LMET,16559
LaComÇaNeSimprovisePas,16560
regard,16561
Irak,16562
EquipeDeFou,16563
parisbynight,16564
Merdias,16565
MortDeRire,16566
justepourrire,16567
SCBSRFC,16568
PlaceDuTertre,16569
CaDevientDuGrandNimporteQuoi,16570
Business,16571
francetvsport,16572
stansmith,16573
lame,16574
nouveaux,16575
AmineMaTue,16576
tesdevenucommemuriam,16577
MerciAudrey,16578
pasdebac,16579
HackTheFactory_Tlse,16580
Ils,16581
Carotte,16582
SwitzerlandNeedsOTRATour,16583
Timmermans,16584
EU,16585
ForzaJules,16586
VivementLaCan,16587
bagnoles,16588
SEAT,16589
Ibiza,16590
dr300,16591
airport,16592
aircraft,16593
LeRetourDeNicolasSarkozy,16594
PDLA2,16595
umps,16596
frontdegauche,16597
hilarant,16598
T4,16599
BUS613,16600
IciCestAulnay,16601
RentreAvecTespieds,16602
budgetParticipatif,16603
Narbis,16604
electricboogaloo,16605
TeamSenegal,16606
revision,16607
CITROËN,16608
Xantia,16609
BacL,16610
recup,16611
pasenviedebosser,16612
bareback,16613
bbbh,16614
Courchevel,16615
PEUGEOT,16616
Espritdefrance,16617
métropole,16618
fanart,16619
artwork,16620
BallPen,16621
QuickSketch,16622
rough,16623
MGSfan,16624
BFH,16625
Twingo,16626
Amora,16627
investir,16628
rayonner,16629
innover,16630
إلا_رسول_الله,16631
outrée,16632
chu,16633
NeverGiveUp,16634
jesuisnigerian,16635
LiSA,16636
Reform,16637
europtimiste,16638
Megane,16639
fnacfail,16640
citoyennete,16641
enervee,16642
deladémocratie,16643
Homescreen,16644
RIPCharlie,16645
noubliezpaslesparoles,16646
voeuxMMM,16647
Renault25,16648
Suzannessong,16649
cassos,16650
ConcoursInfirmiers,16651
RencontreNadegeHG4,16652
satisfaction,16653
1ersurlactu,16654
cestpourcaquonestfan,16655
Laïcité,16656
PhiloEM,16657
لكن,16658
المنتقم,16659
marie,16660
islamofasciste,16661
LVSeries2,16662
t38,16663
Saurel,16664
Team2015,16665
Conservatives,16666
punchlinesurpunchline,16667
LTVA,16668
FdG,16669
PrêtàLiker,16670
et,16671
JeSuisMaladeEnMemeTemps,16672
Dussollier,16673
Rrrrrrr,16674
TuVoeuxOuTuVoeuxPas,16675
beatssolo2,16676
PapierPeint,16677
magique,16678
iloveparis,16679
OK,16680
bellydancer,16681
gogodance,16682
djgogo,16683
Paspeurdestrousdeballe,16684
du,16685
DieudonneEnPrison,16686
SWAG,16687
LePianiste,16688
日本歴史,16689
tupeuxpastest,16690
beauteorientale,16691
gogole,16692
currynight,16693
Optimisme,16694
KKHamptons,16695
KKTH,16696
KimK,16697
Koko,16698
KhloeK,16699
KourtneyKardashian,16700
kendalljenner,16701
KylieJenner,16702
KendallKylieMaddenGirl,16703
MomentDétente,16704
zumbafitness,16705
Calé,16706
SecretStory,16707
Conseil,16708
postbad,16709
ça,16710
PrayForMe,16711
Lafamille,16712
SolidaritéGrenat,16713
SFC,16714
CommunityLivesOn,16715
vousppuvezpastest,16716
Mairie15,16717
Determinate,16718
BeFit,16719
neighbor,16720
doggie,16721
PourQueCharlieHebdoVive,16722
Gerbe,16723
Honoré,16724
Ashiqui2,16725
Laicite,16726
full,16727
IlCroitQuilALaCote,16728
LaPuissanceNeRespecteQueLaPuissance,16729
pacs,16730
JUSTEPRIX,16731
traquernard,16732
Soeurette,16733
Affreux,16734
maniéré,16735
vilain,16736
CHANEL,16737
needmoneyforchanel,16738
teaaaaaaamPSG,16739
lajalousie,16740
TeamCharlieHebdo,16741
philoEM,16742
notrebudget,16743
faislesback,16744
EVENT,16745
mapute,16746
aberrant,16747
jevalide,16748
BonAnniversaireCabu,16749
JeSuisToujoursCharlie,16750
EnKaGadéZot,16751
Tapetitesœur,16752
proposabannir,16753
NPPF,16754
jpp,16755
jedemissione,16756
jsuischoqué,16757
winelovers,16758
bordeauxsuperieur,16759
scrum,16760
visage,16761
agile2015,16762
eklaproduction,16763
ABproductions,16764
froggyimages,16765
d3200,16766
Nikond3200,16767
ma2emefamille,16768
cosplay,16769
CASQY,16770
criseeconomique,16771
ESS,16772
W,16773
conretrasoperodaigual,16774
reyesmagos,16775
sweet,16776
Election,16777
JeSuiSCharLie,16778
CharlieHebdoLivesForever,16779
ParisWhatImReppin,16780
PHILHARMONIEDEPARIS,16781
foresti,16782
zenith,16783
França,16784
heróis,16785
policiais,16786
terroristas,16787
emocionante,16788
NoToTheTerrorism,16789
Liberaenem,16790
arquitetura,16791
NightOutSpecialOccasion,16792
vive,16793
AllahEstGrandLaRepubliqueAussi,16794
unitipàlavvene,16795
Renucci,16796
PrayForNigeria,16797
RealAtletico,16798
CityArsenal,16799
Pantagruel,16800
Premiere,16801
nouvelolympia,16802
lafatiguance,16803
binankoukouchikyuuboueibulove,16804
NKOTeaser,16805
fghl,16806
ANGES7,16807
TheBestOfIdol,16808
Ktari,16809
Tunis,16810
mili,16811
AustinBook,16812
AngelinaJolie,16813
TuPeuxPasTest,16814
lapoissecommedhab,16815
FuckLaD4,16816
Thug,16817
liberable,16818
UrbanOuturbfitters,16819
PetitPlaisir,16820
publicité,16821
advertising,16822
teamRCL,16823
luz,16824
LeçonDePouvoir,16825
Cherbourg,16826
11Janvier2015,16827
jesuislibre,16828
Égypte,16829
Corte,16830
Corsica,16831
WSERIES,16832
AvisPerso,16833
PhiloEm,16834
3mois,16835
Iron,16836
porn,16837
wordclound,16838
CulturezMoi,16839
6x03,16840
BienVivreEnsemble,16841
instantané,16842
PapaOuMaman,16843
MOSSAD,16844
gradur,16845
CoeurAvecLesDoigts,16846
AngelaMerkel,16847
RocroyUnJourRocroyToujours,16848
revesbrisés,16849
tropénervé,16850
CauetàPéronne,16851
PayForWin,16852
CVECUP,16853
DynamoMoscou,16854
Bgirls,16855
scbsrfc,16856
RIPALaSoeurDeSiham,16857
Snaps,16858
Idioten,16859
Toleranz,16860
Straße,16861
sushichef,16862
apéroàdomicile,16863
onthewall,16864
amunt,16865
Coulaines,16866
breezy,16867
m6music,16868
UpTheBaguette,16869
Dran,16870
Tara,16871
USDSP,16872
Le20h,16873
FailNewsstrikesagain,16874
tmz,16875
danzé,16876
Inpi,16877
fanfiction,16878
riencompris,16879
pastouttraduit,16880
Rip,16881
KickOn,16882
AlorsOnStresse,16883
f_philippot,16884
40ans,16885
JeSuisCanard,16886
Finkielkraut,16887
boostsentier,16888
bordeauxestcharlie,16889
Auvergne,16890
basren,16891
KANYEWEST,16892
TeamShogun,16893
PinkPrint,16894
treysongz,16895
opera,16896
SteveJobs,16897
iPod,16898
LesMiserables,16899
monmeilleurami,16900
mescopains,16901
adorable,16902
sadonnelesourire,16903
Malcom,16904
MARGARETQUALLEY,16905
stoopids,16906
missingyou,16907
viemaviedesupprennais,16908
promoBATBonCWnetwork,16909
Calogero,16910
Cristal,16911
EuropaPark,16912
tryo,16913
LeRoutierFuté,16914
Veste,16915
Jupe,16916
jupe,16917
Naija,16918
Hatayophobe,16919
capricorne,16920
stratège,16921
InfoTF1,16922
TheoGordy2Ans,16923
psgasse,16924
jesuisarabe,16925
RedynamisonsSaintSulpice,16926
WeAreJSF,16927
EuroChallenge,16928
Last16,16929
MortEnHeros,16930
20heures,16931
content,16932
le75elm,16933
scenic,16934
coeursurlui,16935
nextwomenleaders,16936
putainderolemodel,16937
Proximité,16938
jadoreparis,16939
TheoGordy,16940
Grease,16941
staystrong,16942
Eurocup,16943
bibli,16944
MisterFrance2015,16945
BlackIsle,16946
RedKiteAle,16947
Beer,16948
casentlabranlée,16949
Evin,16950
ahilodejo,16951
discernement,16952
E2M,16953
promoBatBonCWnetwork,16954
OnAdore,16955
PalestineVivra,16956
FAUVE,16957
GAV,16958
angoisse,16959
Nouveau,16960
haters,16961
HatersWelcome,16962
féministe,16963
Chourabi,16964
jesuisenkiosque,16965
adrien,16966
PlusJamaisÇa,16967
TeamComere,16968
etmaintenant,16969
bigup,16970
PlusBelleLaVie,16971
holyfaya,16972
smaïve,16973
LigueMagnusLive,16974
Portugues,16975
Latino,16976
Portuguese,16977
Aymé,16978
tram,16979
tramdecouverte,16980
cts,16981
clubdelapresse,16982
gewurztraminer,16983
palaisdurhin,16984
MonAnge,16985
Haitian,16986
Reunionnaise,16987
jd15fr,16988
whywelovenate,16989
Willem,16990
easyledstdesciencespo,16991
skorpionshow,16992
Bush,16993
PatriotActAlaFrancaise,16994
CandyCrush,16995
srfc,16996
oth,16997
Marriott,16998
stophomophobie,16999
tendresse,17000
HaloWalkingonsunshine,17001
SudVendée,17002
election,17003
coulisses,17004
misterfrance,17005
DimitriTientcheu,17006
KDO,17007
Futur,17008
CamAndKianVideo,17009
BravoCharlie,17010
ToutEstPardonné,17011
cross,17012
josentreprendre,17013
Jechieoujaienvie,17014
sotrue,17015
Hop,17016
mondeparallele,17017
inutile,17018
19ans,17019
claramorgane,17020
كلمات_لا_يمكن_ترجمتها,17021
croquersurlechemin,17022
groskiff,17023
unfollowezmoi,17024
NHLArcade,17025
EnquetedActionSpéciale,17026
teamCelib,17027
teampute,17028
chezcanteloup,17029
ligueMagnus,17030
Journée20,17031
GrenobleMorzine,17032
icehockey,17033
icerink,17034
glace,17035
NvlPp,17036
NoGrasseMatNoEnergie,17037
egotrip,17038
3Years,17039
ForzaBastia,17040
OUaT,17041
PEUPLEVERT,17042
STEPHANOIS,17043
ASSRPSG,17044
90Enquêtes,17045
EnquêtedAction,17046
RIPLauriane,17047
tm,17048
foxnewsfacts,17049
AllezParis,17050
Ruffier,17051
DataRoom,17052
JeSuisUneFilleTartiflette,17053
insanity,17054
Chaudron,17055
FutureHearts,17056
TEAMARBITRE,17057
Liberterpourlesultras,17058
PSGASSE,17059
OnSeFollowBack,17060
OnSeFollowSansPression,17061
TeamGym,17062
Assepsg,17063
tovelo,17064
VA91,17065
CorrerMeHaEnsenado,17066
yoelegicorrer,17067
APorMiMejorTiempo,17068
tmc,17069
onoublierienmaisonavance,17070
Germany,17071
AntiPSG,17072
Multisyllabe,17073
chill,17074
vieillefille,17075
fish,17076
lovecooking,17077
hautdebit,17078
Pompignac,17079
Gironde,17080
CamAndKiansVideo,17081
toptweet,17082
AntiASSE,17083
newyorkminute,17084
olsentwins,17085
simpleplan,17086
SansMerek,17087
dechirement,17088
garçon,17089
LhumourEstUneArme,17090
GnSdansLAme,17091
grease,17092
TeamMalAuDentDeSagesseABreq,17093
Jmoins10,17094
ESSE,17095
saison2,17096
team36,17097
teambbpied,17098
LU,17099
AssePsg,17100
LUZ,17101
Xmen,17102
Lesmiserables,17103
freak,17104
SS8,17105
Travolta,17106
TweetGayFriendly,17107
GenouDeMerde,17108
EgoTrip,17109
TeamAcMilan,17110
Philharmonie,17111
rmcive,17112
Yanis,17113
Doudou,17114
SaintéPSG,17115
PlusDExcuse,17116
MiniJackson,17117
programme,17118
calculatrice,17119
teamsrfc,17120
robindesbois,17121
YoureTheWorst,17122
cœurdinsta,17123
sudouestatlantique,17124
RepeatAfterMe,17125
SuisMonDoigt,17126
harryoff,17127
bbt,17128
EspanyolVCF,17129
HouellebecqFace,17130
so2005,17131
NashGrieronSocialJumpers,17132
ChaleurSexy,17133
teampasinsomniaque,17134
BonneSoirée,17135
LigueMagnus,17136
OnSaimeEtOnSeCaresse,17137
AudreyTautou,17138
Chomdu,17139
PardonneMoi,17140
Meteo,17141
Tempête,17142
poste,17143
NEVERS,17144
DRBS,17145
radicalementvotre,17146
Abdel,17147
Fattah,17148
Bartigerzz,17149
MOI,17150
offfff,17151
Ça,17152
babtourageux,17153
FearTheFrenchSide,17154
HugAttack,17155
TeamJauneEtNoir,17156
TweetCommeValls,17157
Aujoudhuit,17158
Yako,17159
Pump,17160
OrangeBleue,17161
APenForParis,17162
RoyceysAnytimeChallenge,17163
Seeeeeeendou,17164
Sniff,17165
CanalisezVous,17166
golfalamaison,17167
OnceUponATime,17168
My_Birthday,17169
Problemedemec,17170
digitalPR,17171
JaimeMonNouveauDentifricePourGarçon,17172
johnnyPed,17173
ToyStory,17174
NoComments,17175
UserExperience,17176
StayWithMe,17177
Cover,17178
Youtube,17179
Pflegeversicherung,17180
Confession,17181
robocop,17182
courbature,17183
ComereTime,17184
jesuisfan,17185
MadonnaGrammys2015,17186
unitivinceremu,17187
HandBall,17188
Etaples,17189
LaGoutteQuiCouleDansLeDos,17190
TeamBear,17191
TeamBaloo,17192
voilavoilà,17193
LittleMixBestFans2015,17194
XFiles2015,17195
osm,17196
JesuisGenie,17197
AlcoolismeMagique,17198
MoretVeneuxLesSablons,17199
actistatigram,17200
outdoor,17201
Cristiano,17202
lastfavs,17203
jesuisunemamie,17204
DavidLuiz,17205
ClaudeMutafian,17206
Cilicie,17207
NorvanZakarian,17208
JeSuisGenie,17209
Mistresses,17210
championsleague,17211
TeenBeachMovie,17212
MILSAS,17213
CoppaItalia,17214
Nouveaute,17215
prisons,17216
bienvu,17217
WeWantOTRATInFrance,17218
partielsdroit,17219
WeWantOTRAinInFrance,17220
stopwhitepeople2014,17221
CapoteForever,17222
MardiNoir,17223
killa,17224
killagang,17225
Dur,17226
OnLacheRienQuandMeme,17227
teamjul,17228
IlEstOùMonChirurgienEsthetique,17229
flash,17230
OneWeek,17231
BDR,17232
JeSuisLeVivierStMartin,17233
prayfornigeria,17234
juliencourbet,17235
Solitude,17236
FuckLesHaters,17237
ElliottSmith,17238
RDVsolidaire,17239
mut,17240
Chapellerie,17241
hats,17242
KalachnikovPourLesNuls,17243
90enquete,17244
Lipsticks,17245
NRJ,17246
KKC,17247
parlercommedugarry,17248
RIPMishaAsaturyan,17249
SuicideDoreilles,17250
CocoLaBuche,17251
EminemIsKing,17252
nrj,17253
afligeant,17254
LOLITA,17255
KBEB8,17256
glacial,17257
JesusAnswers,17258
Alien,17259
KF,17260
OhLeNaiiiiiin,17261
ADLP,17262
Painting,17263
peintre,17264
ElleAPariéeElleAPerdu,17265
rueec,17266
antisémites,17267
antimusulmans,17268
députés,17269
BoostSentier,17270
OuhLaLa,17271
BieberBestFans2015,17272
Boyhood,17273
Oups,17274
imagedujour,17275
wow,17276
impressionnante,17277
NBCChicagoPD,17278
addict,17279
KitHarington,17280
JoyeuxAnniversaireCabu,17281
indreetloire,17282
Soffiat12Ans,17283
OuEstAwa,17284
justicetv,17285
flashondark,17286
TIU,17287
immersive,17288
experience,17289
transmedia,17290
celsa,17291
Caresse,17292
greaselightning,17293
dannyzuko,17294
PropheteMohamed,17295
amani,17296
LibresCommeElles,17297
نجوانيين,17298
نجوى_كرم_بطلة_مسلسل,17299
POI,17300
TropD,17301
Yenavaitassez,17302
Team93,17303
93Squaad,17304
SécuritéRoutière,17305
followme,17306
follow4follow,17307
followback,17308
likeback,17309
goldupchallenge,17310
MauvaisDjo,17311
XboxLive,17312
TweetD,17313
Android,17314
Nexus,17315
Motorola,17316
LG,17317
Samsung,17318
JeSuisCatholique,17319
GénérationAuTop,17320
LiberezLePereDeSofiane,17321
Museum,17322
Musee,17323
ARTPOP,17324
Violins,17325
UrbanBagel,17326
bagel,17327
artpop,17328
FreeDaronÀSofiane,17329
JeSuisLeDaronASofiane,17330
LovdYou,17331
bascan,17332
run,17333
DijonEnLigue1,17334
Pouriture,17335
Vomir,17336
MamaSmoakIsBack,17337
celinedion,17338
FernandRaynaudAdit,17339
TeamCelib,17340
teamcelibataire,17341
LifeIsTheLife,17342
300jours,17343
SoireePepere,17344
MaVieCestLaCremeFraiche,17345
LVSpring,17346
ReveDeGosse,17347
Détermination,17348
jsensjevaisregretter,17349
HarryPotter7partie2,17350
teampoulet,17351
onsefoutdenous,17352
Overbookée,17353
Hand,17354
Antiterrorisme,17355
JeSuisTrèsGentil,17356
avantpremiere,17357
JachèteCharlie,17358
rocco,17359
CoupDeGueule,17360
EuroCup,17361
yournewalbum,17362
alalala,17363
CrestaDemission,17364
handfeminin,17365
hbcc79,17366
gabi,17367
ach,17368
thebestgirl,17369
RPZ,17370
LaBretagneEstPartout,17371
Pug,17372
MemePasPeur,17373
Selenators,17374
InterestingLife,17375
TeteDePerv,17376
StaplesCenter,17377
mustread,17378
BagadDeVannes,17379
loisante,17380
alorsonmate,17381
quaratweet,17382
AmazonStudios,17383
jeparlepeu,17384
toutestpardonne,17385
Javier,17386
LA,17387
VousNavezPasHonte,17388
charlienestpasmort,17389
haiku,17390
haikuesday,17391
PasMalNonJauraisEssaye,17392
JeSuisVirna,17393
lamortapproche,17394
ellemefaitcoucouparlafenêtre,17395
Kokel,17396
puceaux,17397
islamofascistes,17398
émouvant,17399
juste,17400
fort,17401
BreizhPower,17402
daddy,17403
PasLeMêmeGame,17404
bbk,17405
Janto,17406
PETITEVISITEAVECTONTON,17407
positionnement,17408
mons,17409
MRbe,17410
crush,17411
AmericanSexyPhone,17412
RawRTL9,17413
GameBoyColor,17414
NousSommesForts,17415
assurance,17416
responsabilitécivile,17417
offlineeeeeeeeeeeeeeeeeee,17418
Voltaire,17419
simsaddict,17420
LeNouveauCompteSnapChatDeFakir,17421
DragonBallsZ,17422
BattleOfGods,17423
PapiMaestroEstDansLaPlace,17424
StayStrongLovely,17425
LaHaine,17426
HaineDuJuif,17427
MarreDeCetteEntraineur,17428
unepassion,17429
Rizzo,17430
solitude,17431
dormir,17432
jadorelilianlefromager,17433
Corgnet2016,17434
ouille,17435
étudiantedecuisine,17436
Choixdifficile,17437
vacation2015,17438
cosmologie,17439
JordanMorris,17440
AllOfMe,17441
JohnLegend,17442
Letshavefun,17443
ExcitedForOneTheRoadAgainTourFace,17444
RigolezSvp,17445
PerfectBear,17446
carebear,17447
shareyourcare,17448
redcarpet,17449
Transformation,17450
productivité,17451
productivity,17452
SansTambour,17453
Hugo,17454
zlatan,17455
jevousdemandedemenviyerdesvideospourfaurelablg,17456
tristepolemique,17457
Johnlock,17458
Ibra,17459
TEAMPSG,17460
BB,17461
jetm,17462
Zina,17463
jevousdemandedemenvoyerdesvideospourfairelablg,17464
Psg,17465
BesoinQueÇaChange,17466
NwTN,17467
ImagesDeLaLiberationDesCamps,17468
Hitchcock,17469
très,17470
Jeffreyremetnous,17471
Meilleurpublicdefrance,17472
Patini,17473
fidèle,17474
Platini,17475
RiberyForever,17476
Pocahontas,17477
TweetLikeTheOppositeGender,17478
goodmemories,17479
waves,17480
australia,17481
snaper,17482
spots,17483
kira,17484
Zapata,17485
Mp,17486
voilaVoila,17487
travelgram,17488
Caliente,17489
Paris11,17490
TeamJMFR,17491
TeamJM,17492
RTSInfrarouge,17493
xoxo,17494
teteDor,17495
parcTeteDor,17496
igerslyon,17497
ava,17498
horairedecon,17499
ASSETEAMSIMULATION,17500
AntiAsse,17501
AssePSG,17502
beaufs,17503
veuxrienlouper,17504
skrub,17505
Parc,17506
avril2015,17507
jaune,17508
VallsPrésident,17509
offpayne,17510
Goodsono,17511
Bass,17512
IciCestParis,17513
ZlatanVousAVioler,17514
besoindedecompresser,17515
Jalousie,17516
CdL,17517
painted,17518
Renoir,17519
BadNewsBarrett,17520
ICTitle,17521
teamportugal,17522
tweetdedinde,17523
JeSuisStephanois,17524
maischberger,17525
advices,17526
VraiRégale,17527
BurgerKing,17528
SonsOfAfrica,17529
Greysisters,17530
S2E4,17531
HillaryFamily,17532
Nox,17533
fiftyshadesofgrey,17534
JimmyFallonmcm,17535
JeSuisDouchez,17536
networking,17537
contacts,17538
meetups,17539
meet,17540
Douchez,17541
tropdennuie,17542
francaismoyen,17543
gravelaine,17544
TeamGB,17545
yo,17546
arreteavectescartons,17547
HillaryFamilyPourToujours,17548
meilleurfilm,17549
Forbes,17550
LaCremeFraicheCestMaVie,17551
PP3TV,17552
parentpoliticien,17553
forbes,17554
success,17555
Hue,17556
akTORPİLskandalı,17557
OrtaDoğu,17558
Tarih,17559
Harita,17560
SchnekFamily,17561
Heroine,17562
glasses,17563
İslam,17564
cristianoronaldo,17565
PARISENDEMI,17566
Marquinhos,17567
Grinta,17568
demi,17569
GoPro,17570
deal,17571
TheRaid2,17572
marchedimanche,17573
napping,17574
SaintJoseph,17575
SaintSulpice,17576
petitpatapon,17577
10mois,17578
Coluche,17579
GooglePlus,17580
23h,17581
organ,17582
basement,17583
brother,17584
TeamCélibataireEtFière,17585
jsaistjrpascquecest,17586
BAYALSall,17587
jaimeraisvraimenttenculerAnastasia,17588
TIRAGE,17589
FRANCETELEVISION,17590
ClareMary,17591
GuillermoKuitca,17592
LesHabitants,17593
JacheteCharlie,17594
inchaallah,17595
hightech,17596
businessmodel,17597
Dinler,17598
assePsg,17599
les3freres,17600
NightChangesVideo,17601
Xbox,17602
NouvelleSaison,17603
S05E01,17604
MWA8,17605
JeSuisEnKiosque,17606
retourAHowardEnds,17607
UnAttaquantPourSainté,17608
Chingy,17609
jefaismonmétier,17610
candle,17611
CireTrudon,17612
lequipedusoir,17613
mesgows,17614
يتبع,17615
vapelife,17616
PleaseKillMe,17617
DeanAmbrose,17618
LunaticFringe,17619
Lequipedusoir,17620
Coupet,17621
clip,17622
hiphop,17623
rap,17624
guadeloupe,17625
tchip,17626
trap,17627
ArianeGrande,17628
samaha,17629
shaka,17630
MaPrincesse,17631
perfecttwit,17632
Beautiful,17633
GérardMulot,17634
perfecttweet,17635
teampoils,17636
LuanSantana,17637
تصبحون_على_ما_تحبون,17638
January,17639
boulevard,17640
SaintGermain,17641
emYconlaipsilon,17642
infrarouge,17643
EDS,17644
kasbahdesoudayas,17645
rabat,17646
AideMoiARealiséMyReve,17647
SelfieHebdo,17648
3eme,17649
Eyjafjallajoekull,17650
JeSuisPerdu,17651
Aie,17652
directionerboy,17653
1direction,17654
FCPorto,17655
tumblr,17656
Sorry4TheWait2,17657
Validé,17658
Hello,17659
Untouchable,17660
Robben,17661
SevrusRogue,17662
LaMSN,17663
LS9,17664
Njr11,17665
M10,17666
MaNewBanniere,17667
MesQueUnClub,17668
Socrates,17669
Corinthians,17670
ouioui,17671
FaCup,17672
IamNigeria,17673
undefined,17674
LauraPhobi,17675
iff,17676
AlmostHuman,17677
Mayo2017,17678
opfrenchPatriotAct,17679
Flower,17680
geranium,17681
gin,17682
martini,17683
cocktail,17684
AideMoiARealiséMonReve,17685
aviary,17686
coexist,17687
EnfantsSyrien,17688
misterfrance2015,17689
staderennaise,17690
LeRCKaPerduSonTifo,17691
holdmeirishboy,17692
Rosewater,17693
AnnieCordy,17694
ugc,17695
CaTapprendraAEtreAntiCharlie,17696
NoTime,17697
TLSP,17698
alainbauer,17699
MF91,17700
madeesseinterieurevasecacherderrierelecanapé,17701
ASMFCGB,17702
TouréVsRaggi,17703
Banner,17704
tandem,17705
SecteurÄ,17706
AideMonARealiséMonReve,17707
Keur,17708
TeamCelibataire,17709
Clarissa,17710
Ribes,17711
AntiFn,17712
Notifications,17713
LoliloL,17714
LPC2014,17715
yolol,17716
Génie,17717
SouthPark,17718
HappyNight,17719
crous,17720
Supernatural,17721
S5E5,17722
euthanasie,17723
Fr2,17724
economics,17725
Goodhart,17726
Trueblood,17727
LesTroufions,17728
AskAustin,17729
askaustin,17730
JeudiConfession,17731
lovedevous,17732
SoyonsCharlie,17733
13janvier2013,17734
ooooohYeah,17735
OhCon,17736
cherryonthecake,17737
bonnesaffaires,17738
JaiVotéAymeila,17739
SheitanPower,17740
BonAnniversaireTomDeNimes,17741
Thanks,17742
MadeInDunkerque,17743
bandedecanard,17744
3Words8letters,17745
QuestionTrèsTrèsIndiscrète,17746
Leggooooo,17747
Pfutlive,17748
MadeinFrance,17749
FiersdelaFrance,17750
poety,17751
Anw,17752
AlexyLarge,17753
JaimePasLesDirectionersCar,17754
HOA,17755
DepuisTEsMalAimeCommeJeremstar,17756
The100FollowParty,17757
FriendshipGoals,17758
teamNdomnolo,17759
photobookschallenge,17760
tweetunpeuswagmaispastropmisterieuxsubtile,17761
PasTouche,17762
pez,17763
DepuisTesMalAimeCommeJeremstar,17764
dreamstiramisus,17765
e,17766
LesHomophobesDoiventSeFaireSoigner,17767
PostBad206,17768
JviensDeLeComprendre,17769
magichour,17770
InstitutOceanographiquede,17771
ifeellikeGraceKelly,17772
Goodbye2014,17773
Tuerie,17774
ThugWife,17775
deconnecte,17776
QueenOfRnb,17777
SF,17778
YouTube,17779
annee2015,17780
LesColocataires,17781
SansValentin,17782
LaterGram,17783
Wow,17784
InstaCool,17785
Light,17786
OrdinaryBeauty,17787
Gerrard,17788
etrefan,17789
neonat,17790
bronchio,17791
prema,17792
bip,17793
futurmilliardairs,17794
casimpose,17795
15ansdescène,17796
wikipedia,17797
congratsonthebabyniall,17798
puppies,17799
carlin,17800
nowlistening,17801
Russia,17802
MasDe100Mentiras,17803
savoure,17804
merite,17805
talentpur,17806
MemePasUnPeu,17807
insane,17808
offbieber,17809
TokyoGhoul,17810
PrincessGraceofMonaco,17811
VauxMieuxPasYPenser,17812
faithinhumanityrestored,17813
OhMamma,17814
chefdoeuvre,17815
Emotion,17816
Frisson,17817
LesZinzinsDeLespace,17818
EvaTraumatiseMaxim,17819
JOOOOKE,17820
mmz2014,17821
lebossu,17822
TannersNewVideo,17823
douceur,17824
Insomnie,17825
LTQ,17826
gracoumatatmtc,17827
FNstyle,17828
tl,17829
Haineux,17830
vérité,17831
menottes,17832
meurtres,17833
Sam,17834
HommeDeMaVie,17835
groupie,17836
lacrim,17837
SwitzerlandNeedsOTRATDates,17838
thinspo,17839
bonespo,17840
grosfailde2015,17841
Millenium,17842
StiegLarsson,17843
VieilAnnecy,17844
MPokora,17845
NoComment,17846
stoplaguerredalgérie,17847
Barrylesjambes,17848
AnoNuevo,17849
PokemonY,17850
TropDur,17851
pasdamourquedelahaine,17852
PridelandMusicVideo,17853
Prideland,17854
WWEVines,17855
JimRoss,17856
Hello2015,17857
NewYearsDay,17858
passionpyrenees,17859
StopAdoptionPourTous,17860
Moi,17861
TeamGainage,17862
sappey,17863
FURYmovie,17864
JaimePasLesHatersCar,17865
Chichatime,17866
le,17867
Insta,17868
GOHABSGO,17869
paradiseisland,17870
Thailand,17871
LesHomosDoiventSeFaireSoigner,17872
BestOf2014Eurosport,17873
Followme,17874
PV,17875
voyager,17876
bisou,17877
MonPrecieux,17878
reinedesneiges,17879
elsa,17880
JackFrost,17881
بندر_خضر,17882
FM15,17883
Remontada,17884
RedheadChallenge,17885
montage,17886
song,17887
PogDance,17888
1D,17889
Intersellar,17890
Marginal2,17891
brevetdéposé,17892
Bolts,17893
OnFaitCommeOnPeut,17894
3ansapres,17895
Etudes,17896
cc,17897
AvecCouvertureTropChaud,17898
SansCouvertureTropFroid,17899
JoyeuxAnniversaireAudrey,17900
KevDonneNousDuLait,17901
Stockholm,17902
zoubi,17903
Lafin,17904
hermanomayor,17905
oceane,17906
trio,17907
TES3,17908
VDS,17909
entamé,17910
Insomniaque,17911
nouvelan,17912
tespasfou,17913
winetowine,17914
moon,17915
moonlight,17916
nightsky,17917
LaNocturne,17918
Grossondebatard,17919
Boucherieeeee,17920
offfffffff,17921
BeliebersAndDirectionersAreTheBest,17922
BonPlan,17923
MimiEtLesComediesMusicales,17924
CoisasQueEuQueroFazerContigo,17925
offfffffffff,17926
Evening,17927
bus,17928
SilentHills,17929
NMA,17930
beaugrenelle,17931
uncombed,17932
Stalia,17933
bestscenesofteenwolf,17934
EchoHouse,17935
Ep8,17936
HoteldeVille,17937
iceskating,17938
carousel,17939
Iceskating,17940
02h08,17941
offperrie,17942
teamnancy,17943
kevinDurant,17944
teamsoldes,17945
djelldkd,17946
Diesemag,17947
crossing,17948
PontNeuf,17949
robben,17950
searchlight,17951
5Hin2015,17952
OKCvsWAS,17953
NbaExtra,17954
payemaviedemerde,17955
HappyHour,17956
refreshments,17957
SensPropreDuTerme,17958
hiiiiiiihaaa,17959
ChavAddict,17960
instinct,17961
pensee,17962
moralité,17963
combatant,17964
FollowMeBrent,17965
tour,17966
SaintJacque,17967
placeduChâtletet,17968
QueenBee,17969
FamilleDePute,17970
AnAmericaninParis,17971
Châtelet,17972
Sinceparty,17973
SixDobleOff,17974
Bows,17975
curtaincalls,17976
GN,17977
Vrai9,17978
GRADUR,17979
RpzSpit,17980
WASOKC,17981
SarahVomito,17982
nbaExtra,17983
BonDélire,17984
Bonwi,17985
Neeson,17986
TheScorchTrialsNotMazeRunner2,17987
FaresPrésident,17988
offlouis,17989
Karma,17990
Ateyaba,17991
carteriskingofflopnation,17992
wedontloveyoucarter,17993
Valentin,17994
PasBesoinDetreHomoPourDefendre,17995
DepuisTesMalAimeCommeJeremStar,17996
jesort,17997
IIHF,17998
WJC2015,17999
JeanMiFamily,18000
RetourDuLogobi,18001
weloveyoucarter,18002
RendezNousLaDentDeRohffEtPrenezLes1D,18003
BIGCOEURSURLUI,18004
logobie,18005
Logobi,18006
Scherbak,18007
OnlyOne,18008
VilleDeFocu,18009
Libérezlamagie,18010
LOGOBI,18011
lesanciens,18012
KevinDurant,18013
ASavoir,18014
whathappensinParisstaysinParis,18015
DreamTeam,18016
WASvsOKC,18017
jmecassecommeMaiga,18018
MonBB,18019
repost,18020
RealTalk,18021
Offliiiiiiiiiiiiiinnne,18022
Thebest,18023
JeSuisAmoureuse,18024
CestLaMerde,18025
4h38,18026
vibes,18027
conovegasurfacebook,18028
ConoVagaSurFacebook,18029
ConioVegaSurFacebook,18030
PourPéchoDeLaLatina,18031
rencontre,18032
perdredutemps,18033
TeamInsomniacs,18034
nl,18035
DGEMC,18036
hella,18037
quipeutmetest,18038
Oz,18039
lool,18040
LeJuge,18041
Moschino,18042
JeremyScott,18043
FrenchRiviera,18044
RainbowPower,18045
Meadel,18046
LangueDeBois,18047
ubersurgepricing,18048
nuitdemerde,18049
teamJul,18050
TheBurdenBearer,18051
AfterNouvelAn,18052
Makina,18053
gdmrng,18054
cspmoulins,18055
ComeBackMaribel,18056
عودي_يا_بلية,18057
Iliketrain,18058
beaumalheurs,18059
LaMeufChiante,18060
LaPoisse,18061
FashionIsAstatement,18062
LivingforLove,18063
Vols,18064
whatislife,18065
GBO,18066
VolNation,18067
VolsWin,18068
Amen,18069
StagiaireITele,18070
Joconde,18071
TeamGrumpy,18072
WebStar,18073
GrumpyCat,18074
LeMeilleurDuMonde,18075
Ales,18076
casinobarrieredetoulouse,18077
duosdenfer,18078
kotechnique,18079
SportAddict,18080
MuscuCardio,18081
lever,18082
Cévennes,18083
teamESSF,18084
EsSaintes,18085
TeamAlsace,18086
replytweet,18087
StopAbleism2015,18088
conseilducoin,18089
la13metransporte,18090
StayTuned,18091
gaybear,18092
gayparis,18093
hairymen,18094
hairy,18095
hairygay,18096
TombayDuLitMereJuive,18097
TeamPremium,18098
january,18099
after,18100
years,18101
tropical,18102
funana,18103
cap,18104
african,18105
yogaparis,18106
dimanchealamaison,18107
RasLeBolMereJuive,18108
WhatTheFuck,18109
montagne,18110
like,18111
f4f,18112
fete,18113
disneygirl,18114
baking,18115
paslaseule,18116
fuckyouverymuch,18117
PartOfGoetze,18118
BrisbaneInternational,18119
TFE,18120
disneyprincess,18121
HappyNewYear2015,18122
BreakFree,18123
USAFCL,18124
Share,18125
AFootBathForAshton,18126
instadaily,18127
instagramdaily,18128
somewhereovertheclouds,18129
schizophrenia,18130
der,18131
genome,18132
keurkeur,18133
Nolan,18134
KillMeNow,18135
inneedofsun,18136
takemebackhome,18137
SuperSamediRugby,18138
dm,18139
Luc,18140
Cevennes,18141
softpower,18142
bouygues,18143
ambulanciers,18144
bellicouverture,18145
Ciné2015,18146
Francededemain,18147
CompletementFou,18148
madeingre,18149
professionreglementées,18150
pharmaciensencolere,18151
ségrégation,18152
sincérité,18153
classepresse,18154
2o15,18155
lumos,18156
AllezAuRevoir,18157
ffb,18158
sachezLe,18159
Langogne,18160
Langonha,18161
injustice,18162
EducationToutAuLongDeLaVie,18163
kotz,18164
TakeMeToHeavenMusicVideo,18165
LesVraisSauron,18166
SimplificationModernisation,18167
Teamhancheflex,18168
TeamBeatmaker,18169
TeamFollobwack,18170
protein,18171
whitagram,18172
bf,18173
italian,18174
students,18175
MAMAC,18176
BébéRom,18177
tgv8484,18178
chezinterilsontlesangchaud,18179
onn,18180
Ouiiiii,18181
Siiiiii,18182
MODEM,18183
shoesofzeday,18184
duculducul,18185
bacchus,18186
centrepompidou,18187
Desprogestunousmanques,18188
LesFonctionnairesSont,18189
triathlon,18190
Berge,18191
LegionDHonneur,18192
JusteDormir,18193
Underground,18194
mecquirepondalabourre,18195
Adorable,18196
DeleteUber,18197
bateau,18198
LifelongLearning,18199
ouijai15ans,18200
TCL,18201
AF447,18202
AirBus,18203
TeamZoneC,18204
aha,18205
degaineIphone,18206
poldi,18207
JardinMarechalJuin,18208
WSOP,18209
MV,18210
JardinMaréchalJuin,18211
mew,18212
granderoue,18213
obelisque,18214
monuments,18215
Durex,18216
ThéâtreNationalDeNice,18217
BetterThanDesperateHousewives,18218
TeamTrixx,18219
TeamRochelle,18220
TeamAyanna,18221
TeamStud,18222
HaIaMadridyNadaMas,18223
pumped,18224
Cr7,18225
CoreeduNord,18226
desbarres,18227
cestdrole,18228
TeamUsl,18229
JohnWest,18230
FlowerClub,18231
ChicserFollowSpree,18232
TeamBasket,18233
DERELICTIO,18234
ShowTime,18235
ZenithDeParis,18236
BasketballIsLife,18237
musiquepréférée,18238
ChristinaGrimmie,18239
Arbitre,18240
saturer,18241
Saudia,18242
samsoul,18243
GaleriesLafayette,18244
Christmastree,18245
handsome,18246
CheckPoint,18247
xd,18248
onrigolebien,18249
ProudOfMe,18250
Tatoo,18251
BlackInkStory,18252
Flesselles,18253
Hate,18254
Gaga,18255
pointmeteo,18256
Modem,18257
tf1tf1ontencule,18258
rdvtroplong,18259
Bobigny,18260
AFBETG,18261
bodytime,18262
sportsmotivation,18263
frenchguy,18264
Franglais,18265
ville,18266
retard,18267
Lumia,18268
commedesgamins,18269
passannuel,18270
Afghanistan,18271
Mistero,18272
nef,18273
bleu,18274
Deauville,18275
poutine,18276
Milady,18277
ElleMaAimé,18278
Asda,18279
Tesco,18280
MoulinsCity,18281
TwilightWeekend,18282
TICE,18283
UFC,18284
Champions2015,18285
concertation,18286
RCZ,18287
Telegraph,18288
CubicGel,18289
Bayrou,18290
princesse,18291
11h57,18292
patrimoine,18293
Bambounou,18294
BOBETG,18295
Msk,18296
Unreal,18297
LiarLiar,18298
2015IsTheYearOfJustinBieber,18299
2015IsTheBeliebersYear,18300
pleure,18301
NikideSaintPhalle,18302
enviedechialer,18303
3ansd,18304
Cliché,18305
CherbourgParis,18306
2minutesdarrêt,18307
bandedesalope,18308
fermervosjambe,18309
mewdealow,18310
VISÉ,18311
Billy,18312
groot,18313
OneDirectionBestDramas,18314
vue,18315
groskiffe,18316
dbzOci,18317
fetePaAtentionOPapierPin,18318
GodIsGood,18319
ConduiteAccompagnee,18320
psychologie,18321
GossyRoom,18322
jesuisunamiencarton,18323
LeMondeEstPetit,18324
Pesto,18325
larry,18326
Déçu,18327
JCEST,18328
Nikkel,18329
ToutSeul,18330
BienSurQueCestVrai,18331
zéromotivation,18332
31decembre,18333
aime,18334
meufs,18335
CielEtBleu,18336
AllerRacing,18337
NissaMerda,18338
SummerPact,18339
PositiveHealthyLife,18340
LesHomosNeContaminezPasNosEnfants,18341
LesHomosTouchésPasNotreFamille,18342
USC,18343
rtsi,18344
JeSuisUneLarve,18345
réussite,18346
santé,18347
StevenGerrard,18348
TeamPasAffuté,18349
12coupsdemidi,18350
CABAB,18351
Champollion,18352
duberceauaulinceuil,18353
135MIFF,18354
WordCloud,18355
mystère,18356
AchetePlutotDesCurly,18357
C215,18358
EXPOSITION,18359
ToursFC,18360
Misrata,18361
LeMondePlusGrosQueMesYeux,18362
prodeschaussettes,18363
talentshow,18364
WearehereforyouPerrie,18365
congratsonbeingadadharry,18366
TeamLicata,18367
Muscular,18368
RIPSCHDupuy,18369
vélo,18370
perrie,18371
TheLastSong,18372
ACBrotherhood,18373
Ridsa,18374
napoleon,18375
FCNCF,18376
Majorité,18377
COASR,18378
MissFrance,18379
OnVeutEncoreDesVacances,18380
JournéeDeMerde,18381
tourparis13,18382
tempsd,18383
JeanLucReichmann,18384
TF6,18385
goûter,18386
paindepices,18387
bananabread,18388
gourmand,18389
Krug,18390
ClosduMesnil1998,18391
SacréMaguy,18392
UTD,18393
Dublin,18394
DeuxMoisDeGuerre,18395
ThatIsTheQuestion,18396
Encore1AnsDeReflexion,18397
reconnaissante,18398
PuisseLeSortVousEtesFavorable,18399
comebacktoNice,18400
CitizenSciences,18401
Mickaël,18402
MaPlusBelleHistoireDamour,18403
encorentraindemanger,18404
Teamhannamontana,18405
NajwaKaram3alSakhra,18406
LeSelfControleCestQuand,18407
BOSDAL,18408
VAFCOGCN,18409
Step2,18410
ParisBercy,18411
IC5970,18412
daysoff,18413
Lamethode,18414
boom,18415
sigh,18416
procrastination,18417
Brive,18418
Corrèze,18419
hometown,18420
homesweethome,18421
simplicité,18422
tropdamour,18423
KevFaitTournerTonSplif,18424
MyWife,18425
Interwine,18426
PirateAttitude,18427
focus,18428
Ricciotti,18429
cub,18430
KillMeBefore,18431
Jacuzzi,18432
Sauna,18433
Hammam,18434
Leet,18435
hot,18436
JayZ,18437
hashgram,18438
bestgalettelyon,18439
mercotte,18440
abdelkarim,18441
cyrilligna,18442
bestgaletteclermontfd,18443
Journalisme,18444
ouryear,18445
frozen,18446
mirror,18447
VdM,18448
MoiJe,18449
Dodoplein,18450
TweetOff,18451
Resolution,18452
SHADYXV,18453
StartedFromScratch,18454
AllezChamois,18455
FootballPlaisir,18456
GoMHR,18457
MELY,18458
Sancerre,18459
jeuxolympiques,18460
MrMrShangaiFanParty,18461
salletemps,18462
carterfuckedup,18463
misère,18464
LaReineDesNeiges,18465
nuitblanche,18466
nuitnoire,18467
December20141stWin,18468
Ségolène,18469
oncommencetoutdoux,18470
lavengeancedesvacances,18471
VVT,18472
signature,18473
WatiB,18474
MandelieuLaNapoule,18475
CôteDAzur,18476
ParisRain,18477
Rain,18478
BabaLaddé,18479
TeamChicha,18480
NiallYourAssishot,18481
OSPREY,18482
antibiotics,18483
CommunityManager,18484
Plague,18485
déprime,18486
Numérique,18487
visiteztoulouse,18488
Jediscajedisrien,18489
La,18490
365Scores,18491
Logobi2K15,18492
soin,18493
HarrysDickIsTallAndSlick,18494
harryYourDickIsHot,18495
jenecomprendsstrictementrien,18496
findevous,18497
cauchemarencuisine,18498
JePoseÇaLà,18499
Teambrazza,18500
Reportages,18501
insep,18502
MetsBabaDansUneChanson,18503
tbbt,18504
BMW,18505
coupdecoeur,18506
Balanciaga,18507
Saucony,18508
Superstar,18509
Future,18510
fight,18511
marocaine,18512
algeriennes,18513
EquipeDeChoc,18514
anturloupe,18515
coupmontée,18516
Starbucks,18517
GareDeLEst,18518
gold,18519
dolcegabbana,18520
TOP14,18521
tweetsexy,18522
butt,18523
asspics,18524
hotass,18525
teamlogobi,18526
maroc,18527
OuiBientôtLaReprise,18528
BuSaatler,18529
MarocanisationdetaTL,18530
Marocbledna,18531
212ControlelaZone,18532
Lefootballvrai,18533
TYMS,18534
утро,18535
рассвет,18536
горы,18537
Андорра,18538
Castres,18539
Chimay,18540
bière,18541
primark,18542
petitaperosympa,18543
femmeofmylife,18544
Yolo,18545
chiottes,18546
RM92UBB,18547
UBB,18548
iloveubb,18549
rm92UBB,18550
pourrie,18551
Leaseydoux,18552
adeleexarchopoulos,18553
PhiloNTM,18554
FT3,18555
hamoud,18556
joieextrême,18557
Taylorswift,18558
oliviapalermo,18559
solangeknowles,18560
sjp,18561
OFFICIEL,18562
TRANSFERT,18563
watch,18564
montre,18565
IlFaitChaudIci,18566
Iamdumb,18567
Lilycollins,18568
victoriabeckham,18569
kimkardashian,18570
blakelively,18571
BAEs,18572
footmercato,18573
theuglylittlegirl,18574
Instacat,18575
Indigo,18576
CheshireCat,18577
WeAreAllMadHere,18578
iddaa,18579
SaintMaur,18580
Scandaaaale,18581
evolution,18582
reportages,18583
BientotLesPartiels,18584
olivierbarthelemy,18585
AmieIndigne,18586
عيد_مولد_نبوي_شريف,18587
Gehry,18588
Provence,18589
ExodusMovie,18590
retrica,18591
Elsa,18592
Anna,18593
Cdf,18594
LeFootballvrai,18595
allezco,18596
olé,18597
FonctionPublique,18598
Clermont,18599
GorgesDelAllier,18600
Drogba,18601
RetenezBien,18602
LeMansTours,18603
visit,18604
gethlife,18605
Elvis,18606
NightingaleMusicVideo,18607
OnSaitPas,18608
CestDécidéJeMyMet,18609
Mountains,18610
arbres,18611
Instamoment,18612
prod,18613
Lfam,18614
Nems,18615
vietnam,18616
prawn,18617
pork,18618
Lfamfic,18619
ClubFranciscain,18620
Exploit,18621
DomTom,18622
yum,18623
HarmonizersAndWhitesiders,18624
MesBonnesRésolutions,18625
allezbrive,18626
Biochemistry,18627
TonyGaga,18628
macro,18629
Ikaunieks,18630
memoria,18631
YanTayoEh,18632
PinoyPride,18633
NS2015,18634
vivelhypocrisie,18635
Hypocrit,18636
touslesmêmes,18637
FranceO,18638
FcnCFR,18639
NANCFR,18640
MangeTaSoupe,18641
tristelove,18642
FCGUSO,18643
FCG,18644
BesoinDeChangementCetAnnée,18645
BesoinDeChangementCetteAnnée,18646
SDR,18647
Miltk,18648
nowatching,18649
LyonPartDieu,18650
BourgSaintMaurice,18651
MissFrance2004,18652
HappyNewRun2015,18653
ApremAdminPourrie,18654
DepuisHierJeSavaisCeQueT,18655
LOUSFP,18656
cdd,18657
dabest,18658
En2015ArretezDe,18659
sniffff,18660
JournéeProlifique,18661
BodyPump,18662
Boulbi,18663
Propre,18664
FCNCFR,18665
skindred,18666
ringostarr,18667
RED,18668
socks,18669
MadeinItaly,18670
Animagique,18671
WaltDisneyStudios,18672
lemansfc,18673
Klimt,18674
bauxdeprovence,18675
carrieresdelumiere,18676
celebi,18677
Pokemon,18678
alpesdhuez,18679
ski2015,18680
backflip,18681
bigair,18682
tempête,18683
GrosseMerde,18684
puissanceJungle,18685
GrimperLaVie,18686
ClimbFamily,18687
EdF,18688
GuessAddict,18689
fhaine,18690
FHaineParty,18691
BBRom,18692
MaitreConnard,18693
Narnarquin,18694
rezept,18695
GrandPalais,18696
Feminism,18697
qatar,18698
COOL,18699
GirlsOnFire,18700
FullMoonParty,18701
KohPhangan,18702
MarvellousMurals,18703
skull,18704
LSDmag,18705
AuxAntilles,18706
resolutions2015,18707
musee,18708
VIT,18709
TEAMMHR,18710
AVECLEXV,18711
valeSergeHochar,18712
Porto,18713
UrbanArt,18714
ThePinkprintBundles,18715
harrypotter,18716
book,18717
numberfive,18718
MarcelDuchamp,18719
nousdominonsgrave,18720
pourvuquecadur,18721
noussommesheureux,18722
JP,18723
RedStarACA,18724
révisionnisme,18725
hollidays,18726
hotties,18727
franceO,18728
CF,18729
ly,18730
gravemeconnaissancedumetier,18731
jenevousenveuxpasvousconnaissezpas,18732
NewNintendo3DSXL,18733
CanYouTellWhatItIsYet,18734
facdedroit,18735
rwt,18736
Peinture,18737
Baptême,18738
TEAMFCH,18739
TeamMHR,18740
JeSuisPauvre,18741
SuppSDR,18742
RSFCACAA,18743
Chanel,18744
ChanelRedLipstick,18745
RougeAllure,18746
Aurelie,18747
CC,18748
mixers,18749
PortraitDuPèreDeLArtiste,18750
Cézanne,18751
RSI,18752
protectionsociale,18753
anthropologie,18754
BHVMarais,18755
ors,18756
chaussettes,18757
SoManlyDaeOMG,18758
TuEsOuSoleil,18759
OnSlayToujoursEtEncore,18760
RoueDeBicyclette,18761
Rembobinage,18762
Tekken,18763
ps1,18764
LetsPlay,18765
retrogaming,18766
vsfighting,18767
instaPicture,18768
cote,18769
Azure,18770
ATM,18771
chatel,18772
AllezGrenoble,18773
atleticolevante,18774
AboutLastNight,18775
LastNightTheTangoSavedMyLife,18776
PorteBouteilles,18777
GOMHR,18778
LOGOBI2015CESTPOURNOUS,18779
lastshoot,18780
streetshoot,18781
streetwear,18782
newplace,18783
ladefence,18784
2ndproject,18785
U11,18786
jiyong,18787
BIGBANG,18788
gdragon,18789
JeffKoons,18790
Lifeboat,18791
Rabbit,18792
plage,18793
CoucherSoleil,18794
Atletico,18795
Levante,18796
instanew,18797
newcouz,18798
RCM92UBB,18799
ElvisPresley,18800
CestPasUnScoop,18801
ubb,18802
streetArt,18803
BalloonDogMagenta,18804
FondationBeyeler,18805
Bâle,18806
Suisse,18807
CamilleVoice,18808
Jaime2015,18809
monAntiCernes,18810
gouvernement,18811
energy,18812
CatOnAClotheslineYellow,18813
TeaTime,18814
Marais,18815
PaixAMonAme,18816
equipetypemisaison,18817
Moon,18818
EncoreNoelAvecConcoursTvETQuentyCraft,18819
HangingHeart,18820
p2,18821
BONNEANNEE2015,18822
Presse,18823
jesuispasdaccordavectoi,18824
cherchepas,18825
histoiredesarts,18826
Russes,18827
Accattone,18828
Pierrotlefou,18829
godard,18830
Pedropenim,18831
Hulk,18832
rugbyramafails,18833
ACCESSIBILITÉ,18834
BalloonVenusOrange,18835
wang,18836
GazingBall,18837
Mailbox,18838
vaper,18839
FarneseHercules,18840
Ariadne,18841
économiste,18842
TeamHomophobe,18843
visitezToulouse,18844
uselesstweet,18845
AllezCO,18846
nomnomnom,18847
RugbyCloser,18848
Toutoutouvousaureztoutsurromainpoite,18849
MarryMeJustALittle,18850
NeverComplainNeverExplain,18851
USBCO,18852
LesBoss,18853
cheminee,18854
Footballvrai,18855
Soprano,18856
Mercier,18857
Yenaassez,18858
NoSoundWithoutSilence,18859
Grizi,18860
bûche,18861
noël,18862
fruitrouge,18863
framboise,18864
myrtille,18865
DanseCommeGradur,18866
Hollywoo,18867
FrançoisMitterand,18868
IndianGirl,18869
Cambadélis,18870
jail,18871
mayenne,18872
prisonnier,18873
tolard,18874
BobignyETG,18875
Edf,18876
lesmartiniquaiontpritchers,18877
Nouscommenconsbienl,18878
FlippeTotale,18879
JDCJCR,18880
Pronosoft,18881
modecapricieux,18882
LaGrandeFamilleDesFanzouzes,18883
FuckeyVousAlors,18884
hypecycle,18885
WeWantAMockingjayPart2FrancePremiere,18886
DSK,18887
JoueLaCommeCambadélis,18888
Twittapéro,18889
ETG,18890
sciences,18891
tropdespoirs,18892
psgarras,18893
LRSY,18894
Révision,18895
GoodLuck,18896
SoParisien,18897
pressing,18898
VeilleRentrée,18899
Bercy,18900
CamilleAlexandreATelefoot,18901
JardinLecod,18902
Retrospectiva2014,18903
VendrediSex,18904
ChampionsLeague,18905
TeamCousin,18906
Ok,18907
Espagne,18908
mhr,18909
Mierda,18910
ElSurMeFalta,18911
BarcelonaMeFalta,18912
supersamedirugby,18913
RugbyVrai,18914
RedStar,18915
Flare,18916
Ultra,18917
textures,18918
fabrics,18919
patterns,18920
gauchetarée,18921
بس_بغني,18922
UE,18923
Strossburi,18924
twittoma,18925
AllByMyself,18926
hautegoulaine,18927
loireatlantiqueagauche,18928
mercatohiver2015,18929
OnSeFollowAuCalme,18930
suchasweetheart,18931
kfcsansboisson,18932
selfienation,18933
selfies,18934
appbreeze,18935
Olaf,18936
Snowwhite,18937
dubsmach,18938
exclusion,18939
sarahsuco,18940
pascaldemolon,18941
copyleft,18942
baravin,18943
regimepostfetes,18944
detox,18945
Resolutionspour2015,18946
FASM,18947
bouquinTrendyToc,18948
Twittoma,18949
InstantPoésie,18950
OnEstPret,18951
ViveLesAmis,18952
mathildeborgiasphotography,18953
AllezAurevoir,18954
marvel,18955
MockingjayPart1,18956
uneheuredetranquillite,18957
KanyeWest,18958
PaulMcCartney,18959
ARDI,18960
JeConsommeFrançais,18961
backpacking,18962
MegeNaAb,18963
sekenceemotion,18964
Inusable,18965
UHC,18966
gas,18967
QPUC,18968
lesyeuxplusgrosquelemonde,18969
Zin,18970
5YO,18971
socrate,18972
EvaLaMascotte,18973
Puterie,18974
airbag,18975
k2,18976
freestyle,18977
boing747,18978
cockpit,18979
LeBourget,18980
ASC,18981
SoDangerous,18982
RTEnMasse,18983
amitie,18984
noyaudebonheur,18985
EvaCPasCool,18986
tschuss,18987
pédagogie,18988
15countriesthadmustbevisitbythefooolist,18989
CBWeSupportYouStopSmoking,18990
marsouinsouag,18991
CakePop,18992
directauto,18993
ChuckBass,18994
lainkapete,18995
Juventus,18996
JuvRoma,18997
whitegirlproblems,18998
VousNavezRienVu,18999
follebjr,19000
medylabidi,19001
FaceOff,19002
50minInside,19003
Xmas,19004
SaintOmerCroix,19005
32cdf,19006
JourDeRugby,19007
Menteur,19008
JePoseLaQuestion,19009
clubmed,19010
BET2014,19011
AugustAlsina,19012
LaFamilleBélier,19013
repriselundi,19014
EvaVeutUnCompteMinecraft,19015
50mninside,19016
LesJambons,19017
surpriiise,19018
SacréRico,19019
looksatyoulikeyoucrazy,19020
neverworks,19021
tahiaWael,19022
TotalBlackOut,19023
JaiRi,19024
VAFC,19025
OGCNice,19026
MédecinsSansFrontières,19027
Quiz2014,19028
LaBasseNormandieAuDessus,19029
JuveRoma,19030
mvpstatus,19031
problemedebreton,19032
coupedefrance,19033
JeReve,19034
kurt4ever,19035
FreddyKruger,19036
NightmareOnElmStreet,19037
Remake,19038
Horror,19039
Hesitation,19040
EleveSerieux,19041
partyhard,19042
hypoglouton,19043
Fievre,19044
HappyBirthdayJRRTolkien,19045
çayaşkı,19046
Nirvana,19047
Kurtalwaysinmyheart,19048
cemomentoú,19049
instablack,19050
grassematinee,19051
TeamESC,19052
mdpsabatier,19053
EvaADestiny,19054
gabin,19055
playmobil,19056
Farfadets,19057
TeamMinecraft,19058
Eurosport,19059
HappyPapaWoollimDay,19060
JudgeNjawa,19061
TeamMoches,19062
mdp,19063
Crêpes,19064
montceau,19065
DepuisQueJeConnaitKevAdams,19066
TeamUSC,19067
SenOlmasaydın,19068
saturdaynight,19069
MerryChristmas,19070
NorthmanPower,19071
50min_inside,19072
lesmaldives,19073
paradise,19074
Oxford,19075
MissingU,19076
SantéBisous,19077
ArasGotTalent,19078
AltradStadium,19079
décision,19080
KevAdams,19081
bebeRom,19082
لأ_يا_علي,19083
aucunDoute,19084
FactoryAndCo,19085
Cookie,19086
Caramel,19087
Calories,19088
Yummi,19089
LePèreNoël,19090
StopZigZag,19091
LEpower,19092
Pizza,19093
maldives,19094
Charia,19095
goodfood,19096
linkupvideo1M,19097
موهبتي_بحبك,19098
SportingCP,19099
grosCon,19100
HappyHolidays,19101
foresttrail31,19102
jephotographiemoncorps,19103
twoff,19104
BurnControler,19105
ApprentisAuteuil,19106
Diabaté,19107
ProjetBÉNIN2015,19108
QUEORL,19109
meteore,19110
scones,19111
SouvenirsOubliettes,19112
1autrefoid,19113
حلمي,19114
RendezNousTupacEtPrenezLesHomos,19115
USQUSO,19116
PicOfTheDay,19117
Maldives,19118
BestCommentateurEver,19119
حلمي_نشرة_أخبار,19120
gatineau,19121
iciottgat,19122
café3grâces,19123
USGoHome,19124
مواهب_حلمي,19125
Ralph,19126
tsr,19127
dvk,19128
CafésBarsDeRouen,19129
CafésBarsDeFrance,19130
50MinInside,19131
tweetbackfurtif,19132
Whovian,19133
VousPouvezPasTeste,19134
EiffelTour,19135
BonneAnnéeÀTous,19136
HNY,19137
LeCastingDeDivergente2EnFrance,19138
OneChance,19139
FolieSansCesse,19140
MattS,19141
Krazyy,19142
SeanCortez,19143
Zigita,19144
JakeMiller,19145
ReveillonGate,19146
TeamFfyaa,19147
rcacak,19148
rajamondial,19149
ArabGotTalent,19150
Superstition,19151
palis,19152
france5,19153
RoadToRuin,19154
pardon,19155
VLFLBC,19156
Mabide,19157
InstantCine,19158
chronodrive,19159
ASG2014,19160
ASGZENITH,19161
boobavoice,19162
trigga,19163
OheOheOheOheLeoLeo,19164
BestThingEver,19165
Candy,19166
MMs,19167
JudgaNajwa,19168
nissamerda,19169
Law,19170
unmaillotpourjacquier,19171
vafcogcn,19172
bientot,19173
HotlineMiami,19174
Enjoie,19175
Lundi,19176
clubdeligue1aladerive,19177
whenafirestartstoburn,19178
RobInspecteurDeJoinville,19179
FCIM,19180
transfers,19181
ForzaInter,19182
beatlimoges,19183
EndavantVillarreal,19184
2020Experience,19185
idéesblanches,19186
ChristianLeclerc,19187
Champlan74,19188
TeamBlackOps2,19189
لبيتزا,19190
FCBAmiens,19191
FCBressuire,19192
5HFanuaryDay2,19193
PuisseLeSortVousEtreFavorable,19194
DedicaceAMaSoso,19195
Cross,19196
Hat,19197
England,19198
Holidays,19199
foodPorn,19200
ASG2015,19201
CaféGourmand,19202
NeMappelezPlusJamaisFrance,19203
ProfondeReflexion,19204
LesPhénomènes,19205
froid,19206
sourire,19207
bonnet,19208
weather,19209
raining,19210
bedroom,19211
cochon,19212
DedicaceBack,19213
Mitterrand,19214
Bousquet,19215
sorcière,19216
hackers,19217
MeinBesterFeind,19218
AllStarGame,19219
WhittenOrphée,19220
SmackDown,19221
Estoril,19222
pizzas,19223
NashsNewYearSkit,19224
Ezekiel,19225
nialldontignorethishashtag,19226
niallimages,19227
Taureaux,19228
TweetYourBestLarryMoment,19229
ArabsGoTalent,19230
يخرب_عقلك_شو_بيلبقلك,19231
BMWi,19232
i3,19233
Electric,19234
Shower,19235
assas,19236
HommeDuMatch,19237
المولد_النبوي,19238
FrangipaneForEver,19239
NewYear2015,19240
Baccalau,19241
SkillsChallenge,19242
Finale,19243
BMTH,19244
yaboooon,19245
IceBucketChallenge,19246
AllezQuevilly,19247
TeamNormandie,19248
Divergent,19249
USCNIORT,19250
EzgiMaSoeur,19251
MadeInNormandie,19252
contaminationFDI,19253
ConcoursDeMeneur,19254
Échec,19255
RaveOff,19256
JamarSmith,19257
OTHseason9,19258
capiqueoupas,19259
ReceveurFamilie,19260
Mam,19261
fopaspoussay,19262
LAUL,19263
MathildaFaitEncoreDesSiennes,19264
lagameavecyasuotmtc,19265
omnomnom,19266
TheFaultInOurStars,19267
ParisNord,19268
AllStarGameLNB,19269
annees2000,19270
toomuch,19271
britney,19272
justin,19273
Entorse,19274
Inside,19275
HenriqueOliveira,19276
abstrait,19277
abstract,19278
fineart,19279
3ptsConcours,19280
HDDiner,19281
Brittany,19282
UneVie,19283
ToujoursLaPourAmelieEtHugo,19284
Final,19285
unhommeidéal,19286
WeAreAllManchots,19287
GrosseTete,19288
وجهة_نظري,19289
Jai1VoisineFormidable,19290
Racisme,19291
MeaCulpa,19292
2015IsLarryYear,19293
Year,19294
patinoire,19295
polesud,19296
GrenobleLyon,19297
BDLLHC,19298
Nkoudoulebontechnicien,19299
tableau,19300
StarWarsEpisodeVII,19301
OswaldoVizcarrondoLeCapitaineDeLequipeDuFootballClubDeNantesEtCapitaineEmbematiqueDuVenezuela,19302
Nuxe,19303
lumière,19304
parfumée,19305
RêveDeMiel,19306
Origami,19307
Joli,19308
بوكيمون,19309
FragileCommeSatta,19310
GAMETIME,19311
GOSELECFR,19312
AskAaron,19313
sarkilarlafilmler,19314
iconcerts,19315
SCBLOSC,19316
Sarcasmo,19317
IkVertrek,19318
kaal,19319
LePetitBali,19320
goodlookingplace,19321
Elana,19322
Losc,19323
BisRepetita,19324
brrr,19325
allahakbar,19326
etbiiiiim,19327
PaulineTürk,19328
JeDétesteCourir,19329
TeamOujda,19330
remplaçant,19331
JetmQm,19332
wordcould,19333
LaNuitAuMusée2,19334
TrueBlood,19335
j4t,19336
regimezer,19337
finilesdinderies,19338
LEDLT,19339
AllBlueEverything,19340
GrosseTêteEnPlusDEtreGrosse,19341
brousse,19342
DowntonAbbeyLive,19343
spoiler,19344
LesSimpson,19345
pingpong,19346
féminité,19347
Aligre,19348
3AreLegend,19349
BringingTheWorldTheMadness,19350
Possessive,19351
RyanGander,19352
INSIDE,19353
çamtouchemaisjrestedebout,19354
Moerman,19355
ASG15,19356
InoussiaLaBrigitteBardotNoire,19357
NCISLA,19358
NCIS,19359
StupidInfos,19360
Auchan,19361
pluscher,19362
canele,19363
expliquezmoi,19364
Cambadelis,19365
SiJEtaisPresident,19366
ultra2014,19367
Ultra2015,19368
VisMaVieDeGourmand,19369
KevReviensARouen,19370
DepuisQueJeConnaisCyrilHanouna,19371
HugoBaby,19372
Fooding,19373
TraderSocial,19374
bobzer,19375
enjoy,19376
HolyHope,19377
En2015DansLaKpop,19378
Calcio,19379
UBER,19380
UberLove,19381
SportsDhiver,19382
TheBigBoss,19383
tropsubtile,19384
Vert,19385
anar,19386
LaboratoireTechnologie,19387
DataClasse,19388
priceless,19389
TimeOut,19390
lapoésie,19391
TheGrundge,19392
LeMarais,19393
Vitrine,19394
Shop,19395
Mannequins,19396
Line,19397
Plastic,19398
LightBulb,19399
PhrasesCultes,19400
Z,19401
odeon,19402
jaimebcpcequevousfaites,19403
PhrasesCultesKevAdams,19404
InternetExplorer,19405
Twilight,19406
movienight,19407
InstaGame,19408
ContreLeMariagePourTous,19409
sassoufit,19410
NewPp,19411
SiJeReste,19412
OnNeVeuxPasDuMariagePourTous,19413
Sneijder,19414
hungry,19415
cuteanimals,19416
thatsmerightthere,19417
dunk,19418
CommentTuerSonBoss2,19419
matrix,19420
DunkContest,19421
dunkinprobs,19422
denain,19423
village,19424
Penne,19425
touriste,19426
typique,19427
FM2015,19428
evcilikoyunu,19429
cocooning,19430
Kusmi,19431
becool,19432
kusmitea,19433
muscle,19434
teamheath,19435
flb,19436
Deprimindo,19437
château,19438
reprisenatation,19439
LesEnfantsDeLaTele,19440
frenchvine,19441
revineThis,19442
Glaçon,19443
universite,19444
sorbonne,19445
TheKingBurger,19446
SPECTRE,19447
SoldatRose2,19448
TV5Monde,19449
PrenezJeremstarEtRendezNousMandela,19450
arf,19451
Matsuri,19452
faceplant,19453
harlemdesir,19454
languedebois,19455
TeamGrosCul,19456
gourmande,19457
AmericanNightmare2,19458
jpprisenflag,19459
jpselache,19460
NigeriaPower,19461
ChuiPluskleurKeul,19462
RTSiTaCaptéLeJeuDeMot,19463
AskBeau,19464
LAPIRATERIE,19465
brongFriendsBack,19466
StickAround,19467
teamusq,19468
Lesenfantsdelatele,19469
Nuls,19470
cray,19471
NKM,19472
koi,19473
carpe,19474
aeroport,19475
fine,19476
NeverGipeUp,19477
Techno,19478
FoieGras,19479
StMoret,19480
FragmanIstemiyoruz,19481
AntiFragman,19482
FragmansızÖyAz,19483
FriendsOnNetflix,19484
joptimisme,19485
ShootA10000,19486
palestine,19487
ILoveThisGame,19488
TeamAllBlacks,19489
abandon,19490
lacheprise,19491
palmares,19492
vieenrose,19493
ThugCast78,19494
JeCommence,19495
Cahierpourlesenfants,19496
2chainz,19497
DepuisOnTeTrompe,19498
OnTaQuitter,19499
sheslikethewind,19500
CaVaAller,19501
sporting,19502
OnTaimeKev,19503
misezVotreFemme,19504
allo15,19505
sunrise,19506
latortue,19507
amie,19508
momentnutella,19509
نتألم,19510
نتكلم,19511
قلمي,19512
bastia,19513
buyfFifacoinsPSG,19514
EDLT,19515
cetétéjsuisbonne,19516
looking,19517
hbo,19518
Germainleroumain,19519
TuNousManqueKev,19520
Clan,19521
COC,19522
BeautyandtheBeast,19523
season2,19524
FaceToFace,19525
EtCoucouToi,19526
FinVacances,19527
Seneque,19528
FrontRow,19529
sweetpoet,19530
Cindrella,19531
GuiguiClavicule,19532
Katumbi,19533
Diddl,19534
boloss,19535
Bond,19536
JamesBond,19537
Bollinger,19538
Nintendite,19539
riezSvp,19540
jaipula3GPourAllerSurPornhub,19541
TuNousManque,19542
jakara,19543
beautedusud,19544
tqt,19545
MessiResteraAuBarca,19546
LaissezNousmarcherTranquille,19547
ARIvsCAR,19548
ASGLNB,19549
3pointsshootout,19550
girly,19551
foodporrn,19552
flowers,19553
LaMeufPasDuToutConcentrée,19554
lasalsadudemon,19555
DoublePunch,19556
SurCe,19557
Besos,19558
TakeMeToHeaven,19559
DercatoTheGame,19560
ChaisesMusicales,19561
JeRigole,19562
EquipeDeBrasCasser,19563
centrale,19564
minesponts,19565
ccp,19566
ArthurLeRoumain,19567
verifysammywilk,19568
Frère,19569
Snowhall,19570
ClarenceLeRoumain,19571
Kiabi,19572
DreamComeTrue,19573
Dk,19574
CASTING,19575
ParlerPourNeRienDire,19576
LaMifaDesRoumains,19577
TNDLive,19578
DathVader,19579
CriminalMinds,19580
CDP,19581
Chateauroux,19582
ShiaLabeouf,19583
LoganLerman,19584
ClarenceLeRoumin,19585
TeamRoumain,19586
Dubai,19587
lalovance,19588
TDS,19589
paysans,19590
JIMMYPRESIDENT,19591
tchiip,19592
DepuisSusuADeLaBarbe,19593
NakedOnTheRun,19594
Kevreviens,19595
PierceBrosnan,19596
rtsictrist,19597
Wass,19598
Putain,19599
Ouais,19600
toutestnormal,19601
station,19602
EspritsCriminels,19603
ReceveurFamily,19604
AllStarGame2015,19605
PARISCESTMIEUXLHIVER,19606
YAH,19607
ElieElia,19608
WorstDateIn5Words,19609
rockthecasbah,19610
OTTERBACH,19611
GERMANY,19612
BuyFifaCoinsBarca,19613
BuyFifaCoinsBayern,19614
jungle,19615
GCUM,19616
paros,19617
ilescyclades,19618
FortBoyard,19619
bigloveGaspardsoitpasjalousedeCetArt,19620
fightclub,19621
madness,19622
glee,19623
Transformers,19624
cspnation,19625
NikeAirMag,19626
lesapparences,19627
Niro,19628
teamAvril,19629
teamBélier,19630
réveillon,19631
commentfairerentrerunepersonnedanslejeubigloveMarionCherie,19632
Décontracté,19633
JaiConfiance,19634
FRwin,19635
AdrienMVP,19636
IVERNIZZIsniper,19637
OUATTARAtomar,19638
WESTERMANNbestPG,19639
Bermudes,19640
PDUC,19641
BTSMUC,19642
rapelle,19643
EURUSD,19644
SGFRFORYOU,19645
Victoria1836,19646
nocturnes,19647
StanislasMerhar,19648
S05E02,19649
ong,19650
cnrj,19651
Etam,19652
Cabello,19653
UnityMoment,19654
karimComedyClub,19655
Anti_Muslim,19656
GoldenGlobes,19657
JesuisCharliePO,19658
toujoursvivant,19659
2g,19660
OffIDK,19661
petitepenséepournotrePaulSpector,19662
perfectmoment,19663
GianpaoloPazzini,19664
DeJong,19665
Rossoneri,19666
Casciavìt,19667
Diavolo,19668
AgeDePierre,19669
iamonsale,19670
Forza,19671
politics,19672
usam,19673
squadranegroni,19674
MorpheeMonAmour,19675
ReviensVersMoi,19676
jolienuit,19677
Incurable,19678
BONNENUIT,19679
جمهورية,19680
ديموقراطية,19681
babysittingproblems,19682
bonui,19683
LoireAttack,19684
TeamUltra4,19685
expertbidon,19686
lfp,19687
Rageuse,19688
Requiem,19689
bazzifamily,19690
Bretonne,19691
TomFelton,19692
TeamVerseau,19693
Réflexion,19694
OFFFFFFFFFFFFFFFFFFFFFFFFFFFFFFFFFFFFFF,19695
colocdemeufs,19696
NintendoDirect,19697
CHarlieHebdo,19698
abo,19699
resolution,19700
LiberteExpression,19701
PetitTweetEnTurc,19702
onestcharlie,19703
sniper,19704
studygroup,19705
overseas,19706
finals,19707
distancemeansnoshit,19708
cestpasgagne,19709
yzontriencompris,19710
AdJ,19711
JeSuisTesson,19712
PetitePhraseEnRebeu,19713
LislamNestPasUneRace,19714
StopEnfumage,19715
WellBeTheStars,19716
PetitePhraseEnJaponais,19717
TuMasRamenéLeDessert,19718
quenelleAuPassage,19719
PetitePhraseEnAllemans,19720
S5E6,19721
S2E6,19722
S2E5,19723
Symbole,19724
DesMongoles,19725
PetitePhraseEnRicains,19726
PetitePhraseEnCongolais,19727
IntoTheWoods,19728
4emediv,19729
JespereQueRonaldoTotyEstPourMoiCeWeek,19730
PetitePhraseEnKaaris,19731
moulinrouge,19732
breaktheinternet,19733
BagayChaleur,19734
Jospine,19735
test,19736
lechecul,19737
moscato,19738
LaRançonDeLaGloire,19739
PitchPerfect,19740
HitGirls,19741
AnnaKendrick,19742
BrittanySnow,19743
ElizabethBanks,19744
ElMundoMeDaAsco,19745
marredesrevisions,19746
tousengrevepourlebac,19747
CriALaRonaldo,19748
JeSuisVenezuela,19749
Morbihan,19750
Vannes,19751
CABU,19752
young,19753
frenchboy,19754
mignon,19755
instawhite,19756
Nigeria2000,19757
Olympia,19758
respecter,19759
Palin,19760
RVP,19761
onauratoutvu,19762
MillionEvent,19763
RachidBadouriFaitSonCinema,19764
Chevenement,19765
Enculez,19766
Wai,19767
TheNormalHeart,19768
TimurBekmambetov,19769
JeSuisRaho,19770
MetaFiction,19771
Razzies,19772
Transformers4,19773
PizzaHut,19774
RyanGosling,19775
ChristianBale,19776
TheBigShort,19777
healthyfoodee,19778
laurentblanc,19779
VintageYourself,19780
DirectorIan,19781
studyabroad,19782
Historique,19783
Stains,19784
ChercheLaMerde,19785
thatjusthappened,19786
Marre,19787
AlbumDansLesBacFrançais,19788
Priscilla,19789
Kiss,19790
LoveInès,19791
Contribuez,19792
Arna,19793
BlackCaviar,19794
Duysiduy,19795
lookgood,19796
serviceMilitaire,19797
encadrement,19798
Harlow,19799
désinformation,19800
BONPLAN,19801
cashback,19802
Philips,19803
Achatmalin,19804
SOLDES,19805
AO,19806
BougezVert,19807
pasenviedeselever,19808
EnKaBrilléZot,19809
WaiNouNiMarreEtLesThonsKaFèStyle,19810
TrainAPrendre,19811
PasPuAttendre,19812
FlemmeIntense,19813
JeGère,19814
ImamDeDrancy,19815
jepropose,19816
tudisposes,19817
ANNECY,19818
Agile,19819
SvegliaPerPrepararmiEAndareAScuola,19820
honeymoontour,19821
CouvFred,19822
BoutikLaFèmé,19823
WakageDeFlow,19824
SaPaBel,19825
Wooooou,19826
Skuuuuur,19827
VisiteDeMusées,19828
CMA,19829
madrid,19830
manosque,19831
3M,19832
rupture,19833
PlacedelaNation,19834
cerclevicieux,19835
TeamRicky,19836
coachretreat,19837
MercrediSensation,19838
2014FHD,19839
ImFree,19840
JAiCharlie,19841
le3en1,19842
Chatellerault,19843
championnet,19844
VousAuriezPasUnPeuDeGravier,19845
Onscomprendpas,19846
teamtaurus,19847
RapChat,19848
Reoff,19849
Marcherépublicaine,19850
alencon,19851
DFS,19852
Bachelor,19853
ToulouseBS,19854
Jan14,19855
HumourCharlie,19856
enormeblague,19857
JeSuisParu,19858
Juvisy,19859
mandieu,19860
dessindujour,19861
Complot,19862
schooltime,19863
8DaysUntilTVD611,19864
LEQUIPEDUMATIN,19865
VERSAILLES,19866
JeSuisMarcelin,19867
artsnumeriques,19868
GoPanaaaam,19869
Quimperle,19870
pontdelatournelle,19871
sixoclocklot,19872
loveya,19873
Pensée,19874
dinner,19875
steak,19876
Tuna,19877
Tomato,19878
Patty,19879
baked,19880
potatoes,19881
frenchfries,19882
salad,19883
perpignan,19884
demotivation,19885
deskilling,19886
DonDuSangàTous,19887
Fontvieille,19888
Dutreix,19889
menilmontant,19890
jenaipastrouvécharlie,19891
Rupture,19892
7h45,19893
listen,19894
Quadratics,19895
PastHistoric,19896
daffodils,19897
celineDion,19898
Hugger,19899
mercilasncf,19900
Moutons,19901
laloose,19902
yaplusdecharlie,19903
numeroHistorique,19904
patatedenfer,19905
freedomofthepress,19906
sauconyoriginals,19907
journal,19908
Blois,19909
jeveuxlire,19910
RestonsCharlie,19911
salutaire,19912
MaisFautPasAbusé,19913
jachetecharlie,19914
lignel,19915
trouverCharlie,19916
JeLaiEu,19917
lycee,19918
terminale,19919
pasdelevelasté,19920
tweetcommeNani,19921
dépités,19922
CanardEnchaine,19923
Canard,19924
AvocatDuDiable,19925
Snifff,19926
20minutesbordeaux,19927
benabar,19928
pasvupaspris,19929
lesaintgraal,19930
Résurrection,19931
OuEstCharlie,19932
LaFranceAchèteCharlie,19933
jesors,19934
Élites,19935
PigeonVengeur,19936
Dessu,19937
AudiencesRadio,19938
PlusDeCharlie,19939
7janvier,19940
Montivilliers,19941
LitQuiGrince,19942
Truie,19943
mondedeMERDE,19944
blaguedevieux,19945
adwords,19946
payant,19947
LeHaillan,19948
JouannoIDF2015,19949
confrontations,19950
guerredAlgerie,19951
Luxleaks,19952
Houilles,19953
molsheim,19954
3MillionsDexemplaire,19955
Clope,19956
VendezMoiUnCharlie,19957
mc,19958
swachhbharatabhiyaan,19959
BonjourVous,19960
Dunkerque,19961
SouvenirsDeMarnie,19962
Ghibli,19963
Libya,19964
JesuissurEbay,19965
lecanardenchaine,19966
pascompris,19967
facepalm,19968
StopBokoHaram,19969
SOLDOUT,19970
jaimoncharlie,19971
JaiPlusCharlie,19972
mtv,19973
journaux,19974
charlonnistadecue,19975
PlusdeCharlie,19976
twitterFrance,19977
tweetandtoast,19978
FoxNewsFacts,19979
TweetAndToast,19980
mouton,19981
épuisé,19982
impossiblenestpascharlie,19983
SudOuest,19984
onlyjoking,19985
Classement,19986
D2,19987
GroupeA,19988
Buteuses,19989
FairPlay,19990
RoadToD1,19991
Zélé,19992
imprimeur,19993
JourneedAppel,19994
Charenton,19995
AurelienGiorgino,19996
RienComprisCeuxLà,19997
polaroid,19998
Vernissage,19999
pola,20000
labege,20001
SimuTuttiCharlie,20002
SoutienACoco,20003
JeSuisCohade,20004
SelfieCharlie,20005
JeSuisUnPigeon,20006
Fréjus,20007
ENT,20008
elyco,20009
interactive,20010
mêmedouleur,20011
venere,20012
Vousnavezpashonte,20013
PasContente,20014
MamanalAide,20015
TAFTA,20016
Canaux,20017
OCC2015,20018
UTMB,20019
Hanouna,20020
JoLAFLEMME,20021
Elyco,20022
Cute,20023
UEVE,20024
aixenprovence,20025
fcnol,20026
plusdestock,20027
LaFranceReconnaissante,20028
حريه,20029
AcneStudios,20030
BootsACNE,20031
Nrj,20032
Daumesnil,20033
brevedequeue,20034
brevedecomptoir,20035
JeSuisUnVeau,20036
LesGoûtsLesCouleurs,20037
Toussa,20038
CarnetduNil,20039
SteamShipSudan,20040
Egypte,20041
buralistes,20042
notFilter,20043
Peanutbutter,20044
JeveuxCharlie,20045
JeSuisCharlieCoulibaly,20046
ArnaudLarher,20047
politiquematin,20048
preparación,20049
temporada,20050
ID,20051
CandyCrushSoda,20052
Challengesanscontact,20053
RuptureDeStock,20054
Dégoutée,20055
JeVeuxMonCharlieHebdo,20056
JokeDuMatin,20057
negativity,20058
mercidenepasrevendrecharlieautarifbymalion,20059
SombreMerde,20060
AgglomérationDeLaval,20061
promclassic,20062
LespoirFaitVivre,20063
Marque,20064
YaPlusDeCharlie,20065
Portnawak,20066
EnricoMarcias,20067
commute,20068
heaven,20069
Miracle,20070
hautslescoeurs,20071
SiA50ansTuTesPasFaitAffichéParDesConsTasRatéTaVie,20072
Euro2016,20073
pharos,20074
jelaieu,20075
hatedelelire,20076
mondanite,20077
LépargneEstCharlie,20078
reprint,20079
FannyJ,20080
selfiecharlie,20081
leGraal,20082
LâcherPrise,20083
FaitesCeQueVousVoulee,20084
FaitesCeQueVousVoulez,20085
ParisJeTaime,20086
GOHAWKS,20087
14jan,20088
Epernay,20089
Pissefroid,20090
YEnAMarre,20091
rupturedestock,20092
OnIDK,20093
dieudonné,20094
yonamarre,20095
NonAuTerrorisme,20096
UnsaEducation,20097
jetenculetherese,20098
buzz2fou,20099
LKGBT,20100
Gaystapo,20101
pizzasprint,20102
VivementLeWE,20103
VentiMochaBlanc,20104
ligne6,20105
DurDêtreAiméParDesCons,20106
JeSuisUneDamePipi,20107
PisseChaud,20108
TweetCommeVizca,20109
LOSCFCN,20110
jaipasCharlie,20111
jaipasd,20112
jeSuisUnVilainPetitCanard,20113
freedieudo,20114
brands,20115
libertédelapresse,20116
Fail,20117
réaction,20118
proaction,20119
passionparis,20120
Ligne6,20121
enviedemeurtre,20122
jesuisbebey,20123
Gurria,20124
ligne2,20125
Genou,20126
enculer,20127
pathétique,20128
tapioca,20129
banane,20130
sorbet,20131
persil,20132
fca,20133
attention,20134
NiceNord,20135
frenchtechparis,20136
jeveuxmaplace,20137
FcnVsOL,20138
DayZ,20139
MyProteine,20140
Clermontferrand,20141
naturaleza,20142
Nevando,20143
SaC,20144
smartphones,20145
master1,20146
septembre2015,20147
JeValide,20148
tâche,20149
sevran,20150
CanardEnchainé,20151
SIA2015,20152
marlonteixeira,20153
perfection,20154
lpb,20155
Urgence,20156
badbusiness,20157
Sueur,20158
Equipe,20159
NuitBlanche,20160
Emulation,20161
AQPA,20162
TalentCache,20163
AusOpenQualies,20164
JaiPasMonCharlie,20165
EtJenVeuPaBandeDeFisDePute,20166
bnunsaeducation,20167
aftenposten,20168
ap,20169
Deputes,20170
transparence,20171
fiscale,20172
immigration,20173
BigKiss,20174
imbécile,20175
OnResteAttentif,20176
kiosque,20177
jaipastrouvecharlie,20178
onaplusdecharlie,20179
tascharlietoi,20180
ilestoucharlie,20181
jevendsmoncharlie,20182
luchon,20183
douai,20184
MesChouchous,20185
école,20186
masoeur,20187
ApplisUtiles,20188
TICEdkrt,20189
HumourDécalé,20190
surmaroute,20191
shop,20192
mercredi,20193
trottinette,20194
TEAMBARNEY,20195
Sportsco,20196
GeryGainsbourg,20197
fatiguée,20198
cherchezCharlie,20199
JeVeuxCharlie,20200
EtMaintenantOnAvance,20201
charliemania,20202
JeSuisDieudonné,20203
fierdemonpays,20204
LeVert,20205
Sisters,20206
Wednesday,20207
Fr3,20208
A321neo,20209
PeineImmense,20210
classe,20211
artzetmetier,20212
yemen,20213
jelouvredoncjesuis,20214
AgentCarter,20215
ViveCharlieCoulibaly,20216
Suspect,20217
DD,20218
skatefree,20219
tchecktruffes,20220
Mais,20221
de,20222
faire,20223
LiberezDieudonné,20224
JeSuisBeyonceCoulibaly,20225
consciencepastranquille,20226
CharlieHebdi,20227
allemand,20228
CharlieMustGoOn,20229
plusdecharlie,20230
EU2015LV,20231
prioritete,20232
bêtise,20233
RendezLArgentAuxCréateurs,20234
sportives,20235
showmustgoon,20236
RurouniKenshin,20237
StupiditeDesFrancais,20238
CiteUnBeauPrenom,20239
RetardSncfEncoreEtToujours,20240
flemmingiteaigue,20241
fascination,20242
14Janvier,20243
revente,20244
météopourrie,20245
OnlyBjork,20246
Bibleàlécole,20247
italia,20248
GeoffroyGuichard,20249
sosexy,20250
Volinsky,20251
ASMEAG,20252
lesfillescomprendrons,20253
long,20254
BeteImmonde,20255
travailler,20256
boire,20257
IMPGT,20258
hypocrisie,20259
canalplus,20260
louis14,20261
stylisteculinaire,20262
annesophielhomme,20263
repasduroi,20264
nuitsso2015,20265
PourriedeLintérieur,20266
CiteUnBeauPrénom,20267
journalismaftercharlie,20268
nivea,20269
douche,20270
TheTheoryofEverything,20271
eBay,20272
coucou,20273
WeddingInvitation,20274
DanielleStone,20275
BenjiShine,20276
LiberéDieudo,20277
SoutienDieudo,20278
MichelKichka,20279
AliDilem,20280
Recovery,20281
Structure18,20282
WomenCrushWednesday,20283
runway,20284
NYFW,20285
FautPasToucherAuJuifs,20286
JeSuisJuifEtJeControleDoncLaFrance,20287
bonenfant,20288
fairplay,20289
Shattered,20290
gameDay,20291
jourDeMatch,20292
DestinationFinale,20293
bienfaitgrosconnard,20294
comes,20295
TropiqueFM,20296
ons,20297
DessinspourlaPaix,20298
Branleur,20299
francophonie,20300
MiguelAngelMunozAimeLaFrance,20301
Cambronne,20302
jeresteraischarlie,20303
frais,20304
cleaning,20305
OMforever,20306
grosnaze,20307
PiercingAddict,20308
vampire,20309
LiaLCitySantander,20310
zenithstrasbourg,20311
snifsnif,20312
BienpirequeCharlie,20313
Massacretouslesjours,20314
realtalk,20315
tv,20316
clarinsFR,20317
detoxdelight,20318
LesRP,20319
TwittCyclos,20320
PrendsMoiPourUnCon,20321
teamchocolatine,20322
teampainauchocolat,20323
VOUSALLEZFINIRPARVOUSAIMERLESUNSLESAUTRESBORDELDEMERDE,20324
dwdd,20325
psad,20326
homecare,20327
JeSuisDétective,20328
liberteExpression,20329
contrelesterroristes,20330
Followers,20331
VaginQuiCoule,20332
alpedhuez,20333
Vedrine,20334
DigitalCampus,20335
TweetCommeUnAntiGoalLineTechnology,20336
MUP,20337
cg83,20338
Lanfranchi,20339
var,20340
Marmawade,20341
helloTwelcome,20342
accessibilité,20343
Edamame,20344
MissLanguedoc,20345
BelleBrochetteDencules,20346
BestSerieEver,20347
NintendoDirectEu,20348
JeSuisDeçu,20349
TeamCO,20350
girlygame,20351
celebstatus,20352
drewestate,20353
divia,20354
marseillaise,20355
dh,20356
mariagepourtous,20357
ÖzgürBasın,20358
tartedujour,20359
TarteCitronMeringuee,20360
speculos,20361
boutin,20362
bac,20363
unibastion,20364
LesJoiesDuTaf,20365
Jesuicharlie,20366
Vassali,20367
unige,20368
IKnowThatFace,20369
Anepasfaire,20370
Chirac,20371
OnSeFollowSansRaison,20372
Levrat,20373
CSI,20374
parismaville,20375
simplyparis,20376
cestmonparis,20377
paris_promenade,20378
Montbrison,20379
FreeDieudonne,20380
MyLittleBox,20381
VSD,20382
droitshumains,20383
Cedh,20384
JeSuisPapa,20385
tassimo,20386
CréationOriginale,20387
SectionZéro,20388
OuLesDeux,20389
Tyrol,20390
catholique,20391
epc2015,20392
JeSuisRéac,20393
vivelapresselibre,20394
JournalismAfterCharlie,20395
WalkingOnTramoplines,20396
Apero,20397
LeffeRubis,20398
LeLeffe,20399
LeCanardEnchainé,20400
orgasme,20401
Nidaa,20402
Michel35ansInfortmatitien,20403
sudvendee,20404
OuiJeReviens,20405
PasdAmalgame,20406
Accusé,20407
TeamFfyaaU19,20408
Rouiller,20409
alQaida,20410
FMRSoutienCharlie,20411
SadLife,20412
Filipetti,20413
JeSuisChretien,20414
TeamL3,20415
LouisPassionCorrecteurAutomatique,20416
Hardworking,20417
Barrigue,20418
Vigousse,20419
DesClaques,20420
ToujoursLaDerniereAuCourant,20421
SciencesPo,20422
Mavie,20423
familly,20424
protect,20425
Ziegler,20426
islamophobe,20427
raciste,20428
syndromegrossecochonne,20429
couscous,20430
FaubourgSaintDenis,20431
Rainy,20432
RERC,20433
RERD,20434
USBKey,20435
8finals,20436
ECW,20437
onlybeenawakethreehours,20438
connarddebay,20439
art261bis,20440
jesuisbête,20441
cerveaudroit,20442
numéro1178,20443
truetomyoldjob,20444
Ruetschi,20445
2k14,20446
Écoute,20447
poney,20448
boutondor,20449
cassoulet,20450
Mapalaekzot,20451
Coco,20452
tribuneloire,20453
ilfautboufferceslyonnaises,20454
jesuislecteur,20455
jesuispatient,20456
IDon,20457
Malinverni,20458
cedh,20459
LightGraffiti,20460
Cabaye,20461
Hasparren,20462
mythologie,20463
gardeàvue,20464
dieudo,20465
filiation,20466
adoption,20467
GriziChance,20468
JesuispasCharlie,20469
LuciaDahlab,20470
frissons,20471
JeSuisMiaou,20472
PornoTchinTchin,20473
CarloSommaruga,20474
Bongo,20475
Netanyahou,20476
saletederap,20477
takeaway,20478
southpigalle,20479
sopi,20480
colorful,20481
TeamCagoleDeBourgogne,20482
globalpost,20483
IsraelSurprotégé,20484
fiches,20485
esclave,20486
Whooper,20487
Rosny2,20488
BonAp,20489
JeSuisNigériane,20490
wtfamerica,20491
LOSCASM,20492
SarkoNabot,20493
TeamMarion,20494
WaltDisney,20495
Gaules,20496
citeunephrasedeprof,20497
PatriotActsuisse,20498
MyShit,20499
LaVieAuBureau,20500
EddySiCelaEstSonVraiNom,20501
Porret,20502
vivalamuerte,20503
depravee,20504
grenouillePirate,20505
Charlihebdo,20506
newspaper,20507
cadre,20508
prophete,20509
jamaisOublier,20510
BrittInBJ,20511
pasmotivéééeee,20512
AbsolumentFansMPokora,20513
Roulade,20514
ilovebordeaux,20515
Tribunedegeneve,20516
désolé,20517
ALAncienne,20518
ggrmc,20519
Jo,20520
academicwriting,20521
Louna,20522
Favorite,20523
Taça,20524
Murano,20525
MuséeDuLouvre,20526
História,20527
cherchezl,20528
jesaisfaire,20529
chef,20530
Paris17,20531
rua,20532
LibertédExpressionAskip,20533
Tinto1884,20534
DTypePlate,20535
TeamThug,20536
iPhone5s,20537
Louxor,20538
Suisses,20539
lunionnational,20540
JsuisDeg,20541
vbn,20542
voyageauboutdelanuit,20543
PeuImPorteOuTuesPartisLeMieuCestQueTuYreste,20544
Lacriziomic,20545
deuxpoidsdeuxmesures,20546
MyTDFteam,20547
FREAKSHOW,20548
NOOB,20549
JvTousVousRhragall,20550
museu,20551
céu,20552
fotografia,20553
ISS,20554
franchise,20555
LeCid,20556
laracroft,20557
tombraider,20558
squareenix,20559
hobbies,20560
connaissances,20561
trésors,20562
voixcassé,20563
ivrogne,20564
Charlieunige,20565
crimescoloniaux,20566
camilletweet,20567
ellefaitcacamou,20568
hedicho,20569
radiographie,20570
charlieunige,20571
djihadisme,20572
MaineCoon,20573
Devenircharlie,20574
SoireeJeSuisCharlie,20575
RTSiCestTriste,20576
HistoireGeo,20577
MSPMontel,20578
phraseincompréhensible,20579
Que,20580
horrocruxes,20581
pertedereperes,20582
IBet,20583
QuiNeTenteRienNarien,20584
LMPGQLY,20585
LYPGQLM,20586
MerciSherlock,20587
nouveaumot,20588
Gap,20589
Davos2015,20590
CLOCHARDE,20591
tousàvélo,20592
CurrentElliot,20593
FeelThePiece,20594
OnSeFolowLeMercrediSansPression,20595
absolumentfansmpokora,20596
Saône,20597
OfficesDeTourisme,20598
WEF,20599
CGJ,20600
Roclincourt,20601
vscobest,20602
Americans,20603
bullshits,20604
boring,20605
society,20606
Kik,20607
NAUSÉE,20608
Juriste,20609
InfoCom,20610
vivelesmilitairesfrancais,20611
SacréLui,20612
Apologie,20613
donneur,20614
organe,20615
acteCitoyen,20616
brownies,20617
antisemitime,20618
Cinéma,20619
ValentinValentin,20620
ÖzgürBasınSusturulamaz,20621
LaBelleVilloise,20622
MMG,20623
ES,20624
sunny,20625
davos2015,20626
PasDeBol,20627
TGI,20628
TransitionEnergetique,20629
Phedre,20630
JaimemonProphete,20631
mspmontel,20632
RurouniKenshinKyotoInferno,20633
innovations,20634
egalitedessexes,20635
IssyParis,20636
NLA,20637
InstitutDuMondeArabe,20638
lefire,20639
UE2015LV,20640
Kodjia,20641
nousommestousCharlie,20642
presidenceftv,20643
MeFaitUnPeuChierAuTaff,20644
marnelavallee,20645
valdeurope,20646
valleevillage,20647
filles,20648
publicite,20649
PushingDaisies,20650
ChristopheAdam,20651
miaaaam,20652
gâtées,20653
JamieJohnson,20654
CNNAfrica,20655
startups,20656
CLEM,20657
VAPE,20658
moschea,20659
You,20660
worldchampionship,20661
Parigi,20662
QuandTonPereTappel,20663
EndlessOcean,20664
coursquipartendérive,20665
City,20666
Like,20667
rsad,20668
HeyMétéoFrance,20669
NosChersVoisins,20670
boots,20671
jaimepaslesdirectionerscar,20672
thatlou,20673
énorme,20674
ellemagazine,20675
ellefrance,20676
Cooooool,20677
Discount,20678
New3DS,20679
Ambassador,20680
WHYS,20681
Coool,20682
LesProfs,20683
Estrosi,20684
mufti,20685
Ciné,20686
uneblaguepourCharlie,20687
JesuisCumhuriyet,20688
seasonspassCOD,20689
XavierDolan,20690
CentreMondialdelaPaix,20691
Election2015,20692
DkhProduction,20693
focushub,20694
CDG2,20695
Eiffeltower,20696
daghe,20697
cestbeau,20698
JeSuisLesVictimes,20699
JeSuisLaPaix,20700
NEY,20701
BurnOut,20702
EnvieDeVoyage,20703
mybed,20704
cameinclutch,20705
Cart,20706
koreanmovie,20707
LeTempsdunAutomne,20708
viveStrasbourg,20709
MYLITTLEBOX,20710
energybox,20711
hub,20712
terminal2E,20713
LuSurJeuneAfrique,20714
rooftop,20715
mannequines,20716
bonnasses,20717
ccho,20718
nelson,20719
HindiAkoNatatakot,20720
cousine,20721
affaire,20722
RAGE,20723
M5Sugar,20724
terreuraparis,20725
Chomage,20726
poleemploi,20727
jesuischomeur,20728
etpendantcetempsla,20729
Kany,20730
vousavezuneheure,20731
VoeuxArmees,20732
complexe,20733
maths,20734
ily,20735
TweetCommeUnGrosFizDePute,20736
conformismebeat,20737
donghaesign,20738
jesuisdanslamerde,20739
GateauDesRois,20740
Loko,20741
streetartist,20742
Pasta,20743
afiyetOlsun,20744
OnSeFollowLeMercrediSansPression,20745
WeloveKev,20746
Linstead,20747
liberéedelivrée,20748
nopanic,20749
SonsonEtPierrickDansLaPlace,20750
Sosh,20751
benarfa,20752
valentino,20753
CQoiCBordel,20754
VMagazine,20755
Basque,20756
CharlieHebdos,20757
mercredienjupe,20758
mercreduenleggingetugg,20759
OdiandoALaMojona,20760
ASMAG,20761
USO,20762
fondue,20763
savoyard,20764
LesPortugaisSavent,20765
LesPortugaisComprendront,20766
KendjiTour2015,20767
KendjiFamily,20768
Congra,20769
savatte,20770
fils,20771
boxefrancaise,20772
KO,20773
competiton,20774
thebestsoon,20775
Ilike,20776
Magiceverywhere,20777
fist,20778
bestiesblog73,20779
selin,20780
george,20781
izzy,20782
JesuisCabu,20783
WoopGang,20784
datnaponpoint,20785
wortheveryminute,20786
pleasureable,20787
Shoah,20788
TheMagicalWorld,20789
ClasseDeTarée,20790
Veilleurs,20791
RFM,20792
CoupFranc,20793
viedequipier,20794
Conso,20795
Croissance,20796
Feeeu,20797
NosFaussesNotesContraires,20798
Ironie,20799
keepcalm,20800
LouReed,20801
FoooCoverDontTellEm,20802
mérite,20803
Galettes,20804
GalettesDesRois,20805
Jeblogue,20806
JeBloque1an,20807
tugcekazaz,20808
MysticalMachineGun,20809
beats,20810
studio,20811
Bony,20812
ManchesterCity,20813
CharliHebdo,20814
fêtedugraphisme,20815
dublin,20816
birthDay,20817
ThreeSixty,20818
ThetaRicoh,20819
GrenobleBeach,20820
bestshoot,20821
terrain,20822
coupdegueuledujour,20823
impossible,20824
Beauté,20825
RoomWithAView,20826
LesChtis,20827
CloseUp,20828
cuir,20829
luxe,20830
WolfHall,20831
TVShowsWatchList,20832
series,20833
girlspower,20834
effects,20835
NabillaBenattia,20836
nabilla,20837
RITOPLS,20838
misterygift,20839
micra,20840
workworkwork,20841
let,20842
108roisdemons,20843
psm,20844
Saxo,20845
it,20846
4MariagesPour1LuneDeMiel,20847
2èmeDemarque,20848
CamsDmSpree,20849
ChangementDeChaine,20850
bleueetfiere,20851
FrangipaneFever,20852
Brûlure,20853
Aïe,20854
Douleur,20855
Pain,20856
Gel,20857
CityOfAngels,20858
TRIADalert,20859
Safrane,20860
Cohade,20861
BoardwalkEmpire,20862
Capute,20863
ayem,20864
Bakayoko,20865
ASMARS,20866
catastrophe,20867
NTM,20868
MyFOURTrackOnRepeat,20869
Shanna,20870
Thibault,20871
Anais,20872
Hâte,20873
bpl,20874
chtis,20875
WhiplashMovie,20876
humanrights,20877
stopracisme,20878
diams,20879
MyFourTrackOnRepeat,20880
FreeGaza,20881
affaires,20882
juriste,20883
AbsintheBar,20884
Drinks,20885
plusrien,20886
bann,20887
brunette,20888
SneakersAddict,20889
CommeDiraitMaxime,20890
MarchePourDieudonné,20891
TelPèreTelFils,20892
jb,20893
LOUDER,20894
MISSU,20895
BIRTHDAY,20896
LOVEU,20897
jepasselepermiB,20898
jemerenseigne,20899
JeSuisDieudo,20900
Ellesereconnaitra,20901
humanrightsdefender,20902
Bref,20903
WizardsSpurs,20904
NihatKazanhan,20905
Live5sos,20906
sondage,20907
SpecialCherLloydNRJHITS,20908
JeSuisUndercover,20909
cumhuriyet,20910
SpecialeCherLloydNRJHITS,20911
Lamentable,20912
livetvproblems,20913
chp,20914
MossadPartout,20915
OGCN,20916
LetsGo,20917
entraînement,20918
DirilişErtuğrul,20919
BeklenenKahraman,20920
ÜlkemdeCharlieHebdoDağıtılamaz,20921
placestanislas,20922
igersnancy,20923
LesAnges,20924
WAP,20925
emotion,20926
larmesauxyeux,20927
bling,20928
washiwasha,20929
secrets,20930
jesuisslumdogmillionaire,20931
Magnum,20932
straightmen,20933
nautique,20934
plaisance,20935
Coup2Poing,20936
terrainvraimentmerdique,20937
celibàterredelastreet,20938
nsfw,20939
grindr,20940
givemeginplease,20941
GKlive,20942
VivementMars,20943
monchichi,20944
TheWeighProject,20945
con,20946
jebesoinappart,20947
Saturation,20948
jesuisinsolente,20949
vendu,20950
Express,20951
Booking,20952
ESCAJSO,20953
stupid,20954
SiendoNiña,20955
HavingFun,20956
Arques,20957
solde,20958
blouson,20959
Berbatov,20960
askbeau,20961
NashAddict,20962
CameronAddict,20963
Perestroïka,20964
boondocksaints,20965
travelingtitans,20966
alliancechenin,20967
dilemmenourriture,20968
fermelabordel,20969
serious,20970
proudofmyself,20971
studies,20972
fermeslabordel,20973
journey,20974
kikoulol,20975
xptdr,20976
teamzmirov,20977
valider,20978
Traitres,20979
CoupMonté,20980
TEAM225,20981
TEAM237,20982
Porter,20983
Organic,20984
Peanuts,20985
Lefigaro,20986
toimêmetuconnaislesconséquences,20987
cassesociale,20988
chandelier,20989
nouvellestar,20990
cara,20991
LeBefore,20992
iss,20993
cestmoiquiledis,20994
ete,20995
cestnullhiver,20996
14MARS2015,20997
lowerthebp,20998
Nissannsx,20999
ManuPetit,21000
petitepenserpourArthur,21001
Aosta,21002
ADM,21003
poeteyslam,21004
2personnes,21005
eag,21006
tchoko,21007
cdl,21008
EmploiFictif,21009
lezlesombreconnard,21010
cleansheet,21011
XvdeFrance,21012
wearebaiona,21013
onzejanvierdeuxmillequinze,21014
huitmillepersonnes,21015
TAsCrieCommeCristiano,21016
Sasso,21017
Braga,21018
redbull,21019
quotidien,21020
peineDindignitenationale,21021
BlagueDePhotographe,21022
hermano,21023
journéebénie,21024
Dior,21025
PovertyAwarenessMonth,21026
Rainville,21027
MH4U,21028
Veritegenerale,21029
Debeinguerie,21030
fluffy,21031
Tumblr,21032
CapArena4,21033
leMag,21034
kapla,21035
teambebeys,21036
teamlesmeilleures,21037
teamlesboss,21038
teamlesplusintelligentes,21039
teamlesplussoudées,21040
teamonestdesvraiesamies,21041
teamjevousaime,21042
CiteUnFilmQuiTaMarque,21043
MambaTrapTape,21044
justeprix,21045
thermalisme,21046
CiteUnNomPourri,21047
asu,21048
ViveLaBretagne,21049
SaudiArabia,21050
tusaisquetuhabites,21051
LiberezDK,21052
cdoalliance,21053
chucky,21054
Parisclimat2015,21055
JesuisRaif,21056
nowomannocry,21057
noviolences,21058
femmes,21059
PDLA,21060
Chogal,21061
throwbackthursday,21062
Repartie,21063
CDOalliance,21064
Gamer,21065
TasCrieCommeCristiano,21066
78TuPeuxPasTest,21067
NRJC,21068
LeMillion,21069
ClimateChange,21070
wxcs2015,21071
ForceSoutien,21072
externalharddrive,21073
Razer,21074
Mouse,21075
GreenNeon,21076
RIPMICKAEL,21077
WeLoveKev,21078
glad,21079
periodismolibre,21080
DLF69,21081
DeboutLaFrance,21082
SMSOlupYağmalı,21083
betc,21084
Cine,21085
BlagueNul,21086
RespuestaOportuna,21087
ElClima,21088
Paralelo23,21089
WorkoutWednesday,21090
ABAP,21091
GuessTheNameof1DsNextAlbum,21092
AllezFCNantes,21093
bougetoncul,21094
Phoenix,21095
BLACKHEART,21096
fetedugraphisme,21097
Battista,21098
ondiraitunoiseau,21099
EffetBrushing,21100
jadorelesmacarons,21101
mespotes,21102
LesCheveuxMouillésVontPrendreDeuxHeuresASecher,21103
cdo_alliance,21104
Coaching,21105
JeSuisAbdelaliMemoun,21106
touscharlie,21107
lafaim,21108
EtMaintenantOnFaitQuoi,21109
Scooter,21110
Avengers,21111
conassedusoirbonsoir,21112
zidane,21113
chalobah,21114
triaud,21115
sagnol,21116
gillot,21117
LesMeufsNeSontJamaisContente,21118
TuTesFaitTejCommeCristiano,21119
MacDo,21120
ltdt14,21121
loveyoudedingue,21122
pikacul,21123
Infirmiere,21124
Rotterdam,21125
Fontenay,21126
SCoT,21127
TokioHotel,21128
58TourEiffel,21129
TeamDidier,21130
LesVraosComprendront,21131
royalepoilade,21132
Carnaval2015,21133
3DS,21134
capcom,21135
Movie,21136
Gorille,21137
KingKong,21138
MadameForesti,21139
Quenelle,21140
Accumulation,21141
modernité,21142
maj,21143
VIGIPIRATE,21144
hoponsebougeleboule,21145
theonlythingthat,21146
côtélumineux,21147
JumoR,21148
CDO_Alliance,21149
revolutioninvisible,21150
Ladrões,21151
quadrilha,21152
JeSuisMortDeRire,21153
TheSmellOfUs,21154
antisemitism,21155
Facts,21156
classicshit2,21157
Jesuisunestar,21158
Astier,21159
EspaceChaudeau,21160
ALeSeum,21161
Pathetique,21162
emotionalsupport,21163
overeatersannoymous,21164
Liga,21165
TeamLucious,21166
RémiFraisse,21167
Istanbul,21168
webjournal,21169
ArtAtHome,21170
VladimirSamokhine,21171
RussianArt,21172
whylordwhy,21173
Painted,21174
wall,21175
littlefingerout,21176
putaindenezbouché,21177
tsipras,21178
saarländischerweg,21179
IKKSüdwest,21180
SOMETHINGSGOTTAGIVE,21181
skateboard,21182
skate,21183
wallart,21184
design,21185
customboard,21186
mrjeremyfish,21187
momomom,21188
coquille,21189
InHerPlace,21190
EyeOnCanada,21191
Kingsman,21192
LesGuignoles,21193
LesGuignols,21194
ChangementDeStyle,21195
Resolution2015,21196
contreproductif,21197
nrjhits,21198
JuniorTV,21199
Cpresse,21200
Londre,21201
Spartacus,21202
Boulez,21203
daryldixon,21204
CLASSICSHIT,21205
Uggs,21206
JeSuisMohammed,21207
larryclark,21208
Vin,21209
Pastis,21210
GeorgesBrassens,21211
KAARIS,21212
mpstp,21213
IMAXGoT,21214
ltt,21215
VU,21216
icewatch,21217
EUWakeUp,21218
Saarland,21219
Lothringen,21220
Rheinland,21221
LRJ,21222
jesuisnoa,21223
RipBonnie,21224
ASALOZERE,21225
kyo,21226
ParadieHebdo,21227
teamET,21228
Stresse,21229
Sciarra,21230
instatime,21231
iphonesia,21232
crianças,21233
AchetezLe,21234
QuelTalent,21235
BuvetteGastrotheque,21236
morsaypresident,21237
Plouc,21238
HonteÀLaFrance,21239
Länderfinanzausgleich,21240
Gesundheitsfonds,21241
Besancon,21242
Homies,21243
Bouffay,21244
sodwee,21245
sneaker,21246
sneakerAddict,21247
SneakerLovers,21248
shoe,21249
inlove,21250
FuturRiche,21251
excitedforlittlemix2014,21252
ProudOfYouCarter,21253
2KforCarter,21254
QuandOnVeutFaireSonProfOnRéfléchit,21255
Onmaaplaudi,21256
JeSuisCyraniste,21257
WhiteLies,21258
paradoxal,21259
AucunEffet,21260
woozygang,21261
Nashsnewvideo,21262
OnEstEnsemble,21263
MPSTP,21264
BétulLaBest,21265
MaisOuEstDoncCharlie,21266
EQDA,21267
GuyLagache,21268
CiteUneAllemande,21269
canalpplus,21270
sav,21271
5wordstoruinadate,21272
cherchezlerreur,21273
massaggio,21274
correre,21275
puntidivista,21276
DayDreamer,21277
VBN,21278
Attentat4,21279
mairie,21280
generationnel,21281
DSIdelannee2015,21282
DesignNum,21283
chutesansfin,21284
ClermontFd,21285
TeamSara,21286
Bellissimo,21287
wonderful,21288
merveilleux,21289
lindissimo,21290
ViedeMétissée,21291
laïc,21292
vines,21293
boulder,21294
ClimbingFamily,21295
P26,21296
Gardeacheval,21297
protectionpoliciere,21298
articlescandaleux,21299
PaniqueTotale,21300
the100,21301
NousSommesNigerian,21302
ESF,21303
JeSkieCharlie,21304
easyyyyy,21305
MetsBabaDansUneÉmission,21306
Aliénation,21307
carbsovereverything,21308
FranceMeetCPD,21309
quandtinversedesmotsdansunephrase,21310
Pierra,21311
limitedesreseau,21312
vernissage,21313
galeriebaudoinlebon,21314
RPtime,21315
joelpeterwitkin,21316
Cazy1k,21317
BANSHEE,21318
LanaParilla,21319
Allah,21320
Antwort,21321
ToutEstPardonne,21322
AVosOrdre5,21323
Valtech,21324
designnum,21325
5sosFam,21326
AnotherConorMaynardCover,21327
retourne,21328
AceAttorney5,21329
TheWorldSport,21330
Auxerre,21331
YuyuAuxPrésidentielles2017,21332
SuchAShame,21333
RienAAjouter,21334
enfantsterribles,21335
esmod,21336
jpg,21337
Arnaud,21338
LHOMMEAUBOB,21339
QueDlaPeufra,21340
MyDream,21341
merdealors,21342
Bobzer,21343
cocabuard,21344
YoungArts,21345
client,21346
DUT,21347
Diplome,21348
antilille,21349
jesuislecerf,21350
enquetedactualite,21351
BienBon,21352
TresEnLeger,21353
PatronIncognito,21354
ICANSHOUTATYOU,21355
Newyorkunitespeciale,21356
PESv2,21357
opendata,21358
GameBoy,21359
arcad,21360
ChicagoPoliceDepartment,21361
JustinAnswerOurDmsOrWellPostNudesOnShots,21362
biscotte,21363
FanBoy4ever,21364
GillouDay,21365
bonannivgillou,21366
TheWorldRightNow,21367
Insupportable,21368
Deterrr,21369
cacher,21370
JeSuisAthee,21371
JeSuisNigeria,21372
Scd,21373
TeamP2,21374
Corchia,21375
AncienManceau,21376
svp,21377
troptard,21378
MackySall,21379
mindthegap,21380
LoscNantes,21381
CPD,21382
Etxeita,21383
villagedescreateurs,21384
JePoseCaLa,21385
laboîte,21386
Canaris,21387
JauneEtVert,21388
Contact,21389
Decouflé,21390
MotherFucker,21391
OneWomanShow,21392
speedygonzales,21393
jesuisuneenfant,21394
LB,21395
2pm,21396
lacouronne,21397
dallas,21398
Saison,21399
Blessé,21400
Bellarke,21401
AskCody,21402
Belhadj,21403
VEE,21404
colèredestitans,21405
bed,21406
ShalomSalam,21407
TimeOfMyLife,21408
riplatasse,21409
ilivethere,21410
MarkZuckerberg,21411
R10,21412
iNeedBebar,21413
TrainLikeAnAngel,21414
EatLikeAPig,21415
MKconfessions,21416
MonAmour,21417
motherfucker,21418
florenceforesti,21419
thebestshow,21420
brouetteducoeur,21421
restauducoeur,21422
SeumAuMax,21423
responsabilité,21424
part3,21425
wcw,21426
bæ,21427
CrossFit,21428
crossfitminimes,21429
crossfithostilius,21430
inchallah,21431
TIPE,21432
SonyHack,21433
UE24,21434
UE211,21435
TeamAvenger,21436
VendrediLeFilmNoob,21437
yoga,21438
LePetitJournal,21439
PassionVerte,21440
effetstreisand,21441
partieldeboxe,21442
StarMalgreLui,21443
LaPetiteSirène,21444
Deplacement,21445
WeekEnd,21446
Étrat,21447
Famille,21448
Sortie,21449
Copine,21450
GOODDAY,21451
CauetSurNrj,21452
JeSuisLaRepublique,21453
ExtrêmeDroiteComplexée,21454
LrT,21455
Jezappe,21456
commissiondenquête,21457
jaipasdecopain,21458
Baba,21459
teamgros,21460
LaJoconde,21461
Quick,21462
BonAnniversaireGillou,21463
LaMeufQuiPenseQuaLaTuneTsais,21464
FridayRorschach,21465
cdnpoli,21466
Assj,21467
PattesACul,21468
Japan,21469
MerciMayumi,21470
baba,21471
glosek,21472
gers,21473
gascogne,21474
citron,21475
cr7,21476
askcody,21477
JeTaime,21478
OnNaLeSwagg,21479
InstaGood,21480
InstaFamily,21481
InstaMoment,21482
InstaFriends,21483
DeepVeer,21484
rapido,21485
TeamDax,21486
ChantalGoya,21487
proces,21488
Fangirl,21489
HBD,21490
Foresti,21491
BlazeBlue,21492
ÉnormeFragile,21493
beaufunjourbeauftoujours,21494
AmestardamMusicFestival,21495
FOLIE,21496
designNum,21497
newshoes,21498
Team1999,21499
DirilisErtuğrul,21500
Halime,21501
Askcody,21502
alachicha,21503
jattkarima,21504
snappez,21505
Holocaust,21506
AskJenSelter,21507
marinelepen,21508
extremegauche,21509
vivelesimmigrés,21510
askjenselter,21511
BeniAlınPerinçekiGönderin,21512
goto,21513
PlaylistSession,21514
PPKB,21515
piano,21516
talk2partners,21517
AccousticTour,21518
onestperdue,21519
TrouvezLesCharlots,21520
cbb,21521
faudraitsavoir,21522
Controlent,21523
Recensement,21524
Jessie,21525
ManqueDeMotivation,21526
EspoirDunNantesMonaco,21527
TeamCDB,21528
findugame,21529
quinasdeouro,21530
EnqueteDActualite,21531
HateDistance,21532
SophiaBush,21533
JePleurs,21534
Sugar,21535
handball2015,21536
chiante,21537
déterminée,21538
risetattoomagazine,21539
80Zetrei,21540
towerblock,21541
rowingmachine,21542
crosstraining,21543
SeulLesVraixComprendront,21544
Bascan,21545
LaMinuteChieur,21546
D8TV,21547
freeCandou,21548
ChampionsMonFrere,21549
MemepasPeur,21550
semaineparfaite,21551
armées,21552
QOTD,21553
fromCanadatoKorea,21554
sophiabush,21555
OuEstLaJustice,21556
Teteenlair,21557
RealMadridvsATL,21558
CoeurSurVousLesMeufs,21559
drahonrash,21560
BlaguedeS,21561
SessionSamy,21562
PanameZer,21563
Offff,21564
HarryPotterEtLePrinceDeSangMêlé,21565
Beurck,21566
kingsman,21567
Magiiiiiiic,21568
I_Love_Muhammad,21569
emissionAnimée,21570
olivierMine,21571
ouiouiouiouioui,21572
FranceWantsShawn,21573
nonauxviolencesfaitesauxfemmes,21574
JeSuisUnMouton,21575
batard,21576
workedhard,21577
45minuteslong,21578
BroCode,21579
Brolonisation,21580
Valmeinier,21581
grossefesse,21582
Cdnpoli,21583
CoD,21584
poignetenmousse,21585
p,21586
GuinnessRecord,21587
RabahPassionPoèsie,21588
smallville,21589
Smallville,21590
journeedappel,21591
Frenchie,21592
NicoleKidman,21593
JamesFranco,21594
WernerHerzog,21595
GLSN,21596
BOSS,21597
pegida,21598
LoscFcn,21599
TouchRugby,21600
sk,21601
BitchPlease,21602
rayuras,21603
lunettas,21604
LesMorues,21605
vichy,21606
coiffure,21607
kebetu,21608
FinPartiels,21609
YoungAinouz,21610
Summer,21611
OvO,21612
zdf,21613
auslandsjournal,21614
ALLEZBOUFAL,21615
nadine,21616
VousMeManquez,21617
MarreDePlusVousVoirsTousLesJours,21618
neplussavoirderiver,21619
6moissansfairedemaths,21620
pourmadefense,21621
ColombusCofee,21622
JeSuisSTMG,21623
columbuscafe,21624
ColombusCafé,21625
parlersansconjugaison,21626
DSI,21627
Tiphaine,21628
crossfitgirl,21629
argent,21630
mariequantier,21631
economie,21632
placement,21633
avenir,21634
Saarbrücken,21635
Stadtmitte,21636
derneuesportshop,21637
sport_shop,21638
BabylonCircus,21639
goodnightbadworldimsosicksobyeguys,21640
JMGLeClezio,21641
BandeDeTrouDballe,21642
nostradamus,21643
silverage,21644
ParolesDeDeleguéeDeClasse,21645
dignité,21646
DanityKane,21647
thirstyfan,21648
JeffreyRemetsMoiMaNuque,21649
neverforget,21650
NewYearsResolution,21651
innuendo,21652
plateforme,21653
financialmarkets,21654
niquelessoldes,21655
brown,21656
GCN,21657
minceuuux,21658
JeMeSensCharlieCoulibaly,21659
EchosLive,21660
LaMagieDesTurc,21661
Twittos,21662
VotezWendy,21663
AfidaTurner,21664
primetimefut,21665
SophieDavant,21666
SELFIEFORSEB,21667
coeurdetatie,21668
bringit,21669
soulsisters,21670
votezpouroim,21671
deshabillerGlisser,21672
sdv,21673
edinhour,21674
DreamsDoComeTrue,21675
mustbemagic,21676
finally,21677
adoirrités,21678
MentalitéDeMerde,21679
Loveuse,21680
encoreunefois,21681
piratebay,21682
goudenschoen,21683
soulierdor,21684
ThetaRICOH,21685
Turamisù,21686
bukkakeparty,21687
nouvellebanniere,21688
haziza,21689
uste,21690
NoncePaolini,21691
irenabriganti,21692
USTE,21693
Bien,21694
LeslyPassionAlainDelon,21695
LeslyPassionParleDElleALa3èmePersonneDuSingulier,21696
0FFFFF,21697
disgestif,21698
arts,21699
ConnardTimes,21700
Dutrout,21701
scrubs,21702
SiMesParentsSavaient,21703
rollingsaone,21704
positiveattitude,21705
MoroccanHolidays,21706
ElisabethBadinter,21707
arghhh,21708
SoiréeMouvementée,21709
VivementDemain,21710
BiseJtm,21711
blackberry,21712
mac4ever,21713
macG,21714
limonade,21715
lrg,21716
TirageAuSort,21717
CommeUnOuragan,21718
UnSoirALaTourEiffel,21719
LOSCPSG,21720
LaMilfa,21721
transfert,21722
TirageCDL,21723
Tirage,21724
asmscb,21725
COP21,21726
DemiFinale,21727
LouisPassionLatinas,21728
MaamsOFF,21729
ManoSolo,21730
inflatables,21731
abonnements,21732
bing,21733
NosCharlie,21734
GerardAraud,21735
Fidèle,21736
ToiAussiAbusesDeLaSituation,21737
pastranquille,21738
boulotmetrododo,21739
QuartierCriminel,21740
Epinal,21741
Sos,21742
AuCalme,21743
ProfessionsRéglementées,21744
ruben,21745
seullesvraissavent,21746
AL,21747
boulbibeach,21748
Bicycle,21749
FacePalm,21750
FURY,21751
carletrick,21752
queerasfolk,21753
Soirée,21754
Tram,21755
offIDK,21756
MerciPourCeFouRire,21757
YetW,21758
uncrisourd,21759
TuViensDuNordSi,21760
Jardin,21761
apps,21762
JBE,21763
Rugby15,21764
handballplayers,21765
tousfansdehand,21766
duck,21767
visée,21768
handballeuse,21769
Seirin,21770
Heureuse,21771
Nestlé,21772
LaUneBelge,21773
AbahAbah,21774
TeamPolska,21775
Devil,21776
fountain,21777
PalaisdeFontainebleau,21778
Hashtagueule,21779
elementary,21780
Zénith,21781
noonecares,21782
FDB,21783
CinquantesNuancesDeGrey,21784
incertain,21785
Starf,21786
FausseMuslim,21787
ВластелинКолец,21788
goodbyeLyon,21789
Rrrrrr,21790
joeluncruste,21791
PlaisirSimple,21792
Putti,21793
ouvaton,21794
bracage,21795
WhyDoILikeThisSmell,21796
paranoïa,21797
FranckBrinsolaro,21798
rtp,21799
offlineforsleep,21800
INALCO,21801
HonteAussi,21802
Symbiose,21803
ST2S,21804
gabisatidur,21805
SensDeLHistoire,21806
Cesoiroujamais,21807
lifegoals,21808
TG2,21809
jesuislucide,21810
AssoulinePower,21811
LesBlaguesAssouline,21812
Ploërmel,21813
JeSuisFiereDeLêtre,21814
NiQuiLaTué,21815
Dimancheliberteegalitefraternite,21816
AJamaisLesPremiers,21817
folloback,21818
follobackforfolloback,21819
Libre,21820
Forte,21821
VousAllezVousMordreLesDoigts,21822
anti,21823
Français,21824
Unis,21825
Diversité,21826
diversity,21827
ligue,21828
AdvancedWarfare,21829
charliejesuis,21830
LaPoulga,21831
AaronsNewVideo,21832
Éponyme,21833
teamTS,21834
jesuiskaouchi,21835
laicite,21836
imcharlie,21837
champsélysées,21838
plusbelleavenue,21839
DarkNight,21840
AF,21841
laprovence,21842
pqr,21843
GiveMeASign,21844
Esperet,21845
NOUSsommescharlie,21846
novecento,21847
Dussolier,21848
théatredurondpoint,21849
GwendalLeBabtou,21850
ManifGaza,21851
OrphanBlack,21852
selfieparty,21853
réseauxsociaux,21854
community,21855
JeSuisBabtou,21856
fautpasmeprendrepourunpigeon,21857
AsiaAirlines,21858
Foenkinos,21859
ШарлиЭбдо,21860
BaladeEntreLesTombes,21861
loveyouboo,21862
hashtags,21863
autocongratulation,21864
MrJeuDeMots,21865
Quaratweet,21866
noisettes,21867
BlackKentSurSkyrock,21868
G1BOX,21869
noschersvoisins,21870
JePenseDoncJeSuisCharlie,21871
BarbaraViensRamasser,21872
Émouvant,21873
GrandFilm,21874
LibertadDeExpresion,21875
LIBERTEDEXPRESSION,21876
SoMuchJosh,21877
BH,21878
alquaida,21879
Diamsplusfortquetout,21880
Khalifa,21881
Chut,21882
badtimes,21883
Faces,21884
Désespérant,21885
Breffons,21886
yeuxbleus,21887
trql,21888
EnqueteSpeciale,21889
gaspillagealimentaire,21890
hypermarchés,21891
risible,21892
froiddansledos,21893
FBB,21894
EnqueteTresSpeciale,21895
offshai,21896
StopIslam,21897
LeChantDesPartisants,21898
Résistance,21899
Lui,21900
InstaKhlo,21901
Today,21902
Dress,21903
Mine,21904
BerkutAuRhumBlanc,21905
Berkut,21906
name,21907
StopimmigrationNOW,21908
2015IsTheYearOfJamieDornan,21909
OGFuntime,21910
galere,21911
pbdemoche,21912
mobility,21913
Amedite,21914
p290413,21915
proudofFrance,21916
ClassicJokeFriday,21917
ShereenYehiaArmy,21918
TheKing,21919
CherifKouachi,21920
OGandFelixGoDisco,21921
FoooFamily,21922
B2L,21923
spray,21924
FredoomIsBiggerThanBarbarism,21925
salledebain,21926
privilegi,21927
compassion,21928
ei,21929
trodrolelejeudemo,21930
MadeInDums,21931
ILoveAngleterre,21932
mickaeljacquesont,21933
mickaeljacqueson,21934
degouté,21935
LeMoche,21936
LeMignon,21937
quenelles,21938
LeSavoirEstUneArme,21939
BRITs2015,21940
inchallahjaidesrt,21941
historiquementprouvé,21942
INVINCIBLE,21943
allahuakbar,21944
creuvé,21945
Yelle,21946
saintsaturnin,21947
CharliesAngels,21948
AustinComeBackInFrance,21949
RestezForts,21950
noussommestouscharlie,21951
thosetexts,21952
VieuxCouple,21953
LoveLoveLove,21954
Top,21955
Ballet,21956
Orchestre,21957
Mix,21958
Platines,21959
Yeah,21960
SkarfoneVoice,21961
Braquage,21962
tomorrowland2015,21963
nightlife,21964
condoleances,21965
pauvrefrance,21966
JeunesseAveuglée,21967
Montargis,21968
和平,21969
cestpasgrave,21970
anyway,21971
ended,21972
filmdusoir,21973
bonconseil,21974
cinqs,21975
vtc,21976
chauffeur,21977
back,21978
YeuxQuiPiquent,21979
ADimanche,21980
Islamisation,21981
SombreAvenir,21982
LiberteDexpressionPourTous,21983
cambronne,21984
motte,21985
pasteur,21986
montparnasse,21987
denfert,21988
aurevoir,21989
cousteau,21990
WizBulls,21991
JohnWall,21992
Luto,21993
SanAndres,21994
landschaft,21995
MaFranceÀMoi,21996
gonegirl,21997
donne,21998
Onsenjaille,21999
EmpireFOX,22000
TEAMKINSHASA,22001
Florence,22002
esgms,22003
inestouchepasameschaussons,22004
Wetter,22005
Elon,22006
GNight,22007
setlock,22008
SherlockIsCharlie,22009
IlEstPasShiny,22010
Redif,22011
Pierre,22012
ShareDaLovin,22013
Impuissance,22014
JuanCole,22015
Homard,22016
TropMignon,22017
Wiggle,22018
MémoireCourte,22019
faccioafter,22020
Dora,22021
NoPasaran,22022
Boumeddiene,22023
playwithmyhair,22024
rubmyback,22025
singtome,22026
LpImagesHistoire,22027
UT2J,22028
europa,22029
jesuisathé,22030
SailorSaturn,22031
KdoubleA,22032
lafrance,22033
potenciel,22034
ému,22035
N2,22036
PornicBasket,22037
DangerZone,22038
VigipirateAttentat,22039
COD,22040
KoffiVoice,22041
phaseur,22042
toujoursdebout,22043
lavalbaby,22044
Raph,22045
Sarah,22046
arretezdemeregarder,22047
raph,22048
sarah,22049
تعميم,22050
وزارة_الخارجية,22051
وزارة_التعليم_العالي,22052
AlQaida,22053
NatureIsSpeaking,22054
Arbitres,22055
AmourDeMoi,22056
legionhonneur,22057
racism,22058
Coujoupower,22059
Twitté,22060
0nYcroit,22061
SiToiAussi,22062
Twitte,22063
JeSuisAfricain,22064
Buzz,22065
FinDuCauchemar,22066
enviedevomir,22067
JoyeuxAnniveesaireShanna,22068
JoyeuxAnniversaireShanna,22069
cestmalife,22070
désolélesgars,22071
OneMillionCopies,22072
Bergé,22073
picardie,22074
courrierpicard,22075
kiffelapolice,22076
Putin,22077
respectpourMoliére,22078
monamour,22079
Nouba,22080
JeSuisJuriste,22081
alba,22082
buongiorno,22083
jaideCharlie,22084
PasTouch,22085
PropityPrivate,22086
Arles,22087
States,22088
Asie,22089
Etranger,22090
Choice,22091
décalée,22092
ide,22093
TheWorldisCharlie,22094
Nay,22095
SansMéchanceté,22096
Ney,22097
MightPukeOnThePlane,22098
AliBabaBePraised,22099
ESCEM,22100
ToursPoitiers,22101
BasketBall,22102
OGCNFCL,22103
antiOGCN,22104
CounterTerroristsWin,22105
CSS,22106
CSgo,22107
Zamzam,22108
IS,22109
Assad,22110
Syrien,22111
Marine,22112
reconquête,22113
NonAuCharabia,22114
elysee,22115
hapiness,22116
NosHeros,22117
Branca,22118
Justiceforrainbow,22119
TeamSamedi,22120
Démission,22121
Résister,22122
subir,22123
HBVS,22124
SM1,22125
Française,22126
Musulmane,22127
teamUltra4,22128
elliptigo,22129
FHMSolutions,22130
LaDameEnNoir,22131
JeNeRaleraiPlusContreLaPolice,22132
feudalism,22133
quadratics,22134
clauseanalysis,22135
GraduateUnemployment,22136
NEETs,22137
womenInBlack,22138
Bagnolet,22139
PointRevisions,22140
OnVote,22141
Choquer,22142
NotreDameDeLorette,22143
macédoine,22144
pmi,22145
CharlieScripting,22146
CharlieMapping,22147
CharlieDD,22148
TeVienes,22149
MireilleMathieu,22150
ParisEnColère,22151
Anglet,22152
LOU,22153
ClementineAutain,22154
NiallandShaunParisAdventure,22155
ToutEstTristeFautBienEssayerDeRire,22156
unbonjuif,22157
Américains,22158
monpsymeparle,22159
deniere,22160
JesuisJessica,22161
PICARDIE,22162
SITeau,22163
AnonGhost,22164
CASCAD,22165
citybreak,22166
onchoisitpas,22167
Polynesie,22168
assainissement,22169
déchets,22170
SalmanRushdie,22171
Finkie,22172
Duhamel,22173
FranceCulture,22174
JeSuisFrancaise,22175
JeSuisUnEtreHumain,22176
VeM6,22177
zemmour,22178
Repliques,22179
franceculture,22180
maChansonPreferee,22181
Lpb,22182
bball,22183
priseàlavisitederungisfleurhier,22184
cantonales,22185
librairies,22186
Bonjooooooooouuuuuuuuuuuur,22187
patriotisme,22188
JoyeixAnniversaireShanna,22189
kurdes,22190
Paris1,22191
JeSuisManif,22192
JeSuisColère,22193
valdereuil,22194
Aqpa,22195
1an2mois,22196
Sábado,22197
até,22198
EnEsperantQuiSePasseraRien,22199
SiIlSePasseQuelqueChoseJeVeuxQueGadCyrilEtLaurentSoisAMonEnterrement,22200
Mdrr,22201
réfléchissez,22202
finkielkraut,22203
Répliques,22204
nonauxamalgames,22205
Amnesty,22206
onsefolowlesamedisanspression,22207
TristeÉpoque,22208
king,22209
kingdom,22210
Panama,22211
Akozdon,22212
Gardeinpélheur,22213
Cousinade2015,22214
SCTS,22215
hd1,22216
DH,22217
cpbbreq,22218
PromClassic,22219
GayParis,22220
ezpeletan,22221
baterako,22222
Espelette,22223
Batera,22224
capitole,22225
enfinunebonnenouvelle,22226
Lorenzo,22227
AbdennourBidar,22228
PQN,22229
PQR,22230
GO,22231
Mohamed,22232
defendrelaepublique,22233
Jules,22234
Alma,22235
tristesses,22236
DSTduSamediMatin,22237
chateauthierry,22238
csa,22239
SUF,22240
RoutiersScouts,22241
Scoutisme,22242
jesuisyohav,22243
lejourd,22244
tucoutespascherensoiree,22245
loveisagame,22246
WakeUpCall,22247
Vosges,22248
schwarzy,22249
stopamalgame,22250
stoptoutcourt,22251
fancy,22252
bathroom,22253
démission,22254
maximalism,22255
marché,22256
throne,22257
World,22258
Goodness,22259
lavachenoire,22260
domotique,22261
excellencefrancaise,22262
AFAIRETOURNER,22263
businessangels,22264
vc,22265
aliens,22266
4BlueLegend,22267
ADJE,22268
Jesuisagnostique,22269
NajiAlAli,22270
steampunk,22271
clocks,22272
timepiece,22273
16emeDeCoupeAtlantique,22274
départementales,22275
blitz,22276
poetic,22277
spain,22278
KaïserFranck,22279
NantesEstCharlie,22280
Sup_Internet,22281
ButtesChaumont,22282
schiltigheim,22283
villedeschiltigheim,22284
JeSuisChouaki,22285
Judaïsme,22286
JeSuisAmour,22287
EN,22288
JesuisKouachi,22289
RajoyDegage,22290
SDRASSE,22291
Onnnnnnn,22292
DeathNote,22293
JeSuisMaelig,22294
lesmillseuromed,22295
10juillet2014,22296
IKEA,22297
alinea,22298
kerry,22299
effectivementIlAPrisCher,22300
Rambert,22301
fruits,22302
MesPtitsVerts,22303
Gourette,22304
NPYCup,22305
Niort,22306
OralBlanc,22307
vismaviedansletrain,22308
jePensePas,22309
RenewHaven,22310
Mossoul,22311
Nombriliste,22312
Narcissique,22313
FFXIV,22314
Orléans,22315
MyLoireValley,22316
ValdeLoire,22317
économiesolidaire,22318
fr,22319
tropmal,22320
rire,22321
réfléchir,22322
allinOM,22323
BonneJournée,22324
MONTARGIS,22325
NotBeAfraid,22326
conduire,22327
NePaslOcculter,22328
voyages,22329
ExpositionUniverselle,22330
NiceestCharlie,22331
laFranceestCharlie,22332
lemondeestCharlie,22333
KendjiGirac,22334
7J,22335
MonPereCeHero,22336
désarroi,22337
Booom,22338
BriseLaGlace,22339
TopNiveau,22340
Royan,22341
chaponnay,22342
Conforama,22343
narbonne,22344
Day3,22345
JeSuisuneAutrucheEtJassume,22346
JA,22347
UIA,22348
ElasticHeart,22349
Minecraft,22350
JeGardeLeSourire,22351
NICE06,22352
lesmills,22353
Morgane,22354
MySister,22355
NightChanges,22356
ESITC,22357
AdamFamily,22358
NouvelleBannière,22359
NewBanner,22360
Horizon,22361
janoski,22362
NikeForever,22363
GrandesGueulesDuSport,22364
Quincampoix,22365
CSRRacing,22366
ÀMedité,22367
JaimelaFrance,22368
Legacy,22369
Spirit,22370
pasaunomdemonprophete,22371
CharlieAuvergne,22372
exploring,22373
SNLB,22374
feather,22375
ink,22376
BonAnniversaireShanna,22377
BienvenueAchille,22378
ChaoParis,22379
fr3,22380
puydufou,22381
borntomove,22382
London_NYE15,22383
feudartifice,22384
lavoixCA,22385
goodmorningworld,22386
JeffreyRemetsNousDesGlaçons,22387
Bekaa,22388
meilleuredesrencontres,22389
jonbonjovi,22390
jecraque,22391
TrouveUneColoc,22392
kalash,22393
ÎleDeFrance,22394
tomorrowistheday,22395
noweekendforthisweek,22396
OncleBernard,22397
AupaBaiona,22398
UV,22399
ATTENTATS,22400
AsLongAsYouLoveMe,22401
Cuneo,22402
thanks,22403
citeuniversitaire,22404
lesmillscinema,22405
PARTAGEZ,22406
Hallucinant,22407
Coulommiers,22408
TousUnisContreLeTerrorisme,22409
Arbitrage,22410
Rajapaksa,22411
Lanka,22412
Apprendreàlire,22413
vérifierinfo,22414
DukeofYork,22415
Swiss,22416
PrinceAndrew,22417
Ana,22418
lutte,22419
prevention,22420
sanction,22421
RasLeBol,22422
MilkOfTheGods,22423
January18,22424
AirDrop,22425
PostBadTerroriste,22426
TeamGroBoulet,22427
OrleansEstCharlie,22428
Mahomerde,22429
MobilisationGénérale,22430
aviron,22431
rowing,22432
grandlarge,22433
meilleurbail,22434
MTV,22435
hipsterforever,22436
CaenestCharlie,22437
SND,22438
FrançaisReunis,22439
teamASHR,22440
ThatIsAParadox,22441
FusilladePteDeVincennes,22442
npycup,22443
Riders,22444
CaenEstCharlie,22445
LeMia,22446
IAM,22447
eglise,22448
Bible,22449
endoctrinement,22450
créationnisme,22451
discoursHollande,22452
richardLenoir,22453
Stif,22454
syrien,22455
syrian,22456
SyrieLibre,22457
Assadcriminel,22458
Bijoux,22459
hopmancup,22460
Mamers,22461
JeSuislaPresse,22462
JeSuislaFrance,22463
JeSuisUnPaysDebout,22464
RienQueCa,22465
gilberte,22466
JsuisPasCharlie,22467
PasAuNomDeMonProphete,22468
Auray,22469
galaxys5,22470
bodystep,22471
savealsace,22472
NiceEstCharlie,22473
wesh,22474
ptdr,22475
59MillionBeliebers,22476
sudouest,22477
gironde,22478
Asterix,22479
Pontcharra38530,22480
BabtouFragile,22481
MAE,22482
Thalys,22483
PingPong,22484
Marmotte,22485
LetUsPray,22486
Journalism,22487
booty,22488
sniff,22489
rpm,22490
mémorial,22491
Parly2,22492
MontDeMarsan,22493
DelhiWithModi,22494
décès,22495
zombie,22496
MyPeople,22497
AK49,22498
justsayin,22499
anselelgort,22500
amberrose,22501
WizKhalifa,22502
Grec,22503
DirectValls,22504
porridge,22505
MerciNosForcesDeLOrdre,22506
tristemonde,22507
Exclusdelasociété,22508
apoal,22509
kurdistan,22510
shameless,22511
gauffre,22512
DharnaMaster,22513
allezMEHB,22514
sayhi,22515
Mode,22516
CrushMode,22517
King,22518
Tennis,22519
Nannulezpaslamarchedu11janvier,22520
AaaahPigeons,22521
meenervalanotredame,22522
NikeAirForce1Airness,22523
shisha,22524
OuiALaMarcheDu11Janvier,22525
Paspeur,22526
paspeur,22527
Notre,22528
Endroit,22529
Pue,22530
Brun,22531
rtsictris,22532
Worldcup,22533
MtvAwards,22534
asphalt8,22535
Globalmobilisation,22536
parlecommeunfootix,22537
FeelingLikeBagda,22538
Argh,22539
MoiJeSuisCharlie,22540
VoeuxEvry,22541
grandsupermarchécologique,22542
traitsnoirs,22543
Elena,22544
Danaan,22545
ShineeRidigdong,22546
ConseilGeneral,22547
paslogiq,22548
BlooshopByNabillaBenattia,22549
evacuation,22550
FranceIsCharlie,22551
viensonsaime,22552
manifestation,22553
ChoisisTaRécupération,22554
geneve,22555
makeupartist,22556
nailart,22557
rera,22558
SpaceX,22559
Falcon9,22560
Dragon,22561
dharna,22562
jesuisunebombe,22563
optimiste,22564
Amidala,22565
iTunes,22566
voirure,22567
ninadobrev,22568
DRM,22569
vendée,22570
Homophobie,22571
mural,22572
classici,22573
Bassani,22574
PlaystationTV,22575
saleFDP,22576
CreveEnEnfer,22577
DisneyFamily,22578
PG,22579
TigiBeadHead,22580
Tigi,22581
hairdresser,22582
sisterforlife,22583
Utopia,22584
dublinfilms,22585
apog,22586
présente,22587
portfolio,22588
tranché,22589
XIII,22590
collage,22591
typo,22592
buildings,22593
officeblocks,22594
CrècheBavaroise,22595
GUERLAIN,22596
cqfd,22597
emouvant,22598
wemust,22599
oysho,22600
lovedaschunds,22601
Debbouze,22602
armitière,22603
lebaldescons,22604
HardLife,22605
orangeexpert,22606
orangeweb2,22607
damsphotography,22608
orangedigitaltour,22609
relationpresse,22610
SexismeOrdinaire,22611
FoooVideoBuzzkil,22612
DubInc,22613
Winnie,22614
awardwinner,22615
candycrushsoda,22616
BesançonEstCharlie,22617
OnProgresse,22618
APoil,22619
supportivewife,22620
keepingitreal,22621
PSGBordeaux,22622
Salon,22623
MRJ,22624
he,22625
chien,22626
hubble,22627
mylittlebox,22628
mylittleenergybox,22629
mylittleparis,22630
sourceproche,22631
FoooVideoVolcano,22632
TeamBelier,22633
CONCOURS,22634
JesysGirl,22635
ledezappingdubefore,22636
NQNT2,22637
tendezloreille,22638
ouvrezgrandlesyeux,22639
riennadesens,22640
Rayan,22641
theproject,22642
LusiKlub,22643
LégionDhonneurpourlilianlepere,22644
pariscestchaud,22645
note4,22646
Celia,22647
loeva,22648
zazou,22649
SaintGaudens,22650
Orban,22651
LALove,22652
caturday,22653
U13,22654
reveniralasource,22655
Shay,22656
LOSCSMC,22657
LibertéExpression,22658
DisneyVoluntEARS,22659
BisousPlein,22660
grosseputehayat,22661
sauce,22662
Ocm,22663
BonAnniversaire,22664
FelizCumpleaños,22665
charlirhebdo,22666
RIPalexandre,22667
DimancheLaFranceEstCharlie,22668
greysanatomy,22669
LaPriorité,22670
MemorialDeCaen,22671
IFeelGood,22672
PS34,22673
yvresrocher,22674
fitfam,22675
gym,22676
HappyB,22677
JoyeuxNoël,22678
MarqueAvenue,22679
etrange,22680
macedoine,22681
BoulogneBillancourt,22682
EmmanuelleLainé,22683
FondationRicard,22684
NCISMadeInTwitter,22685
2014enchansons,22686
AQAP,22687
Jesuislesforcesdelordre,22688
karsher,22689
Impuissancepolitique,22690
mediter,22691
MadeInAlsace,22692
signs,22693
Victimes,22694
JaimeOglo,22695
jeSuisTrouillard,22696
dubble,22697
Oncer,22698
DTC,22699
PauEstCharlie,22700
niort,22701
niortais,22702
cologne,22703
PerfumeCapital,22704
jedemenage,22705
Sophiedementhon,22706
ABJECTE,22707
Sciez,22708
MortPourDesDessins,22709
Ferrari,22710
vehicle,22711
coolrides,22712
powercar,22713
driving,22714
GKV,22715
Krankenkassen,22716
NousSommesUnis,22717
hommageàtouteslesvictimes,22718
projettut,22719
HumanNeverChange,22720
EffetPap,22721
jesuisunhypercasher,22722
jesuisfrançais,22723
jesuiscatholique,22724
jesuisjuifs,22725
Sunderland,22726
GoReds,22727
SUNLIV,22728
Youneverwalkalone,22729
lamarzocco,22730
FrancescoRosi,22731
hamradio,22732
hamr,22733
boulversant,22734
HT,22735
PhilippeMeirieu,22736
Maurepas,22737
Noussommeslesforcesdelordre,22738
AllezPunchline,22739
saledi,22740
aulit,22741
chaussetteshautes,22742
ahs,22743
walkasone,22744
justedeshéros,22745
maurepas,22746
auchaud,22747
JeSeraiLà,22748
Koulibaly,22749
cathedral,22750
arthistory,22751
stages,22752
effetpap,22753
ajamaisdansnoscoeurs,22754
MediapartLive,22755
Forman,22756
JackNicholson,22757
laulau,22758
sympaxxx,22759
RETRICA,22760
MySurpriseOfTheDay,22761
AnotherDayInParis,22762
RestonsMesuréd,22763
É,22764
SoshPhone,22765
RouedelaFortune,22766
RestonsMesurés,22767
13h15,22768
WishMeWell,22769
Porte,22770
Korben,22771
JewsAndMuslimsRefuseToBeEnnemies,22772
ZeinaStorm,22773
Zeina,22774
زينة,22775
العاصفة_زينة,22776
لبنان,22777
DecertoPS4,22778
NeedPU,22779
Fred,22780
tweetprécédent,22781
Segpa,22782
RouenEstCharlie,22783
ilssontfouscesamericains,22784
jesuislassana,22785
chezmaudsansmaud,22786
leurs,22787
bayonne,22788
SaucissonPinard,22789
potatochips,22790
Pringles,22791
JeSuisCharliePO,22792
TelleEstLaQuestion,22793
UnderArmour,22794
liertedexpression,22795
Libertedexpression,22796
perdus,22797
PastaGang,22798
panne,22799
JeSuisShizzle,22800
JoyeuxAniversaireShanna,22801
iMissYou,22802
7janvier2015,22803
AsseEtg,22804
PourCombien,22805
Cucula,22806
SaveThePlanet,22807
FYI,22808
Thionville,22809
GrandCorpsMaladeEstCharlie,22810
Paper,22811
Master,22812
Creation,22813
Inspiration,22814
JungleJuice,22815
RIPTrayvonMartin,22816
TurtleBeach,22817
Rayane,22818
santatellmemusicvideo,22819
marion,22820
InstaLunch,22821
InstaResto,22822
justwatched,22823
Agoraphobe,22824
JeSuisQuandMemeCharlie,22825
CestPasCharlie,22826
pasdepaniquepourrien,22827
lmtlive,22828
JeSuisCharliePotter,22829
Daxestcharlie,22830
bigfernand,22831
sistabesta,22832
gouteranniv,22833
eva11ans,22834
Rio,22835
ConceptArt,22836
BO2,22837
Ballista,22838
JeSuisElue,22839
jesuis,22840
Lmtlive,22841
Pokofans,22842
frerodelavega,22843
Southampton,22844
pen,22845
kobane,22846
BESANCON,22847
BeniMutluEtmeyeYeter,22848
trueblood,22849
DisneyInfinity,22850
AlQuaida,22851
JeSuisFranquin,22852
M6Music,22853
Baiona,22854
itw,22855
CeQueJeSuis,22856
ton,22857
JeanJaures,22858
FranceStrong,22859
pharellwilliams,22860
EnvoyéSpecial,22861
Agen,22862
LeRugbyEstCharlie,22863
RCTRM,22864
JassumePas,22865
Désolé,22866
parcequeCharlie,22867
ParcequeCharlie,22868
Sens,22869
Terrorisme,22870
71lefilm,22871
ParisestCharlie,22872
LaFranceestCharlie,22873
WorldisCharlie,22874
meshumeurstan,22875
LePenNestPasCharlie,22876
LegDay,22877
jaifaim,22878
soldestime,22879
TousALaMarcheDu11Janvier,22880
charliehalfpenny,22881
KevinEkomanSurLeMag,22882
PoissonRouge,22883
EnvoyeSpecial,22884
SalamAleycoum,22885
fcsmfcsm,22886
bighug,22887
marchesolidaire,22888
fcmfcsm,22889
JeSuisDansLaMerde,22890
erralle,22891
KevinEkomaSurLeMag,22892
BVBArmy,22893
ladurée,22894
gateau,22895
gouter,22896
ilsfontles2,22897
mélange,22898
ndokis,22899
doesntgetsweeter,22900
SheIsAmazing,22901
AffnNico,22902
ChampsElysee,22903
lenferenattendbeaucoup,22904
réveillezvous,22905
Afriquemalade,22906
apprendsàfairedeshashtags,22907
lemans,22908
BurgerQueen,22909
EngongolAliRentreAuGabô,22910
AmineMaTué,22911
thewebstermiami,22912
thewebster,22913
roadtozenzen,22914
JeSuisCapitaliste,22915
EngongolAliRentreAuGabon,22916
jesuisLanguedeuxpute,22917
viite,22918
continuez,22919
champselysee,22920
JAimeLaFrance,22921
mouradboudjellal,22922
JesuisAmine,22923
Aubenas,22924
JeSuisLeNouveauCroisé,22925
WinamaxPokerTour,22926
HollywoodGirls,22927
Kevinekomansurlemag,22928
Papi,22929
Navy,22930
StellaMcCartney,22931
PARTIELS,22932
THEEND,22933
PPL,22934
jenesuisplusseilementCharlie,22935
lecture,22936
moltbe,22937
journalism,22938
translation,22939
Robusta,22940
RCDE,22941
historique,22942
laicité,22943
confesser,22944
PaixetAmour,22945
Kosher,22946
martinfkde,22947
lf2,22948
Bangkok,22949
Throwback,22950
Asia,22951
TK1824,22952
bloemen,22953
planten,22954
MikeLucazz,22955
ChevillyLarue,22956
pudeur,22957
BayonneEstCharlie,22958
Curieuse,22959
JeSuisAmine,22960
marcheToulouse,22961
4x11,22962
interview,22963
BCBG,22964
aminematue,22965
PalaisGarnier,22966
joiedupermis0,22967
LeRCTestCharlie,22968
LeRM92estCharlie,22969
letsride,22970
IAmNotCharlie,22971
CarolinaDeOliveira,22972
Schifferstadt,22973
SousX,22974
Sixtine,22975
AuPair,22976
GeorgeZimmerman,22977
koshermarket,22978
ShabbatShalom,22979
problemesdefreresetsoeurs,22980
PhotoShoot,22981
Unpredictable,22982
Booty,22983
Zidanepersident,22984
JeSuisZidane,22985
RIPMaris,22986
Cougar,22987
Tonga,22988
JeSuisVincennes,22989
JeSuisBaqa,22990
officer,22991
agen,22992
LPDS2,22993
DisneyStore,22994
ChuiPlusKleurKeul,22995
tourist,22996
ElleNaPasVu,22997
MANIF,22998
ONDAR,22999
tg2,23000
lovelock,23001
RateauEnModeCharlie,23002
TarekAuPureClub,23003
MaLiberté,23004
kids,23005
Question,23006
beauvais,23007
TeamFuturExGros,23008
Graffe,23009
Artiste,23010
Coupe,23011
Rojbin,23012
FrancaisAvantPreparationnaires,23013
Lebanon,23014
ÀbonEntendeur,23015
TSOP,23016
Jaymaxoise,23017
DessineMoiUnCharlie,23018
NDG,23019
PrepaEC,23020
neuillysurseine,23021
fondationlouisvuitton,23022
jardindacclimatation,23023
Lourdes,23024
MicroClimatALaBU,23025
nousommestouscharlie,23026
saufquelquescharlots,23027
Ps2,23028
TraditionPapale,23029
tolerance,23030
lesboutsdshow,23031
EiuSòCharlie,23032
comptearebours,23033
DelivréAmine,23034
jesuislesotages,23035
caninsagolsun,23036
SAB,23037
TeamBs,23038
Vernouillet,23039
UBBFCG,23040
frontback,23041
CHENEW,23042
Vivelaliberte,23043
wildboy,23044
rmaesp,23045
jourdelhanw,23046
NousSommesLiberté,23047
AgenEstCharlie,23048
savethelivingroom,23049
LHOMMEAUBOBILARRIVEBIENTOT,23050
KoreanSpirit,23051
Mandoobar,23052
RaviolisCoréens,23053
Mandus,23054
8e,23055
tropdefragileici,23056
StopAuxFilmsDeGuerre,23057
PalaisNikaïa,23058
TeamRayItsa,23059
Bollywood,23060
Associe,23061
RMAESP,23062
Bein2,23063
HallaMadrid,23064
JeSuisFilip,23065
bululú,23066
OTRATour,23067
NosEnnemisSontLesArabes,23068
Herault,23069
Ecricome,23070
cheuveuxauvent,23071
JeanMarcGenereux,23072
ShakeItOff,23073
Colombie,23074
Manquederespect,23075
JeSuisAlex,23076
wearenotafraid,23077
influenceur,23078
RMvsEspanyol,23079
Estac,23080
TeamEstac,23081
salondeprovence,23082
tousunies,23083
Satisfaction,23084
Vousverrez,23085
MondeCruel,23086
DevantChezMoi,23087
JySerai,23088
colonelfabien,23089
winning,23090
IlEstAussiCharlie,23091
suicidaire,23092
NousFrançais,23093
Juppe,23094
OnVeutPasDeMarineDemain,23095
EnAttendantParis,23096
kidding,23097
ondéfilepourcharlie,23098
хоккей,23099
filmology,23100
ConseilsEnSerie,23101
dirtyVibe,23102
jeSuisCharlieHebdo,23103
quelcoupfranc,23104
Baignade,23105
sozackidrama,23106
Florange,23107
ArcelorMittal,23108
TooMuchTimeInFrontOfMyScreen,23109
cafaitchaudaucoeur,23110
GregoryPorter,23111
very,23112
charlies,23113
perfectweather,23114
verratti,23115
Adelboden,23116
laundryisfiveEuros,23117
notaboutthatlife,23118
tousCharlie,23119
SalondePce,23120
Opinion,23121
MauvaisPressentiment,23122
BeauvaisEstCharlie,23123
Merabet,23124
jeveuxvoirLucasHood,23125
Bye,23126
CAMARGUE,23127
Bougrab,23128
pigeons,23129
feedthepigeons,23130
lake,23131
picnic,23132
RueilEstCharlie,23133
JeSuisPatapon,23134
naked2,23135
urbandecay,23136
nude,23137
marchesilencieuse,23138
BASTIAPSG,23139
اقتصاد,23140
Poesie,23141
Tolosa,23142
JeSuisCharlue,23143
grasse,23144
intothewild,23145
BastiaPsg,23146
ALLERPARIS,23147
barcode,23148
CFA2,23149
promclassic2015,23150
DamienSaez,23151
IlYATonSourire,23152
LoveSong,23153
minute,23154
silence,23155
intence,23156
Uniqlo,23157
stade,23158
Furiani,23159
enorme,23160
stressé,23161
anxieux,23162
ComedieODEON,23163
saintmartin,23164
patousbalade,23165
bellearnaque,23166
Glorioso,23167
SLBenfica,23168
Mauléon,23169
basque,23170
ChuPluKleurKeul,23171
Aylnay,23172
cinemagaumontpaté,23173
JsuisPasRaciste,23174
communion,23175
plusjamaisca,23176
EusebioSempre,23177
sessionausec,23178
plaid,23179
tele,23180
choco,23181
Marcelo,23182
Manara,23183
evagate,23184
Beauvais,23185
JeSuisCassoulet,23186
NimesEstCharlie,23187
algérie,23188
lgdfennec,23189
Aravis,23190
foule,23191
winking,23192
evilqueen,23193
evilregals,23194
reallifeOTP,23195
depravation,23196
Maximeo,23197
ATPextra,23198
CrossCulturalIssues,23199
Alphabet974,23200
LaReunion,23201
RageComic974,23202
il,23203
tilloye,23204
NDT,23205
TeamJF,23206
quoi,23207
PacMan,23208
Moissac,23209
No,23210
SheIsAlive,23211
TuvoitLeRouleauBasJsuisAuBout,23212
CallMeBob,23213
horsdufoot,23214
journee,23215
Guizi,23216
HappySeunghoonDay,23217
getwellsoonseunghoon,23218
JacobComeToFrance,23219
timelapse,23220
mountain,23221
goodtime,23222
firstday,23223
Isola2000,23224
faceoff,23225
jenechangeraispasetjevousemmerde,23226
comeonbabyletsgoparty,23227
soireesfilles,23228
JEROMEJARRESHOW,23229
Franckii,23230
Pdp,23231
JeSuisHumaniste,23232
JeSuisLaïc,23233
Beaucaire,23234
Jomaa,23235
JeSuisMadrid,23236
LeNovo,23237
Yoga,23238
ArbeloaEsDeOro,23239
constatation,23240
STASR,23241
bastiapsg,23242
MoiAussiJeSaisFaireLesTweetsVisés,23243
strategy,23244
HumourALaCharlie,23245
Kwayri,23246
defacto,23247
jamaisoublier,23248
BASPSG,23249
SODATime,23250
retrouver,23251
axel,23252
XtremBordeline,23253
CaVaetreOuf,23254
réunion,23255
punch,23256
GDF,23257
DeFontenay,23258
Geneviève,23259
BHV,23260
IciIciCEstMontpellier,23261
OnSeFollowLeSamediSansPression,23262
لحظة_الوداع,23263
SoHigh,23264
Ndx,23265
JeFond,23266
kalashnikov,23267
molotov,23268
tokarev,23269
Pompidou,23270
FlorenceAubenas,23271
CongoCapVert,23272
ocsmax,23273
Boudebouz,23274
DayFive,23275
VdeLaVictoire,23276
vienne38,23277
epide,23278
BESANÇON,23279
Boycotter,23280
antifachos,23281
JeSuisPasUnMouton,23282
FORZA,23283
Aiacciu,23284
MokobeRendsLargent,23285
soiréedevieux,23286
SchlagdenRaab,23287
SdR,23288
Vallet,23289
chasethesunset,23290
instatravel,23291
onfaitlapaix,23292
bléssé,23293
2MoisSansTaterLeBallon,23294
u17,23295
Onesta,23296
placeroyale,23297
CestmoilecrayonIkea,23298
lachete,23299
JeSuisLahkdar,23300
SRFC,23301
JeSuisCoda,23302
FRAMAC,23303
DREAM,23304
TwitterVerifyPhil,23305
JeSuisYohanCohen,23306
JeSuisYoavHattab,23307
JeSuisFrancoisMichelSaada,23308
JeSuisPhilipeBraham,23309
championnatdefrancedecyclocross2015,23310
ÉsoNossoReiEusébio,23311
Lesherosneportentpasforcementunecape,23312
Dad,23313
Anelka,23314
Oolala,23315
Sound,23316
Good,23317
JeNeSuisPasAlessandrini,23318
tousanimes,23319
SebastienBézy,23320
JeSuisVeratti,23321
Calvi,23322
CHARB,23323
lesbodins,23324
ils,23325
AmorAmorAmor,23326
Ragdoll,23327
FavoriteCat,23328
KevAdamsEstGay,23329
TeamLyon,23330
parisienne,23331
TweetON,23332
drole,23333
igersrouen,23334
igersnormandie,23335
palmieri,23336
JeSuisParis,23337
Team238,23338
STSR,23339
TheFoooRevealed,23340
Palmieri,23341
Tommy,23342
Corses,23343
SCBastia,23344
forzabastia,23345
Delambre,23346
teenmovie,23347
BeverlyHills90210,23348
vie,23349
fierdemafille,23350
placeRoyale,23351
danslhistoire,23352
panam,23353
Noussommestoushandballeurs,23354
tournoiXXL,23355
Achats,23356
Magasins,23357
touquet,23358
Amedy,23359
noussommestousdescharliehebdo,23360
PMU,23361
CRYTOT,23362
RCNMUSM,23363
TheKooples,23364
Humor,23365
GerardDepardieu,23366
franckgehry,23367
expressiontunisienne,23368
CDRS,23369
septum,23370
Trop,23371
yellowarmyfamily,23372
Bagnolet93,23373
bruit,23374
STLR,23375
NousSommeTousCharlie,23376
SS6inBKKDay1,23377
PoutineBros,23378
DrPepper,23379
miniholidays,23380
jevoudraisetreunchat,23381
Thirdworld,23382
WorldWar,23383
UnitiVinceremu,23384
TronedeFer,23385
CSPCB,23386
Arab,23387
Ebis,23388
Fitou,23389
clublibertin,23390
Adidas,23391
PSGBASTIA,23392
FreedentWhite,23393
FreeMobile,23394
Monster4Life,23395
BeProud,23396
HawaiiFive0,23397
season3episode22,23398
late,23399
REDTour,23400
ASSR,23401
padlock,23402
PontDesArtes,23403
DessinsDeLinsay,23404
casselescouilles,23405
PSGEstCharlot,23406
scbpsg,23407
Charlot,23408
LoiretCher,23409
1erépisode,23410
TeamAsthmatique,23411
MyChairMyPlace,23412
GoAway,23413
JeSuisPSG,23414
HumourNoir,23415
FauteProfessionnelle,23416
JeSuisBastia,23417
ParisInvaincueLe11Janvier2015,23418
TeamMonaco,23419
christmasornaments,23420
ornaments,23421
kerstbal,23422
zeemeerman,23423
zeemeermin,23424
Saoud,23425
reveillonsNous,23426
nochildshouldsuffer,23427
LaurentBlancDemission,23428
ERedCarpet,23429
scbastia,23430
Forzabastia,23431
ABLOU,23432
JaimeFakirParceQue,23433
baspsg,23434
JeSuisLaCosmopolitanie,23435
JeSuisLUnion,23436
fatiguedelasemaine,23437
Charlots,23438
abesses,23439
SAOULÉE,23440
envoletoipetit,23441
BringBackOurLeonardo,23442
cheesecake,23443
RipMalanda,23444
OMToujoursPremier,23445
Inquietude,23446
JaimeFAkirParceque,23447
ProDeLaCucina,23448
ParisStreet,23449
CSP,23450
KetumMaVie,23451
ChampionnatDeCross,23452
Body,23453
Corps,23454
Ventre,23455
Nombril,23456
Abdominal,23457
Fitness,23458
Mate,23459
ÉpiphanieEffect,23460
jesuisjoie,23461
JackAndJackToFrance,23462
Shabbat,23463
AllerParis,23464
GameOne,23465
DragonBallZKai,23466
fucklogic,23467
Palmeiri,23468
jevaislebutersijeletrouve,23469
HayatımınGeriKalanını,23470
PSGSCB,23471
beinsports,23472
thevoicefr,23473
TheVoiceIsBack,23474
sousinfluences,23475
OmTeam,23476
juniormalanda,23477
hypoquetsmadness,23478
PalaisDeTokyo,23479
ExpoInside,23480
2x02,23481
RIPJrMalanda,23482
gayman,23483
st,23484
FrenchNavy,23485
UCL,23486
RihannaNavy,23487
BastiavsParis,23488
WhiteCollarFinale,23489
MacBook,23490
ipod,23491
NollywoodTV,23492
XV,23493
TetMillas,23494
cadet,23495
lateamBS,23496
Versace,23497
Hermes,23498
HotelAresEiffel,23499
suceboule,23500
michelsardou,23501
OnAPasLeMemeLevel,23502
carreaudutemple,23503
MichelinCapitalePerche2015,23504
JourneeMusee,23505
10Janvier2015,23506
Gavottes,23507
wildcard,23508
atp,23509
MonaLisa,23510
LaGioconda,23511
Malande,23512
ForceÀSaFamille,23513
EspoirDuFoot,23514
ripjunior,23515
championnat,23516
InterActiv,23517
ArtContemporain,23518
sheonsomethin,23519
europeanshaveblondhairtoo,23520
VisionbyAG,23521
fievreasr,23522
allezLaRochelle,23523
JesuisPSG,23524
LaurentBlanc,23525
140bornes,23526
AlwaysSmile,23527
brothersandsister,23528
memories,23529
prod2,23530
stsr,23531
MarcheCitoyenne,23532
LCM,23533
banderole,23534
LégionDHonneur,23535
CarregaBenfica,23536
50MinuteInside,23537
soprano,23538
oldschool,23539
50mnIndise,23540
50mnInside,23541
merignac,23542
RockBluesCafé,23543
IncredibleIndia,23544
tuesCharly,23545
stasr,23546
JeSuisJuifFrançais,23547
JeSuisLaRépublique,23548
G20,23549
Hipster,23550
JohnnyPed,23551
WatchDogs,23552
Avicii,23553
LastTour,23554
AreUReady,23555
amourdemavie,23556
InstaDiner,23557
burgundy,23558
gastronomy,23559
50MinutesInside,23560
JeSuisMandanda,23561
SwimDeep,23562
JeSuisBathily,23563
MerciAVous,23564
StadeDeReims,23565
Delaune,23566
bonnetrouge,23567
cigognetebelle,23568
jesuispascharlie,23569
ETGSRFC,23570
teametg,23571
Autruche,23572
jeSuisFrançais,23573
ReadyForFuckingNight,23574
juvisy,23575
UrbanForever,23576
JadgeNajwa,23577
SaintMandeestcharlie,23578
PeterBuggenhout,23579
OnHold,23580
slam,23581
noussommesjuifs,23582
opportuniste,23583
AbrahamPoincheval,23584
Ours,23585
VivreDansUnOurs,23586
MuséeDeLaChasseEtDeLaNature,23587
JeunesMahométans,23588
morte,23589
fourire,23590
mmh,23591
Soycharlie,23592
RATUSGANG,23593
Blaaaaague,23594
IslamModérédeMesFesses,23595
MikeNelson,23596
TheExorcism,23597
AnnivEnola,23598
LaserQuest,23599
Fifolle,23600
Evasion,23601
jevousenmerde,23602
PremierGreed,23603
sos,23604
rugbymonamour,23605
Reflexion,23606
Meditation,23607
Priere,23608
Cholet,23609
RCC,23610
LH,23611
cheers,23612
positive,23613
Kane,23614
MaFranceAMoi,23615
BandeDeMerde,23616
RoadToFrance,23617
TeamAthlé,23618
jenesuispasunpigeon,23619
AttentionDeNePasTomber,23620
PariseEstCharlie,23621
LeHavreEstCharlie,23622
DonnerMoiUnGrammy,23623
İftiraVeYalanFırtınası,23624
contrefacon,23625
mdrjrisbb,23626
tesunetzadikette,23627
Scb,23628
ZeroRespect,23629
JuniorMalanda,23630
Chevreuil,23631
compliquégros,23632
EnzoFaitLeMalinSurSnap,23633
quoted,23634
saytriste,23635
TVB,23636
Eusebio,23637
BenficaRumoAo34,23638
impossiblenestpasrochelais,23639
noussommesrochelais,23640
tousderrierelesjaunesetnoirs,23641
RipJuniorMalanda,23642
CharlesDumont,23643
EdithPiaf,23644
fantomas,23645
NiceLorient,23646
jesuisflic,23647
GegenPegida,23648
Dresden,23649
bzh,23650
RedStar93,23651
RedStarEnLigue2,23652
champion,23653
SNVBA,23654
BerdaguerPejus,23655
E17,23656
LFB,23657
chambrage,23658
inoubliables,23659
Clock,23660
GoodbyesAgain,23661
CometLovejoy,23662
ReimsASSE,23663
REP,23664
BENFICA,23665
Les11Commandements,23666
okyjesors,23667
WeAreNotAfraid,23668
tweetecommeunparisienquialeseum,23669
AskNacks,23670
rienaperdre,23671
TeamTurc,23672
newbaniere,23673
tf79,23674
BatesMotel,23675
BlockMeDagi,23676
JeSuisEnOverdose,23677
kyliejennersfault,23678
mm,23679
warisover,23680
salève,23681
mort,23682
doha,23683
proust,23684
T2G,23685
JeFaisPasLaPaixAvecEddy,23686
sltlt,23687
SCBGFCA,23688
auvergnat,23689
grandtalent,23690
Jordanie,23691
JeSuisTripoli,23692
JeSuisLiban,23693
JeSuisTripoliLB,23694
TripoliLB,23695
jesuishyperjuif,23696
Lemoine,23697
Hoteldeville,23698
WhoopWhoop,23699
LézignanLaCèbeEstCharlie,23700
gufetto24,23701
ArabGotTalant,23702
SookoonAng,23703
ExorciseMe,23704
ripmalanda,23705
Lonely,23706
Cars,23707
Walking,23708
PassageduGrandCerf,23709
rcnmusm,23710
Noussommeslibres,23711
ILoveubb,23712
umbrella,23713
DoubleDouble,23714
multiL1,23715
champdepatate,23716
efap,23717
chambéry,23718
mickeeeey,23719
salon,23720
crédibilité,23721
Tragus,23722
Ecarteur,23723
8mm,23724
Genève,23725
PromenadeDuPaillon,23726
ferriswheel,23727
CheerBear,23728
ShareYourCare,23729
CareBears,23730
HomeSweetHome,23731
h,23732
SeaShepherd,23733
stag,23734
Brighton,23735
Maisondumonde,23736
Wolsburg,23737
démoli,23738
FOG,23739
DwayneJohnson,23740
TheRock,23741
JohnStuartMill,23742
TweetAttrapeHlel,23743
tunisiealgerie,23744
ShegueySquad,23745
AlienIsolation,23746
ps4,23747
BelCanto,23748
marg,23749
frenchies,23750
imamdrancy,23751
TweetOstentatoire,23752
groland,23753
gaumont,23754
LesTortuesNinja,23755
صوت_العزيمة,23756
derby,23757
TeamOstentation,23758
Tripoli,23759
carries,23760
PlacedesVosges,23761
TeamPauvre,23762
TweetAttrapeHlelMaximum,23763
MonteCarloCasino,23764
arabsgottalent,23765
احلى_لجنة_تحكيم,23766
ligue1,23767
ActivStade,23768
Sista,23769
çavapêter,23770
XMen,23771
wend,23772
Moleskine,23773
abusivasenelmetro,23774
AllezLesDragons,23775
impie,23776
JeSuisKouffars,23777
Grillé,23778
BandeDeCons,23779
YouAreMyO2,23780
unleashthefreedom,23781
TweetAttrapeHlelAvecOstentationEnSuplement,23782
baguette,23783
StopStraightPeople2015,23784
champ,23785
TorinoMilan,23786
bistogourmand,23787
max,23788
chaton,23789
cidre,23790
cidresassy,23791
sassy,23792
craftcider,23793
epiphanieenretard,23794
Laurine,23795
LucBesson,23796
Groland,23797
JtaccosteEnSurvet,23798
StrangeFeelings,23799
JeSuisPasMarrant,23800
Telepathie,23801
BallonDor2014,23802
islamNonCoupable,23803
hysteriecollective,23804
habdu,23805
suicida,23806
bowtie,23807
teamOGS,23808
SansRetour,23809
MarchePourTous,23810
LeNouveauJackSparow,23811
TV5monde,23812
FormulaE,23813
BuenosAiresePrix,23814
tagliatellesauxtruffes,23815
3octobre1980,23816
AttentatSynagogueCopernic,23817
jesuisthevoice,23818
JeanMarieLePen,23819
omnipresent,23820
message,23821
CaPasse,23822
laverie,23823
Mddddr,23824
SeulLesVraisReconnaisseront,23825
JeSuidOrthodoxe,23826
CestVotreVie,23827
ReformeTerritoriale,23828
BobbeLhommeKamelLePd,23829
JeSuisOrthodoxe,23830
ASSESdR,23831
CELVAL,23832
Frere,23833
ALGTUN,23834
TheVoiceIV,23835
Angel,23836
RUEDELAPAIX,23837
Demission,23838
Algérien,23839
Fennec,23840
JohnnyStyle,23841
Bonsoirs,23842
rzr,23843
Marchéauxpuces,23844
Mehdi,23845
ChuiUneFlipeuse,23846
morsecode,23847
tweetcommeuneyoutubeuse,23848
Mollo,23849
BienvenueZazie,23850
BienvenueAZazie,23851
Cab,23852
watson,23853
Leroy,23854
TweetCommeUnPseudoNationalisteAlgerienQuiNaPasVuSonPaysDepuisLageDe3Ans,23855
Prems,23856
Valentino,23857
TheVoicefrance,23858
Zazie,23859
Al,23860
TheVoiceFR,23861
BL30,23862
urb,23863
TweetUnePhotoDesBoys,23864
bonheurauditif,23865
SdrASSE,23866
jJeNeSuisPasAvecJeannette,23867
bedos,23868
fatiguancedelasemaine,23869
TweetCommeUneMarocaineQuiPayeSesRaibi17DhAuMaroc,23870
Magnifique,23871
Ghost,23872
fx,23873
coreedunord,23874
NoDemocratie,23875
Malek,23876
Techavion,23877
AR,23878
TweetCommeUnePerleDuDin,23879
SUA,23880
SUATPR,23881
chroniquescriminelles,23882
Durarara,23883
sia,23884
KimJungUn,23885
incompétente,23886
TweetCommeUneTaHlelSansTicketDeBus,23887
SURLELIVE,23888
SurLeLive,23889
carole,23890
VOICE,23891
passageobligé,23892
Chandelier,23893
unequebecquoiseàTheVoice,23894
Ninilachance,23895
Coexister,23896
Concept,23897
amourfou,23898
voyagedanslireel,23899
Vendor,23900
merchant,23901
Determiner,23902
OnVaPasMettreACote,23903
caroleanne,23904
etgsrfc,23905
ChampsElysées,23906
déontologie,23907
VousCritiquezMaisOnEntendRien,23908
BTSLait,23909
ToiAussiFaisDesPunchlinesCommeUnePerleDuDin,23910
JeSuisValls,23911
tarikramadan,23912
retail,23913
shops,23914
PlanetSushi,23915
lilian,23916
Betis,23917
thevoice4,23918
ZaziedansleMetro,23919
chezMoi,23920
MrDieuveEnLive,23921
LieuUnique,23922
thevoie,23923
colorgitano,23924
LilianTheVoice,23925
ViveLaFrancheComté,23926
LeChevalierBlack,23927
SYFY,23928
TweetCommeUnePerleDuDinOuUnePerleDuJeanJeSaisPlusTrop,23929
lillian,23930
Lillian,23931
JeNeDiraiRien,23932
MaVieEstTop,23933
mesAmiesSontTop,23934
RIPJunior,23935
Turpin,23936
arbitrage,23937
MmmYeah,23938
anniversairerhiet,23939
cheftounu,23940
Mika,23941
GaumontPathé,23942
LaffaireSK1,23943
Emu,23944
anniecordy,23945
bienvenuezazie,23946
médiatisation,23947
StarSysteme,23948
GrantToFrance,23949
jesuisspartacus,23950
LukaCaro,23951
Juicyland,23952
TeamZazie,23953
Annabelle,23954
theVoice4,23955
Gaumont,23956
footballplusqu,23957
TweetElleMattendVraiment,23958
TweetAttrapeHlelDissimulé,23959
posez,23960
ask,23961
TeamBarçaa,23962
DemainLeClip,23963
NONprésence,23964
autoritésliberticidesTurc,23965
arméniens,23966
annabelle,23967
Annonce,23968
TeamPagny,23969
JeSuisPasKouachi,23970
JeSuisPaskoulibali,23971
JeSuisCeluiQuiNaRienDemander,23972
JeSuisSali,23973
DRAKE,23974
CommentÇaCEstPasDrôle,23975
prefou,23976
nanananere,23977
coursdelangue,23978
UnisContreLyon,23979
Maeva,23980
Rivoli59,23981
poux,23982
chapichapo,23983
JeVousSoutiens,23984
AceVentura,23985
lel,23986
fur,23987
jenvoivalse,23988
Horreur,23989
Jacques,23990
fiertéfrançaise,23991
SailorCosmos,23992
jacques,23993
perche,23994
Java,23995
Voguing,23996
waacking,23997
jack,23998
beyrouth,23999
is,24000
come,24001
LACDM,24002
Jennifer,24003
ÉpidémieDePoux,24004
IwannaYacht,24005
nightlight,24006
ProtextionDelEnfance,24007
etseulementtriste,24008
ThisIsTheVoice,24009
veilleurs,24010
StarSousHypnose,24011
Browsing,24012
Sainte,24013
TeamSDR,24014
mêmecombat,24015
arménienscitoyens,24016
mobilisezvous,24017
NON,24018
PRÉSENCE,24019
gouvernementTurc,24020
sérénité,24021
teammika,24022
nigeria,24023
EVECT,24024
RipSoso,24025
ZaieAuTop,24026
oyunadevam,24027
ghetto,24028
Haribo,24029
tupeuxpastestunenoiche,24030
CocaColaLife,24031
TheeVoice,24032
gazouillon,24033
TigiBedHead,24034
Hairdressing,24035
Blond,24036
ClashBar,24037
JeSupporteLaTunisiePendantLaCAN2015,24038
Vintage,24039
jessica,24040
miko,24041
teamthierrymoreau,24042
desolelafatiguance,24043
FcoMw3,24044
ProverbesDetournés,24045
CinquanteNuanceDeGrey,24046
CrazyInLove,24047
Crazyinlove,24048
programmetvdemerde,24049
interdiction,24050
moules,24051
adiosmuchachos,24052
TheDictator,24053
continuerarire,24054
Jessica,24055
offneonjungle,24056
crazyinlove,24057
JessieK,24058
gardienne,24059
1cerveaupour2,24060
IRONIE,24061
sitting,24062
livesushi,24063
dali,24064
dalifaitlemur,24065
JeromeMesnager,24066
dedifun,24067
battista,24068
etraterrestre,24069
OhLaLa,24070
MueroDeAmor,24071
QueLindoEsParis,24072
Articles,24073
HervéVillard,24074
RnB,24075
ovni,24076
Bastista,24077
SoiréeJeSuisCharlie,24078
Thrilling,24079
TheVoiceI,24080
mauvaiiiiise,24081
Jaymax,24082
Haircut,24083
JeanMichelMonoExpression,24084
OldBoss,24085
playstation,24086
ImageDuJour,24087
onnepeutpasrevenirenarrière,24088
Outlander,24089
MecAucunRapp,24090
Dali,24091
Dalifaitlemur,24092
ArtisteOuvrier,24093
Florent,24094
JVVTeamPagny,24095
JVVTeamMika,24096
MissionComplete,24097
connasses,24098
Seasonchange,24099
HappySEUNGHOONday,24100
PetageDeBide,24101
LaBodega,24102
Lifesum,24103
yenaassez,24104
LigueEuropa,24105
BATTISTA,24106
cinémas,24107
LaModeLaModeLaMode,24108
epicfail,24109
Vendors,24110
Merchants,24111
customers,24112
echappeesbelles,24113
Suny,24114
rassemblentlaïqueetrépubliquain,24115
suny,24116
ArnaudRabierNowart,24117
Bruxelles,24118
quiet,24119
XLL,24120
lesexperts,24121
çanesarretejamais,24122
TeamSamsungPourToujours,24123
jaipeur,24124
JefaisAManger,24125
PlusToutJeune,24126
TVDFamily,24127
BloodyBiteCon,24128
Frangipane,24129
NBAEXTRA,24130
PèreEtMaire,24131
SDM,24132
mytho,24133
MavericksVSClippers,24134
CharleHebdo,24135
infobésité,24136
portos,24137
SonoItaliano,24138
SoiréePyjama,24139
MèreFille,24140
Bando,24141
HBCC,24142
CroisonsLes,24143
MemphisCoffee,24144
AlertesBombes,24145
Islamophobe,24146
RetourneDansTaGrotte,24147
Alg,24148
terreur,24149
ValérieBegueEffect,24150
Bonjovi,24151
achier,24152
LedZep,24153
underwearselfie,24154
louvres,24155
jevousdemandedevousarreter,24156
KellyBags,24157
BonVentVivian,24158
KirazMevsimi,24159
carnaval,24160
mauvaisgout,24161
StopBFMerdeTV,24162
Meskina,24163
iamspartacus,24164
Altruiste,24165
abruti,24166
ledzepplin,24167
InzaghiOut,24168
QueLesDen,24169
PDSG,24170
RESISTE,24171
Terry,24172
biactol,24173
politiquesundercover,24174
closeenough,24175
OlwenForest,24176
كفى,24177
JeSuisLibanais,24178
Tery,24179
Morsay2017,24180
RIPMandala,24181
JeSuisJuis,24182
SpeedyGraphito,24183
TrapHouse,24184
freezing,24185
toutesmesexcuses,24186
terry,24187
surconseil,24188
Charlieforever,24189
Awa,24190
Chek,24191
awa,24192
Awaieaieaieaie,24193
bicycle,24194
café,24195
JessieJ,24196
AWA,24197
PatsVsRavens,24198
spoton,24199
nextbeyonce,24200
thecoice4,24201
SarahPalin,24202
SarahPalinGate,24203
BkackWomen,24204
Oberkampf,24205
Young,24206
girlfriends,24207
copine,24208
teamhallyday,24209
shootings,24210
Révolution,24211
PeterBrown,24212
DjShnow,24213
djset,24214
BestVoive,24215
Infiltré,24216
JesuisDavidLuiz,24217
JesuisthiagoSilva,24218
Retweet,24219
thepinkprint,24220
JESUISCONGOLAIS,24221
lafilletouterose,24222
Vipers,24223
Tounsie,24224
notredame,24225
iconic,24226
BALvsNE,24227
NiKoDeM,24228
JeSuisDebout,24229
GoneToSoon,24230
rpz72,24231
lablaguedescailloux,24232
AwaTheVoice,24233
underbite,24234
FuckLaFDJ,24235
yoann,24236
lounicorn,24237
5ans,24238
Inzaghi,24239
ToroMilan,24240
oped,24241
Car,24242
Pandora,24243
CarréSenart,24244
ForReal,24245
Yoann,24246
Waouu,24247
Kodex,24248
Frissons,24249
yoan,24250
johan,24251
bon,24252
sirop,24253
Brel,24254
Michelangelo,24255
pigeon,24256
remboursée,24257
KeithHaring,24258
florentpagny,24259
tt,24260
charivari,24261
Pornic,24262
Zazi,24263
RIPmandala,24264
Feelinggood,24265
NinaSimone,24266
longweekend,24267
vacation,24268
may1,24269
may8,24270
FeelingGood,24271
RealMadridvsESP,24272
MyPointExactly,24273
StephenFryRules,24274
SolidaritéCharlieHebdo,24275
pauvreninasimone,24276
côme,24277
lastT,24278
resolution2015,24279
lefail,24280
jevaismefaireengueuler,24281
Come,24282
shoppingaddict,24283
Frometon,24284
BenjaminNethanyaou,24285
Ménilmontant,24286
jesuisjuniormalanda,24287
humor,24288
Bahlouli,24289
mourning,24290
Palestinien,24291
Israélien,24292
الدولة_الإسلامية,24293
palestinien,24294
sionistes,24295
NFLExtra,24296
doudou,24297
jedisçajedisrien,24298
MB2015,24299
PincezMoi,24300
Manie,24301
glauque,24302
unpeudamourdanscemondedebrute,24303
unpeudedouceurdanscemondedebrutes,24304
DesperatesHousewives,24305
Akiza,24306
SURNATUREL,24307
Rohfffff,24308
weareallcharlie,24309
ForçaPorto,24310
FcPorto,24311
PORBEL,24312
SomosPorto,24313
TodosNoDragao,24314
CharlieHéros,24315
tousenrose,24316
Netanyahu,24317
Abbas,24318
BatınınGerçekYüzü,24319
RupertMurdoch,24320
Liberty,24321
HadrienDurand,24322
TeamPetit,24323
TousDesHypocrites,24324
AspirateurBiTurbo,24325
NewSnapChat,24326
AddAway,24327
OldAccountWasDeleted,24328
gaelle,24329
Gaelle,24330
AşkBence,24331
claudiatagbo,24332
alotta,24333
cestunoiseau,24334
Victoires2014,24335
SiSeulement,24336
LaDanseDeFlorent,24337
ladansedeflorent,24338
NocheDeAmigos,24339
Gaëlle,24340
LaDanceDeFloren,24341
PantinEstCharlie,24342
ÀPantinNousSommesCharlie,24343
BenjaminNetanyahu,24344
MesrooX,24345
TiikZ,24346
Djins,24347
MaarKiso,24348
weirdkids,24349
Bordeauxestcharlie,24350
SweetHeart,24351
ventededevoirs,24352
droitsdauteur,24353
unquartdesbenefices,24354
2paris,24355
why,24356
BoulogneBoys,24357
Beurette,24358
abbas,24359
TweetBourré,24360
WalterWhite,24361
JessePinkman,24362
BetterCallSaul,24363
ohwhait,24364
PaixDesBraves,24365
ThankYouJr,24366
jesuisegypte,24367
jesuispalestine,24368
JeSuisLesMosqueesAttaquees,24369
JeSuisMuslima,24370
jesuisyrie,24371
happyyy,24372
Meriter,24373
youarethebest,24374
SousLesJupesDesFilles,24375
Petr,24376
rainbowcake,24377
anaconda,24378
HuguetteEdmée,24379
Sack,24380
hangovercity,24381
JesuisJuif,24382
admatai,24383
AVM,24384
Desinfo,24385
EteignonsLaTv,24386
NoTienePrecio,24387
VraiCoeurSurVous,24388
shakira,24389
WASP,24390
AmaraTima,24391
oepc,24392
prism,24393
Levalet,24394
jourdefoot,24395
GundamWing,24396
pinkwine,24397
Netanyaou,24398
Resto,24399
BonneBouffe,24400
Cantine,24401
DimancheSansMoi,24402
LeDisqueEstRayé,24403
JeRendHommageEnPriant,24404
KendjiTheVoice,24405
EnAvantRenault,24406
NousSommesEnsembleDansLeFionDeNora,24407
CaptainAmerica,24408
shit,24409
NoDaysOff,24410
Pasino,24411
MisterFreeze,24412
KoolKoor,24413
samicheamoureux,24414
JeSuisMeudon,24415
NousSommesTousMeudon,24416
JIraisDormirChezVous,24417
DernierTrain,24418
zap,24419
TgLa7,24420
aging,24421
ibuprofen,24422
longevity,24423
obama,24424
FightClub,24425
DogPound,24426
CodexUrbanus,24427
paris75018,24428
januarysucks,24429
AHAHAHJESUISMORTDEFONSÉ,24430
Oturmak,24431
Sigaraİçmek,24432
awwwwww,24433
auborddeslarmes,24434
grrr,24435
relativite,24436
JeuxDeMotsPourris,24437
TEVA,24438
chefsdEtats,24439
jedisça,24440
goodidea,24441
mêmepaspeur,24442
toutesdesprincesses,24443
corsu,24444
sempre,24445
charlienestpascouché,24446
pleurs,24447
acoustique,24448
vocalises,24449
pinkprintmovie,24450
TheVoiceCaContinue,24451
Kendjithevoice,24452
KKK,24453
SiLassanaBathily,24454
Hera,24455
Gundam,24456
tasdormioubien,24457
Parisbeatskill,24458
ChuckNoris,24459
Polisse,24460
AymericCaron,24461
Alyah,24462
bestioles,24463
InfamousFirstLight,24464
tahiatounes,24465
ilknurdemirbagphotography,24466
canon,24467
eos,24468
tranquillou,24469
TwilightLove,24470
MerciAuGIGNEtAuRaid,24471
lesanges7,24472
MélanieThierry,24473
sosie,24474
Reloooooouuuuu,24475
JeSuisPalestineParContre,24476
EtFier,24477
rebelSweetyHeart,24478
JeSuisLassanaBathily,24479
brady,24480
TheVoicd,24481
kendjithevoice,24482
متصدرة_لا_تكلمني,24483
guillaumepley,24484
guillaumeradio,24485
nuitbonne,24486
monsieursable,24487
erreurs,24488
passé,24489
CiteUnFilmQuiTaMarqué,24490
Superdry,24491
Melty,24492
Philippot,24493
HappyBirthdayJeremyRenner,24494
18yo,24495
TentativeDeRecrutementFurtive,24496
LoseWeightMonths,24497
auxfrontieresdelavie,24498
javascript,24499
Entreelibre,24500
JamesDean,24501
FLstudio,24502
Producer,24503
BeatMakerLife,24504
Offdili,24505
Apatheia,24506
Apathia,24507
AliShaddad,24508
photograph,24509
unitedkingdom,24510
camdentown,24511
northline,24512
SPOILERTVD,24513
Znation,24514
Bang,24515
NoEscApe,24516
AuxFrontièresDeLaVie,24517
coventgarden,24518
SaS,24519
Fortement,24520
Fortementation,24521
StayStrong,24522
Lovatic,24523
TeamPollo,24524
CoeurSurMaF,24525
1Mois,24526
Bebe,24527
sister,24528
mycalvins,24529
JustinWereReady,24530
CestLaLuuuutteeeeeFinaaaaleeeeee,24531
Alz,24532
Sürdürülebilirlik,24533
happysad,24534
LeFouDeLaSemaine,24535
colors,24536
leiceistersquare,24537
mmsworld,24538
mmsworldlondon,24539
mmsworldstores,24540
Zara,24541
bbchabichou,24542
harryroselmack,24543
consommation,24544
Cavs,24545
JoyeuxAnniversaireMaxence,24546
NinouLesMauvaisConseils,24547
CameALongWay,24548
Beliebers,24549
pensequamagueulr,24550
Sustainability,24551
GreenEconomy,24552
PinoDaniele,24553
RIPPinoDaniele,24554
UDada,24555
parisprestige,24556
tylkowparyzu,24557
bezcenne,24558
questionsexistentielles,24559
ColdInJuly,24560
michealchall,24561
Enrique,24562
Ces2015,24563
idioties,24564
Cahuzac,24565
JmangePasQueDesGrecs,24566
JeCasseLeMythe,24567
teenwolf,24568
theflash,24569
newgirl,24570
marcopolo,24571
favoriteforfavorite,24572
souffrance,24573
AFDLV,24574
moiaussicac,24575
Courbature,24576
GDP,24577
Ecology,24578
Wellbeing,24579
youknowyouaremeantforeachother,24580
TeamPoukav,24581
PPPPPPPPPPPPPPPPPPPPPPPPPPPPTDR,24582
Namaste,24583
BrownGrowth,24584
EnergyTransition,24585
GreenGrowth,24586
ZeroGrowth,24587
DeGrowth,24588
jeposelaquestion,24589
CamFollowMe,24590
ESPB,24591
Orthodox,24592
Mediapart,24593
MacaronsMyLove,24594
soldeshiver,24595
jeresteraisseuletoutemavie,24596
TeamAntillais,24597
tuezla,24598
taime,24599
YNO,24600
nm,24601
muséedesconfluences,24602
confluences,24603
Médiapart,24604
AveuEtRétractationInExtremis,24605
Camfollowme,24606
PhenomeneParanormal,24607
Madelaine,24608
CAMFOLLOWME,24609
loved,24610
CocoBoheme,24611
chocolatchaud,24612
CamFoIlowMe,24613
MUC72,24614
Dilemma,24615
HarryRoselmack,24616
FinDeVie,24617
GoodNightWorld,24618
GoodNightAndSeeYouInFourHoirsFromNow,24619
nocturne,24620
successfull,24621
AuxFrontieresdelavie,24622
follome,24623
escarpins,24624
cesoirjenedorspas,24625
passionFranceGall,24626
squeeziememe,24627
ggxrd,24628
calife,24629
loupé,24630
pa,24631
pb,24632
ouuuuf,24633
teamLionKing,24634
1h26,24635
BonneNuitTwitter,24636
teintorange,24637
mashallah,24638
hlel,24639
shoot,24640
vomi,24641
rat,24642
devices,24643
Houllebecq,24644
swerve,24645
ALTEREGO,24646
TEDx,24647
SAINTES,24648
FCKS,24649
6h,24650
CAMFOLLOWM,24651
tvd,24652
Sheguey4,24653
internship,24654
anywhere,24655
English,24656
Testimony,24657
question,24658
tourment,24659
dépenses,24660
folle,24661
fashionaddict,24662
pasbien,24663
We_Want_Ibtissam_Tiskat_On_Hit_Radio,24664
BalDuFoot,24665
FCNA,24666
Sick,24667
NeedAGoodNight,24668
TomHardy,24669
Baskettair,24670
mellow,24671
frompariswithlove,24672
mouah,24673
MyNameIsKhan,24674
TeamTimide,24675
TeamNoSoiree,24676
TeamJsaisPasDanser,24677
TeamSainte,24678
TeamJboisPas,24679
TeamNoPoulet,24680
TeamJaimeLecole,24681
TeamPasDamis,24682
TeamEspritReservé,24683
TeamCline,24684
putain,24685
dontevenwantone,24686
extracupholderinthecar,24687
sotired,24688
BringBackOurNenouDieune,24689
QuizUp,24690
DreamBigger,24691
hologram,24692
DubaiAirport,24693
travelinggram,24694
Traquenard,24695
eargasm,24696
letmesail,24697
voice,24698
samsparro,24699
pllaywithshay,24700
linstead,24701
garedefrance,24702
trainstation,24703
IC13100,24704
KarıGördüğümZaman,24705
Shell,24706
Bodo,24707
Ecotaxe,24708
Cancers,24709
earlymorningrun,24710
iteleboycott,24711
Feminism2015,24712
Stakhanov,24713
jerry,24714
objectifpermis,24715
fishing,24716
tweetcommeines,24717
SpecialDedicace,24718
unprettymondaybutwhocaresabouteveryonesideaofprettyihatemycrookedteethbutmaybeitstimeiembracethemyoushoulddothesame,24719
GaucheTareé,24720
Climat,24721
Gaming,24722
OnSeFollowCommeDhabAuCalme,24723
actu,24724
Meudon,24725
pratique,24726
brouillard,24727
responsiv,24728
LOSCETG,24729
BIBB,24730
BUSSYBOY,24731
Miss,24732
FM,24733
troptot,24734
ouhehehe,24735
toxon,24736
BrevetFederal,24737
finance,24738
7h29,24739
Economie,24740
chronicle,24741
POTD,24742
LiveSOS,24743
Heaven,24744
grosthug,24745
ErnstLubitsch,24746
CopaDelRey,24747
musiquesuspicieuse,24748
girouette,24749
Verglas,24750
weekendexpress,24751
yokohama,24752
AmeSoeurTwitter,24753
TVD6x17,24754
travelo,24755
wishlist,24756
Mediametrie,24757
LaVie,24758
AbdosTime,24759
ligne1,24760
exoplanetes,24761
kepler,24762
shegueysquaad,24763
enleger,24764
Jmgourio,24765
jaloux,24766
PremièreSodo,24767
GrosseVDM,24768
DragonBallXenoverse,24769
wakeup,24770
CiteUnFilmQuiTAMarqué,24771
MontOrgueil,24772
montorgueilts,24773
ClubesFormadores,24774
Ready,24775
MoiMaGauche,24776
kiwi,24777
vitamines,24778
bread,24779
lemondemoderne,24780
lavraievie,24781
scnf,24782
pieds,24783
6emepuissance,24784
Euro,24785
E1direct,24786
swagg,24787
GrosseFatigue,24788
VincentLambert,24789
PeursurlaVille,24790
Cropta,24791
cohen,24792
Inter,24793
Whathefuck,24794
BonAnniversaireMa2x,24795
team27,24796
Zazaticone,24797
tetedereseau,24798
coucouletempspourri,24799
flammarion,24800
tablette,24801
classement,24802
disneylove,24803
princessjasmine,24804
thatsus,24805
Andalevanta,24806
brittany,24807
vieillescharrues,24808
carhaix,24809
CONNASSE,24810
POGBA,24811
JuveInter,24812
febs,24813
MazarsAcademy,24814
lisaa,24815
maquettecroquis,24816
2e,24817
année,24818
modepouilleuse,24819
reux,24820
Normandy,24821
pasdamis,24822
bonnevillesurtouques,24823
mincir,24824
spectaclehumour,24825
kilotrained,24826
tcar,24827
urssaf,24828
rsi,24829
IV,24830
power,24831
positivebenefits,24832
StateofAffairs,24833
fog,24834
milliardaire,24835
LeGoodMorning,24836
EmanuelMacron,24837
NoFrenchBashing,24838
lamelancoliedesdragons,24839
amandiers,24840
migrant,24841
PAOK,24842
polemiquesterile,24843
Vente,24844
smart,24845
alternative,24846
économie,24847
ligneJ,24848
tavu,24849
btsblanc,24850
clichés,24851
àlouest,24852
peurs,24853
tropdeboulottueleboulot,24854
LesSoldes2015,24855
maladecommeuniench,24856
LeDiner,24857
PayeTonBouclage,24858
remboursement,24859
LesMaternelles,24860
Napoli,24861
Breathe,24862
tropbien,24863
jemecasse,24864
PasLaMêmeVision,24865
leonetti,24866
affaireLambert,24867
marcoforever,24868
jesuisautop,24869
bravocaro,24870
master,24871
tired,24872
AFDLVma,24873
hbr,24874
faischaufferlaCB,24875
NaMéHo,24876
ThisIsTheEnd,24877
BandeDeBitches,24878
WeWinAndLoseTogether,24879
OnSangster,24880
VTT,24881
DesProjetsPlusGrands,24882
Marisolestmagique,24883
tusersarien,24884
LaCigale,24885
terrible,24886
distributeurdecapotes,24887
BUA,24888
danslestoilettespublics,24889
jadoreAngers,24890
FatWhiteFamily,24891
PointEphemere,24892
Hélas,24893
yogitea,24894
JoyeuxAnniversaire,24895
lillois,24896
ASOSsoldes,24897
friendsTrip,24898
PayeTonBouclageBis,24899
londonistan,24900
jeveuxdusoleil,24901
céréales,24902
grandescultures,24903
desk,24904
fB,24905
fake,24906
Leadership,24907
Quote,24908
6emePlace,24909
accro,24910
taxes,24911
birchbox,24912
NDDL,24913
Glams,24914
Serveuse,24915
AvGeek,24916
ManVStheWild,24917
DidierPorte,24918
Karine,24919
Mexicana,24920
Tabasqueña,24921
TorreEifel,24922
MerryGoRound,24923
Louane,24924
L0M0TIF,24925
tisséodanslecoeur,24926
bienvenuechezlesfragiles,24927
OdioElFrio,24928
selfishgirl,24929
LesAnges5,24930
earlymornincrun,24931
faitchi,24932
tweetpetitdej,24933
20minutes,24934
IPTL,24935
MarcJacobs,24936
パリ,24937
photojournaliste,24938
DigitalMedia,24939
ColloqueIRISS,24940
megatôt,24941
organic,24942
cestdit,24943
AuNomDeLaVerité,24944
numero6,24945
lesanglaisdevant,24946
enfantillage,24947
Sissoko,24948
Mercalol,24949
malife,24950
MorningRun,24951
NoExcuses2015,24952
Aries,24953
justinbieber,24954
HappyFunRadio2015,24955
centrePompidou,24956
Money,24957
LeChangementCEstMaintenant,24958
férié,24959
voitures,24960
tcra,24961
Raymond,24962
CommentVousAstorg,24963
BonJeVousGardeQuandMême,24964
Coachella2015,24965
Coachella,24966
0Motivation,24967
Trierweiler,24968
sweet18,24969
JoePinelli,24970
MarqueRepere,24971
Alverde,24972
datocurioso,24973
TrustMe,24974
GradurFragile,24975
AlbertEinstein,24976
justmarried,24977
CES15,24978
karllagerfeld,24979
MaisAvantJaiPingPong,24980
EtBoom,24981
McBook,24982
salut,24983
comment,24984
ContentMaisContent,24985
Aufschrei,24986
BMJ,24987
BeingMaryJane,24988
MenageTime,24989
Sakho,24990
poweroverlife,24991
greatfeeling,24992
DubsmashRatésDedChroniqueusesDuGrand8,24993
mercilabiologie,24994
DubsmashRatésDesChroniqueusesDuGrand8,24995
enterprise,24996
paas,24997
saas,24998
iaas,24999
insalubrite,25000
NoEsApe,25001
GoMaster,25002
Photoshop,25003
pollution,25004
syrianrefugeesgr,25005
UNHCR,25006
bienvenue,25007
coursraté,25008
CSPPAOK,25009
lapoisse,25010
Monacotwins,25011
InterFC,25012
diewichtigendingedeslebens,25013
intermittents,25014
Sunrise,25015
Vineyard,25016
Cognac,25017
EauDeVie,25018
WaterOfLife,25019
Wine,25020
Grapes,25021
postbadidentitycard,25022
UGGaustralia,25023
KarıSeviyorimCunki,25024
CoculGibiSevindirir,25025
HerYerdeKarVar,25026
chatelet,25027
anatomie,25028
vaisseaux,25029
nerfs,25030
medecine,25031
odontologie,25032
2émesemestre,25033
Fouiny,25034
Fog,25035
Alambic,25036
CopperPotStill,25037
Illustrator,25038
ReakHousewives,25039
RealHousewives,25040
TechniqueCelleLà,25041
SecretSanta,25042
mustthinkimfrench,25043
voeuxparis,25044
ecologie,25045
VoeuxHidalgo,25046
AirAsia,25047
Borgia,25048
CEDH,25049
tentations,25050
PremiosGoya,25051
expoBorgia,25052
cacaille,25053
hatebeingsick,25054
stressee,25055
HardwellFamily,25056
paris11,25057
OnVaCommencerATafficherCommePromis,25058
SCMR,25059
nécessaire,25060
AskColine,25061
DribbleDeLannée,25062
Itsyourdaytoday,25063
Wecandowhatever,25064
RCFChange,25065
monBlog,25066
analyse,25067
sociologie,25068
NipCuisine,25069
GrantLandisBedtimeStories,25070
vraiequestion,25071
paupiette,25072
calvinklein,25073
FusialladeCharlieHeddo,25074
coloqueIriss,25075
SylvainTheBest,25076
IndoRequest,25077
illegal,25078
StadeDeFrance,25079
WWAT,25080
FGTB,25081
loljedis,25082
CocaLife,25083
creaastuce,25084
Spoiled,25085
semmodezena,25086
HappyNewyear,25087
Pigs,25088
whywait,25089
wedding,25090
bridesmaids,25091
CocaCola,25092
FondationCartierBresson,25093
frangipane,25094
problemesdesommeil,25095
maladies,25096
charlyhebdo,25097
BrutBlack,25098
stupidexam,25099
PenséeAuxVictimes,25100
DémocratieLocale,25101
Itv,25102
GraciasSuperDario,25103
before,25104
lacigale,25105
ceremonie,25106
awards,25107
model,25108
Abasourdi,25109
TheSlimShady,25110
TuTeReconnaisOuTuNies,25111
urgence,25112
E1Midi,25113
polemique,25114
maladee,25115
AnnieYague,25116
TheVoice2015,25117
bonsejour,25118
DouceFrance,25119
Rageux,25120
abattu,25121
temoignages,25122
infirmièrelibéral,25123
Masta,25124
Atteree,25125
montreuil,25126
DiosCuantaNiebla,25127
feliz,25128
SoyGuerrera,25129
AmoCorrer,25130
boncourage,25131
barbarie,25132
DefineFriendship,25133
المغرب_خط_أحمر,25134
عاش_المغرب,25135
モナリザ,25136
HappyBirthdayLewisHamilton,25137
fingerinthenose,25138
cantine,25139
defense,25140
LesSoldes,25141
TweetCommeBFMTV,25142
atterrée,25143
lanceroquettes,25144
carnage,25145
Mz,25146
Cramé,25147
soutienCharlieHebdo,25148
teamstaps,25149
ecoeurée,25150
EnjoyParis,25151
SoutientCharlieHebdo,25152
LibertéDeLaPresseEtdExpression,25153
PerleDeCopie,25154
CharlieAbdos,25155
LanceRoquetteSquad,25156
dramatique,25157
FusilladeParis,25158
Usa,25159
alerteattentat,25160
penseedujour,25161
solidariteconfreres,25162
WeLoveDylan,25163
tropdefatigue,25164
Craquage,25165
AirMax1,25166
Buxy,25167
jozi,25168
SouthAfrica,25169
abominable,25170
DragonBallZ,25171
Dalloz,25172
Point,25173
cestlaguerre,25174
expression,25175
UniondePrière,25176
PenseesAuxVictimes,25177
charlyHebdo,25178
WCW,25179
blackbeauty,25180
naomicampbell,25181
blackwoman,25182
3615malife,25183
COURAGE,25184
Jourdesoldes,25185
discoursPR,25186
Triptyques,25187
EspritLibre,25188
Veyron,25189
NousSommesTousDesCharlyHebdo,25190
happydance,25191
LePereNoelAEuDuRetard,25192
confpresse,25193
SiesteTime,25194
NoNazis,25195
charlie_hebdo,25196
NT,25197
LeMondeVaMal,25198
PlusDeSecuritéAuBoulot,25199
CestLaVie,25200
PlusFortQueLaHaine,25201
blaguecarambar,25202
uniténationaleavanttout,25203
uniteRepublicaine,25204
leclerc,25205
SoutienCharlie,25206
RTLinfo,25207
tvpoubelle,25208
babadook,25209
Entree,25210
Saumon,25211
maghreb,25212
BandeDeTrimarde,25213
frenchalps,25214
LaFrancevaMal,25215
IlAPasSupporteQuonLappelleZoulette,25216
SolidaritéCharlie,25217
erasóoquemefaltava,25218
penséesauxvictimes,25219
anonymat,25220
Perles,25221
paysdefous,25222
solidaritéCharlie,25223
salopards,25224
JustinCalvinKleinModel,25225
soutiencharliehebdo,25226
chess,25227
echecs,25228
ALERTEATTENTAT,25229
minutedesilence,25230
AttentatTerroriste,25231
IleDeFrance,25232
souslechoc,25233
alerteinfo,25234
EnAttendantIspac2,25235
attackinparis,25236
lapeur,25237
performance,25238
NSFW,25239
Brit2015,25240
Brits2015,25241
Choquée,25242
premonition,25243
BfmInchallahVousFaiteAttaqué,25244
chrisbrown,25245
TYGA,25246
brume,25247
parisnow,25248
motherrunner,25249
couldntsayitanybetter,25250
Allahu,25251
ali,25252
libertéExpression,25253
brevetblanc,25254
hollywoodgirls4,25255
udp,25256
TeamCG7,25257
bouleversant,25258
YaPlusDeRespect,25259
ParisXI,25260
PasDamalgame,25261
SoutienALaLibertéDExpression,25262
FilsDeP,25263
CharmedAddictions,25264
AttantatTerroriste,25265
CharlieFreedom,25266
Elysée,25267
lesinconnus,25268
charliehebddo,25269
JustPrepaThing,25270
White,25271
BlackHat,25272
Jordan3,25273
brothersandsisters,25274
CasseToiAlors,25275
SansVoix,25276
PrejugésSurLesGensCommeToi,25277
Cartier,25278
CeciNestPasLislam,25279
LislamCestLaPaix,25280
GrosMystère,25281
soutienauxfamilles,25282
Effrayants,25283
Räumungsverkauf,25284
Sportshop,25285
schnäppchen,25286
lanouvelleédition,25287
Citroën,25288
faiiim,25289
CABUESTMORT,25290
Allocution,25291
whereIsFreedom,25292
nuance,25293
LePen2017,25294
IncredibleDrumShow,25295
18avril,25296
libertyegalitefraternite,25297
Logique,25298
chewing,25299
Canalplus,25300
LaFranceEstUnPaysAntiMusulmans,25301
Attaque,25302
saloperie,25303
LASTRT,25304
Char,25305
JeSuisCharlieHebdo,25306
C_Hebdo,25307
Affolant,25308
PasDeMots,25309
VraiHomme,25310
UneHonte,25311
TristeMonde,25312
francetvinfo,25313
dramenational,25314
StCloud,25315
MaisOuEstCharlie,25316
HumourDeMerde,25317
morts,25318
attentatterroriste,25319
DFF3,25320
incompréhension,25321
affligeant,25322
charliehedofusillade,25323
Attentatterroristeparis,25324
effondré,25325
attrocités,25326
Pensee,25327
11morts,25328
KarlLagerfeld,25329
fannyardant,25330
horoscope,25331
contreleterrorime,25332
mercimedia,25333
EngageonsLaConversation,25334
double,25335
peine,25336
Nausée,25337
tragedie,25338
à,25339
ReusEsMiPastor,25340
Deconnexion,25341
verite,25342
Juncker,25343
CourageAuxFamilles,25344
Now,25345
respectauxfamilles,25346
connerieHumaine,25347
11eme,25348
figaro,25349
wolinsky,25350
loveiej,25351
iej,25352
hamster,25353
ralamek,25354
choquer,25355
grossepensezauxfamillesdesvictimes,25356
atentado,25357
OuvalaFrance,25358
ilsdevrontpayé,25359
personnel,25360
familles,25361
victimes,25362
effroyable,25363
solidaritecharlie,25364
Libertédepenser,25365
avocats,25366
WeAreAllCharlie,25367
12Morts,25368
NoReligion,25369
Tefal,25370
Sexisme,25371
condamnation,25372
democracy,25373
FreeDom,25374
PRG,25375
giveaway,25376
Démasquée,25377
LibertéDelaPresse,25378
opiumdupeuple,25379
ElEsMiPastor,25380
richardlenoir,25381
MonPays,25382
Libertédelapresse,25383
Recrutement,25384
SoutienACharlieHebdo,25385
PaixASonAme,25386
homohominilupusest,25387
IlfautAgir,25388
EnLeursMemoires,25389
OutlawQueen,25390
Merdier,25391
LibertéÉgalitéFraternité,25392
TropdAmour,25393
DeuxiemeFamille,25394
incomprehention,25395
FranceEnDeuil,25396
tristeconstat,25397
collabo,25398
AttentatIslamiste,25399
TheBig10,25400
RIPCharb,25401
jevousvomis,25402
jevomisvotrehaine,25403
RachidaDati,25404
philosphere,25405
Hebdo,25406
HeuresSombres,25407
LIBERTEDEPENSER,25408
oasis,25409
ShoppingTime,25410
Squadra,25411
ALERTEATTENTANT,25412
rapport,25413
WOLINSKI,25414
TIGNOUS,25415
Soutiens,25416
AllezSignalerFakir,25417
mets,25418
Odieux,25419
tearsforfears,25420
RecienLlegamos,25421
todosbien,25422
EnTete,25423
JornalDaTarde,25424
AtentadoEmParis,25425
indignation,25426
onnepeutplusriendire,25427
SolidariteCharlie,25428
dpt93,25429
EFB,25430
HipHop,25431
Rnb,25432
BlackMozart,25433
FaisTaDivaCommeBaekhyun,25434
Choque,25435
CharlotteCrosby,25436
tristerealite,25437
RefusdesAmalgames,25438
respectdelapresse,25439
QueJustineSoitFaite,25440
bfmbusiness,25441
JeSuisCharli,25442
rediffusion,25443
Grisou,25444
شارلي_ابدو,25445
AppelManifCharlie,25446
Choc,25447
Moati,25448
rdvenseptembre,25449
oualesgci,25450
vieduniversitaire,25451
rh,25452
RentréeSolennelle,25453
loveuse,25454
EstCeQueCeMondeEstSerieux,25455
histoireDe,25456
Monstruosité,25457
Journalites,25458
Journalistes,25459
CHOQUÉ,25460
BimCoucheToi,25461
JeComprendPas,25462
barbarity,25463
murder,25464
LaBaseDesBases,25465
pinkoffee,25466
journaliste,25467
NotIslamists,25468
MuslimsNotIslamists,25469
lencrerie,25470
lesliensdelencre,25471
Comando,25472
21emeSiècle,25473
LibertéDePresse,25474
boncourageatous,25475
elegance,25476
Charlieheabdo,25477
reseauFDG,25478
PorteDePantin,25479
chauuuuuud,25480
assassinat,25481
Nantais,25482
allezcrever,25483
lesgroupies,25484
S01E02,25485
Idiocracy,25486
ddos,25487
ignoble,25488
terre,25489
Terror,25490
Attack,25491
ouvalafrance,25492
PrayForABetterWorld,25493
SoutienInfini,25494
meurtre,25495
Synagogue,25496
peurpaniquedesdecisonscoupdetete,25497
ratpicertifier,25498
NeConfondezPasTerroristeETMusulman,25499
jerkswithcameras,25500
Boubakeur,25501
immam,25502
Fabrice,25503
biologie,25504
JOKELOGOBIE,25505
CaFoutLaRage,25506
prières,25507
inconsolable,25508
VaBene,25509
méfiance,25510
attentato,25511
CYCSC,25512
metroToulouse,25513
LUnionFaitLaForce,25514
MonSonDuMoment,25515
Poutine,25516
TrouvezCesTerroristesEtPendezLes,25517
Charisme,25518
tweetshonteux,25519
Wet,25520
Blablabla,25521
fly,25522
PrionsPourCharlieHebdo,25523
TPMP2015,25524
DémocratieMonAmour,25525
galère,25526
fhollande,25527
ManifPourTous,25528
jaipleuré,25529
NikeCharlieHebdo,25530
Kaiserslautern,25531
Condoléance,25532
bustime,25533
respectonslalibertédexpression,25534
SOSRACISME,25535
violence,25536
Méfiance,25537
RienDePlusÀAjouter,25538
Thora,25539
MusicMix,25540
PenséesAuxFamillesEtAuxProches,25541
Goldmansachs,25542
CIA,25543
AmortLeTerrorisme,25544
choque,25545
savages,25546
horror,25547
plateaudespoetes,25548
dieudonne,25549
ripcabu,25550
atentat,25551
Résolution,25552
expos,25553
lesfrèresScott,25554
PiecesJaunes,25555
bestrong,25556
au,25557
ou,25558
FreedomOfPress,25559
camerounais,25560
Collabo,25561
JeSoutiensCharlieHebdo,25562
athee,25563
lafrancianoncedeaiterroristi,25564
lafranceauxfrancais,25565
Japril,25566
Paris11e,25567
HAINEUX,25568
QueFontLesModerateurs,25569
partage,25570
AllBordeauxArentWe,25571
Ch,25572
laconnerie,25573
drame,25574
metissemelangedecouleur,25575
YPG,25576
TwitterKurds,25577
etcestpasfini,25578
Roubaix,25579
troyes,25580
jeDemandeSeulement,25581
andywarhol,25582
révisattitude,25583
DebutDuChaos,25584
PrièreFrer,25585
stlo,25586
PeineDeMort,25587
screendirect,25588
Pray,25589
Carnon,25590
Sud,25591
RTPInformaçao,25592
Atentado,25593
apogée,25594
Liberted,25595
BrulezLesVivants,25596
FaitesLeurMangerDuPorc,25597
encolere,25598
Revolte,25599
Freedomofthepress,25600
homageaupolicierfussier,25601
DIV6,25602
dslGtObligé,25603
Lightning,25604
Stamkos,25605
virginradiolorraine,25606
jesuischarly,25607
StopRepression,25608
StopTerrorisme,25609
soyezlogiques,25610
condamnez,25611
immatures,25612
PrayForCharlieHebdo,25613
écœurement,25614
HorribleHistories,25615
RIPCabu,25616
rejetdesamalgames,25617
laïcite,25618
프랑스,25619
파리,25620
슬프다,25621
MYbabyAlvin,25622
moynat,25623
sac,25624
borse,25625
borsa,25626
Pokofamily,25627
11ans,25628
ragequitTwitter,25629
goyard,25630
Ain,25631
Ligne5,25632
OùVaLeMondeSerieux,25633
CinéTime,25634
LaMorale,25635
tousDesCharlie,25636
ksa,25637
Deguelasse,25638
BandedEnculé,25639
laviolencenerésoudrien,25640
DeTouteMain,25641
teamvolley,25642
extrémisme,25643
droits,25644
mai68,25645
françaises,25646
Combat,25647
Massacre,25648
LuttonsPourLaPaix,25649
Montpon,25650
BobHumeur,25651
Fibre,25652
ShinyCity,25653
NeConfondezPas,25654
E04S01,25655
NewYorkTimes,25656
Terreaux,25657
angelina,25658
JesuisCharly,25659
LouisAsVSAngel,25660
TheReflectionTour,25661
pinkprent,25662
DoaaElSebaii,25663
ShereenYehia,25664
samoantigersoods,25665
justhisgolftalents,25666
pinkprint,25667
شي_مستحيل_اتنازل_عنه,25668
مهما_مصخرتك_الدنيا,25669
الهلال,25670
Ahmad,25671
onion,25672
S01E11,25673
princedebretagne,25674
stylismeculinaire,25675
tomate,25676
recettes,25677
nom,25678
caviar,25679
linguine,25680
AttaqueCharlieHebdo,25681
LaStampa,25682
HommageÀEux,25683
aye,25684
JeSuisCharly,25685
NanTesCharley,25686
zemmouraraison,25687
CourageCharlieHebdo,25688
ÀSignaler,25689
الحكم,25690
JeSuisGestionRelationsHumaines,25691
الاتحاد,25692
النصر,25693
نادي_النصر_في_كلمتين,25694
Castelroussins,25695
thisiswhyihatereligion,25696
Loire,25697
dupontaignan,25698
franceinfo,25699
Allahakbar,25700
Criminals,25701
Murderers,25702
FreeSpeech,25703
bouleversée,25704
okjsuispasdrole,25705
CinquanteNuances,25706
clubdorothee,25707
lislamradicalestnocif,25708
3emeguerremondiale,25709
Ripauxvictimes,25710
RequiescatInPace,25711
Je,25712
Unionnationale,25713
SadDay,25714
Why,25715
ForWhat,25716
ForWho,25717
PenséesAuxFamilles,25718
ResidenceAstrid,25719
ClubSenior,25720
penseesauxfamilles,25721
dnainfos,25722
mavieestnulle,25723
CRTV,25724
ILoveMuslim,25725
العاصفة_الثلجية_هدى,25726
شي_سمعت_عنه_ما_شفته,25727
AuxFamilles,25728
chalengeaccepté,25729
paslechoix,25730
revolution2015,25731
disparaissez,25732
stopterror,25733
soutienPenséesFamilles,25734
Frignicourt,25735
Shade,25736
kmichelle,25737
AWBAH,25738
padamalgam,25739
citoyen,25740
devoirdememoire,25741
libertéDexpression,25742
VirginRadioLorraine,25743
Solidaire,25744
Timberland,25745
durdur,25746
hervegourdel,25747
الهيئة_تعتدي_على_شاب_بسوق_العثيم,25748
metisse,25749
jeuxdemots,25750
RienAFoutre,25751
gasy,25752
malagasy,25753
UnJourJeVaisPercer,25754
Indépendant,25755
EnDeuil,25756
Patema,25757
permisdeconduire,25758
payestaphoto,25759
SAO,25760
corpus,25761
SeineSaintDenis,25762
JoueLesTours,25763
PlanVigipirate,25764
AlerteALaBombe,25765
valenciennes,25766
Weeds,25767
Palaiseau,25768
lemondedeviensfou,25769
pasdanslememesac,25770
Pourriture,25771
degoûté,25772
ルーブル美術館,25773
ResteEnPaix,25774
pantin,25775
mortàvous,25776
IStandWithFrance,25777
humour6Franc50,25778
18hplacegaribaldinice,25779
DALSLaTournée,25780
Excitée,25781
YOLO,25782
LeMondeEstFou,25783
PasDamalgames,25784
pasdemots,25785
pasdamalgam,25786
LeChangementSoitDisant,25787
Wikipediens,25788
General,25789
Meurthe,25790
Moselle,25791
dorothee,25792
ToutLeMondeEstCHARLIE,25793
montpensier,25794
toutvamal,25795
Islamnoncoupable,25796
EdwardSnowden,25797
KemiSeba,25798
StreetFighter,25799
hacked,25800
korea,25801
HonteAVous,25802
AC4,25803
MerciLesCopains,25804
TristeJour,25805
maisouvalemonde,25806
nowar,25807
wintergirlfriend,25808
Polygone,25809
Blackwednesday,25810
reseaufdg,25811
streets,25812
nonàlamalgame,25813
ARMYforever,25814
EXO,25815
ELFforever,25816
AbrutiSabstenir,25817
Impressionnant,25818
TheTwilightZone,25819
elevator,25820
adrenaline,25821
rush,25822
freefall,25823
disneyparis,25824
donotstandforterror,25825
lamourplusfortquelahaine,25826
Tulle,25827
ClubPresse30,25828
FdP,25829
pasbonneidée,25830
Sachez,25831
30MillionsDamis,25832
Playstation,25833
SoutientAuxFamilles,25834
StopAuxAmalgames,25835
TêtesAClaques,25836
LeFilmQuiSertARien,25837
wceveryday,25838
Estillac,25839
InventeUnMiracleQuiVaPasSeRealiser,25840
LeClubDorothée,25841
LeNezDeDorothée,25842
Lartiste,25843
robinswood,25844
CheekToCheek,25845
hebdo,25846
dep,25847
JohnKerry,25848
placekleber,25849
شربل,25850
Rossinot,25851
TERpicardie,25852
Kerry,25853
TellementChoquée,25854
OuestFrance,25855
besoindesommeil,25856
Fragida,25857
Jacky,25858
JACHETEGRAVE,25859
amourtoujours,25860
puedespieds,25861
elevagedeporc,25862
RipCharlieHebdo,25863
CNNBreakingNews,25864
AixMaVille,25865
pensées,25866
Entsouka,25867
ElAmorEsMasFuerteQueElOdio,25868
WorldPeace,25869
fredomofspeach,25870
HAPNY2015,25871
AnneHidalgo,25872
gagnetaplace,25873
Soral,25874
closeup,25875
Rincer,25876
guerredereligion,25877
TuezMarineLePen,25878
AntiAmalgame,25879
échecscolairesoon,25880
LaportaPresident,25881
Djihadistes,25882
nouveau,25883
combat,25884
EtToutLeReste,25885
rajouteur,25886
islamnoncoupable,25887
Forever21,25888
degueulasse,25889
Soutient,25890
moutonFragile,25891
Titeuf,25892
gardelapeche,25893
lespoirfaitvivre,25894
Heb,25895
JeanCelestinLeMarrant,25896
Saez,25897
IAmCharlie,25898
ArtLiberty,25899
PressLiberty,25900
rtll,25901
crepe,25902
starbuck,25903
15ans,25904
big,25905
freespeach,25906
fogalmazas,25907
Wedontnegotiatewithterrorits,25908
TopGear,25909
RMCDecouverte,25910
Sanglant,25911
Horrible,25912
Silence,25913
mouvement,25914
sauvonslaliberte,25915
sanglant,25916
IslamNoTerorist,25917
TousSolidaires,25918
OnDonneUneMauvaiseImageDesMusulmans,25919
rienneserapluscommeavant,25920
LamourPlusFortQueLaHaine,25921
wager,25922
Fifa15UltimateTeam,25923
Париж,25924
Kreishandwerkerschaft,25925
Westpfalz,25926
Handwerks,25927
oncontinue,25928
AFFREUX,25929
WeWantPeace,25930
condolences,25931
IslamHorsdEurope,25932
JeSuisRévoltée,25933
STOPHAINE,25934
eGK,25935
chiche,25936
Partagez,25937
RDCCMR,25938
Borloo,25939
IlAvaitRaison,25940
Dorothée,25941
années90,25942
CharlieHebdOuestFrance,25943
prayforourworld,25944
lemondesebarreencouille,25945
Intouchables,25946
OnTouchePasÀLaLibertéDExpression,25947
18h,25948
placedarmes,25949
ViveMarine,25950
IslamCondamneCesActes,25951
staysafe,25952
paris12,25953
monnalisa,25954
davinci,25955
PlaceDeLaRépublique,25956
HumeurNoir,25957
pull,25958
parfum,25959
ONEMILLION,25960
IslamComdamneCesActes,25961
Desproges,25962
faith,25963
urn,25964
vase,25965
horse,25966
Niki,25967
lafranceendeuil,25968
unissonsnous,25969
EVEWHU,25970
libertéd_expression,25971
francaise,25972
hommes,25973
NEW,25974
STOPlesamalgames,25975
IslamReligiondePaix,25976
louvrepyramid,25977
Cheh,25978
LYON,25979
OLTYA,25980
beafraid,25981
MJS,25982
lafayette,25983
keepgoing,25984
lookingup,25985
LAmourPlusFortQueLaHaine,25986
Diapo,25987
calme,25988
Geluck,25989
BébéOurs,25990
Colere,25991
consternation,25992
FranceRéveilleToi,25993
JeSuisSalah,25994
Soutienauxfamilles,25995
hg4,25996
PaysDegeneré,25997
dedicace,25998
caricature,25999
betise,26000
REC51,26001
livefromparis,26002
indignationgenerale,26003
OnDiraitUneAsiat,26004
cartoon,26005
laRochesurYon,26006
udi33,26007
RipCharlie,26008
7Janvier2015,26009
freedomofexpression,26010
BoulogneSurMer,26011
AixenProvence,26012
levalloisperret,26013
estrosi,26014
AsiNo,26015
mairiedeMontreuil,26016
lecrayonpourseulearme,26017
SuperConnard,26018
Rasemblement,26019
argentin,26020
RassemblementLyon,26021
IslamReligionOfPeace,26022
IslamReligionDePaix,26023
lohamtice,26024
PCA2015,26025
EmilyVancampOnPeopleChoice,26026
RevengeOnPeoplesChoice,26027
OnEstCharly,26028
vendredisoirautop,26029
PoseCommeUneKikooQuiSeMetALaZumba,26030
chaville,26031
malcolm,26032
grandrespect,26033
EtJeLeComprend,26034
Slyz,26035
MyMajorCompany,26036
StevieLAG,26037
Stlo,26038
voilacestdit,26039
soutienacharliehebdo,26040
Ifitsagoodidea,26041
Dinguerie,26042
MacbookProRetina,26043
Macbook,26044
CarrouselDuLouvre,26045
LiberteDexpresion,26046
TUNALG,26047
CamInParis,26048
desproges,26049
CharlieHebfo,26050
placeroyal,26051
CPNA,26052
Programme,26053
Volonté,26054
Perigueux,26055
rappelons,26056
Charlies,26057
journeemarathon,26058
malauxpieds,26059
tropdemonde,26060
Atleti,26061
Brahimi8,26062
PlaceStan,26063
PlaceDArme,26064
Ignominie,26065
reinedushopping,26066
abus,26067
TristeFrance,26068
Bigdata,26069
OMW,26070
NoBingeNewYear,26071
SoutienAuxFamilles,26072
Massacres,26073
airjordan,26074
manifestationcitoyenne,26075
NiCe,26076
CumayaKadarTatilOlsun,26077
1yearoftruelove,26078
crayon,26079
idiots,26080
tirgo,26081
placedesterreaux,26082
VotezFN,26083
EndTerrorism,26084
Con,26085
Receuillement,26086
St,26087
regram,26088
mioum,26089
drapeauxenberne,26090
TotesSèmCharlie,26091
LiberteDExpresion,26092
ReadyToRide,26093
i,26094
orel,26095
PlaceGaribaldi,26096
Cani,26097
FuckTerrorism,26098
manifencours,26099
PlacedeLaReunion,26100
expressyourself,26101
LFav,26102
Incompréhension,26103
placejeanjaures,26104
MiamiShooting,26105
mediapartlive,26106
ImNotAfraid,26107
Lesprincedel,26108
peace2015,26109
attenta,26110
remigration,26111
Vomi,26112
NotInTheirName,26113
ChocFunèbre,26114
Cahors,26115
Inadmissible,26116
OnSenBasLesCouilles,26117
FireEmblem,26118
aurillac,26119
vernisrose,26120
fierdetrerennais,26121
lplda2,26122
Cohen,26123
MortspourNotreFrance,26124
AtletiRealMadrid,26125
KaraParaAsk,26126
StopLesAmalgames,26127
LeBalDesVampires,26128
AppelAuxCrimes,26129
nopasaran,26130
LesMusulmansNeSontPasDesTerroristes,26131
TeamFIFA,26132
Nostalgique,26133
عاصفة_هدى,26134
VousAllezTousMourirEntreVous,26135
islamcoupable,26136
Batarddemerde,26137
Lache,26138
LAmourEstDansLePre,26139
LibertePresse,26140
NationalUnionRequest,26141
VoeuxCRMP,26142
ptown,26143
fuckingTerrorism,26144
Angouleme,26145
Cayman,26146
soyons,26147
forts,26148
LesCartons,26149
TVR,26150
Getafe,26151
taré,26152
miG,26153
tfou,26154
18hAujourdhui,26155
mondedemerde,26156
TuezLesTerroristes,26157
Jesuisjournaliste,26158
laFranceestgrande,26159
Sierranoheatcurls,26160
bandit,26161
vislard,26162
grandfrère,26163
pervers,26164
islamhorsdeurope,26165
NonChefCommeLePolicierADitAuBandit,26166
arretezdeparlerpourrien,26167
digne,26168
fraternel,26169
montpellierfaitfront,26170
Franceendeuil,26171
EtreLà,26172
ExtrémisteCoupable,26173
basicbitchwednesdays,26174
basrhin,26175
labetisehumaine,26176
EnseignantCuperbementLumineux,26177
OnSeVoitAuSki,26178
division4,26179
antiracisme,26180
FierDetreFrançais,26181
Tahir,26182
Guapo,26183
MüslümanTeröristTeröristMüslümanOlamaz,26184
placestan,26185
dieu,26186
allah,26187
QEPD,26188
Lumière,26189
Django,26190
peinepersonnelle,26191
douleursintérieurs,26192
LIBERTÉDEXPRESSION,26193
press,26194
ContinuerADessiner,26195
JeSuisFrancketAhmed,26196
selenasurnrj,26197
LibertédExpression,26198
PressFreedom,26199
MonBain,26200
MonYassa,26201
terreaux,26202
encolère,26203
déprimée,26204
ReversDeLaMedaille,26205
quimper,26206
Defend,26207
Jewish,26208
Christians,26209
Shoked,26210
Democratie,26211
pauvremonde,26212
OùEstCharlie,26213
Partout,26214
Everywhere,26215
Diriliş,26216
Ertuğrul,26217
ParisMatch,26218
pray4thevictims,26219
Islamistes,26220
bim,26221
NiceFr,26222
jtmmefaispaLaguerre,26223
truefriend,26224
Kepel,26225
JeSuisSofiane,26226
QDI,26227
LacrimOupas,26228
blackday,26229
CharlieHebdon,26230
BarackObama,26231
Ambulance,26232
HommageAEux,26233
JesuisCharlieHebdo,26234
NoussommesCharlieHebdo,26235
denim,26236
overalls,26237
pavé,26238
noisiamocharlie,26239
degoutee,26240
OuVaLaFrance,26241
HOMMAGE,26242
24ans,26243
Wolinsky,26244
RedOne_Official_IbtissamTiskat_BestStar,26245
MaisQueVeulentCesGens,26246
MM2015,26247
Gestion,26248
ArtistToWatch,26249
jambesd,26250
TropSensibles,26251
OnEstTousCharlieMaCouille,26252
toîtsdeparis,26253
BigBoo,26254
TheSimpsons,26255
Headache,26256
scandaleux,26257
ShawnOnMTV,26258
Encolere,26259
ReposeEnPaixMarineLePen,26260
SoutienAuxMusulmans,26261
ouestcharlie,26262
DalilBoubakeur,26263
CameronDallasComeToParis,26264
LavenirUnLongPassé,26265
DilmaNaoMeRepresenta,26266
mabite,26267
EnMémoire,26268
Filigranes,26269
jesuischarliehebdo,26270
LesBetesNeGagnerontPas,26271
fucklorthographeencoursdefrancaisécorepluspendantlesdictées,26272
lafranceforte,26273
uniscontrelextremisme,26274
JeSuisItachi,26275
solidariteCharlie,26276
hommageacharliehebdo,26277
GangneTaPlace,26278
BlueEyes,26279
Beard,26280
Villars,26281
tuestroux,26282
GuerreDeclaree,26283
Day7,26284
Pop,26285
Breivik,26286
alinfinitour,26287
riredetout,26288
Grandjournal,26289
ONESTENSEMBLE,26290
JULc,26291
soundcloud,26292
StellaGibson,26293
TheFallOnNetflix,26294
homage,26295
sneakerhead,26296
Condoleance,26297
TeamHerisson,26298
AIX,26299
PeaceAndLove,26300
Crétin,26301
иаз,26302
Cyrano,26303
poyrazkarayel,26304
YouLose,26305
grossurlapatate,26306
nocaption,26307
ttmonde,26308
PaixLiberteAmour,26309
newsnight,26310
salopard,26311
croûtard,26312
Raclette,26313
Cena,26314
DessinerTue,26315
TeamEbola,26316
brassardnoir,26317
dignite,26318
cloque,26319
Angleterre,26320
GrosRespect,26321
TousFilsDeFrance,26322
NonAuFHaine,26323
selfiehommage,26324
chretiens,26325
JeSuisDenis,26326
JeSuisThierry,26327
JeSuisSuisse,26328
HainOlan,26329
FreedomOfThePress,26330
Guignols,26331
Unies,26332
LeMaillontFaible,26333
fuckterrorisme,26334
lesguignols,26335
GrevePourDemainAlerteATTENTAT,26336
TheLastShip,26337
Immortel,26338
monopDaily,26339
starving,26340
mortsaucombat,26341
ViveLaLiberte,26342
democracie,26343
bonnessensations,26344
jonnystyle,26345
malàmafrance,26346
pastabox,26347
tragédia,26348
Novembre2011,26349
8janvier,26350
charliehebdoattack,26351
tristerealité,26352
JESUISAHMED,26353
JVOUSOUTIEN,26354
Charliehedbo,26355
Creil,26356
Sultanahmet,26357
sehitpolis,26358
Harde,26359
StandTogether,26360
placeduralliement,26361
unbelievable,26362
Démocratie,26363
presidentfrancais,26364
declarationdefrançoishollande,26365
Grillo,26366
ICantBreathe,26367
jsyis,26368
Répu,26369
rassemblonsnous,26370
fbtgg,26371
Intouchable,26372
terroism,26373
freeRicky,26374
StephaneCharbonnier,26375
meilleurjoueur,26376
HellyLuv,26377
Kurde,26378
Arabes,26379
AntiDaesh,26380
CharlesHebdo,26381
Pépite,26382
GoogleFranceEstaDeLuto,26383
contre,26384
Rémois,26385
lyceemariette,26386
CIJAExchange,26387
EDP,26388
tchiiiip,26389
Coupdegueule,26390
mercredinoir,26391
Salvini,26392
LE1945,26393
peinedemort,26394
LibertedExpression,26395
onpensecharlie,26396
onparlecharlie,26397
tuerieCharlie,26398
KillAllMuslims,26399
fotonower,26400
Manif,26401
MarreDuFnAussi,26402
ProBowl,26403
Zangief,26404
JesuiCharlie,26405
FranckVernin,26406
VillePositive,26407
HebdoCharlie,26408
Stéphanois,26409
saintetienne,26410
CrewdesModeuses,26411
FranciaEstaDeLuto,26412
TiroteoFranciaARV,26413
Hooligan,26414
Quimper,26415
SIG,26416
ma2x,26417
maxmyzers,26418
rtl2,26419
Youss,26420
AForceDeLeDire,26421
jesuisliberté,26422
NordEst,26423
Journalists,26424
Freedomofspeech,26425
theplumeagainstthesword,26426
NãoAoComunismoNoBrasil,26427
LaFranceSeLeve,26428
grossepensée,26429
JeSuisDounia,26430
pujadas,26431
jtfrance2,26432
vies,26433
francenetedechirepas,26434
FORCING,26435
quilsreposentenpaix,26436
ResteEnPaixMarineLePen,26437
pace,26438
MessageAuxIslamistes,26439
RIPAHMED,26440
JeSuisSupporterDeLOM,26441
JeneSuispasCharlie,26442
biltong,26443
AttentatParis,26444
Jesuischarly,26445
PLLTheory,26446
BRAvsBEL,26447
attentacharliehebdo,26448
intacte,26449
RIPAhmed,26450
AucunRepect,26451
liberta,26452
penséespourlesfamilles,26453
contrecharliehebdo,26454
Basket,26455
ParisDakar,26456
Franck,26457
Facismes,26458
csppaok,26459
eurocup,26460
libertéDeLaPresse,26461
Horrifiée,26462
PlBv,26463
Islamogauchiasse,26464
lecoeurlourd,26465
Attenta,26466
VigiPirate,26467
Bougie,26468
libertedexpresion,26469
JePenseDoncJeMeurs,26470
JeSuisHugo,26471
soutiens,26472
Connards,26473
plantu,26474
LanterneDeLaRépublique,26475
jtfr2,26476
monavis,26477
Connard,26478
TuNaPlusDeJean,26479
charliberté,26480
UnisPourLaLiberté,26481
NotKillMuslims,26482
JeanPlantu,26483
coupdecrayon,26484
journoir,26485
Jpp,26486
JeanDeBetul,26487
onapaspeur,26488
noussommestousCharlie,26489
PreguntaDelAño,26490
AnthoHebdo,26491
MonMari,26492
ahahahaha,26493
mortpourlafrance,26494
Citoyens,26495
Narnia2,26496
JTfrance2,26497
rapoasis,26498
tuerieCharlieHebdo,26499
MuslimsWasNotCriminal,26500
jeudis,26501
tgaminglive,26502
Révolte,26503
AucuneHumanité,26504
PasDeRespect,26505
StayUnited,26506
JeSuisIrrespectueuxEnversLesReligions,26507
hebdoCharlie,26508
Paul,26509
PlaceDesTerreaux,26510
FaireLaDifference,26511
LaPresseDeumeure,26512
Tomar,26513
Pister,26514
JeSuiSCharlie,26515
indigner,26516
RassemblementRepublique,26517
deliquantemusic,26518
LinoSurSkyrock,26519
classikshit,26520
Hache,26521
FrenchFood,26522
yumz,26523
foodpic,26524
CharlieWillLiveForever,26525
TerroristsAreCowards,26526
AtlétiRealMadrid,26527
LaFranceDebout,26528
Emotions,26529
AgainstTerrorism,26530
support,26531
professores,26532
USP,26533
UERJ,26534
UFRJ,26535
Déconnectée,26536
Incapable,26537
jesuisces2policiers,26538
ronsard,26539
SainteVictoire,26540
Aix,26541
JeSuisUnPetitPalestiniens,26542
JeSuisUnYemenois,26543
JeSuisUnPetitSyrien,26544
handtime,26545
1Dfacts,26546
jesuisAhmed,26547
union,26548
BandeDeConnards,26549
salam,26550
shalom,26551
JeSuisSuzy,26552
ATLRMA,26553
WhoTheFuckIsCharlie,26554
Boc31,26555
sustegnu,26556
libertadisprissione,26557
hamabeads,26558
sailormoon,26559
NRJsur,26560
spirit,26561
Badinter,26562
JamaisOublier,26563
LeMecIlSinventeUneVie,26564
NenRestonsPasLa,26565
endirect,26566
Professores,26567
prayers,26568
ATMRMA,26569
charlieliberte,26570
Egalite,26571
dessinateurs,26572
Lpj,26573
LaFranceEstDebout,26574
AlQuaeda,26575
MyLifeIsCool,26576
CharlieHabdo,26577
Noyon,26578
rstream,26579
NewConorMaynardCover,26580
JeSuisInnocent,26581
IchBinCharlie,26582
EstoyCharlie,26583
impressionnée,26584
LovinFun,26585
lapresseendeuil,26586
OFFFFFFFF,26587
Reportage,26588
nichtinmeinemnamen,26589
Sexeintellectuel,26590
SarayınSultanları,26591
NKFVAS,26592
SBF,26593
solidariteinternationale,26594
ATLvsRealMadrid,26595
AttrapeTrouduc,26596
JeSuisFares,26597
artistic,26598
DerbyMadrilène,26599
pantheon,26600
BlankSpace,26601
lafrance2013,26602
AtleticovsRealMadrid,26603
ATLETIREALMADRID,26604
badinter,26605
Sagesse,26606
1BougieAuBalcon,26607
victimesdelahaine,26608
notre,26609
ILSONTRIENCOMPRIS,26610
finiderire,26611
CharlieHe,26612
SpreadPeaceAndNotViolence,26613
ThinkAboutIt,26614
RobertBadinter,26615
SkyrockCestLaFamille,26616
JeSuisMoiMeme,26617
Jews,26618
Hindi,26619
Buddhists,26620
JeSuisCarlos,26621
sol,26622
soutienaufamille,26623
tropcostaud,26624
Bravolapolice,26625
Laviedemamere,26626
ContreLesAttentas,26627
clermont,26628
atmrea,26629
Farid,26630
ContreLesAttentats,26631
RamenezRahoEnFrance,26632
PourLaLibertéDexpression,26633
journalismisnotacrime,26634
Horrifie,26635
sisilafamille,26636
Crush,26637
RougeaLevres,26638
RIPFranck,26639
crayons,26640
MarineLepen,26641
IFJ,26642
AhmedMortEnHéro,26643
JeSuisDove,26644
ShutUpBitch,26645
tragic,26646
choqued,26647
JeSuisDansMonLit,26648
LBmissveto,26649
laquotidienne,26650
OuiALaLibertéDexpression,26651
JeSuisSoumia,26652
NewSong,26653
RemettezNousMentalist,26654
cheh,26655
unpeud,26656
BSG,26657
AbdelSalamZayed_Ibtissamtiskat,26658
DirectionerAreWithCharlieHebdo,26659
sfg,26660
FT,26661
Expression,26662
réal,26663
robertbadinter,26664
MauriceEtPatapon,26665
AtmRea,26666
TorresIsBack,26667
deboutpourlaliberté,26668
18years,26669
Divisions,26670
xHamster,26671
MohamedMerah,26672
Kroos,26673
GriziTeam,26674
NouvelleAcquisition,26675
AirMax1BlackFlint,26676
PostBadSneakers,26677
Michelin,26678
mandypascintente,26679
CARICATURISTES,26680
kuwait,26681
q8instagram,26682
q8,26683
dubai,26684
arab,26685
LeBigBangRésoudraTout,26686
Nonstopmovie,26687
CharlieWorldwide,26688
TeamMadrilène,26689
SoyezNosSuperHeros,26690
OnestCharlie,26691
Caricaturistes,26692
Amunt,26693
sportplus,26694
championnatdefrance,26695
petanque,26696
Homage,26697
unionsacree,26698
hymne,26699
Foliedumecredi,26700
sorrynotso,26701
specialdedi,26702
HommageCharlieHebdo,26703
ESSEC,26704
isso,26705
DRDA,26706
Nul,26707
Prepa,26708
İstanbuldaPerşembeGünüOkulTatil,26709
JeSuisGuiG,26710
NonenvraijesuisMathilde,26711
FIJ,26712
HappyJiminDay,26713
LuiCestCharlie,26714
JeSuisSami,26715
CiudadLuz,26716
Emocionada,26717
Feliz,26718
Agradecida,26719
SuenosQueSeCumplen,26720
Windows10,26721
Passeport,26722
Annuel,26723
NoLimits,26724
LeMecQuiComprendPas,26725
DesRacinesEtDesAiles,26726
GenieTuEs,26727
worldnews,26728
newspapers,26729
wearecharliehebdo,26730
croyantetriste,26731
TroubleDuVoisinage,26732
Debout,26733
VieuxPort,26734
ReposerEnPaix,26735
frogsAndFriends,26736
ButILikeWeirdPeople,26737
Clamart,26738
ARTE,26739
museedulouvre,26740
NewCrawfordCollinsVid,26741
anticor34,26742
trucdefou,26743
PaixAuxAmesDesVictimes,26744
charlieAdrienZeller,26745
jesuisjournaliste,26746
CreveEnEnfer1,26747
eux,26748
eggplantfriday,26749
lovefrance,26750
WeAreMuslimsAndProud,26751
أشهد_أن_لا_الاه_الا_الله_وأشهد_أن_محمد_رسول_الله,26752
MuslimsArePeaceful,26753
priere,26754
أشهد_أن_لا_اله_الا_الله_وأشهد_أن_محمد_رسول_الله,26755
val,26756
ViveLaLibertéDeParoleEtD,26757
CharileHebdo,26758
JeSuisMoïseKatumbiChapwe,26759
charlietoujoursenvie,26760
CDSE,26761
EGE,26762
PXVI,26763
JeSuisJackBauer,26764
WorldSolidarity,26765
PCA,26766
pasmareligion,26767
JesuisRayane,26768
dc,26769
Mango,26770
GoodMorningEngland,26771
Ancelotti,26772
RevendicationsEnMousse,26773
Réac,26774
Troll,26775
patronIncognito,26776
JeSuisLina,26777
BonsoirTristesse,26778
lesfillessavent,26779
jesuischarlis,26780
ViveLaLiberteDexpression,26781
vivelarépublique,26782
LaMinuteDeSilenceJel,26783
TousSolidaire,26784
UNSG,26785
LaithAbuJoda,26786
CharlieAdrienZeller,26787
IslamWantThePeace,26788
LIBERTE,26789
TheStig,26790
JesuisRoy,26791
VamosColchoneros,26792
JeSuisFrank,26793
allblackeverything,26794
blackForCharlie,26795
FiereDetreFrancaise,26796
lâche,26797
DEP,26798
HistoiresEternel,26799
BirKuyudaSenAçtır,26800
SelsebilKuyuları,26801
TeamL,26802
Islamcoupable,26803
JesuislaFrance,26804
protest,26805
bilzen,26806
limburg,26807
hbvl,26808
WOLINSKY,26809
LaFranceEstUnPaysAntiMusulman,26810
planoise,26811
zonedenondroit,26812
VCFespanyol,26813
mexas,26814
AtleticoReal,26815
FAUTQUÇATRACE,26816
JeSuisNawa,26817
Entendu,26818
achetezCharlie,26819
JeSuisMonOncleAhmed,26820
jsl,26821
PatronInconito,26822
KeryJames,26823
petitequejesuis,26824
teamarmenia,26825
JourneeDeDeuilEnFrance,26826
Insoutenable,26827
ribosome,26828
gene,26829
Qrc2,26830
salutsalut,26831
MalalaYousafzai,26832
ProphéteCaricaturé,26833
liberteexpression,26834
HadithAuthentiqueLesPlusGrandsPéchésSontDAssocierQuelqueChoseAAllahEtLeMeurtre,26835
TS2,26836
LaClic,26837
Kebab,26838
Taverne,26839
ClashDeCedric,26840
Palmedorduplusmauvaisacteur,26841
FIERSDELAFRANCE,26842
VevoLIFT,26843
JeSuisMuslimPasCharlie,26844
S04,26845
RememberLisbon,26846
Si,26847
JakeTo200k,26848
JeSuisChoquée,26849
teamBoulon,26850
CaCaille,26851
Dreaming,26852
JeLecheLesNichonsDeLaSoeurACharlie,26853
Bienenvoyé,26854
LibertéPresse,26855
envy,26856
OnAPeurD,26857
JeSuisTonPere,26858
StBrieuc,26859
TCA2015,26860
itsallaboutthebanana,26861
ReimsCityGang,26862
CestComment,26863
IslamIsBeautiful,26864
IslamIsNotGuilty,26865
Media,26866
ForceÀCharlie,26867
FiersDeLaFrance,26868
OnVousAime,26869
OnVousOubliePas,26870
OnPenseAVous,26871
MaisOuVaLeMonde,26872
ToniSixPack,26873
Jesuismoi,26874
BAB,26875
TeamHuitrois,26876
Runstatic,26877
Frandroid,26878
AtaqueTerrorista,26879
AlertaMaxima,26880
PPD,26881
ViveLaLibertédExpression,26882
LiberezMonPeuple,26883
LiberezCongo,26884
BeauGeste,26885
blaguenulle,26886
HypocrisieHumaine,26887
JesuisNonCoupable,26888
JeSuisHanna,26889
TESBETEOUQUOI,26890
Bête,26891
NotWithMyKhobz,26892
JeSuisCharlieAhmedFranckBernard,26893
Thankstheworldfromfrance,26894
freepress,26895
jesuisclemence,26896
DKNY,26897
albanaisfragile,26898
peinée,26899
Militaire,26900
place,26901
frange,26902
tragique,26903
JesusPeace,26904
Aliot,26905
A1,26906
Semestre1,26907
OnSeFollowEntreMarocains,26908
Weed,26909
lafrancedebout,26910
freegaza,26911
LeeeeCheee,26912
dehors,26913
JeSuisZahou,26914
AthRma,26915
ACeSoir,26916
onsestouscharlie,26917
Agathouu,26918
antibiotic,26919
Motivax,26920
JeSuisMusulmanPourToujours,26921
TeamAtletico,26922
JeSuisBarack,26923
PrenezLaPorte,26924
銃撃戦,26925
テロ,26926
SoComplicated,26927
indignons_nous,26928
HautLesCoeurs,26929
leMonde,26930
JeSuisAnthonyVln,26931
JPPseLâche,26932
Uni,26933
Carrie,26934
ReposeEnPaix,26935
RemixLigaOneMadInVeusti,26936
MuslimAndProud,26937
LaSeche,26938
IslamisNOTtheproblem,26939
UNSC,26940
MakeLoveNotWar,26941
faiteslamourpaslaguerre,26942
noussommesCharlie,26943
torreeiffel,26944
LaFranceUnie,26945
ArdaTuran,26946
JeSuisBenatia,26947
Rekt,26948
ilyadesfouspartout,26949
monstrueux,26950
Colère,26951
paixamour,26952
JeSuisCharlieEkwahElimby,26953
ÀSuivre,26954
Halamadrid,26955
poitiers,26956
Merengue,26957
PourQuEuxAussiSoientLesFutursCharlie,26958
devinequijesuis,26959
irigny,26960
Copyright,26961
QueJusticeSoitFaite,26962
ThankstheWorldfromFrance,26963
CaSentLeSeum,26964
GlowUpChallenge,26965
humourdetente,26966
ndb,26967
wearecharlie,26968
RMAATL,26969
Isco,26970
vegans,26971
végétaliens,26972
végétariens,26973
wearethepeople,26974
JesuisCharlieetlachocolaterie,26975
MashallahLaSolidarité,26976
francetelevisions,26977
BelleExperience,26978
TaPleuré2ans,26979
KamposVoice,26980
FanBase,26981
Jenesuispascharlie,26982
teamAtleticoMadrid,26983
malgrétout,26984
Freedomofthought,26985
NOUSSOMMESCHARLIE,26986
ATMvsRealMadrid,26987
FuckReal,26988
tariencompris,26989
antisysteme,26990
stopracism,26991
larmes,26992
enormes,26993
pensees,26994
natale,26995
cros,26996
vision,26997
idee,26998
regali,26999
crisi,27000
diplomacy,27001
storia,27002
SolidaireCharlieHebdo,27003
emmenagement,27004
LyceeCamille,27005
ENFLUREDAECH,27006
vousnaurezpasmalibertédepenser,27007
BleuBlancRouge,27008
Choron,27009
Orel,27010
SheysheyPresidente,27011
MedyConseillé,27012
StopAuRacisme,27013
CommentatriceMoinsChere,27014
religionpoisonseverything,27015
jesuiscesdeuxpoliciers,27016
laxisme,27017
PourLesConnaisseurs,27018
napoleone,27019
bicorno,27020
iocammino,27021
itinerario,27022
dobermann,27023
peugeot,27024
viaggi,27025
fiac,27026
pranzo,27027
locatore,27028
Commentatrice2,27029
IAmAMuslimNotATerorist,27030
catho,27031
LTVA2015,27032
AndreasNewVid,27033
Mons,27034
Gallipoli,27035
Spring1918,27036
Chanak,27037
plottwist,27038
EntourageMovie,27039
Bougnoulo,27040
bougnouloRDV,27041
TMT,27042
Juif,27043
BandeDeMoutons,27044
RedWings,27045
DuSangEtDesLarmes,27046
cookies,27047
PasLaPlace,27048
statement,27049
skirt,27050
TheFall,27051
ConversionEnLeger,27052
vraiBon,27053
ToutcequeDieuFaitEstBon,27054
ConversionDuTurfu,27055
остановитепланетуясойду,27056
MarieLePen,27057
stayConnected,27058
LiberterDexpression,27059
achetonstousCharlieHebdo,27060
Vines,27061
JeSuisJessy,27062
thankstheworldfromfrance,27063
ButShocked,27064
Ftv,27065
Gocuisine,27066
obesity,27067
caw,27068
PauvresCons,27069
ParadisSquad,27070
LeBougnouleDeLaChambreQuiParle,27071
Affligeant,27072
lovemygirls,27073
JeSuisCharlieLes,27074
FièredeMonPays,27075
TweetCommeUnFanDeLASSE,27076
ogw,27077
parfaitHommage,27078
rockNroll,27079
Andouille,27080
Simeon,27081
JourDeLaLibertéDExpression,27082
Jesuisahmed,27083
PourLaLiberté,27084
LaSemaineProchaineJachèteCharlie,27085
mohammedMerah,27086
MademoiselleJoubert,27087
JimmyFallonMCM,27088
sacdecours,27089
SAD,27090
aVNation,27091
11septembre,27092
passionCyclisme,27093
SOYONSUNIS,27094
NousSommesLaLiberterDexpression,27095
Reaction,27096
Nuance,27097
NePasConfondre,27098
SoyCharlie,27099
JeSuisUnCharlie,27100
theodorepresident,27101
fierte,27102
FreeJournalism,27103
whoops,27104
pale,27105
KillAllChristians,27106
Brouillard,27107
TempsPourri,27108
openyourmind,27109
LaPoste,27110
WeAreAllCharlieHebdo,27111
OpéraGarnier,27112
ThisIsWhoIReallyAm,27113
leSavoirEstUneArme,27114
tweetName,27115
nowords,27116
AllezVousCoucherLesIgnards,27117
tweetdefragile,27118
maiscestvrai,27119
JESUISTONPERE,27120
EditionSpéciale,27121
protectfreedomofspeech,27122
DVE,27123
BSN,27124
JeSuisLee,27125
JeSuisUneMerde,27126
XNXX,27127
QuiSeRappel,27128
NonAuxAmalgames,27129
OUIàlapaix,27130
Filoche,27131
JeSuisMafiaK1Fry,27132
cowards,27133
JeSuisLeRealMadrid,27134
Yerres,27135
ouestlammert,27136
EuSuntCharlie,27137
FusilladeArras,27138
Jesuishumain,27139
España,27140
nofriendsforme,27141
LeRespectSvp,27142
thegoonies,27143
Haziza,27144
StarbucksCoffee,27145
Tranquility,27146
loulou,27147
prayforfrance,27148
BlackThursday,27149
inhumain,27150
OnPeutRireDeToutAskip,27151
RiezMtn,27152
HistoireLouche,27153
JPPBallonDOr,27154
Réagissons,27155
GrowUpChallenge,27156
Onlylyon,27157
lyon7,27158
TousEnNoirPourCharlieHebdo,27159
MondePourri,27160
StopAuxAmalgammes,27161
CapitoleToulouse,27162
FAv,27163
FreedomofSpeech,27164
TousEnNoir,27165
Despentes,27166
LibertéEndeuillé,27167
CharleEbdo,27168
Chalgoumi,27169
BfmTv,27170
UnbrokenMovie,27171
motivation200,27172
ChariaHebdo,27173
RememberMerah2012,27174
LAGalaxy,27175
reve,27176
GrandeMosquée,27177
Concorde,27178
MonCoeurBatsPourCharlie,27179
7Janvier,27180
SoisysurEcole,27181
ChacunSaTeam,27182
Illuminati,27183
antibarca,27184
BadBoys,27185
JeSuisToulouse,27186
byebye,27187
touns,27188
TheEnergyNeverDies,27189
AChacunUnCrayon,27190
JVaisPasDormirTrkl,27191
Com,27192
pourlalibertedexpression,27193
RipPrincessTracyDirectioner,27194
JeSuisChicha,27195
FranceNotAffraid,27196
TogetherWeStand,27197
jesuischarb,27198
jesuiswolinski,27199
nousosmmescharlie,27200
OffMaisVraimentCetteFois,27201
NoFixedAddress,27202
SuzyNation,27203
PeaceInTheWorld,27204
rebeu,27205
turque,27206
kurde,27207
ketur,27208
vasimolomolo,27209
SaïdKouachi,27210
ChérifKouachi,27211
HamydMourad,27212
AllahYRahmo,27213
anniversary,27214
ijtihad,27215
ISLAMNEVEUTPASDIRETERRORISME,27216
ISLAM,27217
humoirNoir,27218
mafrance,27219
Humourdunarabe,27220
3poz,27221
AmericanIdol,27222
BettyBoops,27223
PoufVoice,27224
sedevacfriendly,27225
IoSonoCharlie,27226
degouter,27227
tooearly,27228
MouradHamydInnoncent,27229
HassaneMbrek,27230
NotUpsettingAnybody,27231
Jesuisdanslamerde,27232
CrayonContreKalashC,27233
reims,27234
FranceDebout,27235
Bréquigny,27236
byeJesuischarlie,27237
wce,27238
Amar6oInnocent,27239
TwoBrothers,27240
TwoSisters,27241
Hobbit,27242
offjesuischarlie,27243
TeamCHarlieHebdo,27244
CroixRougeFrançaise,27245
PuinguinTahMadagascar,27246
BeauTalk,27247
JeSuisTurc,27248
JeSuisEmrah,27249
lunité,27250
anthea,27251
TechiesInVegas,27252
ÉditionSpécial,27253
GénérationMerah,27254
VroomVroom,27255
Jessuischarlie,27256
OperationEnCours,27257
frenchbashing,27258
VivaLaFrance,27259
jesuismehdi,27260
overthinkingproblems,27261
cantsleep,27262
cestbonsa,27263
SALOPERIE,27264
indignee,27265
armeinegal,27266
JTTF1,27267
Pasqua,27268
HumanRights,27269
FreePress,27270
lallberted,27271
VALENCE,27272
FF6,27273
littlebrother,27274
Stratégie,27275
soccharlie,27276
conne,27277
VotingHoldingNose,27278
TheHobbit,27279
sebattrepourlaliberté,27280
Pensées,27281
povcon,27282
Limay,27283
SublimesCreatures,27284
GALAXYTabS,27285
abonnementmassif,27286
injuste,27287
JeSuisRohff,27288
angoissee,27289
Israhell,27290
انا,27291
SoğukKışGecesinde,27292
LundiConfession,27293
Lettura,27294
remotivée,27295
desespere,27296
NYUS,27297
cetaittemps,27298
YoullNeverWalkAlone,27299
skyrock,27300
00h,27301
PotDeColleQuonAime,27302
LaJeunesse,27303
chocfunebre,27304
ClashCommeLesMeufRenoisSurTwitter,27305
LibererLaTechtonique,27306
MeilleursSnappeur,27307
UneTuerie,27308
TweetCommeUnCasseCouille,27309
OeuvreDuDiable,27310
DéesseIndienne,27311
DemainRéunionImportante,27312
TotiNation,27313
AdopteUnCasula,27314
BonCourage,27315
Prost,27316
RemplaceUnMotDansUnFilmParPoney,27317
MeséeDuLouvre,27318
HermosaExperiencia,27319
PausenGate,27320
zuKurz,27321
Low,27322
AJM,27323
YesWeCat,27324
Blackxo,27325
PleaseVoisineLaisseMoiDormir,27326
ZeusCestMonBoy,27327
TeamAlgeria,27328
InstaDZ,27329
InstaAlgeria,27330
gbagbo,27331
Teletebbes,27332
disappointed,27333
droitaloubli,27334
exception,27335
Mauvaisdélire,27336
Kakáledigèremal,27337
Tocarde,27338
JvaisRouler,27339
map,27340
aucoeurdel,27341
mycousinistoofar,27342
DIOR,27343
AvenueMontaigne,27344
ReyesMagos,27345
6DeEnero,27346
RedCross,27347
TuttiFratelli,27348
copain,27349
defoncée,27350
ombredundoute,27351
LouisXV,27352
Fontenoy,27353
classic,27354
TenuPro,27355
BR2015,27356
aucoeurdeletrange,27357
falcon9,27358
dragon,27359
Duchamp,27360
PompidouCentre,27361
Horns,27362
LibéréHorish,27363
cancre,27364
InTram,27365
CantWait,27366
top5,27367
BilDiyeYazdım,27368
Ball,27369
CaptainFantastic,27370
DepuisTuDorsParTerre,27371
GrandMeanteauxVert,27372
Crayon,27373
PrDmainTenuPro,27374
ilpourraityavoirundoublesensmaisnon,27375
TPMPISBACK,27376
ManuelNeur,27377
ThePlaceToBe,27378
lavallavie,27379
madein53,27380
élargissezvoshorizons,27381
Souler,27382
1X,27383
Gathering,27384
galleries,27385
AşkmıGururmu,27386
Baumettes,27387
TeamAntilles,27388
QuiComprendraSera,27389
FRAGGGGILLLLEEEE,27390
SurUnAirDeLibererDelivrer,27391
staff,27392
teacher,27393
StadeToulousain,27394
ohyeah,27395
overload,27396
seat,27397
Hôtel,27398
Vernet,27399
ToxicFamily,27400
Train1Euro,27401
JaimeMaRégion,27402
student,27403
floor,27404
BradleyCooper,27405
PasEvident,27406
Hazy,27407
foggy,27408
PVNVME,27409
buckinghampalace,27410
ByAppointmentToHerMajestyTheQueen,27411
LanguedocRoussillon,27412
Catalogne,27413
nosdébuts,27414
MaVieDeLAutreCotéDuLit,27415
RobertDelaunay,27416
greveDesMedecins,27417
jaimetrop,27418
groundlevel,27419
JeNeLisQueLesNoticesIkea,27420
TouteUneHistoire,27421
Colt45,27422
Braquo,27423
grandma,27424
yobitch,27425
PasFacile,27426
RadioClassique,27427
Entrance,27428
SaintMerri,27429
teamdésespérés,27430
TOC,27431
portuguesevines,27432
Beggar,27433
mother,27434
door,27435
idel,27436
medecins,27437
MedecinsGeneralistes,27438
patients,27439
apprendaécrire,27440
nokoegida,27441
nobaergida,27442
saints,27443
paper,27444
XANADOU,27445
MSHCPSG,27446
OnCommenceBienLannee2015,27447
EsclaveScolaire,27448
Rainbow,27449
colored,27450
shrouds,27451
figures,27452
nativity,27453
Lumiere,27454
Taper,27455
GoodNighWorld,27456
Boulangerie,27457
LeChaos,27458
NicolasCage,27459
ChadMickaelMurray,27460
coeursurelle,27461
Setting,27462
seriesaddict,27463
opportunite,27464
liveyourlife,27465
Paramparca,27466
Portuguesemomsbelike,27467
Portuguesevines,27468
Nekfeu,27469
Antho2,27470
joey,27471
bestserie,27472
pma,27473
lesparentspetentlesplombs,27474
goldenretriever,27475
KarineLeMarchand,27476
CyrilHanouna,27477
LoveBaba,27478
Manquedeouf,27479
LPsPatienceGame,27480
FangirlLifeIsHard,27481
JétaisUnÉtranger,27482
portuguesemoms,27483
portuguese,27484
PortugueseProblems,27485
GrandBaie,27486
djAssad,27487
JimmyGassel,27488
WillyWilliam,27489
VideursVSdjs,27490
bagarre,27491
rixe,27492
MyEverything,27493
BeforeAnyoneElse,27494
Bae,27495
DeprimePostMemoire,27496
Cantlie,27497
BFA,27498
LP3Banque,27499
ufrseg,27500
TwitterforAndroid,27501
Alzheimer,27502
pouf,27503
salope,27504
pauvremeuf,27505
ideedelecture,27506
MonteLeSon,27507
RHOA,27508
LMAO,27509
immo,27510
TiersPayant,27511
BeReady,27512
AladinLeFilm,27513
VoilaVoilaLive,27514
MerciPourCeneant,27515
valtrier,27516
teamathle,27517
ProjectManager,27518
radioFG,27519
Course,27520
1000m,27521
Javelot,27522
sapin,27523
fcn,27524
bonnehumeur,27525
Salete,27526
googlemybusiness,27527
h1,27528
GrandFrèreAuTop,27529
schoolday,27530
routine,27531
caminitodelaescuela,27532
conducteur,27533
AmourSurPlaceOuAEmporter,27534
OrtaGelirTuzağı,27535
Türkiye,27536
volvo,27537
ZoneEuro,27538
EuroZone,27539
levédusoleil,27540
clermontfd,27541
superfood,27542
Rumeur,27543
Trade,27544
Frary,27545
RenewReign,27546
Fevad,27547
Siphadventure,27548
ParisMangoisse,27549
jevaisetreenretardautravail,27550
JonathanGroff,27551
BlackAndWhiteChallenge,27552
Linarretable,27553
nuitprolongée,27554
mercimadame,27555
TeamSolitude,27556
chabat,27557
0penspace,27558
StreetDance,27559
Nuhanciam,27560
stationnement,27561
Camarès,27562
MessePolSisse,27563
SuicideSquad,27564
DaVinci,27565
JasonStatham,27566
Armageddon,27567
Tramway,27568
MALHEUR,27569
HoraireDeFonctionnaire,27570
laréponse,27571
BeurrePourTous,27572
MadameFigaro,27573
Conseils,27574
wetbut,27575
icyrump,27576
Neujahrsempfang,27577
voleusedecafé,27578
ServicesPubliques,27579
bienvenueàLyon,27580
Arielle,27581
Dombasle,27582
Pascal,27583
Marilou,27584
Berry,27585
SecretsAuxerre,27586
bugdederniereminute,27587
upnow,27588
dérapages,27589
critiques,27590
23YearsWithDefJB,27591
swaggdenouakchotienne,27592
RPA,27593
paristripagain,27594
sensereis,27595
ambilusió,27596
parking,27597
ceser,27598
LoveIEJ,27599
whatisenglish,27600
situesdispo,27601
AgainandAgain,27602
Lawerdose,27603
Hermanitos,27604
Dreikönigskuchen,27605
Galettedesrois,27606
TeamPrayer,27607
IlCaille,27608
LastDay,27609
CestLeMoment,27610
OnFonce,27611
angouleme,27612
inculte,27613
coupeducentreouest,27614
Fh2017,27615
GrandNancy,27616
jokeof2015,27617
stopislamophobie,27618
beurettedelateteaupied,27619
NewBeginning,27620
Info,27621
M4,27622
All_in_it_together,27623
workresolutions,27624
Epifania,27625
TutteLeFesteSiPortaVia,27626
A340,27627
tristitude,27628
ecoledemanagement,27629
morethanknowledge,27630
Sweater,27631
BDE,27632
RealPoverty,27633
SogerDick,27634
stepbystep,27635
Upec,27636
photobombing,27637
prof,27638
infodujour,27639
Houellebeck,27640
dossierqualité,27641
réformefiscale,27642
démocratisation,27643
ilg,27644
ikedasensei,27645
lamappadellafelicita,27646
feel,27647
joy,27648
upec,27649
réformeterritoriale,27650
Aeroville,27651
Louisahhh,27652
Brodinski,27653
polabox,27654
postprod,27655
Jaitropdesouciedansmavie,27656
mamie,27657
ANDLV,27658
Lync,27659
microsoft,27660
pro,27661
interne,27662
CESGOS,27663
ànepasfaire,27664
Quandestcequejarretedetremalade,27665
ConcordanceApproximative,27666
philosophy,27667
SiVousSavezPasQuoiFaireDeVotreArgentDonnezLeMoi,27668
qualitedelair,27669
quiveutépousermafille,27670
GapAmiensCdF,27671
Hockey,27672
Paracha,27673
motd,27674
digitalmarketing,27675
Nokia,27676
unesaisonavecjulien,27677
adishatz,27678
SelfDriveCar,27679
HUBCES,27680
Raiponce,27681
Rapunzel,27682
Tangled,27683
ygpower,27684
TVShowsSchedule,27685
RGE,27686
qualibat,27687
artisan,27688
LoiRoyal,27689
putaingdemontagne,27690
Envy,27691
Charbon,27692
penséeprvous,27693
mauvaissouvenirs,27694
sportstar,27695
akachouri,27696
Eurométropole,27697
CallofDuty,27698
CoolMaVie,27699
RCF,27700
collaborativeconsumption,27701
trending,27702
ModeZombie,27703
SavePika,27704
FrenchSwiftiesWant1989WorldTour,27705
votezwendy,27706
évidemment,27707
firstreading,27708
madrelle,27709
BTSNRC,27710
BBTHEORYFR,27711
TBBT,27712
ComprendsPas,27713
Zumba,27714
Tonic,27715
TonicSting,27716
PresqueLeCarWash,27717
GirlOnline,27718
Top1957,27719
FolieDouce,27720
lorntech,27721
terrasse,27722
sofitel,27723
coïncidence,27724
LapinsCrétins,27725
CoeurSurVous,27726
BisousDeMoi,27727
OnSeFollowLeMardiMidiSansPression,27728
OnLacheRien,27729
yafeels,27730
team75,27731
diesel,27732
selfportrait_tuesday_nonchallenge,27733
WindowsXP,27734
CRS5launch,27735
2ndsemestre,27736
BringBackOurFilip,27737
Nespresso,27738
Inissia,27739
YourEvents,27740
YE,27741
Events,27742
JeunotCestLaVie,27743
FrançoiseGiroud,27744
team76,27745
graou,27746
falcon9launche,27747
usagers,27748
Croatie,27749
Pag,27750
Zrce,27751
Novalja,27752
Mafia,27753
TR2,27754
bellerencontre,27755
Hype,27756
NKfanArt,27757
tofu,27758
parmesan,27759
MaisonValentino,27760
Marx,27761
telephone,27762
service,27763
steaknshake,27764
hamburger,27765
onvaetrebien,27766
Forum,27767
EM,27768
DAB,27769
complicite,27770
Léopards,27771
quandfanny,27772
blogueuse,27773
DedicasseAuxVacances,27774
TuMaManqueMaisJreviensTkt,27775
grec,27776
30DaysFlatAbsChallenge,27777
SSquaad,27778
30DayFlatAbsChallenge,27779
curiosity,27780
ShingekiNoKyojin,27781
catholiques,27782
Salif,27783
Gad,27784
tropbelle,27785
vapez,27786
bellejournee,27787
PolitiqueFrançaise,27788
rentréepasassumé,27789
vafalloirreprendre,27790
Prog,27791
frenchfan,27792
youareamazing,27793
DuNez,27794
VictorHugo,27795
architexture,27796
ESPRITCOUPEDEFRANCE,27797
motiv,27798
Dans9JoursJhiberne,27799
MichelRoger,27800
TaGueuleMerkel,27801
Onycroit,27802
Lnv,27803
ffvb,27804
AssassinsCreedBrotherhood,27805
Brotherhood,27806
valentinesdayiscoming,27807
WhatDidYouExpect,27808
Winter2015,27809
LibéréeDélivrée,27810
disappearing,27811
partout,27812
EtHeureux,27813
BrunoMars,27814
CLIP_STUDIO,27815
cabaret,27816
TWiNGiRLS,27817
Ikea,27818
Sweden,27819
yellow,27820
daim,27821
clermontferrand,27822
RTPs,27823
MaisHeureux,27824
29j,27825
Jumper,27826
puresportsclub,27827
thefitmrs,27828
getfit,27829
Dark,27830
resolutions,27831
law,27832
Skulls,27833
CarrementBrunet,27834
disciplesdescoffier,27835
STAV,27836
robillard,27837
cafaisaitlongtemps,27838
fetesouslestropiques,27839
elodietouteseule,27840
GuardiolaLeRetour,27841
2015RATG,27842
teamblond,27843
teamsexy,27844
teambeautéfatale,27845
BluesPassions,27846
pretamanger,27847
Partie2,27848
OnSeFollowLaVeilleDeLaRentree,27849
quedubon,27850
nailpolish,27851
vendingmachine,27852
HorsIleDeFrance,27853
SecondFamily,27854
tweetallure,27855
footetimmigration,27856
Machiavel,27857
LateBloomer,27858
Kitchen,27859
Shadows,27860
idv4,27861
maeva,27862
mike,27863
espagnol,27864
Fahlo,27865
Urgences,27866
ER,27867
MaSérie,27868
VoilaPourquoiJeSuisIDE,27869
TropDeNotifications,27870
FredericBeigbeder,27871
ProcéduresFiscales,27872
2èmePartielDeLaJournée,27873
M1,27874
cestlarentrée,27875
smockyeyes,27876
rockandrollbabe,27877
FranceGall,27878
nantesjetaime,27879
violencedomestique,27880
NeverLoseHope,27881
NeverLookBack,27882
NeverAnyDoubt,27883
19Janvier,27884
santéf5,27885
linkinthebio,27886
mywholeyear,27887
23mai,27888
vestiaire,27889
Onsenfou,27890
Jemmerde,27891
ceux,27892
qui,27893
lepense,27894
JimmyFallon,27895
touraine,27896
Oh,27897
AymeilaLTVA,27898
teamjeune,27899
Jammy,27900
cpassorcier,27901
ファッション,27902
CDP2015,27903
Carriérisme,27904
CCP2015,27905
vapers,27906
latovapo,27907
kalelecigs,27908
frenchys,27909
Miammiam,27910
choucroute,27911
pass,27912
pommedeterre,27913
saucisse,27914
GoToSchool,27915
LaLoire,27916
tchiiiiiip,27917
Gleek,27918
LaChapelle,27919
jenFeraiUnePubPourChewingGum,27920
BureauPrèsDeLascenseur,27921
BoutDuRol,27922
ComeOnBaby,27923
Skull,27924
Zadig,27925
CatsEyes,27926
Chilling,27927
Dégout,27928
Hésitation,27929
Bodruuuum,27930
lallemand,27931
pezenas,27932
parisnewyork,27933
pny,27934
GrosseCarotte,27935
vtscan,27936
broken,27937
MonumentValley,27938
courge,27939
sucree,27940
penal,27941
palaisdetokyo,27942
Brooke,27943
HoySeEntrena,27944
acymailing,27945
ToBeContinued,27946
ForaForcesOcupació,27947
CAC40,27948
VidaSana,27949
Grandesoeur,27950
wef2015,27951
KenSaroWiwa,27952
Soyinke,27953
privatejoke,27954
Shamitabh,27955
worklife,27956
normalbehavior,27957
LFEDLP,27958
EndOfTheStory,27959
RevisionDeDerniereMinute,27960
FaitChaudIci,27961
tourismedurable,27962
notredamedeparis,27963
notredamecathedral,27964
thehunchbackofnotredame,27965
artso,27966
FunnyPhoto,27967
BOB,27968
SimpleLife,27969
AutreMonde,27970
onrigolebienchezlesgeeks,27971
Sigma,27972
justanopinion,27973
MaevaComedyClub,27974
Bygmalion,27975
nails,27976
montanafitness,27977
decorationsgonewrong,27978
Nomoral,27979
CommentNiquerSaCarriere,27980
oralbacfrançais,27981
RêvonsPlusGrand,27982
redhyperfuze,27983
JolisRêves,27984
PontDesArts,27985
Aubureau,27986
SAVIGOAL,27987
SOCIETE,27988
CestChaud,27989
FoulWeather,27990
Boredom,27991
éoliennes,27992
enr,27993
histoireeco,27994
TRIBUNE,27995
lovesis,27996
MusiqueDramatique,27997
teatime,27998
gourmandises,27999
ig_europe,28000
massdislike,28001
StéphanePLAZA,28002
comportementsquisauvent,28003
LegoStore,28004
RireDiabolique,28005
clapclap,28006
Epiphany,28007
MCMAX,28008
galerie,28009
projet,28010
gaité,28011
mouchotte,28012
blaguedejuriste,28013
AmourVeritable,28014
ceChienEstPartout,28015
MGEN,28016
Pack15,28017
PaysdelaLoire,28018
Atila,28019
Warrior,28020
AGDQFR15K,28021
2015yearofchange,28022
DjAxx,28023
MainDroite,28024
CestQuiLePatron,28025
TAF,28026
bantz,28027
PartielsRatés,28028
CFTC,28029
greatmindsthinkalike,28030
truthhurts,28031
LetItGo,28032
esperanto,28033
TaubiraDemission,28034
teamESTAC,28035
gimbert,28036
yenamarredecestypes,28037
occupezvousdevotrefemme,28038
Cumul,28039
رفريش,28040
SIDA,28041
AIDS,28042
painsurlaplanche2015,28043
Teampoisson,28044
corsecroissance,28045
LUniversiteMaTuer,28046
LazioSamp,28047
LazioSampdoria,28048
Sampdoria,28049
pépite,28050
O2,28051
Arena,28052
Panzi,28053
Test,28054
Nesquik,28055
DolceGusto,28056
InstaDrink,28057
FDLR,28058
teamFitness,28059
LesMills,28060
Tristelife,28061
Hg3,28062
voiturepeople,28063
Fucklasociété,28064
VoiturePeople,28065
griffor,28066
gaitelyrique,28067
Unacceptable,28068
milansassuolo,28069
wéwé,28070
salariés,28071
bledard,28072
LifeAtWork,28073
TeamGérardHoltz,28074
Cissokho,28075
Suicide,28076
Cissoko,28077
TafaisunmalaisecommeLorene,28078
profdrogué,28079
sarkolapanique,28080
Creativitey,28081
nolanistas,28082
what,28083
pasdebol,28084
FrenchKingCake,28085
EpiphanyCake,28086
EatGaletteDesRois,28087
BisquitCognacTeam,28088
Tome2,28089
Sassuolo,28090
LaWoop,28091
Reccord,28092
ÇaBouge,28093
ÇaGlisse,28094
ÇaDéchire,28095
EnRoutePour2015,28096
KinderBueno,28097
notforthecoffee,28098
forthewifi,28099
Onvabienlesniquer,28100
jaipasletelephonerouge,28101
SpreadTheNancyLove,28102
Bibliolatry,28103
plusque4,28104
instanikos,28105
etcestdejatrop,28106
gelé,28107
Projpublique,28108
artparis,28109
CCI74,28110
TropPetiteLaBoiteALettre,28111
christinacordula,28112
KeenV,28113
LEDLP,28114
lespoupeesrusses,28115
RipLeSoleil,28116
Swerve,28117
HAPPYBIRTHDAY,28118
disaffection,28119
de_skilling,28120
benandjerrys,28121
DoubleFun,28122
newme,28123
haircut,28124
Full,28125
NeYo,28126
RealVamps,28127
BeastMode,28128
Dimanche,28129
PointFashion,28130
lynchmob,28131
Sagna,28132
Mangala,28133
Jovetic,28134
Navas,28135
stresser,28136
bepAsssp,28137
OITNBseason3,28138
30DaysSquatChallenge,28139
LacheRien,28140
JusquauBout,28141
KissdelaKF,28142
ParisiensEtPremierPigeonDeFrance,28143
BalonDeOro,28144
mercidenousrassurer,28145
meetic,28146
BolossAnaïs,28147
autumn,28148
leaves,28149
plantagenet,28150
hesitation,28151
Alençon,28152
TIC,28153
ElèveModèle,28154
Taimlasyrie,28155
Iliketorun,28156
hoax,28157
IlsLontDitSurRTLetEurope1,28158
VérifieBoloss,28159
Disleur,28160
saucegombo,28161
twinsparty,28162
underthedome,28163
eiffeltoren,28164
bubbel,28165
modem,28166
JustinWeAreExcitedForToday,28167
Baloo,28168
IlEnFautPeuPourÊtre,28169
Moogli,28170
LeLivreDeLaJungle,28171
FamilyTime,28172
rats,28173
MieuxVautEnRire,28174
ogcn,28175
SAEZ,28176
미쓰에이,28177
프랑수,28178
missA,28179
SayA,28180
HGA,28181
questionexistentielle,28182
lesanges6,28183
hG4,28184
FCL,28185
quaibranly,28186
4MariagesPourUneLunedeMiel,28187
RhennaNhevi,28188
R8,28189
plombierencarton,28190
leseultrucbiendelasncf,28191
RayaneBensettiMemories,28192
Well,28193
Mino,28194
deterd,28195
LesMecsDominentTwitter,28196
upset,28197
planning,28198
MochaBlanc,28199
Allen,28200
Bourque,28201
BandeDeFdp,28202
MybabySo,28203
cooperation,28204
cam,28205
LePotentiel,28206
lapinscretins,28207
TeamSo,28208
AlexTurnerBirthday,28209
Crim,28210
ATPDoha,28211
couplesansutilite,28212
coupleetonantde2015,28213
bonneannée2015,28214
webTV,28215
PawòlVoyé,28216
Sante,28217
insanitytime,28218
JustinWeAreReady,28219
bailando,28220
enriqueiglesias,28221
enmodedj,28222
jalla,28223
AllTimeGreats,28224
Printemps,28225
ENJOYit,28226
SremmLife,28227
TeamZola,28228
LesVacancesÇaFaitMalAuCul,28229
PriezPourMoi,28230
JaiMalParAvance,28231
FastandFurious,28232
MarcusJohns,28233
MarcusVideo,28234
oncle,28235
mickeyscachés,28236
MababyAlvin,28237
Bismuth,28238
LLSM,28239
frança,28240
RencontreKevinHG4,28241
renard,28242
QatarExxonMobilOpen,28243
VBCNancy,28244
xbox360,28245
kinect,28246
cafaitmal,28247
JeChangeMesPneus,28248
Moins4SecondesDansTaVie,28249
GDL,28250
ClubLife,28251
Tiesto,28252
cousinade,28253
CESNAP,28254
popoaduruy,28255
CocaColalife,28256
UnecordeSVP,28257
Yoksulluk,28258
SosyalYardım,28259
DansMaRue,28260
LesBeatles,28261
gasso,28262
etudiants,28263
fdplogo,28264
Tag,28265
Griezmann,28266
EmploisDuTempsDeMerde,28267
weback2015,28268
ChangeDeSujet,28269
Fakear,28270
Superpoze,28271
Thylacine,28272
vanderBiezen,28273
KSC,28274
FO,28275
CHU,28276
HR,28277
Easy,28278
StereoKicks250K,28279
BBPorthenewbestBoyBand,28280
YaDuVécu,28281
JenAiMarre,28282
DemainJachèteUnSacAMain,28283
CaTombeCestLesSoldes,28284
standardforIT,28285
MartinParr,28286
CongratsOnTheWeddingLiam,28287
neoness,28288
BBPORTHENEWBESTBOYBAND,28289
desolee,28290
usualsuspect,28291
ألتمسوا_الأعذار,28292
الشافعي,28293
lessouvenirs,28294
JeanPaulRouve,28295
Maisjetaimequandmême,28296
Brother,28297
OnVeutRevoirLesAnciensDeKickOn,28298
dansmaruche,28299
vente,28300
LeGrand,28301
Découverte,28302
Observateur,28303
donttouch,28304
surveillant,28305
goahead,28306
thanxGod,28307
onarretelesconneriesen2015,28308
célibattante,28309
AymeliaLTVA,28310
salaire,28311
inked,28312
laurierstv,28313
LPLDA2,28314
speciale,28315
ckedubonheur,28316
AlorsOnSort,28317
ValerieReviensVite,28318
valerierevientvite,28319
Oubliés,28320
stephanePlaza,28321
Amnesia,28322
Philae,28323
SoutienPhilae,28324
Defaut,28325
thelastdoor,28326
oubliezpaslesparoles,28327
canousfaitchiez,28328
Dinner,28329
Chicken,28330
Fries,28331
beans,28332
VBCSLU,28333
LettersFromWar,28334
SwanQueen,28335
çaNousFaitChier,28336
LaFinDuGame,28337
EnAttendantLaSortieSuriTunes,28338
QueenD,28339
JTCanal,28340
SergeBabary,28341
seb,28342
jtm,28343
chansondemavie,28344
Steinberg,28345
soldissimes,28346
PubHistoire,28347
ValerieRevientVite,28348
TeamCaParleDansLeDos,28349
DeSTGàESCP,28350
FamilleDaccueil,28351
JossFamily,28352
Dubourg,28353
devientmauvaisecopine,28354
Transparence,28355
Bergeonnerie,28356
siriusxm,28357
bonanniversaire,28358
30daysfitnesschallenge,28359
BonVieuTemps,28360
OnYCroit,28361
EtBonneAnnée,28362
FakePlein,28363
LeBonCoin,28364
auto,28365
PetitesAnnonces,28366
OsefIlEstContent,28367
HepatiteC,28368
Miami,28369
Venise,28370
enimmersion,28371
TeamSiham,28372
TeamLéa,28373
BBK,28374
TIRSCROISES,28375
LeRadeaudeLaMéduse,28376
ldpla,28377
fessée,28378
Kyo,28379
LeGraalTour,28380
JsuisQunThug,28381
LaTour,28382
connectivité,28383
petiteoverdose,28384
clamart,28385
Houelbecq,28386
PèreLaMorale,28387
lepaon,28388
DayTwo,28389
IndoorGarden,28390
AmaryllisAboutToOpen,28391
AtLast,28392
goSLUC,28393
SFR,28394
CesenaNapoli,28395
delectableapp,28396
GreatPlayer,28397
KillerInstinct,28398
LBESP,28399
NajwaniansPower,28400
désole,28401
Civisme,28402
PDL,28403
QueFontLesModérateurs,28404
cigale,28405
lesuvcestmal,28406
EluMecSaleDeLAnné,28407
Micheline,28408
maquilleuse,28409
antenneregion,28410
Ibtissamtiskat,28411
Aymeric,28412
leilabenkhalifa,28413
athlé,28414
TeamChieMihara,28415
Vigilant,28416
01netCES,28417
ESanté,28418
tjrsssaupremierrang,28419
HABIBATOOOOUN,28420
MerciPartiels,28421
TeamSTAPS,28422
MadeIn53,28423
mango,28424
VoeuxPS,28425
UEPS2015,28426
Marnaval,28427
stif,28428
ClubNintendo,28429
premieralbum,28430
printemps2015,28431
échecscolaire,28432
discipline,28433
merciauxparentsbenevolesquisiegent,28434
boostBirHakeim,28435
Twitch,28436
teammartika,28437
Pompiers,28438
sympa,28439
tata,28440
ROADTOTHEGLOBE,28441
Dubsmach,28442
tataIsaveutpechoBertrand,28443
allin,28444
NoubliezPasLesParoles,28445
filmquimasmarqué,28446
CUL,28447
velo,28448
TuFaitpitiermeuf,28449
Finkelkraut,28450
terranova,28451
Domino,28452
redhairsquad,28453
PouvoirDesMamelles,28454
Vivian,28455
kingmaxou,28456
MouleDAutrichien,28457
Mukwege,28458
teamjuristes,28459
privatistepower,28460
Scar,28461
LeRoiLion,28462
liberezHenaPrenezBarhada,28463
Allermerciaurevoir,28464
LoveMyIdole,28465
WallOfFame,28466
TatoueursTatoués,28467
stopforcing2015,28468
FuckRondo,28469
SamPaganini,28470
team99,28471
yeah,28472
BigInJapan,28473
Badiou,28474
espresso,28475
ÜmitKurt,28476
Yeezy,28477
PhraseDeCI,28478
RedCarpet,28479
S03E04,28480
UnMassageSiouplait,28481
PrintempsDesAssoces,28482
Marchedesfiertes,28483
Randonnée,28484
Bois,28485
Lauret,28486
RAWDC,28487
ArnoQuotes,28488
Psv,28489
madame,28490
depaname,28491
aloeblacc,28492
Wallaye,28493
sauna,28494
skischool,28495
IESEG,28496
moijisuis,28497
Huez,28498
Raphael,28499
Princesdelamour,28500
AlbayÇiçek2004İhanetiniİtirafEtti,28501
JmenBalek,28502
JmenFous,28503
AustinMahone,28504
Mahomies,28505
MaireVedetteSurTwitter,28506
GtouLu,28507
PriPrete,28508
PDE,28509
résultats,28510
Transilien,28511
LigneL,28512
Pffffff,28513
liviabachelor,28514
monoart,28515
insta_bw,28516
KiffPerso,28517
Erection,28518
chic,28519
FannyArdant,28520
Jospin,28521
Darfur,28522
farine,28523
oeuf,28524
ketchupmayo,28525
nouvelAn,28526
MairieDeParis,28527
humilité,28528
utilité,28529
rabhi,28530
aprèsgram,28531
ridicule,28532
Pégida,28533
litté,28534
jessymatador,28535
euroauplusbasdepuis9ans,28536
rastarocket,28537
EXAM,28538
LigneVerte,28539
Oncontrole,28540
TeamCongolaisIvoirien,28541
pauvreté,28542
jaimepaas,28543
RipPrincessDirectioner,28544
Ziggy,28545
villenumérique,28546
chrüterchraft,28547
CongratsJustinForCK,28548
Fnac,28549
decu,28550
Lagavulin,28551
dad,28552
Inchallah,28553
StepByStep,28554
BSH,28555
likeaboss,28556
Abdoun,28557
NudeChallenge,28558
MarioKart,28559
Maxime,28560
MourirGros,28561
ProjetX,28562
Kaddhafi,28563
palestinewillbefree,28564
galerievivienne,28565
cityofmyheart,28566
tutereconnéavou,28567
firsttry,28568
motivay,28569
bernadettechirac,28570
Socca,28571
Orlinzoo,28572
commerçants,28573
Artisants,28574
appartement,28575
readyforthenewyear,28576
Renouveau,28577
serpents,28578
NoRagePlease,28579
JespereBienInsh,28580
AntoineDeCaunes,28581
Abruti,28582
avant,28583
MessiSiDirectivaNo,28584
restauration,28585
LeBurgundy,28586
OkJeSuisLourde,28587
7sur7_be,28588
OP,28589
bebelouisequifaittomberseslunettesdansuneriviere,28590
SulivanSurSnapchat,28591
Moche,28592
Relou,28593
VoilaLeProgramme,28594
socialbusiness,28595
friendsforever,28596
TaCapterHyn,28597
TeamPeulh,28598
BernadetteChirac,28599
GillesBouleau,28600
jeveuxlavoir,28601
jackwhite,28602
Kasabian,28603
ElAllaliRachid,28604
PUNCHIIIIIIINE,28605
besoindechocolat,28606
psyàdeuxballes,28607
etienne,28608
OtarikuClan,28609
concertDuNouvelAn,28610
ATouteEpreuve,28611
ninapresidente,28612
Patisserie,28613
MontBlanc,28614
VauxMieuxHiberner,28615
JeTeLeDit,28616
fut15,28617
TangFreres,28618
Panda,28619
Pujadas,28620
Bel,28621
Frédérique,28622
PubFoie,28623
Foie,28624
BienVue,28625
americanapparel,28626
stuartweitzman,28627
Highlandboots,28628
smashthepoly,28629
Vday,28630
sisi,28631
BrandStore,28632
ArtCar,28633
M3GT2,28634
Hero4,28635
Colors,28636
GHANDI,28637
sexfriend,28638
RipElise,28639
RaconteSaVie,28640
RIPLise,28641
MB,28642
AlorsOnEstJaloux,28643
Comprendraquipourra,28644
Season10,28645
Episode7,28646
physique,28647
Forme,28648
AdopteUnStagiaire,28649
Communication,28650
sexfriends,28651
ASRVFF,28652
LauriesTVawards,28653
DALBRO,28654
OT,28655
viedechien,28656
imjustsayin,28657
OnEstLesROIS,28658
defauts,28659
dsl,28660
danslebontemps,28661
Canteloup,28662
TheTourist,28663
LaDresseuse,28664
Labrador,28665
PoorMe,28666
teamPolska,28667
polandname,28668
BioCbon,28669
UltimateRush,28670
Equipe21,28671
TeamBU,28672
GorilleSansLaBrume,28673
Pubdemerde,28674
FranceTaree,28675
GorilleDansLaBrume,28676
realworld,28677
ouijelaiencoreentête,28678
Inculte,28679
Minute,28680
InternationalEDMeetUp,28681
ouat,28682
6ter,28683
jordan,28684
yasslamenasse,28685
Roses,28686
Fleur,28687
teamcar,28688
6h15,28689
CVPEP,28690
StrongProject,28691
Flemme,28692
MesPatientsSontMerveilleux,28693
19days,28694
SisterAct,28695
Hallelujah,28696
2en1,28697
TeamBloquerParLesConnes,28698
DavidTennant,28699
davidisback,28700
JTFrance2,28701
Bal27,28702
Tevez,28703
merciSégolène,28704
DDR085,28705
JaiTrouvé20MPourLeHAC,28706
Cesar2015,28707
MarionEtAmirOntKenSurLeBureauDeJulie,28708
JeanEude1erdelaclasse,28709
dusale,28710
FuturInfirmiere,28711
Hervé,28712
bro,28713
sheldoncooper,28714
Labyrinthe,28715
betjeman,28716
McDoPamiers,28717
McDoVerniolle,28718
coachella,28719
camren,28720
JuventusTurinInterMilan,28721
BeinSport,28722
ForzaJuve,28723
bianconeri,28724
CHIERONTHECANAPÉ,28725
geoterminale,28726
HonteAMoi,28727
TwogMartine,28728
laisselesgondolesaVenise,28729
bs,28730
findecontrat,28731
lepremier,28732
ellesvontmemanquer,28733
AdidasNGT,28734
SexFriends,28735
BatteryDoctor,28736
sezane,28737
TeamBernard,28738
Teamstansmith,28739
MajoritéAbsolue,28740
mangerpouroublier,28741
Bromination,28742
Bromance,28743
TimSurSnapchat,28744
rougeur,28745
Hans,28746
HugoEtKatharine,28747
boucvolley,28748
WorldEconomicForum,28749
messedu20h,28750
DirtyDistrict,28751
GrosseFan,28752
surreybc,28753
rad,28754
إعلان,28755
وظائف_نسائية,28756
وظائف,28757
للنساء_فقط,28758
trevise,28759
Irresistible,28760
FallOutBoyABAP,28761
immortal,28762
centuries,28763
HarryTweetSomething,28764
taratata,28765
TuesdayNightDelight,28766
MarikaOnTaime,28767
MaPremiereFois,28768
Saassooouu,28769
Ezgi,28770
Laurane,28771
Lelouch,28772
Fanou,28773
bacteria,28774
MaikaOnTaime,28775
MapleLeafs,28776
RiotClub,28777
TeamDisiz,28778
RevonsPlusGrand,28779
ObjectifLDC,28780
LevresPulpeuses,28781
dals4,28782
FrenchWingz,28783
TropHate,28784
BigLoooooooooove,28785
JustDJal,28786
AHL,28787
Bulldogs,28788
jambes,28789
NVMLand,28790
DjedjeOnTasRodave,28791
grecia,28792
lebensraund,28793
Exceptionnelle,28794
vivementfevrier,28795
LongueSemaineDeSoldes,28796
tshiiip,28797
14eme,28798
Impasse,28799
Spam,28800
gotham,28801
comiquedemerde,28802
Team7,28803
keuchonne,28804
mimijunior,28805
VHC,28806
drugs,28807
belieberarefamily,28808
waze,28809
wazer,28810
professionnel,28811
NathaliePortman,28812
myperfection,28813
CatacombesDeParis,28814
catacombs,28815
death,28816
swimming,28817
Set,28818
HelloKitty,28819
AmericanPie,28820
robe,28821
LPB,28822
Tisaneparty,28823
Zafin,28824
kholle,28825
MPSI,28826
CPGE,28827
PREPALIFE,28828
TeamGrailleur,28829
Yassin,28830
healthyeating,28831
fourberie,28832
newbanniere,28833
tucoco,28834
3x09,28835
3x10,28836
Mennen,28837
Déo,28838
firstdayback,28839
kpop,28840
goodboy,28841
ThePolice,28842
everybreathyoutake,28843
Grünt,28844
LoulouNicollin,28845
Sosie,28846
zbeul,28847
UnJourUnDestin,28848
PhilippeNoiret,28849
Italy,28850
lecturedeL,28851
bacLitterature,28852
madamebovary,28853
Acro,28854
cchaudmagle,28855
TF1ParisClimat2015,28856
abasladetox,28857
jaimelagalette,28858
ViveLesBodins,28859
Lafranceaunincroyabletalent,28860
FanAnimeManga,28861
cchaud,28862
MF,28863
iKON,28864
Bobby,28865
kpop2,28866
Excited,28867
FuckTheLogic,28868
homecooked,28869
MmePavoshko,28870
Lla,28871
NaughtyAfterCheerSnack,28872
MS,28873
PrepareForBattle,28874
Nadal,28875
UnChapeaudepailleditalie,28876
coachella2015,28877
TeamTunisie,28878
JePositive,28879
EstebanLeMytho,28880
Exam,28881
SHS,28882
Somnifères,28883
MonicaSpear,28884
Venezueladeluto,28885
Tome1,28886
Magie,28887
Fantastique,28888
Podolski,28889
Réalisme,28890
Eurocroissance,28891
LPSCC,28892
inquiète,28893
proundofmyself,28894
PostBac,28895
pasdouee,28896
MonJnounRessort,28897
dametflo,28898
auph,28899
BestTeam,28900
littlemonkey,28901
TF140ans,28902
CaptainSwan,28903
CaptainSwanBaby,28904
unfortunately,28905
Sakette,28906
Championnat,28907
tweetdelover,28908
renélataupe,28909
auxanges,28910
whatelse,28911
southoffrance,28912
lovenizza,28913
jaimenice,28914
DolorisVanCartier,28915
WhoopiGoldberg,28916
TeamJulie,28917
PourLaVie,28918
barbedejamesharden,28919
portelapoisse,28920
allezjuventus,28921
BelleSoeur,28922
Chéri,28923
winebar,28924
icardi,28925
DDay70,28926
TW,28927
CaVaToujours,28928
EdwardKitsis,28929
EasyWin,28930
NapoliJuve,28931
TeamChanty,28932
familyzone,28933
questcequonsenbatslescouillesptntgstp,28934
UJUD,28935
NoiretPhilippe,28936
grandParis,28937
Teamargentsansgalette,28938
internat,28939
birds,28940
Findevie,28941
oh,28942
coeurfragile,28943
lovesexe,28944
confidence,28945
MentorsVestimentaires,28946
Félicitations,28947
BidoumBidoum,28948
EntreFilles,28949
samayre,28950
commesa,28951
teamnerd,28952
PoleEmploi,28953
drive,28954
tortelli,28955
çapresse,28956
macronlatre,28957
ChuiJaloux,28958
Drive,28959
teamboulon,28960
AskElsamakeup,28961
charcuterie,28962
porkbutt,28963
DuTirmarcheDansLeTexte,28964
RèglementDeComptes,28965
JUVINT,28966
JadoreLesFraises,28967
Chefdoeuvre,28968
curedent,28969
Music2fou,28970
RyanCheyrou,28971
TrowDSwagg,28972
ConséquencesDuSuccès,28973
Hypokhâgne,28974
Mylove,28975
LaVieilleEpoque,28976
tart,28977
parisautoshow,28978
Pérestroïka,28979
prophétie,28980
lefeu,28981
FromChinaWithLove,28982
EnjoyMusic,28983
TÉVA,28984
Gilbert,28985
fatbasterd,28986
team509,28987
teamhaiti,28988
plants,28989
TapiePoubelle,28990
apc,28991
sentiments,28992
camera,28993
hbca,28994
KanaBiyik,28995
OFFZAYN,28996
ForzaRoma,28997
guillaumemusso,28998
LibertePourLesUltras,28999
personneNestPret,29000
MissET,29001
VraiDodo,29002
solidays,29003
smarthome,29004
GaleriesLaFayette,29005
OussamaElFatmi,29006
foliesbegere,29007
helenemartin,29008
artdeco,29009
BelleEtSebastien,29010
tchipdenegresse,29011
RomanReigns,29012
maS,29013
FaitTropFroid,29014
2emeannee,29015
Medicaments,29016
MaisonDeRetraite,29017
commercants,29018
Sherwoodfamily,29019
pele2015,29020
Dan,29021
FuturMariage,29022
ewww,29023
Sales,29024
Bdx,29025
WimDelvoye,29026
Trophy,29027
DeerTaxidermy,29028
Delvoye,29029
Deer,29030
TaxidermyInArt,29031
Taxidermy,29032
françoisdamiens,29033
françoislembrouille,29034
leplusdrole,29035
bestfriend,29036
Gorillasinthemist,29037
JJ,29038
PPDA,29039
RetourDansLeFutur,29040
DDD,29041
LeMondeSePavoine,29042
TerminatorGenisys,29043
FranceMonAmour,29044
SNSM,29045
psycopathe,29046
RusevCrush,29047
justbreathejayjay,29048
overnight,29049
vong,29050
beijingduck,29051
SoireeDisco,29052
pointgnangnan,29053
JaimePasCa,29054
Bitchplz,29055
abs,29056
fitnessmodel,29057
plenel,29058
deejayfred,29059
PourCeuxQuiSeDemandent,29060
WishyWashy,29061
SaltimbanqueTour,29062
aucune,29063
torchwood,29064
escroc,29065
SWATunitéd,29066
genschelouagain,29067
LiveTweeteLesCoupuresPubDeTF1,29068
LF,29069
PenseÀlAmour,29070
notvisgettingold,29071
CharlotteRampling,29072
CollegeStudentProbs,29073
HBO,29074
mitterrand,29075
bbf,29076
Transformers1,29077
zoothérapie,29078
méditez,29079
Teammocheforever,29080
povtach,29081
CongratsJustinOnCalvinKlein,29082
innocentisme,29083
bffwithcoffeetonight,29084
LesBoules,29085
AuxFrontieresDeLaVie,29086
thirteen,29087
Redemption,29088
Pauvre,29089
poubelle,29090
souffranceautravail,29091
PaperMario,29092
mabiche,29093
felicitation,29094
jevoisdejaleskikoo,29095
onsefolowlemercredisanspression,29096
Immersion,29097
SecoursPopulaire,29098
biatch,29099
HommageFramboisier,29100
somnolence,29101
RetardSocial,29102
ÀMéditer,29103
danslemeilleurdesmondes,29104
JulieGayet,29105
mine,29106
Euphorie,29107
Addict,29108
InfoPratique,29109
candyfloss,29110
légal,29111
sitesspécialisés,29112
sortiedusoir,29113
bonsoir,29114
mecquiment,29115
honeymoon,29116
misterDim,29117
gang,29118
bangbang,29119
Duo1,29120
Lakers,29121
JournalDeBord,29122
BestDuo1,29123
Belieber,29124
StopLabelingPeople,29125
HollandeRoyale,29126
garcedepute,29127
AfterTraining,29128
Maroon5,29129
pluggate,29130
Vendome,29131
AttentionBéquille,29132
guerremondiale,29133
fumée,29134
smoke,29135
BonneNuitMaBelle,29136
HappyDay,29137
OF,29138
GeorgesEddy,29139
impensable,29140
NigerianMusic,29141
RapUS,29142
RnbUs,29143
GhanaMusic,29144
pokebattle,29145
Jappeloup,29146
abroadinparis,29147
wineonwine,29148
onwineonwine,29149
parishasmyheart,29150
Poésie,29151
University,29152
clarachannel,29153
onglepourongle,29154
garce,29155
genial,29156
ConfiarenDios,29157
Siempre,29158
EtienneDavodeau,29159
RichardLeroy,29160
Les_ignorants,29161
confessiondumardi,29162
Instaglam,29163
Petals,29164
Bombasse,29165
ZHU,29166
accessibilite,29167
playlist,29168
Fun,29169
Premiereepreuveseraine,29170
Publicis,29171
OrthodoxChristmas,29172
STOPBLONDEBIEBER2015,29173
parabole,29174
CPER,29175
PoitouCharentes,29176
fdb14,29177
livre,29178
jesuisjuivemaisjemesoigne,29179
pissed,29180
Hernik,29181
Moto,29182
teamnarcissique,29183
LectureDuSoir,29184
dinorahygabriel,29185
latepost,29186
bride,29187
groom,29188
y,29189
LeaSalame,29190
EDWE,29191
niafoumillion,29192
MountCharlie,29193
LesHeritiers,29194
false,29195
18años,29196
jyserai,29197
LesHéritiers,29198
MusulmansChretiensEtJuifsTousUnis,29199
InTheZone,29200
Blackout,29201
Bangerz,29202
clarachannelsportmotive,29203
insaisissables,29204
eileen,29205
nsmlp,29206
JeSuisIslamistophobeEtJeRespecteLesMusulmans,29207
op,29208
seeyou,29209
always,29210
ETGFC,29211
Rabat,29212
fromages,29213
MissBelgique2015,29214
tropBelle,29215
Babe,29216
Dadou,29217
MeilleurAmi,29218
Permanence,29219
TeamCissero,29220
scala,29221
pluspeurduscooter,29222
accident,29223
BeautéBarbue,29224
Quotidien,29225
SortUneBlague,29226
OnFaisLaPaix,29227
Shazam,29228
AnnaChristie,29229
EugeneONeill,29230
GretaGarbo,29231
SlipHumide,29232
ILived,29233
shooting2change,29234
PeoplesChoiceAwards,29235
instantlove,29236
WJA,29237
ozaratorah,29238
graindebeauté,29239
JeSuisSoulja,29240
Mourad,29241
genocide,29242
AuditionALAveugle,29243
mlp,29244
mlp201777,29245
ChristopherKane,29246
cestfort,29247
dals,29248
LeLoscEstCharlie,29249
parisnedorsjamais,29250
alcohols,29251
cards,29252
rcl,29253
TeamArras,29254
Coldplay,29255
patricktimsit,29256
haute,29257
couture,29258
ajamaisdanslhistoire,29259
70Jours,29260
Macon,29261
patrickpelloux,29262
Decompression,29263
TweetPerso,29264
Noussommestouscharlie,29265
ONCP,29266
BastaDeBullyingContraMartina,29267
ProudToBeTinista,29268
LoPopular2015,29269
TiniStoessel,29270
MarcelCuvelier,29271
SamuelGoldwynJr,29272
JeSuisJuifChrétienMuslumanBouddiste,29273
DéçuDégouter,29274
NoSoucis,29275
nizzalabella,29276
followers,29277
confused,29278
whatsgoingon,29279
blaaahh,29280
onestpascouché,29281
getoutofhere,29282
bedosGuy,29283
Onpc,29284
LycéeAltanqtique,29285
groupies,29286
AliSamiYenUnutulmaz,29287
OGLO,29288
askphil,29289
TesMegaChaudCommeJuEtJoss,29290
troublemakers,29291
JeffreyRemetsNousCharlieHebdo,29292
EvilDisney,29293
BienvenueTarek,29294
AskPhil,29295
aout2014,29296
nightclub,29297
CharlieNestPasCouché,29298
Résistances,29299
ChipiChipman,29300
nopainnogain,29301
npng,29302
Salut,29303
Patience,29304
DemainSaVaÊtreBlindé,29305
JeSuisFallone,29306
olympico,29307
OmOl,29308
LaBelleEtLeClochard,29309
NEvsBAL,29310
zizouzizou,29311
grosserageusesamere,29312
PedofiliSuçturSavcıUyuma,29313
MinuteDeSilencePerturbée,29314
TheForceAwakens,29315
AgeOfUltron,29316
PedofiliyeSavasActik,29317
PedofiliSucturSavcıUyuma,29318
noussommestouscharliehebdo,29319
DisquettesCommeNicolasSnow,29320
pasgagner,29321
brady4ever,29322
ONPCmerci,29323
MadeInFrance,29324
TeamLawverdose,29325
Brescia,29326
Lombardia,29327
GoHabGo,29328
etplussiaffinité,29329
doge,29330
ÇaFaitPlaisir,29331
CBien,29332
MahmoudAbbas,29333
Genesis,29334
Proof,29335
Evidence,29336
TeamAymeilaFamily,29337
yann,29338
AliciaVoyageàParis,29339
Frenchfoodie,29340
religionofpeace,29341
Dreamland,29342
canddle,29343
eighteenth,29344
freedomofspeech,29345
GaspardProust,29346
OnEstTousAhmed,29347
OnVeutLeLennon,29348
OnVeutLeTalent,29349
OnVeutLeGwak,29350
FOUTRE,29351
Cochonne,29352
Dégeulasse,29353
groslol,29354
HMC,29355
HorsÉtatdeNuire,29356
Cyprine,29357
lrl,29358
nope,29359
OFFFFFF,29360
Ridiculousness,29361
ElleABienDitCa,29362
ToutLeSerieuxDuMonde,29363
IlYADesClassiquesARevoir,29364
INSTA,29365
apres12ansdamitieretungloupchallenge,29366
BoutDeMaVie,29367
SuicideNeuronal,29368
TropDeBeautéEnElles,29369
MaisonDeRichos,29370
JaimeLesBbsitts,29371
Noussommespoliciers,29372
Noussommeshypercasher,29373
PenserDuSoirBonsoir,29374
BansheeSeason3,29375
CPaCallOfBnde2Malade,29376
TweetDeLaDécompression,29377
NiallYourDickIsHot,29378
RIPMALANDA,29379
Faded,29380
homeland,29381
BallErday,29382
basketballmotivation,29383
ViveLassana,29384
BadMood,29385
SadMood,29386
Harold,29387
Missing,29388
SansRespect,29389
VIVE,29390
DrogueInfoService,29391
WeedSquad,29392
weeds,29393
apres12ansdamitier,29394
pastapper,29395
pasennervée,29396
02FF,29397
AskKevAdams,29398
bored,29399
terrorristwillfail,29400
WikiLeaks,29401
hips,29402
Tayeb,29403
BetjemanAndBarton,29404
day1,29405
TeamPervers,29406
AfterChampagne,29407
2015YAPLUSDERESPECT,29408
NousSommesTousCHARLIE,29409
SibelCan,29410
hapyness,29411
SarahPeurDeRien,29412
BougrabGate,29413
Penis,29414
SkiNautique,29415
porto,29416
Bukre,29417
punsh,29418
redjacket,29419
RichardSherman,29420
SEAvsCAR,29421
LegionOfBoom,29422
Onfaitlapaix,29423
shutyourtrap,29424
ikillyou,29425
OhLeCombo,29426
donotprovokeme,29427
jevousvois,29428
islamisation,29429
Sofia,29430
Bulgarie,29431
Bitches,29432
Kafkef,29433
CORSE,29434
Nelio,29435
OFLPConcours,29436
primeminister,29437
Léquipe,29438
LeSportEstCharlie,29439
BnF,29440
JCDecaux,29441
TeamFca,29442
DHRvsPH,29443
tweetsweet,29444
Gerbouille,29445
CharlieHedo,29446
NonAutruche,29447
poissons,29448
GymIsLife,29449
monseigneur,29450
92i,29451
AuRevoir,29452
VivLi,29453
labelleelectrique,29454
HappyBirthdayToMe,29455
instapoeme,29456
poeme,29457
texte,29458
CharliePourLaVie,29459
Asnières,29460
Foudre,29461
EzeVillage,29462
travellers,29463
papi,29464
jackie,29465
CentralPark,29466
poto,29467
frèro,29468
lourde,29469
lourdax,29470
MaisQuiEstCharlie,29471
LaMatinaleWE,29472
AFTERPARTY,29473
Chicha,29474
Casino,29475
teamasse,29476
KıvırcıkAli,29477
wants,29478
DieuSeLève,29479
TomLeGuide,29480
pleasepray,29481
ParisSeveille,29482
AnonymousArt,29483
Pourvuqueçadure,29484
Pinel,29485
DreamerOldBoss,29486
gamer,29487
gaming,29488
rockstar,29489
salaud,29490
norvege,29491
Enerver,29492
TangoDown,29493
MBDA,29494
MasterCardGrazWOSP,29495
libetedexpression,29496
auckland,29497
deceux,29498
Trauermarsch,29499
GoNaoned,29500
Beaujoire,29501
FCNFCM,29502
lastnight,29503
lucasH,29504
TheVoiceSuite,29505
allemagne,29506
pasqueParis,29507
pschitt,29508
anarchistes,29509
HitlerWasRight,29510
Province,29511
Davutoğlu,29512
HTCOneM8,29513
blinkfeed,29514
boomsound,29515
Astaghfirullah,29516
Phonovisions,29517
Brandanschlag,29518
HamburgerMorgenpost,29519
Frankreich,29520
LeSangDeLaVigne,29521
IssyLesMoulineaux,29522
BlondPower,29523
SledgehammerSaturday,29524
MakeArtNotWar,29525
barbes,29526
VVV78,29527
RespectAllReligions,29528
TFLers,29529
CharlieHendo,29530
ÇaContinue,29531
JournéepourCharlie,29532
FAS,29533
mouettecalaisienne,29534
PVCP,29535
pho,29536
izboriprh,29537
izbori2015,29538
Huette,29539
Lungern,29540
Schweiz,29541
Glueck,29542
Skifahren,29543
Biken,29544
Wandern,29545
igraal,29546
happybirthdaycodysimpson,29547
BlogBuster,29548
LivryGargan,29549
jomaa,29550
security,29551
Quoteoftheday,29552
mjb,29553
turistando,29554
sacrécoeur,29555
basílica,29556
eurotrip,29557
Incendie,29558
MesValeurs,29559
TousÀParis,29560
ViveLaRepubliqueEtViveLaFrance,29561
HorsPiste,29562
ssnhd,29563
FCBayern,29564
Malanda,29565
Engagement,29566
laFranceSeLeve,29567
FranceBleu,29568
Doliprane,29569
JesusIsCharlie,29570
soeur,29571
beaufrère,29572
Opstelten,29573
PourLesTerroristes,29574
NewCoupe,29575
BoxBraids,29576
NoirMarron,29577
MustRead,29578
haineSurTwitter,29579
ParkerMckennaPosey,29580
MywifeandKids,29581
JeSuisChappie,29582
Morgenpost,29583
TopModelUSA,29584
hesthebest,29585
callmephil,29586
Jersey,29587
JeSuisCantor,29588
AutoMoto,29589
bomdia,29590
Erdogan,29591
LegoForLife,29592
aurillacrue2014,29593
1DizzleAfFollowParty,29594
MarioKartwii,29595
PermisDeConduire,29596
filierelibre,29597
théoriedivinedesensembles,29598
SundayFutchbal,29599
addmeoninstagram,29600
REIMS,29601
TraverséeDeParis,29602
Repondez,29603
1Dizzle,29604
1DizzleAFFollowParty,29605
E30,29606
evreux,29607
Renault,29608
Spider,29609
membres,29610
GRADIDUR,29611
NouvelAppart,29612
Mennecy,29613
Roanne,29614
Tolerance,29615
spring,29616
Technologie,29617
Lourd,29618
Vienne38,29619
MagID,29620
FoodHeaven,29621
KuroKo,29622
Heros,29623
legiondhonneur,29624
zahma,29625
BrisbaneTennis,29626
SaintesEstCharlie,29627
JeSuisVivant,29628
2CV,29629
buzz,29630
politiciens,29631
Maneuvrepoliticienne,29632
NousSommeCharlie,29633
NousNAvonsPasPeur,29634
RainMan,29635
Toutestpossible,29636
OnSenFous,29637
Aurillac,29638
TeamSeiriiiin,29639
CriseDeFoi,29640
ToussaToussa,29641
Arsenal,29642
Matchday,29643
AFCvSCFC,29644
InArseneWeTrust,29645
3points,29646
reseauxSociaux,29647
modération,29648
Serein,29649
hautsdeseine,29650
Often,29651
lovehim,29652
fastfoot,29653
Playmobil,29654
LoireValley,29655
StCyrEnVal,29656
matinéefraternelle,29657
FollowMoi,29658
LucasHood,29659
poignant,29660
LesTerroristesNeGagnerontPas,29661
souslesetoiles,29662
Insure,29663
daytrip,29664
perfumes,29665
17victimes,29666
DonjonsEtDragons,29667
FollesJournées,29668
CinquanteNuancesDeGrey,29669
RIPBalanda,29670
thouars,29671
30ansCanal,29672
Thouars,29673
smokeandmirrors,29674
Ubuntu,29675
jcdecaux,29676
OnsefollowentreAlgériensetTunisiens,29677
AwaSy,29678
keedzIphone,29679
jesubisleterrorisme,29680
butweare,29681
Téléfoot,29682
TeleFoot,29683
cathédrale,29684
Chartres,29685
polémique,29686
jesuischarlieaurillac,29687
CharlieHebdoFalseFlag,29688
Mondoubleau,29689
BM,29690
4ème,29691
FFVB,29692
asvb,29693
pasbenef,29694
NSM2015,29695
Meditez,29696
coran,29697
retourenarrière,29698
marchecitoyenne,29699
JeSuisForceDeLOrdre,29700
NousSommesTousJuifsdeFrance,29701
NousSommesEnsembles,29702
jeremyrenner,29703
ChrisHemsworth,29704
BourgenBresse,29705
PostBadHlel,29706
marche11janvier,29707
Grandrabbindefrance,29708
tache,29709
UselessDay,29710
JeSuisMalade,29711
SEGPALIFE,29712
LIKEASEGPA,29713
MALIKOAHOOD,29714
JeSuisAvecVous,29715
pauserévision,29716
MdrCRigolo,29717
TTB,29718
Balaumba,29719
israélite,29720
HAHAHA,29721
merssi,29722
RoadTo100,29723
NoussommeslaFrance,29724
California,29725
UnityMarch,29726
thenewyorker,29727
GareDuNord,29728
RayaneLove,29729
MdrTroDumour,29730
RepublicanMarch,29731
eat,29732
dej,29733
goodlife,29734
Mauguio,29735
anticipationite,29736
Marchedu11Janvier,29737
UnityRally,29738
nasty,29739
ACKoolMerssi,29740
marcherépublicaine,29741
DolceVita,29742
tropdemagie,29743
jesuisunelfe,29744
LaMarchedu11Janvier,29745
piratedescaraibes,29746
contrelavenuedeNetanyahu,29747
SemiMarathon,29748
Training,29749
WorkOut,29750
Vener,29751
blois,29752
tousàlamarchedu11janvier,29753
nousnauronsjamaispeurdevous,29754
DayOff,29755
FrenchSpirit,29756
TousDebout,29757
AidezLa,29758
résister,29759
ichbincharlie,29760
ULB,29761
Algarve2013,29762
MeoSpot,29763
JeSuisBaky,29764
Noussommesforcesdelordre,29765
NousSonmesHyperCasher,29766
NousSommesFrance,29767
Morpheus,29768
BlueOrRed,29769
Ballond,29770
Bourdelle,29771
BourbonlArchambaultEstCharlie,29772
IMAGINE,29773
LesAlgeriensDominentTwitter,29774
imagine,29775
Mirage,29776
JeSuisDidierDrogba,29777
bravoure,29778
jailabouchepleine,29779
TerrorismeIslamique,29780
NUJ,29781
LesDzLesBestCherchePasTuPeuxPasTest,29782
FrancePaysDuTiersmondeNumerique,29783
AnitaEkberg,29784
team213,29785
moleskine,29786
Gandhi,29787
ChansonDeMerdeAuReveil,29788
resister,29789
VousFaitesQuoiLaaaa,29790
MetzEstCharlie,29791
Curiosité,29792
ISTANBUL,29793
letube,29794
OnAassezFerméNosGueules,29795
TeamLove,29796
teampmuslim,29797
lascience,29798
apprendresareligion,29799
discovery,29800
manifestationParis,29801
teamepinards,29802
Beardrop,29803
TuTesVuQuandTuAsBu,29804
DEFIFUN,29805
brunchdominical,29806
theworldischarlie,29807
clementinefuckendirectiondetacaz,29808
nopegdia,29809
raclerie,29810
jeconnaistropdemonde,29811
NoPatriotAct,29812
teamEmelyne,29813
joky,29814
CineDetournement,29815
notremarche,29816
paslaleurs,29817
JeSupporteLesFennecsPendantLaCAN2015,29818
marcheblanche,29819
soyGuerrera,29820
AixEnProvence,29821
bled,29822
bisounours,29823
NousSommesTousUnis,29824
Jameyi,29825
Team_237,29826
TeamBassa,29827
RomaLazio,29828
MR,29829
Crif,29830
RF1000,29831
African,29832
American,29833
laics,29834
boudistes,29835
17years,29836
InterGenoa,29837
boudhistes,29838
basket85,29839
FFBB,29840
roger,29841
federer,29842
hopsuisse,29843
JonasMoulenda,29844
MboulaBeka,29845
FrancisEdouEye,29846
Desolent,29847
crs,29848
armee,29849
photographe,29850
VieuxEtCon,29851
Fastfoot,29852
ProudToBeJew,29853
jeCondondsTout,29854
sudpresse,29855
atpBrisbane,29856
LesDossiersArrivent,29857
GlassFloor,29858
1stFloor,29859
Mesamissontlesmieux,29860
Interloopers,29861
dane,29862
JeSuisAussiDansLaMerdePourMonPartielDeDemain,29863
SaufBlessureDuGros,29864
EnDirectDeLaManif,29865
Gers,29866
CaricaturePourTous,29867
Staywithmebrother,29868
staywithmeanyone,29869
Ekberg,29870
NB,29871
skechers,29872
nodayoff,29873
CoachingGagnant,29874
CommeDHab,29875
mirabeau,29876
Goodbyes,29877
Hemingway,29878
ErnestHemingway,29879
Quotes,29880
EcoleMilitaire,29881
sang,29882
Fragonard,29883
Parfumeur,29884
Organ,29885
Notes,29886
engagement,29887
PrayForPeace,29888
AfricanPresidents,29889
GalettedesRois2015,29890
Bal2015,29891
blink182,29892
Pariz,29893
Francuska,29894
vitejeudilafin,29895
BadKleinkirchheim,29896
fanatisme,29897
RastaRocket,29898
etg,29899
Jem,29900
intgen,29901
jesuischarloe,29902
crossdépartemental,29903
Colomiers,29904
MCFC,29905
SAFC,29906
BlagueDeES,29907
Colmar,29908
IzonEstCharlie,29909
Copines,29910
Devoir,29911
Superdimanche,29912
ARTEphilo,29913
bravoArte,29914
marcel,29915
Remigration,29916
Neuville,29917
Maghrebin,29918
TAHIABLEDI,29919
Monptellier,29920
RIPAnitaEkberg,29921
saint,29922
JeDessineDoncJeSuisCharlie,29923
Diams,29924
alfortville_94,29925
franceunie,29926
contreLeTerrorisme,29927
chezlesalbanais,29928
vraicoupdecoeurdepuisledebut,29929
Tsipras,29930
RetourDeDeplacement,29931
WIN,29932
FufuEstCharlie,29933
MobiliationNational,29934
metinkulunk,29935
turquie,29936
sayinvekilim,29937
jesuismusulmans,29938
SpeedDating,29939
LeFNneserajamaisCharlie,29940
MonopoleMédiatique,29941
renaissance,29942
chateauDeChenonceau,29943
visite,29944
galerieDeLaReine,29945
halklaberaberiz,29946
LaRafle,29947
ParovStelar,29948
continuiéscommeça,29949
GPAmeriqueOPODO,29950
RvivaL,29951
DeathPL,29952
mandalas,29953
wearetheworld,29954
IndiaStandbyFrance,29955
Cauchemar,29956
MetroParisien,29957
CharlieAngers,29958
medialemag,29959
cctoi,29960
Federer,29961
sfaireencule,29962
Mcm,29963
LaFrench,29964
SiTuViensD,29965
NousSommesLeMonde,29966
Teammayenne,29967
AndNow,29968
LaFrancePlusForteQueLeTerrorisme,29969
Square,29970
Marcherépub,29971
PostBadMom,29972
securité,29973
meyssac,29974
NousSommes66millions17,29975
JaiPasDeVie,29976
MatchDay,29977
TannerFOLLOWme,29978
perrinpartpasstp,29979
JaiPasDevie,29980
SlingKingBerlin,29981
bondage,29982
zaynsbirthdayproject,29983
LeSupplément,29984
akabolibertateak,29985
charliegara,29986
6MillionsDeFrancaisDebout,29987
Associations,29988
Shadow,29989
AirFrance,29990
soyonsCharlie,29991
HealTheWorld,29992
Wolonski,29993
mesphotos,29994
VIEPATHETIQUE,29995
Captive,29996
CamillePhilosopheYenaAssezMaisBienDit,29997
conflitGenerationel,29998
DesHéros,29999
SodaFilm,30000
Paradoxe,30001
AntiRacisme,30002
mons2015,30003
StrasbourgEstCharlie,30004
JeSuisProfChoron,30005
LaFranceEstJuive,30006
JeSuisHomo,30007
JeSuisHetero,30008
JeSuisBi,30009
TousEnsembleContreLeTerrorisme,30010
prive,30011
TravelLife,30012
Afd,30013
indécence,30014
JeSuisPalestinien,30015
OuestCharlie,30016
OnMyWayToTheMarch,30017
sursaut,30018
NousSommesTesNeveux,30019
diarios,30020
MontpellierEstCharlie,30021
FinancesRugby,30022
Etampes,30023
YouGotItAll,30024
UnionJ,30025
1MinuteDeSilence,30026
VolleyBall,30027
Pallavolo,30028
Protest,30029
dax,30030
suis,30031
EnDirect,30032
FortsEnsemble,30033
demonstration,30034
MadMen,30035
notallmuslims,30036
worldpeacestartswithyou,30037
Rassismus,30038
11SeptembreFrancais,30039
MarcelloComeHere,30040
lafrancestcharlie,30041
Bourg,30042
place2jaude,30043
ACTIONVERITENICO,30044
plusdemetrosvp,30045
tcl,30046
Worldischarlie,30047
LovaticsFamily,30048
gobelins,30049
Tarbes,30050
eating,30051
drinking,30052
TheVoiceReplay,30053
JeSuisCharlotte,30054
JeSuisSoutien,30055
télétubbies,30056
ecoledulouvre,30057
MarcheRepublic,30058
MarcheSilencieuse,30059
FoooVideoLetsFoooAround,30060
Digne,30061
JesuisTuesNousommesCharlie,30062
Chupluskleurkeul,30063
ecurieterry,30064
BordeauxEstCharlie,30065
OnePieceFrenchPage,30066
MarcheRépubicaine,30067
Arcalis,30068
Pressefreiheit,30069
Jesuiscitoyenne,30070
MouvementCitoyen,30071
ManifestationRepublicaine,30072
Issyol,30073
action2015,30074
AvisDeSituation,30075
CaMarche,30076
MarcheDeLaHonte,30077
lagrosseconnasse,30078
MuseeDOrsay,30079
DocDeL,30080
gobiernodeespaña,30081
QUIMPER,30082
Kleber,30083
Placekleber,30084
pasderespect,30085
Mélange,30086
unionnationale,30087
ONFAITLAPAIX,30088
Marche4Charlie,30089
RER,30090
CdG,30091
reprisals,30092
Cycling,30093
tousmobilises,30094
concentration,30095
PlaceKléber,30096
DJ,30097
lolo,30098
JeSuisCh,30099
MCSTennis,30100
againstterrorism,30101
TweetCommeSurDoctissimo,30102
ARSSTK,30103
Ospina,30104
JeSuisCha,30105
celineclouéaulit,30106
QuelBordel,30107
Ololo,30108
Onepiece677,30109
suspectpackage,30110
TeamG1,30111
TheyFailed,30112
FEJ,30113
jesuismusulmane,30114
jesuisrépublicaine,30115
cbb2015,30116
KenMorley,30117
offensive,30118
outnow,30119
jyvais,30120
NetanyahouDegage,30121
indélébile,30122
breaded,30123
chicken,30124
spaghetti,30125
Atention,30126
Unephotopourcharlie,30127
teamconne,30128
human,30129
JeSuisJacquet,30130
Marcherepublicaine,30131
symboliquement,30132
Chazal,30133
jesuisbloquee,30134
quemnunca,30135
brinks,30136
vans,30137
snipper,30138
MiTsiCharlie,30139
NousSommesBalkany,30140
Manifestation,30141
Lavaur,30142
handinhand,30143
disrespect,30144
fact,30145
Gouvernement,30146
Gauxmar,30147
totd,30148
iononsonocharlie,30149
jesuispaysan,30150
mariageprincier,30151
Francesolidaire,30152
letsliveinharmony,30153
onelive,30154
oneworld,30155
Mourning,30156
Peine,30157
jesuiscommerce,30158
Ffvb,30159
Team229,30160
CharliieHebdo,30161
convergence,30162
Prg,30163
Thevoicereplay,30164
SaintBrevinLesPins,30165
OccitanieEstCharlie,30166
ruedufaubourgdutemple,30167
Grosse,30168
Envie,30169
cbs,30170
insupportable,30171
CharlieManif,30172
Ravi,30173
Mâcon,30174
JeSuisJésus,30175
Obernai,30176
BhLeave,30177
lavaur,30178
compaoré,30179
MarchesRepublicaines,30180
strasbourgestcharlie,30181
obernai,30182
StraasbourgestCharlie,30183
LaRochelleestCharlie,30184
MarchePourLaLiberté,30185
MarcheRepublicaineMetz,30186
bleucheese,30187
roquefort,30188
roquefortpapillon,30189
IchbinCharlie,30190
chambery,30191
charlielyon,30192
JeSuisKamila,30193
Plasil,30194
lavalestcharlie,30195
foodismylove,30196
Bayeux,30197
GrenobleEstCharlie,30198
Rodez,30199
VENDEE,30200
StJust,30201
park,30202
InternetLibre,30203
mesuistrompe,30204
knicksenplayoff,30205
grossesaison,30206
goncourt,30207
VillefranchedeRouergue,30208
marne,30209
PontChateau,30210
ElleSeulePeutComprendre,30211
DijonestCharlie,30212
rambouillet,30213
JeSuisFouzi,30214
Amie,30215
mankind,30216
Fêtedeslumières,30217
Esperance,30218
PB86CSP,30219
JeSuisHyperCasher,30220
ilssontCharlie,30221
Garibaldi,30222
marcherepublicain,30223
lourmarin,30224
domoniquegrosestcharlie,30225
jesuisvivant,30226
Mehdi_Jomaa,30227
Dinan,30228
pornichet,30229
RpzLaSolgne,30230
MarvellousSenseOfHumour,30231
RadioLibre,30232
jesuoscharliehebdo,30233
JeSuisChezMoi,30234
JeSuisCaissier,30235
JeSuisSortiTropTard,30236
sanssouci,30237
FCNLive,30238
emarion,30239
ManifestacionAntiterrorista,30240
PlazaDeLaRepublica,30241
Trap,30242
Rambouillet,30243
boulevardvoltaire,30244
statueofliberty,30245
jesuiscerné,30246
AlienConfessions,30247
JeSuiScharlie,30248
GayFriends,30249
milliers,30250
personnes,30251
iAmCharlie,30252
IAmFrench,30253
Auboutdurouleau,30254
RassemblementCitoyen,30255
ILoveYou,30256
ZaynWeAreHere,30257
DirectionerForever,30258
STRASBOURG,30259
PlacedeJaude,30260
zinczen,30261
poulet,30262
Unitenationale,30263
11éme,30264
lunionfaitlaforce,30265
Humanité,30266
MySong,30267
PBCSP,30268
TheWorldIsCharlie,30269
LePSGALa4emePlace,30270
CalmeToi,30271
JeSuisCitoyen,30272
STCO,30273
Izarra,30274
TeamArsenal,30275
oléron,30276
JeSuisAlexis,30277
OKjeSors,30278
terror,30279
nousommesCharlie,30280
AngersEstCharlie,30281
FranckyLartiste,30282
photoshop,30283
JeSuisLaLiberté,30284
gorepu,30285
laMarche,30286
Twelcomr,30287
FierDêtreFrançais,30288
Pessac,30289
placedelaliberte,30290
applaudissements,30291
SaintLo,30292
PlaceDeLaNation,30293
DijonEstCharlie,30294
Cyclocross,30295
espritdequipe,30296
SELENAGOMEZ,30297
JeSuisRonaldo,30298
CharlieAnnecy,30299
Crest,30300
jesuischarlie_,30301
orangeperil,30302
Dedicasse,30303
Gustave,30304
aix,30305
JeSuisBokoHaram,30306
JesuisCamerounaise,30307
JenesuispasBFMTV,30308
oldskool,30309
Filofax,30310
Hairstylist,30311
LibertadDeExpresión,30312
NeversEstCharlie,30313
LTF,30314
JeSuisChibre,30315
ViveLaGaule,30316
Orgulho,30317
Brazil,30318
Noussommecharlie,30319
euronews,30320
FREEDOMOFSPEECH,30321
JeSuisMulmane,30322
JeSuisChretienne,30323
HamitsukaPersonneTaime,30324
Lrsy,30325
January11th,30326
castres,30327
PHOTOS,30328
ohmygodouvalemonde,30329
MarcheRepublicaineAParis,30330
Hamitsukagrospd,30331
TroyesestCharlie,30332
ÇaFaitChaudAuCoeur,30333
HamituskaJeFaisCeQueJeVeux,30334
LeSpam,30335
ChateaudunEstCharlie,30336
jysuis,30337
comptezvous,30338
Albi,30339
Presidents,30340
vivelesdroitsdelhomme,30341
MarchePourLaPaix,30342
notointegrism,30343
skype,30344
CaVaSaigner,30345
minsk,30346
ISSYOL,30347
Maven,30348
JeSuisJuniorBakayoko,30349
FAMILLE,30350
PARENTS,30351
marchedelHistoire,30352
leguevin,30353
AntiCons,30354
crozon,30355
IAmHuman,30356
PB86,30357
11janviers2015,30358
ROMLAZ,30359
RENNES,30360
MarchePourL,30361
lrsy,30362
JeSuisLaLiberteDExpression,30363
JeSuisAvantToutFrancaise,30364
ParisCestCharlie,30365
DemocraticWorld,30366
avantmatch,30367
jesuistouslescharlies,30368
EuropeUnie,30369
MondeUni,30370
MecQuiARienCompris,30371
NOTinMyName,30372
L2COM,30373
DirectBFM,30374
ÇaVaTaclerDesRaclis,30375
JeanMarcAMitDesMocassins,30376
PontÀMousson,30377
JensenAckles,30378
arsenal,30379
MontpellierestCharlie,30380
sancerre,30381
ParisIsCharlie,30382
WalkerTexasRanger,30383
Die,30384
PALESTINE,30385
netanyahou,30386
brefonsenfout,30387
LaStation,30388
BootyCall,30389
Rania,30390
Gourio,30391
ChâlonsEnChampagne,30392
moulins,30393
Dimanche11Janvier,30394
otp,30395
ChalonsEnChampagne,30396
mufc,30397
MUNSOU,30398
ThankYouForYourSupport,30399
chefd,30400
Bossuet,30401
coupdefrance,30402
proB,30403
proA,30404
icicestchaud,30405
FOLLOWERS,30406
JeSuisKabyle,30407
JeSuisMatoub,30408
JeSuisSaidMekbel,30409
PlaceCharliebaldi,30410
arenesdenimes,30411
Patriotisme,30412
NousSomesCharlie,30413
PowerToThePeople,30414
Unidos,30415
mobilite21,30416
LGVLimogesPoitiers,30417
antigone,30418
libourne,30419
BrestEstCharlie,30420
placeLeonBlum,30421
GardonsNotreHumour,30422
charliemanif,30423
Aveyron,30424
Tweetcommeunglandeur,30425
La_Trinité,30426
lavalischarlie,30427
VivelaRepublique,30428
Demonstration,30429
BriveEstCharlie,30430
tweetdeL,30431
JeSuisGuvton,30432
NousSommsCharlie,30433
peaceout,30434
happysunday,30435
sundayfunday,30436
converse,30437
osef,30438
vivalafrance,30439
tweetmoinsvitenounouille,30440
SoutienAuxVictimes,30441
freepalestine,30442
SérieA,30443
CrossCountry,30444
Asmaou,30445
AlbiEstCharlie,30446
vendee,30447
heldup,30448
skilodge,30449
skiing,30450
TeamUMN,30451
lemondenousregarde,30452
euseucharlie,30453
Bahrain,30454
ArabieSaoudite,30455
USAPUSC,30456
pecresse,30457
woerth,30458
JeSuisCitoyenDuMonde,30459
JesuisClarissa,30460
JesuisAhmed,30461
JesuisFranck,30462
citoyenne,30463
bordelaise,30464
bordeauxmaville,30465
BordeauxestCharlie,30466
unisdanslamarche,30467
TOUSALAMARCHEDU11JANVIER,30468
JeSuisChrétien,30469
LimogesCSP,30470
Suceur,30471
charliberte,30472
Vaucluse,30473
Chambéry,30474
NKsnaps,30475
algerievstunisie,30476
radiolibre,30477
Marchedu11janvier,30478
narbonneestcharlie,30479
instanow,30480
proudmummy,30481
laréponsecook,30482
JæCharlie,30483
MONDIALHAND,30484
UnMondeMeilleur,30485
fermelatabouche,30486
The,30487
thisiswhyillneverbethin,30488
thefrenchsureknowhowtodopastries,30489
Thonon,30490
amazigh,30491
rif,30492
chleuh,30493
Musicvideo,30494
Patriots,30495
pourlemoment,30496
Quinconces,30497
Lafrance,30498
TeamPubForLife,30499
betterdyingdstandingupthanlivingonmyknees,30500
nofear,30501
jesuispourlaliberte,30502
onestbloqué,30503
1DDirectionnersforever,30504
BolDairPourCopé,30505
JeSuisjJuif,30506
Auterive,30507
stopwars,30508
Grenobleestcharlie,30509
Émotions,30510
timeSquare,30511
IlEstCharlie,30512
HappyKyungsooDay,30513
JeSuisFier,30514
DémonstrationDeForce,30515
badgones,30516
Pontoise,30517
TeamChleuh,30518
placedejaude,30519
PrixDeBelgique,30520
JeSuisEpicier,30521
JeSuisEuropéen,30522
LEgalité,30523
LaFraternité,30524
janettebougrabNe,30525
Stanislas,30526
LeMondeestCharlie,30527
Domain,30528
ntl,30529
AuvergneCharlie,30530
palaisdesfestivals,30531
FiereDeMonPays,30532
LaMarseillaise,30533
verdunsurgaronne,30534
NancyEstCharlie,30535
PlaceDarcy,30536
RuedelaLiberté,30537
PlacedelaLibération,30538
PlaceWilson,30539
AlléesduParc,30540
TEAMFCMETZ,30541
fcmetz,30542
vivacite,30543
NonALaHaine,30544
NonAuRacisme,30545
TousFrancais,30546
KossaMoiCa,30547
Bergerac,30548
islamiste,30549
disleur,30550
SofiaAntipolis,30551
SiliconValley,30552
marcharepublicana,30553
ToutLeMondeEstCharlie,30554
pokofamily,30555
salleAlbertAuger,30556
républicaine,30557
beruriernoir,30558
MomentHistorique,30559
PicTo2K14,30560
yuruyus,30561
Eliott,30562
JeSuisRayan,30563
JeSuisARépu,30564
mafamilleestcharlie,30565
BelieveTHAT,30566
SuperVideo,30567
MerciPourTonSuperTaf,30568
JeSuisAnonymous,30569
Solidarität,30570
FierDeMonPays,30571
FierDeMaRepublique,30572
beattles,30573
jesuispasencoreabellecour,30574
BagboAuPouvoirs,30575
LongueVieASoooooouf,30576
SoufOnT,30577
SoufLaStar,30578
SoufLaPrincesse,30579
MOTM,30580
Suspense,30581
indiennedecoeur,30582
alltogethernow,30583
LivingForLove,30584
condom,30585
anneaudevitesse,30586
aimezvouslesunslesautres,30587
etreprisepouruneconne,30588
SoyonsUnis,30589
larevolutionestenmarche,30590
teens,30591
miley,30592
lesargoulets,30593
Crack,30594
Chilian,30595
Gunners,30596
StandingRoomOnly,30597
JeSuisZaref,30598
iciaussi,30599
Denain,30600
NouSommesCharlie,30601
cnnireport,30602
Libertà,30603
bellefrance,30604
UnisDansLaDiversité,30605
JeMarchePourCharlie,30606
teamASP,30607
beardrop,30608
gaynight,30609
bear,30610
TeamAFA,30611
Fourvière,30612
JeSuisRoux,30613
respeto,30614
labd,30615
Nazarnaalage,30616
CharIieBerté,30617
CPUniversité,30618
QuébecEstCharlie,30619
capucine,30620
Totti,30621
DerbyDellaCapitale,30622
Roma,30623
uni,30624
fieredetrefrancaise,30625
MaitreGims,30626
gentilscrs,30627
SontFousCesFrançais,30628
NeverFear,30629
fouesnant,30630
Vals,30631
NousSommesDebout,30632
FierDesBragards,30633
IStandWithRaif,30634
AllerLocqueltas,30635
Onmènetous,30636
Allonzier,30637
TunisieBoss,30638
DerbyRomain,30639
FrancescoTotti,30640
PiazzaDelCampiDoglio,30641
hauteSavoie,30642
BvdVoltaire,30643
AksNacks,30644
MarcheRepubicaineAngers,30645
TeamLibéréeDélivrée,30646
21jumpstreet,30647
Pontchateau2015,30648
athlive,30649
Undiz,30650
lepen2002,30651
HelpMe,30652
clement,30653
RodezEstCharlie,30654
alltogether,30655
Non,30656
CapitalDuMonde,30657
LyonestCharlie,30658
compiegne,30659
jci,30660
GC,30661
VivelaLiberte,30662
dijonestcharlie,30663
JeSoutiensCharlie,30664
PlaceDeJaude,30665
TeamUnited,30666
Athée,30667
laïque,30668
BHLeave,30669
integrismes,30670
pournepasoublier,30671
plusquejamais,30672
Faith,30673
JeSuisJesus,30674
ViveLeLundi,30675
NoFear,30676
icicestparis,30677
Lamarche,30678
canalstmartin,30679
NousSommesSousTitreurs,30680
horrifié,30681
nototerrorism,30682
contreleterrorisme,30683
AliensConfessions,30684
lausanne,30685
lapinou,30686
lapinouestcharlie,30687
optimisme,30688
Réflexe,30689
CroireEnLHumanité,30690
Schoolboyqbabe,30691
cortege,30692
upsticksandgo,30693
rally,30694
BerlinIstCharlie,30695
MarcheCommémorativeDeLorient,30696
annecyestcharlie,30697
souder,30698
elkhadra,30699
hooked,30700
vistavie,30701
ikea,30702
perigueux,30703
pebble,30704
toutsimplement,30705
RassemblementJeSuisCharlie,30706
OneRepublic,30707
parisstronger,30708
MarcheRepubicaine,30709
BravolaFrance,30710
TeamFrance,30711
Stratoshphérique,30712
marcheRepublicaine,30713
FiertéRépublicaine,30714
AdmirationPourNotrePolice,30715
Nancyestcharlie,30716
MUSOU,30717
TeamiMessage,30718
JeSuifJuif,30719
TOTTI,30720
PourLesRetardataires,30721
CallofTime,30722
vizcarrondo,30723
clermontFd,30724
ClermontFdEstCharlie,30725
Élysée,30726
LyoonEstCharlie,30727
bisounoursLand,30728
civil,30729
ONNESTPASTOUTSEUL,30730
Esco,30731
marcherepublique,30732
pasdepeur,30733
WorldIsCharlie,30734
MaréeHumaine,30735
JeSuisChretienJuifMusulman,30736
JeSuisLibreDeMExprimer,30737
Equipe2Malade,30738
StardustAwards,30739
histórico,30740
parismarch,30741
BORDEAUX,30742
crayondesoleil,30743
participants,30744
maryamrajavi,30745
MuSou,30746
MarcheDeLaLiberté,30747
swagdecampagne,30748
RueDesBoulets,30749
boringday,30750
ClubDeLaPresse,30751
MarcheRepublique,30752
100000personnes,30753
teamgaboma241,30754
vivelescalories,30755
bostonStronger,30756
ParisStronger,30757
ImagineParisDansQuelquesMinutes,30758
TFCOL,30759
MadeinOL,30760
JeSuisLaFemmeDeLacaz,30761
PlacedelaRépublique,30762
JeSuisFrancaisAussi,30763
gaypride,30764
MAXTV,30765
Dardevil,30766
lamarche,30767
vivelarepublique,30768
futurballond,30769
OlympiqueLyonnais,30770
BadGone,30771
VirageNord,30772
marchedu11janvier,30773
LaTriade,30774
Vigneux,30775
Quincy,30776
Anarchist,30777
lyonestcharlie,30778
PourCharlie,30779
BrunoRuder,30780
AJMI,30781
PaixEtAmour,30782
Place,30783
Veskovac,30784
JeSuisPolicière,30785
ThanksWorldFromFrance,30786
TunisieAlgerie,30787
TAHIATOUNES,30788
TeamCIV,30789
EntenduàlaManif,30790
MondeEntier,30791
unistra,30792
placekléber,30793
province,30794
fierdelafrance,30795
LoveAlwaysWins,30796
chezdave,30797
JeSuisStreaming,30798
PlaceDeLaBastille,30799
LaTriniteSurMer,30800
USAP,30801
Catalans,30802
BYEUSC,30803
OLteam,30804
YaPuDPlace,30805
FiertéNationale,30806
UNITED,30807
RennesEstCharlie,30808
ProudToBeFrench,30809
LaRochelleEstCharlie,30810
LesAiglesVsLesFennecs,30811
nofootball,30812
Fleury,30813
charlieestuniverselle,30814
charlyestuniversel,30815
Parîsê,30816
ContentDÊtreFrançais,30817
ettouslesautres,30818
ReIsland,30819
w,30820
Remember7jan15,30821
Hélicoptère,30822
CharlieHeros,30823
MANIFS,30824
MerciPierreLouis,30825
L1COM,30826
PourLaLibertedExpression,30827
cocotte,30828
JLB,30829
EVER,30830
monretouràAiméGiral,30831
Translation,30832
Tèjé,30833
AuCoeurDeLaManif,30834
TeamValeprout,30835
islamiques,30836
RSF,30837
JeSupporteLAlgeriePendantLaCAN2015,30838
MPT,30839
lemurduçon,30840
JeSuisKawaii,30841
Bear,30842
Masculinity,30843
LatinMan,30844
Moustache,30845
HairyChest,30846
Smoking,30847
SmokingCigar,30848
Leather,30849
LaCouardeSurMer,30850
Sand,30851
Quiet,30852
amelbent,30853
jesuismort,30854
DonneMoiDeLaHaineJeTenFaisDeL,30855
placemazelle,30856
meztestcharlie,30857
jaimemafrance,30858
entenduaparis,30859
DonneMoiDeLaHaineJeTenFaisDeLamour,30860
JeSuisFeyris,30861
BlameCharlie,30862
metzestcharlie,30863
jekiff,30864
DansTWOnAttend,30865
tonicradio,30866
CharlieEdbo,30867
noussommesbien,30868
doublé,30869
Dax,30870
TuSersARienCommeCanalAlgérie,30871
hastags,30872
NousSommesTousDesCAPMecanique,30873
IAMHUMAN,30874
DansTwOnAttend,30875
sansvouloirmevanter,30876
cenestquundébut,30877
antiterrorisme,30878
mah,30879
lfh,30880
Children,30881
HorroresHumanos,30882
absurd,30883
mécénat,30884
CalendrierChaton,30885
millau,30886
twilight,30887
TogetherAtLast,30888
nonstop,30889
technologie,30890
FLHB,30891
ChrisBrown,30892
DirtyTalk,30893
gazouillez,30894
SeptÀHuit,30895
familleautop,30896
BeauMoment,30897
2M,30898
MarchePourCharlie,30899
gazouillons,30900
SeptAhuit,30901
SomosTodosCharlie,30902
AllerOL,30903
Bienveillance,30904
AssHoleForSidney,30905
instavideo,30906
Palm,30907
SeptAHuit,30908
NousSommesTousGentils,30909
unJourUnTrouPourSidney,30910
SidneyJeSuisCharognard,30911
villefranche,30912
PaysDesDroitsDeLHomme,30913
Intégristes,30914
islamofascisme,30915
manifcharlie,30916
republicaine,30917
yétaime,30918
Juan,30919
ToutLeMonde,30920
vredesmars,30921
ruemeslay,30922
livinghistory,30923
UnSeulOlympiqueIlEstLyonnais,30924
Jan11,30925
KeurBrisey,30926
FierDetreMulhousien,30927
tweetUtopiste,30928
ThierryMeunier,30929
epiphanie,30930
StrasbourgestCharlie,30931
stadedereims,30932
sdr,30933
CharlieHebdoTF1SeptàHuit,30934
FcToulouse,30935
MeOnSundays,30936
Claude,30937
JourHistorique,30938
placedelaRepublique,30939
Kléber,30940
libertéégalitéfraternité,30941
Tounes,30942
psycho,30943
iwasthere,30944
NousSommesLaRepublique,30945
ElchedePrimera,30946
JyEtais,30947
EcrirelHistoire,30948
mohamedmerah,30949
LaBastille,30950
AFE,30951
BonCourageAMoi,30952
zaynmalik,30953
horns,30954
jesuislacaz,30955
MaintenantDînant,30956
InstaBox,30957
not,30958
afraid,30959
latoccapiano,30960
AlgeriemonAmourAlgeriepourToujours,30961
JeChiale,30962
ASKNONO,30963
fightingspirit,30964
edge,30965
contradiction,30966
BegayageInternational,30967
demip,30968
JeSuisCitoyenne,30969
stopexisting,30970
startliving,30971
Handicapées,30972
beaucaire,30973
NoussommesParis,30974
NousSommesLaLiberté,30975
supportyourlocal81,30976
mufclive,30977
IfWeDate,30978
UnephotopourCharlie,30979
GarethBale,30980
barton,30981
WeAintNeverScared,30982
Guizmo,30983
etapres,30984
TahiaDZ,30985
gravity,30986
teoz,30987
Teamtunisie,30988
ParisCapitaleDuMonde,30989
EtMaintenant,30990
tousflic,30991
tousjuif,30992
TUNISIE,30993
iphone4S,30994
EuropeIsCharlie,30995
fraternity,30996
Manifestationrepublicaine,30997
balhouli,30998
aimonsnous,30999
canada,31000
Labidi,31001
Balouli2015,31002
antiol,31003
TunAlg,31004
JeSuisLaRecoDuDimancheSoir,31005
BALLONDEPLATRE,31006
TeamYeuxNoisettes,31007
Vélib,31008
generationclubdorothee,31009
leclub,31010
Rocky,31011
TWC2,31012
ParisMarche,31013
tun,31014
TAHIADZ,31015
expert,31016
العربية,31017
wedidit,31018
People,31019
PalaisDesPapes,31020
Palais,31021
Papes,31022
Pope,31023
panoramique,31024
cpolitique,31025
glagla,31026
TUNISIEBOSS,31027
Rennesestcharlie,31028
Embracing,31029
Not,31030
Affraid,31031
pasmort,31032
TeamTounes,31033
Mangin,31034
mauvaisPerdant,31035
Enjoyphoenix,31036
lamarseillaise,31037
jetaimetonton,31038
freefrance,31039
grigny,31040
CIVNIG,31041
enviederire,31042
PremierDeLigue1,31043
TUNvsALG,31044
NousSommesToutCharlie,31045
XXIe,31046
JeSuisCitoyenneDuMonde,31047
Biatch,31048
tcot,31049
àmortlescoursdusamedimatin,31050
JesuisFrançaise,31051
JesuisLibre,31052
unjourunfake,31053
JeSuisTotti,31054
ParisUnityMarch,31055
ViveParis,31056
ImAWorldMen,31057
Frédéric,31058
Société,31059
part2,31060
DarkDay,31061
Revison,31062
Onlacherien,31063
OnEstPremier,31064
chaudaucoeur,31065
FiftyShadesTickets,31066
hommahge,31067
soireeJeSuisCharlie,31068
JeSuisTunisienne,31069
ToursEstCharlie,31070
avecMargot,31071
jesuisleader,31072
jesuislyonnais,31073
TeamENP,31074
HuissierDeJustice,31075
JeSuisFierdEtreFrancais,31076
fierdecettefrance,31077
MarcheDu11janvier,31078
VousAitesCons,31079
liliesbodys,31080
engagee,31081
Noborder,31082
FierDeLaYaute,31083
Jamaisàgenoux,31084
Onleurdoitbiença,31085
March,31086
RachidGhezzal,31087
titulaire,31088
francoishollandeenkipa,31089
GG2015,31090
JeSuisLacaz,31091
Ban,31092
UnSeulOlympique,31093
MIA,31094
TeamLAC,31095
StapplesCenter,31096
cfc,31097
DaSuaBocaParaOsOuvidosDeDeus,31098
Charlibeté,31099
ZaynYoureMySuperhero,31100
WeHere,31101
DEMOCRATIE,31102
Saison4DeMalade,31103
cœur,31104
JeSuisIsrael,31105
tueur,31106
buts,31107
JeSuisABlanc,31108
BIBI,31109
vivelaliberte,31110
charlieestgrand,31111
isabelmarant,31112
AmericanApparel,31113
Dajjal,31114
esplanadecharlesdegaule,31115
TeamCiel,31116
Tun2,31117
Options,31118
teamPrincesse,31119
temyeuxbleu,31120
teamcrâneuse,31121
CFCLive,31122
BlvdVoltaire,31123
okro,31124
nigeriandish,31125
CoprodCharlieFamily,31126
TousUni,31127
HotelDeVille,31128
svtnyheter,31129
OnlyLyon,31130
manifestationrepublicaine,31131
CommunionLaïque,31132
merciCharlie,31133
D1Fem,31134
OnConnaitLaChanson,31135
ChezJane,31136
petitchablis,31137
TequilaCanelleOrangeOffert,31138
ElevatorConfidential,31139
JaimeMonPays,31140
footix,31141
JsuiPasCharlie,31142
Policier,31143
legarconparfait,31144
homealone,31145
dkteam,31146
Plusjamaisca,31147
restonscharlie,31148
JeSuisLiberté,31149
grandeSynagogue,31150
VivreEnsembleSVP,31151
NaoAoComunismoNoBrasil,31152
StupidIsForever,31153
SaldırılarMüslümanlıklaTelifEdilemez,31154
NousSommesEncoreCharlie,31155
Hoy,31156
manifestationBordeaux,31157
jesuisfiere,31158
ViveLaDemocratie,31159
SPNFamily,31160
DansVotreGueule,31161
Gambetta,31162
MacDoDeLandemainDeBringue,31163
RatepiValidéParLeDucZeer92i,31164
engagementring,31165
UnVillagePresqueParfait,31166
JeSuisContreLesTerroristes,31167
jesuischarlieETLULU,31168
inspiring,31169
vedrine,31170
inutilité,31171
TowardsBastille,31172
LyonnaisEtLeadersDeL1,31173
stupidi,31174
TalentDZ,31175
sofab,31176
SPN,31177
TheCrowd,31178
pochoirs,31179
MacDoDeLendemainDeBringue,31180
RainbowFlag,31181
placedelaRepubliue,31182
RugbyFeminin,31183
DepuisquejeconnaisNickieMinaj,31184
Report,31185
Cheat,31186
Fly,31187
CW,31188
AnAmazingDay,31189
MarocBOSS,31190
Marles,31191
tousbenevoles,31192
FuckTheCompta,31193
UnitéLiberté,31194
bloco,31195
iu,31196
rajoy,31197
Génération,31198
arakiri,31199
Emeline,31200
Indy,31201
PT,31202
CapitaleduMonde,31203
UnionMondiale,31204
cortège,31205
togetherweSTAND,31206
auxarmes,31207
hymnehorssujet,31208
Unesco,31209
MoisDuCapricorne,31210
TeamCapricorne,31211
JeSuisMoi,31212
reel,31213
NouvelleEdition,31214
OSBLCDS,31215
BravoLaFrance,31216
espérance,31217
FièreDeLaFrance,31218
pancarteuniverselle,31219
Marche11Janvier,31220
LaDrogue,31221
plusdejambes,31222
7à8,31223
Pacte,31224
teamAM,31225
MuscuTime,31226
viet,31227
RTLINFO,31228
Hypocrisie,31229
Perouges,31230
Leclub,31231
CDM14,31232
AskNasks,31233
21wentquick,31234
FunnyMan,31235
melanchon,31236
tweetpirequevisé,31237
JeNeMarchePas,31238
desolelesportos,31239
JeSuisUnPolicier,31240
CowboysNation,31241
noussommeshumains,31242
viveLaFrance,31243
S11,31244
stephlepremier,31245
LeGrandJury,31246
الصحراء_مغربية,31247
صحراوية_وافتخر,31248
GrandJournalisme,31249
PlacedelEurope,31250
SoireeJesuisCharlie,31251
radioFrance,31252
The100S3,31253
MontpellierTousCharlie,31254
francemobilisée,31255
rassemblementRecord,31256
JeSuisEveryone,31257
modele,31258
HeuredeGloire,31259
Manifestations,31260
balec,31261
Kippenvel,31262
DavidCameron,31263
Brestois,31264
NousSommesTousdesCharlie,31265
finir,31266
journée,31267
Corton,31268
GrandCru,31269
LeRognet,31270
MaisonAmbroise,31271
Bourgogne,31272
ManifDeTous,31273
PourTous,31274
ManifDeOuf,31275
FierDeLaFrance,31276
jenpepu,31277
JeSuisNawel,31278
charlieforever,31279
Bougherra,31280
TUN,31281
MarcheDeLaRépublique,31282
RassemblementRepublicain,31283
noussommeslavie,31284
TesUnAncienSi,31285
nousSommesUnPeuble,31286
LeVraiIslam,31287
Mahrez,31288
PausteBadeHelel,31289
WeWantCherLloydAtBRITs2015,31290
AliasTolmao,31291
fifougangstathug,31292
LesBronzés,31293
jesuisfieredemescompatriotes,31294
TeamFekir,31295
TeamLaca,31296
DuoInfernale,31297
ObjectifFrance,31298
renewed,31299
IntensiV2k15,31300
frèresScott,31301
AymeilaFamily,31302
Nasri,31303
MBolhi,31304
Mandi,31305
Mesbah,31306
Kadir,31307
Soudani,31308
Bentaleb,31309
Jackson5,31310
MEMOIRE,31311
Nimportawak,31312
ToujoursPlus,31313
tnelec2014,31314
workHard,31315
Nivernais,31316
Nevers,31317
concourseje,31318
Cheveux,31319
JeSuisArabe,31320
AuBahutYaTjrs,31321
SaldırılarMüslumanliklaTelifEdilemez,31322
Beauf,31323
LensCityGang,31324
Phalempin,31325
montpelliervillefepdlechelechelechelechemoilespieds,31326
lefuturgaltier,31327
Président,31328
PauseMorsay,31329
LeBataclanEstCharie,31330
Mulan1,31331
Khazri,31332
JtmLiberté,31333
JtmMulticulturalisme,31334
LaVideoDeRap,31335
مسلمة_وافتخر,31336
gazon,31337
CharlieH,31338
CanalFootballClub,31339
jyetais,31340
CamirginieEstCanon,31341
Abdennour,31342
Saihi,31343
Chikhaoui,31344
JusticiaParaTopo,31345
lareponsedetoutlesparents,31346
LiberezAlexis,31347
ElieEliaWorld,31348
MerciLaPolice,31349
CougarTown,31350
Queido,31351
Melvyn,31352
kendji,31353
Lieberman,31354
FièreDeMonPays,31355
ForçaBarça,31356
FCBAtleti,31357
tolleranza,31358
razzismo,31359
NasriSurBein,31360
JuveMerda,31361
ForzaNapoliSempre,31362
followshoutoutlikecomment,31363
besoindaide,31364
commentfaire,31365
cfinipourchjara,31366
Dals,31367
AuBahutYatjrs,31368
pizzatime,31369
jesuislesautres,31370
Jeuxdemots,31371
Verdadverdadera,31372
lesInconnus,31373
MarcheReplublicaine,31374
mesgirls,31375
ouhlala,31376
humanbeing,31377
MuchLove,31378
DemainCestLesCours,31379
RéaliseMonReve,31380
Propagande,31381
NousSommesLUCIDES,31382
LeClubDuDimanche,31383
loveoverhate,31384
Lyonnais,31385
GrandMonsieurDuRap,31386
directionnersforceurs,31387
Nashville,31388
serieTV,31389
BarcavsAtleti,31390
ProfesseurMorsay,31391
Gradure,31392
RENEWED,31393
becomingachef,31394
GagnaTaPlace,31395
RoscaDeReyes,31396
2015LesGars,31397
NousSommesCharliepourLaVie,31398
mada,31399
JRArt,31400
EnsemblePourLaDemocratie,31401
2million,31402
CoupeDAsie,31403
VenezNousCherchez,31404
guimauve,31405
eatmydookiedanslhistoire,31406
coeursurelles,31407
bilingue,31408
pourtoi,31409
CP3,31410
Corbier,31411
MinuteD,31412
NF3,31413
JeanD,31414
Belfort,31415
MyLittlePony,31416
confortfood,31417
jan2015,31418
stoprecup,31419
citoyensdabord,31420
JparlePakat,31421
coeuraveclesdoigts,31422
مسيرة_باريس,31423
Jean,31424
Abdelmalik,31425
Crowd,31426
JeSuisLeMonde,31427
rtSitaCompris,31428
EskuzéMwa,31429
LaMinuteBlonde,31430
LaChanson,31431
jerusalem,31432
Buffy,31433
ilssontdanslefutur,31434
moncopainestkabyleyaquoi,31435
CommentTuerSonBoss,31436
PostBadPakat,31437
RealFact,31438
JeSuisMécréant,31439
proudofbeingcharlie,31440
xmen,31441
PlaceTahrir,31442
TremblementDeTerre,31443
JeSuisGaulois,31444
TEAM216,31445
marchrepublicaine,31446
TimeLapse,31447
ganjagirl,31448
GossyTime,31449
TeAtatuPen,31450
aiga,31451
BARATL,31452
Teva,31453
CharlieJeSuis,31454
FCBATM,31455
FrenchlivesMatter,31456
Jewishlivesmatter,31457
MuslimslivesMatter,31458
pretepourlamaisonderetraite,31459
ToulouseFC,31460
MarsAnecdote,31461
Elus,31462
Elues,31463
abdelmalik,31464
jeandormesson,31465
forzaatletico,31466
SAOpen,31467
104thSAOpen,31468
Backstage,31469
aperçu,31470
revlon,31471
haidresser,31472
designer,31473
القاعدة,31474
samedifiesta,31475
GoMonaco,31476
MéméZinzin,31477
TaGueuleBoutin,31478
freedomofpress,31479
Montauban,31480
fierdetoi,31481
LaLibertéGuidantLePeuple,31482
D10S,31483
OnSeKiff,31484
battle3en1,31485
ghettostyle,31486
BarcaAtletico,31487
ltr,31488
jesuisdelfina,31489
Abdulrahman,31490
ArènesDeNîmes,31491
Tousdebout,31492
totssomcharlie,31493
11janvierHistorique,31494
emission,31495
Contre_Charlie,31496
LaSpécialeDeDifool,31497
Républicaine,31498
record,31499
belfort,31500
VaTfrBzzParUnTravloo,31501
sonocharlie,31502
i24news,31503
MERCIi24,31504
Daddyphotography,31505
RepubliqueANation,31506
NuitDeSaigon,31507
Zonesa,31508
emu,31509
musicien,31510
Isis,31511
Oman,31512
OnNousPrendPourDesCons,31513
ABDELMALIK,31514
MARCHEREPUBLICAINE,31515
WaterForElephants,31516
RobertPattinson,31517
WORLDWIDE,31518
penelopebagieu,31519
soiréejesuischarlie,31520
montagnes,31521
mountains,31522
clouds,31523
CedricPetoman,31524
Ferri,31525
Bédodo,31526
NewTrailer,31527
besoinderireavecjeanclaudeduss,31528
barca,31529
iGraal,31530
commeàlamaison,31531
jesuisungroscon,31532
église,31533
IndignacionyEsperanza,31534
soireejesuischarlie,31535
LeBeninEstCharlie,31536
YayiBoniEstCharlie,31537
ContreAlQaidaBenin,31538
estimation,31539
SourcePoliciere,31540
HSM,31541
janoskathon,31542
PlaceBellecour,31543
PenseeATous,31544
ATMFCB,31545
IntoTheWildOnVyRT,31546
zoneinterditespeciale,31547
penelope,31548
toléance,31549
DST,31550
NapoliJuventus,31551
NAPJUV,31552
Teampsg,31553
Teamol,31554
PlusFortQueTout,31555
dictons,31556
SoiréeJesuisCharlie,31557
baratl,31558
hsm,31559
Bronzés,31560
NapJuv,31561
AMIDALA,31562
earjacket,31563
JeSuisGayEtFierDeMonPays,31564
actionpolitique,31565
lutteantiterrorisme,31566
TVDSeason7Ideas,31567
Suce,31568
ZaynBirthday,31569
stephanedegroodt,31570
Prodigieux,31571
quick,31572
TeamMatheux,31573
fcbatm,31574
Fut15,31575
stephane,31576
36H,31577
OnOublieraPas,31578
Mémoire,31579
TeamFCSM,31580
StéphanedeGroodt,31581
allezallezmemecellelàjelametpasdanslalbumjemenbatlescouilles,31582
UneFranceUnie,31583
TousUnisDansLaDemocratie,31584
RealiseMonReveChaton,31585
MauriceEstCharlie,31586
Mauritius,31587
UnBonEntendeur,31588
ahahaha,31589
extremistes,31590
Pogboom,31591
vogue,31592
newyork,31593
VivreDebout,31594
VincentPhilosope,31595
JeSuisArmenien,31596
JeSuisHay,31597
JeSuisNouvelHay,31598
JeSuisJean,31599
NouvelHay,31600
JeVousLeDit,31601
monacobordeaux,31602
RealiseMonReveChatons,31603
TheWalkingDeadNT1,31604
cafc,31605
TrafalgarSquare,31606
StopALaViolence,31607
Numen,31608
ForUse,31609
TapeParis,31610
HAPPYMATTURDAY,31611
marsanecdote,31612
Sapeurpompier,31613
babyhome,31614
sneazzy,31615
multiculture,31616
télè,31617
tricolor,31618
Vacancesmeritées,31619
lips,31620
misssummertime,31621
soul,31622
pencil,31623
revolté,31624
LetsGoClippers,31625
horrifiant,31626
insconscience,31627
BibiNetanyahu,31628
kolakavod,31629
noussommesunis,31630
FCBATL,31631
naïf,31632
petitpalais,31633
ekbert,31634
jsuisfou,31635
stupefiant,31636
XLLNantes,31637
equipedefrance,31638
insulte,31639
AFPphoto,31640
soccer,31641
NegritudeCestPasMaintenantMaisCestPasUneRaison,31642
BomayéComedyClub,31643
AHAHAHAHAHA,31644
JeSuisJulie,31645
nbatime,31646
AvenirFrancais,31647
crowds,31648
BARATH,31649
WithFriends,31650
blackswan,31651
RealiseMonRevePtitChat,31652
VALENTINO,31653
lebonmarché,31654
pourvuquçadure,31655
previoustweet,31656
TeamCivilization,31657
AHAHAHAHAH,31658
HappyBirthdayZayn,31659
LaFrancestCharlie,31660
Miamiheat,31661
partywithalice,31662
somuchfun,31663
rolan,31664
asmfcgb,31665
TvGold,31666
Irrespectueux,31667
SMTG,31668
Funday,31669
Bingo,31670
Basile,31671
Neveux,31672
JeSuisMessi,31673
GrandCorpsMalade,31674
MIALAC,31675
ohtwitter,31676
Mdrrr,31677
A2,31678
VousAllezNousManquez,31679
GeometryDash,31680
ChristopheAleveque,31681
7ansderprison,31682
4MillionDansLaRue,31683
Viseu,31684
FiereDeLaFrance,31685
RealiseMonReveStpPtitChat,31686
RéstonsUnis,31687
RepriseSportive,31688
TV5MONDE,31689
TheLuckyOne,31690
jesuispauvre,31691
Nt1,31692
RépliqueCulte,31693
DimancheCinéma,31694
ElPistolero,31695
SoireeCharlieHebdo,31696
tonus,31697
Bonuit,31698
RealiseMinReveStpPtitChat,31699
ToutEstDit,31700
FractureOuvertePourNeymar,31701
IRSS,31702
TousUnisContreLamalgame,31703
france_vacations,31704
topparisphoto,31705
TopPhoto,31706
faille,31707
NousSommesUnPeuple,31708
AimonsNousLesUnsLesAutres,31709
MOTMIII,31710
NBAexrra,31711
jesuisnousensemble,31712
CitoyenDuMonde,31713
bouilloireSeptieroise,31714
StandingOvation,31715
Stopped,31716
crowd,31717
sapeurpompier,31718
centredesecours,31719
S04E11,31720
ABC,31721
ManchesterIsBlue,31722
quaid,31723
mieux,31724
FairyTail,31725
ASMBOR,31726
nousSommesCharlie,31727
NousSommesAnonymous,31728
GBvsDAL,31729
vivelebacpro,31730
loveIslam,31731
placedelanation,31732
برشلونة_اتلتيكو_مدريد,31733
combatdechefs,31734
Àéradiquer,31735
MareeHumaine,31736
MillionsOfDecentPeople,31737
ParisLibere,31738
SoiréeCharlieHebdo,31739
quaidorsay,31740
RegardeLà,31741
pourtoujours,31742
Nessa1k,31743
rosnysousbois,31744
BahouhDayanHaemet,31745
Foodporrn,31746
TribunalDesFlagrantsDélires,31747
ValseDeVienne,31748
PutainDeVerité,31749
Changeonslamarseillaise,31750
Booba,31751
guentherjauch,31752
WaitAndSee,31753
jeSuisQui,31754
laughing,31755
jesaistout,31756
MarcheDu11Janvier2015,31757
tienanmen,31758
humanite,31759
truemessage,31760
jesuisMichelSaada,31761
jesuisPhilippeBraham,31762
extrememakeover,31763
Bronzes,31764
البرد_يقتلهم,31765
المغرب,31766
rai3,31767
Presadiretta,31768
complimenti,31769
ManifParis,31770
Manif11J,31771
LesLoupsSontSortisDeParis,31772
SiJetaisFakirEtBenjaminJe,31773
DallasCowboys,31774
Lamarseillaise,31775
marchenationale,31776
RealiseMonPlusGransReveStpPtitChat,31777
HappyBirthdayZaynFromFrance,31778
horrendas,31779
pasdepartielpourmoi,31780
harcelementderue,31781
danslespoirdeseretrouver,31782
Bliss,31783
vsocam,31784
visitparis,31785
TeamOfTheYear,31786
Gino,31787
LaFranceForte,31788
ZaynYouAreMySuperhero,31789
quicheenanglais,31790
Historic,31791
askpalayeroyale,31792
GHVIP1,31793
Zoneinterdite,31794
GeordieShoreFr,31795
BelieveInTheShield,31796
peaceworld,31797
humanité,31798
jesuischarline,31799
booby,31800
teamgunners,31801
ToutesLesCulturesSeValent,31802
DroitauBlaspheme,31803
jeSuisFiereDeMonPays,31804
jesuispierrelagulhon,31805
Béarn,31806
Etrange,31807
Absolument,31808
marcchagall,31809
JDC,31810
JDR,31811
JeSuisBlindée,31812
reportersansfrontiere,31813
17bougies,31814
lacmia,31815
foutaises,31816
onsefollowledimanchesanspression,31817
allez,31818
VousÊtesGrandsLesMecs,31819
fashionbrand,31820
streetchic,31821
agerber,31822
jauch,31823
MCB,31824
Cultures,31825
collter,31826
NousommestousCharlie,31827
libresdevivreenpaix,31828
BonsoirsVous,31829
toutpourmageule,31830
LaVivance,31831
mortauxsalafistes,31832
TeamFollowback,31833
3100abonnés,31834
3100followers,31835
ReportersSansFrontieres,31836
juges,31837
Saison2,31838
insatiable,31839
Samia,31840
TerroristeDuRire,31841
AthletiBarça,31842
friday,31843
drank,31844
manifestationrépublicaine,31845
OnEstTousBeaux,31846
fcbatleti,31847
labanderene,31848
fewdaysago,31849
sunnyday,31850
bestphotograph,31851
loveyou,31852
gol,31853
LaPulga,31854
SmsJeSuisEnceinte,31855
GleeTime,31856
repardon,31857
MessiSuarezNeymar,31858
MSN,31859
fromapollontobouda,31860
Suarez,31861
UP,31862
UpNoNego,31863
NoNego,31864
ufml,31865
LeBossFinalEstLa,31866
DeLeauPourLesElephants,31867
teamBarca,31868
AideMoiARealiseMonReveStpPtitChat,31869
Win,31870
CampeónEnElCampNou,31871
wars,31872
Rhum,31873
rerepardon,31874
Deleaupourleselephants,31875
Pied,31876
ToutÇaPourGanja,31877
EPPlenary,31878
eudk,31879
fuark,31880
MissFrance2015,31881
wearing,31882
COUTURE,31883
fanatiques,31884
geordieshorefr,31885
S04E12,31886
ASMCGB,31887
ViveLaRepublique,31888
ProblemeDefille,31889
gm,31890
BelieveInSethRollins,31891
FutureWHC,31892
GrandeCauseNationale,31893
oupsjesort,31894
smsjesuisenceinte,31895
lesLoups,31896
PaperAgainstGuns,31897
JeSuisBureaudinformationfinancieres,31898
blaspheme,31899
JeSuisCharlieMemeDansMonLit,31900
HypocrisieTotale,31901
LeBlanc,31902
Moscato,31903
TheWitcher2,31904
JeSuisChomeur,31905
ZoneSpeciale,31906
ZoneInterditeSpécial,31907
sand,31908
Ramallah,31909
JeSuisEtudiant,31910
geodieshorefr,31911
LouisII,31912
ShootingByFranckyLartiste,31913
Coupindeloin,31914
Lolbira4Ever,31915
parismatch,31916
TeamMehmet,31917
NDX,31918
SexeFriend,31919
Rebeu,31920
Métisse,31921
Turque,31922
ChristopheDeloire,31923
ScottishTerrier,31924
takecare,31925
LaMarcheRépublicaine,31926
Seilhac,31927
CaVaTropLoin,31928
goldenglobesday,31929
TeamS1CH,31930
lesbronzer,31931
Dérisoire,31932
SavoirPkoi,31933
Wooooo,31934
SpecialBarré,31935
DesBARRE,31936
MJGM,31937
LiberezAmine,31938
Solidarity,31939
JeSuisAthée,31940
HillaryPasseDuTempsAvecNous,31941
situtedemandesouestcharlie,31942
1ère,31943
YaBon,31944
LiberezAtm,31945
bitchesproblem,31946
prépa,31947
Merdeux,31948
FranceCul,31949
JsuisVraimentTropCon,31950
LesFous,31951
backstages,31952
LyonCity,31953
ImTired,31954
IwantToSleep,31955
mere,31956
tristeFrance,31957
TeamValéprout,31958
PNR,31959
PutainDeMerde,31960
BahLesCouillesDuPassé,31961
Clap,31962
LouisAoda,31963
JMJ,31964
lydia,31965
Tocardinho,31966
FermeTaMèreStp,31967
jesuishumain,31968
CatSitting,31969
FranceUnityMarch,31970
jesuislenigeriawesh,31971
jourhistorique,31972
WhiteWalkers,31973
WinterIsNotComing,31974
Reminder,31975
Caburicature,31976
LaChaineParlementaire,31977
Sign,31978
correctionautomatiquebourbière,31979
JeSuisChiara,31980
LaMarseillaiseEstCharlie,31981
Rmclive,31982
Broncos,31983
UnitedInOrange,31984
EDD,31985
Road,31986
roadtrip,31987
xotothedeath,31988
Coupinedeloin,31989
littlemonsters,31990
objectifmoins15kilos,31991
maigrir,31992
course,31993
chessy,31994
interrodemathsdemain,31995
jevaismourir,31996
commedhabhein,31997
jaitropraisonwsh,31998
funnywalk,31999
funnyrun,32000
DoudouIsTheBest,32001
ViveDoudou,32002
DÉPARTEMENTALES2015,32003
PLOËRMEL,32004
ALYLESBMERCREDI,32005
onestfaiblesquandmeme,32006
CapuCoAnimatrice,32007
Depuistesensegpa,32008
onestmalbarréesmoijpensepaspersoptdrlolilol,32009
JeSuidChiara,32010
Berth,32011
pasfauxonestpasencoremortes,32012
ClemPechoAly,32013
HopitalQuiSeFouDeLaCharité,32014
djsem,32015
jeSuisChretiens,32016
jeSuisJuif,32017
Parisan,32018
salmon,32019
prawns,32020
cucumber,32021
chili,32022
AfidaLove,32023
BoobaEtaitDejaDansLeFutur,32024
ToutCqueJai,32025
nausée,32026
Keblack,32027
alyvabaiserclemsoon,32028
napjuv,32029
TooCoolForSchool,32030
Libertad,32031
RepubliqueFrançaise,32032
Someone,32033
OnSoutient,32034
offJusteAvecToi,32035
ClemMaMeufJusquen2016ApresBlc,32036
Cam,32037
génialeimpertinence,32038
RuptureAlyEtClem,32039
ClemPleureBcAlyLaLarguée,32040
HAVEN5,32041
renewhaven,32042
vousavezditpro,32043
JeuDeMotAChier,32044
Crowds,32045
lastpictures,32046
LRR,32047
bikes,32048
Series,32049
parisattacks,32050
ClemVaAllerEnPrison,32051
DetournementDeMineur,32052
JeSuisBaguette,32053
OLOL,32054
RdvEnTerreInconnue,32055
poudredocre,32056
namibia,32057
himbas,32058
Cavapasdutout,32059
blonde,32060
barbie,32061
ChalghoumiVoice,32062
romainHamouma,32063
Suriye,32064
Lübnan,32065
Afganistan,32066
MimieMaty,32067
BeAmazing,32068
SpinTires,32069
Steam,32070
AdieuBalkany,32071
CanadianScreenAwards,32072
chandeliers,32073
corpsDeLache,32074
Guard,32075
Constantin,32076
ميا_خليفة,32077
MiaKhalifa,32078
hzeballah,32079
DjClement,32080
Brazil2015,32081
Métropoles,32082
NOTRe,32083
DirectSenat,32084
coke,32085
discothèque,32086
AdemJashari,32087
ZahirPajaziti,32088
AgimRamadani,32089
SHAME,32090
jesuisfrancais,32091
Bronze,32092
andirons,32093
waytooexcited,32094
SkinMystere,32095
Cadeau,32096
GalziMinuit,32097
LesMalices,32098
Marquand,32099
Napoleon,32100
vigilancejaune,32101
aid,32102
mutualweirdness,32103
Bagged,32104
travaillerPourNourrirLaFamille,32105
GreasePower,32106
Debut2015CesPasBenefDeja,32107
JesuisNigeria,32108
littlevoices,32109
alerteorange,32110
vents,32111
mimarVoice,32112
Dramatic,32113
skies,32114
Workhard,32115
NouvelleSérieDuMercredi,32116
flying,32117
harrier,32118
bagged,32119
pâtesCarbo,32120
TenueQuiPassePasMêmeAvecLeBonnet,32121
événementiel,32122
Paris19,32123
vaccinations,32124
accessories,32125
bracelets,32126
ring,32127
NMAMA,32128
Sushis,32129
teach,32130
applied,32131
linguistics,32132
département,32133
polonais,32134
selapète,32135
Lady,32136
JeSuisD1Patience,32137
ivanawong,32138
HongKong,32139
China,32140
timeout,32141
HeartoftheSea,32142
RonHoward,32143
Bad,32144
StopHuchon,32145
melanie,32146
Saltarelle,32147
Dancer,32148
accrochetoijeannotcavazouker,32149
audessuscestl,32150
LouisBertignac,32151
audessuscestlsoleil,32152
Jaipasmoncharlie,32153
humanity,32154
valeursactuelles,32155
PenseesDuJour,32156
rosé,32157
sign,32158
balance,32159
OlafurEliasson,32160
arabicbeauty,32161
charmeoriental,32162
Veränderung,32163
Leben,32164
Schade,32165
Hoffnung,32166
Liebe,32167
Neues,32168
sdf,32169
finale,32170
DAGHEMUNEGU,32171
Bartender,32172
LeTrainBleu,32173
EnsembleNousPouvons,32174
goaway,32175
dosomethingproductivewithyourlife,32176
Reading,32177
DontJudgeMe,32178
golddiggers,32179
undercoverboss,32180
emissions,32181
Firstlove,32182
TeamMotta,32183
ServiceMilitaire,32184
ForeverAStark,32185
ByeBitches,32186
JnanaYoga,32187
brazza,32188
WorkGnS,32189
gabriel,32190
CoupeDecaleIvoirienLesBest,32191
LeNombre23,32192
morbide,32193
pasdechance,32194
reveildanscinqheures,32195
dernierpartiel,32196
CreteEspagnol,32197
BlondHair,32198
Tribal,32199
ambassade,32200
keepthesmile,32201
versiondupauvre,32202
JeffKoones,32203
gribis,32204
doloreanmusic,32205
PhraseDeChronique,32206
JiříBarta,32207
Morsay,32208
Xavibes,32209
Artwork,32210
Them,32211
dudaexistencial,32212
4inthemorning,32213
TweetCommeLimamDeDrancy,32214
ChristianoRonaldo,32215
bureaudepresse,32216
heureusementjaidespotesauxstatesetaujapon,32217
TropDeTaff,32218
Pasfatigue,32219
LesMecs,32220
ShowcaseParis,32221
Vocaloid,32222
vocaloid,32223
mirai_sega,32224
Schizophrène,32225
Ouuuuiiiiiiiiiiiii,32226
MariahAVegas,32227
Fulltest,32228
givemegin,32229
YouAreBeautifourItsTrue,32230
jesuisChatouille,32231
aLinkBetweenWorlds,32232
TheLegendOfZelda,32233
thecrew,32234
want,32235
plusquedemain,32236
UnDemiMagnifique,32237
Tempete,32238
Autriche,32239
ALCombineFun,32240
DesVraiLettres,32241
Tchadien,32242
CEMAC,32243
OneTheRoadAgain,32244
pmp,32245
1ES2,32246
song2,32247
Tournage,32248
Hermann,32249
leanstartup,32250
ilesrelou,32251
WWEImmortals,32252
mz,32253
fingerscrossed,32254
TropDeVent,32255
newmemberofthedudufamily,32256
LeMikadoSansChocolatCestAussiConQue,32257
LeMikadoSansChocolatCestAussiConMemePireQuEliott,32258
Brunodanslaradio,32259
LivreDeVoyage,32260
ruedutemple,32261
JPMorgan,32262
BenoitXVI,32263
jeveuxresterdansmonlit,32264
whilethecatsaway,32265
maps,32266
spam,32267
LeMikadoSansChocolatCestAussiCon,32268
PourLaPaix,32269
kielbunker,32270
BourbonLancy,32271
Californie,32272
images,32273
Flux,32274
8YearsOfKidrauhl,32275
اللوفر_أبوظبي,32276
quelestcehashtag,32277
poop,32278
stratégie,32279
BiggerStars,32280
here,32281
mcommerce,32282
promenadedumatin,32283
pretatout,32284
FPV,32285
quadricopter,32286
teamRacer66,32287
CarlieHebdo,32288
OhHappyDay,32289
TeamASP,32290
entrainement,32291
Adeline,32292
FI,32293
HenriSappia,32294
chanceuse,32295
jesuisclient,32296
wta,32297
igerstoulouse,32298
Partage,32299
headshot,32300
spéculation,32301
uneaubaine,32302
onsenfout,32303
enretard,32304
1AnsDePlus,32305
blaguepourrie,32306
dentiste,32307
déterminés,32308
eTourisme,32309
OTA,32310
reservation,32311
İktisat,32312
SosyalBilimler,32313
BienEtre,32314
Okalm,32315
4g,32316
8crap,32317
Plonger,32318
INFOGRAPHIE,32319
LVNASY,32320
Pinterest,32321
rse,32322
dd,32323
BranletteTime,32324
CatsOfInstagram,32325
RedditGift,32326
Cutie,32327
OscarNoms,32328
ClasseDansLesNuages,32329
Sharegrid,32330
jura,32331
climatechaos,32332
TopOfTheLake,32333
BigHero6,32334
NewGeneration,32335
ZirkaSlach,32336
Chine,32337
MEDDE,32338
bloggers,32339
bloggerparis,32340
gucci,32341
DragonBalls,32342
real,32343
surpris,32344
HyperCarcher,32345
Pétition,32346
Lesgens,32347
Thursday,32348
UFO,32349
Highway,32350
WaytoCognac,32351
Charente,32352
sciencesdeleducation,32353
delit,32354
NIKlaconnerie,32355
LesMalheursDeSarah,32356
Expo,32357
tgvpro,32358
BenAlors,32359
صباح_الخير,32360
JeSuisTerence,32361
minipoutine,32362
tweetville,32363
Lufthansa,32364
SWISS,32365
FredericVion,32366
telematin,32367
psg4ever,32368
suivezmonregard,32369
antipsg,32370
burnOut,32371
VilleDeSchiltigheim,32372
cassecouilles,32373
youpitralala,32374
JeSuisDemocrate,32375
greatdaysofar,32376
haunting,32377
utopie,32378
UsainSpirit,32379
KeepTheFocus,32380
cookie,32381
pyschose,32382
ordure,32383
CookieLyon,32384
Wind,32385
welcom,32386
BSG10YEARS,32387
TheWall,32388
vite,32389
hakim,32390
ShawnMendes,32391
bento,32392
Jlist,32393
Roques,32394
charlieavant,32395
Absinthe,32396
ProcheOrient,32397
VE,32398
toast,32399
sausage,32400
juice,32401
coïncidences,32402
TendancesTVInternationales,32403
NOTAFall2014,32404
EducationNationnale,32405
Veronique,32406
teamCH,32407
rythme,32408
CestPasTropTot,32409
ClapClap,32410
yonnetourisme,32411
fantassinsdeladémocratie,32412
BeaulieusurMer,32413
TeamAlgarve,32414
sakharov,32415
award,32416
ezraPound,32417
NewDorpNewYork,32418
VeryCorrect,32419
GoodbyeLyon,32420
WannaFellAmong,32421
ANightOnEarth,32422
GrèveTrans,32423
PCFocus,32424
ECForum,32425
RC,32426
YeuxQuiPique,32427
TêteDansLeCul,32428
YAUAPT,32429
Baka,32430
TemptationIsland,32431
GotTalent,32432
Borinnnngggg,32433
PlaceAuxJeunes,32434
Mac4ever,32435
MacBookAir,32436
12pouces,32437
retoursurleplateaude,32438
creativamontpellier,32439
DOY,32440
CBNews,32441
jesuisunemarmotteenhiver,32442
NCISNewOrleans,32443
CSICyber,32444
BravoLinspiration,32445
CanYouHelp,32446
Nes,32447
glandage,32448
CharliePourTous,32449
SMM,32450
SM,32451
wearable,32452
nécessité,32453
Jordskott,32454
FlukAndGluk,32455
webmarketing,32456
webentrepreneur,32457
ereputation,32458
Avatar2,32459
Narconovelas,32460
OnNousPrendraitPasPourDesJambons,32461
NoExcuses,32462
Narcos,32463
BFMàNousDeVousFaireKifferLaConnerie,32464
EtOnFaitTournerLesServiettes,32465
2015LannéeOùJeSuisDevenuLeChrist,32466
ilfautquesachange,32467
personna,32468
Mikado,32469
MangeDeLairÇaFaitMaigrir,32470
PartielsEconomie,32471
UnJourUneConnerie,32472
AttentionAuDépart,32473
cestlacrise,32474
Geotalks,32475
SexAndTheCity,32476
TweetDeGénie,32477
NOTA,32478
fauxcul,32479
0respect,32480
Arrache,32481
jefaisquoimaintenant,32482
AunisSud,32483
projetdeterritoire,32484
cohérent,32485
dynamique,32486
Nionnnn,32487
arms,32488
UMPFHaine,32489
tweetcommeCiotti,32490
MalPalant,32491
FreudForEver,32492
FuckingCoPilote,32493
CestChiantDeCorrigerLeursPutainsDeDossiers,32494
CaMeSaoul,32495
PointFX,32496
Playground,32497
elsevierdates,32498
NyusuShow,32499
Bumper_LeBoulevard,32500
stressée,32501
wauquiez2015,32502
salehistoire,32503
traquenard,32504
decourager,32505
NouveauSouffle,32506
ذكرى_وفاة_الشيخ_جابر,32507
Hangover,32508
KTO,32509
tvc,32510
npvr,32511
Groupe,32512
Tournoides6Nations,32513
psa,32514
XVdeFrance,32515
OrangeVillage,32516
JeSuisLaotienne,32517
6Nations2015,32518
GrandChelem,32519
renerusso,32520
oscar,32521
bestsupportingactress,32522
nightcrawler,32523
JesuisSpiderMan,32524
chewinggum,32525
DubNation,32526
GSW,32527
Siemens,32528
iQ700,32529
jeudi,32530
beautyblender,32531
eponge,32532
LekSen,32533
reggae,32534
PopeInPH,32535
PopeTYSM,32536
Safran,32537
Mitel,32538
bellereference,32539
soshpower,32540
Tomberdansloubli,32541
HuissierSansFrontière,32542
Souffrance,32543
nikerun,32544
getstrong,32545
rainyrunning,32546
Got1YearWithGOT7,32547
BoyMeetsWorld,32548
IAmTopanga,32549
ANSSI,32550
Cybersécurité,32551
WhoIsMuhammad,32552
T6N,32553
6Nations,32554
AuditoBordeaux,32555
RespectMadame,32556
NdéléNdéléStyle,32557
idchampagneardenne,32558
developpement,32559
OuEstMonCanap,32560
Waitandsee,32561
lengow,32562
StormDay,32563
Lang,32564
VannesMoisies,32565
Fourest,32566
SkyNews,32567
slowstarter,32568
drycuts,32569
Link,32570
PierreDac,32571
FrancisBlanche,32572
LaVieModerne,32573
NOTthetimeofmylife,32574
CFE,32575
ABM,32576
wordpress,32577
Beni,32578
TripleCrikkkkkkk,32579
Monusco,32580
Blackbirds,32581
Tissmail,32582
usinedufutur,32583
madeinaube,32584
Kyrgyzstan,32585
wass,32586
webdesigner,32587
kuluna,32588
Essorsavoyard,32589
MemoMymi,32590
Amirrespect,32591
irrespectpuissance4,32592
New3DSxl,32593
ImamDeDrancyVoice,32594
touchepasàmonpoil,32595
restaurants,32596
CiottiStyle,32597
devantFabiola,32598
AssasMelun,32599
eastpak,32600
nonrespect,32601
generation98,32602
bravoLibé,32603
BergesduLac,32604
CLASHBACK,32605
espritbleu,32606
JeMelangeTout,32607
JeMetToutSurLeMemePlan,32608
sade,32609
TLMVPSP,32610
DevoirsDuCitoyen,32611
NOISEYATL,32612
Villefontaine,32613
Yeeess,32614
IdhuNammaAalu,32615
homophobe,32616
GayAgenda,32617
Incantation,32618
Naiveté,32619
Fantasme,32620
UICN,32621
after5years,32622
Nationale,32623
SINIK,32624
NousSommesPartout,32625
WorldInvasion,32626
NotrePeupleVaincra,32627
CestAVous,32628
blondmoustache,32629
JeSuisCameroun,32630
JeSuisRDCongo,32631
recensement,32632
JeSuisAussiShizzle,32633
JeSuisAffamé,32634
Brevet,32635
JeSuisKO,32636
AirForce1,32637
NikeShoes,32638
efs,32639
LeCon,32640
Casanova,32641
TFCSCB,32642
RosheRun,32643
HowIMetYourMother,32644
OnNEstJamaisTropPrudent,32645
DolphinProject,32646
kbn,32647
jechoisismadosettetoutlesmatins,32648
ilmemanqueladolcegusto,32649
OnVaSeMarrerEn2015,32650
Casting,32651
12CoupsDeMidi,32652
AnnivASSP,32653
ShameOnYOU,32654
ComédieMusicale,32655
PrendsGardeMisterFox,32656
AsmFcn,32657
Ara,32658
recipes,32659
pumpkin,32660
DuckFace,32661
Erasmus2,32662
Ruhani,32663
AntiSociale,32664
Bétadine,32665
TomLePhilosophe,32666
Ideesblanches,32667
umpire,32668
DeanMorris,32669
i24news_FR,32670
TeamJérémyPV,32671
Pilgrimage,32672
didibudiardjo,32673
OperaGarnier,32674
costumes,32675
réserve,32676
atelier,32677
magnifiques,32678
tutu,32679
RSOVIL,32680
publikart,32681
ambitions,32682
vigiles,32683
MeilleureAmie,32684
ParisAimeNiki,32685
Consommation,32686
SpecialInvestigation,32687
AVoir,32688
TedAndRobin,32689
QuiComprendra,32690
FièreDeRico,32691
jaibon,32692
Interstellar,32693
hommageàTignous,32694
iphone6plus,32695
oraclesecurity,32696
OracleFinance,32697
SPV,32698
légende,32699
QueenB,32700
colorofyear,32701
decoration,32702
marsala,32703
WHL,32704
Prospect,32705
LTE,32706
Moulins,32707
auvergne,32708
sfr,32709
OracleSecurity,32710
Journaux,32711
Braves,32712
theygottastop,32713
whyyyyyyy,32714
Ibtissam_On_Hitradio,32715
lmptnistes,32716
faisch,32717
Contente,32718
Imams,32719
plr,32720
pdc,32721
JeCompteLesJours,32722
DearCashmere,32723
DigitalDetox,32724
BullshitsForTeenagers,32725
dummies,32726
FNEK,32727
joalheria,32728
fíbula,32729
granada,32730
Normandia,32731
fibulae,32732
Francetelecom,32733
fauted,32734
S2E7,32735
CaptPaulWatson,32736
LNEcanal,32737
BienvenueGianni,32738
couleur,32739
cheveux,32740
Impatience,32741
ECE,32742
EBS,32743
CampusEiffel,32744
WickedParadise,32745
NightClub,32746
jeforce,32747
Oraclesecurity,32748
technology,32749
veggie,32750
lanaive,32751
vice,32752
popozer,32753
CanonsLesCollegues,32754
discrimination,32755
SoniaAdjadjWayOfLife,32756
tassimomorning,32757
leMalentendu,32758
Windows,32759
charliehebdon1178,32760
collecte2015,32761
Hygiene,32762
rapfrancais,32763
neloublionspas,32764
canalalademande,32765
Léti,32766
bourgine,32767
Herve,32768
attraction,32769
teamFamous,32770
oscars2015,32771
Gourdel,32772
cestpasmonmoteur,32773
Emirates,32774
EK078,32775
codeshare,32776
Qantas,32777
RogersOnPenseAToi,32778
ViveCanal,32779
cybersecurity,32780
AppleAddict,32781
PlatduJour,32782
planes,32783
planespotting,32784
Chtis,32785
DaySick,32786
Drug,32787
Watch,32788
MichealKors,32789
Oscar2015,32790
Week,32791
Guests,32792
tips,32793
Lifeisabitch,32794
ungarsunefille,32795
TeamJulianneMoore,32796
djihadiste,32797
Laffont,32798
islamique,32799
WTFF,32800
SkyrockForever,32801
HelloBank,32802
BAPE,32803
theyoungandtherestless,32804
JeSuisFrancoisCoulibaly,32805
bombita,32806
CineArgentino,32807
Jeresteraicharlie,32808
SuperLoveForSuperJunior,32809
Occident,32810
madagascar,32811
GDA2015,32812
Frejus,32813
kawaii,32814
Indoforever,32815
ZotEnTriiip,32816
GANGLAND3,32817
timbuktu,32818
salzigen,32819
Geschmack,32820
leber,32821
teamTaubira,32822
TeamMalzieu,32823
Nominations,32824
Flopignon,32825
déjàCharlie,32826
TeamHillaryForever,32827
pagespeed,32828
vafalloirs,32829
Myhospifriends,32830
businessplan,32831
socialnetwork,32832
S2E8,32833
paname,32834
nikewomen,32835
RienAfaire,32836
EnnuiTotal,32837
ByeFelicia,32838
widerstand,32839
DrizzyFuckU,32840
madameboisseauxmskn,32841
Nexity,32842
aviation,32843
flights,32844
HELP,32845
PetiteAgitée,32846
Flammarion,32847
tempspourri,32848
LittleEnergyBox,32849
board,32850
AuBoutDuRouleauAvecCetteReco,32851
NextWeek,32852
Agglo,32853
sésame,32854
PROTÉINES,32855
whenyousatbehindmeinchoir,32856
thosecommentsunderyourbreath,32857
comeon,32858
Winogrand,32859
OscarsNoms,32860
NajwKaram,32861
5RUEDELALMA,32862
Student,32863
universitéendanger,32864
AAPTL,32865
doubtful,32866
diversify,32867
postpartiels,32868
écoute,32869
Sensibilisations,32870
REX,32871
audits,32872
Coeursurtafindejournee,32873
GETITSTRAIGHT,32874
ERASMUS,32875
EpicTrip,32876
Zola,32877
Glassdoor,32878
MarqueEmployeur,32879
PuteAClics,32880
delayedflight,32881
LaReineDesNeige,32882
bank,32883
AutomaticExchange,32884
lassana,32885
bouchons,32886
DigitalDelivery,32887
SLCPs,32888
climateaction,32889
Marioncotillard,32890
AspiraGuzz,32891
VoeuxGL,32892
Veil,32893
AVUC,32894
Classico,32895
fcbreal,32896
campnou,32897
TheWitcher,32898
WildHunt,32899
AppleFrance,32900
JustSayin,32901
JparlePeu,32902
LaRépubliqueDesCopains,32903
stopbokoharam,32904
FTTH,32905
danceeeee,32906
закат,32907
замок,32908
каркасон,32909
Tonusstaps,32910
galerieVivienne,32911
pfiuuu,32912
NajwaKaramBirthday,32913
fablab,32914
plateformeC,32915
fuckcupidon,32916
NoLove,32917
kaaris,32918
CHF,32919
counard,32920
LeCombatDeMaFille,32921
LouisPassionFuturES,32922
Oullins,32923
RIPAAP,32924
dylangiveusadamnselfie,32925
TroopingTheColour,32926
consocollab,32927
écologiehumaine,32928
barefoot,32929
GadPresident,32930
jobs,32931
MIAMTEC,32932
MatMastaCut,32933
ATR,32934
Conquet,32935
port,32936
vague,32937
massage,32938
psy,32939
bienetre,32940
relaxation,32941
Canadians,32942
unemedaillepourLassana,32943
Jesuisinsolente,32944
Mulungé,32945
lastTweet,32946
winnielourson,32947
IronMan,32948
BIOMECA,32949
ANAT,32950
Peripherique,32951
éclairs,32952
official,32953
JeSuisLeo,32954
EtalementMobile,32955
librepensée,32956
moiaussi,32957
PUNK,32958
realcoffee,32959
please,32960
Pape,32961
MissYouuuu,32962
TeamFlo,32963
BugattiVeyron,32964
AsMonaco,32965
DesBarresAvecReese,32966
hautepierre,32967
reporterssansfrontieres,32968
faitpitié,32969
Xynthia,32970
kyovlogs,32971
nrj12lachaine,32972
OnSeFolowLeJeudiSansPression,32973
ChloéEstEnPyjama,32974
KurokoJ1,32975
GT3,32976
Fifa14,32977
mileycyrus,32978
FolowForFolow,32979
amortlebac,32980
dcem4,32981
ecn2015,32982
examenapproche,32983
iOS,32984
LeMikadoSansChocolatCestAussiConQueMika,32985
oscaro,32986
SéduisanteEnHiver,32987
migrants,32988
dissection,32989
bestproject,32990
JeSuisPatrick,32991
JeSuisSioniste,32992
JeSuisLaLibertéDExpressionDeLHommeBlanc,32993
tweetcommemorandini,32994
conge,32995
exactement,32996
pardy,32997
summerwiththesquad,32998
RemontadaBlanca,32999
RMAvsATL,33000
SaleSituation,33001
friendzone,33002
thecut,33003
génocidearménien,33004
BugsBunnyRose,33005
CampusComedyTour,33006
squatchallenge,33007
thebigc,33008
ALHockey,33009
TeamHAC,33010
fastlife,33011
swaggdebonhomme,33012
kinder,33013
wizkhalifa,33014
CEVPU,33015
MERCATO,33016
BoysOfZummer,33017
taulier,33018
fatiguee,33019
BeliebersAreTheBestFansInTheWorld,33020
TodayTheChannelAtYtKidrauhlAre8Years,33021
Jeu,33022
buffon,33023
Ifos,33024
EddyMalou,33025
Villers,33026
Thiant,33027
TransfertTLMSF,33028
TheJanuaryPact,33029
fle,33030
francaispro,33031
ouiiiiii,33032
EasySemestre,33033
cdanslairJ,33034
Introducing,33035
inha,33036
SiSi,33037
LIGNEJ,33038
cheveuxPasAssezCrépus,33039
VismaVie,33040
mixedHairProblems,33041
Terraser,33042
roussillon,33043
south,33044
mercisimulateur,33045
enthéorie,33046
MyTattoo,33047
TomKingue,33048
Trop2Punchlines,33049
TechnikAvancée,33050
Verviers,33051
jesuispecquery,33052
transdisciplinaire,33053
ouverte,33054
Juste,33055
stanatwork,33056
avocat,33057
Meal,33058
DidierBourdon,33059
StéphaneMeunier,33060
AnneGregorio,33061
NabileQuenum,33062
magrandmaman,33063
missioncomendo,33064
GyulaKosice,33065
KiffStyle5,33066
JeFollowTPMPParceQue,33067
ValentinAdore,33068
LeSaviezVous,33069
Musers,33070
HuaweiBattle,33071
Deter,33072
Nexus9,33073
Lollipop,33074
HTC,33075
4YearsOfKidrauhl,33076
ami,33077
ange,33078
teamBrioche,33079
LePointDeNonRetour,33080
PSYCKOZ,33081
Idealizer,33082
haunted,33083
SaintPierrelèsElbeuf,33084
OnSeFollowLeJeudiSansPression,33085
21juin,33086
pancakes,33087
2anset6mois,33088
Castelnau,33089
cetaitbienparti,33090
antiBokoHaram,33091
TheStruggleStarts,33092
APOAL,33093
hollandedegage,33094
KiranaBedi,33095
PapeFrancois,33096
regionales,33097
ClubCanalsat,33098
syfy,33099
SWECIV,33100
LoireAtlantiqueAGauche,33101
JazzyMood,33102
Lelexirdamour,33103
MoiMocheEtExtremementCon,33104
jeremstar,33105
teamcelib,33106
HastaElFinalVamosReal,33107
teamMyriamC,33108
Vigipicrate,33109
jeunetalent,33110
Libertés,33111
teamyeuxbleuvert,33112
CleanCoton,33113
YankeeCandle,33114
BVB,33115
Marion,33116
gothamCity,33117
coupage,33118
JeSuisTonOngle,33119
légèreté,33120
meringue,33121
marron,33122
QATBRA,33123
poise,33124
RMAATM,33125
TraitementCapillaire,33126
DébatF24,33127
BakyTraitement,33128
escrocs,33129
MedyaÖzgürOlmadan,33130
grosdoss,33131
pittstate,33132
tweetinutile,33133
Kyros,33134
AperoRH,33135
instituthongrois,33136
Jane,33137
TheorieDuComplot,33138
GretaeVanessa,33139
Krivine,33140
tissage,33141
TPMPofficiel,33142
KiranBedi,33143
jaichand,33144
silverFox,33145
Magma,33146
Kohntarkosz,33147
skynews,33148
vod,33149
letsplay,33150
Sicile,33151
NRJToulouse,33152
Sebastien,33153
lme,33154
ipa14,33155
AperosRH,33156
MarketingRH,33157
Harden,33158
Houston,33159
MonOncleCharlie,33160
Antécédents,33161
phrasedeprof,33162
pokeconcours1501,33163
TerrorAttacks,33164
WestetnEurope,33165
audi80,33166
cm56270,33167
LeTop,33168
8yearsofkidrauhl,33169
PhraseDuMoment,33170
TEAMRÉAL,33171
onlytryingtohelp,33172
jesuisenforme,33173
bonneactrice,33174
dominos,33175
SeanFaris,33176
MOTO,33177
UnAirDeFamille,33178
Yonne,33179
MerylStreep,33180
RueDuTemple,33181
awkward,33182
ouestlerespect,33183
OrchestreDeParis,33184
paavojärvi,33185
classical,33186
LaMainVerte,33187
ÇaSuffisme,33188
karinelecchi,33189
summer15,33190
Valoche,33191
VotonsLaConfiance,33192
Départementales2015,33193
GOLF,33194
haha,33195
VenomSnake,33196
PunishedSnake,33197
OuterHeaven,33198
DiamondDogs,33199
SolidSnake,33200
nabucco,33201
Dongiovani,33202
fayot,33203
cestfou,33204
lmao,33205
CivSwe,33206
Galettedesrois2015,33207
montaigne,33208
jesuisuneconnasse,33209
Pétrole,33210
laparfumeriebordelaise,33211
ChanteCommeUnSoirAuBarberousse,33212
BDlive,33213
pureplayer,33214
Haylor,33215
Paris16,33216
SaveAlsace,33217
ElsassFrei,33218
sweat,33219
bestfilm,33220
VousCassezLeGame,33221
Stéphan,33222
Rossignol,33223
lawstudent,33224
bordeldedroit,33225
PrayForBelgium,33226
HerveGourdel,33227
IndiraGandhi,33228
ArvindKejriwal,33229
logicpro,33230
guitare,33231
bass,33232
Volcabeats,33233
KORG,33234
YOUPI,33235
MaMainDroite,33236
MonSeulAmour,33237
scally,33238
chav,33239
sockfetish,33240
stinking,33241
Emergency,33242
FBC,33243
Eattime,33244
deuxiemeBureauPb,33245
Evan,33246
Peters,33247
SketchFreedom,33248
atlantis,33249
leloft,33250
BFC,33251
ForeverWithZelo,33252
WaitForYou,33253
BoycottDuMondialDeHandAuQatar,33254
Ibtissam_On_HitRadio,33255
ElNiño,33256
arrogance,33257
ElsaWolinski,33258
безфильтра,33259
Gus,33260
S2OnSixx11n12,33261
S2onSixx11n12,33262
fragiliteyy,33263
motivonsnouspouruncorpsdereve,33264
jaileschevillesquienflent,33265
birthdaygirl,33266
ChloeEnPyjama,33267
RienQuiVa,33268
Explication,33269
ParfumerieBordelaise,33270
UnionJBestFans2015,33271
Guilers,33272
FreeIsrael,33273
1DBestFans2015,33274
NSNrjmobile,33275
KeyOfSoul,33276
instafriend,33277
AimeTaVille,33278
BIA,33279
toronto,33280
BreakfastInAmerica,33281
PUTATLETI,33282
perplesso,33283
muore,33284
italiano,33285
artista,33286
circo,33287
Montecarlo,33288
piou,33289
LoireAtlantique,33290
jetairways,33291
india,33292
Phenomene,33293
SR4,33294
FrappesIntergalatiques,33295
TeamREAL,33296
remontadablanca,33297
realatl,33298
reaatl,33299
nsvote,33300
PETERS,33301
B20,33302
calculette,33303
kev,33304
college,33305
puuuiiiissance8,33306
adamsienne,33307
lyontechnocity,33308
vieuxbail,33309
base,33310
NSvote,33311
Oblak,33312
frontex,33313
CalculsDeDoses,33314
S2onsixx11n12,33315
VoeuxCCI,33316
unioneuropeenne,33317
wpantone,33318
soireeagence,33319
Prague2015,33320
prettyplease,33321
workoutfreak,33322
philharmonie,33323
RemiseANiveau,33324
peacebyvsp,33325
vsp,33326
vspparis,33327
flagship,33328
boutique,33329
skullhead,33330
teamatletico,33331
TuVasFaireQuoi,33332
Mainecoon,33333
Ibtissam_On_HitRAdio,33334
TeamSenat,33335
oppositionAu,33336
saintsebastien,33337
inouïs,33338
JeSuisBelge,33339
S2OnSixx9n10,33340
DestinationFinal5,33341
prépaCS,33342
actifed,33343
DirectSR,33344
canteloup,33345
lightninhopkins,33346
burnin,33347
folk,33348
lp,33349
fontana,33350
recordoftheday,33351
unmur,33352
cantstopsmiling,33353
kevadams,33354
momolaphilosophe,33355
TiboInShape,33356
HONEYMOONTOUR,33357
ExamenesFinales,33358
DF5,33359
LoveYouMesChats,33360
BIC,33361
DelightAFriend,33362
petitjournal,33363
FiansoSurSkyrock,33364
DALSaBruxelles,33365
someonestopme,33366
TeamTal,33367
jesuismartine917,33368
jeSuisUnAshtag,33369
Encloquemodedemploi,33370
ns,33371
GomezEtTavares,33372
EpreuveUltime,33373
PaypalNightly,33374
Withings,33375
Hypocrite,33376
StatutVisé,33377
LesMédiaNousManipulent,33378
foxnewslies,33379
Destinationfinal5,33380
lasaturation,33381
MonCandidat,33382
TeamMadameZizi,33383
DestinationFinale5,33384
enpleinecréation,33385
liars,33386
NSoui,33387
AúpaAtleti,33388
elnino,33389
tresgrandjoueur,33390
Noui,33391
Maëva,33392
vautmieuxêtreseulequemalaccompagnée,33393
LeTransporteurLaSerie,33394
Ipagienne,33395
NSnon,33396
objetconnecte,33397
nsnon,33398
THATLou,33399
LittleGoguette,33400
Teamatletico,33401
T6N2015,33402
salekarma,33403
VincentMonteTonGrec,33404
stainedglass,33405
vitrail,33406
RealvsAtletico,33407
DDC14,33408
BETC,33409
thaï,33410
datgout,33411
KnicksvsBucks,33412
Bucks,33413
NBALondon2015,33414
realatletico,33415
antiTerrorisme,33416
Jihadisme,33417
ÇaAidePas,33418
waiting,33419
maphilosophie,33420
LaurentBaffie,33421
ping,33422
PrioritéesChelous,33423
AugmentedDev,33424
Adways,33425
Headoo,33426
Ubudu,33427
bns,33428
ParisOpera,33429
AnotherYearOfMiracles,33430
NSvotepas,33431
quepasa,33432
mafamille,33433
leConquet,33434
ParieurEnCarton,33435
ParieCommeJolanEtNassim,33436
SamCooke,33437
PrimoLevi,33438
patrickswayze,33439
toujoursencomposition,33440
LaurentRuquier,33441
30MinutesMaximum,33442
PostBadSneackers,33443
emji,33444
Deborah,33445
whitneyhouston,33446
VacancesDHiver,33447
SLA,33448
redondance,33449
GenouToutNeuf,33450
NSOUI,33451
Emji,33452
Amaretto,33453
LicencePro,33454
ChargédeCom,33455
SNoui,33456
bleus,33457
destinationfinale5,33458
allyourneedislove,33459
ChezMoi,33460
FauxÉcuménisme,33461
preparatifs,33462
patisseries,33463
podium,33464
destinatonfinale5,33465
NSbleu,33466
CHFEUR,33467
CHFUSD,33468
CHFJPY,33469
CHFGBP,33470
CygneNoir,33471
retourauxsources,33472
destinationfinale,33473
medis,33474
bébou,33475
LaGrinta,33476
Angie,33477
DreamOnChris,33478
ciotti,33479
ByeBye,33480
Besoindemeretrouver,33481
MaisonAVendre,33482
LivretA,33483
DomeDuFoot,33484
JDA,33485
RPZFRESNEL,33486
ILoveKF,33487
pointeuse,33488
MissUniverse,33489
SaintMarcelLefębvre,33490
LesMediaNousManipulent,33491
FrancesIsabel,33492
LeslyPassionEmbrouille,33493
futurInfirmiere,33494
LeHoquet,33495
AvecBLM,33496
TwinPeaks,33497
CoffeeScrub,33498
détresse,33499
Franky,33500
Leon,33501
Podium,33502
apreschangementdenumero,33503
Solide,33504
LeQuatuorDeSaMèreQui,33505
saudades,33506
SélimPassionFraude,33507
restau,33508
meal,33509
bagels,33510
amaretto,33511
ny,33512
Simeone,33513
Ursula,33514
grauenvoll,33515
atletirealmadrid,33516
RMDATM,33517
noncestbonjerigolemejetezpasdescailloux,33518
notaire,33519
TeamJaiRaison,33520
tweetdepaumée,33521
ClaireHasATest,33522
Neutrogena,33523
HappyBirthdayRoméo,33524
38years,33525
Old,33526
IWantYouADarlingForBirthday,33527
WinnerLoto,33528
Nouvellestar,33529
RmaAtm,33530
NBALONDON2015,33531
rekt,33532
icry,33533
MeineLiebe,33534
MeinHäschen,33535
Mathieu,33536
jailedroitalafesseesijetelecharge,33537
HYPIXEL,33538
BOOSTER,33539
HAC,33540
FootU,33541
FUN,33542
thesaturdays,33543
usn,33544
Lalanne,33545
envoyespecial,33546
DESTINATIONFINALE5,33547
Trending,33548
ontherise,33549
PeopleareAwesome,33550
nailedit,33551
glamour,33552
OUTREAL,33553
RayBan,33554
ntm,33555
TouteLaSemaineSnapchatBest,33556
DeTristan76100,33557
Varane,33558
THD,33559
AgglomerationDeLAVAL,33560
envacances,33561
Frauentausch,33562
Indomptable,33563
ToiAussiApprendsLeNeerlandaisAvecMandy,33564
cloclo,33565
jfchve,33566
askmarierbt,33567
Mathilde,33568
PDP,33569
MentCommeChamkan,33570
ContournementEst,33571
LiaisonA28A13,33572
labande,33573
Robert,33574
ElcFcb,33575
elcbar,33576
LikeABoss,33577
CoupeItalie,33578
JUVVER,33579
confinant,33580
TeamGL,33581
Fidélité,33582
conservateurs,33583
ELCFCB,33584
CortexLesPyradmides,33585
FatalBazooklash,33586
Nelson,33587
fieredetremetisse,33588
ClaudeJuvet,33589
Chanyeol,33590
destinationfinal,33591
OnEstPasCouche,33592
casual,33593
MeHizoELDia,33594
eleonore,33595
chretiensdorient,33596
ChrétiensdIrak,33597
Chuck,33598
AlsinaNation,33599
TaylorHanson,33600
ZacHanson,33601
ElcheBarca,33602
auboutdemavie,33603
JuveHellas,33604
Coman,33605
JuveVerona,33606
fenomeno,33607
OneOfThoseDays2,33608
NYCMarathon,33609
metroboulotdodo,33610
Gym,33611
SCDGym,33612
Sergi,33613
influenza,33614
LisezDesLivres,33615
Book,33616
Adama,33617
Vallaud,33618
blackcat,33619
BlackPanther,33620
yeapaaaaa,33621
خلنترجم_فرنسي,33622
jesuismali,33623
Jerestecharlie,33624
twopeasinapod,33625
Soireedemerde,33626
NofuZ,33627
Implant,33628
Obèses,33629
nofuz,33630
technologic,33631
Sister,33632
LoveThem,33633
rencontres,33634
adoptemoi,33635
Jevoulaisrestercharlie,33636
influența,33637
StuartEtHeidi,33638
leseum,33639
charles,33640
pointmusique,33641
ohlalakelolos,33642
TheGrandBudapestHotel,33643
WesAnderson,33644
FouRire,33645
monpremierTweet,33646
smartrap66,33647
QueFaire,33648
comingsoon,33649
mommylife,33650
LesGrossesTetes,33651
Birakheim,33652
River,33653
postbadboobs,33654
désabusée,33655
DînerTwittos,33656
Martial,33657
SHEWANTTHED,33658
lelobby,33659
MartinLurherKing,33660
EvoSpeed,33661
Ennahdha,33662
WestBank,33663
Panini,33664
Blancdepoulet,33665
Salade,33666
Tomate,33667
Fromage,33668
Pornfood,33669
Eat,33670
الثورة,33671
sing,33672
msk,33673
cnd,33674
ornah,33675
shotbylumia,33676
GérardBiard,33677
JeSuisLaLaïcité,33678
enemid,33679
PierreNiney,33680
pasdehashtag,33681
GHVIPesBASURA,33682
GHVIP2,33683
TeamJul,33684
NouveauDépart,33685
LoveStory,33686
Guys,33687
Boys,33688
Gays,33689
Instagays,33690
VivementLeLive,33691
TeamPremierDegré,33692
btstourisme,33693
Krkrkrkr,33694
Illner,33695
Sismo,33696
Cardio,33697
FriendsTrip,33698
Adventure,33699
CoprodFamily,33700
Abba,33701
Bonjours,33702
PetitDejeuné,33703
Bonnejournée,33704
FionaIsBack,33705
maybritillner,33706
Corruption,33707
Zzzzzz,33708
h1z1,33709
TeamFou,33710
Hugs,33711
Krkrkrkrkrkr,33712
samandskatemusic,33713
nostalgeek,33714
ClemSaison5,33715
PrendsNousPourDesQuiches,33716
CDEnquête,33717
Nanas,33718
shadows,33719
ShimiFriday,33720
NewBalance,33721
Solde,33722
Keaf,33723
Instamode,33724
iPhone6plus,33725
OnceARedAlwaysARed,33726
lepostedesurveillance,33727
MiklNoLimit,33728
BruleurDeFrontieres,33729
LangageCodé,33730
Halilovic,33731
FCBarca,33732
Saison1,33733
CestParti,33734
Solo,33735
MacbookPro,33736
Aulit,33737
Auchaud,33738
JeSuisValérie,33739
zola,33740
marineaupouvoir,33741
vivenadinemorano,33742
toutcacestacausedesassistes,33743
teamThauvin,33744
WeekendTourangeau,33745
Dsidelannee2015,33746
Khrushchev,33747
Kennedy,33748
el,33749
nuhr,33750
TeamKizomba,33751
nuhrimersten,33752
pills,33753
hommeabeurette,33754
MakiSall,33755
SamLePirate,33756
southpark,33757
GuOnSon,33758
PrayForNigera,33759
Palerme,33760
curious,33761
Googleplay,33762
Tonight,33763
TitaKnicks,33764
Angleur,33765
keurkeurdamour,33766
liege,33767
Tragedy,33768
wise,33769
teamepsilon,33770
LesLarmesDeChagrin,33771
differenze,33772
TropRapide,33773
deGaulle,33774
avenue,33775
ChampsÉlysées,33776
VaYavoirDuDossier,33777
crosswalk,33778
GrosDeDossiers,33779
Venezolanos,33780
NeMeParlezPlusDelle,33781
Garou,33782
Addicted,33783
virusrai2,33784
envoyéspécial,33785
lesfessesdelaliberté,33786
toutcapourunepairedemiche,33787
Y3,33788
SoireeEtudiante,33789
clopetime,33790
Aleatoire,33791
CesNimportequoi,33792
tile,33793
ChampsÉlyséesClemenceau,33794
Lancôme,33795
Challenges,33796
seniseviyorum,33797
PacoRabanne,33798
shining,33799
ValarDolaheris,33800
ElParasitoDelJeudiTardes,33801
AirMags,33802
LyceeNewton,33803
ApologieDuTerrorisme,33804
LoiAntiTerrorisme,33805
OverdoseDeMaths,33806
Operation,33807
Anesthésie,33808
CongoBrazza,33809
Oppositions,33810
Constitution,33811
2014Retrospective,33812
Simba,33813
StopTheBooty2015,33814
LesGarsALhotelLesFillesALaPoubelle,33815
TDC,33816
ReceveurFamilly,33817
leTransporteur,33818
DansLaTête,33819
Rééénial,33820
ArrêtezLesHashtags2015,33821
Rêveuse,33822
SPFL,33823
happy2015,33824
INeedFeminismBecause,33825
believethat,33826
coyotegirls,33827
DansMaTete,33828
sadique,33829
perdlatete,33830
Herblay,33831
sisters,33832
child,33833
Daoud,33834
ProtestSong,33835
YaPlusDEauChaude,33836
Lawrence,33837
11DeLegende,33838
RemplaceUnMotParBite,33839
OldMagconCometoFrance,33840
mamanjaiencoreratelavion,33841
StopAuxSecteBeliberDirectioner,33842
lahaine,33843
JamaisVeufNeFutPlusGai,33844
PG13,33845
PACERS,33846
premierjourdelanneeetdeja,33847
hsm2,33848
triodughetto,33849
mannequinat,33850
enjoyphoenix,33851
HNY2015,33852
BA2015,33853
bienvenue2015,33854
whatDidYouExpect,33855
Mwahahah,33856
relationship,33857
teenwolfseason5,33858
PARIS2015,33859
changerdair,33860
emue,33861
FFBACK,33862
l1triangle,33863
lookingahead,33864
Cascades,33865
NotReady,33866
TwinsParty2,33867
DNA,33868
TeamEtg,33869
SougouVénère,33870
BLANCHE,33871
Polska,33872
PolishBoy,33873
Poland,33874
jesuisincapabledemettreunlien,33875
enléger,33876
StaystrongLouis,33877
FcChelsea,33878
fcBayernMunich,33879
ManCity,33880
NYC22,33881
NonCestSur,33882
TwinsParty,33883
BAP,33884
restenaturel,33885
SeviyorumDedinDe,33886
olhos,33887
gerrardmemories,33888
LesJeuxDeMotsPourrisDuGrimpeur,33889
BobZer,33890
NívelDeAmizade,33891
JoyeuxAnniversaireRaficho,33892
chuitropswagpourvous,33893
Holi,33894
ColorsFestival2015,33895
Ennuie,33896
BoxingDay,33897
Shakespeare,33898
LaTempète,33899
Pièces,33900
lagarone,33901
auguri,33902
YarienaFaire,33903
16mV,33904
postreveillon,33905
titechouille,33906
racletterosey,33907
FANAA,33908
Réveillon,33909
SoiréeProhibition,33910
LaSoiréeInterdite,33911
WhereItsGoodToBeBad,33912
Années20,33913
Années30,33914
AmisEnnemis,33915
DoctorWhoF4,33916
ferrari,33917
firstdayof2015,33918
FollowMeJack,33919
BisousPleinsLesFrates,33920
MaximRevient,33921
Parisiens,33922
KevTuNousVendDuReve,33923
AbbePierre,33924
Ali,33925
OpenYourMind,33926
Theatre,33927
SouriezVousEtesLocalisé,33928
TeamAmoumoumou,33929
Crohn,33930
selfieforsammy,33931
Foncedé,33932
OnceIsFrozen,33933
gwen,33934
zampaMicheletleFou,33935
DjYammouni,33936
teamtropbourré,33937
truefriendship,33938
JulesRenard,33939
VasyRessuscite,33940
in,33941
russian,33942
brazilian,33943
spanish,33944
BabtouBretonne,33945
Trop2love,33946
nooooooo,33947
notnowplease,33948
TweetViséBlonde,33949
WatiSoldat,33950
ChabiForeverInMyHeart,33951
En2015danslakpop,33952
PremièreNuitInsomniaqueDelAnnée,33953
OnACrierCommeDesFolles,33954
meaghamann,33955
MarocanisationDeTaTL,33956
YoMama,33957
pauvrecruchdescampagnes,33958
Annee2015,33959
EPIC,33960
LOOL,33961
NEWYEAR,33962
BitchesKnow,33963
RéflexionDuSoir,33964
Veteran,33965
Hermano,33966
DroitePop,33967
Paco,33968
Trixma,33969
Banger2,33970
Auphe,33971
ILoveWinner,33972
LesInconnus,33973
NoFlex,33974
RC8,33975
braidhair,33976
justecommeça,33977
TweetCommeUneMeufEnFormeDeKinderCountry,33978
portugais,33979
chantier,33980
PasFinDuGameCPasLJeu,33981
ShegueeySquuad,33982
gdejafaim,33983
JourneeParfaite,33984
reoff,33985
sarahetmantinequisaimepas,33986
logan,33987
CDM2006,33988
EURO1982,33989
CestAussiPourToi,33990
TeamIsrael,33991
Falafel,33992
FlowDOpinel,33993
mecanique,33994
synchro,33995
paslogique,33996
AlrightOnTheNight,33997
JoyDivision,33998
Disorder,33999
maclipstick,34000
Urbex,34001
HaggenDazs,34002
Glace,34003
2014Memories,34004
SetetMatch,34005
tropmanger,34006
Tuezmoi,34007
faischier,34008
jaichaud,34009
maldebide,34010
RickOwens,34011
KonstantinKofta,34012
My2015Wishlist,34013
TEAMTETEDEPOUCE,34014
offnarry,34015
LofficielParis,34016
GQFrance,34017
GQUS,34018
StyleDotCom,34019
VogueUS,34020
teamInsomniaqueSociable,34021
03h42,34022
dessinanime,34023
pasdodo,34024
CrazyTeam,34025
NouvelleAnnée,34026
TopDuTop,34027
Paradis,34028
BabyLove,34029
Ans,34030
TweetLikeaPastor,34031
changement,34032
FFBC2015,34033
TeamDecerto,34034
Manita,34035
e1bonjour,34036
Naenae,34037
maviedemerdeen2015,34038
quoijavaisditquejarrêtaisavec2015,34039
AntiB20,34040
paulo,34041
MiracleDe2015,34042
Pblv,34043
FuckYou,34044
Litkovskaya,34045
dmmd,34046
MeetChristianGrey,34047
ELLEUK,34048
Bousouloutoi,34049
ilovefrench,34050
Mobile,34051
MBAMCI,34052
ObjetsConnectés,34053
PunchAndJudy,34054
Puppets,34055
19thCentury,34056
Crowdfunding,34057
Collaboratif,34058
MMS,34059
ToucheASaFin,34060
CoupeDuMonde98,34061
Browser,34062
optimiser,34063
QuiMeParle,34064
natureisspeaking,34065
ThrowthatAssinaCircle,34066
ThrowThatAhh,34067
lmfao,34068
mysong,34069
BotBloqué,34070
Santé,34071
allstargame,34072
4GBouygues,34073
Ligne14,34074
Qml,34075
ECHELON,34076
séancebeaucouptroptôt,34077
ReveilDeLaMort,34078
SoHard,34079
lift,34080
quantifiedself,34081
éthique,34082
TaxSlayerBowl,34083
WifiFi,34084
reveillon,34085
nofilterneeded,34086
frenchboysforsure,34087
En2015Jespere,34088
chezjennifer,34089
soireedefouuu,34090
Mandon,34091
demiMolle,34092
FF_TopMots,34093
mimiemathy,34094
deshonneur,34095
onoine,34096
Médiamétrie,34097
reformeFiscale,34098
ladygaga,34099
ces2015,34100
trends,34101
TechTrends,34102
onmywayblog,34103
corsica,34104
feelings,34105
4GBouyguesBourg,34106
4GBouyguesBourgenBresse,34107
FF_GrainDeFolie,34108
matchstruqués,34109
CCFA,34110
supercalifragilisticexpialidocious,34111
MarryPoppins,34112
CCleanerAndroid,34113
YouOnlyLiveOnce,34114
metrododo,34115
VOITUREWESH,34116
5DEDANS,34117
deja5h20quelereveilasonné,34118
renault,34119
automobile,34120
BMX,34121
TheHeartWantsWhatItWants,34122
action,34123
Orangerie,34124
swiftmas,34125
Swifties,34126
TS1989AlbumOf2014,34127
TS1989,34128
Ig,34129
caféaulait,34130
sandwich,34131
1961Reform,34132
Students,34133
STEM,34134
beurfm,34135
Ida,34136
BlueVsRed,34137
SheepWars,34138
Floride,34139
Patrick,34140
Briana,34141
ups,34142
fedupwiththem,34143
jmesensmoinsseule,34144
LuxeHunt,34145
compétences,34146
JournéeDuYolo,34147
hb,34148
Valberg,34149
saintjeanbrevelay,34150
OSEF,34151
tunisia,34152
Médine,34153
LesVacances,34154
Palestiniens,34155
Siyaset,34156
ELPADRÉDURAP,34157
oeuvre,34158
PalavaslesFlots,34159
sculpteur,34160
iso,34161
businesscontinuity,34162
ynwastevie,34163
Legend,34164
LaFinDunFilm,34165
BoostBastille,34166
storm,34167
Happy2k15,34168
LFCicon,34169
shakaponk,34170
blackpixeltour,34171
PromClassic2015,34172
onemore,34173
IlsVontMeTuer,34174
BrizVegas,34175
loafers,34176
boubou,34177
ThursdayBoots,34178
Boots,34179
BootsPorn,34180
popart,34181
grand,34182
promobo,34183
dernierfastfood,34184
JDGBox,34185
sem,34186
SAV,34187
Jadore,34188
Allergies,34189
MaladeCommePasQuoi,34190
PicDePollution,34191
2O15,34192
AngryVideoGameNerdTheMovie,34193
partdieu,34194
BeliebersAreReadyFor2015,34195
jeveuxmourir,34196
TeamPatrickSebastien,34197
TeamNicoSarko,34198
venom,34199
antivenom,34200
ILoveGOT7,34201
chips,34202
MalAuVentreNegroCestPosew,34203
iCreate,34204
CanalPlay,34205
AppleTV,34206
Autodistribution,34207
OTT,34208
DélivreNousDuMal,34209
Célib,34210
BestFriend,34211
PD,34212
Qualite,34213
Privilege,34214
Plaisir,34215
LittleMix,34216
Mixers,34217
Chambeiron,34218
CNR,34219
turchini,34220
LarryShipperOnDomineTout,34221
bilan,34222
garmin,34223
LarryShipperOnSlay,34224
francoishollande,34225
AFI,34226
ForceuseIKnow,34227
FragilitéSuprême,34228
Deluxe,34229
BananaCafé,34230
anaisallin,34231
ivèrn,34232
albièra,34233
freg,34234
gel,34235
natura,34236
païsatges,34237
youpi,34238
MMA,34239
healthandwealth,34240
NEBP,34241
antisocial,34242
QGdiscotheque,34243
Pour2015Jespère,34244
NineYears,34245
jecrains,34246
BonneQuestion,34247
TeamCuisiniere,34248
TeamFemmeAMarier,34249
MeilleurSouvenir2014,34250
buon2015,34251
2015IsTheYearOfRihanna,34252
forerunner15,34253
MK8,34254
Geispolsheim,34255
LaVigie,34256
CS_Stanley,34257
JusticeForLeelahAlcorn,34258
Rencontres2014,34259
jenpeuxplus,34260
PracticeSession,34261
OnClay,34262
OBrienStyle,34263
DylanOBrien,34264
vigiliRoma,34265
mafiacapitale,34266
MilanAC,34267
Onnnnnnnnnn,34268
DrGANG,34269
InspecteurGadget,34270
GogoGadget,34271
bug,34272
KitchenTable,34273
IledeRé,34274
VoixduNord,34275
OnTheRoad,34276
Completement,34277
Desesperer,34278
Pluslus2014,34279
lexique,34280
dictionnaire,34281
StavenGerrard,34282
Carlyne,34283
democratiefrancaise,34284
gerrardleaving,34285
SAINTETIENNE,34286
Poule,34287
Dinde,34288
UnRebeuEnQuamis,34289
Rue89,34290
moncrushmoche,34291
stopcaring,34292
déléguéeLNR,34293
bongout,34294
MédiasLeMag,34295
Médias,34296
Mahé,34297
trust,34298
nourou,34299
teamFCL,34300
KeepItLit,34301
BonneAnnéeAvecTroisièmePoteau,34302
Happy2015,34303
Quirinale,34304
KubilaiKhan,34305
Boudu,34306
jaimal,34307
SquareDesBatignolles,34308
sociablesite,34309
MéfiezVous,34310
PlusJamaisDeComplimentEnversIrfane,34311
twittapéro,34312
vivelessaisons,34313
tomateenhiver,34314
SouvenirDe2014,34315
lesdouzeCoupsDeMidi,34316
marredevous,34317
cergypontoise,34318
everynightinmydreams,34319
levraicombatdelaFrance,34320
Carrasso,34321
Elephant,34322
PerfectReligion,34323
k,34324
Burkina,34325
charmed,34326
évasion,34327
ilederé,34328
Léquipe21,34329
Abidjan,34330
arquitectura,34331
GetUp,34332
jaimepasleschantsnazis,34333
dawa,34334
MAMEMlatornade,34335
olaf,34336
In20151DWillSlayAll,34337
sansgene,34338
BebeStp,34339
Chez,34340
5jours,34341
nordicwalking,34342
marchenordique,34343
OnEstSurLesNerfs,34344
RookieOfTheYear,34345
lavilladeTokyo,34346
BobMobile,34347
cdm2015,34348
Zadistes,34349
lesorres,34350
13h44,34351
muesli,34352
Rahiim,34353
RedTour,34354
nautipolis,34355
tg3,34356
saykrobon,34357
LookKev,34358
CouragePour2015,34359
hein,34360
AbsolumentTal,34361
feve,34362
TBO,34363
KevinMay,34364
FFBackk,34365
backinParis,34366
jesus,34367
TuViensDeMetzSi,34368
MyWayOfFamilyLifeWillKillMeOneDay,34369
IDontCare,34370
lafoie,34371
que,34372
DieuEstBonDieuEstAmour,34373
2015lafoie,34374
quedemanderdemieux,34375
Passbook,34376
jaimeYannickDelpech,34377
Directioners,34378
BonneAnnéé,34379
VauxLeVicomte,34380
Château,34381
20ThingsIWantFor2015,34382
BlagueDeMerde,34383
footus,34384
bucks,34385
Ducks,34386
ncaaplayoffs,34387
DucksVsBucks,34388
Pasolini,34389
Ferrara,34390
JDornan,34391
cfbsemifinals,34392
aubout,34393
échecsolairesoon,34394
Inégalité,34395
LiverpoolPerdTout,34396
SamediSoir,34397
DebutDesBataille,34398
PMdeNice,34399
peurderien,34400
Susu,34401
malchanceuse,34402
homosexuels,34403
joumou3a,34404
retrouvaille,34405
copines,34406
MerciPapa,34407
greenwashing,34408
mélanges,34409
progrès,34410
PlacePinageDansUnTitreDeFilm,34411
MayaLeChat,34412
enviedelesembrasser,34413
Cçaaufinal,34414
DirectionersAndBelibersAreTheMostFamous,34415
beliève,34416
citylovers,34417
ParisPhoto,34418
prudence,34419
FoodPorn,34420
gadtronomie,34421
SocialTricheurs,34422
com,34423
DAYOFF,34424
LeTempsFaitSonOeuvre,34425
PactedeResponsabilité,34426
AllezViensJeTemmene,34427
LauriersTvAwards,34428
StartOver,34429
KandilinizMübarekOlsun,34430
steeven,34431
gerrard,34432
sudamericains,34433
MORT,34434
jeuwii,34435
GA,34436
courtepaille,34437
LaFlemme,34438
ANFIELD,34439
reds,34440
BossDuSportGame,34441
bornedéchangedelivres,34442
arbrolivre,34443
LoveToulouse,34444
pastroptôt,34445
OnEstLà,34446
journojobs,34447
LogobieRevientEn2015,34448
Kombouaré,34449
VladimirPoutine,34450
mermaid,34451
BasketballProblems,34452
LIBEREZLOGOBI,34453
Directionners,34454
macbook,34455
jaimepaslemacbookpro,34456
cestCAAAA,34457
Angerfist,34458
0nnnnn,34459
bondébut2015,34460
newrules,34461
AmericanDream,34462
Hannibal,34463
PageBlanche,34464
samoussa,34465
TeamJeBoisEtAlors,34466
kitchensafetyfirst,34467
NYREDBull,34468
QatarWinterTour,34469
Infographic,34470
perfectholidays,34471
DirectionersAreAwesome,34472
Dilem,34473
Pour2015Jespere,34474
LaSalade,34475
DroitPrivé,34476
HappyBirthdayShelleyHennig,34477
salaires,34478
waranotour,34479
AGJ,34480
23days,34481
desert,34482
Mystere,34483
Philosophe,34484
executivesummary,34485
TerPicardie,34486
AllPinks,34487
LoveYouGirls,34488
FrenchPyrénnées,34489
lendemaincuite,34490
mercilesgars,34491
fallaitpas,34492
Lyonpartdieu,34493
pain,34494
PainPerdu,34495
LostBread,34496
artRAVE,34497
LuvSneakers,34498
Original,34499
SuperstarII,34500
postbadsneakers,34501
this,34502
YvesRocher,34503
coffeelover,34504
RaWam,34505
ThankYouStevenGerrard,34506
PayesTaBonneAnnée,34507
ILoveBTS,34508
vœux,34509
TeamPastore,34510
iloveBTSforever,34511
Pollution,34512
Bonvoyage,34513
jr,34514
Flan,34515
BN,34516
Anfield,34517
Urban,34518
JeDisOui,34519
TeamRévisions,34520
Onenprofite,34521
Mamarazzy,34522
TuEsUnPeuFoFolle,34523
été,34524
MesquinsSansFrontieres,34525
ExodusGodsandKings,34526
SAPASSOUPA,34527
RévisionPartiels,34528
JeSuisFatiguéeH24,34529
EldassFrei,34530
Rangpantangang,34531
RINGPANGTANGGANG,34532
RangPangTangGang,34533
4L,34534
january15,34535
miniature,34536
ElleUK,34537
Eurozone,34538
likeniki,34539
dommage,34540
Shimisoldiers,34541
avispersonnel,34542
DirectionersSlay,34543
YNWA_Gerrard,34544
HarrysPantsAreTooTightForHisFatDick,34545
briochenutella,34546
CA,34547
classonavenue,34548
cetaitmieuxavant,34549
entrepreneurs,34550
CFD,34551
tontongalsen,34552
pardonnemoijrigole,34553
teamBZH,34554
déprimant,34555
SyndicatdElecteurs,34556
Ukiyo,34557
peredumanga,34558
Beauty,34559
Nars,34560
Narsissist,34561
CaFaitDuBien,34562
Jacks,34563
CapHoss,34564
Senat,34565
Denatora,34566
Doks,34567
Capitano,34568
M6Rep,34569
capferret,34570
zenitude,34571
Maladresse,34572
LIVESOS,34573
SwagDeLaFlemme,34574
Rpz,34575
Tudeviensquoi,34576
innout,34577
fatbutgood,34578
Online,34579
panorama,34580
EnvieBizarre,34581
beaulieu,34582
JourDeLan2015,34583
Rapta,34584
Nrv,34585
Mama,34586
BalletBeautiful,34587
TristeRealiter,34588
profites,34589
résident,34590
Teamguerreiro,34591
MonBébé,34592
Comedie,34593
Jemecomprends,34594
insthailande,34595
KohTao,34596
DenzelWashington,34597
littlemermaid,34598
conseil,34599
Ancre,34600
10daystogoandimback,34601
Gauz,34602
Pinder,34603
parie,34604
Tower,34605
Bonap,34606
DeboutPayé,34607
LenouvelAtila,34608
Lire,34609
Côted,34610
TeamSkyrock,34611
OperaComique,34612
FetesVenitiennes,34613
repetitions,34614
rufuscoraliesamemood,34615
mdma,34616
Ennui,34617
Looooose,34618
aeroportdelyon,34619
gohomefrance,34620
youarehigh,34621
coc,34622
P3,34623
Tchaé,34624
Unforgettable,34625
Pathétique,34626
DLR,34627
ApresLesFetesRetourALaRealite,34628
Mariages,34629
askay,34630
pasdecouille,34631
JournalisteGaucho,34632
marba,34633
googleesttonami,34634
FelizNavidad,34635
OpenStreetMap,34636
creatividad,34637
Hermione,34638
Lafayette,34639
Rochefort,34640
lafrench,34641
iPhonography,34642
maisonslaffitte,34643
filtre,34644
Lourdeur,34645
MinhaCidade,34646
MissYouGuys,34647
JORF,34648
SLAY,34649
YPJ,34650
lpcn,34651
Baigura,34652
Makea,34653
Macaye,34654
instaParis,34655
OrdinaryLies,34656
Cruzeiro94AnosDeGlorias,34657
shab,34658
grandmail,34659
SoufaTropDeFan,34660
ChezLesNoiresEtLesArabes,34661
pseudocomposé,34662
Kassen,34663
instant,34664
Lacluzaz,34665
etudes,34666
Buchy,34667
rab,34668
western,34669
way,34670
or,34671
another,34672
DjangoUnchained,34673
SHOCKING,34674
JeConnaisPasCeHashtag,34675
rhume,34676
palmcakes,34677
Brice,34678
DroitePopulaire,34679
breathe,34680
instareason,34681
PALMCAKES,34682
bricedenice,34683
BriceDeNice,34684
LiveSnapchat,34685
abusey,34686
countryside,34687
BranleAnnee,34688
odysséum,34689
thalys,34690
DigitalMarketing,34691
CoryMonteith,34692
creativity,34693
PourUneConventionSkinsEnFrance,34694
jourdelan,34695
2015responsable,34696
SaphirAlpha,34697
instaChampsElysee,34698
muffin,34699
bergé,34700
Iggy,34701
Carmillon,34702
lessaisies,34703
hauteluce,34704
PoussinSpotted,34705
Montblanc,34706
beanie,34707
belowzero,34708
anon,34709
frenchpicture,34710
TarajiDawla,34711
entetement,34712
echec,34713
stylatorarmymentionme,34714
toofaced,34715
JAimePasLeDroit,34716
VotezAymeilaLauriersTvAwards,34717
ZaynMonBebe,34718
dexter,34719
BlueIvy,34720
Coupdegueuledusoir,34721
AmazingRace,34722
coolpictures,34723
Direct8,34724
gnote4,34725
samsungGaĺaxyNote4,34726
cuneta,34727
Curage,34728
TLdeMerde,34729
RealLife,34730
İstanbul,34731
Kentleşme,34732
vieillebranche,34733
incubateur,34734
IlYADebat,34735
HautNiveau,34736
LoveSport,34737
CityOfLights,34738
tristesociété,34739
Omagad,34740
bientotlarentrée,34741
EDM,34742
confluence,34743
troplaflemme,34744
krampouezhkenavo,34745
justdoit,34746
weird,34747
immeuble,34748
Paris13,34749
walking,34750
newtoy,34751
westpaw,34752
arizona,34753
Parisian,34754
roof,34755
keepsharing,34756
proudbadfan,34757
eclu,34758
IleDeRe,34759
conduiteacompagne,34760
Kenwood,34761
CookingChef,34762
WithLove,34763
ReveilEspagnol,34764
totalblackout,34765
LesHomosdoiventsefairesoigner,34766
HitTheFloor,34767
lesdewinners,34768
Fernandel,34769
onwardsupwards,34770
Mixte,34771
krampouezh,34772
bdxpic,34773
OB,34774
jeneconnaispaslesparolesmaisjelesutilisentquandmeme,34775
goodevening,34776
LunetteRayBan,34777
Kandinsky,34778
BelleAnnée2015,34779
Capricorns,34780
20eme,34781
notredamedelacroix,34782
VendrediSexe,34783
MaResolutionPour2015,34784
roll,34785
mcdonald,34786
pyrenees,34787
pasmoche,34788
LDLC,34789
metropolitan,34790
curves,34791
LesRacistesDevraientSeFaireSoigner,34792
LaSombreSombreAffaireNetflix,34793
PikettyGate,34794
PRIMETALIFE,34795
1DFamily,34796
cimer,34797
MéchantsLibéraux,34798
PaixAmourTolérance,34799
TrèsChaud,34800
itsmybirthdaytoday,34801
Minion,34802
galeriedapollon,34803
LesKhey,34804
LesBestOfTheBest,34805
KingsGame,34806
LesHomosDoiventSefairesoigner,34807
Illkirch,34808
KAC,34809
antirageux,34810
JacobLatimore,34811
westsidestory,34812
En2015JeVeux,34813
Enjoyers,34814
Vœux,34815
EdAtkins,34816
FondationLouisVuitton,34817
tunalg,34818
HavenDay,34819
hellatus,34820
Dejavu,34821
gangnamstyle,34822
lily,34823
mummy,34824
jeux,34825
toboggans,34826
tourEiffel,34827
igersgay,34828
psgom,34829
andrearussett,34830
tlo,34831
chiendegarde,34832
umpsfn,34833
U2,34834
TeamCaroline,34835
CourageCaroline,34836
CarolineOntTaime,34837
StopAuSecteBelieberDirectioner,34838
Vegetarian,34839
Deepfried,34840
Mozzarella,34841
Espagna,34842
Escudero,34843
riendenouveau,34844
toujour,34845
guizmette,34846
larosiere,34847
YW,34848
ariegois,34849
ariege,34850
foix,34851
muscul,34852
BizSeniGörmedenSevdik,34853
Bègue,34854
Offre,34855
Chantonnay,34856
alliwantforchristmas,34857
ButterscotchHawaiian,34858
ViceWillAdore,34859
ForfaitVenance,34860
GayParty,34861
TeamParis12,34862
majeunesse,34863
Aiguillonite,34864
DumbAndDumberDe,34865
ParisILoveYou,34866
NightLights,34867
Streetphotography,34868
perreton,34869
BlagueDeSortie,34870
Untouchable10,34871
LaBrioche,34872
LesHeterosDoiventSeFaireSoigner,34873
OnSeFollowLeVendrediSansPression,34874
StopArretezTout,34875
Mado,34876
PPPPP,34877
confucius,34878
ceuxquifont,34879
ShoppingAddict,34880
NGJR,34881
CestPartiPour2015,34882
LPDAL2,34883
reflejo,34884
FaisChier,34885
RepasDeFete,34886
turfu,34887
teamkikootelerealitenolife,34888
salamepower,34889
Sum41,34890
chasingfog,34891
wet,34892
neon,34893
En2015FautQuonArrete,34894
brookly99,34895
LaDalle,34896
rainforest,34897
NPLP,34898
EntiBaghiWahed,34899
CentreGeorgesPompidou,34900
ModernArt,34901
Contemporain,34902
cars,34903
TristeSociété,34904
ROH2PEP,34905
2015restart,34906
spinningaround,34907
kmoparis,34908
KMOT,34909
kissmeoncetour,34910
bercy,34911
Carambar,34912
Huuummm,34913
ETGOM,34914
badnews,34915
saisonaucirque,34916
lecôtedazur,34917
futurama,34918
MxdesteRegarde,34919
EtreMeilleurAmi,34920
Catalan,34921
TheFosters,34922
sucresalé,34923
MoreSuccess,34924
TechniqueDeDragueDeBG,34925
epica,34926
coeurbrise,34927
airdutemps,34928
FuckinFlower,34929
Reggaeton,34930
Hits,34931
ZigiZigita,34932
JeVoudraisDormirPendant3Jours,34933
شخص_تشتاقه_كل_لحظة,34934
BiboyFamily,34935
TLS,34936
TDIF,34937
auBucherLesHomophobes,34938
industriel,34939
homophobes,34940
marathonvoeux,34941
Ardisson,34942
tricherie,34943
trichage,34944
Hook,34945
WeLoveHook,34946
sticker,34947
MerciQui,34948
NiOubliNiPardon,34949
OnOubliPasOnPardonnePas,34950
ToutEstSuperGenial,34951
JetesoutiendraisjuquauboutKendji,34952
CanyouCannesCannes,34953
theFrenchRiviera,34954
hopitalbichat,34955
christianbale,34956
Kelyan,34957
ruevauvenargues,34958
Capillaire,34959
HarryPotter7,34960
mariascarlatmalitaphotographie,34961
TeamTaureau,34962
tweetcyclo,34963
RDB,34964
Duras,34965
flambée,34966
happypes,34967
feudebois,34968
feudecheminée,34969
slowmotion,34970
laccentitalienmamamia,34971
questiondusoir,34972
TuVeuxDesBonbons,34973
gentilrevel,34974
ForrestGump,34975
wordcount,34976
hategoodbyes,34977
Dedi1erEs,34978
Adrien,34979
DoItForStateSnaps,34980
lereve,34981
degamin,34982
BestWishes2015,34983
VoeuxPrésidentiels,34984
fucklecole,34985
RDBMemories,34986
KeepControl,34987
depuisquejeregardetw,34988
Liligo,34989
latour,34990
derturm,34991
leplusbeaubbdumonde,34992
JaiVoteAymeila,34993
FauxEspoirs,34994
teamalthé,34995
LesAnges6,34996
HarryPotterBookNight,34997
bordelais,34998
thalassa,34999
V2N,35000
Trains,35001
TeamCheminote,35002
FFAmical,35003
Rogersonpenseatoi,35004
MeslayFamily,35005
nesesouvientplusdecettephoto,35006
29janvier2013,35007
hulot,35008
alamarocaine,35009
masta,35010
peuf,35011
roxy,35012
instasize,35013
instaManVsWild,35014
instasnow,35015
rss,35016
POPOPO,35017
romantique,35018
AfterFanFic,35019
Pulvérisation,35020
RobindesBois,35021
MayLol,35022
magic2013,35023
Magic,35024
themoon,35025
Parissky,35026
transgenre,35027
lettre,35028
bouleversante,35029
QuandOnVeutOnPeut,35030
GuineaEquatorial,35031
ASKTIFFANYMAL,35032
westerncellars,35033
lesarcs,35034
laviiiiiiiie,35035
wintersports,35036
missingalready,35037
premierdelan,35038
lovethem,35039
Lecocq,35040
naturiste,35041
L20SDSF,35042
Foutaise,35043
PrysmRadio,35044
LOUSF,35045
nouvellevie,35046
QuiVeutGagnerDesMillions,35047
UDIFamilly,35048
Electro,35049
alarecherchedurespect,35050
RDBW9,35051
TropConvaincu,35052
sherlockholme,35053
besoindassistance,35054
treve,35055
beurkbeurk,35056
BelleReconversion,35057
ComeOnYouBlues,35058
TeamCFC,35059
LesHomosContaminezPasNosEnfants,35060
JeVeuxLaCravateDuFarfadet,35061
coldinjuly,35062
CelineDion,35063
6ster,35064
LesHomosNeComtaminezPasNosEnfants,35065
Miaou,35066
IndigoPower,35067
222Bientot,35068
MustFollow,35069
Euroleague,35070
CeciliaBartoli,35071
PhilippeJaroussky,35072
Gravity,35073
RIPMesPied,35074
MissKadima,35075
UnHashtagPourEva,35076
SQN,35077
passionnant,35078
cinemadescineastes,35079
GentilletGate,35080
AvecSolere,35081
lesfreresscott,35082
mandats,35083
PéchéMignon,35084
MerciDudule,35085
lepartidesdroitsetdesdevoirs,35086
EvaEstDeRetour,35087
ElBuffetLibre,35088
LaJonquera,35089
MesBellesSoeurs,35090
DoigtsDePiedsEnEventail,35091
RoiLion2,35092
pizzahut,35093
pizzaday,35094
lovepizza,35095
TuVasNousManquerBeaucoupBeaucoupMeme,35096
Joop,35097
lovecircus,35098
foliesbergere,35099
LaBelleEtLaBete,35100
Hooligans2,35101
trvelove,35102
couplegras,35103
Pastore,35104
GuardiansOfTheGalaxy,35105
navet,35106
RobinDesBoisLeSpectacle,35107
AB1,35108
MondeOpposer,35109
asgard,35110
thor,35111
loki,35112
FreeNabilla,35113
gruissan,35114
etchbiiiim,35115
tavuu,35116
instashame,35117
monreve,35118
Nohant,35119
galeriecambon,35120
seigneursdugout,35121
gala,35122
ilya1ou2h,35123
UPR,35124
bigsky,35125
dbz,35126
KaméSennin,35127
team229,35128
FF_Moi,35129
ParCeQueJeLeVautBien,35130
qvhdm,35131
Bono,35132
ChangeALetterRuinAChurch,35133
Moonrise,35134
Aurora,35135
johngalliano,35136
maisonmartinmargiela,35137
10days,35138
NOH8,35139
loreal,35140
tieanddie,35141
SachaTran,35142
Hendrix,35143
Charly,35144
enfantsjaloux,35145
enfantsmenteurs,35146
rdveti,35147
momentdégeu,35148
BIM,35149
Tariquet,35150
Macar,35151
humoriste,35152
Perrin2016,35153
Taize,35154
LPic,35155
BagForLife,35156
gilinskyhasnicebrows,35157
LTR,35158
JeVaisTeLaMettreAuFondCommeSchevchenko,35159
6x11,35160
SHUTUP,35161
DansLaTêteTouteLaJournée,35162
mattpokora,35163
HandOfGod,35164
Flore,35165
decors,35166
miseenscene,35167
chansons,35168
Tudors,35169
Sapartdéjàencouille,35170
vine,35171
risoul,35172
ItsBryan_,35173
Tshirt,35174
HetM,35175
CentreVille,35176
Essayage,35177
AvecDoudou,35178
instaweather,35179
instaweatherpro,35180
wx,35181
PokoFamily,35182
Monamour,35183
Lisa,35184
Chouchou,35185
Jetaime,35186
Boudin,35187
2popesaints,35188
Pourmapoupée,35189
Airforce1,35190
Commetonton,35191
Leyna,35192
Alzheimers,35193
MEJ,35194
Lebranchu,35195
fonctionnaires,35196
Taken2,35197
LeSheitaneEnMoi,35198
monexcuse,35199
BonnAnnée,35200
OnFaitPeterlAnglaisDeFou,35201
ChaudPatate,35202
LeJourQuiSeRêve,35203
Jaideuxpapas,35204
Lauvergeon,35205
SocialismeToxique,35206
HistoireSansFin,35207
CopeFillon,35208
Jourdelan,35209
Amis,35210
yougoslavija,35211
BourgognePower,35212
XPTDRRRRR,35213
VIIIIITE,35214
celtique,35215
Breizh,35216
granderegion,35217
marredesessalope,35218
soyezfierdevous,35219
ChezMamane,35220
cale,35221
Trello,35222
DepuisTuTarretesPlusDeRire,35223
Loréna,35224
Macanne,35225
LoveIt,35226
Centre,35227
GeorgesPompidou,35228
LeGeorges,35229
6th,35230
Matt,35231
ByeBye2014,35232
PasCouché,35233
CoDeMerde,35234
ÉternelDragueur,35235
DylanDoitContinuerAJouer,35236
Klaroline,35237
candles,35238
yesss,35239
youpii,35240
Kamikaze,35241
RA,35242
consternant,35243
peopolisation,35244
Mépris,35245
LesGoonies,35246
Sinok,35247
Choco,35248
Outch,35249
GOODsetup,35250
UnJourPeutEtre,35251
jcats,35252
redheads,35253
bd,35254
lesplusbeauxprenomsdemespatients,35255
VampireDiaries,35256
Jessabelle,35257
Post,35258
Between,35259
Gift,35260
And,35261
plusquefan,35262
Juliénas,35263
conscrits,35264
confettis,35265
SmileAgain,35266
lagaloche,35267
longbeach,35268
california,35269
befruit,35270
haribo,35271
bonbons,35272
KTS,35273
FiniLesVacances,35274
Nintendo64,35275
VS,35276
Créationisme,35277
PostBadTweetFragile,35278
stmgLifestyle,35279
popelnicht,35280
pascontent,35281
diraisjeplutôt,35282
GregoryLemarchal,35283
fababy,35284
poete,35285
boss,35286
lesstarchantentdisney,35287
BonneResolution2015,35288
quandonetaitpetit,35289
jebadoujreve,35290
Baleares,35291
MadeInChina,35292
chino,35293
GalsenementFiere,35294
BigChopé,35295
LupitaR,35296
nissangtr,35297
LSCD,35298
Bg,35299
TasTwitter,35300
special,35301
GrandsLacs,35302
TeamUDI,35303
LeGrandBetisier,35304
lajam,35305
enormefragilite,35306
RetourDansLePassé,35307
iTop,35308
BoxCut,35309
Fresh,35310
DiversityLive,35311
ITV,35312
HatTrick,35313
BlagueFDP,35314
TeamChâteau,35315
Parmentier,35316
NouveauProgressisme,35317
Atheists,35318
Zarzis,35319
BruluxOnTheFluxÇaArrive,35320
viols,35321
NewDelhi,35322
Expoirs,35323
specialebrunomarsNRJhits,35324
NoFapJanuary,35325
Thomasd,35326
manquedemémoire,35327
FadsVoice,35328
shotonlumia,35329
schiaffati,35330
ammina,35331
shotonmylumia,35332
makeithappen,35333
sons,35334
exam2014,35335
macopinechérie,35336
Flight8501,35337
missit,35338
STOPALCOOL2015,35339
NoRespect,35340
Cinda,35341
Oksanen,35342
captaineo,35343
michaeljackson,35344
perdudanslescouloirsdutemps,35345
glr,35346
BonAnnivMeriam,35347
BestMistake,35348
horsdrprix,35349
lama,35350
NEWPP,35351
sims4,35352
PasDeChance,35353
LailaTov,35354
lauryne,35355
libertédespression,35356
lanceursdalerte,35357
SoireePlagiatTwitter,35358
ilestbienmortCharlie,35359
JeSuisClemEtAly,35360
RaiSupreme,35361
clempechmoi,35362
Clement,35363
22ThingsILoveAboutZayn,35364
ZaynYourePerfectToMe,35365
ThankYouZayn,35366
FromBradfordToTheTopOfTheWorld,35367
FierDeMaFrance,35368
CeintureAvecDesDès,35369
crime,35370
mystere,35371
episodes,35372
InNicoWeTrust,35373
WeBelieve,35374
LargeVictoire,35375
AvecLaManière,35376
AvecDeLenvie,35377
CAPvsBBC,35378
Coach,35379
achasquesabesdancar,35380
flag,35381
Happy22BirthdayZayn,35382
viveAnonymous,35383
Happy22ndBirthdayZayn,35384
chillchill,35385
lit,35386
Ko,35387
YouCanBeSurprise,35388
recul,35389
WrongManning,35390
BroncosVsColts,35391
PassIncomplete,35392
JesuisChiara,35393
racaille,35394
sauvonslarepublique,35395
Israeli,35396
LettreH,35397
penseepourcharlie,35398
penseepourolivierschwartz,35399
Djihadiste,35400
UNITÉ,35401
SOLIDARITÉ,35402
JalouJalousie,35403
BrefCiao,35404
Comoco,35405
RealiseMonTevePtitChat,35406
bedodo,35407
need,35408
CharlieMartel,35409
Vercingetorix,35410
AvecJuppe,35411
DolereanMusic,35412
ANF,35413
TeamPompier,35414
PascalChimbondaBallonDeOro,35415
FabricePancrateBallonDeOro,35416
fashionpolice,35417
VanHelsing,35418
NewFriend,35419
jevaisledessiner,35420
pouting,35421
Beasties,35422
TheCUT,35423
Turc,35424
génocideArmenien,35425
Offfffffff,35426
LaMeufQuiCasseLesDelires,35427
liberteEGALITEfraternite,35428
StarTours,35429
JeSuisFatiguer,35430
detresse,35431
crampe,35432
PasSonMeilleurProfil,35433
Djsem,35434
Prague,35435
sdds,35436
Jesuismusulmans,35437
jesuispasterroriste,35438
jesuispasCharlieHebdo,35439
putaindetroll,35440
OFFFFF,35441
RaySupreme,35442
femmedebout,35443
Tabasino,35444
courcarré,35445
RealiseMonRevePtitChay,35446
crisisexistencial,35447
WorldWild,35448
FranceTV,35449
HappyBirthdayNaya,35450
Helle,35451
julio,35452
Postedematin,35453
SoutineHelle,35454
danemarkFail,35455
épisode,35456
chaudducul,35457
maisonhante,35458
karme,35459
saintdenis,35460
université,35461
Hanter,35462
fatome,35463
SoiréeJeSuisCharly,35464
JamieAndDakotaAtGoldenGlobes,35465
bench,35466
LouisZamperini,35467
Baaaad,35468
TeamRif,35469
goingup,35470
NeJamaisOublier,35471
DoitBosser,35472
nefaitespasdesenfants,35473
JeSeraiToujoursCharlie,35474
natanyaho,35475
FatihHakin,35476
génocideArménien1915,35477
CabuJunior,35478
getonmylevel,35479
BabtouRacisteBeLike,35480
QuatreMois,35481
GraphAlgorithms,35482
beautifulcourse,35483
JePeseDansLeGame,35484
FrenchKiss,35485
patriots,35486
JakeGyllenhaal,35487
nightcall,35488
enemy,35489
DjSem,35490
26JanvierDansLesBacs,35491
Papé,35492
Bioshock,35493
gilrs,35494
rangementdechambre,35495
oran,35496
oranais,35497
soraliens,35498
cinepremier,35499
quellehorreur,35500
fantomes,35501
krkrkr,35502
GeorgeClooney,35503
GoldenGlobesqC,35504
embarrassingikr,35505
MerciFrance,35506
RassemblementRépublicain,35507
touchepasamonposte,35508
BestDress,35509
JourneeHistorique,35510
enfants,35511
HappyBirthdayPixie,35512
Jemeurs,35513
GoldenGIobes,35514
TeamPalestine,35515
Alevi,35516
paranormal,35517
iZombie,35518
ParadoxeDeLaPression,35519
AngieHarmon,35520
JaneRizzoli,35521
FollowmeDovey,35522
soireecharlie,35523
backtobasics,35524
watchwithUs,35525
FemmeFontaine,35526
petitchat,35527
flipper,35528
creditBanque,35529
viewfromthetour,35530
EmpireStateBuilding,35531
CoupDuPatron,35532
TeamPogba,35533
Tropfacile,35534
YoVeoSalvame,35535
TeamMz,35536
CestCommeDevantAbercrombie,35537
Theshield,35538
ONRTV,35539
voix,35540
lendemain,35541
cuite,35542
tropsexy,35543
sexygirl,35544
bitch,35545
lollipop,35546
newsletter,35547
mckinsey,35548
goodreads,35549
Bouira,35550
Tizi,35551
MonEnfance,35552
parigisottoattacco,35553
Apéro,35554
tract,35555
reporter,35556
guerredepouvoir,35557
connasse,35558
gueule,35559
bonnelecondevie,35560
GrandCoeurMalade,35561
AccaddeOggi,35562
oitnb,35563
Fargo,35564
Apg9,35565
FrancedeCharlie,35566
rationality,35567
GlodenGlobes,35568
JaneTheVirgin,35569
jesuisréveillé,35570
SoFamousItHurtsYourFace,35571
Uneseulevie,35572
insomniaclub,35573
CHIALER,35574
Jouissif,35575
TealaFollowYourKids,35576
Rassemblement11Janvier,35577
المؤلم,35578
Alapecheauxmoules,35579
DepuisLeDebut,35580
تـنـتهي,35581
حـٍيـٌاتـي,35582
ذكـرى,35583
جميله,35584
عـرفـنـي,35585
VillageRusse,35586
BagaHolocaust,35587
march,35588
speech,35589
mars,35590
echelon,35591
SeasonIII,35592
TweetCommeMrn,35593
h3czproblems,35594
EveilCitoyen,35595
BonsPlans,35596
LaCigatheque,35597
SonALancienne,35598
YvesCalvi,35599
albert,35600
ILoveParisEvenMoreNow,35601
Commerce,35602
Esplanade,35603
NousSommesTousProf,35604
UKT,35605
Unkut,35606
ReOn,35607
PapaPoule,35608
mq,35609
happybirthdayAaron,35610
LaLangueDeVoltaire,35611
HappyBirthdayAaronFromFrance,35612
HappyBirthdayAaron,35613
UnNouveauMonde,35614
greece,35615
AncientHistory,35616
JeRêvaisDunAutreMonde,35617
Teamtoussaint,35618
Caracas,35619
DUC,35620
CR7BallonDOr,35621
HappyBdayZayn,35622
Zaynmalikhaveabigheart,35623
designdaily,35624
chrétiens,35625
JeSuisLaic,35626
TeamLeveTotDeRetour,35627
CherchezMoi,35628
Simpsons,35629
lundimatin,35630
DehorsLeFN,35631
ProductOwner,35632
payer,35633
CristianoBalonDeOro,35634
BromanceRecords,35635
MorningPoesie,35636
Odezenne,35637
métierpassion,35638
ConseilsPasCher,35639
future,35640
checkpoint,35641
eigsi,35642
MaxwellVaFaireDuCafe,35643
ShowLeMation,35644
ShowLematin,35645
umathurman,35646
WeLoveYouZayn,35647
Priceless,35648
Labo,35649
Dreux,35650
ZaynsBirthdayProject,35651
BallondOr2014,35652
MichaelMonday,35653
MjFam,35654
onapplaudis,35655
UnFauxFrançais,35656
espanté,35657
YvesCali,35658
zayn,35659
zaynismyhero,35660
ambassadeur,35661
PMApourTOUS,35662
GraysonPerry,35663
espritCharlie,35664
jetlagproblems,35665
SarkozyRTL,35666
Zaynoff,35667
fixitnfl,35668
quedelamour,35669
JeSuisEncoreCharlie,35670
OctoZelda,35671
teamchocolatchaud,35672
teamjepetitdejautravail,35673
toiaussiteamdeshashtags,35674
Ensemblecontrelahaine,35675
francebleu,35676
HaimKorsia,35677
OuiDeBonMatin,35678
OnSenFout,35679
JeSuisInquiet,35680
lundi,35681
FatiguéeDèsLundi,35682
cannular,35683
dessinatrice,35684
mondaymorning,35685
Hepatitis,35686
JCDC,35687
sartene,35688
RohffDounia,35689
jsuisouvertetsai,35690
Nonstoppeople,35691
RagezPas,35692
Livresanciens,35693
Aulnay,35694
unevieunehistoire,35695
MBLAQ,35696
EducMot,35697
8h30,35698
strfllh,35699
RonaldoBallonDor,35700
magnifiquesolidarite,35701
Lyon3,35702
Judas,35703
hébreux,35704
cynisme,35705
absurde,35706
nouveauxmodeles,35707
selfieoftheday,35708
hébreu,35709
Nethanyahou,35710
TLVide,35711
NeuerBallondOr,35712
adidasoriginals,35713
LEBHVMARAIS,35714
brandnew,35715
Isaac,35716
UnivLyon2,35717
offsschool,35718
RadioLondres,35719
PasDeRéseauInformartique,35720
happybirthdaywithmysuperheroe,35721
JeSuisCharlot,35722
jesuischalie,35723
lejourdapres,35724
thefollowingday,35725
fiddling,35726
CartableNumérique,35727
compositeur,35728
JeSuusCharLit,35729
Crepes,35730
NousSommes66millions,35731
transitionénergétique,35732
Haiti5Yrs,35733
12janvier2010,35734
FakirDansLeMag,35735
NoraEnPure,35736
carpentier,35737
HollandeBashing,35738
EspritClubDesSports,35739
CDS,35740
MadeInLaPlagne,35741
BAFA,35742
Photosynthèse,35743
Clémenceau,35744
Staycation,35745
SingaporeHotels,35746
colours,35747
inoacolour,35748
bonjourneé,35749
Boulet,35750
zentai,35751
japon,35752
lycra,35753
Kippour,35754
cachère,35755
Look,35756
FakirDansSS9,35757
jlo,35758
DianeKruger,35759
ReeseWitherspoon,35760
JulianneMoore,35761
Jaures,35762
KateHudson,35763
KerryWashington,35764
JenniferAniston,35765
pascontenteladame,35766
Elyx,35767
complotisme,35768
cestsympa,35769
rising,35770
brand,35771
webmediaconseils,35772
polmat,35773
Rioufol,35774
historical,35775
historic,35776
blacchollywood,35777
deluxeversion,35778
PassAnnuel,35779
sevillanas,35780
sevillanes,35781
flamenco,35782
corralesdelebrija,35783
soserious,35784
EnFrançais,35785
LaBanquePostale,35786
PesasYSentadillas,35787
actionoverwords,35788
PermisPourTous,35789
digital2015,35790
Audencia_SMED,35791
TweetProvocation,35792
Icantwait,35793
Antarctique,35794
TAAF,35795
castlemonday,35796
Webdesign,35797
OhCeCoupDeVieux,35798
ZenithDijon,35799
aquiabesoindevous,35800
JeSuisSalaud,35801
Biased,35802
makeadifference,35803
makeachange,35804
AmbitionEcolesNumériques,35805
caussade,35806
ballondor,35807
JustPrepaThings,35808
PrepaLife,35809
Voilavoila,35810
CristianoRonaldo,35811
CR7BALLONDOR,35812
Quimperlé,35813
onsefollowlelundisanspression,35814
Quesne,35815
BigDataEducation,35816
copyright,35817
LaVieillesse,35818
AHMEDABAD,35819
cellule,35820
solaire,35821
rtna1,35822
GomeApp,35823
DevAndroid,35824
REPOS,35825
IbtissamTiskat_Saadlamjarred_OurStars,35826
SeRouleEnBoule,35827
RueTurbigo,35828
BWET,35829
ParisClimat2015,35830
BFF4Life,35831
OnSeFollowLeLundiSansPression,35832
teamFOLLOWBACK,35833
HPM,35834
FèSouLa,35835
NouKaFéy,35836
COMPUBLIQUE,35837
GageStrong,35838
yassss,35839
RIPcharb,35840
NosEtoilesContraire,35841
Guerraepace,35842
IlEtaitUneFoisLaVie,35843
classicidaleggere,35844
giardino,35845
meraviglia,35846
incommensurabile,35847
eduthèque,35848
FranceConnect,35849
lejourdaprès,35850
carlocaptaincommittee,35851
titularisation,35852
turkey,35853
bestboxeurever,35854
PoisonMoi,35855
monday,35856
Titularisation,35857
jesuisafricain,35858
abcnews,35859
apartment,35860
pool,35861
maispasaujourdhuijebosse,35862
HappyBirthdayfromFrance,35863
olympusPENgeneration,35864
calciatore,35865
agency,35866
wella,35867
wellaprofessionals,35868
ChairDePoule,35869
shampi,35870
funguy,35871
coffeegram,35872
CaCestDuRap,35873
JePensedonc,35874
FIC2015,35875
Kevin,35876
petitange,35877
Lesfilsdeputesdunet,35878
GaleriesNationales,35879
EntréeClémenceau,35880
teampaquetdechips,35881
FIFAMAFIA,35882
Goldnadel,35883
Inceste,35884
ZaynIsMySuperhero,35885
Martinique,35886
VanGogh,35887
leSensDesPriorites,35888
CG49,35889
IMA,35890
agenda,35891
Blaye,35892
Sorties,35893
BACbdx,35894
winelover,35895
BlayeLover,35896
MIMAUSA,35897
INNOPROD,35898
FairlyNuts,35899
PasThéâtre,35900
graphiste,35901
pao,35902
StreetCredibility,35903
MartinArgyroglo,35904
Forcealui,35905
Enleger,35906
messiballond,35907
Haiti,35908
sgdf,35909
youdontknowmeyet,35910
tryingtobenice,35911
TeamBalance,35912
Lomepal,35913
seigneur,35914
UPJV,35915
perle,35916
EnBüyükTeröristNetanyahu,35917
Gueuledebois,35918
Marmiton,35919
Information,35920
division2,35921
loveparis13,35922
PhotoAnimalière,35923
DansLaPeauDe,35924
Bicyclette,35925
Dals5Memories,35926
MissYou,35927
SaintGermainDesPres,35928
hobbitbattleoffivearmies,35929
simeone,35930
prensaEspañola,35931
Force2015,35932
CameronMustGo,35933
NoWords,35934
Shanghai,35935
primarie,35936
renzi,35937
GiveTheLoveAround,35938
Nonégo,35939
Debouts,35940
Plusforts,35941
OpenMinded,35942
strange,35943
les12coupsdemidi,35944
Jdcjdr,35945
TousAvecNeuer,35946
PDLMatin,35947
pointtouriste,35948
happybirthdayaaron,35949
fougasse,35950
commande,35951
ilfallaitledire,35952
PremièreVictoire,35953
OnSeFollowSimplement,35954
NAUSÉES,35955
IlParaitQue,35956
mybeliebers,35957
capture,35958
ZaynBirthdaySketch,35959
Bitcoin,35960
choisyleroi,35961
Another,35962
TheElderScrollsOnline,35963
lavagedecerveaux,35964
recherchehomme,35965
chaudasse,35966
Irènetahlmaldegorge,35967
CharlyEtLulu,35968
Idiote,35969
LeoMessi,35970
ManuelNeuer,35971
protéine,35972
MonVoisinEstCharlie,35973
Soustension,35974
Sontilscharlie,35975
lundiblogs,35976
fitnessbymoving,35977
LoveLockBridge,35978
OpISIS,35979
NouSommesAnonymous,35980
season5,35981
PHC15,35982
ConferencePresse,35983
tve,35984
JeSuisTimo,35985
TDTC,35986
bathandbodyworks,35987
ZaynHappyBirthday,35988
MyTowns,35989
BallonDOr,35990
InRouquemouteWeTrust,35991
tròpfòrt,35992
ÉvolutionLente,35993
FreeFloflon,35994
FreeMamba,35995
FreeSelim,35996
SalePute,35997
UnJour,35998
Gothic,35999
StainedGlass,36000
JeSuisNigeriane,36001
spies,36002
gastroDay,36003
11janvierFérié,36004
jesuislemonde,36005
MonSON,36006
Delacroix2015,36007
TopVine2015,36008
PersonneNeFeraMieux,36009
JePeuxPasVousEnDirePlus,36010
vacomprendre,36011
pallonedoro,36012
Beaver,36013
quadral,36014
ToutCaPourUnBadge,36015
yellowcoat,36016
instalife,36017
moncabu,36018
VousPouvezPasTest,36019
firstletmetakeaselfie,36020
backtowork,36021
StJoanOfArc,36022
TeamMessi,36023
YvesSaintLaurent,36024
CHARLOTS,36025
Nails,36026
NailArt,36027
Plume,36028
Altar,36029
Nausee,36030
Poisse,36031
ShoutOut,36032
Drugs,36033
BajiraoMastani,36034
NRC2,36035
jesuisnico,36036
jardinacclimatation,36037
élégance,36038
magasins,36039
Tsunami,36040
zikos,36041
jesuischarliecoulibaly,36042
LibertéDExpressionQuandSaVousArrengentSeulementPskeIlNeFautPasMelangerLeSucreEtLeSel,36043
FautBienSourireUnPeu,36044
poundworld,36045
HOOSS,36046
rupaulsdragrace,36047
Ecoeurant,36048
France24,36049
NBA2K15,36050
GeneralManager,36051
catholicomusulman,36052
felicitations,36053
MonBudget,36054
leggo,36055
sciencesPo,36056
keepInTouch,36057
JeSuisJonathan,36058
condorcet,36059
truefact,36060
Licorne,36061
برت,36062
hepatite,36063
PourquoiPasUnGardienPourUneFois,36064
SansConviction,36065
DeutshedQualited,36066
lincruste,36067
GoldenGlobe,36068
Aucalmus,36069
Audenge,36070
PabloPicasso,36071
instapassport,36072
HepatiteB,36073
NantaisDuMatch,36074
styliste,36075
thebodyshop,36076
tristePersonnage,36077
VoilaVoilaDVD,36078
seine,36079
wanderlust,36080
ManagementAccounting,36081
SiesteEnAmphi,36082
Fisca,36083
Courbatures,36084
BCS,36085
TeamNF3,36086
GermanMarocco,36087
Verdun,36088
InReturn,36089
ODESZA,36090
jesuisjuuf,36091
Profs,36092
FAc,36093
Pyramid,36094
Fountain,36095
Mondial2015,36096
JeSuisCriksFamily,36097
cappelleactus,36098
PhilippeMorelle,36099
jenesuispasdieudonné,36100
BlancDemission,36101
vaccin,36102
maladie,36103
FDLA2015,36104
Valdereuil,36105
neuer,36106
TeamPingouin,36107
hepc,36108
handballWQ15,36109
Punie,36110
FriendZone,36111
wenuhscaredapeople,36112
freedomofdrawing,36113
CodeDeLaRoute,36114
CTpasmieuxavant,36115
Dhimmi,36116
applirecherche,36117
ribery,36118
imagedemarque,36119
Snowden,36120
Manning,36121
Wikileaks,36122
SuperBowlXLVII,36123
hater,36124
NFCrivals,36125
beardown,36126
touteunehistoire,36127
LieToMe,36128
marketers,36129
gueuledeboisniveau10,36130
snowpark,36131
JustePourLeProfit,36132
lolita,36133
vladimirnabokov,36134
StanleyKubrick,36135
enmêmetempsvusagueule,36136
DroitDuTravail,36137
coherence,36138
SnapchatGirls,36139
blingbling,36140
gloryparis,36141
cavaleschevilles,36142
BiriOlmalıYanında,36143
FaceReveal,36144
VipList,36145
cestbonpourlemoral,36146
palmier,36147
Labege,36148
BrokenHeart,36149
LeonardoDaVinci,36150
vivreetlaisservivre,36151
C450,36152
GLE63,36153
naughty,36154
getfit2015,36155
PlaceDesHalles,36156
Stupidest,36157
USArmy,36158
meilleursentraineurs,36159
Figaro,36160
unilim,36161
DansmonCoeur,36162
Alicomprendra,36163
marmawade2015,36164
teamREAL,36165
cagoles,36166
guerilleros,36167
sudvendée,36168
çapassevite,36169
VenusDeMilo,36170
Aphrodite,36171
TAM,36172
Happiness,36173
Together,36174
Sculptures,36175
10DaysUntilTVD6x11,36176
SoundWaveCroatia,36177
telephoneDeMerde,36178
CelticRangers,36179
Harakiri,36180
xboxlive,36181
Noah,36182
Neveu,36183
JeSuisBernard,36184
tw,36185
lamourestplusfortquelahaine,36186
every,36187
elle,36188
HappyBirthayZayn,36189
nouveaucopain,36190
MonaIraqi,36191
JeSuisLeChrist,36192
Inverted,36193
TomHanks,36194
fdj,36195
SaleHistoire,36196
KAPPA,36197
Twerk4MarkII,36198
FiggyArmy,36199
FiggySurvivalKing,36200
GT,36201
MajoriteRoseVerteRouge,36202
Toop,36203
canariplay,36204
tropdinfotue,36205
RespectonsNous,36206
ointb,36207
CrepProtect,36208
VoeuxSR,36209
faridbenyettou,36210
BR,36211
Interview,36212
MOM,36213
JeTente,36214
Vélizy,36215
Winock,36216
DelenaWedding,36217
TVDseason7ideas,36218
DEfamily,36219
Daniel,36220
2fevrier,36221
npk,36222
OscarIsaac,36223
GingerDay,36224
SorryCharlie,36225
TalkingBody,36226
TalkingBodyVideo,36227
CDM2014,36228
race,36229
RégionLRMP,36230
Sitesmonpoto,36231
Amélie,36232
acharnés,36233
HUBLOT,36234
LuxorObelisk,36235
PontDeLaConcorde,36236
NMC,36237
HiddenBlade,36238
VSS,36239
SVN,36240
saargida,36241
Nathan,36242
Amphore,36243
cabullequandmeme,36244
Ilovemyjob,36245
grosseblague,36246
SupernaturalSeason11,36247
HappyBirthdaySkect,36248
ObserveLesGensDehors,36249
LILLE,36250
CarréOR,36251
democratieendanger,36252
DalsLaTournée,36253
jugement,36254
jepleure,36255
cestlemeilleur,36256
LeDernierLoup,36257
Argenta,36258
CléUSB,36259
Adoc11,36260
lafacenfolie,36261
musulmane,36262
AntiMadrid,36263
CarnavalDeNice,36264
Ballondor2014,36265
positivasiempre,36266
instaeffects,36267
TweetApero,36268
4mp1ldm,36269
Bach,36270
Rescue,36271
dresden,36272
PasPrévuLesGants,36273
ManuelNeuerFacts,36274
Royals,36275
RoyalBeach,36276
GerceCrew,36277
annuletout,36278
itsnottheendoftheworld,36279
layout,36280
MesEspritsCeReveillent,36281
TeamNeuer,36282
CSGO,36283
LeBallonDor2014,36284
Teamcapucine,36285
Bolosse,36286
EUParlament,36287
lecondepouvoir,36288
noteamoimeme,36289
timing,36290
DancealaCarlton,36291
Zaman,36292
Samanyolu,36293
YoungBoss,36294
saarbruecken,36295
Staatstheater,36296
LaMeute,36297
TheFoodGuideToLove,36298
LeIenePresentanoScherziAParte,36299
Bonolis,36300
Yax,36301
teamFolle,36302
usthaon,36303
Happn,36304
TheView,36305
francebleuprovence,36306
ToiAussiRapCommeLaFouine,36307
Cocoe,36308
EP,36309
We_Toulouse,36310
VisitezToulouse,36311
LesCourAussi,36312
Alaffût,36313
BruxellesLive,36314
EuropskiParlament,36315
Muslimisnotaterrorist,36316
allone,36317
TogetherInsieme,36318
teambestah,36319
INFINITE,36320
academies,36321
agencedigitale,36322
54F,36323
bernardkouchner,36324
diktatursocialiss,36325
KlaineWedding,36326
délits,36327
JeSuisCristiano,36328
CR7BalondeOro,36329
JeSuisQui,36330
NoMakeupMonday,36331
Lovatics,36332
TeamGemeaux,36333
M20,36334
zaynis22,36335
RoyalPalace,36336
Targa,36337
CeremonieBallonD,36338
Ayiti,36339
Haïti,36340
SOD,36341
TheDayAfter,36342
JeSuisMusluman,36343
Saudi,36344
snowmen,36345
ChappieMovie,36346
lucidité,36347
BalondeOro,36348
SondageM2F,36349
TeamCristiano,36350
EntreeEnClasse,36351
Incognito,36352
MentSurSonÂge,36353
CocukGelinYokPedofiliDamatVar,36354
UVSQ,36355
PerlesDeCopies,36356
etudiante,36357
infirmier,36358
eide,36359
Terrorism,36360
BallonsdOr,36361
welovebourgogne,36362
jaimedijon,36363
couchedesoleil,36364
TeamRonaldo,36365
TwitterON,36366
fannyballondor,36367
leschtissontpartout,36368
SiMessiALBallonDor,36369
TweetName,36370
Cayenne,36371
EvilEyeProtected,36372
5semaines,36373
PasDeGrosseTête,36374
MessiBallondOr,36375
ChampionsCup,36376
Cite,36377
Ronaldinho,36378
JeuxduStade,36379
GriezmannBallonDor,36380
talentcaché,36381
9hoursofrevisingnonstop,36382
22ReasonsWhyWeLoveZayn,36383
HappBirthdayZayn,36384
teambatata,36385
Wearable,36386
UltimoImpero,36387
leVoyage,36388
Torino,36389
DosEnVrac,36390
Gaché,36391
NowInSyria,36392
BalonDor2014,36393
la3nouna,36394
HappyDYOday,36395
blasée,36396
FuckingAwesome,36397
fairytailG1,36398
Poroshenko,36399
Donetsk,36400
MoiPasSuivreCharlie,36401
MerciEntorseDesLigaments,36402
CiteUneGrossePhraseDeLoveur,36403
YSLlefilm,36404
amazingactor,36405
Lequipe21,36406
QmL,36407
GareduNord,36408
ProblemeDeMec,36409
Penaldor,36410
Artifact,36411
coldoutside,36412
AvionEnRetard,36413
HepatitisC,36414
ballondor2014,36415
Raslebol,36416
TeamMadrid,36417
FIFABallondOr2014,36418
REMIGRATION,36419
blater,36420
magazine,36421
wellaparis,36422
lemeilleurgardiendumonde,36423
thebestplayer,36424
jamaisvusa,36425
FIFABallondor,36426
BestMarkSinceLeCollege,36427
JePèse,36428
POD,36429
Burgundy,36430
LRDC,36431
VSCOgood,36432
VSCO,36433
ShawnVEVOLift,36434
VEVOAskReply,36435
Tree,36436
GEA,36437
ActuCHR,36438
Obsessed,36439
ParisStrong,36440
shawnvevolift,36441
greatday,36442
cunni,36443
Repéres,36444
MomentsPrivilègiés,36445
knowyourcoaster,36446
sival15,36447
30dayssquatschallenge,36448
geek4ever,36449
Blatter,36450
BlatterCorrompu,36451
onleveux,36452
plusletime,36453
DaySeven,36454
GettingTopHeavy,36455
JeSuisPhilippoteaux,36456
UnBisous,36457
onleveut,36458
Mamamia,36459
kateargo,36460
MañanaSeCorre,36461
CostardFight,36462
Conservatoire,36463
VoeuxDeTours,36464
COLTCAMS74,36465
MadamSecretary,36466
TeamPsg,36467
PrixPuskas,36468
Endurance72,36469
Inesator,36470
LifeIsTooHardForMe,36471
leafletjs,36472
geodev,36473
Puskas2014,36474
unsaitrfbio,36475
RonaldoBallondOr2014,36476
springsummer2015,36477
Maldini,36478
Ramos,36479
neuropsy,36480
JeSuisPhilippe,36481
POLFRA,36482
Scotland,36483
EcritureNumérique,36484
XIMondial,36485
kroos,36486
micoud,36487
JoueLaCommeLuizEtSilva,36488
OnPese,36489
Claarys,36490
GROSSEreussite,36491
JohanMicoud,36492
JoueLaCommeMicoud,36493
CNRSleJournal,36494
OSU,36495
FifaXI,36496
ElieKakou,36497
XIWorld,36498
fif,36499
Saint_Dizier,36500
Cucchi,36501
Assassini,36502
NigerianLivesMatter,36503
ThiagoSilvaDavidLuiz,36504
E21,36505
JeSuisTopachat,36506
legopelicula,36507
TeamYeuxBleu,36508
TPMC,36509
Sinai,36510
Haven5,36511
Voeuxmedef,36512
Jesuisyaya,36513
VAFCFCSM,36514
BallonD,36515
zemmourstyle,36516
gagreel,36517
lamarchecontinue,36518
boycottBFMTVitele,36519
Loiretcher,36520
SiOnRitPlusOnEstFoutus,36521
SiOnNeRitPlusOnNeVitPlus,36522
MessiFdp,36523
thiagosilva,36524
lpda2,36525
IlsSontDroles,36526
MerciHanouna,36527
SiOnNeRiePlusOnEstFoutu,36528
Ecommerce,36529
LesPrincesdelAmour2,36530
CDC,36531
CCES,36532
CristianoDeOro,36533
LeRing,36534
dopage,36535
propagandes,36536
JTemanipule,36537
TPMp,36538
Showroomprive,36539
story,36540
ourjesuischarlie,36541
Pallois2016,36542
Grammy,36543
RuhanJia,36544
deadlight,36545
SiOnNeRitPasOnEstFoutu,36546
pousseedarchimede,36547
SiOnNeRisPlusOnEstFoutu,36548
Ballondor,36549
cces,36550
gaminerie,36551
2detension,36552
FirstAndLastSelfie,36553
saidnooneever,36554
MonWifiDeMerdePutain,36555
Elkabbach,36556
EntraineurDeLannee,36557
onestavecvous,36558
BlagueALaThierryMoreau,36559
MonXI,36560
familia,36561
CinquanteNuancesPlusSombres,36562
Pediatre,36563
Löw,36564
MUN,36565
RIPÉbossé,36566
Monkey,36567
QuiChercheUnMarie,36568
museeegyptien,36569
Caire,36570
ChallengeDeLaVeille,36571
PhilippPlein,36572
ZXFlux,36573
Pauleta,36574
RetenezBienCeTweet,36575
Vogue,36576
iamjewish,36577
yoancohen,36578
SiOnNeRisPlisOnEstFoutus,36579
bassegoulaine,36580
saintsebastiengoulaine,36581
KenzaGrecDor,36582
WalterPfeiffer,36583
sionneritplusonestfoutu,36584
emotionalmonday,36585
touchepasamoncharlie,36586
touchepasamincharlie,36587
SiOnRitPlusOnEstFoutu,36588
touchepasamoncharly,36589
TOUCHEPASAMONCHARLIE,36590
IndiansinParis,36591
FranceFootball,36592
SiOnNeRitPlusOnEstFoutus,36593
ParisNow,36594
Picoftheday,36595
taug,36596
HeartbeatSong,36597
SiOnNeRitPlusOnEstPerdu,36598
vma,36599
dynamix,36600
TPAMC,36601
messi,36602
plusjamais,36603
CDM2018,36604
fling,36605
Sionneritplusonestfoutus,36606
TousContreLesTerroristes,36607
thuin,36608
thudinie,36609
Souffre,36610
Mytho,36611
JoachimLow,36612
loidemuphy,36613
İncinsendeİncitme,36614
Amalgames,36615
Education,36616
Tolérance,36617
CoupDeBlues,36618
Fifa2014,36619
crossfingers,36620
loidemurphy,36621
LaDiff,36622
MyTL,36623
INfluencia,36624
sionritplusonestfoutu,36625
BorlooGroupies,36626
skydive,36627
wingsuit,36628
jokkesommer,36629
QuiChercheUnMari,36630
braqueEA,36631
etalab,36632
HopitalFrancoBritanique,36633
SILA,36634
CranGevrier,36635
TweetCommeYaUnAn,36636
FIFAWorldXI,36637
KateAbdo,36638
Hommage94160,36639
2015EntrepreneursDuFutur,36640
CENTCOM,36641
FRATPAD,36642
Top100FRATMEN,36643
burberry,36644
TweetPhil15,36645
SPORT,36646
magicarpe,36647
CyberCaliphate,36648
Deers,36649
inesator,36650
ThierryHenry,36651
libredebout,36652
Olicity,36653
logo,36654
ChambreDeMetiers,36655
SeineEtMarne,36656
NeymarAddict,36657
daesh,36658
Astérix,36659
Aude,36660
Puskás,36661
puskas,36662
jesuisligue1,36663
BallonDOr2015,36664
James,36665
PuskasAward,36666
UneFoiN,36667
puskasaward,36668
missioncontrol,36669
boycottBFM,36670
CeremonieBallonDor,36671
OnEstToutePareilleEnFinDeSoirée,36672
Karembeu,36673
LesNainesCestLesBest,36674
TuPayesLaSauce,36675
LibérezLePereDeSofiane,36676
MandandaBallonDOr,36677
converge,36678
noheroes,36679
nowspinning,36680
onmyturntable,36681
vinylcollective,36682
vinyljunkie,36683
QuestionÀLaCon,36684
JeSuisLouisCroixVBaton,36685
Fioraso,36686
ESR,36687
MENESR,36688
SapinDeNoel,36689
LesProfAimentTrop,36690
VousEtesDesFootix,36691
marinenational,36692
JeSeraisCharlie,36693
RonaldoMessi,36694
BalleDor,36695
Blasée,36696
NiroSurSkyrock,36697
JarreteCestBon,36698
MessiBienFaitFdp,36699
calmacalma,36700
3emeballondor,36701
Amaury,36702
ballodor,36703
RONALDO,36704
FifaJoke,36705
HALAMADRID,36706
UnAutreBallondOr,36707
airmax,36708
AirMaxMondays,36709
NIKEwoman,36710
MeilleurJoueurduMonde,36711
JeSuisBallonD,36712
MelhorDoMundo,36713
jesuislol,36714
ENCOULEEEEY,36715
TTN,36716
GaynaldoNtmFdp,36717
JohnGalliano,36718
Cristianoronaldo,36719
machine,36720
CR7BallonDOR2014,36721
welovemessi,36722
Felicitaciones,36723
CristianoBalonDeOr,36724
JeSuisNeuer,36725
bidondor,36726
lequipetype,36727
PetitJeuDeMot,36728
segoleneroyal,36729
TeFaireEnculez,36730
CR7BallonDOr2014,36731
MerciAuRevoir,36732
Onremarchedimanche,36733
REALITE,36734
enmanque,36735
imissturkey,36736
LEQUIPETYPE,36737
Respectouestu,36738
Ribéry,36739
LEquipe21,36740
questcetucrois,36741
LequipeType,36742
revoyezladefinitiondeballond,36743
WorldXI,36744
SyndrômeRibery,36745
teamboutondenez,36746
GloriaTheLatina,36747
WELCOMEBONY,36748
JaredLeto,36749
CR7voice,36750
ilnestpasraciste,36751
Attal,36752
Springcourt,36753
teamlillois,36754
BestInk,36755
WeWantIbtissamTiskatInMawazine,36756
Trucage,36757
FIFABallonDor,36758
PouletSalade,36759
Captives,36760
FIFA16,36761
VivaRonaldo,36762
Bousies,36763
searching,36764
finsemestreA,36765
ondonnetout,36766
winner,36767
numberone,36768
PaixCivile,36769
jesuistoujourscharlie,36770
reperage,36771
ILuvMyJob,36772
cr7ballondor,36773
ballon,36774
R9,36775
Elfenomeno,36776
PapounéYmeManque,36777
commentpechoen3tweets,36778
BalonDeOro2014,36779
CR7PuissancePortugaise,36780
CristianRonaldo,36781
ViveLaKalach,36782
JournéeSport,36783
Al7okomNajwaKaram,36784
BestEver,36785
CloneWars,36786
SeVêsSkins,36787
LeSportingClub,36788
LesProfsAimentTrop,36789
GragasLaClasse,36790
LEDRAME,36791
piraté,36792
Pentagone,36793
lovphilo,36794
Probabilité,36795
LaicitePaixCivile,36796
proMessi,36797
futée,36798
FRAAUT,36799
tpmpfan,36800
emmaladj,36801
DavidPujadas,36802
CFJ,36803
Arthur,36804
SoBrave,36805
notenough,36806
Dresdenisierung,36807
onnestpasdanslamerde,36808
CestQuoiCePull,36809
misterv,36810
Dieudo,36811
Al7okmNajwaKaram,36812
DessousDesCartes,36813
patefeuilletee,36814
garschelou,36815
TwoLastRetweets,36816
JeSuisNicolasRobertEnchantéDeVousConnaitreSinonDieudonnéEstDeRetour,36817
CR7best,36818
MeLoveULongTime,36819
fcsm,36820
JUSTDOIT,36821
PartiePioncerFoutezMoiLaPeace,36822
IlConnaitSesClassiques,36823
Barbara,36824
Francesco,36825
Islamisierung,36826
Brison,36827
blaguedemodeuse,36828
danger,36829
mariannesurechasses,36830
lilianlepere,36831
TweetDunAntillaisHaineuxSurParis,36832
HappyBirthdayZaynfromfrance,36833
JEVEUX,36834
DoTheHater,36835
Temoignage,36836
Bouleversant,36837
ousontlesfemmes,36838
BalimayaKadi,36839
Meilleur,36840
4ever,36841
Tmc,36842
LaCrèmeDeLaCrème,36843
YoumoveArras,36844
lptj,36845
poinca,36846
jesuisdegouté,36847
DodoEnCours,36848
lapuissance,36849
MesMaris,36850
FORMATION,36851
JONELIERE,36852
CoeursSurElle,36853
LesReligionsCestVraimentDeLaMerde,36854
RememberMe,36855
Cestcanteloup,36856
مرزح_السبيعي,36857
CestCanteloup,36858
colamayard,36859
Wewant_IbtissamTiskat_InMawazine,36860
LaMachineALaver,36861
Norvège,36862
Oslo,36863
Wewant_IbtissamTiskat_inMawazine,36864
Lareinedesneiges,36865
teva,36866
tartareDeSaumon,36867
Val,36868
NikosAliagas,36869
Sarközy,36870
Aviron,36871
Bayone,36872
pauvrecon,36873
LRDP,36874
thierryrocher,36875
VousetesCharlie,36876
FanFavourite,36877
dueper,36878
totale,36879
TeamBayern,36880
Bonjourjemapelleolafetjadorelescalin,36881
R5Smile,36882
R5InFrance,36883
lamourestdanslepre,36884
2000morts,36885
massacre,36886
CharlieAussiAuNigeria,36887
Biarritz,36888
Lydina,36889
attendmoi,36890
bandol,36891
fureurdudragon,36892
BruceLee,36893
ParampacaDizisi,36894
saturation,36895
petageDePlombs,36896
directGA,36897
bestfilmever,36898
traffic,36899
AllerSalut,36900
HWK,36901
Pfalz,36902
Handwerk,36903
Fachkräftemangel,36904
latinafm,36905
BlurredLines,36906
jalouse,36907
Testu,36908
S04E13,36909
VivreEnsembleSvp,36910
aedlp,36911
VisMaVieDétudiant,36912
MonsieurHINAULT,36913
Prof,36914
SoiréeSérie,36915
Dreamaremyreality,36916
Baptiste,36917
MiniCooper,36918
GirlsHBO,36919
LeRituelDuSoir,36920
FureurDuDragon,36921
ChuckNorrisFacts,36922
danstesreves,36923
CCCertified,36924
StandingOvationDC,36925
loveYou,36926
NYETurnUp,36927
supernanny,36928
1cerveaupour2leretour,36929
JGM15,36930
teamcanap,36931
baptiste,36932
ARamasserALaPetiteCuiller,36933
Chérie25,36934
S1,36935
THOMASLEFRAGILE,36936
TeamJosé,36937
fatwa,36938
AFPSports,36939
NewBallonDOR,36940
moncoeurbalance,36941
Onsattaquepasanosamissansrepercutions,36942
Thierry,36943
manquetoujoursunfuckincable,36944
fieredesfrancais,36945
TeamFachéNous,36946
beliebers,36947
Terminator3,36948
ktm,36949
LePacte,36950
IlEtaitPasPret,36951
BMars,36952
Vieux,36953
Crade,36954
laligneverte,36955
Tourisme,36956
goldenglobes,36957
LP,36958
Laligneverte,36959
BescherelleVaincra,36960
IlEstMort,36961
thierry,36962
CestDesOufs,36963
EhHarmattan,36964
JulieetMarionRevenaient,36965
HommeKO,36966
TeamGirls,36967
NonauPatriotActfrançais,36968
determination,36969
COD4,36970
Tweetdemerde,36971
Adp,36972
LePré,36973
Terminator,36974
Mozinor,36975
Lafureurdudragon,36976
creerdestensions,36977
ThiagoSilva,36978
FIFProWorldXI,36979
summeriscoming,36980
CizreDireniyor,36981
Maigret,36982
lamourestdanslepré,36983
punchlines,36984
PourLille,36985
ÇocukCezaEvleriKapatılsın,36986
allocs,36987
secu,36988
guillaume,36989
BadGirlAdidas,36990
TatianaGolovin,36991
dumbto,36992
kenzalecowboy,36993
voices,36994
TeamArmenia,36995
JeSuisUnBelier,36996
PushUps,36997
lemondechange,36998
fuckhomophobie,36999
MerciBelleMaman,37000
cronaca,37001
Detective,37002
JeMeneLenquete,37003
lesportugaisSavent,37004
ouah,37005
allezkiss,37006
Lolaoceane,37007
Fayote,37008
GrosBuzz,37009
grossebouffequejesuis,37010
Tayson,37011
PitStaff,37012
RafaleDeVent,37013
HastaTuts,37014
nelsonmandela,37015
madila,37016
Guillaume,37017
LaFureurDuDragon,37018
teamwilly,37019
Burqa,37020
letempspasse,37021
CC74,37022
togetherness,37023
berlinbüyükbulusma,37024
UETD,37025
UETDYouth,37026
Lemeilleurdetous,37027
nullité,37028
PrivateJoke,37029
JeNenPeuxPlusDeCesPartielsDeMerde,37030
Clooney,37031
NotePourPlusTard,37032
OnFaitPasLaPaixEddy,37033
Indre,37034
CestPourUnAmi,37035
NoobLeFilm,37036
elue22votesà2,37037
stardelatélé,37038
Rénaldo,37039
modelaccessbyMaudCohen,37040
alreadymissu,37041
LaPuissance,37042
LaConcurenceNexistePas,37043
cdfa,37044
AskDrew,37045
SmartDrinking,37046
S04E14,37047
poesiedusoir,37048
TweetOFF,37049
CharlieForEver,37050
Kaamelott,37051
Arthuros,37052
pourlesjaloux,37053
LheureEstGrave,37054
sarfatibest,37055
SarkoLincruste,37056
exces,37057
jesuisenrique,37058
rageusedufoot,37059
Bohort,37060
RetourEnEnfance,37061
ASSEP,37062
ClaraVoice,37063
coupdebarre,37064
Eva,37065
Carrousel,37066
Manège,37067
TeamSansBebarTaWalou,37068
TeamSansBebarTa14ans,37069
ChezCulEtValoche,37070
Chevaux,37071
Scenesdemenages,37072
riaaad,37073
ronaldo,37074
Tuco,37075
Luxur,37076
Tomateosel,37077
Jogging,37078
OuaibbcAvon,37079
InesHelene,37080
Benjamin,37081
CeHeros,37082
Pride,37083
Ohwait,37084
yésouisyarlie,37085
lesvraiscomprendront,37086
rituel,37087
chivasauski,37088
RTSitoiaussi,37089
moche,37090
BandeDeMachoRetro,37091
coeursurmonamourquiestlepluscourageuxencemoment,37092
ironman2,37093
askmelaniesoso,37094
avecletemps,37095
Lille2,37096
OkBye,37097
Togetherness,37098
europeenscontreleshaines,37099
7UpMojito,37100
Auvolley,37101
TweetVisee,37102
TimeToGrowUpBuddy,37103
RoCestPourToi,37104
2001lodysseedelespace,37105
SeulementSochaux,37106
bestone,37107
SeasonFinale,37108
AbbeyRoad,37109
relou,37110
fatiguante,37111
vadormir,37112
FactAboutMe,37113
chucknorris,37114
Comprehensive,37115
MiradorMundial,37116
CNNespañol,37117
Gillowel,37118
JeHaisMaVie,37119
boycottBFMTV,37120
journalisteparfaite,37121
pierredjcamping,37122
KadhafiGate,37123
soireeCastle,37124
tropforts,37125
Rajoy,37126
ironieduvieuxsocrate,37127
LittleDragons,37128
blackkk,37129
DieuVousVoie,37130
DesBigoudisAuxPoilsDuCul,37131
coquinou,37132
nopression,37133
iPhone6Plus,37134
xcycling,37135
sam,37136
violetta,37137
GuillaumeALaFerme,37138
SoiréeDeMerde,37139
BlaguePourrie,37140
SedySirani,37141
AssaSirani,37142
MadyLagaré,37143
LoveDrooooon,37144
launch,37145
Klee,37146
amourestdanslepre,37147
randomquoteofmine,37148
بوخالد,37149
rébellion,37150
admd90,37151
lignes,37152
nanterre,37153
RageDeVaincre,37154
avril2013,37155
LaUne,37156
MahometEstCharlie,37157
Pardonné,37158
tocard,37159
EEEEEATS,37160
LaOpera,37161
GaleriasLafayette,37162
Volvo,37163
DescolariseToiStp,37164
questionpourunjd,37165
BoulevardDeMenilmontant,37166
remet,37167
toi,37168
en,37169
Iwatch,37170
Athéswag,37171
MyDesign,37172
chaud,37173
BTSAudiovisuel,37174
Offcommechristophe,37175
RirePourlaLiberte,37176
Croatia,37177
maltraitance,37178
fcpr,37179
Leonardo,37180
Capello,37181
Heynckes,37182
UKsoon,37183
Jesuismomo,37184
KognoMousso,37185
Zizou,37186
JeSuisEmu,37187
MFAwards,37188
JannetteBougrab,37189
usurpation,37190
launedemercredi,37191
Menes,37192
shameonme,37193
JesuisNico,37194
GoldenTorso,37195
ruedelaroquette,37196
JeSuisGump,37197
JeSuisKings,37198
NousSommeDosPunto,37199
GoodGame,37200
bacL,37201
DanielCohnBendit,37202
jsuisunthug,37203
23h20,37204
SHAMEONME,37205
onesttouscharlie,37206
BoGosse,37207
amitiée,37208
JeSuisRaide,37209
JeSuisDure,37210
JeSuisOchant,37211
JeSuisDansTonCulBitch,37212
LookingHBO,37213
ComingSoon,37214
bandedefolles,37215
Enculer,37216
Schuiten,37217
Peeters,37218
fêtesurprise,37219
alive,37220
motscroisées,37221
bouuuuu,37222
notes,37223
mavieesttriste,37224
3suisses,37225
NousSommesObscurantophobes,37226
WWE2K14,37227
Kamelot,37228
Merlin,37229
TeamLloris,37230
Zelig,37231
Kamoulox,37232
IlEstLibre,37233
Hahaya,37234
Foumbouni,37235
Hahaia,37236
Trotro,37237
jusquademainsoir,37238
TakeMeToChurch,37239
teamponey,37240
TeamKidInk,37241
leslarmesmontent,37242
BolaDeOuroDaFifa,37243
MelhorJogadorDoMundo,37244
FRAPPEZLA,37245
Blueprint2,37246
JenPeuxPlus,37247
immortals,37248
JeSuisFatigue,37249
Americanloveinparis,37250
TeamMPokora,37251
Sanspression,37252
inthreemonths,37253
LakeAnnecy,37254
topgear,37255
duodechoc,37256
réviserpartout,37257
MemePasHonte,37258
PierreBayen,37259
ChalonsenChampagne,37260
QuePourLesJuristes,37261
RelationshipGoal,37262
JeanCabut,37263
audessuscestlesoleil,37264
212CONTROLELAZONE,37265
Kurdistan,37266
Erbil,37267
jesuisdookie,37268
NSMLRGANG,37269
LesLionsDeLAtlas,37270
putedumaroc,37271
prière,37272
FuckExEmployeur,37273
CaRime,37274
modetransformationactivé,37275
jesuifatigué,37276
Michelforever,37277
JMC,37278
HappyBDayZaynFromRadioTalent,37279
JoyeuxAnniversaireXhyl0m,37280
TpourM,37281
humourtevexepas,37282
hantée,37283
Bivouac,37284
ConditionsGenerales,37285
GrosseSoiree,37286
SceneTurc,37287
Catwoman,37288
since2012,37289
salepute,37290
abusnotifications,37291
laissezmoidormir,37292
THAUVINFDP,37293
StadyumdaFutbolKeyfi,37294
stadyum,37295
lebivouac2015,37296
parisdakar,37297
RadioInterneCarrefour,37298
LeRecit,37299
WineBubble,37300
stapsiens,37301
toujoursplus,37302
qualifcdf,37303
ReadyForLaterSaGueuleAJustinBieberQuiPourritLaTl,37304
BestPresident,37305
walkingaround,37306
instanice,37307
LesMeilleursAmis,37308
TeamJanvier,37309
LeGangDesCapricornes,37310
fantôme,37311
ss6,37312
FreeShmurda,37313
SouthparkG1,37314
musclé,37315
batarde,37316
bizu,37317
Cologne,37318
offfffffffffff,37319
SaintValentin,37320
TASLETEMPSFRÈRE,37321
maisondeouf,37322
fantômes,37323
Wilson,37324
Chapeau,37325
fantome,37326
babydoll,37327
cardinaux,37328
baiser,37329
cheah,37330
mafia,37331
assomezmoisvp,37332
jeveuxhiberner,37333
suspens,37334
DevoirTime,37335
keurkeursurlebaragaufretropstylebisousbonnenuit,37336
LastHashtagInutule,37337
LastHashtagInutilePourProuverLinutiliteDuPremier,37338
Catastrophe,37339
奶奶,37340
健康,37341
cestdurlavie,37342
atomicskypower,37343
lesgardiensdelagalaxy,37344
laurettelunique,37345
peinard,37346
Amoureuse,37347
MaDirection,37348
offshelley,37349
TritriFanClub,37350
goal2015,37351
nvbannière,37352
Altuzarra,37353
SmileyTriste,37354
CFA,37355
Musaranas,37356
musarañas,37357
Morelista,37358
CHELSEAFORLIFE,37359
carroz,37360
scoopdelannée,37361
WhatRichardDid,37362
VENDREDISEXE,37363
ingodwetrust,37364
5hpourdormir,37365
바비,37366
바비지원,37367
TorseNueCommeJoel,37368
zezette,37369
Cosette,37370
belleile,37371
aveclelycee,37372
JePrefereLeDireQueLentendre,37373
TeamPasCoursDemainEtJvousBaiseTousAhahahahahaha,37374
EnBateauAvecLeLycee,37375
NoHomo,37376
SamiraSaid,37377
GTCREMIX,37378
PlanSas,37379
DALLASvsDETROIT,37380
GoUpChallenge,37381
picofthenight,37382
UrbanMusic,37383
niquesamere,37384
niquelarentree,37385
listeningfromfrance,37386
assumeroupas,37387
EnAlgerie,37388
jaitoutperdu,37389
NeedTrainings,37390
Nyjah,37391
stylatorarmygaintweets,37392
Fut14,37393
Tati,37394
TheMonster,37395
MMC15,37396
MarinMoster,37397
ConfessionIntime,37398
DavidGuetta,37399
OpTicNation,37400
sweetdreams,37401
DemarcusLawrence,37402
RookieMistakes,37403
confessionintimes,37404
TeamRebelleSansBrevet,37405
VanessaParadis,37406
Pasbesoindepermis,37407
Sitalamoyenneenrien,37408
Coupdecoeur,37409
exotic,37410
tasty,37411
FrenchHumour,37412
memories2014,37413
SilentHill,37414
MMC,37415
ReveillerPlusTot,37416
season6,37417
WeRememberStuartScott,37418
manaaa,37419
CowboysVsLions,37420
cigarporn,37421
havano,37422
cuba,37423
feignant,37424
JaiPlusLeSeumQueLaTeteACDP,37425
Team2000,37426
4hpourlemoment,37427
iyiyimben,37428
JelAiTresMalPris,37429
Dobby,37430
teamroux,37431
Stresser,37432
ohmygod,37433
chaussures,37434
WANT,37435
FilsDePoulpe,37436
GreenWall,37437
Vomito,37438
Sabine2015,37439
3hdumat,37440
TweetCommeUnCompteRapFrançaisEn2015,37441
queens,37442
moonbeom,37443
reprisedemain,37444
VanilleChocolat,37445
beLike,37446
Familly,37447
Lovee,37448
mugiwara,37449
un,37450
dos,37451
tres,37452
TahiaTouness,37453
ReveilDans3heures,37454
offffffffffffffffffff,37455
Oklmmmmmm,37456
lesnouveauxjournalistes,37457
TeamMenez,37458
ACMilan,37459
HypocritesRPZ,37460
MaisLaRoueTourne,37461
MauvaisDelire,37462
JeromeJarre,37463
2k,37464
onvientongagneetonsenva,37465
vieja,37466
teamThugnous,37467
LaRascasse,37468
aielereveil,37469
plusque2hdesommeil,37470
xénophobie,37471
petrified,37472
WhoHatesMeRightNow,37473
killtheprofesor,37474
prenomcongolais,37475
Survivant,37476
PrenomCongolais,37477
JournéeNoire,37478
prenolcongolais,37479
TempDeMerde,37480
pn,37481
Merde,37482
Lundivenezpasmecasserlescouilles,37483
VoixDeMisterV,37484
lesvacancessontfinies,37485
06h,37486
LENDROIT,37487
rechute,37488
croissance,37489
Sya,37490
JourneeVaEtreLongue,37491
RepriseDesCours,37492
jaipasenvie,37493
teamFatigué,37494
laRepriseVaÊtreDure,37495
lesévénements,37496
pol,37497
cryingmyselftosleeptonight,37498
cfa2015,37499
Krutenau,37500
Blanche,37501
Fra,37502
âmeslave,37503
sadtears,37504
fumeurs,37505
vapoteurs,37506
Bookingcom,37507
Accor,37508
SoftPower,37509
1h30,37510
Cambaceres,37511
D12,37512
bleugarlozere,37513
d17,37514
RebeccaCallard,37515
commentestcepossible,37516
lesvacancescestfini,37517
rentreedemerde,37518
lescernesleretour,37519
CarteVitale,37520
pauvres,37521
pray4pnlp,37522
directvideo,37523
VisMaReprise,37524
PreOrderKeepMeFromYou,37525
toiiiii,37526
Asos,37527
DeToutesNosForces,37528
TopOfTheMorning,37529
stopautierspayant,37530
mermoz,37531
JeuDeMotPourri,37532
meufquiassumepas,37533
5SOSFamMeetUp,37534
Fuckingdiplôme,37535
BisouBarbu,37536
protocole,37537
maldecrane,37538
maldeventre,37539
fautpasdec,37540
desidees,37541
Rentreedemerde,37542
ComptePersonneldeFormation,37543
esprit,37544
BonneRentree,37545
npdc,37546
nord,37547
agence,37548
nonmaisoh,37549
jujulabricolo,37550
Ts2G1,37551
badschool,37552
cabroltouch,37553
PasMotive,37554
LaSemaineVaEtreLongue,37555
jemecomprends,37556
profitesen,37557
progression,37558
coupedumonde98,37559
suisvieille,37560
clundi,37561
humournul,37562
CPF,37563
FuckLaReprise,37564
offx,37565
teamenretard,37566
TPMPRentree,37567
folieinterreligieuse,37568
sportsbiz,37569
lundivenezpasmecasserlescouilles,37570
Meudonnais,37571
PACESJeT,37572
chieuse,37573
FAC,37574
exact,37575
SaintClaude,37576
Manudansle69,37577
AstuceDeDiva,37578
Cotedazur,37579
Onnnn,37580
MaVieEnLyceePro,37581
VraiSerie,37582
Vilolence,37583
identité,37584
Misfit,37585
partielles,37586
Eusébio,37587
destruction,37588
Législation,37589
DirecPR,37590
maispascematin,37591
menwomenandchildren,37592
OPT,37593
défisc,37594
primarieliguria,37595
albatragica,37596
2días,37597
Cour,37598
lafeteauvillage,37599
Costa,37600
addictions,37601
SNIFSNIF,37602
ilestouilestcon,37603
HollandeLEchec,37604
ilestconouilestcon,37605
JsuisDejaDéprimé,37606
Montorgueil,37607
CafeNoir,37608
naruto,37609
gaara,37610
sasuke,37611
sakura,37612
bistrot,37613
RueSainHonore,37614
calle,37615
ShortNight,37616
ÇaPique,37617
MemeCombat,37618
jesuisdeg,37619
zubiout,37620
BeMotivated,37621
LetSWork,37622
BackToBusiness,37623
IHateMondays,37624
prayforme,37625
reformeinstitutionnelle,37626
LundiFaisPasChier,37627
Akrour,37628
boutal,37629
trans,37630
moreaustyle,37631
mce,37632
TrouverLeBonTaureau,37633
Ligne13,37634
Telematin,37635
Iscidco,37636
Cuestas,37637
Resistencia,37638
Velocidad,37639
Enriquedemission,37640
EnfantsBoulotMaison,37641
vibementlanneeprochaine,37642
tobin,37643
Donbas,37644
Kiev,37645
BienvenueEn2015,37646
grosseFlemme,37647
CR,37648
SunsVsRaptors,37649
Franciliens,37650
ReussirPourNogent,37651
better,37652
Astana,37653
chapka,37654
BusinessGameIGS,37655
WiFi,37656
NogentSurMarne,37657
VagueRose,37658
vendredilecture,37659
ActivitéPop,37660
frenchtechces,37661
ukraine,37662
Babysteps,37663
forcementUneFille,37664
gr,37665
difficile,37666
FuckingBirthday,37667
ThePaleEmperor,37668
MarilyManson,37669
MarilynManson,37670
Pasdecourage,37671
Lesboules,37672
cpf,37673
dif,37674
cif,37675
formationpourtous,37676
Chespirito,37677
DeepSix,37678
SLB,37679
eusebio,37680
RIPEusébio,37681
PatCo,37682
teamblesser,37683
M13,37684
AladeWura,37685
BuenosDiasMiguelito,37686
NousCaVaToujours,37687
ladefense,37688
itélé,37689
neWyear,37690
renvlltpol,37691
horses,37692
horsesofinstagram,37693
horseshow,37694
horseshoe,37695
horses_of_instagram,37696
dwc,37697
essecDWC,37698
TheDrop,37699
minimoi1,37700
VSLondon,37701
VictoriasSecret,37702
BowTie,37703
backhome,37704
OrlySud,37705
saltimbanqueTour,37706
GratuitéFoncierPublic,37707
BienDit,37708
Fiston,37709
MutatedTeam,37710
Téléportation,37711
Fringe,37712
Hg,37713
d3js,37714
racket,37715
voleur,37716
Ihopeagoodyear,37717
newprojects,37718
penibilité,37719
achevezmoi,37720
inégalités,37721
absurdite,37722
StopLaFolle,37723
PacteDeSimplificationDesNormes,37724
Construction,37725
réouverture,37726
muscu,37727
afond,37728
objectif,37729
tro2fun,37730
meilleuremoment2mavie,37731
tropd,37732
ahah,37733
VR,37734
Runaway,37735
TheWoodyThinking,37736
mercilaSNCF,37737
Chinois,37738
Luxe,37739
cancun,37740
QuelleConne,37741
I24News,37742
Zvilli,37743
io,37744
DroitAdministratif,37745
gobacktoschool,37746
cci,37747
biomecademerde,37748
vendeursdanslarue,37749
TakeTheLilWayneFlow,37750
EdWestwick,37751
éphéméride,37752
clairon,37753
EureetLoir,37754
bugarach,37755
maya,37756
PrévisionsBac2015,37757
Mainvilliers,37758
Samaritaine,37759
strip,37760
collectif,37761
xanadou,37762
ToujoursEnVacances,37763
SemaineDePlus,37764
légiond,37765
Mapillary,37766
commons,37767
PrixDuJockeyClub,37768
Falco,37769
CourDeFrancais,37770
Trisomy,37771
Chamakh,37772
blackandwhitechallenge,37773
EssayePasDeMeLaMettreALenvers,37774
AhJamaisLesPremiersTours,37775
AJamaisLesPremiersElimines,37776
ButImIntoDrummers,37777
déficit,37778
itsmondaybutitsokay,37779
mylittleteam,37780
BringBackOurClairon,37781
aquadansmon30m2,37782
bricolo,37783
sospaga,37784
LAPIPE,37785
Plusd,37786
fabuleux,37787
cestpasmarentreetoday,37788
gazole,37789
CaVa,37790
JeMeurs,37791
RenéCassin,37792
HauteLoire,37793
bibliothèque,37794
Arpajon,37795
GrasseMatinée,37796
ParisTeam,37797
BackToWork,37798
esoquées,37799
conquésecome,37800
OBJETPUBLIC,37801
Déontologie,37802
TeamSoc,37803
CubeRevue,37804
GetALife,37805
wouaw,37806
rtsitoiaussitutefaitchierdessusparlasoeuranao,37807
Irènetahlacoiffure,37808
MonDieu,37809
KissKiss,37810
instaquote,37811
Nadiya,37812
FreeSavchenko,37813
Prolimatech,37814
raisonnable,37815
ObjectifRéussite,37816
GodBlessMe,37817
TWelcome,37818
nebbia,37819
PaoloConte,37820
chebensicurimainonsiamo,37821
LibérezLaSécu,37822
lafrenchtech,37823
Eliasson,37824
Myth2015,37825
NothingPersonal,37826
Bronchite,37827
Semainedepartiels,37828
LeMondeDesInterets,37829
calvaire,37830
twins,37831
thattoweragain,37832
NikonFilmFestival,37833
ASMEnsemble,37834
YellowArmy,37835
StadeMarcelMichelin,37836
lefacteur,37837
teaser,37838
metropole,37839
tbc,37840
5sosfanart,37841
Wundertausch,37842
EndOfVacations,37843
BerkinElvan,37844
teamBacon,37845
Impunité,37846
Jesors,37847
wagon,37848
BestDayEver,37849
JeVaisMePerdre,37850
HuissierDeJusticeStagiaire,37851
RookieBlue,37852
Huguette,37853
jenaidejamarre,37854
lapesteoulecholera,37855
GirlsProblem,37856
aieaieaie,37857
laplusnule,37858
libérale,37859
yeuxbridés,37860
IlsSontContents,37861
mairie16,37862
AntiVictoria,37863
TousLeMondeVeutPrendreSaPlace,37864
barbapapa,37865
Alicante,37866
BonMarché,37867
ComDigitale,37868
EnergyDrink,37869
YES,37870
WelcomeBack,37871
babalepakistanai,37872
RylandLynchAtParisWithR5,37873
Phasecachee,37874
ASL,37875
LEA,37876
autocorrection,37877
BlagueDeCommerce,37878
Incoterm,37879
twingirls,37880
SemaineDeMerdeBonjour,37881
quotes,37882
Service,37883
LeRoyaume,37884
NouveauTestament,37885
RidleyScott,37886
PRdirect,37887
Thiéfaine,37888
Courmayeur,37889
Capodanno,37890
Origi,37891
tropcool,37892
Hedef1milyon,37893
BerkinElvan16Yasında,37894
ForzaCerci,37895
soldesprivées,37896
MOODGRAM,37897
Disruptive,37898
EbolaResponse,37899
makassy,37900
gg,37901
RCHQ,37902
phoebe,37903
Bernanke,37904
retinafilms,37905
200000FansOnTwitter,37906
FH2015,37907
VacancesEnAmoureux,37908
jesuisunpeuunmoutonquandmême,37909
CLB,37910
ProudOfYou,37911
bombesque,37912
dejeuner,37913
kinenveut,37914
LifeItself,37915
salvaBerlusconi,37916
Serie,37917
2BrokeGirls,37918
hippacklife,37919
ecoeuré,37920
hégémoniedescinqdemies,37921
самолет,37922
Путешествовать,37923
enville,37924
Amortlescheaters,37925
useless,37926
losttime,37927
PostBadAbou,37928
merciTony,37929
iTV,37930
duure,37931
ciaolX,37932
RedescendSurTerreMec,37933
Masochisme,37934
HAPPY,37935
fubiz,37936
TeamTeub,37937
bruxelles,37938
TexteÀLire,37939
mustsee,37940
IHopeOrNot,37941
regole,37942
salvaDeBenedetti,37943
salvapapà,37944
digitaleaks,37945
vœu,37946
economy,37947
Hatzius,37948
Sachs,37949
plusbellevilledumonde,37950
incinérateur,37951
pcf,37952
Alonso,37953
Hamilton,37954
GP,37955
vivemavie,37956
SR,37957
JeanPierreBeltoise,37958
RESTOS,37959
ParoleDeSudiste,37960
epuisée,37961
Weight_Loss,37962
fitgirls,37963
WeightLoss,37964
BerkinElvanÖlümsüzdür,37965
coldweather,37966
spourssa,37967
probleme,37968
Bestfriends,37969
PartyHard,37970
LeRespectSePerd,37971
hardweek,37972
CROISSANCE,37973
ASIE,37974
OrignySainteBenoîte,37975
igAisne,37976
RipJPB,37977
sentimentale,37978
cadurerapasaussilgtquelesimpots,37979
Crossfit,37980
tolstoï,37981
Beltoise,37982
yodawashere,37983
ADP_fr,37984
techcafé,37985
Lamborghini,37986
at,37987
enculé,37988
brisbane,37989
WCvsFRA,37990
ForFun,37991
quelaforcesoitavecmoi,37992
cuteboys,37993
marriageequality,37994
tweetbot,37995
terresainte,37996
ommonamour,37997
PreparationEuro16,37998
MomoEnFrance,37999
TeamDescartes,38000
stoplesredifs,38001
KillerFromParis,38002
QueDesCatins,38003
LesFeuxDeLAmour,38004
chelsea,38005
GOTS5,38006
noupe,38007
Canards,38008
ColVert,38009
MarreDEtreDesVachesÀLait,38010
cestunordre,38011
Lobau,38012
Wien,38013
CôteDor,38014
suceuse,38015
bite,38016
cumtribute,38017
Aurier,38018
SaChauffe,38019
jeannedarc,38020
RomeoClub,38021
PlanBChartres,38022
Frost,38023
Givre,38024
Leaves,38025
Feuilles,38026
Arbre,38027
igÉtreux,38028
Pastas,38029
MyMoonSpots,38030
valerietreiweiler,38031
TeamHandball,38032
ColinMorgan,38033
nyc,38034
NouvelleGeneration,38035
70sChic,38036
FurryBear,38037
vest,38038
storsh,38039
TrierweilerGate,38040
MerciPourCeMomentLeFilm,38041
Youpi,38042
FaitesCeQueJeDisPasCeQueJeFais,38043
Dafalgan,38044
TristeFrancoisHollande,38045
PatisseriesEtCompagnie,38046
MIAM,38047
vivelevin,38048
manqueplusquelesaucisson,38049
ilssontheureux,38050
AvecMaColoc,38051
Lyon2015,38052
Zeromention,38053
mendy,38054
SergioBossi,38055
TeamPoète,38056
tanicure,38057
christmastime,38058
angstrom,38059
PaPossib,38060
paullapie,38061
ADP10,38062
enjoying,38063
whoareyouAlaska,38064
johngreen,38065
stab,38066
Laawd,38067
Megaprojects,38068
labrador,38069
InDesign,38070
Cantwait,38071
BordeauxMetropole,38072
Mint,38073
Doha,38074
travaux,38075
rubixcube,38076
enroutepourles16eme,38077
finishthefight,38078
travelbloggers,38079
ptiteSoeur,38080
Aussibum,38081
هجوم_ارهابي_على_حدود_الشمال,38082
outof20points,38083
finalgradejokes,38084
20Days,38085
LaCourDesGones,38086
MarieAntoinette,38087
ExpoSaintLouis,38088
MonumentsNationaux,38089
mercimamie,38090
OGALM,38091
DowntonAbbeyChristmasSpecial,38092
TeamQrks,38093
Paysage,38094
2015goals,38095
TropContente,38096
CondatCity,38097
ruinesduniversite,38098
TesPasDeJansonSi,38099
vivaaustralia,38100
unicorns,38101
TAUBIRA,38102
Touslesmemes,38103
AlexFaraut,38104
allezecouter,38105
antipegida,38106
PeggySage,38107
FreeRondonumbanine,38108
team600,38109
squad,38110
gbe,38111
otf,38112
realnigga,38113
Paillette,38114
Lunule,38115
DjerbaAddict,38116
RymBeachUnJourRymBeachToujours,38117
Cannelle,38118
lesvraisreconnaitront,38119
TeamGoalkeeper,38120
Noeud,38121
Strass,38122
ScintillantArgent,38123
Entreprise,38124
Social,38125
RazzieAward,38126
Tottenham,38127
PourLinstant,38128
SeMefierDeLaFinanceFacile,38129
PAYERSONCOCU,38130
animaux,38131
Orgasme,38132
hypokagneforever,38133
nondemocrate,38134
bebetropfolle,38135
aimermanger,38136
etregros,38137
plantes,38138
retourmaison,38139
grandiose,38140
pauserevision,38141
kyungu,38142
TeamNaine,38143
altrad,38144
Galthié,38145
NewYearsRockinEve,38146
jeanpaulgaultier,38147
ss15,38148
abattoir,38149
Hollywoodgirls4,38150
CeSoirCauetDeRetourSurNRJ,38151
LEMAG,38152
TRaww,38153
AnnuleTout,38154
nextstep,38155
IlsAvaientPasDeReseauOuQuoi,38156
GoodYear,38157
PrayForMathieu,38158
OGgoesBATMAN,38159
carolamijorée,38160
LeMaillonFaible,38161
enroutepourles8eme,38162
Indesign,38163
infographic,38164
gayhoopla,38165
slamF3,38166
TRACEREQUEST,38167
velizy,38168
realhousewives,38169
NouveauClientTop,38170
DjendeurMarketing,38171
eurozone,38172
thiagomotta,38173
Sessanga,38174
imthebest,38175
biker,38176
TI,38177
LastTweets,38178
souvenirsDeMarnie,38179
ghibli,38180
disneysocialclub,38181
CoupDeVieux,38182
QuestionPourrie,38183
Laïc,38184
JeBave,38185
fanatic,38186
masituation,38187
09mois,38188
calm,38189
quite,38190
OnFaitPasSa,38191
Corléone,38192
FcBarcelone,38193
pressée,38194
tweetvisée,38195
CfLastTweet,38196
princesses,38197
EnManqueDeVacances,38198
riplatélé,38199
lychee,38200
Tragique,38201
RAFdes,38202
ReineDesNeiges,38203
GrandeFan,38204
humourbleu,38205
RIPVacance,38206
pyjama,38207
ESPE,38208
bisousurlefrontdemesennemis,38209
Mag,38210
cestpourtantpasleprintemps,38211
LDTS,38212
loveadministratif,38213
formationprofessionnelle,38214
Financespubliques,38215
bnpparibas,38216
MTPBopALula,38217
FeelItAllWorldTour2015,38218
Génial,38219
optimisation,38220
CLPourToujours,38221
Homework,38222
manquedeouf,38223
Transports,38224
PostBadDarchi,38225
EMU,38226
Boiron,38227
idrac,38228
PGE,38229
nrv,38230
apologie,38231
MonumentValleyGame,38232
ParceDesSport,38233
MONPSG,38234
JeanPIerreCoffe,38235
Monk,38236
KhemkaTahLa2nd6,38237
foutageDeGueule,38238
vacanceEte,38239
prado,38240
Glassy,38241
cityscape,38242
NewJob,38243
Gamine,38244
ledestin,38245
DepuisTuMentCommeBenArfa,38246
CaPiqueLesYeux,38247
épuisée,38248
FuturGrand,38249
Sextoy,38250
geantvert,38251
kitkat,38252
thévert,38253
FilleBordelique,38254
Chieuse,38255
fuckschool,38256
Hypocritie,38257
Fauxcul,38258
ndeko,38259
ladrões,38260
EdSheeran,38261
MarvinGaye,38262
berrichonne,38263
ManqueDeOuf,38264
FanzouzesFamily,38265
fatiguer,38266
TPMPLeRetourEnfin,38267
gastro,38268
Daftastic,38269
Yearmix2014,38270
JulietteIsBack,38271
teampeaudevache,38272
Brassens,38273
NantesMetropole,38274
sissy,38275
tgirl,38276
shemale,38277
ladyboy,38278
1m90,38279
65kg,38280
Marge,38281
WikipediaBR,38282
ReggaetonVsDemBow,38283
Problemeexistentieljesais,38284
TheGreatEscapist,38285
TresBonDebit,38286
AMÉDITER,38287
QueTeAproveche,38288
JeuCollectif,38289
Content,38290
JustDance2015,38291
الخوارج,38292
etoileverte,38293
TheEndIsWhereItBegins,38294
VaChezFree,38295
zaynbirthdayproject,38296
BigBlack,38297
Gold,38298
TellementHate,38299
BilShow,38300
QUEEN,38301
Rtsictrist,38302
RappelonsNous,38303
TropLaFlemme,38304
vivelazoneB,38305
Alticiades,38306
TCStrasbourg,38307
exhausted,38308
SiJEtaisSonSoleil,38309
suisse,38310
switzerland,38311
CitéDesCongrès,38312
Metropole,38313
TER1euro,38314
ivrevirgule,38315
nuevirgule,38316
TeamVénaux,38317
Toxico,38318
MadeInDautry,38319
BonneRentreeTPMP,38320
titi,38321
provocation,38322
sujetsensible,38323
RobertMenard,38324
TheProdigy,38325
lesmeilleurs,38326
TeamJoy,38327
vodka,38328
JosephKessel,38329
alcool,38330
NoPediga,38331
RIPEmma,38332
JeQuitteLeNet,38333
PassatoRemoto,38334
QueremosViolettaLiveEnInglaterra,38335
Season6,38336
ligneN,38337
DTCUE,38338
NRJCauet,38339
jecachemajoie,38340
CHACHIGONZALES,38341
Mrpolémique,38342
Réunionnaise,38343
LaPhiloMOBsède,38344
vivelaL,38345
OnAfficheNounoursSansPression,38346
HappyJBDay,38347
HappyJaebumDay,38348
officelife,38349
jedoisallerenecoledejournalisme,38350
BonRétablissementValérie,38351
enjoyers,38352
lesprincesdelamour2,38353
AVeryPotterMusical,38354
Numéro23,38355
stpierre,38356
prodiges,38357
Meugui,38358
FuckRamsès,38359
EnRetard,38360
Montereau,38361
CUTLASERIE,38362
MaximeduSoir,38363
Mcor,38364
pasmieux,38365
Elsass,38366
BasRhin,38367
Instalsace,38368
Hoplagram,38369
Strasgram,38370
BonRetablissementValerie,38371
CameronDal,38372
920xt,38373
koegida,38374
TPMPisBack,38375
LeteEnHiver,38376
lgj,38377
SoiréeNomade,38378
niewieda,38379
dissolution,38380
veganFood,38381
degoute,38382
yesPeople,38383
NoPegida,38384
TEAMBOSSEUSES,38385
ASMKast,38386
Neversfamilly,38387
legui,38388
npolony,38389
MeltingPot,38390
NashGrierFamily,38391
bourina,38392
bonehead,38393
LaProchaineFois,38394
pitiédecesgens,38395
LPDL,38396
HelpeMe,38397
SaSeraiMagique,38398
fonte,38399
1ansans1789,38400
Loup,38401
ValerieTrierweiler,38402
TirageCDF,38403
LhommeAuBobSeFaitAttendre,38404
stopyouarenot1d,38405
MAROC,38406
SocialFoto,38407
carrefourfrance,38408
bitches,38409
ThePerksOfBeingAWallflower,38410
RIPLISE,38411
Essid,38412
TnGov,38413
AMHA,38414
cestpaslapremierefois,38415
hidalgo,38416
soireesolo,38417
quevaisjechoisir,38418
Stagiaire,38419
teamADP,38420
TeamNikos,38421
JT20H,38422
r5loud2yearspillow,38423
MHSCFCGB,38424
teamMHSC,38425
VERAO2012,38426
cremieu,38427
CDF2014,38428
PSGouMHSC,38429
PLBV,38430
samefoutleseum,38431
RCR,38432
DryJanuary,38433
jeanmarcmorandini,38434
OSesTürkiye,38435
Plagues,38436
Vishal,38437
Aambala,38438
jeveuxpasyaller,38439
jevaismechiee,38440
pasassezrévisé,38441
AmpelAus,38442
Lichtaus,38443
voteSqueezie,38444
Ikeaaaaaaaa,38445
ASKTQM,38446
TeamAllier,38447
bolderiz,38448
nemcrevette,38449
lifelovebeautyb,38450
FDML,38451
0FF,38452
trucsdefilles,38453
UnCarnage,38454
TousUnisDansLaMemeMerde,38455
entreelibre,38456
jaitoujours14ans,38457
Liberal,38458
libertarian,38459
civisme,38460
CallOfDutyGhosts,38461
Lpdla,38462
RenouvellezVous,38463
Celebration,38464
garbage,38465
LakersNation,38466
MannequinLaHalle,38467
NF,38468
PSGMHSC,38469
EnManqueDinspiration,38470
TeamBadax,38471
ParisiensetChampions,38472
MomentDePanique,38473
MONAVIS,38474
RetourVersLeFutur,38475
GenerationTwilightGenre,38476
jackass,38477
Cup,38478
FACup,38479
CréationPréHistoire,38480
iwannaslap,38481
doityourself,38482
Sitting,38483
TourSaintJacque,38484
starup,38485
CoeurSurEux,38486
DeStijl,38487
nonmais,38488
tocs,38489
lapluiedété,38490
margueriteduras,38491
sylvainmaurice,38492
gobelets,38493
NaBalaDéjà,38494
Seek,38495
adlp,38496
fucklovd,38497
happycastlemonday,38498
Armagedon,38499
TeamLamasticot,38500
Àquelquessecondesprès,38501
meilleureprof,38502
TuVasCreverOui,38503
CashToBelgium,38504
vieillemegerelacam,38505
laforcedutrefle,38506
BestSeason,38507
LaForceDuTréfle,38508
jeunesseperdue,38509
acdc,38510
thewho,38511
FastAndFurious,38512
Carlou,38513
tweetLove,38514
TweetCommeUnAdo,38515
CLASSIQUE,38516
Tvd,38517
EnAvance,38518
onpdp,38519
LaForceDuTrèfle,38520
LeDieuDuTrèfle,38521
LaMagieDuTrèfle,38522
LePouvoirDuFarfadet,38523
firstworldproblems,38524
IUT,38525
CasparLeeHasANewBestFriend,38526
Gabin,38527
st2s,38528
LaJarrie,38529
BonneAnniversaire,38530
FiestaBoomBoom,38531
1ansSans1789,38532
CoroArmy,38533
Teamtall,38534
concourssananas,38535
FlexinOnEm,38536
PodcastXXL,38537
KendjiChezCauetSurNRJ,38538
OnNestPlusDesPigeons,38539
TypeParfait,38540
CollocMagique,38541
MangeUneQuicheDevantLPDLA,38542
MemeMonPhoneVeutMeFairePleurer,38543
FavoriteSong,38544
ButSadSong,38545
prisedepoids,38546
compteàrebours,38547
apportezmoiduNutella,38548
sexeentresamis,38549
KatyPerry,38550
Eric,38551
RetourDEnora,38552
Personne,38553
ViveLesAgriculteurs,38554
OnTheRunTour,38555
RetourDenora,38556
ChocFunebre,38557
toutlemondesenficheetaraison,38558
logos,38559
tampax,38560
amourirderire,38561
clichessurlafemme,38562
ChevinChase,38563
pignamedGucci,38564
avenuemontaigne,38565
intégrateur,38566
Html5,38567
CSS3,38568
perdire,38569
SchnekFamilly,38570
RetourdEnora,38571
WeLoveLeightonMeester,38572
Txopi,38573
OnEstBon,38574
Soyezmaudit,38575
ThinkWithPortals,38576
MonAnneeEn14Tweets,38577
TeamULIS,38578
ASK,38579
TerrainDeDistrict,38580
lombredundoute,38581
FelipeAnderson,38582
parionsport,38583
AMYO,38584
CCMLOT,38585
kufar,38586
Lisbonne,38587
dude,38588
haussmann,38589
ConseilMunicipal,38590
Dilemme,38591
Eine,38592
Dreikoenig,38593
SkySerieA,38594
Conversion,38595
ThanksGod,38596
AnnaSilk,38597
Wimbledon,38598
liverpool,38599
glam,38600
ourbelgiumkeeper,38601
tweetdusoir,38602
TweetVisePourPersonne,38603
JavaisPasLesMots,38604
WIMLIV,38605
CampingParadi,38606
NYEonVine,38607
HumourIDE,38608
faitesentrerlaccuse,38609
retourdenora,38610
EineWelt,38611
Dreikönige,38612
CharmeDeFou,38613
RendezVousCIO,38614
Dermatologue,38615
GrandsParents,38616
GuillaumeADP,38617
manucureTime,38618
mauvaiseorthographe,38619
TaylorsSwift,38620
ThalysExplorer,38621
Liege,38622
FcMetz,38623
atelierdesbeauxartsdelavilledeparis,38624
oublielesraviolis,38625
louisXV,38626
AMDP,38627
Rabiot,38628
Jets,38629
monumentvalleygame,38630
BACKSTAGE,38631
MisterYou,38632
ledlp,38633
PlaystationNow,38634
missUSA,38635
CHEN,38636
TweetCommeCyprien,38637
pailladins,38638
ADO,38639
jtmbien,38640
TweetCommeNeylyn,38641
Koons,38642
NosEtoilesConstraires,38643
Celizino,38644
cosse,38645
LaRevolte,38646
Marcel,38647
Teaser,38648
Public,38649
Chantome,38650
LoQueNoSubíEn2014,38651
KhemjaTahLa2nd6,38652
laMayenneEnForce,38653
GetWellSoonJustinWeloveYou,38654
BAEKHYUN,38655
dilemne,38656
quechoisir,38657
brrrrr,38658
SuperNany,38659
mafamilledabord,38660
AEDLP,38661
WorthIt,38662
Calt,38663
PhraseDuSoir,38664
teamBoGoss,38665
FanBoost,38666
ÖzgürlükVeDemokrasiOlmadan,38667
BacDePhilo,38668
YouKnowMe,38669
MIP,38670
DPOY,38671
bestscenesofshameless,38672
byebyeIcry,38673
CopainsCommeCochons,38674
igfrance,38675
igers_paris,38676
gf_france,38677
gffrance,38678
Barrios,38679
Oilers,38680
rclscb,38681
enduropale,38682
contrepeterie,38683
lesfunambules,38684
jacky,38685
TeamFRAGILE,38686
SoutienLea,38687
chantome,38688
canardenchainé,38689
Jacquie,38690
ManVSWild,38691
patissieredevientagricultrice,38692
Série,38693
laedlp,38694
McDavid,38695
MARS,38696
LLFD,38697
DRUMMER,38698
nutella,38699
rime,38700
bêêêê,38701
AlichiaEcouteNRJMaintenant,38702
alichiaecoutenrjmaintenant,38703
hanHan,38704
Fevrier,38705
JeanBaptiste,38706
LoveDeNous,38707
larme,38708
Parkland,38709
TheLionKing,38710
AvoirLaHaineCommeSofian,38711
Lou,38712
JN,38713
multicuiseurPhilips,38714
Markterr,38715
merciparis,38716
zamourfdp,38717
racistedemerde,38718
depuisledébut,38719
directcoupedefrance,38720
pastore,38721
QueenLotta,38722
ChampionsMonFwere,38723
Specialinvestigation,38724
AllezPaillade,38725
CedricSalope,38726
teamstg,38727
PsgMon,38728
ParisEstMagique,38729
chut,38730
PSGMON,38731
BigBooty,38732
PostBadAss,38733
yannou,38734
onroule,38735
bormes,38736
TweetDeLannee,38737
Congre,38738
AskLana,38739
RentreDeMerde,38740
durdurlareprise,38741
flemmetotale,38742
congelationsurplace,38743
ClaireFavan,38744
UB,38745
FMH15,38746
EquipeDS,38747
agir,38748
entreprendre,38749
MonsterKill,38750
TropDansLeGame,38751
enracinement,38752
pelouses,38753
photosynthese,38754
LUDO,38755
adp11,38756
TeamAfterFoot,38757
parifootu,38758
grosdamn,38759
Touché,38760
EnPleinDansLeMille,38761
droledemonde,38762
jeunessedemaintenant,38763
imhappy,38764
RemplaceUnMotDansUnFilmParLamasticot,38765
JeVaisLuiEnvoyerDeSmsDeuxJoursApresJeDisparais,38766
PremierRoman,38767
LaurentNicollin,38768
FeministSpirit,38769
concourécoledesignnantes,38770
YOUTUBE,38771
saylapokalypsme,38772
Severac,38773
CapricornePower,38774
ElFlacoPolar,38775
LeFabuleuxDestinD,38776
LHommeRouillé,38777
KalbimParamparca,38778
japan,38779
Offzer,38780
dodooooo,38781
RetourDeBaltroulini,38782
CommentEtreÉnervée,38783
ReservoirDogs,38784
YoungMediamagAwards,38785
LiveTweet,38786
غرد_بصورة,38787
صورة,38788
الحرم_المكي,38789
صور_قديمة_لزمن_جميل,38790
yolodanstagueule,38791
Andra,38792
CoachCourbis,38793
Lyautey,38794
menteur,38795
All,38796
QuiMaimeMeSuis,38797
Video,38798
baqueira,38799
TechnoParade,38800
mathilde,38801
DemainRepriseDuBoulot,38802
NoMakeUp,38803
jesuispasfolleenfinpastotalement,38804
hasbeendunord,38805
LLLLLLLLLLLLLLLLLLLLLLLLLLLLLLLLLLLLLLLLLLLLLLLLLLLLLLLLLLLLLLLLLLLLLLLLLLLLLLLLLLLLLLLLLLLLLLLLLLLLLLLLLLLLLLLLLLLLLLLLLLLLLLLLLLLLLLLLLLT,38806
PLLTomorrow,38807
TeamPsychotique,38808
Blagueà2balles,38809
chocolateAddict,38810
Qatar2022,38811
VoilàQuoi,38812
Chill,38813
Pics,38814
PPP,38815
evenwithamistake,38816
LeCodeDeL,38817
PublierSonLivreA17Ans,38818
tropdesentiment,38819
JurassikWorld,38820
ACDH,38821
sephorette,38822
dior,38823
SujetDissert,38824
EmpireStateoftheSouth,38825
démengeaison,38826
cicatrisation,38827
DickRivers,38828
stabilityofmind,38829
debruitetdencre,38830
JourneeDeFolie,38831
SchneckFamily,38832
MaevaNewProjet,38833
3idiots,38834
Thatsthequestion,38835
deargod,38836
SG8,38837
B3n3l3Pd,38838
LBC,38839
AllezLaBerrichone,38840
TeamChtx,38841
Part1,38842
fromparis,38843
Part2,38844
ibiza,38845
Magaluf2015,38846
majorque,38847
sleeptimes,38848
jesuispasdanslamerde,38849
Part3,38850
nissart,38851
énormes,38852
grandfilm,38853
AllezLaBerrichonne,38854
Part4,38855
TchernobylConnexion,38856
YayaTouré,38857
BuenaNocheeeeeee,38858
KESSADI,38859
البصرة,38860
candid,38861
RIPEusebio,38862
FavoriteFamily,38863
Volley,38864
SaPique,38865
ConfidenceDuLundi,38866
Amitiés,38867
OffLine,38868
Imhappy,38869
dy,38870
onestpasdespigeons,38871
RemixCloClo,38872
lilypulitzersale,38873
RueTaine,38874
elleveurdlab,38875
HappyandHealthy,38876
reservoirdogs,38877
ILoveMoneyyy,38878
PocinhoLaPute,38879
GamingLive,38880
nono,38881
MIKL,38882
TnConstit,38883
MoiATonAge,38884
beaumettes,38885
byebyeZaratoutpéterd,38886
nouvelleformule,38887
LeSupplement,38888
dedienne,38889
pierreherme,38890
Sadness,38891
jecherchelasolution,38892
ahhhh,38893
Vincennes2015,38894
erasmusplus,38895
erasmusplusfr,38896
bode,38897
miller,38898
skis,38899
nati,38900
Pachuca,38901
Cvitanich,38902
SeulToiPeutComprendre,38903
CdFHockey,38904
Rapaces,38905
TisséMétisse,38906
df3,38907
VincennesConnection,38908
bosondehiggs,38909
particlesfever,38910
Befana2015,38911
Constat,38912
ZizooTheBest,38913
twittos,38914
followerpower,38915
BonneAnnée2015ATous,38916
FelízAñoNeuvo,38917
FirstTweetOf2015,38918
bonané,38919
iziiii,38920
UrteBerriOn,38921
coupDeBouleDansLoreiller,38922
slowpoke,38923
LAKERSNATION,38924
firsttweetin2015,38925
hangeultamere,38926
Team97,38927
nouvel,38928
an,38929
frenchlook,38930
bonneanneemonmanu,38931
OnseFollowentrealgerien,38932
BFMTVPS,38933
urock,38934
bonneanne2015,38935
premierjourdurestedetavie,38936
feliz_ano_novo,38937
happy_new_year,38938
wishes,38939
BonneAnneeKev,38940
AdamsFamily,38941
Math,38942
31decembre2014,38943
BonneAnnee2015Nabilla,38944
lov,38945
BeaucoupDeBonheurPourVous,38946
fromlafrance,38947
StarTrek,38948
willreturn,38949
table2,38950
happeningrightnow,38951
HopesFor2015,38952
geometrevaxelaire,38953
geometre,38954
topographie,38955
PlusDeBAtterie,38956
hbmat,38957
RoadToBundesliga,38958
emfamily,38959
lekiffensemble,38960
MonPremierTweetPour2015,38961
QueDuLoL,38962
chezmoi,38963
villerssouschatillon,38964
BonneAnnéeCaroline,38965
BonneAnnéeValentin,38966
DilatedPeople,38967
SubscribeToKianAndJc,38968
MomentMagique,38969
HappyFunRadio,38970
boyinlandscape,38971
Le31ToutEstPermisAvecArthur,38972
ContreLeSystem,38973
HarryLouYear,38974
Gainzzz,38975
squats,38976
celebration,38977
UneNouvelleAnnéeQuiCommence,38978
BonneAnneeKevAdams,38979
BonneAnneeNabilla,38980
BonneAnneeRayane,38981
TweetCommeMaxiRelou,38982
BonneAnneeDenitsa,38983
AnlayanAnladı,38984
JeanBaptisteHumoriste,38985
NewYearsEveFollowSpree,38986
BonneAnneeMatt,38987
pokoteam,38988
BONNEANNEE,38989
Maskinen,38990
AJAIMAISLESPREMIERS,38991
ALLEZLOM,38992
AUXARMES,38993
4C,38994
prospérité,38995
passionfruit,38996
LesTwittos,38997
2015OnEstLà,38998
bonneambiance,38999
twprecedent,39000
DestinéeManifeste,39001
moovie,39002
nogooddeed,39003
LesGaleriensDuNouvelAn,39004
teamzieukipik,39005
DZpower,39006
Lina,39007
ElleNestPasContente,39008
toutelamusiquequonaime,39009
HAPPY2015,39010
Beurette2014,39011
Reussite,39012
putaindesoirée,39013
enfoires2015,39014
AlgerianPower,39015
TeamJBB,39016
InfuzeMaEnvoyéUnBonneAnnee,39017
MoinsBon,39018
ToutEstSombre,39019
CommeLaXboxOne,39020
Keurs,39021
Camulox,39022
BelieveInTheAuthority,39023
letsdothis,39024
Imready,39025
FaceTime,39026
imgay,39027
RenpetNeferet,39028
SAM,39029
coupleMixe,39030
MalaisieFranceCiv,39031
HappyNewYear5sos,39032
5SOSFamNewYear,39033
Justdance,39034
pomponrouge,39035
Vdmdenouvelan,39036
ChercheMeuf,39037
Saoul,39038
tweetcommeuneLos,39039
otratfrance2015,39040
AuPaysdAlice,39041
HAPPYSa2015,39042
NYE2015,39043
Velvet,39044
island,39045
iceland,39046
icelandair,39047
icelandairinfo,39048
MyStopover,39049
imintrouble,39050
PeopleWhoMadeMy2014,39051
EnLeger,39052
LHommeAuBobBientot,39053
MambaTrapTape2015,39054
AeroEstLaTeam,39055
WeGoHardInTheField,39056
RelationIntime,39057
LetTheKarmaFinishIt,39058
defait,39059
Since2010,39060
pansement,39061
GreatTime,39062
2m,39063
fripouille,39064
newlife,39065
FelizAnoNuevo2015,39066
nothanks,39067
appendicite,39068
TruePeoplesWillUnderstand,39069
ToutEstGraceAVous,39070
JeVousSouhaiteLeMeilleur,39071
MerciDEtreLa,39072
2015Now,39073
Believe,39074
beeeeellle,39075
SaunaVaisselle,39076
TeamRahoPresidente,39077
31décembre2014,39078
Nini,39079
MyNiggaKnowTheyGetIfIGetIt,39080
OnEstQueTrois,39081
LeTriangle,39082
QualitéAvantQuantité,39083
OnADesSbires,39084
SharkInfuzeDiip,39085
happyNewYear,39086
Ariel,39087
TheLittleMermaid,39088
playhard,39089
stayhappy,39090
huitres,39091
herf,39092
vapote,39093
eicg,39094
mods,39095
clearomizer,39096
atomiseur,39097
dripper,39098
eliquid,39099
etlacestmemepasdusarcasme,39100
LaBande,39101
AeroHDR,39102
DrapeauTeteDeSquelette,39103
ZoukeurFou,39104
MaisQuiZoukIlVraiment,39105
FirstOf2015,39106
hny,39107
BrestMétropole,39108
HappyNewYearFromFrance,39109
Banac4,39110
BientotDuTravail,39111
ArreteTesBlagues,39112
JvaisFaireUneConnerie,39113
2015etVous,39114
En2015,39115
Jaifais5Jours,39116
BonneNuitDenis,39117
DemainJeSki,39118
bugfacebook,39119
brothers,39120
MGV,39121
Chartier,39122
GreenwichHour,39123
Waiter,39124
fbp,39125
neighboring,39126
TraditionHash,39127
Bienvenu2015,39128
CiaoSaturne,39129
hospital,39130
nurse,39131
paramedic,39132
newyeareve,39133
HappyNewYearBeliebers,39134
LookForNewYear,39135
sanscerveau,39136
jalousiie,39137
Quito,39138
viuda,39139
Ecuador,39140
hiromashima,39141
TahiaDajzaïr,39142
TeamWahran,39143
BonneAlgérie,39144
HappyNewYears,39145
fouinysondage,39146
ontaime,39147
HappyNewYearLiam,39148
Passage,39149
Sapralla,39150
mesgowssures,39151
newyearseve,39152
Malaise,39153
Année2015Commence,39154
pourquoipas,39155
KalashMarocaine,39156
ViveleMaroc,39157
BlediFiGuelbi,39158
RentrerEnVie,39159
miroirdeau,39160
celebrate,39161
Terrible,39162
TeamJeCommenceLaNouvelleAnnéeEnMeGoinfrantDeTrèsBonsChocolat,39163
Tshirya,39164
8Years,39165
firework,39166
bubbles,39167
viudas,39168
Bonneannée,39169
destination,39170
jetaimeautant,39171
PremierPipiDeLannee,39172
HappyBirthdayLordVoldemort,39173
PeopleleWhoMadeMy2014,39174
beurette,39175
hleldunet,39176
excision,39177
Shine,39178
bright,39179
diamond,39180
nye2015,39181
nique2015,39182
HauteSaône,39183
PensFamily,39184
Letsgopens,39185
JustDanceDeFeignasse,39186
jelaimeplusencore,39187
1erOffDeL,39188
Team212,39189
mercilaratp,39190
TeamKidLokizys,39191
lesamours,39192
vousmemanquezdéjà,39193
seeyousoon,39194
RayaneCestQuoiTonParfum,39195
1DMemories2014,39196
HappyNewYearDemi,39197
tah,39198
sorcellerie,39199
retournedanstonbaraputes,39200
bonneresolution,39201
AdamsienneForever,39202
pd,39203
fais,39204
comme,39205
ta,39206
suce,39207
ma,39208
zer,39209
NewYearsAskBeau,39210
MonAnne2014,39211
BlagueDeBeauf,39212
ReposeEnPaix2014,39213
fdpCertifier,39214
Teamps4,39215
modestie,39216
DidierDrogba,39217
TeamBagra,39218
NewYears,39219
lovemycrew,39220
deauville2015,39221
brummelclub,39222
casinodedeauville,39223
durcombat,39224
SneakerheadResolutionsFor2015,39225
bestbro,39226
Killa,39227
yeniyilinizkutluolsun,39228
offlama,39229
TweetMultiVisé,39230
Francois,39231
Drunk,39232
Prospérité,39233
NouvelleCalédonie,39234
iwillwaitingforthat,39235
Crevette,39236
RenoiTorseNuSurSaPP,39237
DeRien,39238
SoupeJoumou,39239
HaitiBeLike,39240
ThePinkprintOniTunes,39241
LesAlgeriensDominentTwitterEn2015,39242
JoyeuxAlgérie,39243
tweetle,39244
BackHome,39245
PositiondePro,39246
prisederisque,39247
teamPQ,39248
GateaMagique,39249
TeamCuisto,39250
NYE2014,39251
ResterEnVie,39252
VTC,39253
UberPOP,39254
TaxisX,39255
yaoi,39256
Hihihi,39257
Taxis,39258
En2015JeVaisdormirparcequejesuisfatigue,39259
Sean,39260
DansLeMal,39261
BonReveillon,39262
WelcomeIn2015,39263
asul,39264
jemarquen2015,39265
faisladif,39266
gourguff,39267
Exit2014,39268
souspiche,39269
teamsouspiche,39270
blaguedebeauf,39271
rpzfdp,39272
HappyNewsYears,39273
FireFox,39274
objectifs2015,39275
offfffff,39276
TeamTravailleur,39277
EllecommenceBien,39278
Bonjour2015,39279
TeamYeuxVert,39280
Confused,39281
UneAnnéeQuiCommenceBien,39282
MorningWalk,39283
Destination,39284
TheChurchWithNoWindowd,39285
bourrée,39286
alcoholism,39287
NYEhangover,39288
FelizAnoNuevo,39289
FrohesNeuesJahr,39290
buonannoatutti,39291
PaceèSalute,39292
mougins,39293
Welcom2015,39294
FunTimes,39295
autisme,39296
20XV,39297
paramourdurugby,39298
bonneanneemespoulets,39299
BFF,39300
ResolutionNumberOne,39301
soireeparfaite,39302
WINNER,39303
soyonssimple,39304
plat,39305
homard,39306
carotte,39307
panais,39308
céleris,39309
mecquiapascompris,39310
ETCanadaNYE,39311
reussite,39312
ЧНГ,39313
ChallengeDisney,39314
PasSommeil,39315
WakeUpEverybody,39316
aprèslesvoeux,39317
petitdialogueentreami,39318
jesuispasvieille,39319
résolution,39320
BigMoustache,39321
ÇaVaChier,39322
Retro,39323
LeRoi,39324
meilleuraprès,39325
Positif,39326
audace,39327
AlloHollande,39328
SiJavaisUnFusilJseraisDéjàDehors,39329
Boona,39330
mylittlekids,39331
JeudiPoésie,39332
vvv78,39333
coffeeaddict,39334
pigeonmaisjassume,39335
reign,39336
Galtier,39337
JacobCallHannah,39338
yeeeesssss,39339
allerRetourExpress,39340
Steffensky,39341
horoscope2015,39342
OMPSG,39343
DontWorry,39344
firstmorningcoffee,39345
MentionPeopleWhoMadeMy2014Unforgettable,39346
BientotDansVosEcransSurInsta,39347
prolonger,39348
VoeuxHollande,39349
MontagnesDuLacAnnecy,39350
HappyNewYearEverybody,39351
herblay,39352
Miom,39353
Khmer,39354
VoeuxEnKhmer,39355
Bergen,39356
belgique,39357
CafeCargadoDeMotivacion,39358
oliciter,39359
suriya,39360
syria,39361
freesyria,39362
Martigny,39363
TeamGlucides,39364
désillusiondupremierjanvier,39365
makesomenoise,39366
gueuledebois,39367
happylife,39368
happydream,39369
Arq,39370
WC78,39371
etBim,39372
3Dmuscle,39373
josh,39374
SeulementLeServette,39375
trierweiler,39376
backtothefuture,39377
bttf,39378
bttf2,39379
BuonAnno,39380
snowbard,39381
MoreThingsInHeavenAndEarth,39382
masculinisme,39383
hitmachine,39384
HappyNewYearJustinFromBeliebers,39385
naïveté,39386
Mein,39387
fabriceneu,39388
JustinBieberMemories2014,39389
justinblondhair,39390
JustinIsBack,39391
BonneAnnéeKendji,39392
enroutepour2015,39393
keenv,39394
meetandgreet,39395
PotterHead,39396
mbbdtb2015,39397
BatYear,39398
BatShows,39399
BatMusic,39400
BatArt,39401
BaTatoo,39402
BatFood,39403
BatBooks,39404
BatDiscoveries,39405
rechauffement,39406
climatique,39407
AsiaBibi,39408
besseEtSaintAnastaise,39409
LendemainDificile,39410
VoxPopuliPoxDei,39411
firstresolution,39412
TeamSarahFamily,39413
apprentissage,39414
Trickshot,39415
HappyBirthdayJack,39416
ustou,39417
ViennaPhilharmonic,39418
enervé,39419
LaBarbe,39420
concertnouvelan,39421
MusiqueSansFrontieres,39422
TeamAJO,39423
arméeDeTerre,39424
LeDrian,39425
veryBadTrip,39426
LaideEtMenteuse,39427
Poete,39428
gitane2015,39429
mercilefonddeteint,39430
hollandeonneveutplusvoirtasalgueuleen2015,39431
SudVendéeInfo,39432
année2015,39433
RoseRougeVerte,39434
normandie,39435
PilouPilou,39436
instamorning,39437
holidayseason,39438
CeQueJeSouhaite,39439
Karim,39440
bonneannneededroit,39441
LittleMix2014Throwbacks,39442
durevie,39443
gapyear,39444
vapotez,39445
bajboujnewyear,39446
addiction,39447
PierreBergé,39448
fuuck,39449
userxp,39450
LesRelous,39451
guerillapoubelle,39452
pourbiencomlencerlannée,39453
till,39454
caendtb,39455
pourbiencommencerlannée,39456
Ontheroad,39457
OnJugePas,39458
courtois,39459
MyParisianWishIs,39460
MaduroAsumeTuFracasoDestruisteVzla,39461
Eurometropole,39462
désastre,39463
Bonneanne2015,39464
associale2015,39465
EpicGeuleDeBois,39466
spicy,39467
mariemag,39468
mariec,39469
syasya,39470
wanz,39471
mosh,39472
faycal,39473
chasinglife,39474
winterpremiere,39475
ABCFamily,39476
T3Dimension,39477
ConcertDuNouvelAn,39478
Métropolis,39479
OneDirectionTwitCamFor2015,39480
LotsOfLove,39481
moirienne,39482
AnoNovo2015,39483
PeopleThatMadeMy2014,39484
Welcome2015,39485
ILoveBAP,39486
gaymen,39487
hairyparis,39488
solidariterongeurs,39489
apache,39490
jaibienrigolé,39491
lobbyLGBTtoutpuissant,39492
TeQuiero,39493
Coty,39494
HappyNewYearBAP,39495
BonneAnneeATousLesCopains,39496
AuVert,39497
1erdelan,39498
prosperité,39499
Nissart,39500
dorscommegoul,39501
TeamDoliprane,39502
dechet,39503
SquattageChezYousra,39504
VineOM,39505
PVRIS,39506
LaFlemmeDu1erJanvier,39507
euthanasia,39508
00h00,39509
INTHEFLESH,39510
pouvoirdachat,39511
bouchons_immenses,39512
TropMieuxAvant,39513
Buon2015,39514
pallapugno,39515
pour2015,39516
Pour2015,39517
EnchantedForest,39518
VraiFrere,39519
tears_before_bedtime,39520
bodypump,39521
SmartCats,39522
nouveauchemin,39523
Lovemyfollowers,39524
grosdurs,39525
puberté,39526
autocorrect,39527
lies,39528
facts,39529
stormgate,39530
TeamOrange,39531
Flo,39532
Fiquette,39533
EsplanadeDeLaDefense,39534
Colorfull,39535
inspirational,39536
JoyeuseAnnée,39537
HappyNewYearMiguel,39538
VivelAdoptionPourTous,39539
Manaudou,39540
concertdunouvelan,39541
ZubinMehta,39542
Vienne,39543
BeauDanubleBleu,39544
vienne,39545
BonneAnneeKendji,39546
ellecommencetjrsaussibien,39547
tetedanslecul,39548
Burgerking,39549
ytbeuse,39550
2015commencebien,39551
vestiaires,39552
tousegaux,39553
autoderision,39554
BlacKeysExtraFine,39555
STKMUN,39556
Finland,39557
LalbumDeLaMZen2015,39558
NYE15,39559
nye,39560
lesharas,39561
transcendance,39562
gladyoucame,39563
advilandsunglasses,39564
CodeUber,39565
BestMemoriesOf2014,39566
TeamHaiti,39567
21JumpStreet,39568
JJS,39569
JeromeJarreShow,39570
premierleague,39571
CJP,39572
kb9,39573
autopersuasion,39574
JimCarrey,39575
teamloque,39576
jassumepasleslendemainsdesoirée,39577
Start2015WithSomethingBeautiful,39578
happyofmynewyear,39579
salouteteam,39580
JoeyStar,39581
susu,39582
LAtheismeEstOdieuxÀLHumanité,39583
An,39584
tropdefatigueplusdefatigue,39585
2015Calling,39586
amitieantiraciste,39587
Dernierjour,39588
réflexionspirituelle,39589
imani,39590
Junkers,39591
Rounded,39592
Possessivité,39593
Tonamoureuse,39594
dreambigger,39595
TheBeatles,39596
bff,39597
BonnesRésolutions2015,39598
FeinteDeFrappe,39599
AñoNuevo,39600
CHETOT,39601
effetbureauvide,39602
U2siens,39603
TOTCHE,39604
coleporter,39605
loveforsale,39606
poison,39607
Standard,39608
JoeDassin,39609
WelcomeIn1975,39610
OrsayMuseum,39611
piratesofthecaribbean,39612
ILoveEXO,39613
فالكاو,39614
مانشستر_يونايتد,39615
monboulet,39616
meilleurchéridumonde,39617
çafait1anjattends,39618
AucunInteret,39619
firecracker,39620
Dpda,39621
FranceNeedsOTRAT,39622
Constitutions,39623
lwili,39624
cimerbastien,39625
meme,39626
vouslevalezbien,39627
MatchOFTheday,39628
MOTD,39629
mindfulness,39630
NightFever,39631
Disco,39632
AllNight,39633
Instago,39634
dpda,39635
argot,39636
MatchOfTheday,39637
pétards,39638
Belmondo,39639
UnSingeEnHiver,39640
MeilleursVoeux2015,39641
Nye,39642
modeltobe,39643
ThisIsNoteAnAdvertising,39644
2015Goals,39645
Apremenfamille,39646
ALCA,39647
ZbeulDansTaVille,39648
FuméTizéBaisé,39649
ReveillonDeMalade,39650
GuillaumeLeRéveillonSurNRJ,39651
FrancheComté,39652
Merite,39653
bonneanneeEddy,39654
themaritalbed,39655
Minions,39656
toyou,39657
lacrotteaucultoutelannée,39658
compagnycreole,39659
SportBusiness,39660
GoPens,39661
bourréjesuis,39662
privateJoke,39663
Piketti,39664
vidaSana,39665
eggplantfridays,39666
FelizAñoNuevo,39667
Thaïs_b,39668
lebinome,39669
PasDeplaisant,39670
kohlanta,39671
blocus,39672
ArtNouveau,39673
Ockrent,39674
Jedisenfinstopalapression,39675
fiseworld,39676
viedevoyou,39677
lalégiondhonneurcestpourlesfaibles,39678
Lituanie,39679
byebyeLitas,39680
çacestfait,39681
newyearsday,39682
saintpryvésaintmesmin,39683
SacreCouer,39684
BonneResolution,39685
AllTheBest,39686
teamtarree,39687
soureemousse,39688
Hatchi,39689
mimimathie,39690
Alteréconomie,39691
Lettonie,39692
discoverBalticCountries,39693
standuppaddle,39694
côtesdesanglier,39695
diary,39696
2015DansTaGueule,39697
newyeariscoming,39698
sisterinlove,39699
illettré,39700
GAD,39701
Telefilm,39702
JsuisTropFort,39703
bestwishes,39704
arcodotriunfo,39705
TweetCommeNico19ansEnBTSCommerceInternationalEtQuiVomitAChaqueSoirée,39706
GoodBoy,39707
allezy,39708
famillealcoolo,39709
BandeDeOuff,39710
Les3Frères,39711
forcedanstagueule,39712
HappyNewYear5SOS,39713
5sosfam,39714
French5SoSFam,39715
فان_خال,39716
يونايتد_مباشر,39717
GlopUpChallenge,39718
vivonsheureuxvivonscaches,39719
PiratesDesCaraibes,39720
MP,39721
R5family,39722
1ereAttaque,39723
OnVeutDylanOBrienPrésidentAuPortugal,39724
TweetMytho,39725
laseulepersonneaumonde,39726
MocheMocheMoche,39727
DesBisous,39728
OnceFamily,39729
merciaeux,39730
palmiers,39731
palmtree,39732
Louboutin,39733
betisiers,39734
bestoff,39735
retrospectives,39736
theme3ds,39737
ReveillonAuToo,39738
JoieDansMonCoeur,39739
Retrouvailles,39740
proudofyou,39741
pommedamour,39742
chilling,39743
24hours,39744
nosleep2015,39745
fullenergy,39746
DJYammouni,39747
SOUARS,39748
Hotel,39749
Espérance,39750
HotelRoom,39751
besoin,39752
sucrantetenacidulantvotrevie,39753
WhatIWantFor2015,39754
FSS,39755
YeahHoe,39756
kobo,39757
liseuse,39758
PasCompris,39759
souars,39760
TheNiniD,39761
BlueElephant,39762
Thai,39763
2015eİlkSözüm,39764
thuram,39765
Lastselfieof2014,39766
Paris9,39767
TweetCommeUneStar,39768
JeVaisChangerPromis,39769
saved,39770
Lisbeth,39771
Sncf,39772
newproducts,39773
MyBabyGirl,39774
Gambie,39775
Rfi,39776
deer,39777
mashallahlasolidarite,39778
GARDEROBEUNKUT,39779
KELANIGHT,39780
MST2K15,39781
QUEVONTILFAIREMORRAY,39782
R5Family,39783
PaulaCademartori,39784
redhair,39785
lesFrigos,39786
tenue,39787
Honfleur,39788
PartyWithMyBoo,39789
KoKo,39790
July,39791
ForAPerfectSummerNight,39792
source,39793
saintyorre,39794
Lolilol,39795
31TEP,39796
GFaitCommeLemoticoneMonFreew,39797
neverDoItAgain,39798
didier,39799
jeanpierrebacri,39800
greatGoal,39801
Mané,39802
CestMaTournée,39803
NegroDeep,39804
Chartreuse,39805
FrenchAlps,39806
iMessages,39807
TopOfParis,39808
thegossyroom,39809
Réussite,39810
voituresbrulees,39811
Lacanau,39812
obélisque,39813
Défilé,39814
Parade,39815
Géant,39816
1erjanvier,39817
AlcoolVsClement,39818
AlcoolAGagné,39819
jexistePlus,39820
ModeZombieActivé,39821
MVPBuzz,39822
maisoùestlerespect,39823
Reveillon2015,39824
tweetcommemakelele,39825
newresolution,39826
bye2014,39827
LaPalombière,39828
MissTéléRéalité2014,39829
grandgabarit,39830
Hope2015,39831
PrincessSerenity,39832
DoYouThinkTheyRealised,39833
Waitrose,39834
GettingAHead,39835
MysterEtCompagny,39836
SansSoiréeFixe,39837
TropSaleLaMeuf,39838
MaraisPoitevin,39839
Sadique,39840
Deutsch,39841
LeMasquedeZorro,39842
LIVLEI,39843
hokusai,39844
briochetoutemolle,39845
TweetOn,39846
CestQui,39847
LacDuBourget,39848
DeFranceDeTersant,39849
HurelDuCampart,39850
Grandval,39851
Kashink,39852
1000DaysWithEXO,39853
ouhhhh,39854
Enjoy2015,39855
Quad,39856
AGC,39857
Z27500,39858
PAYSDELALOIRE,39859
TheRaidrules,39860
sacréesoirée,39861
survivor,39862
sobeautiful,39863
coucoutoi,39864
inspecteurlabavure,39865
jedemandejustehein,39866
ScaryMovie3,39867
PostBad,39868
refus,39869
patrie,39870
Generalcrew,39871
neverfails,39872
Smaug,39873
CaMeManque,39874
Mexico,39875
Belleetdouceannée2o15,39876
Happy2o15,39877
ivre,39878
CDC4,39879
Lafouine,39880
footanglais,39881
GPFFerreroRocher,39882
TeamCDS,39883
ombresetlumieres,39884
all_shots,39885
bonboldairpur,39886
luge,39887
gamelles,39888
OrgieDuDiable,39889
Gravé,39890
enigme,39891
DUCKS,39892
thiais,39893
choisy,39894
orly,39895
villejuif,39896
creteil,39897
kb,39898
villeneuve,39899
TweetNathblablabla,39900
SW4,39901
videdressingpetitpatapon,39902
arseneout,39903
LeMasqueDeZorro,39904
cher,39905
sundown,39906
ripmongenoudroit,39907
monument,39908
capitale,39909
illumination,39910
manège,39911
dmdares,39912
Spectacle,39913
sportlife,39914
instacorse,39915
LeFootEn2015,39916
ogsa,39917
videdressingdelamini,39918
mêmemoijairis,39919
tesvraimenttropcon,39920
métropoles,39921
LOVEYOUJEJE,39922
JMLP,39923
ZhrBoss,39924
HiverPantin,39925
ferroviaire,39926
NouvelleAn2015,39927
Velo,39928
fête,39929
Juj,39930
Bourget,39931
VIVELERAP,39932
Khedira,39933
murvegetal,39934
mur,39935
RallyeDakar,39936
OKlM,39937
capriceOn,39938
TeamLorient,39939
rapta,39940
Malzoo,39941
Quebec,39942
Gifts,39943
BoseSoundLinkMini,39944
iPodTouch,39945
IPod,39946
iPodTouch5,39947
ferrovipathe,39948
teamskyrock,39949
circular,39950
FeelGood,39951
BonnesVac,39952
ConnardsDeSuicidaires,39953
FadedAsFuck,39954
ZouletteRNB,39955
irréductibles,39956
inacceptable,39957
remboursés,39958
dyson,39959
cadeaudenoel,39960
Snowman,39961
Lampard,39962
Coussins,39963
TeeShirt,39964
LilianThuram43ans,39965
OliviaRuiz35ans,39966
hazard,39967
CrochetdEden,39968
comeonchelsea,39969
compex,39970
compressport,39971
recovery,39972
familleUDI,39973
boyandgirl,39974
GE,39975
besties,39976
Sincere,39977
Spontanee,39978
CarriereLOSC,39979
SaintHerblain,39980
CINantesOuest,39981
Gio,39982
marocanisationdetatl,39983
MarocJeTaime,39984
pénibilité,39985
SousFrance,39986
MumUGG,39987
BabyUGG,39988
DigestiveRide,39989
1stJanuary,39990
sexismeordinaire,39991
jevousarnaquelesgas,39992
enrougeetnoir,39993
Atchoum,39994
grandrex,39995
badstart,39996
inkmaster,39997
ChillNotSkill,39998
Epidémie,39999
Blagueàdeuxballes,40000
Onnnnnnnnn,40001
Saaturn,40002
Saïk,40003
Spice,40004
BonneAnnéeNabilla,40005
01VZPLABDMABDLFKSBLQ,40006
enfamille,40007
volonté,40008
whaou,40009
reveillon2014,40010
mourinho,40011
varanger,40012
belier,40013
League1,40014
tefal,40015
perrier,40016
PresidentDeCombat,40017
idbus,40018
OopsIDidItAgain,40019
SoleilSoleilSoleil,40020
LeLOL,40021
mapoule,40022
landes,40023
Hossegor,40024
2015AvecAxelVincz,40025
keblack,40026
legumes,40027
lePrevent,40028
Morocco,40029
amelie,40030
nikkidesaintphalle,40031
Boxingday,40032
So2012,40033
NewYearWithNajwaKaram,40034
ASOT,40035
SaintSylvestre,40036
MedyanınKARAyılı2014,40037
naaaaan,40038
Consolation,40039
EffeilTower,40040
whiplash,40041
GrandFroid,40042
maraude,40043
secours,40044
CHELSEA,40045
ReviensCech,40046
parade,40047
Résolution2015,40048
parfois,40049
BlagueDeBilingue,40050
BlagueDeFooteux,40051
Combativité,40052
Rapidité,40053
Puissance,40054
Technique,40055
C1,40056
ComeOnCity,40057
January1stOkayDontJudgeMe,40058
SitDoown,40059
Mourinho,40060
January1th,40061
EnglishBescherelleJesus,40062
QuestionExistentielle2,40063
LePlaisir,40064
BF,40065
TeamPrincesses,40066
BandB,40067
5HFanuaryDay1,40068
Servir,40069
Océane,40070
patley,40071
CoeurCoeur,40072
bbsitting,40073
DesBarres,40074
onnelâcherien,40075
Sacrilège,40076
Andrépierre,40077
HappyNewYearOneDirection,40078
essence,40079
audi,40080
v8,40081
LaReunionChezMoi,40082
exploitPersonnel,40083
TeamFM,40084
wish,40085
FautPasCeLaisserAbattre,40086
SKI,40087
Tatort,40088
Navigo,40089
CrazyStupidLove,40090
CatsLover,40091
optimism,40092
Hooligans,40093
madamechat,40094
DepuisTesBloquéCommeEmma,40095
GuiliaSuper,40096
AlfaRomeo,40097
Etude,40098
Mature,40099
TeamGuyane,40100
TesFans,40101
StopAuxFootix,40102
Tottenhamchelsea,40103
solitaire,40104
Job,40105
PremiersMotsDe2015,40106
Concerts,40107
gaytwitter,40108
allout,40109
theunstoppables,40110
HG3,40111
bestdylanmemoriesof2014,40112
EtOnSuce,40113
ContreAya,40114
charlesdegaulle,40115
BedOfLies,40116
byeamsterdam,40117
lespotos,40118
tropDalcool,40119
domainepublic,40120
lastTW,40121
menthe,40122
BLOCKED,40123
zapping,40124
MaryPoppins,40125
mamanjairatelavion,40126
puppykisses,40127
furryfriends,40128
dogkisses,40129
hefollowedme,40130
MamanJaiRatéLavion,40131
VerticalLimite,40132
RobinTunney,40133
askswagmonster,40134
MariePoppins,40135
KeepMyChildSoul,40136
LikeAChild,40137
UnMonstreAParis,40138
noix,40139
shell,40140
walnuts,40141
oil,40142
huile,40143
10Ansdedifférence,40144
KarateKid,40145
Packers,40146
jo,40147
louisdefunes,40148
LaChaînée,40149
MCY,40150
blaguedemerde,40151
Trineo,40152
HomeAlone,40153
Mamanjairatelavion,40154
sosiedestar,40155
DeLorean,40156
lesaventuresextraordinaired,40157
OnEstPasMalIci,40158
DeLautreCoteDuPeriph,40159
mature,40160
pourleretourdelabitedammaragesurfrancetele,40161
AdèleBlancSec,40162
Spurs,40163
BesOcakKölnIrkçılığaHayırSayNoToRacismSagNeinZuRassismus,40164
BesideYou,40165
unetisanetaulit,40166
Timeless2013,40167
MamanJaiRateLavion,40168
rendezlabitede,40169
15ansCDG,40170
LNS,40171
laurenjauregui,40172
Adeleblancsec,40173
12F,40174
PascalFauret,40175
ASPB,40176
seix,40177
coldelacore,40178
pirineos,40179
àproposdePiketty,40180
regalo,40181
lacrime,40182
avantageLeconte,40183
K21,40184
BigRAGE,40185
ASOTFest,40186
BonnesResolutions2015,40187
FranceÔ,40188
elodieFreje,40189
Teasing,40190
SeigneursDesAnneaux,40191
LaCommunauteDeLAnneau,40192
frileuse,40193
ElsaInParis,40194
FairyTalesIII,40195
dark,40196
LSFLADCDG,40197
paris75017,40198
rueBiot,40199
LesStarsfetentles15ansduCharlesDeGaulle,40200
ToiAussiNiquesTonSemestre,40201
onvapasserlecap,40202
directionlaL3,40203
bigupRouault,40204
troplent,40205
boîteapizza,40206
LoveFromParis,40207
tottenhamvschelsea,40208
BboxClub,40209
SocialMediaMarketing,40210
lestempsmodernes,40211
WeNeedOTRAinFrance2015,40212
magnifik,40213
ArtsEtMetiers,40214
hummmmmmm,40215
Mosko,40216
lendemaindesoiree,40217
AdieuVieSociale,40218
JeffreyRemetsNousDuRéveillon,40219
SpaceFamille,40220
ghostwhisperer,40221
Gallardo,40222
fff,40223
jeffaerosol,40224
AccouticTour,40225
capitals,40226
ecigs,40227
atomizer,40228
jefaerosol,40229
dawadeoufdanslamaison,40230
àjamais,40231
biküçükeylülmeselesi,40232
TeamRiberyLoveTropBG,40233
PicouimHooligans,40234
TeamPereCastor,40235
CestPasséVite,40236
MalDeVentre,40237
PeuxPlusBouger,40238
Plein,40239
Canapé,40240
LalcoolCestDeLeauChallenge,40241
transporteur,40242
villelumiere,40243
lefilmparloin,40244
onseremetdoucement,40245
hatchi,40246
cherie25,40247
MasterChefit,40248
OnTaPerduCommeMarvin,40249
embrouille,40250
allezParis,40251
empathie,40252
Arrte,40253
orgueiletprejuges,40254
artsforains,40255
que2015soitbelle,40256
coyotegirl,40257
boucheriecentrale,40258
hallesdelyon,40259
thomassaoul,40260
GoNoles,40261
beatoregon,40262
VraiRajel,40263
stopforcing,40264
FuckLaRage,40265
cacommencebien,40266
GuillaumeLeReveillonSurNRJ,40267
FuckLaCaisseD,40268
TORCHE,40269
crelou,40270
tantpis,40271
NikiDeSaphalle,40272
ThisDance,40273
jai,40274
onsestfendulamargoulette,40275
2Zero93,40276
YUSEF,40277
Ciumes,40278
ARTEcinema,40279
hachiko,40280
感動,40281
equestra,40282
CharlesdeGaulle,40283
DouxDeh,40284
premierdelannee,40285
jeveuxrepartir,40286
disneychanel,40287
Nouvelle,40288
DoOrDie,40289
chatdamour,40290
athome,40291
DébilitéeProfonde,40292
teammaniaque,40293
AbandonnerDeTous,40294
BonneAnneeQuandMeme,40295
inparis,40296
ConnorChillTime,40297
butterflyproject,40298
MichelDrucker,40299
en2015,40300
CottonBowl,40301
Allezaurvoir,40302
Medecine,40303
FriskiesMaxiCroquettes,40304
Newyear,40305
SupermanPortugais,40306
TuReconnaisOuTuNies,40307
Euuh,40308
LesAventuresExtraordinairesDAdèleBlancSec,40309
LaSerie,40310
AssetManagement,40311
InstaHappyNewYear,40312
prevoirduchange,40313
nanas,40314
MarcoBakker,40315
1erJanvier2015,40316
emo,40317
dynamisme,40318
diplomes,40319
stopauxsectebeliberdirectioner,40320
MimiEtSonInstinctMaternel,40321
MissYouSoMuch,40322
VoisinsPasContents,40323
Siam,40324
Bert,40325
TeamNaturel,40326
lmy,40327
Twinsparty,40328
Tu,40329
Amédité,40330
wonderfulwedding,40331
commecendrillon,40332
penseràreserverlayourte,40333
KickAss,40334
Playlist,40335
Barbier,40336
Schneider,40337
UDIjeunes,40338
tumemanquesdéjà,40339
StopLesMemePourCeSoir,40340
NM,40341
BlackMovies,40342
OSM,40343
IsabelleAdjani,40344
NielsSchneider,40345
VictoriaScognamiglio,40346
Kinship,40347
ThéâtredeParis,40348
PublicAvisé,40349
Mistral,40350
bayyyysaaaiBayyysaaaai,40351
LEGEND,40352
LFCFrance,40353
TeamFarfadets,40354
hop,40355
desoulay,40356
permisoutai,40357
theyunderstandlife,40358
savedbyHisgrace,40359
RLT,40360
provisoire,40361
GentilleMoi,40362
GERRARD,40363
coupdevieux,40364
nixon,40365
theprince,40366
BlackWater,40367
CaChangePasDe2014,40368
backinchildhood,40369
Branlette,40370
HeureuseDeTeFaireRire,40371
EvaCestPasCool,40372
besttime,40373
Mobius,40374
Hannachi,40375
JSK,40376
chateaurouxconnectee,40377
bluntcerise,40378
frèresscott,40379
PSNDown,40380
aintnobodygottimeforthat,40381
Arnold,40382
Marredelapression,40383
marredesexams,40384
d4,40385
LesJoliesChoses,40386
2015Goal,40387
le12,40388
Ted,40389
wauquiez,40390
kenzo,40391
HockeySurGlace,40392
Match,40393
1an,40394
ItMustBeBetter,40395
dossier,40396
Dope,40397
StadiumComingOut,40398
devaluation,40399
sansvaleur,40400
BATACLAN,40401
SHEGUEYYYYY,40402
saveSelfie,40403
meuf,40404
fucklamour,40405
bigupcelib,40406
christineboutin,40407
aboveandbeyond,40408
ameriquedusud,40409
Boyfriend,40410
Hazparne,40411
hasparren,40412
paysages,40413
LesRacines,40414
BienvenueAuCamping,40415
CampingLaGabinelle,40416
CoupDePression,40417
DontLaïk,40418
okayjarrete,40419
diancie,40420
gengar,40421
genesct,40422
LIVERPOOL,40423
Lucy,40424
StevieWeLoveU,40425
HappyNewYearAgain,40426
JePerdsVitePatience,40427
Laposte,40428
RidaCowBoy,40429
BluePower,40430
EpiCube,40431
ToiAussiMithoCommeKatou,40432
NoelQuiDechire,40433
XBoxOne,40434
CongoB,40435
Reveillon,40436
Commetamere,40437
LesMeilleurs,40438
LeGroupe,40439
OdioIlCapodanno,40440
TropLoin,40441
PireKdo,40442
ToutSimplement,40443
1yearofwill,40444
FF_Specialツ,40445
FF_Special_VIP,40446
TestSuccessful,40447
MUSIC,40448
SPORTS,40449
FRIEND,40450
FF_back,40451
CHICAS,40452
fillesquialeseum,40453
fillejalousedesputes,40454
jesuischoquée,40455
tousbrides,40456
Grizi9,40457
grandArt,40458
SOSAAAABABBBBYYYYY,40459
échappé,40460
KidInk,40461
Brats,40462
Cake,40463
breakstheinternet,40464
KimKardashian,40465
PurpleBiz,40466
UDoBiz,40467
fpsdeauville,40468
touslesmemes,40469
bobotwitter,40470
PokerStars,40471
thedo,40472
jayri,40473
GHVIPEntradaKiko,40474
poreoclock,40475
rest,40476
NoHebs,40477
FreeAlexis,40478
marroco,40479
laloiMacron,40480
taxisencolere,40481
falloutboy,40482
Clubdes30,40483
Fs,40484
seminaire,40485
chalet,40486
vercors,40487
autrans,40488
brooklyn,40489
canapé,40490
BonbonsBananes,40491
NouLaFé,40492
TuVaFaireQuoi,40493
DespoRutti,40494
Blessed,40495
NabilaRamdani,40496
JordanXI,40497
BredLows,40498
sneakers,40499
dayz,40500
MyTeam2015,40501
MENDE,40502
tourdugevaudan,40503
whatwasidoing,40504
RedPhoneBooth,40505
LaurentJalabert,40506
TeamTamgho,40507
Agathe,40508
socialtricheurs,40509
bataille,40510
shampooing,40511
bontemps,40512
Ninive,40513
weloveyouteala,40514
NouvelleStar2015,40515
Bruleurdefrontieres,40516
EmotionGarantie,40517
FF_WINNERS,40518
distort,40519
canadawater,40520
nigerianRecipes,40521
healthyFood,40522
favoriteYoutuber,40523
7milliardssousleciel,40524
Askgrey,40525
AskGreys,40526
ThierryTanoh,40527
pourtoujoursmonamour,40528
daje,40529
fridayiscoming,40530
BeatTheRockets,40531
plusaucuneenvie,40532
Cendrillon,40533
من_يحبك_لن_يتخلى_عنك,40534
طيبة_قلبك,40535
الأوجاع,40536
DinerIndien,40537
CuisinierDuSoir,40538
PetitBac,40539
ligueqdeschampions,40540
minions,40541
gru,40542
april,40543
missyouLA,40544
instaold,40545
instatbt,40546
woooooowwwwww,40547
cantevendeal,40548
Jujujul,40549
surnomdemerde,40550
bourré,40551
SerieParis,40552
SarahJaneSauvegrain,40553
MimiComesToVegas,40554
VegasLambForLife,40555
Redfoo,40556
ChampagnShowers,40557
famouslastwords,40558
Tonus,40559
Jeudisoir,40560
CaptainSTAPS,40561
SamCeluiQuiConduitCestCeluiQuiNeBoitPas,40562
YennaiArindhaal,40563
industrie,40564
FlyingDutchman,40565
nohomo,40566
CaVaEtreLaFêteALaMaison,40567
LeChatEstPartiLesSouriesDansent,40568
TropDurSansElles,40569
atiksaha,40570
AnwaralAwlaki,40571
Steph,40572
Moana,40573
RetourAuSource,40574
jefaismongros,40575
CommeCa,40576
bonvieuxtemps,40577
sip2015,40578
Juve,40579
Mooc,40580
gard,40581
Reus,40582
PereCharlie,40583
CLELAL,40584
Iamyourfather,40585
Esi,40586
ifisi,40587
jamesblunt,40588
DroitConstit,40589
SonsOfJim,40590
goodtimes,40591
liberteducul,40592
FF_bacj,40593
sites,40594
bbbbbl,40595
TwiceAgain,40596
JourneyFromMars,40597
serach,40598
Fatiguer,40599
Toutestpardonné,40600
MerciForAll,40601
CKEDUBONHEUR,40602
webtostore,40603
AttenteInterminable,40604
belgiumsiege,40605
ForceANous,40606
PointErectionMatinale,40607
FFSPECIAL,40608
çacommenceàmesoûlersévère,40609
OnEstPasFatigué,40610
FF14,40611
Enigma,40612
Turing,40613
CodessHACK,40614
ww2,40615
RTLMATIN,40616
ponctualité,40617
CreteilSoleil,40618
ElleEstCoolMaVie,40619
TonyFadell,40620
OGM,40621
SCENARI,40622
topaze,40623
jeuxSerieux,40624
Phishing,40625
boulets,40626
energie,40627
methanisation,40628
luton,40629
PetiteNuit,40630
feelbetter,40631
besancon,40632
YouTubeAsksObama,40633
investissements,40634
Rodin,40635
OBeijo,40636
lendemaindesoireedifficile,40637
Controle,40638
Phisique,40639
Onatropgerer,40640
tapettedestéphanoise,40641
hahaha,40642
concurrence,40643
distribution,40644
LePdeS,40645
BerlinPasGlam,40646
TrainSupprimé,40647
GalérerUneHeure,40648
5eEnUneSemaine,40649
VincentLacoste,40650
VforVictoria,40651
garedelest,40652
CC3,40653
alltimelow,40654
enviedetreenrrtard,40655
tuvasfairequoi,40656
JeSuisCaro,40657
lignep,40658
Torcy,40659
bonneidee,40660
Ksouri,40661
Mosaiquefm,40662
tuning,40663
drift,40664
sono,40665
votar,40666
INFo,40667
unique,40668
AQuandLeDepart,40669
Uep,40670
Rennes2,40671
Twisto,40672
Star,40673
GIVRE,40674
GrandOral,40675
bedistinctive,40676
dati,40677
Mermet,40678
Bisounours,40679
EnnemiDetat,40680
SM19,40681
LigneP,40682
Echos,40683
Parisien,40684
LEquipe,40685
lecteurhabitué,40686
SyriaCrisis,40687
thisgirlcan,40688
FCBLondon,40689
MerciDuSoutien,40690
JePeuxDormir,40691
ausGründen,40692
GIFI,40693
matinale,40694
xprime,40695
GRIO2015,40696
misióncumplida,40697
facebookatwork,40698
Constance,40699
KlashDuBled,40700
YAKOAAA,40701
Fonds,40702
émergents,40703
insolitebuzz,40704
ENSAL,40705
Palladius,40706
Odoxa,40707
C3pluriel,40708
cyberbully,40709
dwv,40710
Chelles,40711
rerE,40712
VForVictory,40713
cork,40714
microfinance,40715
20ou21kgdeferrail,40716
coolmavie,40717
RepWar15,40718
JYConnaisRien,40719
utilib,40720
gennevilliers,40721
ladroguecestmal,40722
sudVendee,40723
Showroom,40724
EdenPark,40725
AH15,40726
krantikariBahutKrantikari,40727
SabmileHueHai,40728
ThreeYears,40729
EJA,40730
Brussels,40731
teamiej,40732
Nigeriafinest,40733
JeNeMeMoqueJamais,40734
GesteSolidaire,40735
Collecte,40736
JeuSerieux,40737
GdP,40738
UDP,40739
Hairspray,40740
ViteUnBouclierMagique,40741
ViveLesParisiens,40742
Ten,40743
Crossover,40744
Autokill,40745
CestPasLaFeteDuSlip,40746
CommeOnDitChezNous,40747
MyAperoMTP,40748
Belhoucine,40749
pressday,40750
Macroeconomics,40751
JulieAndrews,40752
MegaKiff,40753
KeepCalmAndCaryGrant,40754
GW2,40755
Biblehébraïque,40756
peuplejuif,40757
ordrealphabétique,40758
ing,40759
reddevils,40760
bsa14,40761
JesuisChretien,40762
JesuisSansDieu,40763
JesuisUnEtreHumain,40764
Coulibali,40765
cyberattacks,40766
Dirtydancing,40767
Oral,40768
mSanté,40769
mHealth,40770
GuestDj,40771
VirusEbola,40772
tabanou,40773
ferrandi,40774
hachette,40775
livredecuisine,40776
encyclopedie,40777
foodstylist,40778
AhmedMrabet,40779
Autorites,40780
RivaNiqueTaMère,40781
PassionTarmac,40782
step,40783
Alkayida,40784
alkayidadance,40785
yolomode,40786
sagesse,40787
TerreDeHaut,40788
cyclofficine,40789
re,40790
Géométrie,40791
Claudya,40792
AllianceDesBobos,40793
clinfoeil,40794
killzone,40795
Goodmorning,40796
blessingfriday,40797
liketkit,40798
Bns,40799
FreakShow,40800
ElNiñoHaVuelto,40801
crdlt,40802
Obésité,40803
Agronomie,40804
plusQu,40805
ChaletMontanum,40806
Comprendre,40807
WillyCuiCui,40808
fumetti,40809
corsera,40810
CyberAttacks,40811
BestDisneyEver,40812
DLP,40813
leshommes,40814
pasdeface,40815
alleevoustouchezlecul,40816
TweetUnTrucFaux,40817
LeBouscat,40818
FXCM,40819
BNS,40820
Forex,40821
Fauré,40822
Britten,40823
Liszt,40824
Debussy,40825
pontoise,40826
ElleEstCharlie,40827
dollar,40828
épauleDeMerde,40829
Passage53,40830
goodstuff,40831
mograph,40832
yoursong,40833
soja,40834
pourunjourdepaixcestmaintenant,40835
mimicombaise,40836
buenasuerte,40837
19mois,40838
15Febrary,40839
NetflixProblems,40840
indianfood,40841
Rebellion,40842
JAimeQuandCamilleCombal,40843
TeamFayot,40844
TweetFragile,40845
Charliec,40846
JaimeQuandCamilleCombal,40847
fracture,40848
StapsNantes,40849
OnEstBienBienBien,40850
BêtiseHumaine,40851
Obesity,40852
JeVeuxPleinsDinfos,40853
KEUR,40854
2CCAM,40855
TrieDePrintemps,40856
JetSet,40857
Diary,40858
Reco2012,40859
MondeDeFous,40860
Never,40861
ghosnapatra,40862
BJP4Delhi,40863
EtOnLeurApprendQuoiAuLycee,40864
ParisGareDuNord,40865
nervousAK49,40866
reprisemuscu,40867
AprèsCharlie,40868
Gastro,40869
Arret,40870
beaujolais,40871
cavapasêtrefacile,40872
Aynine,40873
PatrickPelloux,40874
Unedic,40875
Marsala,40876
AwaStyle,40877
ripcharb,40878
integration,40879
ImMuslim,40880
ImNotTerrorist,40881
فقيه_يهدد_أهالي_جدة_اذا_أغلقت_مشاريعه,40882
Immobilier,40883
CommentRentabiliserSonAG,40884
hp6,40885
OLFéminin,40886
GinolaForFIFA,40887
toutgratuit,40888
tronço,40889
Kelis,40890
JeSuisChocolatine,40891
vendetta,40892
Réaumur,40893
DieuExiste,40894
Pokora,40895
DanseAvecLesStars,40896
MilanAtalanta,40897
psych,40898
Tragédie,40899
Ginola,40900
CNAR,40901
grossereussite,40902
RaphaelEntoven,40903
damned,40904
DuChinois,40905
team216,40906
vousavezpasautrechoseafoutrelatoutdesuite,40907
lespatescestlavie,40908
vieetudiante,40909
flemmedefairelescourses,40910
TeamBabyPSG,40911
OuigiTheodore,40912
ScanSport,40913
MEF37,40914
FeliçAnyNou2015,40915
LeDroitPourTous,40916
vivementcetété,40917
Namého,40918
TeamChocolatine,40919
doublecheesebaconxxl,40920
wings,40921
coca,40922
jeveuxmafranchise,40923
bonneappetit,40924
toutdedans,40925
onlauracesemestre,40926
geaforever,40927
STBATH,40928
Chasseur,40929
MontchavinLesCoches,40930
CHAMPAGNE,40931
SalonDeLEtudiant,40932
Cestpasfrançais,40933
PaulEdgecomb,40934
TheGreenMile,40935
WalkingTheMile,40936
JohnCofey,40937
likethedrinkonlynotspeltthesame,40938
jeveuxmonlit,40939
WeekendEntreSoeurs,40940
JeSuisCHF,40941
Novancia,40942
LesEnfoirés,40943
TouteLaVie,40944
ElectionsDepartementales,40945
jesuisHermes,40946
narcissismedelextreme,40947
loiGayssot,40948
CPolitique,40949
Vietnam,40950
parisestCharlie,40951
Colombes,40952
CoolBanners,40953
Maker,40954
T2,40955
pug,40956
okkohotels,40957
TeamThranduil,40958
JadoreLesGrosSourcils,40959
crêpes,40960
ChezLouise,40961
justeunebolée,40962
samos,40963
LeilaShow,40964
snapquisertarien,40965
BatEmy,40966
GuizmoEmi,40967
Mont,40968
backontour,40969
Douilledusiecle,40970
Glossybox,40971
BYSMaquillage,40972
RepasServie,40973
JesuisRaef,40974
John,40975
HouseOfCards,40976
Scandals,40977
Entretien,40978
INSEP,40979
carapuce,40980
Point100millionsdemortsduPCFdePierreLaurent,40981
RaefBadaoui,40982
droitshomme,40983
flagelation,40984
TMCinfo,40985
réflection,40986
BoubyFan,40987
cyberattaque,40988
Dostoïevski,40989
Karamazov,40990
ISF,40991
PME,40992
PosteColombes,40993
nothelpful,40994
Tamasha,40995
LIFESTYLE,40996
WEARESKIING,40997
LaVieEstDure,40998
CommeMaBite,40999
cofidis,41000
Disgrace,41001
maladedepuis3jours,41002
TeamCharbuy,41003
VanessaGreta,41004
GouvernementPakistanais,41005
SoeurEmmanuelle,41006
Leila,41007
FamilyGuy,41008
EnFait,41009
célibataires,41010
voeuxEELV,41011
الطفلة_الداعية_غيداء,41012
developing,41013
Mood,41014
DPFest,41015
MehacenEldiaCuandoAndoAburrida,41016
JeSuisCharby,41017
justeunesemainederetard,41018
90sstyle,41019
ParadisDuFruit,41020
twitterfuckswithmyhead,41021
TeamParieurs,41022
PostBadYns,41023
elevatorpitch,41024
Skywalker,41025
CantHelpMyself,41026
ProducerProblems,41027
DistillationLongue,41028
Unique,41029
BDS,41030
sceneggiata,41031
francesi,41032
svegliando,41033
ToutOublié,41034
engaged,41035
ianandnikki,41036
autoventilation,41037
MMIChallenge,41038
MMIChallenge15,41039
MMIChallenge2015,41040
MMIChallengeyoloswagg,41041
Indignation,41042
LycéeTurgot,41043
2ndE,41044
Osteoporosis,41045
Ostéoporose,41046
LaCoursive,41047
libreexpression,41048
Burbujas,41049
Lot,41050
Ben,41051
letitgo,41052
AujourdhuiEnFrance,41053
grenades,41054
kalachnikov,41055
demontezlecetidiot,41056
Statique,41057
Rachis,41058
familybusiness,41059
Équipe,41060
KateMoss,41061
icon,41062
HarpersBazaar,41063
StevenKlein,41064
GarAuxRepresailles,41065
Torah,41066
century21,41067
amendes,41068
LeMalaise,41069
SHINee,41070
ithinkyouneedahug,41071
livercs,41072
FreeTime,41073
JohnEledjam,41074
TeamGinola,41075
WeAreLegion,41076
NousSommesSpi0n,41077
streetmarketing,41078
bhv,41079
lastweet,41080
SevenStyle,41081
فادي_ملك_الإخراج,41082
شمس_الغنية,41083
spotify,41084
Deezer,41085
CaSentLeFail,41086
CiVuoleUnaMazzaTanta,41087
MegaChallenge,41088
EnRouteVersLaGalaxie,41089
GéFroi,41090
jaiMonCanard,41091
BEAST,41092
newsmagazine,41093
coupdebalai,41094
MMMIChallenge15,41095
lespiedsdansleplat,41096
funradio,41097
stapsfamily,41098
CharlotteRoyale,41099
DessertDuJour,41100
flo,41101
FaitMaison,41102
Némo,41103
ConfMLP,41104
RevOwlEyes,41105
ENFIN,41106
newin,41107
shoesaddict,41108
Must,41109
MmeCosta,41110
Tea,41111
SpecialT,41112
dirtymind,41113
foodlover,41114
résultat,41115
psychology,41116
TeamPsycho,41117
Pariscityhall,41118
Hollandedemission,41119
Dayoff,41120
travauxDHercule,41121
JeSuisVinci,41122
BrevetFrancais,41123
BrevetMaths,41124
BrevetHistoire,41125
goldorak,41126
Corptech,41127
PEPITE,41128
borgia,41129
museemaillol,41130
ewelya,41131
SpaceBox,41132
perophile,41133
fuckyeaheconomy,41134
Pédiatrie,41135
twittapero,41136
MLKShutItDown,41137
Rohhh,41138
CancerDuSein,41139
giftshop,41140
Bolognese,41141
Hackfleisch,41142
Pelras,41143
Cabriolet,41144
Loisirs,41145
Mimimi,41146
FigeacAero,41147
OralDeStage,41148
WeedTime,41149
empanada,41150
tartiflette,41151
bacst2s,41152
Frai,41153
reverecauusality,41154
UnBerceauSansBébé,41155
Raggi,41156
S03E06,41157
bacst2sparcorrespondance,41158
letudiant,41159
JustLikeMe,41160
ELEANORISbeautiful,41161
Teamhandball,41162
restonsdebouts,41163
Tuesmonfrere,41164
MassEffect,41165
defimoscatoagnel,41166
SK1,41167
numero23,41168
NantesNord,41169
boucher,41170
provence,41171
DiocèseAuxArmées,41172
ninoune,41173
monâmeestaudiablevendue,41174
tweetchaussure,41175
Jbrandjeans,41176
ReturnToZero,41177
unnBerceauSansBebe,41178
NoThugLife,41179
tunon,41180
bouger,41181
ungoutdavance,41182
ChangementDePlace,41183
unberceausansbebe,41184
bdd,41185
Gigabyte,41186
Intel,41187
Gamers,41188
eleanorisbeautiful,41189
Mainstage,41190
findestage,41191
kine,41192
geriatrie,41193
labellevielezintour,41194
dems,41195
headache,41196
MecanicVallée,41197
Aérofonctions,41198
ToutCommenceAujourdhui,41199
cerisecmoi,41200
toocutenottopost,41201
imakid,41202
smokingiscool,41203
HandballWM,41204
Jaimepaslecafé,41205
incruste,41206
Bushido,41207
seego,41208
ijoy,41209
kalecigs,41210
teamBorgne,41211
pugno,41212
RetrouvailleBis,41213
alqaidaauyemen,41214
EURCHF,41215
JeSuisLaPoste,41216
Jesuispostier,41217
Jesuisfacteur,41218
Friday,41219
Casual,41220
NousSommesNigeria,41221
Jesus,41222
sweep,41223
EAGASM,41224
ELL,41225
ONBA,41226
MontageBidon,41227
JoueLaCommeMaillol,41228
SantaCruz,41229
5ème,41230
facetimeavecsoncheval,41231
Mayas,41232
DesBouchons,41233
ToutPeterEn2015,41234
DrenchedBlack,41235
path,41236
bees,41237
Malmaison,41238
Winks,41239
caca,41240
eschneketmat,41241
ephemeride,41242
wemissyou,41243
ApoyandoAClaraAlonso,41244
WeddingCake,41245
BirthdayCake,41246
CakeDesign,41247
traveler,41248
Hashtag,41249
Weird,41250
oTF,41251
ChiraqGangSquad,41252
crisps,41253
wankers,41254
Yalavie,41255
Suédois,41256
S9,41257
roisdecontrebande,41258
FanFriday,41259
TeamBlatter,41260
jacobvip,41261
FashionFauxPas,41262
FatigueExtreme,41263
balmain,41264
hermes,41265
FREEBANDZ,41266
KungFuCat,41267
jacobcometofrance,41268
5hourstogo,41269
FantasticFridays,41270
Etoo,41271
Muriel,41272
Coda,41273
TristeRealité,41274
nocitiestolove,41275
BelleCause,41276
LeSud,41277
insuportable,41278
Chappas,41279
MaisBoulotBoulot,41280
pautypower,41281
Remplissage,41282
Couleurs,41283
Mt,41284
FamilleFormidable,41285
ChakaKan,41286
vivemcdo,41287
theend,41288
MissSerbia,41289
NikLaHaine,41290
Diderot,41291
NewRecord,41292
Azgars,41293
LunsiSelfie,41294
LaSéanceRugby,41295
Reconfort,41296
mateam,41297
MikadoKing,41298
Landsarkivet,41299
GöteborgFilmFestival,41300
WorkHardWinEasy,41301
17h34,41302
monTER,41303
17h25,41304
udpp,41305
ParisSportifs,41306
AaliyahDay,41307
NoyonEnMouvement,41308
piratage,41309
LittleBigTown,41310
YourSideOfTheBed,41311
duprogrèsetduconcret,41312
teamchevelu,41313
championesperons,41314
TeamTCo,41315
jeneveuxpasypenser,41316
mémé,41317
geniale,41318
safaisplaisir,41319
copinedamour,41320
EnergiePompeeParCetteSemaineDePartiels,41321
Phuket,41322
IMAforum,41323
arotd,41324
TheIceKube,41325
BDay,41326
FullSpeed,41327
Febuary3rd,41328
CIP,41329
Escrime,41330
Late,41331
AlsacePower,41332
PlusProchesQuAvant,41333
bonnebouffe,41334
RoadtoDiamand,41335
Horizons,41336
sncfmonamour,41337
Intercités,41338
NiceMarseille,41339
freebandz,41340
streetzcalling,41341
Motivationaumax,41342
TeamSportif,41343
iphone6,41344
MOC2015,41345
teamRAC,41346
feminist,41347
FF_Beautiful,41348
SoireeTPS,41349
BDP,41350
NantesVSMonaco,41351
Midi,41352
Repas,41353
EnfantMalAimé,41354
bouffehollandaise,41355
Tournoi,41356
PtitPotes,41357
Victory,41358
TeamEDF,41359
geography,41360
courslesamedic,41361
EnRouteversla5emeétoile,41362
Represent,41363
Blacklist,41364
FFb,41365
veryhappy,41366
rumeurs,41367
MiAmor,41368
AC9,41369
FreeRaifBadawi,41370
3alSakhraMusivVideo,41371
WC2015,41372
CharlieDellta,41373
Aquapolis,41374
WelcomeMaxwell,41375
frartc,41376
Allbleus,41377
fracze,41378
MariahCarey,41379
Gstaad,41380
talons,41381
NGuemo,41382
KutsalaSaygıTeröreLanet,41383
FitnessCoupleWorkout,41384
Ladress,41385
OralE6,41386
finDelaPremierePartie,41387
Saperlipôpette,41388
BeIn,41389
worldofwarcraft,41390
Libatique73,41391
Irom2000,41392
RedEyesSword,41393
bikini,41394
juppe,41395
Idiotie,41396
MicroBlogging,41397
Vinz,41398
études,41399
BRIT5SOS,41400
asuivre,41401
maviecestdlamerde,41402
Snowboardcross,41403
veritegenerale,41404
VieuxJeu,41405
CoupeDuCentreOuest,41406
3alSakhaMusicVideo,41407
fideath,41408
PetiteRime,41409
negrita,41410
meetingindoor,41411
rcn,41412
bitchplease,41413
PageFights,41414
19HRUTHELKRIEF,41415
blier,41416
bertrandblier,41417
Clubdelapresse,41418
LPCN,41419
viedeprepa,41420
negrz,41421
negre,41422
uvde,41423
chezclarisse,41424
MrToad,41425
IAmASIngleMan,41426
LesBrunesNeComptentPasPourDesPrunes,41427
beatmaker,41428
drumporn,41429
Blangy,41430
PontlEveque,41431
Intercom,41432
LeDehors,41433
Virginie,41434
NANAS,41435
Edm,41436
DV,41437
idée,41438
hivers,41439
Sparty,41440
lidl,41441
bordeldemerde,41442
connasseperoxydée,41443
lafrancevamal,41444
Guigou,41445
jcef,41446
JCI,41447
TEAMFRANCE,41448
QueenOfRNB,41449
MrsHaughton,41450
MondialHand,41451
TheBadWeatherWasRightAboutMe,41452
UnAmourDeJeunesse,41453
bandederageux,41454
glutenfree,41455
NosÉtoilesContraires,41456
mercilessoldes,41457
jesuisevelynedheliat,41458
MuslimBrotherhood,41459
jabhatIslamia,41460
SkyNewsShame,41461
contrefaçon,41462
IP,41463
dupremiercoups,41464
gangfamily,41465
plusqueladerneirede14ans,41466
balckberry,41467
ED,41468
TVE,41469
Odebrecht,41470
NSPGS,41471
cestdelabonnegrossedaubequandmeme,41472
máfia,41473
LesEchos,41474
nikewomensclub,41475
mechante,41476
demidouverture,41477
GrandeSoeurIntrusive,41478
JSF,41479
epuiser,41480
AssistedDyingBill,41481
AJACF63,41482
Gringe,41483
ilestdesnôtres,41484
Fachoton,41485
salonlyon,41486
RIPBatterie,41487
Entre,41488
Filles,41489
Philhar2015,41490
MaisonAngelinaParis,41491
HotChocolate,41492
Nadege,41493
research,41494
fautpasexagerer,41495
FFBIZ,41496
speechwriting,41497
Meugnon,41498
ClimberFamily,41499
PremierRang,41500
Piano,41501
Boboland,41502
Dinner41,41503
SadToBeAllAloneInTheWorld,41504
Setup,41505
Elgato,41506
Cordialement,41507
trophéerosesdessables,41508
TeamFalcko,41509
poopoo,41510
dépaysée,41511
EconomieCollaborative,41512
CommeEn98,41513
DeLaPetiteMidor,41514
viewfromthebalcony,41515
SéquenceEmotion,41516
ChampionnatDuMonde,41517
grosdefaut,41518
E2MP3,41519
soumission,41520
CroisonsLesDoigts,41521
prout,41522
callof,41523
ColTerr,41524
prixlucasdolega,41525
PsoThug,41526
BienvenueDansLeXVII,41527
Nolife,41528
Grande_Bretagne,41529
Cameron,41530
SB29NIORT,41531
Belge,41532
Espagnol,41533
NonoParsAuCombat,41534
frenchbook,41535
lexception,41536
dichosdemama,41537
Selena,41538
MimiLaPlusForte,41539
soireequicommencebien,41540
puissanteReflexion,41541
TheMod,41542
precatelan,41543
bristol,41544
u17Nat,41545
JeSuisCharlieEnRetard,41546
NutellaFestival,41547
ConversationDansLeMetro,41548
PresidentObama,41549
DENARG,41550
trainingcardio,41551
motivationplusquejamais,41552
Classitude,41553
TataJiji,41554
babysittingnight,41555
spn,41556
tweetaperorep,41557
redheadsinpink,41558
UrbanXplorer,41559
QueenRih,41560
4jeunes1voiture,41561
momentdemaman,41562
K3G,41563
RaisingHope,41564
NajwaKaram3alSakhraVideo,41565
nioufff,41566
NoMoreFurEver,41567
minion,41568
journeed,41569
MadonneAPD,41570
petitsein,41571
onsecomprend,41572
LGP,41573
PARTYNEXTDOOR,41574
TeamES,41575
epreuvescommunes,41576
jesaisjesuistarée,41577
ios,41578
NISKA,41579
Copieur,41580
FightQuest,41581
allezaurevoir,41582
zoukmachine,41583
maldon,41584
Loading,41585
yasube,41586
Norage,41587
paroledemoi,41588
Mesmer,41589
DaFuck,41590
SSH,41591
kastriert,41592
16Mars,41593
Boyscout,41594
LeCoupDuPatron,41595
Remboursé,41596
Tabanou,41597
faceOff,41598
WeekCrazy1,41599
aintevencute,41600
tryingtogetfit,41601
disquettedebledard,41602
onfr,41603
vendrediFail,41604
LibreEtAssoupi,41605
coloc,41606
4months,41607
maistirezmoiuneballe,41608
CampTIC2015,41609
3alSakhraVideoClip,41610
çabouge,41611
elhamduelillah,41612
RVProject,41613
gachis,41614
NIMESVAFC,41615
5SOFamily,41616
Acoustic,41617
Lacroisiere,41618
shabbat,41619
Degrassi,41620
tantrums,41621
judgements,41622
babies,41623
parfaittoutça,41624
Lucky,41625
RappelDuJour,41626
DVDVoilàVoilà,41627
SymphonyNew,41628
ClubPro,41629
starsoushypnose,41630
DALSaLille,41631
GQ,41632
MerciEA,41633
Magnific,41634
WEC,41635
Onroak,41636
Ligier,41637
Honda,41638
LMP2,41639
clubmate,41640
bionade,41641
camptic,41642
NBA2K,41643
lssh,41644
lesstarssoushypnose,41645
ennuis,41646
camptic2015,41647
Ff,41648
SHAWNSFIRSTALBUM,41649
PFCPSV,41650
TousÀPoil,41651
Naturisme,41652
CheckPointMessenger,41653
PBLVENAVANCE,41654
amiibo,41655
Ezio,41656
Samus,41657
SCC,41658
PreparationFutsal,41659
Thomaner,41660
Thomaskantor,41661
SaintGeorges,41662
YSEULT,41663
VieEtudiante,41664
SHAWNFIRSTALBUM,41665
Amavi,41666
bornic,41667
teampouceenlair,41668
BenOthmene,41669
lab,41670
pikachu,41671
psychopathe,41672
CAPAC,41673
askjai,41674
LCTT,41675
TennisDeTable,41676
Ping,41677
ryan,41678
Illuminatoo,41679
DeNosJours,41680
TeamAthee,41681
circo1,41682
DosBloqué,41683
1songcoming,41684
FCGBNOGCN,41685
Nara,41686
sala,41687
fcgbogcn,41688
bonweekend,41689
LeB4,41690
GdBOGCN,41691
Crjb2014,41692
Queenbert,41693
Sonisphere,41694
BrigadeSud,41695
teamsegpaswag,41696
fcgnogcn,41697
olivierschwartzmemanque,41698
ctoutnous,41699
missionimpossible,41700
onafaitfortboyard,41701
NiçoisEtInvaincusEnChampionnatEn2015,41702
GlobalWarming,41703
Spy,41704
NrjHits,41705
jamaisduswagsuryoutube,41706
BordelaisEtChampions,41707
heriosoffmusic,41708
TnPorno,41709
hormonesenfeu,41710
UnoDiNoi,41711
Parispremière,41712
gomaretleolevraicouple,41713
TnAC,41714
Teamlicata,41715
VieDeMerdeCon,41716
Handaction,41717
Hackers,41718
StarsSous,41719
openstreetmap,41720
streets4kids,41721
OpenStreets,41722
servicepublic,41723
theorieducomplot,41724
LeRoiDeLaFrite,41725
DeClerq,41726
BelgianFries,41727
seule,41728
depressive,41729
kikoo,41730
zonerouge,41731
factaboutme,41732
coupdupatron,41733
STKMixtape,41734
japrilbaby,41735
Teamjokeezy,41736
coin,41737
Fièredevous,41738
X6,41739
V8,41740
noncestfaux,41741
tuermoi,41742
exoconférence,41743
ChallengeCup,41744
Profitons,41745
Tuneup,41746
Cubism,41747
PatriciaTourancheau,41748
leDakar,41749
Ascension,41750
Lel,41751
JLT,41752
laylaSa3ida,41753
girlsonfire,41754
Legarsrelou,41755
Sao,41756
venise,41757
chèvres,41758
Details,41759
Interior,41760
bethanieboss,41761
ThirstyForZaddys,41762
brisonsaintinnocent,41763
Beat,41764
WINORDIE,41765
minutechochotte,41766
Josephine,41767
lesSeigneurs,41768
miyazaki,41769
Kev,41770
Empress,41771
nsm,41772
ElleApasAssumé,41773
CetaitLeMiensAussi,41774
TropDLove,41775
ActionFroid,41776
InstantFragile,41777
Canova,41778
tropimpatiente,41779
lalune,41780
JeSuisCharié,41781
ssh,41782
départ,41783
littlebigplanet3,41784
VendrediToutEstPermis,41785
JAL,41786
SistersAndDad,41787
eliotheart,41788
tomb,41789
ShiaLaBeouf,41790
militaires,41791
curiosité,41792
hypnose,41793
expérience,41794
iwanthgtawmback,41795
BBall,41796
DuttVSVenden,41797
2ndPhase,41798
Daesh2en1,41799
énerver,41800
Luv,41801
Ueule,41802
complicatedmachinery,41803
Unmanque,41804
welldone,41805
ClassesLesCopines,41806
models,41807
LeChoregraphe,41808
Japanese,41809
LoveYouToo,41810
JeSuislHumour,41811
playing,41812
boules,41813
pétanque,41814
badlife,41815
tapagenocturne,41816
NafNaf,41817
HDR,41818
ElDiablo,41819
FFCT,41820
Dosseh,41821
Enervement,41822
hightime,41823
TheJudge,41824
JorisLaGlisse,41825
PissedOff,41826
GreenEyes,41827
MiniTiger,41828
nîmes,41829
swimmingpool,41830
ClashCommeSantana,41831
TheNewYorkTimes,41832
Ass,41833
sefiesforaaron,41834
orient,41835
perse,41836
jaileclavieriphonemaispasdiphone,41837
refait,41838
halestorm,41839
WAC,41840
nejielala,41841
GOT7,41842
marchedeslyceens,41843
Fox,41844
SQ2015,41845
bravolesbollossquiontpriscaaupremierdegresjevousaimepzsbandesdefilsdeputesbisou,41846
PoignetMusclé,41847
Leondebruxelle,41848
slaglr,41849
AmberRose,41850
loosewomen,41851
JournalDeMerde,41852
TeamSwim,41853
bitchesclub,41854
Gofio,41855
QualificationImperative,41856
S1Final,41857
hollywoodgirls,41858
GrosBoulet,41859
devoirsa2heuresdumat,41860
readytosleep,41861
Dagoba,41862
peuxpasrivaliseravecOnfray,41863
alizee,41864
Djalil,41865
Ibtissam_On_MfmRadio,41866
onfray,41867
Caron,41868
aymericcaron,41869
sardou,41870
TwitterKullanıyorumÇünkü,41871
Onfray,41872
Nuitetbrouillard,41873
Exclusion,41874
surflifesaving,41875
touristmode,41876
mahhairhasalifeofitsown,41877
michelonfray,41878
DomPerignon,41879
HappyBirrhday,41880
fifa14,41881
Chalgoumade,41882
TeamAntiChicha,41883
GirlsNight,41884
Cocktails,41885
Bar,41886
Ladies,41887
TvShow,41888
labeteimmonde,41889
ASMontmarault,41890
JeSuisFlo,41891
FlonoxxPasDeChance,41892
SleepTime,41893
asesperformances,41894
AucunRapport,41895
seancesdepommadesgauchiasse,41896
soireevoyage,41897
cavamachever,41898
ChezLucile,41899
DogumGünü,41900
Drôle,41901
eaglecherrymarocco,41902
HaraKiri,41903
Mojo,41904
Bodega,41905
BestPlaceEver,41906
Lougin,41907
VautourIntello,41908
FEMEN,41909
PoyrazHapisdeBüyümesin,41910
tweeter,41911
ig,41912
LoloKiko,41913
poyrazbebekiçin1imza,41914
lyciato200k,41915
احذر,41916
نصيحة_ثمينة,41917
onestpascouche,41918
الوقاحة,41919
TeamEscros,41920
Undisputed,41921
الطغاة,41922
طغوا,41923
العبيد,41924
ركعوا,41925
BoogieDown,41926
representative,41927
ShapingDavos,41928
change,41929
Bye_Bye,41930
TrésSimple,41931
Fakiller,41932
اميمة_عيد_ميلاد_سعيد,41933
aude,41934
CyNGang,41935
flower,41936
NouvellePp,41937
DanzaKuduro,41938
EnModeEspionne,41939
papeFrancois,41940
UknowWhatIMean,41941
asroma,41942
totti,41943
Garcia,41944
bitzer,41945
chattezer,41946
troudeballezer,41947
christophezer,41948
astuce,41949
economies,41950
riendemieux,41951
مشرملة_لا_تكلمني,41952
clubbing,41953
housemusic,41954
Enttäuschung,41955
ALLES,41956
Arschloch,41957
ete2015,41958
RoadToVegas,41959
ByTheWay,41960
idol,41961
Morgan,41962
lamourdunemere,41963
julie,41964
celuiquimerendfollejecomprendpas,41965
Enervée,41966
LRTD,41967
ArriereGrandMere,41968
MamieMary,41969
MamieAwa,41970
CBS,41971
dreaming,41972
laplace,41973
OuEstLeRepect,41974
MamieDiaka,41975
dédicace,41976
TracksTV,41977
MALAISE,41978
writersdontsleep,41979
Gdnuit,41980
DamienB,41981
Incompétent,41982
QueDemandeLePeuple,41983
TweetVisaaaax,41984
JactanceDeBeurette,41985
Logiquearchi,41986
fuckthismovie,41987
ArnaldoCalveyra,41988
photoshot,41989
Bardock,41990
Sangoku,41991
Sangohan,41992
Sangoten,41993
WHY,41994
Olivia,41995
Insomnia,41996
airtrainer1,41997
LaProchaineFoisJePrendCeQuilFautEtJeResteraiDormir,41998
LesAlgeriensDanger,41999
FavouriteMaleSinger,42000
PrivateEye,42001
Isles,42002
ChercheLaLogique,42003
grossehaine,42004
TwitterVerificationServce,42005
teamdeco,42006
riad,42007
IrinaShyak,42008
Furcoat,42009
Path,42010
gendarme,42011
PlaceduTertre,42012
MoulindelaGalette,42013
Lepic,42014
shellfish,42015
Romancing,42016
cocktails,42017
HarrysBar,42018
DeepHouse,42019
lescopins,42020
teamdeouf,42021
SallyJara,42022
nfi,42023
fubar,42024
OppaFrigoStyle,42025
Manoeuvre,42026
fascislamisme,42027
TEAMG1ce,42028
Enmodesoldes,42029
bizzbee,42030
ouch,42031
Braithwaite,42032
garedeLyon,42033
anticipo,42034
tellyourlife,42035
USD,42036
amonavis,42037
jourferiee,42038
Gastronomie,42039
preregionale,42040
TrèsTrèsDur,42041
antinantais,42042
lemarais,42043
Faugères,42044
TonyJudt,42045
Islamism,42046
humanités,42047
Minnie,42048
Berlioz,42049
G2,42050
urcuit,42051
EnModeOnEstZepoDansLeSalonTranquille,42052
MarcheAuRalenti,42053
Pleyel,42054
CCNCBN,42055
FauxNews,42056
GrosBatard,42057
paiement,42058
MiniBus1,42059
InterRegion,42060
weareskiing,42061
ContentMarketing,42062
contenu,42063
Hotels,42064
alles,42065
LPL,42066
ogtv,42067
LaVoix,42068
frenchlandscapes,42069
CentralBoysSP,42070
gaylove,42071
gayhot,42072
gaysex,42073
gaysp,42074
gaybrasil,42075
gaysexy,42076
braziliangay,42077
GLBT,42078
CherchezLerreur,42079
CherchezLesErreurs,42080
consommateur,42081
JUSTICEPOURAMINE,42082
Enroutepourlaqualifs,42083
CoupeduCentreOuest,42084
srfcasse,42085
Flavien,42086
LègeCapFerret,42087
convention,42088
OnTheRoadToVilleurbanne,42089
FNJ,42090
FNJ06,42091
jesuisthomas,42092
Thugzor3000,42093
linecatcher,42094
freeride,42095
AllBleu,42096
TousDerriereVous,42097
crisedelacinquantaine,42098
reveiller,42099
automoto,42100
carte_heuristique,42101
weareskiffe,42102
tomfelton,42103
evannalynch,42104
matthewlewis,42105
merdias,42106
Jurynho,42107
RETWEEET,42108
PassagePommeraye,42109
JacquesDemy,42110
JDM,42111
familytime,42112
UniversFearless,42113
FearlessNikki,42114
wild,42115
scallison,42116
Model,42117
HenriII,42118
ÉcouteClientNéant,42119
PrimeDeFinDeMois,42120
Pognon,42121
TimBurton,42122
moment,42123
Discovery,42124
tempsdemerde,42125
vinz_et_lou,42126
newton,42127
LIRE,42128
AmusezVousBien,42129
Ohmycream,42130
Abbesses,42131
Ludovic,42132
tdu,42133
u19,42134
DHR,42135
PlaceDesFêtes,42136
Downtonisms,42137
JoyeuxAnniveraireDenitsa,42138
JeSuisFrançois,42139
sum,42140
questcequejefaisenprepa,42141
andlau,42142
TED,42143
GangnamStyle,42144
mission,42145
ClashOfCivilizations,42146
ByeByeBye,42147
populardemand,42148
Hawks,42149
PeoplesChoiceClassic,42150
Levinas,42151
lune,42152
StandWithSeaWorld,42153
rebellion,42154
Superpod4,42155
piercings,42156
BestFandom,42157
BLACKFISH,42158
europe1,42159
dccomics,42160
Puisaye,42161
7jours,42162
Ferrovipathe,42163
Moosch,42164
Accoustictour,42165
CshMondeville,42166
GregPlitt,42167
cominghome,42168
JeNeSuisPasboutin,42169
GrandRendezVous,42170
Cheetah,42171
Milo,42172
유키스,42173
UKISS,42174
준,42175
SeumInternational,42176
TéléFoot,42177
LittleThingsThatMakeADifference,42178
LoveYourPicture,42179
snowball,42180
Justin,42181
FrereCasseCouille,42182
mugcake,42183
jeanlouismurat,42184
thedelanoorchestra,42185
TempêteSousLaCouette,42186
Télefoot,42187
NoubliePasQueJeTaime,42188
berlin,42189
famillebelier,42190
creperie,42191
Sculpture,42192
JoepVanLieshout,42193
Igersfrance,42194
SRC,42195
teamZézette,42196
mhbop,42197
miramas,42198
DayLight,42199
Stairs,42200
Perspective,42201
Lines,42202
Graphic,42203
Vegan,42204
doliprane,42205
cumuldemiles,42206
PsgMerda,42207
SRFCASSE,42208
hokusaï,42209
PubZ,42210
Ford,42211
lion,42212
horoscope1901,42213
Équipée,42214
sauvage,42215
وليد_عبدالله,42216
السعودية_اوزبكستان,42217
المنتخب_السعودي,42218
Cortina,42219
auboutdemaviejediraimemeauboutdemamort,42220
N3,42221
Bonsplans,42222
100combiné,42223
naked,42224
ud,42225
colortatoo,42226
hotgossip,42227
volume,42228
rockateur,42229
benefit,42230
kiko,42231
Jesaisquetuverrasmestweetgrossepute,42232
FIFA14WithAnderlecht,42233
LawStudentProblems,42234
paris17,42235
batignolles,42236
FranckGehry,42237
BusVerts,42238
Flers,42239
UnPeuDeSMavecVotreCafé,42240
GeoForEver,42241
ChampionshipSunday,42242
Dondusang,42243
manifestationanticharlie,42244
libra,42245
TELEFOOT,42246
Charcuterie,42247
coppa,42248
MontDOr,42249
LazySunday,42250
Bourlanges,42251
EspritPublic,42252
ROFL,42253
riplacapone,42254
riplilsteve,42255
ripnuski,42256
JArrêteDeRâler,42257
JePeuxLeFaire,42258
SociétéDeConsommation,42259
TuTesFaitDDosCommeEpsilon,42260
BRITSONEDIRECTION,42261
NouvelAlbum,42262
TheatreEdgar,42263
JeSuisLibéral,42264
rousse,42265
instacat,42266
RetourdesBannis,42267
YayaToure,42268
appétit,42269
instaeat,42270
liker,42271
محمد_الدعيع,42272
Snowpiercer,42273
Ferriswheel,42274
JoyeuxAnniversaireDenitsa,42275
TomUtley,42276
BeautéDeMaTL,42277
Amnezia,42278
galaxie,42279
s5,42280
AndroidLollipop,42281
ONP,42282
Loos,42283
MotsDoux,42284
MediasLeMag,42285
sethgheko,42286
maiofis,42287
Giovinco,42288
bisrepetita,42289
MaBlaguePréférée,42290
Kabylie,42291
mayrdeeuh,42292
eminen,42293
NanteuilLesMeaux,42294
OnFaitQuoi,42295
FingersCrossed,42296
THLiechtensteinGiveAway,42297
défaite,42298
Hood,42299
CaseStudy,42300
Iwokeuplikethis,42301
HealthyLiving,42302
GETRMA,42303
Awkward,42304
LhommeAuBobZeh,42305
TakeABribe,42306
déchéance,42307
ambiance,42308
eveninginparis,42309
TotoPorn,42310
auntie,42311
granny,42312
psgetg,42313
FCLorient,42314
mannheimgram,42315
MaddieZiegler,42316
amnésie,42317
GetafeReal,42318
ASKBOIB,42319
Saurelteam,42320
globetrotter,42321
gf,42322
ATLASNANTERRE,42323
CeuxQuiSontNesDansLesAnnees90,42324
Macbeth,42325
Mnouchkine,42326
TheatreDuSoleil,42327
50ans,42328
magnifiquefrance,42329
Uzes,42330
StudioGhibli,42331
LeVoyageDeChihiro,42332
SpiritedAway,42333
MeteoFrance,42334
ForceÀToiRenoi,42335
LMX,42336
NotreVilleADuTalent,42337
buramaOn,42338
lanrj,42339
explicitlyrics,42340
MegaMenu,42341
leovaradkar,42342
Alkohol,42343
Ende,42344
Entzug,42345
schlussmitalkohol,42346
LINEPLAY,42347
bonnesoirėe,42348
lustige,42349
Wochen,42350
noalcol,42351
RimK,42352
Circus,42353
ArletteGruss,42354
Petitbébé,42355
Bordeaux7,42356
TeamBadGones,42357
ilovefood,42358
amalgamelittéraire,42359
CoDeSports,42360
askaoki,42361
MichelOnfray,42362
HayaoMiyazaki,42363
VousÊtesTousBeau,42364
yz125,42365
IlsNousRendFiersDetreSeptierois,42366
rmd,42367
gaumontmultiplexe,42368
mediaslemag,42369
PetitChat,42370
BacktoSchool,42371
pilote,42372
BonAppetit,42373
CityOfLight,42374
NoRageMaisUnPeuQuandMeme,42375
TeamCapVert,42376
TUNCAP,42377
HappyBirthdayKevinCostner,42378
SmashBros,42379
ASKAOKI,42380
Bannière,42381
escalade,42382
climbing,42383
wantone,42384
ametis,42385
islamofacho,42386
Fabrezan,42387
laznap,42388
GETvsRealMadrid,42389
BarışDalmış,42390
NazımÖlmez,42391
AlpeDHuez,42392
mieuxqueBFM,42393
niqueladistance,42394
vosges,42395
royaume,42396
DL1,42397
Benzema,42398
Atrium,42399
EuropeanTour,42400
HSBCGolfChampionship,42401
oreocandir,42402
soulée,42403
ndlv2015,42404
Dédicasse,42405
Freakz,42406
ginko,42407
Keryadohood,42408
Montres,42409
Collection,42410
LemondedeRiley,42411
ToursFCAsse,42412
CQFD,42413
StormTrooper,42414
TeamPouletCurry,42415
CAPES,42416
ShabTounes,42417
StepperEffect,42418
LesPDcestCon,42419
LeClassicALEtatPur,42420
eggsbenedict,42421
Jeveuxlaperche,42422
mauvaistemps,42423
ONn,42424
ToutesDesPrincesses,42425
NegoIRP,42426
yess,42427
UnBijou,42428
JardinierAuTop,42429
Dont,42430
Spoil,42431
1500m,42432
SaintAubinVSGuadeloupe,42433
bestgiftever,42434
Comeon,42435
JeSuisJungleBeat,42436
PasdAmagames,42437
RaisonGardons,42438
odioperilbene,42439
Ego,42440
james,42441
JeSuisAttitudAdjustment,42442
DésoléEvian,42443
Madame,42444
MadeinMontreuil,42445
Barbosa,42446
lycée,42447
coursdesport,42448
Sade,42449
Sabaly,42450
EldinTime,42451
fjbb,42452
Footing,42453
TeamGwendal,42454
lesToulousains,42455
TraningTime,42456
thermomix,42457
Sims2,42458
Sims,42459
d10,42460
sup,42461
Lazio,42462
StillOnTheWay,42463
yepa,42464
psgevian,42465
EnjoyYourSunday,42466
COLPER,42467
LASTTWEET,42468
Douchetime,42469
JeSuisTropVieuxEtImmature,42470
CopyLeft,42471
CopyRight,42472
ÉcritureNumérique,42473
Park,42474
Atlantic,42475
Ocean,42476
Coast,42477
thanksgod,42478
hamburgé,42479
السعودية_خارج_الآسيوية,42480
unapologetic,42481
iletaittemps,42482
Alpiniski,42483
Descente,42484
championne,42485
TeamAB,42486
SPF,42487
StHerblain,42488
SCORE,42489
Calasima,42490
veratti,42491
taylormeetalex,42492
Veratti,42493
matchdefou,42494
PasTropTot,42495
PSGEVIAN,42496
cf,42497
cauchemars,42498
matchoftheday,42499
BlatterOut,42500
score,42501
VirerLaurentBlanc,42502
Vegetables,42503
determinee,42504
incivilité,42505
eluparisien,42506
ripasapyams,42507
grippe,42508
vanderwiel,42509
Eurostar,42510
fantastique,42511
LaMecque,42512
CaPique,42513
USCUSAP,42514
TrunkStory,42515
TMNT,42516
BourgesBasket,42517
AllezTango,42518
lefa,42519
ParisGlace,42520
Patinoire,42521
enerver,42522
TrueMusic,42523
Showcase,42524
Kölsch,42525
HomeworkTime,42526
TeamPremierDegre,42527
Courseulles,42528
Verbier,42529
womenwhomovemountains,42530
adapt,42531
ComingHome,42532
Norway,42533
Frogpubs,42534
BercyVillage,42535
Proverbe,42536
MILATA,42537
Say,42538
burgerking,42539
boetie,42540
psv,42541
lendemaindecuite,42542
asteroid,42543
Earth,42544
BonneAction,42545
TeamFeuj,42546
Encore,42547
natation,42548
compétition,42549
Elijah,42550
Bose,42551
Cheesecake,42552
Dessert,42553
MiamMiam,42554
ComingVerySoon,42555
PH,42556
Partiles,42557
IJAdanslecoeur,42558
Histoiredudroitdansmesreves,42559
LIMMON,42560
jesuischarlot,42561
bouyguestelecom,42562
ToiAussiDitQuelqueChoseDontLesGensNOntNEnRienAFoutre,42563
RoughTrade,42564
grossejournee,42565
USALMR,42566
GLAMHR,42567
acidbabyjesus,42568
OLFeminin,42569
WHUHUL,42570
PrintempsCulturel,42571
fatness,42572
total,42573
BourgoinJallieu,42574
SunnyDay,42575
12thMan,42576
asapmob,42577
CN,42578
sosracisme,42579
sosracismemoselle,42580
shinning,42581
réalité,42582
loindescopines,42583
raec,42584
heist,42585
proximusleague,42586
fownewsfact,42587
RTL9,42588
vanderweill,42589
Vanderwiel,42590
Noceocou,42591
MusicosFamily,42592
Voici,42593
déception,42594
BlagueDeLaJournée,42595
Ethos,42596
GalerieItinerrance,42597
jazz,42598
LiquidSpirit,42599
gregoryporter,42600
Matuidi,42601
Akadem,42602
menage,42603
vanDerWiel,42604
csc,42605
rail,42606
BrosseauSiFreddi,42607
MCFCAFC,42608
Checkin,42609
gewonnen,42610
CompletementRaid,42611
jenjouis,42612
jesuispsg,42613
HosGeldin,42614
Calvaire,42615
UnArbitreEnLigue1,42616
Fédérale2,42617
VerrattiSeRégale,42618
sweetsunday,42619
JesuisJane,42620
scottishfold,42621
LoiSanté,42622
Stretching,42623
ArtScene,42624
dylanobrien,42625
USTours,42626
OLAlbi,42627
TweetDeCollégiens,42628
DepuisTaDisparuCommeLesClowns,42629
AsterixEtObelix,42630
Jamel,42631
parevi,42632
TeamOLFeminin,42633
OLALB,42634
SeCanta,42635
Bouled,42636
Traumato,42637
Infirmier,42638
Migaud,42639
QSG,42640
thugglife,42641
AfriqueNoir,42642
filleule,42643
AtalantaMilan,42644
dirtydancing,42645
HG1,42646
landmarks,42647
parismeltingspot,42648
tetedecul,42649
taylorswift,42650
filmdhorreur,42651
ManicMonday,42652
PokemonX,42653
Galaxie,42654
AllHailLesFrites,42655
slow,42656
pleaseReleaseMe,42657
Natale,42658
famiglia,42659
italiana,42660
asapyams,42661
rugbyleague,42662
rugbyunion,42663
cock,42664
russiefrance,42665
asmfamily,42666
NCA,42667
Sidaction,42668
GRRR,42669
alsacien,42670
PhotoshopMix,42671
stbath,42672
incohérence,42673
urologie,42674
EuropeanRugbyChampionsCup,42675
Bath,42676
Christmas2014,42677
jeSuisPegida,42678
ecarteur,42679
casentlaconnerie,42680
ellevousmanquait,42681
MANCVSARS,42682
LeCoeurÀlOuvrage,42683
welcometothemagicschool,42684
24hAuxUrgences,42685
NIRO,42686
Athéisme,42687
NiceFrance,42688
JaiTropLaFleme,42689
ruhpolding,42690
Ecouflant,42691
JlaKiff,42692
animalright,42693
Connexionencarton,42694
malaucoeur,42695
allolessupporters,42696
MuséeDOrsay,42697
croissants,42698
busvert,42699
fucklove,42700
JeSuisNigéria,42701
paradiski,42702
Kindarena,42703
SPOrouen,42704
bestfriends,42705
AtletiGranada,42706
SheIsCrying,42707
RealTears,42708
Gaufres,42709
Waffles,42710
Facade,42711
PetrolStation,42712
10eme,42713
venturing,42714
winebusiness,42715
alamaison,42716
LEnlèvementDesSabines,42717
dimanchepluvieux,42718
dimancheposey,42719
STvsBath,42720
dimmilatuapoesia,42721
Shelley,42722
Cenci,42723
Ratatouille,42724
Schweiß,42725
Laufen,42726
Laufsport,42727
lescarnetsdejulie,42728
LesCarnetsDeJulie,42729
OcalanaOzgurluk,42730
legsday,42731
hardtimes,42732
mucles,42733
BeatsMixr,42734
NOSETOILESCONTRAIRES,42735
brioche,42736
KiffTaSyna,42737
USML,42738
allezagen,42739
SMRSUA,42740
etenfaitàlafin,42741
studying,42742
afterparty,42743
NikeSBTrainerendor,42744
ImJustSayin,42745
pasevidentpourtoutlemonde,42746
stopBokoHaram,42747
HBC,42748
Rignac,42749
Sonntag,42750
Krankenhaus,42751
Brösel,42752
Werner,42753
perdues,42754
fatiguées,42755
MCFCvAFC,42756
TarnEtGaronne,42757
Montastruc,42758
Gaillardou,42759
NotreJardin,42760
MCIARS,42761
Pronos,42762
TeamBlackCat,42763
AllezRennes,42764
TeamRdc,42765
insolite,42766
stlazare,42767
ZAMRDC,42768
estacfcsm,42769
GERRUS,42770
GTR,42771
GreaseLive,42772
XMenApocalypse,42773
cabiche,42774
Amnéville,42775
klay,42776
gymface,42777
MaisonsDuMonde,42778
DUE,42779
jmendel,42780
Célibataire,42781
screen,42782
SalonDeLetudiant,42783
MissPrestigeNational2015,42784
Governments,42785
Selma,42786
Giverny,42787
ClaudeMonet,42788
Nymphéas,42789
IlEnFautPeuPourEtreHeureux,42790
NousSommesUn,42791
WeAreTheWorld,42792
GaMf,42793
LesEnfoires,42794
STBath,42795
MCIASR,42796
ComeOnGunners,42797
Onnechangepasleshabitudes,42798
AlloCiné,42799
ZAMCOD,42800
Jamaissanstoi,42801
LindseyVonn,42802
soissons,42803
OVSM,42804
32emeDeFinales,42805
NvxAdhérents,42806
only,42807
cocacola,42808
VFF,42809
U19Elite,42810
TeamCoteDivoire,42811
wip,42812
study,42813
YojiShinkawa,42814
freeTilikum,42815
petitecoupefraiche,42816
bigmamas,42817
bannière,42818
megabigmama,42819
PhotoVVT,42820
BackDoor,42821
TeamCoco,42822
STAPSIENS,42823
USLDRCL,42824
Gambard,42825
TOUBAT,42826
RCSL,42827
JeVeuxUnCâlin,42828
cappucino,42829
JeSuisDéputéMaireSenateurPresident,42830
lacolombeforever,42831
couleurs,42832
Trasher,42833
MoscatoVSAgnel,42834
TouBat,42835
animalabuse,42836
nohayvueltaatras,42837
mamiecougar,42838
CS,42839
Negresco,42840
vvt,42841
Lake,42842
LakeLeman,42843
LacLeman,42844
Vevey,42845
quaisdeseine,42846
tigres,42847
éléphants,42848
marseillebynight,42849
Chance,42850
Ravel,42851
JeSuisConfused,42852
EquipeType,42853
GardesTesAmisPresDeToi,42854
tapas,42855
diybloggers,42856
bloggerswanted,42857
Mondiaux,42858
LaSciencePourTous,42859
choixdemerde,42860
connarddefooteux,42861
SaintMarcel,42862
PEPOJAIRIENFAIT,42863
JeNeSuisPasChristine,42864
OilPrices,42865
PetrolFiyatları,42866
TersFiyatŞoku,42867
TeamTheix,42868
OùEstLinfos,42869
scorefleuve,42870
orne,42871
10cm,42872
CâlinForEver,42873
Maserati,42874
ss,42875
cine,42876
Bolasie,42877
TeamGunners,42878
WorldHeritage,42879
TeamInfirmière,42880
picassoeatyourheartout,42881
TheShard,42882
TheWhisperer,42883
TIAD,42884
cityars,42885
KizyPassionSchyzophrénie,42886
snapshots,42887
onmyway,42888
OnVeutDeLaNeige,42889
bayrou,42890
Cameroon,42891
LiberezStMax,42892
djamel,42893
Hostin,42894
TweeteCommeEdwy,42895
Adamsfamily,42896
CoeursurtoiKev,42897
Montecitorio,42898
Gasparri,42899
LaVoltaBuona,42900
humanressource,42901
RUQUIERGROSENCULE,42902
sharing,42903
Oncers,42904
mommy,42905
EGYFRA,42906
tweetecommeEdwy,42907
freeMorgan,42908
moschino,42909
desdondonsbiengoinffrées,42910
Cazorla,42911
Somhi,42912
Rangers,42913
Penguins,42914
McLarenP1,42915
Youth,42916
FollowNousBertrand,42917
FichieVoiture,42918
chanceux,42919
ReveillezVous,42920
GasparriFuoriDaTwitter,42921
GasparriFuoriDalParlamento,42922
GasparriFuoriDalSenato,42923
Gasparrifuoridatutto,42924
Gasparrifuoriditesta,42925
AchèteDesNeuronesSurEbay,42926
hungergames,42927
Jimmyfallonmcm,42928
jetsetterlife,42929
thecove,42930
gourdasse,42931
familyiseverything,42932
PunaiseTuMeDonnesFaim,42933
LÉON,42934
JeanReno,42935
NataliePortman,42936
GoGunners,42937
NumeroUno,42938
TeEchoDeMenos,42939
Cuidate,42940
3Gfan,42941
méthodecoué,42942
FRAEGY,42943
egyfra,42944
razziabatlle,42945
ComètesMeudon,42946
CoqsCourbevoie,42947
TeamBoiseur,42948
WorldCup2015,42949
OnSArretePas,42950
TeamJeTailleDuBois,42951
Oxymorique,42952
TeamTN,42953
ViscaElBarça,42954
Experts,42955
BleuetFier,42956
NeFaireQuun,42957
JkiffSeSurnomChzPasPk,42958
Williana,42959
Digitale,42960
JeSuisHeureuxEtJeVousAimeTous,42961
SoGood,42962
conormcgregor,42963
mma,42964
homies,42965
lovelyon,42966
ahahahahahaha,42967
LaTriadeDeToutesLesHorreurs,42968
Timetogohome,42969
الوطن_العربي,42970
HELIX,42971
SAUNA,42972
DEPFCB,42973
HappyBirthdayMuhammadAli,42974
Knb,42975
MerciPourTout,42976
الحمدالله_كثيرا,42977
LeducationManqueCruellement,42978
SeFaireEnculerLeGraet,42979
OnAdesBeauxYeuxDefectueux,42980
JeSuisCoquinou,42981
Referee,42982
soeurdesang,42983
pourlavie,42984
specialedemilovato,42985
NRJHits,42986
handballworldchampionship,42987
aigle,42988
DreamPerspective,42989
SpecialDemiLovato,42990
toutpeter,42991
bedtimes,42992
bossyboots,42993
SaintGeorge,42994
CeciNousAValluUnBonPetitFouRire,42995
SpécialeDemiLovatoNRJHits,42996
LesLunettesDenBas,42997
Luxembourg,42998
Bapévachats,42999
moustache,43000
HXH,43001
3poumons,43002
noussommesun,43003
TheArtOF,43004
radioJ,43005
laurentBlanc,43006
Traanq,43007
SupeerTweet,43008
LTT,43009
JamelDebbouze,43010
amusé,43011
pensédujour,43012
UneMerveilleuseHistoireDuTemps,43013
TheTheoryOfEverything,43014
PtdrrrTesCon,43015
sacrecouer,43016
SodaTime,43017
conseilnational,43018
we,43019
manga,43020
MonMatchOM,43021
LMDE,43022
GodIsGreat,43023
UnHommeComblé,43024
RM92TRE,43025
vapeexpo,43026
portedeversailles,43027
ecig,43028
touchant,43029
diva2,43030
smartcity,43031
Helikoptereltern,43032
Revine,43033
IsacElliotFollowSpree,43034
daruma,43035
dunedupilat,43036
parissaintgermain,43037
igf_midiminuit108,43038
LoveHer,43039
filsdepub,43040
LicenceDroitEtSciencesEconomiques,43041
DisxHuitAns,43042
Treve,43043
réequilibrage,43044
gobleu,43045
bélier,43046
tropdesanctiontuelasanctiobn,43047
réequilibragealimentaire,43048
EYE,43049
1sMariah,43050
Aulas,43051
sorrymom,43052
dansefescanards,43053
laChenille,43054
PousselananasEtMoultLeCafe,43055
TUNCPV,43056
specialejustinbiebersurnrjhits,43057
LarryClark,43058
CoupeDuMondeDeHand,43059
jevaistuerqq,43060
humourdecoiffeur,43061
Tweetvise,43062
specialejustinbieber,43063
ByebyeL,43064
WolvesForEver,43065
Commande,43066
steack,43067
frites,43068
fantaorange,43069
boisson,43070
CapVert,43071
MyleneFarmer,43072
TeamCrevard,43073
LesPinguins,43074
Cfc,43075
dominoday,43076
veryhappyme,43077
Infrarouge,43078
cuiseuràriz,43079
NonStopPeople,43080
Io,43081
libertàdespressione,43082
Piemonte,43083
JaimeMesCours,43084
RTprecedent,43085
MESSI,43086
TheScriptBestFans2015,43087
Triplealliance,43088
Teambarça,43089
OnFire,43090
CameDown,43091
TweetAttrapeCapVerdienne,43092
GETFCB,43093
rebeuforlife,43094
rabzao,43095
NoeudPap,43096
Psychologique,43097
laponie,43098
quartierlatin,43099
INeedAGlassOfChardonnay,43100
MetzParis,43101
MixersLoveYouPerrie,43102
CocoJet,43103
Inboundmarketing,43104
Contentmarketing,43105
chillin,43106
ValentinPorte,43107
TunCPV,43108
ÇaPiqueOuPas,43109
retourverslefutur,43110
TEsDevenuPDCommeMPokora,43111
pourkoitan2volumevelu,43112
TweeteFaux,43113
PM,43114
inu,43115
greendrive,43116
greenattitude,43117
mdspirit,43118
BBGChallenge,43119
DISCOUNTLEFILM,43120
gueulefracass,43121
kandk4pacsun,43122
ilétaittemps,43123
publiciscinema,43124
concepto,43125
forceur,43126
idéedujour,43127
Crossfaith,43128
coldrain,43129
TeamFarfadet,43130
ThisIsLove,43131
Dataconnexions,43132
5HFanuaryDay18,43133
elcanardo,43134
Pogboum,43135
قولوا_انشالله,43136
pixelart,43137
gâté,43138
Harper,43139
OnesMyFavoriteFilms,43140
CORBAR,43141
tot,43142
MKL86,43143
contagion,43144
teamJuve,43145
SundayMarcel,43146
nightandday,43147
Intempérie,43148
uglytruth,43149
JeSuisImbula,43150
JamaisVu,43151
MessiTriplé,43152
TrésBonWeekEnd,43153
DirectionDuBâti,43154
verglas,43155
teamMarcheaPied,43156
DeuxSoeurspourUnRoi,43157
CaféEtPetitsGateauxDeNoël,43158
Signature,43159
EnRoutePour25Ans,43160
Productivité,43161
forçaOM,43162
JeanJouzel,43163
mojito,43164
djmag,43165
MonFilmCulte,43166
DeFunes,43167
TeamParis,43168
objectifmontée,43169
ViteLe27,43170
auditt,43171
capete,43172
JourneeDifficile,43173
wonderland,43174
frenchtouch,43175
WhatsOnMyPhone,43176
SheldonCooper,43177
Amy,43178
ShamyForever,43179
irmãdeoutramae,43180
melhordetodas,43181
PapaMaman,43182
Fakir_Countdown,43183
fullofcold,43184
cdwm,43185
tarifFadiga,43186
ILoveYouSoMuch,43187
EurosportTennis,43188
BestCornerInTheLeague,43189
PPAEB,43190
PleinLaGueule,43191
tousfreres,43192
DisneyChannel,43193
sharks,43194
CAPITAL,43195
katewinslet,43196
MultiplexPolitique,43197
lOrne,43198
BasseNormandie,43199
Mans,43200
teambasket,43201
number7,43202
ballislife,43203
winstub,43204
exam,43205
vaAuMarché,43206
beaute,43207
dropdeaddiva,43208
worldpeace,43209
KevEmmeneNousAuMfa,43210
musicblog,43211
ChacunSaNotionDeVerre,43212
Beats,43213
In1Month,43214
Hollydays,43215
February,43216
routes28,43217
RealiseNotreReve,43218
kanzi,43219
animalrecords,43220
audioblog,43221
Oissel,43222
seinemartime,43223
A1528513,43224
OnterespectepluscommeDorian,43225
horairesdelasemaine,43226
Maluma,43227
Raggaeton,43228
هلكوني,43229
Alessandrini,43230
Gossima,43231
RedDistrict,43232
Heldon,43233
TahiaT,43234
SeeTheRealMe,43235
Fantastica,43236
SegaNord,43237
DimenticanoTutto,43238
Bossi,43239
IlTrota,43240
Borghezio,43241
Calderoli,43242
Miglio,43243
الجيش_السلومي_والتسكاتي_واحد,43244
sodevasted,43245
TuParlaisPasDeMoi,43246
teampatriots,43247
Edgard,43248
Morin,43249
jenesuispascyril,43250
NFCChampionship,43251
FlemmDesGensCommeSa,43252
Pfffffff,43253
Flemm,43254
masala,43255
epices,43256
inde,43257
sundaynight,43258
tri,43259
vinyles,43260
rangement,43261
drunkinlove,43262
BravoApple,43263
ISBA,43264
genre,43265
Fut,43266
eiffeil,43267
torre,43268
toureiffeil,43269
rapp,43270
artnouveau,43271
nfl,43272
kt,43273
Gothika,43274
CestLaPub,43275
Questcequonafaitaubondieu,43276
Laon,43277
Fete,43278
sexualorientation,43279
thauvin14,43280
HushedWithJake,43281
lineup,43282
jones,43283
alien,43284
DesGarsDuBTP,43285
ArbitrageDeMerde,43286
OnLâcheRien,43287
SuperCrayon,43288
Vergonha,43289
update,43290
LdC,43291
RIPYAMS,43292
VieDeProf,43293
hiverdemort,43294
Guyane,43295
apresleffortlereconfort,43296
sundaykindoflove,43297
EmojiQuiFaitUnDoigt,43298
Indonésia,43299
interception,43300
Reunion,43301
blondiebeauty,43302
tresbeaugeste,43303
bellevideo,43304
CestNimp,43305
EAGOM,43306
LaVieDAdèle,43307
PasDécidéDuTout,43308
word,43309
Bonnie,43310
Ginny,43311
OffMaisPourDeVraiCetteFois,43312
ARG,43313
Cazes,43314
Rivesaltes,43315
pascher,43316
TesMonCrush,43317
tweetflou,43318
bonassesdu75,43319
kayser,43320
NabraskaUniversity,43321
philippeconticini,43322
LaPatisserieDesReves,43323
Pau1er,43324
BO2eme,43325
Koople,43326
OUIGO,43327
admiratif,43328
Danslespoirdeseretrouver,43329
tuchepourun,43330
tuchepourtous,43331
ddd,43332
misspoisse,43333
USN,43334
JulioTavares,43335
égalitéFH,43336
coachsportif,43337
Kiffance,43338
jaimeleski,43339
DimaDjazair,43340
teamaboudiaby,43341
JssPasCommeçaenVrai,43342
TeamBarbès,43343
TeamTuPeuxPasMarnaquer,43344
HashtagTropDeMalice,43345
ReRA,43346
CoupDeCoeur,43347
Vibe,43348
TeamTorre,43349
TweetCommeUnHetero,43350
PerteDeTemps,43351
Nosens,43352
FreeStyleLibre,43353
capitainetrain,43354
BestPictureForNash,43355
TeamKaaris,43356
SocialJumpers,43357
Mutation,43358
migration,43359
QualiteDeVie,43360
AuTelephoneAvecDoudou,43361
traire,43362
vache,43363
BeauvueEnEquipeDeFrance,43364
AgressionSexuel,43365
AlerteAuMeteorite,43366
ACaen,43367
amenomen,43368
lpm,43369
WhereIsRespectPlease,43370
Michyyyyy,43371
PastoreLeGenie,43372
TweetCommeMoh,43373
LeFootDuTerroir,43374
CsCommeMonGrandFrere,43375
placedelacathedral,43376
badass,43377
Okay,43378
Team1m60,43379
Platon,43380
embrouilleMcdo,43381
Lemina,43382
AhOkNous,43383
plexi,43384
heels,43385
instashoes,43386
loveit,43387
loveheels,43388
Flandre,43389
Réunion,43390
Vavel,43391
LeminaDerange,43392
toutchange,43393
AmericanSniper,43394
18Février,43395
TeamMartika,43396
GIGI,43397
Gignacderange,43398
JeSuisMarceloBielsa,43399
TokoBosoUso,43400
fiji,43401
tonga,43402
samoa,43403
packers,43404
greenbay,43405
MARSEILLAISAJAMAIS,43406
TeamCffp,43407
GHVIP,43408
Leyton,43409
loisdemurphy,43410
BTTF,43411
Mendy,43412
Fanni,43413
Doria,43414
MarkRonson,43415
Audette,43416
GrosseForceuse,43417
Ark,43418
freakymoment,43419
JDJDR,43420
Chiffres,43421
AppliCanal,43422
KillaGang,43423
AnotherLove,43424
TeamRabeha2017,43425
centealisation,43426
airbus,43427
aviationcivile,43428
LEROIDESBATARDS,43429
MEMELOINILMEFAITCHIER,43430
BATARD,43431
jeCraque,43432
TaffTropBien,43433
lifeabroad,43434
10Things,43435
Zombies,43436
joker,43437
janowicz,43438
XFilesReboot,43439
nickelodeon,43440
Thelin,43441
penseePourOsmanovski,43442
longliveasap,43443
BlacKeysBW,43444
BeYourSelf,43445
IslamooPresident,43446
NiallHoran,43447
tuto,43448
glambert,43449
FuckLesCours,43450
FG,43451
OMOL,43452
CFcrossUNSS,43453
grindrfail,43454
simple,43455
devoirs,43456
unforgettablemoments,43457
Always,43458
PINTO,43459
Pouyanné,43460
PapalVisitPH,43461
poisseman,43462
meufvénèrebelike,43463
MisiqueDuMoment,43464
Inlove,43465
Déprime,43466
lightsout,43467
BlackHole,43468
UltrasOM,43469
ForzaOm,43470
MyLikes,43471
BlackKent,43472
SalonMusical,43473
DMMETANNER,43474
19MARS2014,43475
JeSuisCatherineDeneuve,43476
FeedTheBeast,43477
phc,43478
MyChennai,43479
AfterRMC,43480
Ilovekeen,43481
ILove,43482
TeamBIELSA,43483
beso,43484
WE,43485
Abdou,43486
Boubou,43487
TeamAfrica,43488
Camer,43489
Galsen,43490
Cortex,43491
mood,43492
MargauxDeroy,43493
dynamicradio,43494
fifou,43495
ChasingLife,43496
lachichavanttout,43497
17ANS,43498
condescendance,43499
AlepoqueDeRichard,43500
Coralieboulet,43501
QuandLesBellesMeresSinvitent,43502
vismaviedétudianteenlangues,43503
Bofinger,43504
dining,43505
GoraDonosti,43506
MorteCouille,43507
Souris,43508
violent,43509
AffronteBruce,43510
CCZLive,43511
humourdeprodentaire,43512
BeyondTwoSouls,43513
OnSeMotiveCommeOnPeut,43514
Bise,43515
chance,43516
urbanstates,43517
TataJacquelineTeFaitDeGrosBisous,43518
francoisethyrion,43519
molière,43520
MettezPasDeVent,43521
courtyard,43522
Carnavalet,43523
sculptor,43524
RollercoasterOfVeryObviousFeelings,43525
PrinceCharmingDoesExist,43526
ArrivedOnCloudNine,43527
Cullinan,43528
pop,43529
rnb,43530
pariasian,43531
azn,43532
WineTasting,43533
CorkChair,43534
GeorgeFive,43535
thatsnotthespirit,43536
SinIdentidad2,43537
TooMuchLove,43538
GamesOfThrones,43539
TeamHitch,43540
Récamier,43541
TuEsMonFrere,43542
collection,43543
creepy,43544
GreatGift,43545
tldr,43546
17matchs17finals,43547
Gerland,43548
PerfectMan,43549
S2E3,43550
snowqueen,43551
redwine,43552
gevreychambertin,43553
Poster,43554
ViolletleDuc,43555
Architect,43556
videdressing,43557
mamans,43558
Sketch,43559
hat,43560
letter,43561
skyler,43562
BrBa,43563
drawings,43564
gargoyles,43565
BeautyAddict,43566
LeMondeGate,43567
SaintLouis,43568
reliquary,43569
CrownofThorns,43570
Secretpourpersonne,43571
NoStress,43572
bugtwitter,43573
dybala,43574
OKCvsMIA,43575
Luis,43576
DodoTime,43577
9gag,43578
oooooff,43579
courdesmiracles,43580
conspirons,43581
Muyambo,43582
Makala,43583
POTUS,43584
SOTU,43585
Elephant_in_room,43586
FinDeToi,43587
LeChamgementCestMaintenant,43588
DriesVanNoten,43589
freecongo,43590
ObservatoireLaïcité,43591
Swaroski,43592
AuchanDrive,43593
NimesOlympique,43594
MIC,43595
LQ,43596
inondations,43597
InstaGoodMoment,43598
Protagonistas,43599
50Shades,43600
InsomnieBonjour,43601
noussommeenhiver,43602
manufansle69,43603
NicolasCadène,43604
manudansle69,43605
BLEUNOIR,43606
LutzBachmann,43607
ConférenceClimat,43608
Paris2015,43609
RTL7h,43610
bambi,43611
tropdelevel,43612
chemise,43613
cravate,43614
petitebottineoklm,43615
AMEN,43616
compliments,43617
DOCAPOST,43618
GoodDay,43619
snowday,43620
RepondezOH,43621
svt,43622
bj,43623
aroundtheworld,43624
eternety,43625
2ème,43626
SOLIDAIRES,43627
acteur,43628
happyhugsday,43629
mythe2,43630
nodiscount,43631
sciencefiction,43632
soundoftheday,43633
جنيف,43634
سويسرا,43635
Réveil,43636
Bises,43637
IKilledLogic,43638
coldinfrance,43639
enregistrementok,43640
Ninaud,43641
sèvres,43642
pasmotive,43643
FatiguePréExam,43644
3MinutesPourComprendre,43645
quelqcons,43646
OKJeSors,43647
alimentation,43648
hugday,43649
TeamNeige,43650
Ayrault,43651
TristeMaisVrais,43652
timetowork,43653
BigFloEtOli,43654
camaréveillé,43655
canton,43656
NEETS,43657
MPOKORA,43658
ToutePremièreFois,43659
FuturScorsese,43660
journeemondialeducalin,43661
notobsessed,43662
Janzé,43663
ChuckMovie,43664
ÉducationNationale,43665
RDVEnTerreInconnue,43666
MaVieDeCelibataire,43667
Shoot_NHS_Sacred_Cow,43668
Shoot_Academic_Sacred_Cow,43669
filibustering,43670
RIPricardinho,43671
Spielberg,43672
twisto,43673
JeSuisDoge,43674
BuenDia,43675
JaiToutClasséDansMonBureau,43676
jadoreMonMetier,43677
jadorelaBU,43678
jadoreLaRepro,43679
CapuccinoDuMatin,43680
UniversitésDeTechnologie,43681
legoodmorning,43682
pornsky,43683
lesarcadesÀlès,43684
loveandmiss,43685
powerpatate,43686
educ,43687
jairi,43688
Causes_of_ECWar,43689
hugday2015,43690
anglais,43691
ennuichronique,43692
Calinou,43693
FreeHugsDay,43694
arewesecure,43695
digitaltransformation,43696
Saisie,43697
Chantôme,43698
ProjetCitoyenCooperatif,43699
HUBDAY,43700
predictions2015,43701
Deuxhommestoutnus,43702
FamilleDAccueil,43703
GoogleAcadémie,43704
Sauvé,43705
LikeAGlacon,43706
hubday,43707
SortieDeLAnnéePourLesVieux,43708
JEF2015,43709
dégueulasse,43710
GoogleAcademie,43711
auditsecurite,43712
EducationTechnologique,43713
Smartphone,43714
Galchenyuk,43715
IlEstToutMimiMonPadawan,43716
TopModel,43717
DepartDuDre,43718
TropMange,43719
TropBu,43720
LeRouge,43721
Cosmo,43722
54café,43723
ComeOn,43724
QuiQuenVeutPointCom,43725
Bvng_Bvng,43726
paris05,43727
winnipeg,43728
teamJulienDore,43729
whooper,43730
Ongwen,43731
LRA,43732
lasaisonapproche,43733
fautsavoircequonveut,43734
FIFATIME,43735
Pulkkinen,43736
Nyquist,43737
Price,43738
HugDay,43739
applause,43740
blasé,43741
digital_natives,43742
ChezJeannette,43743
Hubday,43744
Sevran,43745
LesGrassesMatPourTous,43746
NsSommesCharlie,43747
JourneeInternationaleDuCalin,43748
WantedLiam,43749
MsieurLeJugeCestLuiQuiAcommencé,43750
BernardoSilva,43751
LesNouveauxHeros,43752
JupiterAscending,43753
Petitplaisirsimple,43754
echange,43755
obksessions,43756
SayYes,43757
bonnejournéeannoncée,43758
calins,43759
unpeudedouceur,43760
effaré,43761
Trail,43762
credit,43763
16andpregnant,43764
JournéeDesCâlins,43765
BaymaxHug,43766
LouisXVI,43767
Ardèche,43768
JustSaying,43769
JourneeDuCâlin,43770
JeBoycotteLe20HeuresDePujadas,43771
QuiMaimeMeFuit,43772
Solidaris,43773
QuelleFaute,43774
MaydayVol,43775
Halde,43776
IloveMohammad,43777
underwear,43778
CestDuBeau,43779
UnionEuropea,43780
MammaMia,43781
entrecopines,43782
SaveriaHostache,43783
cestbeauderevermarine,43784
gothiques,43785
pugs,43786
Malien,43787
RIP1Dcrew,43788
storytelling,43789
iletaitunefoisunestartup,43790
PointLobbying,43791
DirectPM,43792
polack,43793
letouquet,43794
BIGHUG,43795
Pepitos,43796
nuitdelavoix,43797
Tybalt,43798
directPM,43799
viedemerde,43800
bestie,43801
2days,43802
JournéeDuCâlin,43803
Nantes3,43804
VagFM,43805
jesuisuneZ,43806
Aldebaran,43807
robots,43808
ExcuseNous,43809
TuTeFaisCramer,43810
teamlechecul,43811
pornstar,43812
SeulDieuPeutMeJuger,43813
FAI,43814
çafaitflipper,43815
JourneeDesCalins,43816
jesuistetons,43817
SocialUN,43818
DigitalDiplomacy,43819
DiamondsAreAGirlsBestFriend,43820
néophyte,43821
ToveLo,43822
LouvreEveryday,43823
TeamMU,43824
LaChanceEnPartage,43825
FoxCatcher,43826
pretOk,43827
fcnWinner,43828
dollars,43829
journeemondialeducâlin,43830
noequalitybetweenblackwhite,43831
ToursASSE,43832
MuseumFacts,43833
childrights,43834
Nollywood,43835
AliIsmailKorkmaz,43836
FIPA,43837
MuseumBranding,43838
Pepper,43839
atelieraldebaran,43840
robot,43841
aldebaran,43842
ImInMisery,43843
PlaceChibreDansUnNomDeFilm,43844
fuckjetlag,43845
24mai,43846
MaroonVTour,43847
ebola,43848
guinee,43849
PreparationDeTDs,43850
Langon,43851
RME,43852
adrenalina,43853
INCEPTION,43854
DiscountLeFilm,43855
OLNBlankSpace,43856
BONNENOUVELLE,43857
thriller,43858
ImagineYourSexLifeWithABand,43859
PIDS2015,43860
Inquiète,43861
overexcited,43862
RivalsEuroTour,43863
DescribeYourSexLifeWithABand,43864
galeredumercredi,43865
point,43866
par,43867
GalereTransportEnCommun,43868
HugEveryone,43869
ZzzZzzZzz,43870
AntiFN,43871
LhumanitéCetUniversPourri,43872
LorientMonaco,43873
FCLASM,43874
renseignement,43875
forumathlete,43876
maletears,43877
whitetears,43878
BisousPourTous,43879
AdvienneQuePourra,43880
camenerveuhhhh,43881
LaFamilleCestSacré,43882
Tate,43883
capitaldedonnees,43884
datavalue,43885
smartlife,43886
L12CDL,43887
LesDouzeCoupsDeMidi,43888
L12CDM,43889
FiertéNormande,43890
réflexives,43891
connecte,43892
fausemesures,43893
WeLoveShawn,43894
ter,43895
lorraine,43896
PublicSenat,43897
HH7,43898
TFCASSE,43899
TeamTwingo,43900
Broachurch,43901
Legende,43902
Razor,43903
lislesurlasorgue,43904
météoalacarte,43905
U9,43906
EFF,43907
U19,43908
laFamilleBelier,43909
Ernée,43910
Polemique,43911
Debat,43912
FreeHugs,43913
Zikhs12,43914
jecomprendstktjesuispareil,43915
SodaPrime1,43916
notesdepartiels,43917
redoublement,43918
ISIL,43919
TOEIC,43920
PublicSénat,43921
mixage,43922
docu,43923
Skins,43924
solar,43925
spacex,43926
duc,43927
cud,43928
Furhag,43929
FurFreeForever,43930
somosImparables,43931
SomosGuerreras,43932
GaucheOpportuniste,43933
Mixtape,43934
Tunechi,43935
huggingday,43936
pauvrejeezy,43937
sober,43938
lefrançaisensarre,43939
PkTuMappellesPas,43940
PauvreLouisXVI,43941
VamosRafa,43942
aunomdelaverite,43943
PolitiquedelaVille,43944
depute,43945
senateur,43946
maire,43947
RendezvousàAtlit,43948
vamosrafa,43949
warriors,43950
LaVieChangeAvecOrange,43951
recycling,43952
decheterie,43953
buddha,43954
volunteering,43955
opportunities,43956
wildlife,43957
volunteer,43958
GénérationClubDorothée,43959
LovaticsFamilly,43960
Rafa,43961
ultrAslanGüneyFransa,43962
LaFranceDuSousSol,43963
CharlieDesSurvivants,43964
npp,43965
Sergio,43966
BlankoC16,43967
navrant,43968
poesie,43969
Chateletleshalles,43970
Douche,43971
klinou,43972
Surf,43973
DosSantos,43974
bismuthAuJTde20h,43975
IsraelAvantIsrael,43976
LesRoyalistesDesHommesDesVrais,43977
TeEstasJugandoUnaColleja,43978
EresOdioso,43979
cacao,43980
menswear,43981
McCafé,43982
Barista,43983
McDonaldsFrance,43984
Sonia,43985
CHAAAAAATS,43986
CauetSurNRJ,43987
sarcasm,43988
faktastisch,43989
cepaysquonabat,43990
DvdVoilaVoilaZenithTour,43991
vacaciones,43992
cph,43993
TristeMaisVrai,43994
FREEHUGS,43995
MourirSuperGros,43996
DabLife,43997
OnAnotherLevel,43998
2lifted,43999
FreebandzGang,44000
sosbouton,44001
solidaireaveclebouton,44002
BESSAT,44003
tarplulagéophysique,44004
AlexisLegrand,44005
SethGueko,44006
LanaParrilla,44007
PhobieAdministrative,44008
WhiteBird,44009
LukeGrimes,44010
180g_pizza,44011
hach,44012
Reallife,44013
presidentiable,44014
Kanyama,44015
Mondeville,44016
Yankeecandle,44017
lavande,44018
manifestent,44019
BusinessSchool,44020
GrandeEcole,44021
EMStrasbourg,44022
regimetotalitaire,44023
contrôle,44024
moijiétais,44025
gueuledemerde,44026
barreau,44027
museumco,44028
maudit,44029
neezymetre,44030
LZV,44031
Paragard,44032
lesmarseillais,44033
Keen,44034
mauditsalaud,44035
NationalHugDay,44036
BricolagePeople,44037
etredanslamerde,44038
kamoulox,44039
low,44040
Level,44041
nrg,44042
joiesdelacoloc,44043
Baston2regard,44044
cartedevoeux,44045
LivredelaJungle,44046
solennelle,44047
TeamGroslard,44048
bessatx3,44049
raser,44050
bricolagepeople,44051
UNFRIENDED,44052
LIAMADISPARUCOMMELACARRIEREDEMAUDE,44053
PasLeCourage,44054
InternationalHugDay,44055
MondiauxDeFreestyle,44056
julesRenard,44057
RacismeOrdinaire,44058
CCHpower,44059
QuandOnParleDuLoup,44060
enfermer,44061
agentDeComDeGréOuDeForce,44062
KickOff,44063
SwaggDesLunettesAuxNénés,44064
BaptisteLecaplainSeTapeLaffiche,44065
russie,44066
badguy,44067
mèches,44068
CiutatMorta,44069
groscalinsttlesjoursacbbjojo,44070
couples,44071
lebonheur,44072
malikselaraconte,44073
CaptainAmericaCivilWar,44074
fresque,44075
teamlolo,44076
logiquesocialiste,44077
Flexea,44078
Dolenio,44079
Structoflex,44080
Osaflexan,44081
Voltaflex,44082
JURPK,44083
SAVRMC,44084
fullsupport,44085
luis,44086
testropfort,44087
PotterheadUntilTheVeryEnd,44088
CGR,44089
midemlab,44090
Guerriere,44091
JyCrois,44092
SansMotivation,44093
médicaments,44094
kanyama,44095
economiecirculaire,44096
POMA,44097
SATC,44098
løvetour,44099
tropdestyle,44100
savrmc,44101
humanitarians,44102
projets,44103
carambar,44104
tgv8432,44105
tgi,44106
magistrat,44107
magistrats,44108
élevage,44109
sensual,44110
redlips,44111
ilike,44112
nourriture,44113
akward,44114
Alinstant,44115
Bisphénol,44116
grossesse,44117
diabète,44118
ChanteRossignolChante,44119
Azimut,44120
8YearsOfOsnapitzari,44121
Monsengwo,44122
preview,44123
findevie,44124
WebRadioNRJNickiMinaj,44125
AfterParty,44126
danone,44127
ClapDeFin,44128
genY,44129
Gen,44130
delon,44131
NewMorning,44132
Nzimbu,44133
KingOfKindness,44134
naturopathes,44135
thinkaboutit,44136
todosconNicolas,44137
FranceBientotAuxChinois,44138
homen,44139
sextape,44140
pasmoi,44141
freehugs,44142
PoP,44143
LoveKevAdams,44144
viciousme,44145
iRunMan,44146
CHATTE,44147
UMPdesNeuneux,44148
KABILA,44149
ASSASSIN,44150
MidemLab,44151
workoutwednesday,44152
Kadutu,44153
Bukavu,44154
breakingnow,44155
cour,44156
appel,44157
prospective,44158
InscrivonsFredLaniakPourNoubliezPasLesParoles,44159
DagheGermain,44160
FebrezePartyDansMonCalcif,44161
gad3millions,44162
Ebff,44163
Electionsdepartementales2015,44164
ip2,44165
corpscapte,44166
Coro1stDiamEUW,44167
TousLesCheminsMenentÀlAutre,44168
Pas2Honte,44169
luisattaque,44170
Épuisée,44171
Déco,44172
CAP1TAN,44173
IC1,44174
yproject,44175
aw15,44176
newcollection,44177
newseason,44178
makers,44179
BingoGervais,44180
EltonJohn,44181
TeenPopNrjHits,44182
ASMETG,44183
ArrêtéLesGeneralité,44184
ChansonDuMwaka,44185
GeneralCrew,44186
KenoWeidner,44187
dinerpourgg,44188
Kalash972,44189
ResidentEvilHDRemaster,44190
LaMala,44191
jepartage,44192
EQGBFA,44193
Degoute,44194
SpecialTeenPop,44195
StarKebab,44196
PlanèteTerre,44197
MayonFaible,44198
SECRETAIRENATIONALUMP,44199
RURALITE,44200
LOZERE,44201
WaRTeKGiveAway,44202
Moscatoshow,44203
humanisme,44204
RémiBrague,44205
gemeaux,44206
JeChercheLeFM,44207
eqgbfa,44208
nrjhitscette,44209
nrjhitsTHE,44210
PktunousAbandonne,44211
avantgarde,44212
Album1,44213
SaleJuif,44214
workinggirl,44215
KinnieLaneJeTeSuivrai,44216
excellence,44217
tetongate,44218
QE4,44219
mcihbg,44220
TeenPopNRJHITS,44221
IncitationÀLaHaine,44222
TeenPop,44223
SwaggManBeau,44224
Lobbying,44225
collègues,44226
JeTaimeMoi,44227
Gala,44228
JeSuisCongolais,44229
Africain,44230
ImitationBasDeGamme,44231
fonties,44232
Search4OnTheRoadAgain,44233
fontenay,44234
crottes,44235
Compol,44236
frai,44237
SeRouleEnBouleEtRougit,44238
الحوثيين,44239
swagman,44240
JaiFaim,44241
ViveLaVie,44242
IDF1,44243
JJDA,44244
LaBeautedesMelanges,44245
KusmiTea,44246
watib,44247
owohaaa,44248
illusion,44249
optique,44250
maquette,44251
austerlitz,44252
LaFaceNord,44253
Figueroa,44254
takeoff,44255
carpiquet,44256
GABCGO,44257
surementMoinsBonQueLeChef,44258
Csa,44259
rnt,44260
fw,44261
ReallyNigga,44262
bakery,44263
CDMHANDBALL,44264
jevienst,44265
injouable,44266
ASMETGFC,44267
narcissique,44268
mercuryretrograde,44269
PourquoiTuMappellesPasLeClip,44270
CCommeÇa,44271
Haitians,44272
TeamH,44273
HaitianGirl,44274
emiliescookienice,44275
cupcakes,44276
oreocake,44277
smoothie,44278
Foxcatcher,44279
ParceQuilsLeValentBien,44280
AllYourBassesIsBelongToUs,44281
WebRadioNRJEdSheeran,44282
GDE,44283
GrosseRage,44284
TeamPoulet,44285
PendantCeTempsSurFacebook,44286
BeliebersWantNewSongs,44287
Nalliers,44288
elitemen,44289
championsdumonde,44290
canoe,44291
BARÇA,44292
CNOSF,44293
voyagesavecmatante,44294
Nicolasbriancon,44295
JeSuisLeChat,44296
lamoda,44297
store,44298
WORDHARD,44299
FUCKHARD,44300
GEOGRAPHY,44301
DVD,44302
Merité,44303
RallyeMonteCarlo,44304
shakedown,44305
Cergy,44306
totomartial,44307
JeSuisDinde,44308
achevermoi,44309
Tasdisparucommedubsmash,44310
indigniténationale,44311
Challenge2015,44312
BonRapportQualitéPrix,44313
BudgetQuandTuNousTiens,44314
Merciiiii,44315
CharlotteDipanda,44316
ElleNeLaPasVoulue,44317
EverywhereWeGo,44318
BordeauxBlades,44319
TAsDisparuCommeDubsmash,44320
morano,44321
organigramme,44322
NewChallenge,44323
Tcherniakov,44324
RedRev2015,44325
drague,44326
Trauernacht,44327
KatieMitchell,44328
Arduino,44329
5Sosfam,44330
AllWhite,44331
PauseRévisions,44332
TOUASSE,44333
Carbure,44334
SomeoneLovesTheKikooLol,44335
GrosSalaud,44336
topmodel,44337
rtl9,44338
amourgloireetbeaute,44339
BabyMaguireIsComing,44340
JML,44341
MissU,44342
BarbecU,44343
Melanie,44344
Benji,44345
DiktaturSocialiss,44346
cultureofcolor,44347
nailbar,44348
instantpourmoi,44349
stylist,44350
opi,44351
ALLEZLESVERTS,44352
X3M,44353
X4M,44354
Onnn,44355
NuitdelaVoix,44356
Chatelet,44357
Shiste,44358
arduino,44359
SugarscapeAskGrace,44360
CAFÉ,44361
tfcasse,44362
Rentree,44363
Antenne,44364
vasybaba,44365
vasypapa,44366
vasibaba,44367
VasiBaba,44368
VasYBaba,44369
Vasybaba,44370
MAV,44371
Sall,44372
Spatial,44373
Rencontre,44374
elevatortourparis,44375
IRL,44376
PMGBZH,44377
ElleAPerduLaTete,44378
LaGrandeAventureLEGO,44379
Enrhumé,44380
casdésespéré,44381
natural,44382
ÇaVientDeLyon,44383
amitiéencarton,44384
screensituveux,44385
VasyBaba,44386
Hamburger,44387
5SOSFF,44388
Fnaim,44389
Gallavich,44390
allezbaba,44391
hammam,44392
guillotine,44393
Beaugosse,44394
redboules,44395
5hin2015,44396
uipm,44397
TiensLeCoup,44398
IphoneAddict,44399
JeSuisSandy,44400
stan,44401
5ghjlkfjk,44402
Touscequejaime,44403
SlagTanz,44404
smxcity,44405
Wikipédia,44406
geniebio,44407
Dofus,44408
Up200,44409
Hem,44410
LesAssistes,44411
PSGGDB,44412
HappyBirthdayDavid,44413
ensal,44414
editionsCP,44415
BlancheNeige,44416
raté,44417
Vrai,44418
imitationgame,44419
RendezVousAAtlit,44420
أعترف_أني_أموت_حبا_فيكي,44421
InfoTraffic,44422
bestmovie,44423
ever,44424
OlympeTourOrnans,44425
OlympeTourCabourg,44426
HugDay2015,44427
ن_ج_و_ى,44428
AnnaKova,44429
Avis,44430
TerryVsSterling,44431
ParisinLive,44432
CineTime,44433
IannisRoder,44434
surgta,44435
SergeRigvava,44436
flashdance,44437
PatheWepler,44438
unemerveilleusehistoiredutemps,44439
VoeuxGarnier,44440
SuisMoi,44441
LaLoiDuFric,44442
newfragrance,44443
florabellio,44444
diptyque,44445
beau,44446
ricardodossantos,44447
Cirque,44448
bisphenol,44449
SuleymanSah,44450
stsorlin69,44451
Équsaglice,44452
RyanBenzetti,44453
mytf1,44454
flemard,44455
ALSH,44456
VacanceFevrier,44457
vivrensemble,44458
Gradolfact,44459
QuestCeQuonSeMarre,44460
GABCON,44461
TristeEpoque,44462
baniere,44463
Sarkosy,44464
CestUnSigne,44465
teamkayef,44466
tzonarmy,44467
rlntour,44468
ProfessionsReglementees,44469
Radar,44470
LàBas,44471
Hugfree,44472
AlsacezToi,44473
OuVaLeFootballFrançais,44474
PSGBOR,44475
teamseptembre,44476
scorev,44477
Mokthar,44478
JTFR2,44479
CamilleLou,44480
OlympeTourNice,44481
LesMarocainsContrôlentLaZone,44482
ZedelClan,44483
BourseAuMérite,44484
ToursFcAssse,44485
ToursFcAsse,44486
PaulBismuth,44487
lens,44488
euroleaguewomen,44489
ak15,44490
journeeinternationaleducalin,44491
teamyeuxverts,44492
LesJoliesColoniesDeVacances,44493
servirlasoupe,44494
Fiat,44495
Chrysler,44496
LesFasse,44497
JeSuisToutChose,44498
parcdesprinces,44499
pugadas,44500
TAKEN3,44501
RogerFederer,44502
RF,44503
Mollo2016,44504
PLFRR,44505
ellecomprendra,44506
planèteX,44507
espace,44508
waltervanbeirendock,44509
toursfc,44510
golfgte,44511
NightCarLights,44512
Skycraper,44513
GrandBelekAlocaloca,44514
CollectionPrintemps,44515
Modelephoto,44516
sentou,44517
deco,44518
amigny,44519
MATERRAZZA,44520
MARTINI,44521
weedtweet,44522
ToursAsse,44523
Pasvumoncheri,44524
Ucanttouchthis,44525
Adnane,44526
FCTASSE,44527
CDF16es,44528
Jungle,44529
Parisinlive,44530
ZeratorIsBack,44531
papy,44532
ParisInLive,44533
JUNGLE,44534
pathetique,44535
EJP,44536
JaiFroid,44537
winterwonderland,44538
3615MYLIFE,44539
16ème,44540
ParcdesPrinces,44541
échauffement,44542
PriseDeTête,44543
nanteslalternance,44544
voeuxgarnier,44545
GlastonburyPlease,44546
KylieMonHob,44547
ElleEstPlutotNabilla,44548
TeamBahebeck,44549
JCB15,44550
MKConfession,44551
NTAs,44552
veuveClicquot,44553
VCAwards,44554
F2,44555
traite,44556
adidassuperstar,44557
superstar80sdlx,44558
onmyeames,44559
eameschair,44560
dsw,44561
tomado,44562
byredo,44563
TeamR,44564
OnNousCacheDesChoses,44565
TOURSASSE,44566
antiPSG,44567
4fillesetunjean2,44568
chicagopolicedepartment,44569
SeriePoliciere,44570
casting,44571
SebastienDurand,44572
INFINITYcory,44573
INTSAM,44574
CoupeDItalie,44575
MichaelMyers,44576
UNSS,44577
siseulement,44578
SallyPY,44579
MissUniverso2015,44580
Monarchiste,44581
NIE,44582
Mdc,44583
ForzaGrenoble,44584
PhilCollins,44585
TasDisparuCommeDubsmash,44586
PourquoiTuMappellesPas,44587
AlguienQueNoSoy,44588
AlguienComoTu,44589
BetaCoqueta,44590
TrilogiaMiEleccion,44591
AguienComoTu,44592
pornositos,44593
JeNAvoieraiPasQueJAiFaitUneConnerie,44594
30dayflatabs,44595
ShowerTimes,44596
EnQueteDactualité,44597
GDxTaeyang,44598
SuperSarko,44599
ReussitedEntreprise,44600
generationsephora,44601
LeFouDuRoy,44602
Droite,44603
accroc,44604
youbros,44605
DCFParis,44606
slytherinforlife,44607
cblive,44608
TeamAnneLaureAllConcours,44609
EuroLeagueWomen,44610
stopsexisme2015,44611
konan,44612
braderie,44613
trezeguet,44614
Trezegol,44615
PSGFCG,44616
cavani,44617
vieillechanson,44618
LastMinut,44619
Verticalité,44620
scottishterrier,44621
Panenka,44622
Les,44623
PasdeBacblanc,44624
continuecommecaricky,44625
Surréaliste,44626
Mache,44627
MKCONFESSION,44628
rillettesbordeauchannelle,44629
DeTouteFaçonJaiPasMesChances,44630
unchainedmelody,44631
architendu,44632
vilget,44633
durability,44634
onséclate,44635
séancedekiné,44636
grimace,44637
monpetitloulou,44638
pasenvidetravailler,44639
onestbeau,44640
elevatorworldtour,44641
MOLLO,44642
ParisInlive,44643
Mkconfession,44644
aprem,44645
sarlat,44646
avignon,44647
AdamsiennesVeuxUnFollowDeKevAdams,44648
assetfc,44649
Expertise,44650
8EME,44651
askfewen,44652
myaperobordeaux,44653
EBD2015,44654
InterSampdoria,44655
PARBOR,44656
bekele,44657
DubaiMarathon,44658
Newstraders,44659
ViveLaGauche,44660
Lenomdesgens,44661
NEGO15,44662
pèteslesplombs,44663
offstyles,44664
offgrande,44665
palaisroyal,44666
94poto,44667
sicurezza,44668
SaveInTheFlesh,44669
Humiliation,44670
NRJLovesToursFc,44671
PSGBDX,44672
LaPataterie,44673
JeuxDeMot,44674
Icardi,44675
ijokemylove,44676
InterSamp,44677
lenomdesgens,44678
StapsFamily,44679
moipascomprendre,44680
LesConseilsDeCamille,44681
JourDeLhanw,44682
bambou,44683
FromNantes,44684
reseaux,44685
methode,44686
GenialDeja,44687
Samplais,44688
BienFlex,44689
Affranchie,44690
EatYourPlacenta,44691
unemerveille,44692
RemplaceUnMotParBiteDansUnFilm,44693
RemplaceLeMotBiteParUnTitreDeFilm,44694
instastyle,44695
MonTerritoire,44696
Taschen,44697
miskinetacrumaigriravecunmacdo,44698
SaMplais,44699
jtmmmm,44700
Maestro,44701
allezlom,44702
EnquetesCriminelles,44703
VCIL,44704
DiablesRougesDuCongo,44705
ViscaBarça,44706
LiarArnab,44707
bamboo,44708
Gabonais,44709
depuistescollecommeValentin,44710
OGFunTime,44711
Chauvin,44712
hypocrites,44713
dsk,44714
BlaguePourri,44715
SansPressions,44716
ASMonaco,44717
Madalena,44718
Castel2014,44719
buspalladium,44720
virginradio,44721
suits,44722
museedumans,44723
phdeChampaigne,44724
jansénisme,44725
StopYuLin2015,44726
LOUD,44727
tubes,44728
OnSeFolowEntreCongolais,44729
Congo242,44730
newbannière,44731
TeamFreeHugs,44732
AllezBordeaux,44733
RevengeHugs,44734
Aimily,44735
DEmily,44736
demenagement,44737
PinkFloyd,44738
FiftyShadesRSVP,44739
FCGBP,44740
OnBaiseLePsg,44741
chateauperdu,44742
acoustic,44743
les3baudets,44744
juliendavid,44745
MamaShelter,44746
toutenpensantàlui,44747
ToursVsSaint,44748
LeConquet,44749
hugJoe,44750
SiTuVoisCeQueJeVeuxDire,44751
BlaguedeES,44752
imperial,44753
JesusEtxezarraga,44754
etb,44755
Eskarrikasko,44756
PoyrazKarayel,44757
Senikorumakicin,44758
BRAGAPORTO,44759
TVI,44760
GemmaBovery,44761
wwat,44762
ShootingPeople,44763
DansLaMaison,44764
Bleumarine,44765
LhommeAuBobarrive,44766
LhommeAuBobIlArriveBientot,44767
TeamMSN,44768
LaLocalisationEnVoiture,44769
ArchitectureInParis,44770
FrankGehry,44771
lesAnges7,44772
MichaelJackson,44773
Swagg,44774
Shady,44775
dablife,44776
TeamLavezzi,44777
VillaPaloma,44778
abrutidemeuf,44779
BLEUMARINE,44780
JeSuisMiguel,44781
MissUniversoLatina,44782
Tue,44783
Merica,44784
Déby,44785
TuNousAsManquéCeSoir,44786
jeneleconnaispas,44787
BRAPOR,44788
MM,44789
Chemise,44790
Noir,44791
Achat,44792
investigation,44793
solide,44794
Stan,44795
Bidilounet,44796
Bichon,44797
Chien,44798
ChezFiona,44799
Instadog,44800
stopleforçage2k15,44801
BleuMarinen,44802
SoPi,44803
FORZAINTER,44804
Ranma,44805
kisskiss,44806
lovelove,44807
MakeYourChoice,44808
retourduphaccochere,44809
mouchoirkleenex,44810
wordnuvola,44811
NTA,44812
Evandro,44813
Aveclecopains,44814
Uneheuredetranquilité,44815
Instaciné,44816
Tillois,44817
AF1,44818
Posé,44819
coucouleretour,44820
Psgfcgb,44821
PARISESTMAGIQUE,44822
ShutsItDown,44823
RespectAuxAnciens,44824
MilPattes,44825
maraudes,44826
ChoiffeurTime,44827
Oncoupetout,44828
AuTempledeSasha,44829
Josette,44830
Coiffeuse,44831
Perso,44832
Haha,44833
Camara,44834
taclepropre,44835
sixfeetunder,44836
Préparation,44837
Poupée,44838
Lesfemmesdemavie,44839
Lassac,44840
simulation,44841
pepite,44842
MaGrosse,44843
GrosChoue,44844
MaCanne,44845
7ans,44846
MuséeDesConfluences,44847
Soni,44848
CoupeduMonde,44849
France98,44850
CrossOver,44851
JosefEnForce,44852
plongee,44853
Groenland,44854
LaPlumeBlanche,44855
Simulation,44856
SertARien,44857
Nawak,44858
orangepressée,44859
sparkle,44860
MesChéries,44861
USAD,44862
USAT,44863
Unsoiralalphedhuez,44864
campusfrance,44865
francealumni,44866
AhouiouiAhouioui,44867
unsoiralalpdhuez,44868
Mbaye,44869
allezBordeaux,44870
Nidieunimaitre,44871
USAH,44872
paris2015,44873
THFC,44874
MaPoupée,44875
QuiDécouvre,44876
SonCadeau,44877
MiniCooperS,44878
Jetaimefort,44879
jemeeouleparterre,44880
EasyLife,44881
Clashdeladrague,44882
Instabeauté,44883
Coiffure,44884
MaJosette,44885
regression,44886
Miskine,44887
Ambiancement,44888
cashconverters,44889
PitresenOr,44890
psgfcgb,44891
sexmachine,44892
pixel,44893
Formation,44894
AntiFeu,44895
Unpeubleu,44896
DanseMo,44897
ConcarneauChampion,44898
lescatacombes,44899
catacumbas,44900
turista,44901
offCommeUnMenuBestOffSansLeMenuBest,44902
autoentrepreneur,44903
DouysiDouy,44904
metronomy,44905
snake,44906
GrandEchiquier,44907
TeamLaBouffeMaMeilleureAmie,44908
BleuMarine,44909
ReveDeGone,44910
TeamHlel,44911
NuitSansFolie,44912
saucée,44913
Stanimal,44914
StanTheMan,44915
communications,44916
encoreettoujours,44917
NDLV2015,44918
ABARTH,44919
VROUMMMMMMM,44920
coeeeeur,44921
RadioAlfa,44922
TweetTonSnap,44923
Colossal,44924
Warnerbros,44925
HoloLens,44926
NeRecommencezPlusJamais,44927
MicrosoftFanForEver,44928
BRO,44929
FAMILIA,44930
MEILLEURZRAB,44931
Rouge,44932
déséquilibrés,44933
BrooklynNineNine,44934
SueleSuceder,44935
pauline,44936
BZH,44937
retourenenfance,44938
StopYuLinFest,44939
NuitBonne,44940
jsaispasquelagejavais,44941
dirtyprout,44942
shittydancing,44943
alesso,44944
imissyou,44945
WANTYOU,44946
Fodesse,44947
Thanos,44948
Sramquivaup200,44949
BrefTropDHashTag,44950
LevelDown,44951
élections,44952
Referendum,44953
forfaiture,44954
call,44955
doitdorthevine,44956
soldat,44957
noir,44958
jouet,44959
toy,44960
TeamBisounours,44961
aller,44962
lesgorilles,44963
ASSAS,44964
insteadofworking,44965
WomanCrushEveryday,44966
TezmBarca,44967
AmbianceAmbiance,44968
Joptimisme,44969
FoutueCorrection,44970
CTEFan,44971
Tristitude,44972
JoeyStarr,44973
Pire,44974
TuMeDegoutes,44975
OnTheRoof,44976
ForgetOurNames,44977
TuMeDevoies,44978
roma,44979
iloveroma,44980
clavier,44981
vieaparis,44982
SKINstead,44983
E1soir,44984
podcast,44985
PrayForRDC,44986
chibanis,44987
Damn,44988
Myqa,44989
dan,44990
tren,44991
lineas,44992
Skinstead,44993
Saloperie,44994
stronza,44995
operation,44996
commando,44997
ByMe,44998
TeamAntiFicello,44999
JeudiCharlieHebdo,45000
VraisIslam,45001
Conneries,45002
defendparis,45003
sanspremeditation,45004
Honore,45005
ElleMemeEstEnPleure,45006
quejusticesoitfaite,45007
Wearecharlie,45008
TEDTalks,45009
0h05,45010
wolinskikiki,45011
PasDeMot,45012
gaucher,45013
couvee,45014
jevaispasdormirdelanuit,45015
我是查理,45016
言论自由,45017
Cabus,45018
OrNot,45019
Indignée,45020
TresElegantJeSais,45021
7morts11blessés,45022
MarinePrésidente,45023
Operationdepolice,45024
LesVoisins,45025
bestieverhad,45026
IlsNousAuronsPas,45027
Banksy,45028
DoNotForget,45029
FrenchLesson,45030
WeAreCharly,45031
UneCertaineHaine,45032
AVous,45033
RemakeMERAH,45034
teamoniñaguapa,45035
TeamBestFriend,45036
dEXpression,45037
IslamCoupable,45038
thanksworldfromfrance,45039
Snatch,45040
AllahUkbar,45041
SaintMichelle,45042
lulu,45043
mmeMercier,45044
drag,45045
dragqueen,45046
claqué,45047
dmfini,45048
journéchelou,45049
PADAMALGAME,45050
macgyver,45051
LeMelon,45052
IMAwaEncyclopedie,45053
placedelamairie,45054
NONauxamalgames,45055
JesuisMouradHamyd,45056
Debout5H15,45057
RetourÀKosovo,45058
nyt,45059
onvousoublirajamais,45060
oliviergalzi,45061
HomeSick,45062
NousSommesTousDesCharlieberté,45063
Amhed,45064
OnTourneEnRond,45065
laFrance,45066
JeSuisToutesLesVictimesDeCharlie,45067
Chalghoumi,45068
fightforfreedom,45069
standup4humanity,45070
Unes,45071
Peguy,45072
PencilAndPenMovement,45073
MalElevee,45074
Colette,45075
reinformation,45076
HumourJusquAuBout,45077
merah,45078
tuescharlie,45079
NeRienLacher,45080
frisson,45081
Jesuismononclecharlie,45082
JeSuislArmeeCamerounaise,45083
8h,45084
ElleMaAchever,45085
IlYAPlusDeRespect,45086
hyppopotamus,45087
Charleville,45088
trahison,45089
sketch,45090
QuelEstLeFuck,45091
Vod,45092
ff6,45093
RPG,45094
JeSuisBalkany,45095
tristesseinfinie,45096
JesuisMaraeillais,45097
votes,45098
syrie,45099
NBC,45100
applewatch,45101
JeSuis92i,45102
YasminaKhadra,45103
JeSuisCharlieEtLaChocolaterie,45104
RiezSvp,45105
JaiPerduMaCarteDidentité,45106
ShmigoGang,45107
FemmeAuGrandCoeur,45108
charp,45109
StaySafe,45110
Basket77,45111
LeMéeNation,45112
ImadGenkidama,45113
KakashiNinjaCopieur,45114
JutsuDeNinjaSosthène,45115
FakaSouvenir,45116
JournalistesLibres,45117
dumbass,45118
problème,45119
onestprispourdescons,45120
ViveCharlie,45121
JourFuneste,45122
EnColere,45123
Choquee,45124
Unfollow,45125
CharlevilleMezieres,45126
nbcnews,45127
jewels,45128
JesusChristKid,45129
FaussePiste,45130
JuiJoUnPeu,45131
hepimizCharlieyiz,45132
ViveLesGays,45133
troublant,45134
BeleckAVous,45135
breakingnews,45136
arretezpas,45137
NeverAgain,45138
libertée,45139
egypt,45140
venusdemilo,45141
CharlevilleMézières,45142
GenerationBandana,45143
LaFranceCestKhenné,45144
yaas,45145
JeSuisMamadou,45146
JeSuisMoussa,45147
JeSuisMemeSouleymane,45148
RIPAuxVictimes,45149
Moundir,45150
pointdictionnaire,45151
decalagehoraire,45152
OffMalik,45153
bouffon,45154
mynameskatherine,45155
livinginparis,45156
jedessinepourcharlie,45157
ContinuonsDeDessiner,45158
PapaFrancesco,45159
Beacon,45160
LiberteDeExpression,45161
banksy,45162
Bresom,45163
JeSuisToutLesAutre,45164
Bansky,45165
PlayList,45166
Nepasconfondremusulmansetterroristes,45167
çavapéter,45168
nepasconfondremusulmansetterroristes,45169
soutiensàlapolicenationale,45170
Brooklyn,45171
BrooklynDrinks,45172
vuduQuébec,45173
MauvaisLeEnne,45174
MGLKM,45175
Tonton,45176
FreeExpression,45177
BoycottIsrael,45178
citoyens,45179
Chariehebdo,45180
ExtremistsAreTakingOver,45181
SecheSombre,45182
AlimentationDeLapin,45183
Kiwi,45184
JsuisChretienJrigole,45185
EatLikeUnicefChildren,45186
Poupi,45187
J2,45188
PeoplesChoice,45189
OutlanderPCA,45190
MouradHamyd,45191
nojoke,45192
cequitetuespasterendsplusfort,45193
antiislam,45194
Zook,45195
Dessiner,45196
BravoPhila,45197
NBARapidReplay,45198
PhilaLife,45199
shitselfie,45200
tousdescharlie,45201
TweetCommePhiladelphe,45202
SaidKouachi,45203
toiAussiEssayeDetreRomantique,45204
BurgerKingLille,45205
AppelaTemoins,45206
Mylife,45207
ALaPoursuiteDuBonheur,45208
JeSuisCirconcis,45209
PremiumFamilia,45210
EmpirePremiere,45211
VernonSubutex,45212
Terrifiée,45213
RIPAhmedMerabet,45214
JsuisPasDrole,45215
ManqueDeSomeil,45216
pasdezouk,45217
pasdesonfragile,45218
pasdesondamour,45219
LUCIDE,45220
Satyre,45221
publictransportmystery,45222
TimeToWakeUp,45223
stopyournot1d,45224
GoWarriors,45225
PointGod,45226
apoyomundial,45227
barbaros,45228
ChatlieHebdo,45229
Scientology,45230
TheRefIectionTour,45231
REFLECTIONTOUR,45232
Champagnole,45233
DontForgetThem,45234
bonjourtristesse,45235
ToujoursLaNausée,45236
bárbaros,45237
NoAlFanatismoReligioso,45238
MetinGoektepe,45239
Prayforparis,45240
MetinGöktepe,45241
ViveLaSNCF,45242
BVBArmyFamily,45243
blackveilbrides,45244
andybvb,45245
JUVISY,45246
rerD,45247
PanthèreRose,45248
odetta,45249
jamesbaldwin,45250
hilton,45251
Interactive,45252
poormuslims,45253
fakemuslims,45254
ChoquéÀvie,45255
Déterminée,45256
cherieFM,45257
docmartens,45258
effrayee,45259
boulognebillancourt,45260
PeopleChoiceAwards,45261
OnEstFort,45262
AmiensRouenCDF,45263
LaFranceDeboutDansLaDouleur,45264
JedisrienMaisJ,45265
JesuisMyriam,45266
ProphetMohammed,45267
autocensure,45268
liens,45269
JourDeDeuil,45270
MobilisationPourCharlie,45271
calin,45272
coeurcoeur,45273
mercidetrevous,45274
mercidesentirbon,45275
4YearsSoon,45276
backtoreality,45277
theNewYorker,45278
blackdays,45279
Ouestlaliberte,45280
RendonsHommage,45281
NoirDesir,45282
Baillargues,45283
Maradona,45284
PEGE,45285
ThanksHarry,45286
onestousdesCharlie,45287
Toujoursuncrayonsursoi,45288
ploemeur,45289
JesuisPolicier,45290
damour,45291
Jaulin,45292
GoingMorning,45293
Chialer,45294
CameronDallasForCalvinKlein,45295
teub,45296
trestresswag,45297
kiosques,45298
matintriste,45299
ChristianColin,45300
Heritage,45301
LongueDistillation,45302
Bartolone,45303
meilleurréveil,45304
jeveuxçattlesjours,45305
InsultezMoi,45306
Roissy,45307
HumourThérapie,45308
Placed,45309
envieDeVomir,45310
Pensees,45311
JeSuisMakhan,45312
CharleiHebdo,45313
paris15,45314
collabos,45315
MerciManu,45316
snitch,45317
Pantheon,45318
TiAmo,45319
07Jan,45320
7Jan,45321
JeanJauresIzi,45322
LaOuJePasseIlSePasseQuelqueChose,45323
malakoff,45324
Chatillon,45325
horreurHumaine,45326
Iphone5C,45327
5C,45328
TeamRéveilChérie,45329
Newspapers,45330
saintdizier,45331
vertbois,45332
chatillon,45333
ambulance,45334
salmanRushdie,45335
ligne4,45336
meuftropbelle,45337
magueule,45338
Fifa2001,45339
TalkToTheKids,45340
jsc,45341
LaProvence,45342
JeViensDuSud,45343
tristejournee,45344
tristetemps,45345
VilledeNancy,45346
mondeBisounours,45347
Tabarly,45348
werenotafraid,45349
JeSuisChawlie,45350
automatic,45351
gunfire,45352
lenfermementcestpaspourmoi,45353
jeveuxmescopines,45354
ChâtillonMontrouge,45355
Combattonsleterrorismepaslislam,45356
Deuilnational,45357
marchedenoel,45358
ChateauBisquit,45359
Welcome,45360
Hall,45361
Meeting,45362
NPD,45363
nebaissonspaslesbras,45364
LastT,45365
immortel,45366
LeDébutDeLaFin,45367
fautarreterdeouf,45368
جاكلينيات,45369
wallporn,45370
Mortsde,45371
JeSuisMoraï,45372
ISLAMISTE,45373
Excédé,45374
ARC,45375
tesconouquoi,45376
CharlieHebdoContinuera,45377
IlEstUnVianney,45378
Angoissée,45379
Panne,45380
plebgate,45381
StopYouAreNot1D,45382
1DForEver,45383
Paris3eme,45384
1MillionForRanveer,45385
MouginsVillage,45386
buvez,45387
whitebydollon,45388
reelle,45389
depit,45390
Coutances,45391
Pilates,45392
ClientEnOtage,45393
Villefranche,45394
WANTED,45395
eipsi,45396
Châtillon,45397
lacantinenantes,45398
sweetlove,45399
grumpy,45400
grincheux,45401
Lomongo,45402
Mongo,45403
Kikongo,45404
LaFerteBernard,45405
Villefrance,45406
PaixALeurAmes,45407
cbolasolidarité,45408
MalouCheminote,45409
ThionvilleEstCharlie,45410
FusilladeMôntrouge,45411
FranceMourns,45412
Rosières,45413
chrisevans,45414
LyceePabloPicasso,45415
LyceeAntoineDeStExypery,45416
عاجل,45417
ابتسام_نورتي_المغرب,45418
ParisEst,45419
FaitesPasser,45420
L1com,45421
LyceeStMarc,45422
MouradHamy,45423
henrimeck,45424
sociopo,45425
argentino,45426
WirSindAlleCharlie,45427
Proximite,45428
NouLéCharlie,45429
Consternée,45430
wirsindcharlie,45431
lyceesoutient,45432
ElsaCayat,45433
PaulSab,45434
lafrancepleure,45435
ToulouseEnDeuil,45436
Jesuischarlieaushumann,45437
NousSommesLaFranceDebout,45438
Gauland,45439
villedelimoges,45440
thuillat,45441
DestinationAmerica,45442
DestinationIMPACT,45443
revolutionoflove,45444
rebelhearts,45445
Arkema,45446
colombes,45447
armés,45448
Favoritisme,45449
Mascarade,45450
l2rt,45451
pitiesalpetriere,45452
Miles,45453
takliiiiit,45454
LycéeGeorgeSand,45455
LeDorat,45456
Aubervilliers,45457
JeNeSuisPasMarine,45458
danjoutin,45459
NousSommesFlics,45460
Setram,45461
InfoComEstCharlie,45462
chelou,45463
JeSuisMusulmanEtJeSuisCharlie,45464
LibertédelaPresse,45465
tristepays,45466
NousDevonsTousEtreCharlie,45467
stapsolidaire,45468
LifeGoesOn,45469
JeSuusCharlie,45470
BestfriendLines101,45471
tristejour,45472
CREPS,45473
DontWriteTweetTo12amAt1201,45474
Policière,45475
CondoGang,45476
AahMeditéRéellement,45477
PuritanismLives,45478
BadDay,45479
iamcharlie,45480
Gare,45481
Euskara,45482
Occitan,45483
whenbabyneedsacookie,45484
ISEG,45485
tragedy,45486
barbari,45487
TouquetParisPlage,45488
PersonneAgenoux,45489
OnVaVraimentRentrerChezNous,45490
platetectonics,45491
wordsworth,45492
NPQ,45493
Soutienpolice,45494
Outlanders,45495
ambush,45496
fans,45497
inconnus,45498
charognard,45499
tweetsilence,45500
mortpourlalibertédExpression,45501
RassemblementNational,45502
LALvsLAC,45503
suspects,45504
bouclage,45505
MerciLeColléguesDelOpera,45506
UneBougiePourCharlie,45507
parissorbonne,45508
JeSuisAbonneACharlie,45509
Oyonnax,45510
DesLaMatin,45511
MaineetLoire,45512
bony,45513
Lavoisier,45514
DroitDeBlasphémer,45515
NoTweets,45516
CraquageActuRevisions,45517
SchoolsRegs1899,45518
Ballade,45519
TropDeMot,45520
SciencePo,45521
UneCorde,45522
UnMinistèreDeLaFraternité,45523
InfoMatin,45524
quaideloire,45525
0cerveau,45526
abdotime,45527
FreedomNeverSleeps,45528
lepyjamasdeNoëlbyEtam,45529
lareinedesneiges,45530
VivreEn2015,45531
LyceeLaetitiaBonaparte,45532
maif,45533
ParisSud,45534
Wordsworth,45535
ppa,45536
PaulSabatier,45537
mariokart7,45538
ParisDiderot,45539
2emeFusillade,45540
Périgueux,45541
Vidberg,45542
Mines,45543
MontpellierMéditerranéemétropole,45544
BonneRetraite,45545
BangBangDansVosShneckzere,45546
TiensLeCoupDoumams,45547
OnEstAvecToi,45548
DansUneSemaineToutLeMondeAuraOublié,45549
MNCP,45550
OrmessonIsMyGod,45551
Cooper,45552
HommageAVOus,45553
doesntmakesense,45554
Libertè,45555
Airport,45556
samedijesaisplusmonprenom,45557
ndf,45558
LCG,45559
Twittersilence,45560
FusilladeMontrouge,45561
rmsnews,45562
AXA,45563
Ladefense,45564
etudiantInfirmier,45565
EtudiantsEnSanté,45566
JeSuisUnFlic,45567
MaisAussiDansLaMerde,45568
AEL,45569
recueil,45570
1minutedesilence,45571
utbm,45572
SETCa,45573
MairiedeVillejuif,45574
Villejuif,45575
cycleprépa,45576
manip,45577
Suzy,45578
cridonlyon,45579
victorhugo,45580
UneMinuteDeSilence,45581
khalidalbaih,45582
RosnyZoo,45583
cafet,45584
JPPernaud,45585
montbeliard,45586
TenonsBon,45587
HautsPavés,45588
dayofmourning,45589
jourdedeuil,45590
EFAP,45591
Viacom,45592
BordeauxMairie,45593
ERDF,45594
Allianz,45595
UPEM,45596
dsp,45597
inseec,45598
BNF,45599
thefeels,45600
espe,45601
Inria_grenoble,45602
PourNePasOublier,45603
SAROUMANEENCULÉ,45604
LaTrahisonLuiVaSIBien,45605
findingcrumbsfordays,45606
wifematerial,45607
EcoleCentraleParis,45608
ChatenayMalabry,45609
hommages,45610
lesFreresKouachi,45611
CAFOC,45612
toujoursdanslesmauvaismoments,45613
schweigeminute,45614
Montoire,45615
Letspix,45616
AIXIEP,45617
ConseilGenéral,45618
democracytalks,45619
TousUnisContreLaBetiseHumaine,45620
JesuisMusulman,45621
Brochon,45622
ConseilGénéral,45623
IziBiff,45624
epernay,45625
le2cpourcharlie,45626
planete,45627
Rivalta,45628
SYTRAL,45629
elior,45630
minable,45631
affiche,45632
lycéeCamilleClaudel,45633
EmStrasbourg,45634
MSDFrance,45635
ISMaPP,45636
lepoint,45637
Arcueil,45638
JournéeNationaleDeDeuil,45639
twittosphère,45640
GChertok,45641
Boyer,45642
NousSommesChalie,45643
paslemoral,45644
OLYzeure,45645
SansCommentaire,45646
Schuman,45647
13h,45648
jeanpierrepernault,45649
7janvierjournéedelalibertéedexpression,45650
HommageAuLyceePourCharlie,45651
MadWorld,45652
الملكه_ابتسام_حبيبه_السعوديه,45653
Seynod,45654
ParisDauphine,45655
noussommescharlie365,45656
tresfort,45657
Détraqués,45658
stopauterrorisme,45659
LeLyceeLaSourceEstCharlie,45660
EN3S,45661
minuteDeSilence,45662
societegenerale,45663
hoes,45664
aint,45665
loyal,45666
FakeConcours,45667
Dableni,45668
Bissap,45669
AKani,45670
ENSEMBLE,45671
villeurbanne,45672
ELUARD,45673
NotreDamedeParis,45674
في_فرنسا,45675
Sidérant,45676
Hôpital,45677
glas,45678
hoteldieu,45679
Normalement,45680
Lyceens,45681
Journaleux,45682
thankstheworldfromFrance,45683
Scor,45684
minutesdesilence,45685
NiameTraoreBientotBientotKognoMousso,45686
allenamento,45687
oncraintdegun,45688
RIPPauline,45689
TataSendouuuuu,45690
Laxisme,45691
complaisance,45692
Kanystevens,45693
Sokho,45694
lyceebrequigny,45695
NFTO,45696
lyon3,45697
wig,45698
lenses,45699
Friends4ever,45700
tragédie,45701
TweetdeDescolarisé,45702
FuckLetat,45703
PrionsPourLaFrance,45704
Defense,45705
Rozay,45706
Progrès,45707
MinutesdeSilence,45708
stronger,45709
brive,45710
gris,45711
jtTF1,45712
GyroPode,45713
JeSuisLulu,45714
uderzo,45715
asterix,45716
JeSuisTeddy,45717
MañanaMasYMejor,45718
DefendParis,45719
LaPlumePlusForteQueLEpee,45720
MerciEmilien,45721
Charlie_Hebdo_,45722
SiteDeCreditFut,45723
Giveaway,45724
RTleurTweet,45725
FollowGoldah,45726
Sopranos,45727
Sentadillas,45728
GreenParty,45729
CFP,45730
Parano,45731
EDFLab,45732
jeSuischarlie,45733
11h55,45734
prismamedia,45735
libertetoutcour,45736
Penné,45737
Kir,45738
TeamTropIntelligentPourAllerALÉcole,45739
REFLECTION,45740
Goscinny,45741
AtleticoMadridInvaincuContreLeReal,45742
JsuisAuBout,45743
NousSommesAhmed,45744
JeSuisSonnée,45745
LibertéDExpresion,45746
NDOKO,45747
cantinenantes,45748
MiaSanMia,45749
Valleraugue,45750
Mafia3,45751
IamWaiting,45752
Darling,45753
merciEmilien,45754
ParisEnLarmes,45755
CommeauLycée,45756
LesArabes,45757
DCRI,45758
LEVALLOIS,45759
alors,45760
IDontWannaLeaveYet,45761
helloonvousfaitpeur,45762
fenetre,45763
compation,45764
Vivons,45765
CharlieHebdl,45766
saletemps,45767
JesuisCHARLIE,45768
Jesuisfrancais,45769
CELSA,45770
MomentDeBoulard,45771
TodayWeAreAllFrench,45772
MonAmourDeFilleul,45773
TropDinfoSurLesChainesInfo,45774
arras,45775
JC,45776
anaocagi,45777
educpop,45778
NUL,45779
AffaireCharlie,45780
CaPutLhistoire,45781
NiCharlieNiBarbarre,45782
Braderioc,45783
civilisation,45784
saintbrieuc,45785
Sion,45786
JustToKnow,45787
OnNEstPasDesPigeons,45788
CharlieNormandie,45789
EducationFormationL2,45790
spliff,45791
TêteDansLesEtoiles,45792
OnMangePasDeLaMerde,45793
PolemiquesInutiles,45794
VousMelangezTout,45795
FrenchArtist,45796
ARTIST,45797
VusurlA4,45798
lyceeflaubert,45799
radicalisation,45800
IslamReligion2Paix,45801
JuifsPasAssassins,45802
GunControl,45803
gad,45804
jesuismuslim,45805
normalensti,45806
Eating,45807
Veggies,45808
Rice,45809
Vsco,45810
vivelaliberté,45811
chacal,45812
ÇaSentLaDouile,45813
lronhubbard,45814
videoamatoriale,45815
giornali,45816
LyceeBuffon,45817
motog,45818
ComplotMonCulOuais,45819
AirFranceEstCharlie,45820
LaMontagneEstCharlie,45821
gabriac,45822
extremedroite,45823
DIRIF,45824
ノートルダム,45825
ノートルダム大聖堂,45826
AgirEnsemble,45827
villerscotteret,45828
PendantCeTempsSurSnap,45829
LaListe,45830
FASHIONMIX,45831
Silva,45832
DemainFautAssurer,45833
allolemonde,45834
chaunu,45835
jesuisMEHMETCİK,45836
jesuisTÜRK,45837
LRTb,45838
Tarascon,45839
sentimentetrange,45840
JeSuisHami,45841
rebondissement,45842
referendum,45843
Luiz,45844
LensNancy99,45845
LensMarseilleaveclecoach,45846
LFDLA,45847
grosconnards,45848
LibertéChérie,45849
jesuissolde,45850
DIRECT,45851
TousCharlieCeWeekEndEnL1,45852
NiLunNiLautre,45853
Taureaualacorde,45854
AppartSaQuoiDeNeuf,45855
AppartCharlieZigoinZigoin,45856
GrosCalin,45857
JeSuisPompeleupPasCharlie,45858
pashumain,45859
colterr,45860
VousVousÊyesFaitCharlifié,45861
Mouton,45862
lapin,45863
OffTheWall,45864
WashingtonPost,45865
fermezla,45866
antibaltringue,45867
DayBreak,45868
Huderzo,45869
cunt,45870
SérieDeMaVie,45871
DancingCodes,45872
Tout,45873
PolicierMeme,45874
Cathedral,45875
démarchage,45876
Pézenas,45877
coincidence,45878
thelast,45879
justehorrible,45880
révision,45881
RaconteMaVie,45882
lumières,45883
UnisContreLaTerreur,45884
construire,45885
construction,45886
TuesCharlie,45887
asmgdb,45888
GrandmaRules,45889
Insolite,45890
AchetonsCharlie,45891
aide,45892
JeSuisKeur,45893
TheForgotten,45894
siesteàvie,45895
VaïnuiDeCastelbajac,45896
debiles,45897
IlEstTombéIci,45898
PaixÀSonAme,45899
VillersCotterêts,45900
nrjlimoges,45901
Amediter,45902
Pontivy,45903
Panneau,45904
ZeytiniSeviyorum,45905
TogetherWeCry,45906
SonoNerrazzuro,45907
TeamInter,45908
90sAt9,45909
Goals,45910
draaimolen,45911
InternetEstCharlie,45912
jepaye107eurostoutlesmoispourrien,45913
dégageMarine,45914
Memoire,45915
denakgaraCharlie,45916
alumni,45917
Noussommesjournalistes,45918
NousSommesTousFrancais,45919
внезапно,45920
francelibre,45921
Fiat500,45922
nomola,45923
MotifdUnfollow,45924
saintbrévin,45925
plagedelocéan,45926
OLED,45927
4K,45928
VillersCotterets,45929
BoyfriendGoals,45930
drc,45931
Dauphine,45932
amazeballs,45933
raiseyourpencilforfreedom,45934
OkNo,45935
MugrosaMil,45936
MatiVuelve,45937
SosTabathia,45938
commerçante,45939
QueInjustaEsLaVida,45940
gangduXIXème,45941
PalaisdeTokyo,45942
reprisedubabysitting,45943
ilsmavaientmanques,45944
JeSuisDjerick,45945
elbeuf,45946
metropolenormandierouen,45947
Chantilly,45948
ＦＯＬＬＯＷ,45949
F4F,45950
EnsAD,45951
mecbien,45952
aisne,45953
Coupable,45954
InLiveWeTrust,45955
BlackParisWalks,45956
Shaquiri,45957
Comprendras,45958
Open,45959
Familles,45960
vœux2015,45961
Buryetcharlie,45962
JeSuisUsainBolt,45963
GrandQuevilly,45964
prrrum,45965
Cosculluela,45966
DDH,45967
broceliande,45968
cider,45969
manifjesuischarlie,45970
GLCrendhommageauxvictimes,45971
escroquerie,45972
Hesitations,45973
républicain,45974
ExtremeDroite,45975
LaRocheSurYon,45976
dentsdesagesse,45977
Physio,45978
Anat,45979
Sarreguemines,45980
RankUP,45981
Pen,45982
nonalinvitationdufn,45983
DernièreLigneDroite,45984
pasamoi,45985
montchapet,45986
darcy,45987
hautevienne,45988
noussommestousdescharlies,45989
pasanous,45990
SoiCharlie,45991
SèmTotesCharlie,45992
Capitòli,45993
UltraComplotistes,45994
JeSuisNiCharlieNiCharlo,45995
JeNeSuisPasIslamophobe,45996
Tg2,45997
Slayanna,45998
ArrêtezLes,45999
ÀBonEntendeur,46000
viveCharlieHebdo,46001
ELLEestCharlie,46002
Pc,46003
1D2014Highlights,46004
starość,46005
DMCA,46006
Urheberrecht,46007
parnersincrime,46008
TerPcardie,46009
CarolineJeTaime,46010
MerciiValentin,46011
feelingdisapointed,46012
nomercy,46013
dessousdeverre,46014
JeSuisCharliemais,46015
CharlieNeverDie,46016
revolte,46017
SIDACTION,46018
Pièce,46019
monnaie,46020
capote,46021
dépistage,46022
TaCousineQuiTaime,46023
Celtic,46024
MadyMara,46025
Tropicana,46026
prepaphysique,46027
pasleurplace,46028
bulletin,46029
StarWarsVoice,46030
tousauboutdurouleau,46031
LaRépublique,46032
sanef,46033
jaifaillitmourir,46034
TributeToCharlie,46035
NoWar,46036
trouvezles,46037
SupDePubEstCharlie,46038
pointrevisions,46039
PreFall,46040
jaiperdumaveste,46041
Corcy,46042
MeEncantaElCoco,46043
MeEncantaElChocolate,46044
teamFCB,46045
INTOX,46046
TweetCommeLeProviseur,46047
GayLussac,46048
Tahiti,46049
VigipurateAlerteAntentat,46050
Hessen,46051
presente,46052
FeelsGood,46053
Marko,46054
linecamera,46055
LesJoiesDeLaFac,46056
PasCours,46057
StephCurry,46058
LPPLB,46059
Wtf,46060
jesuistropdrole,46061
annoying,46062
hurt,46063
MoulinsEstCharlie,46064
IslamicState,46065
JaiPasDeMot,46066
EtatIslamiqueFDP,46067
UneBonneRaisonDePleurerSaMèreLaPute,46068
Lyceefabert,46069
Cartoons,46070
DeDam,46071
revisionsrevisionsrevisions,46072
Urgent,46073
Recloses,46074
Averroes,46075
Capuccino,46076
HomeMade,46077
jesuisavecCharlie,46078
ReportersSansFrontières,46079
JeSuisNeutre,46080
tweetlive,46081
LaColombeDansDuPainDMie,46082
AvecUnPeuDMayo,46083
access,46084
bonneblague,46085
JUSTICE,46086
JustinBridou,46087
Drapeau,46088
LightFixture,46089
BellTower,46090
Bell,46091
tower,46092
waterfountains,46093
roundabout,46094
fountains,46095
AussieAussieAussie,46096
Australian,46097
Aussie,46098
TropSexy,46099
Afp,46100
nofiltrer,46101
JesuisBibendum,46102
évent,46103
MMAF,46104
Touchard,46105
libertaddeexpresion,46106
periodismo,46107
OnSeFendLaPoire,46108
shameOnU,46109
BFMaTV,46110
TouslesbriochinssontCharlie,46111
LesHabitantsDeWasselonneSavent,46112
loot,46113
lennnui,46114
lafaiblesse,46115
stjo,46116
chokinnnnngggg,46117
Victoires2015,46118
IUTMobilisé,46119
Depardieu,46120
doucefrance,46121
bacelone,46122
LaGrandeMotte,46123
littlehollidays,46124
gottex,46125
morfale,46126
daleuse,46127
Raw,46128
tbo,46129
Saisies,46130
Grrr,46131
jbbullet,46132
Granville,46133
Margot,46134
LouisDelort,46135
DegageLePen,46136
sauveteurenmer,46137
onEstPlusFortsRéunis,46138
WerderBreme,46139
BSCBerlin,46140
MaxmaxEtSesAmisLesFdpQuiTweet,46141
tes2,46142
tgod,46143
jaimefairelessoldesavecmacopine,46144
SaintBrieuc,46145
PICASSO,46146
ChristKibdelsmärik,46147
CarnotEstCharlie,46148
Fabert,46149
Meudoonais,46150
Play4,46151
parolesdunhommeabout,46152
cestplusilfautsauverwilly,46153
maiswillyviensmoienaide,46154
viensonvalesbuter,46155
lacomera,46156
nok,46157
destinythegame,46158
selfiedanslmourion,46159
Millennials,46160
ToutEstNoir,46161
Papeete,46162
karatekid,46163
attentatmontrouge,46164
NazaCharlieTe,46165
videolan,46166
PalestineVaincra,46167
geniteur,46168
DauphineEstCharlie,46169
Agacé,46170
Cratère,46171
autocars,46172
CNAM,46173
Regardez,46174
onseretrouvera,46175
Abbeville,46176
mornant,46177
LSD,46178
BostonMarathonBombing,46179
Algo,46180
SansCouille,46181
ChretienneEtFière,46182
PetitPermis,46183
Cluedo,46184
LeRaid,46185
Noussommescharlie,46186
DépartPourParis,46187
MalgréMoi,46188
BBMme,46189
LCA,46190
opération,46191
MaisOuVaCeMonde,46192
800m,46193
beziers,46194
doctors20,46195
Betteravier,46196
LAFAQDEYOANN,46197
MatraquageFiscal,46198
Callof,46199
hinhin,46200
excusequejesorsdepuisleCP,46201
AntiFHaine,46202
FCS15,46203
NeStigmatisonsPas,46204
JusteUneMinorité,46205
recherche,46206
SocuCharlie,46207
hardtraining,46208
xlsior,46209
mkn,46210
gymqueen,46211
Pauvrefille,46212
Foggy,46213
TuP,46214
LDP,46215
LDE,46216
facha,46217
narciso,46218
S02E09,46219
RunningTime,46220
MontdeMarsan,46221
AlgerianGotPower,46222
harbor,46223
strage,46224
veille,46225
Museums,46226
musees,46227
notice,46228
tourism,46229
DarylDixon,46230
silenthill,46231
terrorismhasnoreligion,46232
véridique,46233
cheznous,46234
team241,46235
PSM,46236
OISE,46237
lyceénsdechartres,46238
ASOT600BEI,46239
TeamVirésDeBascan,46240
MaisQueFaitLaPolice,46241
tweetoff,46242
team2guerre,46243
Françaisdabord,46244
Châteaubriant,46245
Calme,46246
leterrorismenenousmuselerapas,46247
cosmopolitan,46248
paixetamour,46249
JeSuisQuiOuQuoi,46250
Decorative,46251
creil,46252
teamcélibataire,46253
teamsansembrouilles,46254
DIVISIONSPIÈGEÀCONS,46255
私はCharlie,46256
WorkingGirl,46257
NousSommesCDG,46258
fcs14,46259
Chalon,46260
LeJSL,46261
LeBonSensDesEnfants,46262
JeSuidRentrer,46263
IfYouKnowWhatIMean,46264
BuyUnapologeticOniTunes,46265
Pontarlier,46266
placeStan,46267
GrandeFierte,46268
teamtonton,46269
cclespartiels,46270
regretdujourbonjour,46271
Evry,46272
GoodNews,46273
Udp,46274
WTC,46275
palestinevivra,46276
PalestinaLibre,46277
insecure,46278
JaiHontePourEux,46279
PoliceMunicipal,46280
pdla,46281
arrogant,46282
mulhouse,46283
deçevant,46284
jecrainslasuite,46285
delétère,46286
lycéen,46287
night2,46288
observance,46289
ExpoAltmedj,46290
PrayForBalkany,46291
ExpoAltmejd,46292
NoMoreMe,46293
Plusjamaisça,46294
ÎleSaintLouis,46295
QuandJeMamuseAFaireChierLesPions,46296
SA,46297
lycéens,46298
BeTropical,46299
sourient,46300
holidayshopping,46301
tragus,46302
lyceeCarnot,46303
Fieredemaville,46304
DemaFrance,46305
TeamBrun,46306
DeboutLesEsprits,46307
StricteVerité,46308
Office365,46309
Delve,46310
AudiR8,46311
TeamAudi,46312
lovelocks,46313
pontdelArchevêché,46314
CardhuMeVoila,46315
betcparis,46316
HautLesCrayons,46317
Lovelock,46318
behind,46319
jamaismalades,46320
liberé,46321
délivré,46322
GetLanaOnEllen,46323
charlieebdo,46324
liveyourdreams,46325
Charlieberte,46326
EditionSpeciale,46327
quenel,46328
talkentrepreneur,46329
OkullarCumaGünüTatilOlsun,46330
interpelle,46331
têteDeCon,46332
pharmacien,46333
Lisieux,46334
HommageACharlieHebdo,46335
informations,46336
Cheer,46337
findejournée,46338
perfectjournée,46339
platforms,46340
value,46341
FRANCETVSPORT,46342
CaVeuxToutDire,46343
Galibier,46344
article,46345
Benibla,46346
SYDNEY,46347
malheureuse,46348
FREEPALESTINE,46349
VicdanlarSıfırlanamaz,46350
CharlrHebdo,46351
CVL,46352
Facede3,46353
Alumni,46354
Mmg,46355
our,46356
indiansinParis,46357
Bourneton,46358
agetest,46359
Touchant,46360
condoléances,46361
Larme,46362
mayoeffeahq4,46363
RIPfred,46364
Esbplusqu,46365
examens,46366
JeSuisKebab,46367
weekendsansrepos,46368
CharlieToujoursEnVie,46369
fiersdelaFrance,46370
informazione,46371
Thones,46372
FaitesLamourPasLaGuerre,46373
JeSuisElPakito,46374
Minutedesilence,46375
poteencarton,46376
désolant,46377
JustinBieberAndCamillaUckersDating,46378
proudofme,46379
Stopper,46380
evry,46381
DrapeauEnBerne,46382
أنا,46383
Ich,46384
Sono,46385
ThankTheWorldFromFrance,46386
Jeannette,46387
NouvelleChaussures,46388
AirMax,46389
lasttweets,46390
OnEstTousDessinateurs,46391
leem,46392
CSKALBO,46393
auAnge,46394
monparadis,46395
cest,46396
jlaime,46397
Hessel,46398
Jacquart,46399
Sociologie,46400
ToujoursNegatif,46401
monsang,46402
monfrere,46403
jtaime,46404
DeontologieNiqueTaMere,46405
Parisesrcharlie,46406
JeSuisTunisien,46407
CG31,46408
VicdanlarSıfılanamaz,46409
Betisehumaine,46410
legorafi,46411
Déçue,46412
TeamRaph,46413
buddhism,46414
tup,46415
Dawson,46416
MusulmansJuifsChretienTousUnis,46417
JeSuisMusulmaneEtJeSuisCharlie,46418
MoiPresident,46419
Presidentiel2017,46420
JojoPresident,46421
MonPso,46422
psoriasis,46423
JêtreCharlie,46424
laFranceEstDebout,46425
TheMassacre,46426
igorstravinsky,46427
allo,46428
autohypnose,46429
jesuispourlapaix,46430
GrosEncules,46431
RepasDeRoi,46432
UMPSectaire,46433
Mag2,46434
HonteAToi,46435
Islamisme,46436
BagnolsEstCharlie,46437
stérilet,46438
caulaincourt,46439
deminage,46440
saucony,46441
PaixANosFreres,46442
Merveilleux,46443
bigbiglove,46444
montaubanestcharlie,46445
collis,46446
lamarck,46447
ddhc,46448
Benin,46449
IAmMariah,46450
FAattention,46451
AVC,46452
IT,46453
IAmSachaFierce,46454
FA,46455
Japd,46456
IdéesNoires,46457
JeReserveLeProchainNuméroDeCharlieHebdo,46458
suisseallemand,46459
neverstop,46460
neverstopdreaming,46461
nejamaissarreter,46462
HappyBirthdayDavidBowie,46463
GoodEnough,46464
MetsfansProblems,46465
SudRadio,46466
RagePasPetit,46467
TUP,46468
Curiosity,46469
Truebeliebers,46470
condoleance,46471
jesuismusique,46472
JeSuisCharlieJeSuisLaLiberté,46473
JeSuisLeChef,46474
JournalTF1,46475
foutageDegeule,46476
Lcr,46477
Politik,46478
IAmCemilKayaPoliceKilledMe,46479
JeSuisCemilKayaLaPoliceMaTuer,46480
BenCemilKayaBeniPolisOldurdu,46481
JeSuisMuscley,46482
LesecretdeCharlie,46483
Alfortville,46484
luccarvounas,46485
Nessma,46486
NoLights,46487
clindœil,46488
abbot,46489
İkBenCemilKayaDePolitieHeeftMijVermoord,46490
IchBinCemilKayaVonDerPolizeiErmordet,46491
LipstickAffirmations,46492
notsweet,46493
goodgirl,46494
CodeActiver,46495
IBK,46496
PhilatorsGoHard,46497
JeSuisPalestine,46498
MusulmanEtCharlie,46499
NationalBobbleheadDay,46500
bonneresolution2015,46501
Comuniti,46502
fangirlmoment,46503
sadtimes,46504
comuniti,46505
saintnazaire,46506
Université,46507
ToutLeTemps,46508
resilience,46509
EtPuisYaRien,46510
cernystory,46511
charliefasurf,46512
charlienonfasurf,46513
JourneeNoire,46514
TF1JeSuisCharlie,46515
Sentinelle,46516
Grandma,46517
chequesante,46518
JeSuisCemilKaya,46519
Dégoûtant,46520
PdM,46521
NousSommeTousSolidaire,46522
NePasToutMelange,46523
pasenviederirecesoir,46524
ConnerieSansLimite,46525
JeSuisKevin,46526
JeSuisViinke,46527
leclochardstellaire,46528
CharlieEstDebout,46529
Commémoration,46530
mémoires,46531
solidaridad,46532
brittanystory,46533
RigoleWsh,46534
NoLimitLDN,46535
GPS,46536
paspourtoutlemonde,46537
terrorismointernazionale,46538
Alcool,46539
squatlife,46540
FemmeDeCharb,46541
quinet,46542
nuclear,46543
skiptheuse,46544
journal20h,46545
LeChardenoux,46546
TNT,46547
TunisEstCharlie,46548
ReimsestCharlie,46549
jeboischarlie,46550
Larmes,46551
Australie,46552
BébéOursPolaire,46553
policiere,46554
WeAreStrong,46555
nvpp,46556
RVF,46557
BORDAYL,46558
A6,46559
vomir,46560
certainslaimentchaud,46561
MarilynMonroe,46562
FrédéricDard,46563
RhonesAlpes,46564
FuckLesAmalgames,46565
mensonge,46566
QueDireDePlus,46567
OptimismeEnAgriculture,46568
horriblement,46569
nucléaire,46570
JeSuisBlessé,46571
hdpvr,46572
JetreCharlie,46573
prayer,46574
ImCharlieHebdo,46575
Tomorrow,46576
Stronger,46577
торкек,46578
cauchemardN,46579
topkek2017,46580
TheU,46581
NewLife,46582
buffytheterroristslayer,46583
cakes,46584
AuxArmesCitoyens,46585
SoutienJo,46586
FaithTheVampireSlayer,46587
MiLeCharlie,46588
CharLiberté,46589
SupprimerLeContact,46590
We,46591
Are,46592
souplessedemalade,46593
socialista,46594
ódio,46595
amargura,46596
frustração,46597
inveja,46598
ArreteMoiSiTuPeux,46599
Frenchpolice,46600
getawaycar,46601
Tropc,46602
IslamPasSuspecte,46603
IslamGentille,46604
charlot,46605
findesexams,46606
Indéfini,46607
Stéph,46608
المساجد,46609
الاعلام_العربي,46610
CaCommence,46611
sapinbonus,46612
degagelepen,46613
HeDicho,46614
AsiSoyYo,46615
NousSommesDesCharlie,46616
SomosTodosLocos,46617
Olympique2Marseille,46618
triplice,46619
CommeUnChef,46620
CharlieBerté,46621
OneDayIWill,46622
EhliPresident,46623
ARCEP,46624
Calmé,46625
MEP,46626
TeamMW3,46627
SCOPE,46628
JeSuisMustapha,46629
Ray,46630
1stTime,46631
JeSuisMarseille,46632
YoungPac,46633
YoungJada,46634
Tupac,46635
JadaPinkett,46636
jemerebellecontrelepeuple,46637
gadget,46638
JeSuisMichy,46639
TheWorld,46640
say,46641
Agony,46642
Mesrine,46643
Technology,46644
forte,46645
GameblogLive,46646
BenStiller,46647
OwenWilson,46648
SnoopDogg,46649
VinceVaughn,46650
allweeneedislove,46651
KoTechnique,46652
EducationMinimale,46653
gadgets,46654
EducationMinimum,46655
yenaquiontdelachance,46656
BlaccHollywood,46657
StayStrongFrance,46658
nsoui,46659
JeromeDreyfuss,46660
LesMolieres,46661
LjuboComeBackHome,46662
Soltero,46663
LeRoiSeMeurt,46664
JeNeSuisPasUnMouton,46665
PasUnPourRattraperLautre,46666
YenAAssez,46667
LycéeJeanMoulin,46668
SoCuteSoCulture,46669
PalaisSecret,46670
LascoProject,46671
memoire,46672
DemaACorrer,46673
générationcharlie,46674
changementc,46675
OneDay,46676
Voyageavecmoi,46677
VoteForDerrick,46678
CharlieHebdo_Charlie,46679
CurlyAir,46680
Marineaupouvoir,46681
CurlyHair,46682
RIPManU,46683
sportconfidentiel,46684
jaiTrouve1MpourCharlie,46685
mylife,46686
AvezVousDejaVu,46687
JeSuisTolérant,46688
amigos,46689
boticas,46690
kevins,46691
annivbebezinho,46692
lyceelasaulaie,46693
afterschool,46694
Loona,46695
JeSuisAbonnéÀCharlie,46696
conspirationistes,46697
barelc,46698
fabert,46699
GeorgesDeLaTour,46700
SwagDeBronchite,46701
tentepasldiable,46702
cestlaverité,46703
directassurance,46704
Enamoureux,46705
Toutlesdeux,46706
Haleb,46707
nolimit,46708
transporter,46709
Riberi,46710
EtreCharlie,46711
alter,46712
frankincense,46713
Letsgo,46714
Alegra,46715
Aveclesgows,46716
Auto,46717
Lautokitty,46718
Fiona,46719
Emma,46720
MusulmansChrétiensJuifstousunis,46721
PuyEnVelay,46722
bollywood,46723
kanda,46724
lowbattery,46725
SelfieDog,46726
Dogselfie,46727
Tito,46728
Instaguy,46729
StarskyEtHutch,46730
horseback,46731
libres,46732
clownsansfrontiere,46733
RueNicolasAppert,46734
TeamUrsula,46735
APM,46736
AutoEcole,46737
SainteAnne,46738
VilleJuif,46739
chatquisoutient,46740
JeannetteBougrad,46741
Afternoon,46742
Lemagasinestouvert,46743
Animateur,46744
Betheny,46745
Avecmespetits,46746
StopViolence,46747
TheWorldsEnd,46748
fermelesyeux,46749
aladin,46750
JohnLennon,46751
JeSoutiensCharlieMaisJeNeSuisPasCharlie,46752
discountlefilm,46753
Matinal,46754
Mug,46755
Pensé,46756
TristesJours,46757
Tsr,46758
unebouleauventre,46759
journeededeuil,46760
Lapsley,46761
UnderstudyEP,46762
Album,46763
masupercopine,46764
Calvados,46765
marryatoutprix,46766
1bougiepourcharlie,46767
mycanal,46768
vitré,46769
2heures,46770
Plustard,46771
Avecmaman,46772
CadeauxAnniversaire,46773
Bottes,46774
Manteau,46775
Pornmode,46776
JeSuisBourré,46777
JeSuisCelib,46778
JeProfiteDeLinstant,46779
Rillettes,46780
roti,46781
roast,46782
pouletroti,46783
flunch,46784
Après,46785
Fastfood,46786
Pourlaligne,46787
Avec,46788
BeauPapa,46789
Wines,46790
Hypermart,46791
Supermart,46792
cheap,46793
Retail,46794
maisquiestilvraiment,46795
TeamBalotelli,46796
sceaux,46797
PresseLibre,46798
SaintMartin,46799
Soireededeuil,46800
pasfaim,46801
JeSuisFouDElle,46802
assassin,46803
CharliePlus,46804
RIPauxvictimes,46805
jesuispetit,46806
jesuisqui,46807
unterroriste,46808
FiereDetreMoi,46809
BearDown,46810
elasticheart,46811
rions,46812
sourions,46813
Johnson,46814
garagepunk,46815
shoegazing,46816
VivementLeWeek,46817
DosÀDos,46818
Maisouvalemonde,46819
ilyaecoledemain,46820
twittclasses,46821
ViejosTiempos,46822
S04E08,46823
meals,46824
cuisines,46825
lasagnes,46826
Nsoui,46827
theart,46828
Dolphins,46829
TYT,46830
VillefrancheSurSaone,46831
musulmanschretiensjuifstousunis,46832
lapicardie,46833
JerigolePlus,46834
MUSLIM,46835
pascoursjusquelundi,46836
Moriarty,46837
TheMissingRoom,46838
CrewHipHop,46839
blessés,46840
NotOverIantoJones,46841
IantoJones,46842
Apoyo,46843
EstoyEnParis,46844
Guillaumeradio,46845
toutcequinetuepasrendplusfort,46846
SoutienLesFreres,46847
Retroviseur,46848
Meyssan,46849
barbare,46850
4ansdevente,46851
YenaAssez,46852
MS12,46853
SalvaTrutcha,46854
LaMaraPorLaVida,46855
MANQUE,46856
JeSuisAHerblay,46857
MS13,46858
respest,46859
DeprimamComigo,46860
grilléééééééé,46861
SoniaDelaunay,46862
Affnico,46863
OhMyBro,46864
RealLove,46865
laviecestcommeunziziparfposcesrdure,46866
newPP,46867
francesolidaire,46868
nousnavonspaspeur,46869
cordialement,46870
superman,46871
ClarkKent,46872
KalEl,46873
krypton,46874
LexLuthor,46875
DCcomics,46876
Vengeance,46877
PrenezJnounmanRendezNousCharlie,46878
AffNico,46879
cuquezamalvadeza,46880
dessinemoicharlie,46881
pourlemeilleur,46882
pourlepire,46883
FrancaisKréol,46884
TuNesPasInteligent,46885
tweetname,46886
regardnoir,46887
sourireauplacard,46888
windy,46889
Soludar,46890
ImportExport,46891
Poulette,46892
fangirlproblems,46893
SLAYRS,46894
mecChaud,46895
UAAS,46896
CestÉvident,46897
lelyceeestloin,46898
RécupérationPolitique,46899
RasLeBolDesCons,46900
DehorsLaGauche,46901
camfollowme,46902
virus,46903
CDenquête,46904
Mortdecai,46905
emeayllon,46906
jaitroppeur,46907
ערמונים,46908
chataigne,46909
chestnuts,46910
NosLibertés,46911
NosDroits,46912
BattonsNous,46913
ÀNosCrayons,46914
LycéeAtlantique,46915
boulangerie,46916
coquelicot,46917
conasse,46918
toussolidaires,46919
RTP,46920
commeungosse,46921
CubaReal,46922
Socialistas,46923
1Messi,46924
1Suarez,46925
1Neymar,46926
bertille,46927
CouplePower,46928
QSI,46929
MaMeilleureEnnemie,46930
DieuxDuStade,46931
HandicapMatch,46932
teamGitanForever,46933
Le22h,46934
gueuledefoncée,46935
عبدالله_حمود_المفضي_في_ذمة_الله,46936
Happyme,46937
CP,46938
génialissime,46939
CalmDown,46940
Fact,46941
unsecret,46942
Penaldo,46943
MusulmanChrétiensJuifsTousUnis,46944
GardoisJusqu,46945
charliespirit,46946
2015SeraANousMoFucka,46947
CharlieHebdoOnEnParleTrop,46948
vengeancepower,46949
LionaltyMessi,46950
EntreDeuxChapitresDeMaths,46951
PrendToutSonSens,46952
MisPiernasLoSaben,46953
impossibleproject,46954
MusulmansChretiensJuifsAtheesTousUnis,46955
roidescons,46956
RIP_ALB,46957
MoneyObsession,46958
magret,46959
pierrot,46960
etiennemarcel,46961
centaines,46962
rassemblées,46963
DemainDernierPartiel,46964
determinata,46965
DivisionsPiegesàCons,46966
Biiiiim,46967
CestGrillé,46968
1semainetroplongue,46969
ChefDesVentes,46970
cjfe,46971
SorbetCuracao,46972
JeSuisPasDupe,46973
memoiredepoisson,46974
notripod,46975
SaPété,46976
Salaud,46977
BieberFamily,46978
dailyvlogdubaï,46979
lamusiqueadoucit,46980
OnAttendaitQueCa,46981
LunuleIndienne,46982
Indienne,46983
JESUISCHARLY,46984
SoyezLogiques,46985
BandeDeTarés,46986
ShortNail,46987
BestBestBest,46988
cos,46989
nouvellestars,46990
Meyerbeer,46991
23Septembre2014,46992
9h,46993
10minutesDeSerieux,46994
NousSommesFranck,46995
BallondOrAfricain,46996
tequilaboumboum,46997
suzelime,46998
kamikaz,46999
bailchelou,47000
JeSuisCHarlie,47001
NousSommesDansLaMerde,47002
humourjuif,47003
vivelesmecs,47004
cestcon,47005
Aucoeutdeletrange,47006
lepuyenvelay,47007
3A,47008
offluke,47009
JeSuisCharie,47010
jesuisPasdoué,47011
ParabensJulio,47012
KeryJamesVoice,47013
fanfic,47014
OnSaitJamaisAvecVouw,47015
JeSuisCharlieMartel,47016
le22H,47017
AnticiperCestPrevoir,47018
CONTRELESTERRORISTES,47019
unpeuderespect,47020
JeSoutiensLesMusulmans,47021
РенТВ,47022
Pacman,47023
prayforus,47024
Proclamer,47025
Se,47026
Mettre,47027
Faire,47028
Être,47029
Vivre,47030
Aimer,47031
Rire,47032
esprits,47033
LiberterEgaliterFraterniter,47034
SweetGirl,47035
princedelamour,47036
tweespalt,47037
MotherRepublic,47038
Coexist,47039
SalvemosAlElche,47040
urbsRocknRoll,47041
Everest,47042
藏区,47043
Himalaya,47044
MountEverest,47045
notenoughO2,47046
thepeak,47047
topoftheworld,47048
VezinLeCoquet,47049
isenbourg,47050
cinqetoiles,47051
misslangudoc,47052
missprestigenagional,47053
lhistoirecontinue,47054
fratellikiller,47055
DansMaFamilleQueDesBg,47056
QuelquePart,47057
Sablons,47058
ChorbaPourTous,47059
Speranza,47060
extratime,47061
VivaCristoRey,47062
نزار,47063
vulgaire,47064
raslebol,47065
Ahou,47066
LeSportLaChirurgieDuPauvre,47067
Alfano,47068
Season5,47069
Episode17,47070
pauvredenous,47071
2015PCA,47072
ezanville,47073
tweetCommeAspenn,47074
IndoCharlie,47075
LesAventuresDeNono,47076
Furla,47077
ayayayayyyy,47078
FreedomisGreat,47079
lejournalvittoujours,47080
AintMine,47081
Kicking,47082
ndombolo,47083
TeamLingala,47084
arrestmeplease,47085
lestempschangent,47086
CHOQUE,47087
ImCharlieAndMuslim,47088
NimporteQuoi,47089
mecQuiJoucKillPasLePoint,47090
JeSuisLexpression,47091
