Hashtag,Id
opcharliehebdo,1000
off,1001
macherie,1002
charliehebdo,1003
jesuischarlie,1004
noussommescharlie,1005
modernfamily,1006
comedy,1007
funny,1008
face,1009
lol,1010
blurofshame,1011
lrt,1012
crisedudisquenormaaaale,1013
mouradhamydinnocent,1014
17an,1015
birthday,1016
sablon,1017
vousetespaspret,1018
dllmswd,1019
comprendraquipourra,1020
musulmanschretiensjuifstousuni,1021
chaliehebdo,1022
ffbackjesuischarlie,1023
tytlive,1024
africanfootballeroftheyear,1025
lost,1026
lesdisparu,1027
s04e09,1028
journeededeuilnational,1029
france,1030
pari,1031
marseille,1032
lyon,1033
lille,1034
toulouse,1035
montpelier,1036
renne,1037
strasbourg,1038
blaguer,1039
teamportugal,1040
divisionspiegeacon,1041
notafraid,1042
pen,1043
pencil,1044
tribute,1045
placedelarepublique,1046
savate,1047
islam,1048
notinmyname,1049
pasenmonnom,1050
s04e10,1051
lt,1052
charlie,1053
charliberte,1054
tvdthursday,1055
delena,1056
contrelesterroriste,1057
gagnetaplace,1058
bfmtv,1059
weloveyouginny,1060
gotseason5,1061
jesuisahmed,1062
chariehebdo,1063
tsmymy,1064
sdyq,1065
sdq,1066
musulmansjuifschretienstousuni,1067
vilainsarkozyste,1068
alcaline,1069
hollysiz,1070
jenesuispascharlie,1071
dalstournee,1072
nice06,1073
sfynlshwrby,1074
charlieblegoude,1075
nickiminaj,1076
hommage,1077
carenzo,1078
tvd,1079
marcherepublicaine,1080
grossepensealalibertedexpression,1081
grossepenseadesgrandshomme,1082
lastrt,1083
respectformuslim,1084
jesuisbourre,1085
boanoite,1086
bonnenuit,1087
stormtrooper,1088
starwar,1089
celibatard,1090
offf,1091
film,1092
meloauxcodchamp,1093
jesuismelo,1094
houellebecq,1095
ellesereconnaitraaaa,1096
bmw,1097
mercedesbenz,1098
pasnouspasnou,1099
eiffeltower,1100
islamnoncoupable,1101
0fff,1102
need,1103
jeannettebougrab,1104
statue,1105
equality,1106
memorial,1107
unanimisme,1108
stap,1109
lahaut,1110
paris12,1111
mauvaiseeleve,1112
pussy,1113
redlightdistrict,1114
alerte,1115
web,1116
gaza,1117
fontainebleau,1118
libertedexpression,1119
nonabbiamopaura,1120
doggie,1121
street,1122
arrow,1123
jesuisfranck,1124
demain,1125
genie,1126
ohwait,1127
grinder,1128
hornet,1129
nationalfront,1130
europe,1131
primarieliguria,1132
french,1133
rt,1134
butterfly,1135
lobby,1136
noussommestousdescharliehebdo,1137
fcbelc,1138
pourcharlie,1139
fusillade,1140
nouscroyonsaumemedieu,1141
marinelepen,1142
liberte,1143
pauillac,1144
winteriscoming,1145
got,1146
uptownfunk,1147
hastalavistadaech,1148
16pregnant,1149
cigarette,1150
guillaumeradio,1151
lefigaro,1152
itele,1153
tf1,1154
lemonde,1155
leparisien,1156
emenikingteam,1157
amouryesican,1158
iamcharliehebdo,1159
limousin,1160
politique,1161
waiting,1162
metro,1163
le,1164
dakar,1165
sickday,1166
souple,1167
fit,1168
body,1169
flexgym,1170
hg4,1171
bretagne,1172
punchlinedefoulol,1173
tbt,1174
throwback,1175
chicago,1176
graffiti,1177
losangele,1178
tahiadjazair,1179
nw,1180
fn,1181
completementoutlui,1182
oldschool,1183
radio,1184
soutien,1185
zonec,1186
vancamper,1187
ff,1188
everybody,1189
unpasoadelante,1190
charlieaupantheon,1191
cabuaupantheon,1192
tousaupantheon,1193
noamalgame,1194
rip,1195
gign,1196
cartooningforpeace,1197
boycott,1198
incomprehension,1199
irrespect,1200
madnes,1201
lecongolaisquinapascomprisleconcept,1202
sapologie,1203
croco,1204
rubannoir,1205
dessinateur,1206
policier,1207
attentatcharliehebdo,1208
manaudou,1209
goussainville,1210
buonanotte,1211
armee,1212
armeedelair,1213
doodlediary,1214
np,1215
thefray,1216
charlievivra,1217
believethat,1218
sethchampion,1219
royalrumble2015,1220
pfiouuu,1221
bangbang,1222
takebackconstantinople,1223
people,1224
midem,1225
pegida,1226
ericzemmour,1227
anonymou,1228
jeuischarlie,1229
voyageavecmoi,1230
divisionpiegeacon,1231
sport,1232
football,1233
passion,1234
metier,1235
businessdevelopment,1236
marketingsportif,1237
communication,1238
libertedelapresse,1239
falseflag,1240
bestforbusines,1241
deuilnational,1242
ripcharliehebdo,1243
geneva,1244
jbbullet,1245
nowplaying,1246
spotify,1247
nice,1248
maria,1249
,1250
boostbastille,1251
reim,1252
croixrouge,1253
qcr,1254
qcrzoo,1255
jessuischarlie,1256
morethan50kilogramme,1257
tousdescharlie,1258
toujoursdebout,1259
cat,1260
humilite,1261
sincerite,1262
loyaute,1263
beaute,1264
new,1265
info,1266
tmc,1267
miskinerachid,1268
charb,1269
wolinski,1270
fragile,1271
thelma,1272
babycat,1273
instacat,1274
crazy,1275
love,1276
badas,1277
vsco,1278
lz7,1279
frenchfan,1280
freedomofspeech,1281
teamfragileactive,1282
bsbqwl,1283
friend,1284
friendship,1285
myfam,1286
loveher,1287
difficulttime,1288
bokoharam,1289
missieestfou,1290
barca,1291
lanouvelleedition,1292
plusde5joursnonstop,1293
ginnysarmy,1294
weloveginny,1295
help,1296
kosti,1297
lafouine,1298
keedz,1299
jan8,1300
pace,1301
horssujet,1302
dhmnblsy,1303
adhamnabulsi,1304
qstnkhlst,1305
wylkfwry,1306
roberto,1307
elche,1308
cdouxdeh,1309
toujourslacoronnesurlatetenou,1310
getofftwitter,1311
blague,1312
crunchclub,1313
marrelecelibat,1314
happybirthdayninadobrev,1315
jesuispolicier,1316
jesuispascharlie,1317
afrique,1318
monde,1319
consternant,1320
lebonmarche,1321
shopping,1322
truffle,1323
minable,1324
bw,1325
1h40,1326
tropfatigue,1327
cheese,1328
fromage,1329
jumamubarak,1330
kundera,1331
jsc,1332
teaminsomniaque,1333
nbaextra,1334
longpont,1335
ruptly,1336
dieudonne,1337
israel,1338
disiz,1339
newyorker,1340
butter,1341
beurre,1342
lebeurrebordier,1343
vivelafrance,1344
insecurite,1345
d,1346
geometry,1347
interior,1348
architecture,1349
team242,1350
team243,1351
gone,1352
bemutated,1353
thewalkingdeadgame,1354
censorship,1355
fav,1356
parisshooting,1357
terrorism,1358
terrorist,1359
jihad,1360
alqaeda,1361
libertedexpressionpourtou,1362
draghi,1363
nikita,1364
teamz,1365
jeseraisjamaischarlie,1366
reve,1367
espoir,1368
voteztouskhoudiren2017,1369
goodnightworld,1370
offline,1371
sapaniponsen,1372
newpp,1373
caraculo,1374
lameilleure,1375
alpesdhuez,1376
fautdormir,1377
revisionsdemain,1378
gemini,1379
oreo,1380
r,1381
nabilla,1382
ironiemaximale,1383
kapello,1384
0ff,1385
jesuisflic,1386
muslimnoterrorist,1387
emfamily,1388
american,1389
nousseronscharlie,1390
grenoble,1391
noussommestouscharlie,1392
mobilisation,1393
tousuni,1394
weloveyououatcastandcrew,1395
valdo,1396
jesuiscabu,1397
jesuiswolinski,1398
conversationsecrete,1399
jesuischarb,1400
jesuisonclebernard,1401
jesuistignou,1402
jesuishonore,1403
jesuismustaphaourrad,1404
jesuiselsacayat,1405
jesuismichelrenaud,1406
jesuisfredericboisseau,1407
jesuisfranckbrinsolaro,1408
jesuisahmedmerabet,1409
teamdescolarise,1410
timessquare,1411
teamcdlp,1412
csureya,1413
thankstheworldfromfrance,1414
scandale,1415
prodigequejesui,1416
impatient,1417
ffxv,1418
halo5,1419
jesuishumain,1420
rungi,1421
mondestone,1422
musulman,1423
chretien,1424
juif,1425
mememessage,1426
paix,1427
peace,1428
teammuslim,1429
iamcharlie,1430
pfw,1431
women,1432
ss15,1433
jebaisephiladelphe,1434
jebaiseflashinfo,1435
jevousbaise,1436
jesuisennemy,1437
mauvaise,1438
canal,1439
npr,1440
hostelproblem,1441
iwantmybeautysleep,1442
e1bonjour,1443
bourdindirect,1444
uber,1445
on,1446
journalisteforever,1447
police,1448
campu,1449
universitedelorraine,1450
speedtest,1451
3g,1452
freemobile,1453
sensorly,1454
met,1455
britain,1456
metz,1457
knick,1458
afp,1459
offagain,1460
bringbackourgirl,1461
sansrancune,1462
morningdedifool,1463
stephanie,1464
skyrock,1465
cabu,1466
yemen,1467
uderzo,1468
perdu,1469
mal,1470
bdlr,1471
merci,1472
lespluspartage,1473
carrefour,1474
bag,1475
foutagedegueule,1476
jesuischarile,1477
baruchgoldstein,1478
ronpaul,1479
ibtissamtiskat,1480
scorpion,1481
formation,1482
rpva,1483
thestruggleisreal,1484
canne,1485
mascarade,1486
fifa,1487
asmcab,1488
lourd,1489
forcesdelordre,1490
iraq,1491
renaud,1492
twitterversary,1493
mariiiiine,1494
online,1495
fatigue,1496
wanttowinadraw,1497
vierge,1498
bbl,1499
reprise,1500
dejaout,1501
lasttweet,1502
phobie,1503
p,1504
mtvmoviebrawl,1505
scorchtrial,1506
rangernation,1507
rclen,1508
punchline,1509
cninow,1510
ifsi,1511
franceinter,1512
bernardmari,1513
fauve,1514
k,1515
pointdenonretour,1516
vdm,1517
reseauxsociaux,1518
socialmedia,1519
pomme,1520
ffspecial,1521
nigeria,1522
torchwood,1523
concour,1524
mari,1525
callmemaybe,1526
hollywoodmusicaward,1527
disneylandpari,1528
amour,1529
magie,1530
feerie,1531
bonheur,1532
justicemoyenage,1533
motivation,1534
lundivenezpasmecasserlescouille,1535
escalier,1536
cathedrale,1537
hoplagram,1538
strasgram,1539
igersstrasbourg,1540
alsace,1541
gre,1542
pp,1543
hello,1544
freeslim,1545
ausecour,1546
millecouleur,1547
lino,1548
suicidecommercial,1549
unitedwestand,1550
soutiencharliehebdo,1551
louisvuitton,1552
aliciavoyageenpari,1553
ccl,1554
teambarca,1555
republique,1556
brevedeter,1557
notairesfuribard,1558
salutshalomsalam,1559
ump,1560
roussel,1561
maredevance,1562
charlyhebdo,1563
eenvandaag,1564
21mars2015,1565
goole,1566
mobile,1567
seo,1568
referencement,1569
digital,1570
search,1571
tolerance,1572
jeunesseinfluencable,1573
goodmorning,1574
gymlife,1575
honteux,1576
gamergate,1577
malakoff,1578
teamblackboy,1579
artistoftheyearhma,1580
qml,1581
tristesseinfinie,1582
interactiv,1583
ffb,1584
tgif,1585
freedom,1586
haveagoodday,1587
pascredible,1588
etsuhueruta,1589
jesuislesdeux,1590
qu,1591
brevedetrain,1592
tauru,1593
shaqiri,1594
intermilan,1595
mercato,1596
epub,1597
media,1598
emarketing,1599
strategie,1600
teamjuriste,1601
spoilt,1602
partiel,1603
jesuislye,1604
oklm,1605
pasdamalgame,1606
journaliste,1607
abonentendeur,1608
subway,1609
morning,1610
tristesse,1611
foot,1612
reveildifficile,1613
onclebernard,1614
diabolo,1615
villelibourne,1616
wattpad,1617
fanfiction,1618
shegueysquaad,1619
e1matin,1620
pro,1621
vivemafrance,1622
thenewyorker,1623
marche,1624
maely,1625
leadership,1626
hopmancup,1627
teamom,1628
valeursdurugby,1629
loveu,1630
coubertin,1631
stopamalgame,1632
stopparano,1633
soundcloud,1634
inter,1635
thankstheworldformfrance,1636
decompte,1637
viiiiite,1638
oupa,1639
nuitdifficile,1640
fatiguance,1641
polytech,1642
jeveuxunjob,1643
recuperation,1644
democratie,1645
serment,1646
petitepensepourtoilove,1647
dansedelapluie,1648
balkany,1649
boom,1650
joachimroncin,1651
rmc,1652
gazouillisdetwhuitheure,1653
gotfan,1654
goodluck,1655
maroc,1656
libertedepenser,1657
valeur,1658
conviction,1659
unitenationale,1660
a,1661
elprimeroquesepicapierde,1662
vismaviedezombie,1663
boutih,1664
blurboivideo,1665
seagull,1666
beach,1667
beachday,1668
sea,1669
water,1670
ocean,1671
tagsforlike,1672
tagstagramer,1673
07jan2015blackdate,1674
charliehebdoattack,1675
francebrokenheart,1676
barbarie,1677
solidaritehumaine,1678
rassemblement,1679
travesura,1680
hollandedemission,1681
solidaritecharliehebdo,1682
ya,1683
formationpro,1684
etanglaville,1685
snif,1686
kouachi,1687
rassemblementrepublicain,1688
journeequicommencebien,1689
legrand8,1690
ffback,1691
liberteegalitefraternite,1692
maldetete,1693
migraine,1694
durejournee,1695
fuck,1696
ghadajreidi,1697
jesuischarliededroite,1698
jesuischarliedegauche,1699
jeanettebougrab,1700
jisbon,1701
mentalist,1702
liberation,1703
yokohama,1704
bagnolet93,1705
pluie,1706
monopoleducoeur,1707
tweetcommeunforceur,1708
vigipirate,1709
enfin,1710
jesuisdanslmal,1711
bonplan,1712
picardie,1713
laissonslecroireauxidiotsetilssontnombreux,1714
faitespasser,1715
rerb,1716
merciswaggyduconseil,1717
npa,1718
lucon,1719
fontenaylecomte,1720
shameles,1721
socialiste,1722
pauvrefrance,1723
jesuicharlie,1724
hollande,1725
selonlesdire,1726
check,1727
bonnejournee,1728
hoysecorre,1729
hidalgo,1730
madame288,1731
onlama,1732
dkpol,1733
frpol,1734
whatelse,1735
pourlesmien,1736
parleamaplume,1737
itune,1738
album,1739
montpellier,1740
voilavoilatour,1741
saintquentin,1742
cliche,1743
jnum15,1744
hackaton,1745
augmentedreality,1746
cusset,1747
theatredecusset,1748
acunity,1749
forum,1750
edhec,1751
ibmdday,1752
w9,1753
psg,1754
ibrahimovic,1755
jesuisclarissa,1756
montrouge,1757
mc,1758
homesick,1759
thevine,1760
cavani,1761
lavezzi,1762
gg,1763
tc,1764
francoismorel,1765
parisattack,1766
jesuisdavid,1767
jesuisaisha,1768
jesuismarie,1769
jesuispierre,1770
keepgoing,1771
ahmedmerabet,1772
cafecandela,1773
meestapasando,1774
illridewithyou,1775
fcs14,1776
vendee,1777
ldc,1778
footballmanager,1779
tirgo94departemant,1780
cour,1781
ecole,1782
ordre,1783
chair,1784
igerspari,1785
igersfrance,1786
igerseurope,1787
igpari,1788
igfrance,1789
histoire,1790
eau,1791
jeportedesbabouche,1792
conseildepari,1793
parisestcharlie,1794
vem6,1795
saintraphael,1796
happy,1797
etourisme,1798
share,1799
rtlinfo,1800
bonneannee,1801
envoyespecial,1802
nolimit,1803
letransporteur,1804
winter,1805
cold,1806
wait,1807
together,1808
bri,1809
traque,1810
flemme,1811
moneydrop,1812
noplp,1813
lrd,1814
lgj,1815
cavou,1816
crierlavie,1817
n,1818
fusillagedemontrouge,1819
stopislamophobie,1820
rtl,1821
bigoterie,1822
grassemat,1823
victimisation,1824
mauvaisefoi,1825
mylenefarmer,1826
moiperversmeuhnon,1827
marredecetteviolence,1828
bagnolet,1829
gauchetaree,1830
presse,1831
rdv,1832
dimanche,1833
15h,1834
peur,1835
ter,1836
ligue1,1837
dammartinengoele,1838
latraque,1839
imbula,1840
meaux,1841
avantcourseslive,1842
voilavoila,1843
raid,1844
hug,1845
bise,1846
inutile,1847
sued,1848
rennes2,1849
ile,1850
arme,1851
vierne,1852
dammartin,1853
ausvkuw,1854
otage,1855
damartin,1856
dammartinengoelle,1857
deepveer,1858
dammartinengoel,1859
decue,1860
humour,1861
nante,1862
noussommestouslesvictimesdisparue,1863
ouieouieouie,1864
solde,1865
chaliehedbo,1866
blog,1867
mode,1868
seine,1869
gendarmerie,1870
cdg,1871
tclestcharlie,1872
prisedotage,1873
lescoprod,1874
vrtradionieuw,1875
food,1876
macaron,1877
diet,1878
sun,1879
snow,1880
barcaatletico,1881
formidable,1882
famillebelier,1883
planvigipirate,1884
taiwan,1885
concert,1886
g9plu,1887
parka,1888
gouvernance,1889
consultation,1890
inondation,1891
situationcritique,1892
stop,1893
personofinterest,1894
bisquitcognac,1895
longdistillationforthesmoothesttaste,1896
hpny2015,1897
muslim,1898
kaouchi,1899
senscivique,1900
priseotage,1901
cannibalisme,1902
epfamily,1903
fier,1904
ebola,1905
viol,1906
faim,1907
soif,1908
africa,1909
courage,1910
force,1911
a13,1912
bravo,1913
iledefrance,1914
zuckerberg,1915
oth,1916
cantonnale,1917
finissonsen,1918
trepia,1919
sensinterdit,1920
direct,1921
djal,1922
portugaisvoice,1923
alerteinfo,1924
zaibat,1925
traqur,1926
breaking,1927
morandini,1928
hallande,1929
cazenzuve,1930
vall,1931
e1,1932
realitat,1933
somostodoscharlie,1934
cnn,1935
attentat,1936
labase,1937
pondereplay,1938
rihanna,1939
sicilia,1940
1ere7,1941
laculturecontrelabarbarie,1942
semainedemerde,1943
sagunddazu,1944
damartinengoele,1945
teamarchi,1946
festival,1947
bourdin,1948
temoignagedeprof,1949
charliehebdohq,1950
chassealhomme,1951
mali,1952
aqmi,1953
tombouctou,1954
stopterrorism,1955
godislove,1956
cm,1957
outil,1958
illeetvilaine,1959
jesuismilitaire,1960
tuezlesvite,1961
bangfamily,1962
daech,1963
nulenanglai,1964
nospeackenglish,1965
usa,1966
flight,1967
pcf,1968
sncf,1969
0n,1970
envoietesabdo,1971
coran,1972
npng,1973
jesuislibre,1974
cazneuve,1975
mechanteambiance,1976
teamgp,1977
alorsalor,1978
hot,1979
attenta,1980
stmg,1981
normandie,1982
seineetmarne,1983
afd,1984
fussilade,1985
emileroux,1986
shooting,1987
hostage,1988
parisvii,1989
viearabe,1990
tunisie,1991
jamais2sans16,1992
newyork,1993
lesocialc,1994
damamrtinengoele,1995
rmclive,1996
wallon,1997
corse,1998
onesttouscharlie,1999
franceunited,2000
nul,2001
debile,2002
irrespectueux,2003
amalgame,2004
mfw,2005
bringbackourpatoche,2006
gipn,2007
derniereminute,2008
espritdecharlie,2009
draguignan,2010
cfc,2011
l1,2012
tt,2013
maif,2014
espritscriminel,2015
sapir,2016
fb,2017
beautyfullreminder,2018
thetailife,2019
wku,2020
mustbeoncrack,2021
startschoolearlier,2022
wearecharlie,2023
teamsportation,2024
ps4,2025
psvita,2026
psvitaarmy,2027
lbesp2,2028
facebook,2029
sansreviser,2030
vautmieuxfairelafetequereviser,2031
jevousestzlatanner,2032
palai,2033
je,2034
france2,2035
lemetro,2036
sailormoon,2037
anime,2038
manga,2039
hallucinant,2040
orlinz,2041
carpediemeliseenbretagne,2042
covernewyorker,2043
sachezle,2044
solidarite,2045
famousproblem,2046
babie,2047
tropmignon,2048
ctd,2049
prised,2050
soudobem,2051
bfm,2052
cemomentgenant,2053
gueant,2054
echoslive,2055
amf,2056
lycomestcharlie,2057
visiondaigle,2058
fortunecookie,2059
lesfreresconnard,2060
sublime,2061
hallelujah,2062
teamtweeter,2063
ripcaroline,2064
correze,2065
jesuischarlielesotagesetlapolice,2066
frereskouachi,2067
onsenpasserait,2068
finalsareover,2069
sistersareintown,2070
neuf,2071
fee,2072
marchesaintgauden,2073
teamhillary,2074
prayforpari,2075
iphoneonly,2076
noedit,2077
bodrum,2078
megaff,2079
hue,2080
humeurdujour,2081
lesmedia,2082
lcl,2083
expo,2084
hokusai,2085
detente,2086
jeanracine,2087
paris8,2088
ironiequandtuesla,2089
bonsen,2090
nowlistening,2091
wheninpari,2092
bringbackthegroove,2093
lestueursdecharlie,2094
pll,2095
stupidite,2096
tweetlocalisation,2097
directpriseotage,2098
eusoucharlie,2099
aulnay,2100
tesviser,2101
artrave,2102
normalistan,2103
jason,2104
scandal,2105
terroistattack,2106
life,2107
othi,2108
gorgedeloup,2109
bombe,2110
lehobbit,2111
contentmarketing,2112
digitaldiplomacy,2113
michelhouellebecq,2114
midipyrenee,2115
pendantcetempsla,2116
castro,2117
minelli,2118
fail,2119
intervention,2120
juivsy,2121
savoie,2122
justice,2123
chambery,2124
amien,2125
tweetprecedent,2126
semipari,2127
sedefouler,2128
tupac,2129
fidelcastro,2130
mycanal,2131
t,2132
ironiedusort,2133
time,2134
capartencouille,2135
zara,2136
ebay,2137
onn,2138
faux,2139
revisionspartiel,2140
terroriste,2141
touscharlie,2142
upvd,2143
jesuishypocrite,2144
rpcie17,2145
cuba,2146
intox,2147
hopitaux,2148
bordeaux,2149
teamblonde,2150
teambooba,2151
waizanmi,2152
jecomprendsrien,2153
jedemande,2154
compol,2155
dead,2156
remember,2157
classic,2158
bandedesuiveur,2159
terrorismeacondamner,2160
fusilladecharliehebdo,2161
franceattack,2162
perpignan,2163
awesome,2164
waow,2165
brest,2166
vrijdaggebed,2167
jesuiscarlie,2168
mosqueesattaquee,2169
fidel,2170
saintleonarddenoblat,2171
hype,2172
lpdla2,2173
universiteperpignan,2174
mulhouse,2175
lagallerie,2176
wearemuslimdontpanik,2177
bt,2178
culturetexpression,2179
vendredilecture,2180
charlieetlachocolaterie,2181
abdelsalamzayed,2182
mobilite,2183
puppy,2184
californianfriend,2185
ch,2186
attacco,2187
parigi,2188
romain,2189
fridaymeeting,2190
pr,2191
work,2192
brief,2193
cubalibre,2194
aprimegroup,2195
france5tv,2196
bayonne,2197
charliehedbo,2198
charliepleure,2199
garestcharle,2200
tgv,2201
idv4,2202
ville,2203
palaiseau,2204
blaze,2205
boarding,2206
eurostar,2207
cetaithorrible,2208
richgang,2209
charlieebdo,2210
customerengagement,2211
wef,2212
satire,2213
enriqueout,2214
vscocam,2215
connard,2216
af7,2217
af1695,2218
cr,2219
chateauthierry,2220
tropdegrosmot,2221
wheelchairtenni,2222
colloqueiris,2223
chasingfog,2224
nanou,2225
obama,2226
sagittaire,2227
departementales2015,2228
windowsphone,2229
chat,2230
home,2231
sleepincat,2232
bluecat,2233
girl,2234
contreleterrorisme,2235
attentatdammmartin,2236
mmm,2237
montpelliermediterraneemetropole,2238
corum,2239
saadlamjarred,2240
rytwyt,2241
ratp,2242
kouachibrother,2243
tagueule,2244
goji,2245
antioxydent,2246
gshc,2247
kloten,2248
d1feminine,2249
nowreading,2250
lesfillesauchocolat,2251
blend,2252
mashallah,2253
cemondeestfou,2254
estoymuymal,2255
jodidaperocontenta,2256
liberted,2257
fuite,2258
infographie,2259
abonnezvousacharlie,2260
bombingnkm,2261
corrieredellasera,2262
team225,2263
prayersforfrance,2264
france3,2265
efgh,2266
teamol,2267
letouquet,2268
talk,2269
photosbookschallenge,2270
liyahpbc,2271
irreel,2272
findespartiel,2273
findumassacre,2274
noussommestouscharlieetpolicier,2275
inpi,2276
pi,2277
holande,2278
hb,2279
imagine,2280
lita,2281
journalistejulia,2282
velo,2283
elysee,2284
jaimepasquand,2285
pokemonora,2286
cambadeli,2287
mnef,2288
gameofthrone,2289
teamcj,2290
fraternity,2291
tv,2292
top14,2293
directpr,2294
zone,2295
guerre,2296
tank,2297
plantu,2298
une,2299
toulouseestcharlie,2300
freelivio,2301
onsefollownonstop,2302
onsefolowcommedhabaucalme,2303
onsefolowlevendredisanspression,2304
soleil,2305
stres,2306
fortdefrance,2307
martinique,2308
itf,2309
tournoi,2310
lne,2311
streetart,2312
lafrancevaincra,2313
hommagecharliehebdo,2314
danielmermet,2315
tropdebf4enmoi,2316
lyceebarthou,2317
pau,2318
impossibledetrainer,2319
noussommesensemble,2320
sodatheend,2321
sodaprime2,2322
sodalereveamericain,2323
streetview,2324
smsg,2325
franceprofonde,2326
admirationsanslimite,2327
eauguideline,2328
some,2329
conseilpi,2330
trouverlesmot,2331
madoucefrance,2332
emotion,2333
selfietime,2334
hope,2335
vivevigipirate,2336
sisilesclocharde,2337
onair,2338
filsdepute,2339
teamgetsugatensho,2340
teamhollow,2341
teamcelloparfait,2342
nrjhit,2343
wtabrisbane,2344
jesuisdieudonne,2345
toiaussiparlecommelesbienpensant,2346
lmpt,2347
wf,2348
drugdealersdream,2349
pornfood,2350
connerie,2351
incroyable,2352
jesuissyrie,2353
sauvezkiki,2354
teamiphone,2355
rtsi,2356
charliechaplin,2357
rainews24,2358
mo,2359
nancy,2360
salamaleykoum,2361
nko,2362
lylyhtfltlmhrjn,2363
mhrjndbylltswq,2364
mydsf,2365
paixamoname,2366
guojifa,2367
sparatoria,2368
forgetthem,2369
nomatter,2370
jenesuispasbokoharam,2371
ourangelcaroline,2372
cestlaguerre,2373
xvbarbar,2374
onveutdelaviolencequedanslecoker,2375
lebon,2376
charlotte,2377
draw,2378
chaussette,2379
cartoonist,2380
walkingdead,2381
arabsgottalent,2382
cafe,2383
gemeaux,2384
quelleconne,2385
ilestpasshiny,2386
gaminglive,2387
manifestationlyceenne,2388
mortalkombatx,2389
xboxone,2390
xbox360,2391
jesuislasyrie,2392
leboncoin,2393
honte,2394
espana,2395
ideesblanche,2396
albaghdadi,2397
9janvier,2398
cielbleu,2399
pasdevent,2400
nocomment,2401
rohff,2402
lepoint,2403
lunch,2404
microwave,2405
beef,2406
burger,2407
charal,2408
packaging,2409
unbox,2410
unboxing,2411
googlemap,2412
sokakgorunumu,2413
thanksforallfromfrance,2414
graciasatodosdesdefrancia,2415
somoscharlie,2416
chicagopd,2417
cidelacomte,2418
finalfantasy,2419
caseraitpasderefusencemoment,2420
respect,2421
onestcharlie,2422
jediscajedisrien,2423
juicy,2424
mosquee,2425
google,2426
ylosabe,2427
gattuso,2428
connectioooon,2429
professionnalisme,2430
idiot,2431
cequelepeupleveux,2432
vivelafrancevivelanation,2433
lesislamistessonttoutsaufmusulman,2434
terrorismhasnoreligion,2435
sermont,2436
voeuxpieux,2437
caen,2438
hommageauxvictime,2439
comunismo,2440
socialismo,2441
nao,2442
truestory,2443
teamhallydaybonne,2444
facepalm,2445
nananayreuuuh,2446
cyberattaque,2447
infoouintox,2448
raslebolmaintenantcestleweekend,2449
musulmanschretienjuifstousuni,2450
starbuck,2451
vincenne,2452
ouvalemonde,2453
pitin,2454
tarn,2455
saintmande,2456
cjwarrior,2457
punaise,2458
eje,2459
vautour,2460
portedevincenne,2461
prisedotagesdammartin,2462
prisedotagesvincenne,2463
let,2464
chiswick,2465
telegraaf,2466
lemondeestfou,2467
porte,2468
paysdefou,2469
horreur,2470
nation,2471
charliehebo,2472
europe1,2473
rouen,2474
havre,2475
bigmoon,2476
wtf,2477
reuter,2478
choque,2479
fautrelativiser,2480
trousducul,2481
chaud,2482
danmartin,2483
violsquad,2484
guerrecivile,2485
wearelegion,2486
weareananonymou,2487
blanc,2488
nsf,2489
union,2490
degoutee,2491
francaise,2492
hypercasher,2493
madonna,2494
testino,2495
casher,2496
larochelle,2497
attempt,2498
bordel,2499
cauchemar,2500
arretezle,2501
soireecj,2502
barouf,2503
party,2504
drunk,2505
lamour,2506
semaine,2507
hypercacher,2508
cestpashumain,2509
model,2510
mbnyfw,2511
cod,2512
terrorisme,2513
mortauxjuif,2514
progaza,2515
fussillade,2516
triste,2517
2emefusillade,2518
attentatvincenne,2519
tueurdemontrouge,2520
antisemitisme,2521
portevincenne,2522
sacregorafi,2523
jesuiscacher,2524
jesuispasmanipulee,2525
jevousemmerde,2526
jesuischard,2527
jesuislalibertedexpression,2528
jesuistwitter,2529
soldatdugignenpuissance,2530
lamaturitevientaveclesballe,2531
toujoursplusbandedidiot,2532
insoutenable,2533
bringback2014,2534
amisraelhai,2535
herosdestempsmoderne,2536
imagesurrealiste,2537
islamistecontreunmcchicken,2538
breakingnew,2539
stabilo,2540
1stmg1,2541
depardieu,2542
cacontinue,2543
onlacherine,2544
bougie,2545
caricature,2546
commeca,2547
citation,2548
choquant,2549
blessed,2550
dessinemoiuncharlie,2551
avignon,2552
defense,2553
paris14,2554
fusilladeaptedevincenne,2555
epiceriecasher,2556
garedelyon,2557
jesuismuslim,2558
prisedotageidf,2559
positiveattitude,2560
noussommeslaliberte,2561
rirejaune,2562
colere,2563
jeshuischarlie,2564
lapalissade,2565
jetremble,2566
montparnasse,2567
fear,2568
1dessinparjour,2569
quentin,2570
effaree,2571
loui,2572
onapaspeur,2573
nime,2574
nimoi,2575
betisehumaine,2576
diretta,2577
chateauroux,2578
yenamarre,2579
fda,2580
situation,2581
live,2582
stopviolence,2583
motherfucker,2584
nrf15,2585
dassault3d,2586
paristerror,2587
onepiece,2588
killthemonster,2589
reine,2590
galette,2591
twittinreim,2592
restonsuni,2593
courageatou,2594
standwithfrance,2595
poorpari,2596
lastpic,2597
mhscom,2598
prisesdotage,2599
lfav,2600
paris19,2601
lafrance,2602
prayforfrance,2603
velib,2604
pavesparisien,2605
terrifiant,2606
mondedefou,2607
stuck,2608
sdlmjrd,2609
monrouge,2610
merguez,2611
saucesamourai,2612
valencienne,2613
gta,2614
banque,2615
24hchrono,2616
jesuislaliberte,2617
flambinationale,2618
prisesd,2619
attaque,2620
jesuisfrancaise,2621
immuslim,2622
notinyourname,2623
heleneboucher,2624
mauriceravel,2625
giornalismoitaliano,2626
stadeoceane,2627
mouillette,2628
jesuishypercacher,2629
jesuisvivante,2630
tristerealite,2631
nostalgie,2632
war,2633
followfriday,2634
quipeutleminimum,2635
degout,2636
soyonsvigilant,2637
ataquesterrorista,2638
paz,2639
retranchechezmoi,2640
fifa15,2641
pc,2642
god,2643
humournoir,2644
mdr,2645
coherence,2646
signaletique,2647
jesuisjuiffrancai,2648
hypercashervincenne,2649
ambiance911,2650
mondedemerde,2651
annulationdebillet,2652
annulationsdereunion,2653
mercipourletaff,2654
diehard,2655
pareil,2656
indispensable,2657
onfaitpascour,2658
angry,2659
revolte,2660
ra,2661
jesuisjuif,2662
jesuisfrancai,2663
nrknyheter,2664
effroi,2665
freedomofexpression,2666
seconddegre,2667
pleursetrage,2668
besancenot,2669
ei,2670
africa1,2671
joke,2672
m,2673
horrifie,2674
contribuez,2675
onnnnnn,2676
jesuiskouachi,2677
montouge,2678
noracism,2679
noproblem,2680
tseitconf,2681
ptnnnnnnnnn,2682
c,2683
first,2684
vicenne,2685
monpere,2686
comique,2687
momentdetente,2688
alerteattentat,2689
franceunderattack,2690
francecounterstrike,2691
jenaipaspeur,2692
enquete,2693
flagrance,2694
parquet,2695
prisedotagetoutlesjour,2696
desmortstoutlesjour,2697
horizon2020,2698
h2020,2699
smeinstrument,2700
avisderecherche,2701
corbeilessonne,2702
24chrono,2703
orgueil,2704
carpentra,2705
prierespourlafrance,2706
hayatboumeddiene,2707
gtaonlive,2708
5etoile,2709
ptinjesuisrefet,2710
newsnight,2711
ensemble,2712
panicabord,2713
troppeur,2714
imnotaffraid,2715
taubira,2716
shame,2717
franceinfo,2718
mentalite,2719
wearestrong,2720
grosbordel,2721
kldconcept,2722
ungarsunefille,2723
juifashkenaze,2724
jeveuxgardermabourseetespererlersa,2725
juriste,2726
assa,2727
beauty,2728
tripottemoi,2729
stopalhorreur,2730
catacombe,2731
bu,2732
espacepierrecardin,2733
flippant,2734
cacraintduq,2735
juifsdefrance,2736
gun,2737
blood,2738
peripherique,2739
banniere,2740
memepaspeur,2741
unpeu,2742
frenchie,2743
frenchbulldog,2744
instamomment,2745
fhaine,2746
stupide,2747
revenge,2748
angoisse,2749
ignorance,2750
ahouuuu,2751
amedy,2752
hayat,2753
allolemonde,2754
lf,2755
blingbling,2756
daesh,2757
impuissance,2758
sfrtv,2759
trocadero,2760
callofduty,2761
directcirco,2762
freepalestine,2763
jesuiseliselucet,2764
toujourslesmeme,2765
meyzieu,2766
boumedienne,2767
coulibaly,2768
twitter,2769
newstuff,2770
desolant,2771
terroristi,2772
francia,2773
circuitsarthe,2774
sable,2775
varade,2776
anger,2777
preenpail,2778
lajusticefrancaise,2779
weatherthestorm,2780
chateaucreux,2781
stetienne,2782
gvt,2783
valenciennoi,2784
lafrancepartenvrille,2785
sydneysiege,2786
aussietv,2787
sydney,2788
fbf,2789
jaime,2790
autun,2791
matilda,2792
formidablesactrice,2793
quel,2794
casuffit,2795
tuerie,2796
soutienpoliciersvictime,2797
policeendeuil,2798
fontenayauxrose,2799
tweeto,2800
pause,2801
netouchepasmoncharlie,2802
eca,2803
commission,2804
marianne,2805
jourdemerde,2806
lesgensnontplusdementalite,2807
torreeiffel,2808
lst,2809
quellegalere,2810
jaipaspeur,2811
fluctuatnecmergitur,2812
tousensemble,2813
expandable,2814
ruedesrosier,2815
gametheory,2816
islamistheproblem,2817
aquitaine,2818
symmetry,2819
sushi,2820
jssnew,2821
oltfc,2822
aboutdesfou,2823
posey,2824
eiffelturm,2825
psychose,2826
findumonde,2827
sarcelle,2828
eitbalbisteak,2829
dylan,2830
partielsfini,2831
resistance,2832
nr,2833
csa,2834
lepen,2835
thomaspresident,2836
nonalaterreur,2837
charlielareleve,2838
raison,2839
maindanslamain,2840
fr2,2841
classique,2842
satory,2843
belgium,2844
choquee,2845
effrayee,2846
enervee,2847
yakademander,2848
changedetafttles2semaine,2849
nightcall,2850
lycee,2851
izy,2852
courriepicard,2853
astuce,2854
survie,2855
yodajesui,2856
tweetloca,2857
code,2858
maybelastpictureofme,2859
iamslaveforu,2860
bspear,2861
carcassonne,2862
toureiffel,2863
laiguillonsurmer,2864
mesuresdesecurite,2865
identity,2866
offffffff,2867
criminologie,2868
bball,2869
onrefuse,2870
nomorefur,2871
irt,2872
laurierstvawards2015,2873
photocall,2874
nogorafi,2875
hautesavoie,2876
annecy,2877
louisemichel,2878
amedicoulibaly,2879
reston,2880
algorithme,2881
cristinacordula,2882
inconscience,2883
sorrynotsorry,2884
upjv,2885
lyonestcharlie,2886
soutine,2887
jaimalamafrance,2888
lemondedevientfou,2889
criminologue,2890
cazeneuve,2891
panteon,2892
pantheon,2893
tulle,2894
muchlove,2895
dur,2896
lci,2897
epau,2898
lelude,2899
mayet,2900
cyclisme,2901
chanson,2902
sarkozy,2903
thevampirediarie,2904
frn,2905
appstore,2906
pfe,2907
lafamille,2908
wenger,2909
fcgb,2910
sanogo,2911
creut,2912
musulmnschretiensjuifstousuni,2913
leagueoflegend,2914
riposte,2915
androiddev,2916
unitedweare,2917
francaisrestonssolidaire,2918
capartenvrille,2919
psycho,2920
lehavre,2921
mequedeatrapadaenfrancia,2922
video,2923
rendezvou,2924
instagram,2925
puterie,2926
fela,2927
rosier,2928
sorrynotsorryactuallyiamalittlebitsorry,2929
tmtc,2930
quelavenir,2931
thepurge,2932
great,2933
goodfun,2934
animaux,2935
chancespourlafrance,2936
bonjesor,2937
homeland,2938
bugerking,2939
soldes2015,2940
fratouforlife,2941
over,2942
sideration,2943
chagrin,2944
tellementvrai,2945
fiere,2946
deuil,2947
perfume,2948
galimard,2949
grasse,2950
eze,2951
village,2952
excited,2953
fragrance,2954
francd,2955
history,2956
traveling,2957
travel,2958
travelimg,2959
solidaire,2960
weekend,2961
touscinema,2962
hipster,2963
champselysee,2964
hypercachervincenne,2965
coffeetime,2966
coffee,2967
drink,2968
noussommesfrancai,2969
amigo,2970
meuamor,2971
portedecharenton,2972
coexistance,2973
twittcyclo,2974
rueil,2975
beast,2976
bestia,2977
sisilefilm,2978
periph,2979
atleastitsfriday,2980
journalisme,2981
teamquenelle,2982
teamdieudonne,2983
incompetence,2984
manquederespect,2985
teamnagui,2986
hyperlapse,2987
abdallah,2988
workhardplayhard,2989
noisyfc,2990
touchepasamonabolition,2991
vdp,2992
attentatapari,2993
paulduez,2994
codghost,2995
coreedunord,2996
mashable,2997
arte,2998
egalite,2999
fraternite,3000
innovra2015,3001
innovation,3002
tourisme,3003
ilakeannecy,3004
stateofemergency,3005
troca,3006
ca,3007
fait,3008
bizarre,3009
parissiege,3010
alert,3011
realite,3012
teamrealmadrid,3013
lacostise,3014
collegue,3015
brystshtl,3016
shrlyybdw,3017
woman,3018
jaiperdumaveste,3019
jpmv,3020
vv,3021
interdire,3022
pasqualnapolitano,3023
pezena,3024
de,3025
tweetcyclo,3026
cyclismactu,3027
iran,3028
velizy2,3029
noncestbonchef,3030
clashofclan,3031
tuescharlie,3032
twelcome,3033
bienvenue,3034
coli,3035
yescharlieem,3036
nhm,3037
rcmlive,3038
lezi,3039
lavieestdure,3040
paris20,3041
fakirmangemarinelepen,3042
minisurprise,3043
lebluesdelaskieuse,3044
heartofglas,3045
blondie,3046
heart,3047
chrysali,3048
phonogram,3049
print,3050
gravure,3051
linogravure,3052
estampe,3053
coeur,3054
tomorrowland,3055
trainingtime,3056
infinity,3057
tufinirattseul,3058
rose,3059
pink,3060
bonnechanceamoi,3061
noussommeskouachi,3062
coupsdefeux,3063
grenade,3064
coupsdefeu,3065
jesuischarlesmartel,3066
plusdrole,3067
noob,3068
assaut,3069
detonation,3070
echangesdetir,3071
endomondo,3072
endorphin,3073
thevoice,3074
urgent,3075
dammartinengeole,3076
tshirt,3077
oversize,3078
loveyou,3079
lemag,3080
findunvieuxmonde,3081
jesuistonpere,3082
jailesboule,3083
ilfautarreter,3084
chelmietmosspres,3085
prion,3086
killed,3087
murded,3088
melenchon,3089
at,3090
koachi,3091
eitbnoticia,3092
mea,3093
handball,3094
hero,3095
fumee,3096
teamgign,3097
teamraid,3098
toulousematabiau,3099
lpj,3100
lafrancevamal,3101
antiom,3102
teampsg,3103
leclerc,3104
dilemme,3105
lesrisquesdudirect,3106
grossepensee,3107
vodkcommando,3108
pray,3109
international,3110
dommartin,3111
justepourinfo,3112
sauvage,3113
barbare,3114
crevezle,3115
foyer,3116
lagallery,3117
len,3118
terpicardie,3119
gdn,3120
oui,3121
jairegardehatufim,3122
ethomeland,3123
attentatpari,3124
jesuisfrederic,3125
actualite,3126
safaispasrire,3127
hostagetaking,3128
paca,3129
fierdenotrepay,3130
doubleassault,3131
bitsinartik,3132
fblogger,3133
qidepoule,3134
dumberndumber,3135
francai,3136
exposition,3137
photo,3138
pologne,3139
lyon8,3140
art,3141
porrtedevincenne,3142
toutvabiensepasser,3143
jesuislapolice,3144
jesuiscoulibaly,3145
deprime,3146
bienfait,3147
officiel,3148
imagebfmtv,3149
lafrancelibre,3150
tryo,3151
assault,3152
karachi,3153
otageslibere,3154
bmftv,3155
appelauxarme,3156
soulagee,3157
stopa,3158
yatikeumsarta,3159
proud,3160
jesuisgign,3161
jesuisraid,3162
ingres,3163
amen,3164
toutvabien,3165
soyezfier,3166
fuckingterroriste,3167
joie,3168
surveillance,3169
withdrawal,3170
americanpartie,3171
jesuisfrancaisetfier,3172
techno,3173
brulerenenfer,3174
justicerendu,3175
vousetesdesmito,3176
merciauxforcesdel,3177
bravogign,3178
bravoraid,3179
boxing,3180
attaquecharliehebdo,3181
koulibaly,3182
francevenger,3183
opjesuischarlie,3184
khouashifilsdepute,3185
tweetironique,3186
lesfrereskouachi,3187
infoitele,3188
onrigole,3189
damlartin,3190
jesuisbri,3191
soyonsuni,3192
vengencedecharlie,3193
jetaischoquer,3194
impressionnant,3195
flicporn,3196
efficacite,3197
tuesmortalor,3198
gedarmerie,3199
merciaugign,3200
jesuisduraid,3201
jesuisdugign,3202
jesuisotage,3203
kwshy,3204
bry,3205
shrly,3206
tant,3207
gendarmerienationale,3208
policenationale,3209
doubleassaut,3210
thx,3211
touchepasamafrance,3212
can2015,3213
mortdesfrereskouachi,3214
forceetcourage,3215
grosrespect,3216
prenezjustinbieberrendeznouslesotage,3217
paristerrorattack,3218
soulagement,3219
lpdl2,3220
fieredelafrance,3221
bravomorray,3222
bravoayanice,3223
jeromejarre,3224
restonsdebout,3225
jesuisjournaliste,3226
jesuisjesui,3227
jesuishuman,3228
fieredetrefrancai,3229
ennemisdelaliberte,3230
jesuisunpolicier,3231
prise,3232
bravoaugignetauraid,3233
fleurpellerin,3234
jeneseraisjamaischarlie,3235
frereskouachimort,3236
serveur,3237
penseemue,3238
noracismo,3239
gendarme,3240
pompier,3241
francelibre,3242
samerevolte,3243
kasher,3244
yaquademander,3245
xbox,3246
boyfriendoftheyear,3247
prayersforpari,3248
comble,3249
jesuisfrancaisetlibre,3250
yosoycharlie,3251
honneur,3252
chateau,3253
castle,3254
lotr,3255
opec,3256
vendredi,3257
bravoaukfc,3258
word,3259
7ui,3260
lacitedelapeur,3261
vivelarepublique,3262
fieredemonpay,3263
bravojul,3264
suitedemain,3265
leskouachisontmort,3266
kouachifdp,3267
eldiez,3268
ruedesfilatier,3269
pascool,3270
rideau,3271
fin,3272
confirme,3273
2poids2mesure,3274
ncaa,3275
qatar2015,3276
tournoixxl,3277
cac40,3278
flicaveccharlie,3279
suischarlie,3280
happybirthday,3281
merciyanice,3282
denada,3283
denouement,3284
charlieestvenge,3285
francaisetfier,3286
respectgign,3287
respectraid,3288
grosbuveur,3289
l,3290
franceisalive,3291
blablaonsaitrienonvoitrien,3292
bbox,3293
olivierschwarz,3294
lesgen,3295
citroen,3296
letempsestcompte,3297
onnoubliepaslescharliesmen,3298
jetaiskouachi,3299
jesuisunemerde,3300
desolejesor,3301
incertaine,3302
kouachimort,3303
jesuismusulmane,3304
noussommestousdescharlie,3305
bijouterie,3306
leskouachissontmort,3307
lastfav,3308
capoussecommedessouriscestare,3309
islamophobie,3310
notinthenameofislam,3311
pasdexcuse,3312
fatkiller,3313
jesuischalie,3314
paysdemerde,3315
pendaison,3316
mercilafrance,3317
baumelesdame,3318
soyonstousunisjuifschretiensmusulman,3319
jesuispourlajustice,3320
libre,3321
blesse,3322
ripkouachi,3323
lswdy,3324
jldryfbdwy,3325
cestdi,3326
badkarma,3327
encore,3328
tisseo,3329
motu,3330
couard,3331
jesuisgendarme,3332
kwlybly,3333
ripcarolina,3334
ripcarolineagreda,3335
ilfautetrelucide,3336
vousetescharlie,3337
lolace,3338
golanyosef,3339
lui,3340
leseul,3341
jetaime,3342
e,3343
ripmegan,3344
parlement,3345
europeen,3346
batiment,3347
louise,3348
weis,3349
pe,3350
eu,3351
gendarmeriefrancaise,3352
hyper,3353
spongebob,3354
monreve,3355
finilecarnage,3356
braquagequitournemal,3357
ilssontmort,3358
bisou,3359
forceselite,3360
et,3361
ironiedelhistoire,3362
jesuismaxime,3363
jaimemonprophete,3364
sakinefidanleyla,3365
mercilegign,3366
galettedesroi,3367
belleequipe,3368
bravoauforcesdelordre,3369
cestpasfini,3370
lesmec,3371
babe,3372
jlm,3373
lesbest,3374
lesreinesdushopping,3375
mysteremystere,3376
vin,3377
wine,3378
southafrica,3379
floreal,3380
lepetitballon,3381
verita,3382
lemondepartencouille,3383
coulibalypatatemanmanw,3384
journeedemerde,3385
grossepairedecouille,3386
fierdetrefrancai,3387
bravogipnraidetraid,3388
fautyareter,3389
asmensemble,3390
hommageavou,3391
reposezenpaix,3392
ahmetkaya,3393
yilmazguney,3394
docteurqasimlo,3395
unepenseepourlesvictime,3396
mercilesforcesdelordre,3397
putaingdemonde,3398
finislecarnage,3399
smaack,3400
geek,3401
amedycoulibaly,3402
blackm,3403
justicerendue,3404
questcequisepasse,3405
terrifier,3406
bouffon,3407
forcesspeciale,3408
assasinat,3409
innocent,3410
vigilance,3411
martyrsmoncul,3412
dinan,3413
charenton,3414
merah,3415
sponsor,3416
fonctionnaire,3417
starwarstheforceawaken,3418
noshero,3419
littlemixfanart,3420
forcealafrance,3421
stupefait,3422
hallway,3423
fra,3424
farwest,3425
amedi,3426
opelopeanointing,3427
immonde,3428
greatwhiteshark,3429
nousommescharlie,3430
findugame,3431
charlieestvenger,3432
baygon,3433
saarpfalz,3434
nopegida,3435
nosaargida,3436
ea7armanie,3437
tuconnaisoupa,3438
izi,3439
illustratoripercharlie,3440
jecroiselesdoigt,3441
grammarpolice,3442
grammarnazi,3443
placejeanjaure,3444
leplumeseratoujoursplusfortequelefusil,3445
rib,3446
cut,3447
lesfrereskouachimort,3448
capo,3449
tuvaparler,3450
psychopathe,3451
quilreposeenpaix,3452
hollywoodgirls4,3453
imprimerie,3454
sosad,3455
tousavecvou,3456
whatechelonmeanstome,3457
bosse,3458
jesuischicheur,3459
otagesvincenne,3460
forceethonneur,3461
cacommencebien,3462
ousuisje,3463
3minutespourcomprendrelebigbang,3464
fnac,3465
bellecour,3466
quellemassacre,3467
policemunicipale,3468
macroeconomie,3469
jesuisconsterneparlaconneriehumaine,3470
iosonocharlie,3471
liberta,3472
parisetmoi,3473
praysforpari,3474
encule,3475
appelalafrance,3476
unionnationale,3477
athismon,3478
decu,3479
babtoussolide,3480
levalloi,3481
colissuspect,3482
teamb,3483
allaroundtheworld,3484
nederland,3485
fipn,3486
jesuischezfred,3487
happybirthdaykatemiddleton,3488
teamalonzo,3489
capodeicapi,3490
rdc,3491
braquage,3492
saintjeandangely,3493
om,3494
mhsc,3495
taff,3496
lasneakydusiecle,3497
rassemblementnimoi,3498
securite,3499
piratageinformatique,3500
cloud,3501
fierte,3502
feelbad,3503
thirsy,3504
louisgarrel,3505
iwanrheon,3506
assassinee,3507
devinerlasuite,3508
bspp,3509
normal,3510
merkel,3511
travaildepro,3512
sapartencouille,3513
gauche,3514
proce,3515
tesvisermgl,3516
noussommestousdesjuifsfrancai,3517
ronnieradke,3518
fallinginreverse,3519
terrorattck,3520
radical,3521
prospectu,3522
bourde,3523
presquegeekette,3524
autaquet,3525
riplalaicite,3526
libertejecheristonnom,3527
rugby,3528
rera,3529
idole,3530
annecyestcharlie,3531
svamld,3532
salariecarton,3533
onveutpasdemarinelepenen2017,3534
kevinekomanfeatma2x,3535
flashinfo,3536
musulmandefrance,3537
pourlapeinedemort,3538
franceunie,3539
vivreensemble,3540
prisedotagechallenge,3541
mashallahlasolidarite,3542
multil2,3543
essf,3544
essainte,3545
grandrespect,3546
train,3547
rff,3548
alstom,3549
bombardier,3550
z24500,3551
ter2nng,3552
baroque,3553
chapel,3554
chapelle,3555
voeux2015,3556
islamispeace,3557
jesuislegign,3558
jesuisleraid,3559
jourdecolere,3560
anniversaire,3561
recuperacion,3562
journeedemalade,3563
choisirsonpay,3564
faitdiver,3565
sangfroid,3566
update,3567
manifcharlie,3568
tropdemistere,3569
usclaja,3570
ligue2,3571
cartesfindejeu,3572
kosovo,3573
justcharlie,3574
adieudevousjuger,3575
teixobactin,3576
mrsa,3577
chicagobull,3578
conferenceest,3579
tropctrop,3580
cristianoballondor2014,3581
charte,3582
gtaonline,3583
charmed,3584
allezbrive,3585
coujoupower,3586
rassurant,3587
gignraid,3588
parij,3589
oupspardon,3590
restonssoude,3591
newheader,3592
jesuisanonyme,3593
lequipeduchef,3594
hallu,3595
filene,3596
secour,3597
inedit,3598
affichetotale,3599
cdb,3600
iianhalimi,3601
ironia,3602
ko15,3603
jacquard,3604
stuckinlove,3605
francaisetuni,3606
airforceone,3607
louisvuittonspeedy,3608
schwartz,3609
sadday,3610
arcdetriomphe,3611
ysl,3612
jesai,3613
monoprix,3614
conspiracy,3615
dimanche11,3616
mate,3617
longisland,3618
icedtea,3619
cocktail,3620
booba,3621
illogique,3622
africaleader,3623
cdanslair,3624
berck,3625
boulogne,3626
jesuiscasher,3627
charliehebdowon,3628
revolution,3629
jeunesse,3630
jeuneencolere,3631
lovemelikeyoudo,3632
repost,3633
snapvam,3634
alertealabombe,3635
h,3636
chartre,3637
onestenoccident,3638
fautpassimposer,3639
gangdesbarbarre,3640
infoaprendreavecdespincette,3641
francesoudee,3642
manuelvall,3643
apb,3644
mecfragil,3645
doorway,3646
intern,3647
stage,3648
produison,3649
frenchhostage,3650
jesuisapero,3651
montevideo,3652
charlievenge,3653
fooovideobuzzkill,3654
franceakbar,3655
confianceenhollande,3656
europa,3657
cheektocheektour,3658
lzzy,3659
mortdansuneimprimerie,3660
window,3661
onsefollowentrecharlie,3662
lookoftheday,3663
bf4,3664
mercigign,3665
valdefontenay,3666
manhattancafe,3667
grosdebile,3668
gallery,3669
cai,3670
soutienauxpopulation,3671
chocolatnoir,3672
relieved,3673
lpdla,3674
jesuisjuive,3675
lpda2,3676
grandmoment,3677
fooovideovolcano,3678
fooovideodumbstruck,3679
theatre,3680
spectacle,3681
islamdehor,3682
reconquete,3683
france3bourgogne,3684
thanksobama,3685
ninaizcharlie,3686
repaca,3687
regram,3688
lslmbrymn,3689
obamaischarlie,3690
schwarz,3691
faussealerte,3692
ouf,3693
lyceedelalbanai,3694
cemomentou,3695
amortleterrorisme,3696
soutientauxvictime,3697
annulezlamarchedu11janvier,3698
rctrm92,3699
douchetime,3700
unite,3701
traitre,3702
vectra75,3703
lhommeaucarton,3704
mgsphantompain,3705
tuvaslavoirtonparadi,3706
djihad,3707
hac,3708
maillol,3709
dncg,3710
deshero,3711
crest,3712
mort,3713
votemusulman,3714
greganquetil,3715
edf,3716
rateforslyz,3717
rmcinfo,3718
islamestunesaloperie,3719
c3,3720
ldpla2,3721
mercilegignetleraid,3722
journeeinterminable,3723
microbiome,3724
decueparlhumanite,3725
cupcake,3726
lyceeatlantique,3727
nhmestcharlie,3728
caseneuve,3729
tweetcommecharliehebdo,3730
sugarmamagrenoble,3731
siri,3732
jesuistriste,3733
atentat,3734
djazairi,3735
maghrebi,3736
twanssa,3737
unbonmusulmanestunmusulmanmort,3738
destiny,3739
jesui,3740
algerie,3741
sunday,3742
newepisode,3743
askolovitch,3744
france5,3745
salope,3746
supercacher,3747
unpeudespoir,3748
stagiaire,3749
thirdyearabroad,3750
jesuiszyedbounaremiettouslesautre,3751
dubitative,3752
andresy,3753
hostagesituationselfie,3754
cantwait,3755
photooftheday,3756
capitole,3757
edc,3758
vincennne,3759
boum,3760
eitbnotiia,3761
madurorenunciaya,3762
ritualfridayevening,3763
antifa,3764
saintquentinvoeux,3765
jaimelafrance,3766
demotivateur,3767
staymotivated2015,3768
admirable,3769
popopooo,3770
popopoooomikadoooo,3771
fucklesautresartiste,3772
touquet,3773
onestpastousseul,3774
onestensemble,3775
objectif,3776
baobar,3777
daiqui,3778
fraise,3779
bestoftheday,3780
pasdecoeur,3781
tanguypresident,3782
viensonsaime,3783
liberteedexpression,3784
i,3785
m6,3786
confusiononpeoplemind,3787
cocchilapute,3788
oligarchie,3789
chatellerault,3790
assassine,3791
fredericboisseau,3792
ouestlerespect,3793
attaquesterroriste,3794
extraordinaire,3795
keeppraying,3796
stopauterrorisme,3797
jesuischloe,3798
mohamerde,3799
sleepyhollow,3800
orion,3801
cumpleano,3802
patoton,3803
pleasestop,3804
justwait,3805
retournementdesituation,3806
creer,3807
tweetserieux,3808
ssdf3,3809
baga,3810
op,3811
imovie,3812
montereausurlejard,3813
aubigny,3814
ellkiosque,3815
siham,3816
stadedelamosson,3817
teammhsc,3818
jesuislesotage,3819
quepasaamigo,3820
coexist,3821
sadek,3822
usainbolt,3823
preparezvousaudrame,3824
jesuiskate,3825
lepapeestcharlie,3826
groupecanal,3827
alqaida,3828
forzaom,3829
cassecouilledebase,3830
killing,3831
hacking,3832
noussommeslafrance,3833
hiverfrancai,3834
reveil,3835
mediasdemerde,3836
libere,3837
enfant,3838
superbe,3839
mercipourcharlie,3840
lozere,3841
respectbri,3842
deeperthanrap,3843
ouestmoncostar,3844
charismedecuple,3845
bos,3846
ellidee,3847
creteil,3848
jyserai,3849
voltaire,3850
malcolm,3851
boudjellal,3852
soutient,3853
national,3854
solidaritatii,3855
freefrance,3856
teroriste,3857
franta,3858
exam,3859
terorism,3860
merciauxforcesdelordre,3861
diaspora,3862
voiron,3863
tsr1,3864
clermontferrand,3865
coupmonte,3866
detail,3867
charlibre,3868
13h,3869
vousnetespascharlie,3870
shameonyou,3871
tpmp,3872
racing,3873
fcargenteuil,3874
80zequin,3875
lafranceestcharlie,3876
solidaritefrancaise,3877
forumradioj,3878
radioj,3879
imsoscared,3880
refugee,3881
teamboudance,3882
islamunesaloperie,3883
cestsanglant,3884
cestdurdetreaimepardescon,3885
chiite,3886
insane,3887
baskabirsevdamizolmadi,3888
drapeau,3889
berne,3890
aucunrespect,3891
lecombatnestpasfiniilcommence,3892
thisneedstostop,3893
wn,3894
pasdelimitesaveclefarfadet,3895
mariette,3896
sconancy,3897
livephoceen,3898
nashgrierhug,3899
nashgoal,3900
flamby,3901
grandmerelourde,3902
casselatete,3903
onarrivequand,3904
francoishollande,3905
marseilleestcharlie,3906
barege,3907
pyrenee,3908
cute,3909
upholstery,3910
bravoetmerciauxpolicier,3911
tahir,3912
mermozhebdo,3913
diogeneestcharlie,3914
bergson,3915
philo,3916
onestdeter,3917
lastyear,3918
1erl1,3919
tvrealite,3920
integration,3921
diversite,3922
fun,3923
nou,3924
l2,3925
scoasnl,3926
bizimbaskasevdamizolmadi,3927
blaguede,3928
tos,3929
allpink,3930
sfpco,3931
teamsti2d,3932
thepinkprint,3933
heritage,3934
grandangle,3935
spreadtheword,3936
yelena,3937
voeux,3938
situvoiscetweet,3939
contactnou,3940
dancing,3941
nawakillustration,3942
deter,3943
symbole,3944
sentinelle,3945
defile,3946
parionssport,3947
eattime,3948
oursong,3949
pokofan,3950
hailhydra,3951
boulet,3952
seemythreelastretweet,3953
message,3954
overdose,3955
jsuischarlie,3956
ripcharlie,3957
undiz,3958
adieumapaye,3959
mouradboudjellal,3960
libe,3961
selfie,3962
renpa,3963
sarzeau,3964
mouradboujelad,3965
iosonoperlaliberta,3966
hommageacharlie,3967
happybirthdaynicolapeltz,3968
laliberted,3969
helenedarroze,3970
diosmio,3971
prayforall,3972
prayforpeace,3973
jevaislirecharlie,3974
velostan,3975
mustaphaourad,3976
eolien,3977
croissanceverte,3978
mediasmanipulateur,3979
argumentation,3980
opportunisme,3981
charlieetlalibertedexpression,3982
jesuissolidsnakedanssoncarton,3983
cvr,3984
grand,3985
sefiecharlie,3986
carbonblanc,3987
sectaire,3988
mercicharlie,3989
jairaison,3990
vousnemefaitespaspeur,3991
fifatime,3992
charny,3993
goodbyeluisenrique,3994
culture,3995
important,3996
discour,3997
legrandjournal,3998
fsog,3999
chabatchalom,4000
kouhari,4001
notaffraid,4002
ilovesuperjunior,4003
wewillstandalltogether,4004
tbf,4005
jesuislhommeaucarton,4006
cestouf,4007
charlihebdo,4008
samu,4009
soutienauxforcesdelordre,4010
etat,4011
frere,4012
monsieur,4013
peaceforpari,4014
sco,4015
fdp,4016
topelevenseason,4017
wewantjanoskiansvideosback,4018
afond,4019
teamathle,4020
education,4021
unfollow,4022
ffspecialtsubeautiful,4023
28min,4024
desertboot,4025
lepoete,4026
monument,4027
aeroportcdg1,4028
rct,4029
unpeudhumour,4030
legerete,4031
opcharlie,4032
huge,4033
marcheblanche,4034
zeid,4035
topeleven,4036
packing,4037
nt1,4038
u15,4039
fch,4040
villedepari,4041
thanksfromfrance,4042
nouvelhayestcharlie,4043
loveyoumyangel,4044
telefoot,4045
jesuisbrett,4046
paixaleursame,4047
famille,4048
trophee,4049
andro,4050
snowboard,4051
anarque,4052
drawing,4053
detroit,4054
world,4055
newmusic,4056
sexy,4057
lescopain,4058
maineventab1,4059
conquer,4060
ce,4061
soir,4062
somme,4063
tou,4064
offffffffff,4065
venezuela,4066
revolucion,4067
surpriseanniv,4068
france2info,4069
mariagepourtou,4070
bfmanipulation,4071
invincible,4072
cinema,4073
vostfr,4074
fridaynight,4075
dayoff,4076
cgr,4077
winter2015,4078
tour,4079
timp,4080
rap,4081
obenfadel,4082
unjourunefusillade,4083
sfco,4084
pblv,4085
verite,4086
laicite,4087
allezmontpellier,4088
fanzouze,4089
foulure,4090
nonnonnon,4091
nofur,4092
teamfragile,4093
theoriginal,4094
frenchpeople,4095
difool,4096
frugalfridayz,4097
jesuiskasher,4098
juvpsg,4099
ahsfreakshow,4100
sabbatdiensten,4101
win,4102
vespa,4103
merciere,4104
teamliguge,4105
stoplapropagande,4106
djadjedje,4107
soiree,4108
jesuismusulman,4109
etmemefrancai,4110
jesuisalgerie,4111
megeve,4112
fock,4113
comdecrise,4114
specialmpokorasurnrjhit,4115
alumniarmy,4116
ironie,4117
aprendreau2degre,4118
hautecouture,4119
fw14,4120
mlp,4121
suicide,4122
specialempokoranrjhit,4123
vivreensemblesvp,4124
lavieetudiante,4125
planeterap,4126
pensee,4127
theoriginalsnt1,4128
jesuischarli,4129
mshcom,4130
cheriffaismoipeur,4131
jesuispardonner,4132
versaille,4133
codaw,4134
gescrise,4135
hela,4136
haine,4137
acaon,4138
mediaspoubelle,4139
sensationnel,4140
avomir,4141
plb,4142
anulezlamarchededimanche,4143
apicube,4144
complot,4145
parispremiere,4146
ardisson,4147
cetaitlapenseephilosophiquedujour,4148
acano,4149
papillon,4150
oiseaux,4151
mycalvin,4152
christiannisme,4153
riplesvictime,4154
louvre,4155
doorkijkje,4156
perspective,4157
lovelockbridge,4158
pontdesamoureux,4159
berigaud,4160
jesuischabli,4161
empireofthesun,4162
payet,4163
greve,4164
onstrike,4165
carecyclelecadeau,4166
dessin,4167
elyssia,4168
vousetestouscharlie,4169
askrealsmg,4170
chichatime,4171
womanhunt,4172
cox,4173
premier,4174
frappeistecienne,4175
saintseb,4176
tipografia,4177
pigiama,4178
moda,4179
chassepattate,4180
clash,4181
reign,4182
challengeseries2015,4183
reinesdesneige,4184
sortle,4185
jesuisunconnard,4186
ironique,4187
lausanne,4188
museeolympique,4189
mondefaut,4190
minutedesilence,4191
onveutdrysurlatourneeblack2015,4192
sijereste,4193
usocrazy,4194
onveutdrysurlatourneeblackm2015,4195
striveforgreatnes,4196
wrapitup,4197
wraplife,4198
naturalhaircommunity,4199
hairwrap,4200
bacblancdemain,4201
boulversee,4202
the,4203
end,4204
me,4205
today,4206
blond,4207
vraisoldat,4208
seulouavecsonregiment,4209
teamco,4210
ladygaga,4211
lesfille,4212
laprogrammation,4213
seriefrancaise,4214
teamdouille,4215
vendredouille,4216
toucheunmembredelafranceetuverrasquonestpastoutseul,4217
blogchat,4218
jecraque,4219
grossescouille,4220
multiplexe,4221
placeducapitole,4222
basquet,4223
crayoncontrecrayon,4224
greysanatomy,4225
aulit,4226
onestla,4227
inlove,4228
eradevalor,4229
243bos,4230
zemmour,4231
nauleau,4232
amarylli,4233
creativemind,4234
airfranceestcharlie,4235
hashtagfail,4236
jesusischarlie,4237
massoud,4238
paixasoname,4239
v,4240
berlaimont,4241
rafale,4242
alerteorangenpdc,4243
internetfriend,4244
orelsan,4245
orelfan,4246
jesuislafrance,4247
night,4248
streetwise,4249
instaphoto,4250
posture,4251
henrysamuel,4252
koshergrocery,4253
jurovenganza,4254
smackdownab1,4255
versetdujour,4256
labible,4257
ysw,4258
oberhof,4259
5sosfam,4260
breeeef,4261
islamistes4g,4262
gensperdu,4263
quiveuxgagnerdesmillion,4264
qvgdm,4265
blocked,4266
tokyoghoulva,4267
souvenirducollege,4268
quiveutgagnerdesmillion,4269
qvgdmillion,4270
lamarche,4271
biathlon,4272
malienne,4273
schillermedical,4274
mariu,4275
bebe,4276
petitcousin,4277
biglooove,4278
vivelaliberte,4279
bonapp,4280
chechenfragile,4281
sapeurspompier,4282
dinercharliehebdo,4283
mechancetegratuite,4284
vivelalgerie,4285
dz,4286
vivelemaroc,4287
djihadiste,4288
pasdefairepart,4289
grammaire,4290
anemberintheashe,4291
champagne,4292
museedulouvre,4293
typo,4294
laliberteavaincu,4295
amediter,4296
true,4297
eagrcl,4298
teamlen,4299
annee2015,4300
newdepart,4301
synchronicity,4302
braywyatt,4303
erickrowan,4304
spartiate,4305
ig,4306
francaisendeuil,4307
actu,4308
en,4309
teamrafa,4310
usomhr,4311
manteau,4312
bonnechancecharlielefilm,4313
pitoyable,4314
lesfranci,4315
laliberteavaincue,4316
sdc,4317
vacance,4318
prono,4319
rtm,4320
onsaitjamai,4321
thescript,4322
jesuisamoureux,4323
nkoulou,4324
ayew,4325
omrani,4326
ajaccio,4327
onsekiffetonsenfout,4328
teammontpellier,4329
marseillaisbelike,4330
cancer,4331
trezeguet,4332
offffff,4333
humanisme,4334
teambillel,4335
tuvasparler,4336
bestfriend,4337
10an,4338
fooding,4339
foodstagram,4340
italianfood,4341
caffedeicioppi,4342
cityguide,4343
nodoycredito,4344
lafrancec,4345
parfait,4346
3dart,4347
pacman,4348
brefaffaitecaler,4349
iantoandjack,4350
daviddeamorim,4351
docapost,4352
laquotidienneouatchtv,4353
ces2015,4354
teamromano,4355
brefaffairecaler,4356
kosher,4357
jalousiiiiiiiiiiiiiiiiiiiiie,4358
suburgatory,4359
dalla,4360
caldofredomiamor,4361
gignhero,4362
red,4363
japon,4364
partisocialiste,4365
teammarjo,4366
ianharding,4367
jesuiscrou,4368
essai,4369
monmar,4370
whatawife,4371
weloveourcast,4372
lesabruti,4373
besoinderire,4374
aymeila,4375
volley,4376
tweetapero,4377
tiep,4378
enquetedaction,4379
tagliatellecremefraiche,4380
antifn,4381
deslendemainsquichantent,4382
chupluskleurkeul,4383
tucomprendra,4384
teamdaleux,4385
jesuiskaouchi,4386
her,4387
jesuismort,4388
d8,4389
histoireinterdite,4390
infostlmsf,4391
chapeau,4392
colocfamilial,4393
disneyland,4394
apa15,4395
honteavou,4396
neverforget,4397
cauchemareveille,4398
lunionfaitlaforce,4399
asafavidan,4400
music,4401
goldshadow,4402
vinylme,4403
vinyladdict,4404
juive,4405
bielsa,4406
squatschallenge,4407
kfc,4408
mario,4409
nintendo,4410
mariobros,4411
napoleon,4412
gaulliste,4413
onsefolowsanspression24h,4414
fback,4415
askpandamoqueur,4416
3rdworldwar,4417
parisestcharly,4418
noussommescharly,4419
saintmichel,4420
fightquest,4421
jimmyfallonmcm,4422
la,4423
specialmpokoranrjhit,4424
youbro,4425
guitar,4426
showcase,4427
bagniole,4428
bbcradio2soundsofthe80,4429
meditation,4430
achacunsoneverest,4431
bdg,4432
liamneeson,4433
broadchurch,4434
mindblow,4435
missedyousobadly,4436
univnante,4437
nicolassarkozy,4438
pronosticsdefolie,4439
borderland,4440
deadpool,4441
suicideprevention,4442
parisse,4443
trucdeouf,4444
jesuisbielsa,4445
grobanagan,4446
sofaking,4447
psgchampion,4448
sfigatidelvenerdisera,4449
futsal,4450
jaimoncharlie,4451
victime,4452
underthedome,4453
teamasse,4454
traumatisme,4455
raclette4ever,4456
mercianonymou,4457
teamvga,4458
victoire,4459
drogue,4460
sex,4461
alcohol,4462
femme,4463
annecharrier,4464
onsekiffetonlassume,4465
paillade,4466
jesuisnoir,4467
chaumont,4468
volleyball,4469
jesuispayet,4470
herisson,4471
twd,4472
newteam,4473
mchitifiha,4474
onlacherien,4475
plouf,4476
eatsushi,4477
resto,4478
meufvener,4479
mercint1,4480
recueillement,4481
marseillaisetleader,4482
allezlom,4483
gilmoregirl,4484
b,4485
pour,4486
dijon,4487
toison,4488
copain,4489
longperrier,4490
tignou,4491
niquecharlie,4492
gossipgirl,4493
voila,4494
mclaren,4495
650,4496
blanchesensible,4497
premiertweetfootdepuis3jour,4498
disney,4499
kyo,4500
jesuisgaza,4501
stmgvivrastmgvaincra,4502
seum,4503
nevse,4504
lonelines,4505
rrrr,4506
beauvai,4507
onsekiffamort,4508
dismoiqueoui,4509
hugoestdetercommeunchien,4510
europeenne,4511
gorafi,4512
emploi,4513
sainte,4514
management,4515
marketing,4516
ecommerce,4517
juvisypsg,4518
kontraster,4519
crazyworld,4520
influence,4521
jetekiffgrave,4522
wwenxt,4523
commentateurfoot,4524
bestquote,4525
smallisbest,4526
etreagnostiquecestcool,4527
mkdd,4528
mandjackdus,4529
frai,4530
lesvraiscomprendront,4531
unknownpleasure,4532
instafood,4533
miammiam,4534
parmentier,4535
imbecile,4536
5hfanuaryday9,4537
ask,4538
houseofdvf,4539
manque,4540
ilestnul,4541
mauvaiscommentateur,4542
connaitpaslesnom,4543
voixnulle,4544
antman,4545
scrub,4546
light,4547
hoteldeville,4548
incroyablesbebe,4549
yaplusquaminviterpourperfectionnermonaccent,4550
lesbronze,4551
cartoonsforpeace,4552
antibe,4553
team221,4554
uncafeavec,4555
fusilladeanime,4556
nimesfusillade,4557
dragonstakevega,4558
jeanjacquesbourdin,4559
henryfexa,4560
hclugano,4561
lemondeestcharlie,4562
valeursrepublicaine,4563
cosme,4564
surprise,4565
nxt,4566
jesuisyohan,4567
jesuistouteslesvictime,4568
laviecontinue,4569
realsmgto400k,4570
casinomontecarlo,4571
lpda,4572
restaurant,4573
gastronomique,4574
cooking,4575
pasmal,4576
chienperdu,4577
zenpp,4578
saintetienne,4579
pluscontumeur,4580
cannabi,4581
medical,4582
australia,4583
jesaispascommentleprendre,4584
blaguedeyusufnemelavolerpassvp,4585
moi,4586
theriotclub,4587
commedansunfilm,4588
kage,4589
wordcloud,4590
lafamillebelier,4591
troubadour,4592
musicologie,4593
gay,4594
offtommo,4595
onoublierajamai,4596
nofilter,4597
support,4598
myself,4599
sweetdream,4600
prensa,4601
religion,4602
amoureux,4603
edmee,4604
stoplecontroleaufacie,4605
lafranceendeuil,4606
liban,4607
climbing,4608
boulder,4609
couleurcaillou,4610
allerom,4611
omchampion,4612
smecta,4613
unbonjuif,4614
defiduquotidien,4615
faya,4616
tresmal,4617
buenasnoche,4618
gutennacht,4619
goodnight,4620
bonumnocte,4621
truefrienship,4622
ilestcontent,4623
cavapasplaireatoutlemonde,4624
c215,4625
jeanjaure,4626
vitry,4627
vitrysurseine,4628
yassinepresident,4629
leprenom,4630
jpp,4631
teamkabyle,4632
teamalgerie,4633
teambejaia,4634
herocorp,4635
talalmadih,4636
aumauvaismoment,4637
hand,4638
coach,4639
scaladiscotheque,4640
alpdbt,4641
lisette,4642
espritcharlie,4643
messagefort,4644
cestbeauderever,4645
damedefer,4646
walk,4647
evening,4648
yesterday,4649
latergram,4650
bougrad,4651
teamtc,4652
youngart,4653
satira,4654
aleppo,4655
syria,4656
syrie,4657
alep,4658
lesfait,4659
fmolin,4660
procureur,4661
lwsy,4662
basilicasacrecoeur,4663
champ,4664
museedulouvere,4665
grandpari,4666
gift,4667
twentyear,4668
beyaz,4669
loveme,4670
ah,4671
teamroquette,4672
tfio,4673
goodvibe,4674
quedubonheur,4675
rivegauche,4676
nathmasterchef,4677
nathcordonbleu,4678
nathmeilleurecuisiniere,4679
teamdz,4680
manhattan,4681
nyc,4682
benbravo,4683
unbonterroriste,4684
unbondjihadist,4685
jesuisapolline,4686
lovegrantlandi,4687
smile,4688
tweetgnangnan,4689
takemeback,4690
missitlikecrazy,4691
couli,4692
lematchdesmecsquisaventpasjouer,4693
vivel,4694
thepinkprinttour,4695
soulager,4696
o,4697
tweetanonyme,4698
coltonhayne,4699
vdf,4700
jul,4701
cecyerre,4702
nashgrier,4703
nashnewvine,4704
laffairesk1,4705
csc,4706
agathouu,4707
cl,4708
thuglife,4709
timati,4710
monhommage,4711
watchmen,4712
exoconference,4713
odyssud,4714
blagnac,4715
chabat,4716
alainminc,4717
teamaymeila,4718
alluja,4719
elementary,4720
miam,4721
pelouse,4722
bienvenueauclub,4723
csoj,4724
captainjackharknes,4725
cecinestpasunedictature,4726
tjy,4727
capique,4728
najlepszeodwedla,4729
coeurgeantdanstaface,4730
barrage,4731
dispositif,4732
jesuisk,4733
aw,4734
ligue,4735
grademaster,4736
solo,4737
proximite,4738
local,4739
voisin,4740
ami,4741
terrified,4742
teambensetti,4743
teamikonomova,4744
calogero,4745
monsterlegend,4746
belhanda,4747
bourse,4748
calvaedi,4749
nepasoublier,4750
jattendfevrier,4751
montpel,4752
thevoicelasuite,4753
deltaplane,4754
onpenseatoi,4755
fcv,4756
laradiolibrededifool,4757
faverge,4758
souslecarton,4759
pamela,4760
radiolibrededifool,4761
cruesli,4762
4noix,4763
quaker,4764
motta,4765
quenelp,4766
bfmenteur,4767
annonce,4768
appart,4769
yarienenface,4770
30anssinonrien,4771
bol,4772
addictedtoyou,4773
meamor,4774
reportage,4775
theglobalmedia,4776
affliction,4777
lesaffranchi,4778
grobanite,4779
lafrancenapaspeur,4780
sexydance5,4781
anulezlamarchedu11janvier,4782
g,4783
rtsijaimenti,4784
dalida,4785
missisrael,4786
misslebanon,4787
tvr,4788
danborrada,4789
goradonostia,4790
ovulation,4791
patriotact,4792
taken,4793
unoeilsurlaplanete,4794
tinder,4795
onlylyon,4796
ilovetcl,4797
atoidechoisir,4798
roi,4799
feve,4800
uoslp,4801
omg,4802
maisouestlerespect,4803
illuminati,4804
jesuismueslim,4805
bonnesoiree,4806
asterixmissioncleopatre,4807
borrowedtime,4808
jesaispa,4809
onrecule,4810
censure,4811
esport,4812
decerto,4813
szt,4814
bigup,4815
suit,4816
tlf,4817
leproducteurdesd,4818
sd,4819
gbe,4820
3hunna,4821
bike,4822
etoile,4823
nba,4824
bestactor,4825
othfam,4826
tradition,4827
nowimsohigh,4828
boulette,4829
nidieunimaitre,4830
playstation4,4831
callofdutyadvancedwarfare,4832
moiaussijpeuxparlerlalanguedechezmoihun,4833
vtep,4834
maverick,4835
rocket,4836
raptor,4837
trailblazer,4838
pasdoueeforever,4839
jesuisraif,4840
allbatard,4841
objectifmatch,4842
turkey,4843
istanbul,4844
ahaha,4845
teamgrandmere,4846
wwe,4847
raw,4848
insomniedusoirbonsoir,4849
pasdeconclusionhative,4850
hautslescoeur,4851
palestine,4852
klnlfdyy,4853
ac2015,4854
irqvple,4855
alternative,4856
economique,4857
ausopen2015,4858
marcusmonday,4859
premiersplan,4860
paris5,4861
droit,4862
assurance,4863
dalloz,4864
jesuisdamepipi,4865
dansnosamislespoete,4866
darty,4867
snapchat,4868
chouettepourtant,4869
quiestcharlie,4870
o2f,4871
non,4872
gabon,4873
nanit,4874
smackdown,4875
excellent,4876
mylove,4877
twentyoneyearsold,4878
qtr,4879
mlk,4880
mikl,4881
mikeline,4882
dealwithit,4883
ellepromet,4884
xanax,4885
automedication,4886
conforamaetoile,4887
pharo,4888
follow,4889
ongagneatoutlescoup,4890
ljzyr,4891
mhrbylshr,4892
algaf,4893
mkylkhdrdyryhl,4894
refaite,4895
lesrevenant,4896
lhyhhtbqyhlylm,4897
gourcuff,4898
eco,4899
mashaba,4900
lcp,4901
udf,4902
centriste,4903
telema,4904
adp,4905
ausopen,4906
australianopen,4907
misparaguay,4908
ghvipdirecto,4909
syriza,4910
bn,4911
happines,4912
behappy,4913
lhmdllh,4914
becauseofyou,4915
td,4916
russeltovey,4917
couple,4918
mariage,4919
islamiste,4920
jesu,4921
insomnie,4922
twitterbaisefacebookcar,4923
mimiamal,4924
likethatvideo,4925
prudmavie,4926
aznation,4927
backtomorrow,4928
maghrebunited,4929
gerard2015,4930
perceval,4931
evilregal,4932
maajidnawaz,4933
heureux,4934
independance,4935
teamgunner,4936
ronaldo,4937
bale,4938
undinerpresqueparfait,4939
twitteroff,4940
teamdesespereessanschanceenamour,4941
letmypeoplego,4942
sandra,4943
vscophile,4944
montmartre,4945
sacrecoeur,4946
afterlight,4947
teamjaienviedechangerdevie,4948
ifihadonrdream,4949
bymoi,4950
accentquebecoi,4951
bce,4952
julien,4953
unclassiqueindemodable,4954
nowsinging,4955
remix,4956
pariscomedy,4957
parislove,4958
standupcomedy,4959
offff,4960
lgdm,4961
ibe,4962
forcage,4963
manifestant,4964
funfunfun,4965
ouiiiiiii,4966
ao15,4967
fognini,4968
porcodiaz,4969
nmm,4970
buonanottedaginevra,4971
aveyron,4972
twt,4973
4g,4974
rvf,4975
greveroutier,4976
fivewordstoruinajobinterview,4977
radjaaaboudagga,4978
5hworthit,4979
gomorra,4980
dannyandjoe,4981
asse,4982
larrystylinson,4983
larryisreal,4984
wewantlarrycomingout,4985
reveilcherie,4986
springboard,4987
iphone6,4988
rebelle,4989
journeequicommenemal,4990
bonjour,4991
motolive,4992
hezbolllah,4993
tsahal,4994
batb,4995
sitrenne,4996
ny,4997
dernier,4998
realradio,4999
mardiconfession,5000
elephant,5001
farm365,5002
lesvraiessavent,5003
sanfrancisco,5004
cogetelopue,5005
sodexo,5006
boisseau,5007
fan,5008
dirtylaundry,5009
histoirevraie,5010
acdc,5011
brentandchrisvideo,5012
qe,5013
frenchcup2015,5014
notaire,5015
nonbercy,5016
devoirdememoire,5017
hitler,5018
offschool,5019
up,5020
meteo,5021
des5h,5022
neige,5023
valai,5024
lumiadenim,5025
gain,5026
touraine,5027
loisante,5028
foreigneirstruggle,5029
coupedefrance,5030
go,5031
college,5032
lemondedesado,5033
dal,5034
b4damoney,5035
ceuxquisontnesen2000,5036
shootingday,5037
suprematie,5038
family,5039
diplomatie,5040
souvenir,5041
distillationlongueforvelvetytaste,5042
bonneannee2015,5043
yogaeverydamnday,5044
strala,5045
monpassetemp,5046
manche,5047
hiver,5048
depuiselleadisparucommeiceman,5049
ootd,5050
authentique,5051
chilien,5052
school,5053
cannes2015,5054
harrykeepyourhairlonglikeyourdingdong,5055
glagla,5056
calin,5057
50shadesofgrey,5058
foxnew,5059
quenelle,5060
mooc,5061
apprendre,5062
vevocertified,5063
creditagricole,5064
rh,5065
numerique,5066
webmastertool,5067
gwt,5068
googleglas,5069
objetsconnecte,5070
yahoo,5071
cg88,5072
projetdawin,5073
dawin,5074
daweather,5075
malice,5076
lpstop100hit,5077
theoriginalsisback,5078
flawles,5079
leclub,5080
claque,5081
camillecombal,5082
virgintonic,5083
entreprise,5084
collaboratif,5085
jaimelasavoie,5086
mfa,5087
roilion,5088
aie,5089
webdesign,5090
sily,5091
guinea,5092
team224,5093
premiermatch,5094
joggeurfou,5095
4verite,5096
frenchtech,5097
frankrike,5098
mythe1,5099
seomyth,5100
philomene,5101
theogordymaillonfaible,5102
iot,5103
bigdata,5104
cavaphosphorer,5105
plaisir,5106
creativite,5107
showlematin,5108
d17,5109
mbdtp,5110
mahomet,5111
mercilesgar,5112
jesuisuneenfant,5113
realfriend,5114
feminist,5115
feminismisawful,5116
martinlutherkingday,5117
travail,5118
maliver,5119
smartcity,5120
ris,5121
maviedanslestransport,5122
grumpy,5123
fweek,5124
gottodance,5125
readwritebuysellcookcleanfix,5126
tp,5127
audiovisuel,5128
bomdia,5129
onetwothreevivalalgerie,5130
jepeuxcomprendre,5131
electioncoming,5132
radioveronica,5133
terugbijaf,5134
luistercijfer,5135
doub,5136
montgesoye,5137
ornan,5138
lesvraissavent,5139
bizdev,5140
web2b2015,5141
africain,5142
grecque,5143
charli,5144
pariscartepostale,5145
parisjetaime,5146
picfrompari,5147
monpari,5148
resiliencechat,5149
jesuismbolhi,5150
dawn,5151
ladefense,5152
city,5153
urban,5154
landscape,5155
citylight,5156
skyline,5157
skyscraper,5158
elephantinrm,5159
vitamined,5160
tarlant,5161
marne,5162
projettoxic,5163
ligne11,5164
noisylesec,5165
phguglielmi,5166
gcosme,5167
estensemble,5168
getrektttttt,5169
teamolympe,5170
cielfie,5171
eeeehnon,5172
valence,5173
drome,5174
travaildudimanche,5175
aubry,5176
macron,5177
basketball,5178
atlit,5179
hearhollywoodaward,5180
2posh2wash,5181
laboexpres,5182
biennaledesign15,5183
petition,5184
mercipourcemoment,5185
duflot,5186
isilfic,5187
ligeti,5188
haydn,5189
terminall,5190
pguglielmi,5191
bhvmarai,5192
amatureunited,5193
goldenglobesredcarpet,5194
jamiedornan,5195
dakotajohnson,5196
lanadelrey,5197
realmadrid,5198
odegaard,5199
alamadrid,5200
spic,5201
sncfmatuer,5202
amateur,5203
chouquetteclasse,5204
gomorralaserie,5205
jordan,5206
klnlnshm,5207
laplagne,5208
buraliste,5209
agression,5210
classepresse,5211
pensezy,5212
pointmeteodujour,5213
routier,5214
oral,5215
petitculbienferme,5216
tuesday,5217
frozen,5218
appellemoicupidon,5219
web2b,5220
alsacezvou,5221
ivorytower,5222
suburbanmarxism,5223
ludicrousplatonism,5224
greateducationhoax,5225
passtheport,5226
riodejaneiro,5227
fridaynightlight,5228
servicemilitaire,5229
yvesledrian,5230
en2015jedevienslechrist,5231
badawi,5232
segoleneroyal,5233
jerusalem,5234
fabiu,5235
thesun,5236
page3,5237
progres,5238
machecoul,5239
lesgenssontfou,5240
menacesdemort,5241
frigide,5242
rome,5243
boutin,5244
francoi,5245
loimacron,5246
directan,5247
lassanabathily,5248
lesgerard2015,5249
luxehomme,5250
conference,5251
reflexion,5252
luxury,5253
ralphlauren,5254
crookdylan,5255
qioutedayplease,5256
jemesouvien,5257
cg76,5258
winteriscomming,5259
winordie,5260
seismeaversaille,5261
mtveyecandy,5262
pierrefitte,5263
halal,5264
bridoux,5265
tchintchin,5266
newgirl,5267
jecoursapoilpourmes33an,5268
politiquedelaville,5269
oursin,5270
foodporn,5271
huawei,5272
ndv2015,5273
playstation,5274
20th,5275
huitre,5276
sauterne,5277
voeuxbureauxassemblee,5278
bacpro,5279
mom,5280
lajusticedu21esiecle,5281
regroupement,5282
reforme,5283
marly,5284
mst,5285
decret,5286
legislationactive,5287
avisconseildetat,5288
beurk,5289
dorabruder,5290
heinquoi,5291
tortue,5292
modiano,5293
wholetthedogout,5294
voeuxpr,5295
deconcentration,5296
documentaire,5297
bimbo,5298
siven,5299
jurycitoyen,5300
confdeconsensu,5301
vih,5302
looser,5303
cafetartinesgrilleesetneige,5304
look,5305
justicedu21esiecle,5306
reformecph,5307
imaginez,5308
soutenancesescaet,5309
jdcjdr,5310
toutouyoutou,5311
samenerve,5312
tweet4taiji,5313
tweet4dolphin,5314
apple,5315
applewatch,5316
incompetencemahometane,5317
handicap,5318
ale,5319
nouvelle,5320
aventure,5321
mickey,5322
tigrou,5323
impatience,5324
bisousbarbusetcalinou,5325
bisousplein,5326
amusement,5327
hozier,5328
turfu,5329
audessu,5330
troploindevant,5331
pokemon,5332
profilage,5333
letitsnow,5334
50nuancesplussombre,5335
jaipasenvie,5336
cardsagainsthumanity,5337
quandmeme,5338
lobbying,5339
egalitefh,5340
thedream,5341
bullsnation,5342
flstyn,5343
vri,5344
putaindevieux,5345
portraitsdeparisien,5346
parisien,5347
northface,5348
barbu,5349
beard,5350
piercing,5351
fac,5352
hospitality,5353
ogcnom,5354
conversationdumatin,5355
mamafreestyle,5356
hak,5357
resteralecoute,5358
jeveux,5359
diy,5360
doctorwho,5361
studiot,5362
blablacar,5363
compublique,5364
markterr,5365
freak,5366
superhero,5367
bartonfink,5368
copaafrica,5369
malade,5370
bonappetitbiensur,5371
reformeterritoriale,5372
pa,5373
somalia,5374
crc,5375
thescriptfamily,5376
teammaroc,5377
jesuiskinshasa,5378
venezmechercher,5379
dream,5380
2x90,5381
ao2015,5382
hoping,5383
wishing,5384
praying,5385
russie,5386
crou,5387
asm,5388
viellescharrue,5389
irl,5390
after,5391
clem,5392
hacker,5393
myhospifriend,5394
sante,5395
hopital,5396
hcsmeufr,5397
healthcare,5398
jeuno,5399
wpcu2015,5400
fitnessmotivation,5401
lc,5402
lesmartiensduchnord,5403
danbizet,5404
carmen,5405
george,5406
avengersageofultron,5407
barberousse,5408
piratenation,5409
voeuxalapresse,5410
parano,5411
jeveuxmoncanard,5412
desperatehousewive,5413
deco,5414
room,5415
decorationinterieure,5416
hip,5417
nufu,5418
demografi,5419
carrot,5420
healthy,5421
twion,5422
salonentrepreneur,5423
ligne,5424
hopitaldemeaux,5425
branquignole,5426
4hpouravoirlesadmission,5427
isi,5428
nostres,5429
boulot,5430
workout,5431
jogging,5432
parc,5433
oberthur,5434
etang,5435
pond,5436
bdx,5437
lrqflstyn,5438
lrq,5439
lrdn,5440
filter,5441
healthybodyfood,5442
medicine,5443
wearabletech,5444
privacy,5445
openacces,5446
openaustralie,5447
debatstrespolitique,5448
nomorepage3,5449
r4today,5450
kiranbedi4cm,5451
btssp3,5452
team237,5453
moulinrouge,5454
central,5455
cameroun,5456
lion,5457
malivscameroun,5458
douala,5459
yaounde,5460
eagleclub,5461
betterthanmcdonald,5462
lmrt,5463
kssy,5464
lemardic,5465
klnlrq,5466
hallosserie,5467
divia,5468
cenongare,5469
dld15,5470
marcherepubl,5471
cestlamerde,5472
adieu,5473
pdla2,5474
happybirthdayomar,5475
intouchable,5476
samba,5477
crisi,5478
democracy,5479
democracyday,5480
respawn,5481
bugspawn,5482
yummy,5483
premiere,5484
rse,5485
enld,5486
g7,5487
blagedest2,5488
teamcameroun,5489
teamcamer,5490
28ans28cm,5491
ci225,5492
civ225,5493
plazza,5494
hippocrate,5495
poesie,5496
huep75,5497
alv,5498
ga92,5499
aldi,5500
jesuisaldi,5501
tlmvpsp,5502
caf,5503
docgyneco,5504
yaduboulot,5505
data,5506
moyenage,5507
makeup,5508
makeuptransformation,5509
painting,5510
onnenousditpastout,5511
apartheid,5512
segregation,5513
lemeilleur,5514
onsefolowlemardisanspression,5515
drone,5516
les12coupsdemidi,5517
tenni,5518
fatiguee,5519
mercibos,5520
magnifique,5521
jesuisunhamster,5522
colorrun,5523
thecolorrunpari,5524
runner,5525
kiranbedi4delhicm,5526
running,5527
werunpari,5528
team600,5529
chouette,5530
winniethepooh,5531
midienfrance,5532
mtp,5533
yankeecandle,5534
austs1e22,5535
rebeledelaforet,5536
funradio,5537
teamgaucher,5538
thewalkingdead,5539
comaking,5540
start,5541
tendance,5542
hallucination,5543
pyracuite,5544
telecom,5545
startup,5546
tchetchenie,5547
toddler,5548
forthefuture,5549
sibling,5550
jessaiedemoccupercommejepeux,5551
yosoynisman,5552
bluesky,5553
iger,5554
okjesor,5555
reglementdecompte,5556
alonzo,5557
arsenai,5558
monaco,5559
cleague,5560
beninoi,5561
ux,5562
maintenantrencontrant,5563
pearlharbor,5564
mba,5565
finance,5566
maf,5567
runningman,5568
nikeplu,5569
allemagne,5570
schaeuble,5571
ecb,5572
jerougi,5573
olympe,5574
cabourg,5575
gatee,5576
mcdo,5577
mctimber,5578
mcpioner,5579
pourquoi,5580
saintsernin,5581
cocorico,5582
barefootrunning,5583
minimu,5584
ultrapure,5585
clocloremix,5586
audreybouchardphoto,5587
basbuzzmaisbuzzvoulu,5588
followback,5589
rdcongo,5590
senateur,5591
ladigestionpourtou,5592
onsefolownonstop,5593
lateste,5594
jedeviensvieux,5595
meethim,5596
humourdeblanc,5597
universitedenicesophiaantipoli,5598
tv5mondeplu,5599
deosynthe,5600
betegue,5601
teamartiste,5602
teamafrique,5603
evanpeter,5604
leucate,5605
saintlaurentdelasalanque,5606
jeregardetpmpenreplay,5607
mesquin,5608
esprithandball,5609
dotstodot,5610
free,5611
idf,5612
iof,5613
sophiemarcrau,5614
britonedirection,5615
vesoul,5616
mangezbougez,5617
milan,5618
italy,5619
cuisinierea2balle,5620
raquette,5621
gerardmer,5622
hannahreid,5623
londongrammar,5624
ump34,5625
lerenouveau,5626
lunette,5627
jetaispourrialecole,5628
villesolidaire,5629
bonneadresse,5630
nissalabella,5631
mansouri,5632
super,5633
crossfit,5634
kickoff,5635
trop2swag,5636
halliche,5637
clochard,5638
jesuiscouillard,5639
santef5,5640
muse,5641
amphi,5642
iut,5643
hillaryontaime,5644
avousdejouer,5645
gare,5646
kabila,5647
kabiladegage,5648
kabilamustgo,5649
socialisme,5650
yleniaganadora,5651
faisezcequejedispascequejefai,5652
ganasdeescribir,5653
fcnol,5654
cdf,5655
ukraine,5656
rhb,5657
blackberry,5658
poulette,5659
vismaviedepoule,5660
jardin,5661
nl,5662
bimbamboum,5663
cr7,5664
nrj12,5665
oitnb,5666
jockey,5667
lecheval,5668
ctropgenial,5669
augalooop,5670
lesroche,5671
reelfictif,5672
jesuispartout,5673
alleeeeeeez,5674
thebest,5675
yankeecandletoulouse,5676
pasmotive,5677
jsterror,5678
lavillette,5679
jimmypunchline,5680
coc,5681
followme,5682
crm,5683
bonnefete,5684
culturel,5685
diabete,5686
histoiredudroitdelafamille,5687
jesuismeprisable,5688
confusion,5689
hj,5690
crazyfactory,5691
bastia,5692
ripmalanda,5693
monfil,5694
orange,5695
yesyoucan,5696
echangeurpme,5697
moiquimangesoloctrist,5698
hp,5699
meilleurecoupine,5700
quatar2015,5701
fdla,5702
congolai,5703
fababy,5704
herault,5705
lagalere,5706
motivee,5707
enequipe,5708
mahb,5709
transfert,5710
lnh,5711
portrait,5712
promenade,5713
balade,5714
saint,5715
gregoire,5716
moulin,5717
metropole,5718
barisunlununyanindayiz,5719
russe,5720
workbitch,5721
sportif,5722
instagay,5723
mcdonald,5724
oxfam,5725
rouge,5726
levre,5727
real,5728
erasmu,5729
fierdetrebeaujolai,5730
arcachon,5731
marcheprime,5732
jeffdebruge,5733
boissonfragile,5734
ctoc,5735
mercatoblue,5736
ukrayina,5737
pogba,5738
imam,5739
extend,5740
fodase,5741
carpediem,5742
seahawksvspacker,5743
citeunephrasedeprof,5744
creonsunmouvementcontrelesgen,5745
fdsea85,5746
freebet,5747
smstesmoncrush,5748
golan,5749
parrotlove,5750
faqsweetie,5751
scommesuicide,5752
sgg,5753
gpa,5754
thailande,5755
janvier,5756
valenciennesfan,5757
fashionweek,5758
tieanddy,5759
visite,5760
ilovemyjob,5761
midilibre,5762
bezier,5763
realgirl,5764
museumselfieday,5765
garrywinogrand,5766
udpp,5767
tulasdit,5768
geniu,5769
sotrue,5770
esi,5771
s3,5772
misspicardie2015,5773
hawai50,5774
elle,5775
granderegion,5776
amnesiepolitique,5777
ccvb,5778
gouter,5779
agglobu,5780
bourge,5781
teamrdc,5782
mulungue,5783
pdlp,5784
pharmacie,5785
president,5786
ivg,5787
pinocchio,5788
beambitiou,5789
lanton,5790
grossemasochiste,5791
6moi,5792
hdy,5793
lymn,5794
nqlb,5795
lqsrlrysy,5796
lhwthy,5797
iorigin,5798
inkmaster,5799
teamgro,5800
houthi,5801
hadi,5802
onenpeutplu,5803
viteff,5804
delire,5805
lamotte,5806
monequipe,5807
notreambiance,5808
bleuetjaune,5809
edli,5810
florenceforesti,5811
mhrst,5812
ercc,5813
hautegaronne,5814
cluny,5815
killme,5816
reconfortdefou,5817
begforit,5818
sourire,5819
teamal16,5820
5minsoffame,5821
avengers2,5822
sanaa,5823
uscdfco,5824
psgfcgb,5825
jnouney,5826
mottooftheday,5827
smiler,5828
frenchsmiler,5829
rollingstone,5830
workinprogres,5831
getyourfreakon,5832
2h,5833
cdi,5834
aladdin,5835
fcn,5836
teamfcn,5837
civgui,5838
power,5839
psn,5840
tweetvise,5841
kaki,5842
confiture,5843
italie,5844
teamantillaise,5845
genz,5846
onu,5847
fdg,5848
eelv,5849
guilluy,5850
ennuie,5851
mirail,5852
hipstamatic,5853
lowy,5854
blankonoir,5855
unikin,5856
kinshasa,5857
lamarck,5858
gopro,5859
enc,5860
blomet,5861
cotedivoire,5862
guineeequatoriale,5863
vuesurlamer,5864
nanvuesurchamallow,5865
mesblazersontblasee,5866
travailgratuit,5867
payetonjob,5868
moiphobiquedespigeon,5869
fou,5870
cheri,5871
langhe,5872
roero,5873
unesco,5874
verduno,5875
m5,5876
viedetudiant,5877
lesgrossetete,5878
halloween,5879
sophialaure,5880
codplay,5881
bionicle,5882
lewa,5883
gianvittorossi,5884
camu,5885
pecresse,5886
teampassion,5887
exclu,5888
grammy,5889
grammyd17,5890
monoeil,5891
delarue,5892
prospection,5893
summer2014,5894
reallifeotp,5895
seanya,5896
saintjustlemartel,5897
bieberroast,5898
deleguee,5899
hervemathoux,5900
francksauze,5901
bogoooo,5902
richlist,5903
arnab,5904
irony,5905
momentfameux,5906
fg,5907
happybirthdayevanpeter,5908
4mp1ldm,5909
moncoiffeurestenprison,5910
avranche,5911
sensbydecovoyage,5912
pfwah1,5913
teamferro2a,5914
estaca,5915
cpge,5916
fan2shawnmende,5917
neuroanat,5918
thewanderingsoftheavener,5919
theavener,5920
usarmy,5921
civ,5922
januaryblue,5923
lilac,5924
florist,5925
lmf,5926
prison,5927
verseau,5928
artiste,5929
major,5930
editionmusicale,5931
nonhadopi,5932
capricorne,5933
manquedetemp,5934
handaction,5935
nopressure,5936
boy,5937
bad,5938
man,5939
mec,5940
men,5941
gar,5942
guy,5943
pic,5944
phototime,5945
picoftheday,5946
instaboy,5947
joelincruste,5948
outch,5949
yattarra,5950
pllday,5951
lekaumikdlates,5952
jjda,5953
tordant,5954
lolcat,5955
codedutravail,5956
paye,5957
quisuisje,5958
sidaction,5959
breakfastclub,5960
ntbmhmd,5961
ifollowmuhammad,5962
jesuismohamad,5963
domestic,5964
cultural,5965
chasseriau,5966
zoneb,5967
ecolenumerique,5968
concertationnationale,5969
discrimination,5970
diversity,5971
inclusion,5972
dracula,5973
original,5974
fashion,5975
run,5976
alterevil,5977
sirha2015,5978
rideformyteam,5979
usafcm,5980
nuit,5981
deliredelucile,5982
tribuneloire,5983
kickstarter,5984
topbodychallenge,5985
volleyfamily,5986
ns20h,5987
lessoprano,5988
tweeter,5989
facho,5990
anonyme,5991
lachete,5992
girlstrip,5993
enattendantletsunami,5994
action,5995
agree,5996
onething,5997
doanother,5998
dp,5999
dr,6000
marten,6001
air,6002
way,6003
bscanorange,6004
larryproof,6005
grey,6006
currently,6007
change,6008
motivationtime,6009
sreepari,6010
j,6011
unevieparjour,6012
maillonfaible,6013
touriste,6014
monpay,6015
renasup,6016
sporttime,6017
supporterdequevilly,6018
eurosport,6019
bigcadeaux,6020
dordogne,6021
perigord,6022
contente,6023
confiante,6024
feeeeeeel,6025
oueskonva,6026
keskonfait,6027
mochetechallenge,6028
jugezpa,6029
brefcestpasmoisurles2premiere,6030
happypllday,6031
lkfaq,6032
scb,6033
onarienvu,6034
fashionshow,6035
nty,6036
afcon2015,6037
match,6038
couped,6039
guinee,6040
f,6041
unevieparjourolympe,6042
nashsnewvideo,6043
roisarthur,6044
comediemusicale,6045
usqscb,6046
eyecandy,6047
facede3,6048
teamchelsea,6049
demifinal,6050
clindoeil,6051
projection,6052
alwaysbeconnecting,6053
cotillard,6054
sexysoldier,6055
speeding,6056
scooter,6057
theogordydanstpmp,6058
reseaux,6059
coujouontour,6060
frenchieswantotrat,6061
toutepremierefoi,6062
alyetbaptistesursnap,6063
jevoushai,6064
charlislamiste,6065
arnabgoswami,6066
linkedin,6067
rapportive,6068
boomerang,6069
camsfollwingspree,6070
jeffreyremetnousdesglacon,6071
60peacelove,6072
quevillybastia,6073
teamfoot,6074
bdlive,6075
bd,6076
loicsoulcie,6077
29janvier,6078
proviscopie,6079
ripricardo,6080
ripricardinho,6081
chouffemoi,6082
beer,6083
cciduroannai,6084
vegan,6085
cdo,6086
taken3,6087
pauvrepapou,6088
airasia8501,6089
bl99,6090
brigadeloire,6091
badgone,6092
terroir,6093
savoureztoulouse,6094
pasta,6095
lovemesomeog,6096
papidelasemana,6097
bouguette2,6098
venere,6099
storycodefr,6100
starterpack,6101
liberezlepereasofiane,6102
bringback2pac,6103
trinidadcarnival2015,6104
sansal,6105
jesuislassana,6106
lassana,6107
redon,6108
e1soir,6109
pipodirect,6110
teamparieur,6111
nfc,6112
piletonrizcommeaurelie,6113
championnatdumonde,6114
gourmandise,6115
chocolat,6116
regime,6117
fautvivreavantdetremort,6118
hashtag,6119
peremanu,6120
fraisl,6121
tpe,6122
motifdunfollow,6123
brotherandsister,6124
decouvrezsonuniver,6125
talent,6126
tuvasfairequoiavectonalcatel,6127
magnum,6128
pierrickpassionspoilthewire,6129
deception,6130
keepcool,6131
findetude,6132
lastexam,6133
break,6134
malbouffe,6135
pd,6136
tropfiere,6137
beauf,6138
thewire,6139
petitspoilbidonpourcommencerla,6140
cadeau,6141
islande,6142
giusepperestorante,6143
lingaa,6144
teamwork,6145
elistening,6146
leparisnoir,6147
walkingtour,6148
letempsfaitsonoeuvre,6149
republicday,6150
happybirthdayrobbourdon,6151
military,6152
champagneardenne,6153
can,6154
niskacharliedelta,6155
ciara,6156
teaminflation,6157
mogadiscio,6158
lebaldesvampire,6159
sacem,6160
teammollecule,6161
stromae,6162
teammiseenabime,6163
24hdusportfeminin,6164
doute,6165
fabien1annoplp,6166
espresso,6167
ressurectiontour,6168
anastacia,6169
ressurection,6170
vatel,6171
engraisse,6172
specule,6173
petrolcrisi,6174
petrole,6175
bruleursdeloup,6176
hotdog,6177
pumbaa,6178
sfi,6179
doing,6180
fouinygamo,6181
coeurbrise,6182
genre,6183
jf,6184
daghe,6185
tweetloc,6186
bonnenouvelle,6187
mohammed,6188
sultan,6189
parisnodej,6190
gerarddelatv,6191
quevilly,6192
lejusteprix,6193
vincentlagaf,6194
justeprix,6195
fut,6196
verratti,6197
mewi,6198
centralbankindependence,6199
warmupbaby,6200
aufeulespute,6201
dob,6202
olympeauski,6203
avranchesmetz,6204
foustoidemagueule,6205
lindseyvonn,6206
manuella,6207
ol,6208
poutrerdelarosette,6209
viteffchef,6210
ranveersingh,6211
fhm,6212
fhmbacheloroftheyear,6213
nutellatuelesorangsoutan,6214
futurdusporting,6215
cormier,6216
sanctuariser,6217
service,6218
yattara,6219
arnabwithbjp,6220
lesgerard,6221
cafaitmal,6222
coquineduparadisfistanal,6223
tournage,6224
cafouillage,6225
reduction,6226
subvention,6227
association,6228
opera,6229
designthinking,6230
tristessedel,6231
papalion,6232
foliesbergere,6233
museumselfie,6234
handicape,6235
nodejspari,6236
hausse,6237
taux,6238
taxe,6239
foncier,6240
batit,6241
livetweetapero,6242
teampasdethune,6243
handball2015,6244
asyvafc,6245
economie,6246
geekinside,6247
thuglifechoiceme,6248
idontchoicethethuglife,6249
fatal,6250
team223,6251
team974,6252
stephaneguy,6253
smartphone,6254
realhuman,6255
radarsapolicier,6256
procureurtressexy,6257
ilssontpaspret,6258
lhommeaubobilarrivebientot,6259
tmtp,6260
stachemou,6261
paris4,6262
stachmou,6263
ljp,6264
creativelivesession,6265
virginradio,6266
telsonne,6267
englishman,6268
tl,6269
greatirl,6270
pate,6271
italien,6272
fuxia,6273
owy,6274
brevetblanc,6275
manger,6276
cahier,6277
talentshow,6278
cacaille,6279
toto,6280
autre,6281
picard,6282
acheteusecompulsif,6283
jetemmerde,6284
fut15,6285
teamassa,6286
teampartiel,6287
pizza,6288
grippe,6289
clown,6290
cirque,6291
lafoudre,6292
continuecommesa,6293
streaming,6294
berk,6295
game,6296
pdl,6297
uns,6298
anguler,6299
plaine,6300
poverta,6301
savethechildren,6302
20hfoot,6303
loue,6304
jesuisindomptable,6305
qatar,6306
apb2015,6307
pakistan,6308
dotation,6309
unevieparjourolympev,6310
cmrmal,6311
edmondburger,6312
syfy,6313
the100,6314
12monkey,6315
helix,6316
canalsat,6317
gloupchallenge,6318
allbleu,6319
celine,6320
triobag,6321
triolarge,6322
uneparisienneetsonchien,6323
timebomb,6324
aquabike,6325
cuisse,6326
fesse,6327
vicdanlardamahkumsunuz,6328
olnnewcover,6329
noussommesunpeuple,6330
numelinkdefi,6331
thelin,6332
shoppaddict,6333
fsspx,6334
malcam,6335
olncover,6336
michtoooo,6337
naruhina,6338
hautespyrenee,6339
grandski,6340
tuesunlion,6341
easy,6342
concoursdanstroismoi,6343
asmonacotv,6344
archipeldufrioul,6345
saison4episode8,6346
onpc,6347
tartetatin,6348
topgun,6349
fermier,6350
seigle,6351
chataigne,6352
santepublique,6353
wishfulthinking,6354
feellikehome,6355
burke,6356
blankofreedom13,6357
mondial,6358
siliboy,6359
louuurd,6360
lionsindomptable,6361
allezlesgothique,6362
futurtata,6363
jt,6364
anigo,6365
deruda,6366
gardeavue,6367
yann,6368
lexsf,6369
instacook,6370
yummi,6371
homemade,6372
by,6373
roommate,6374
deliciou,6375
rom,6376
enferdebonnesresolution,6377
enerve,6378
ultimesouffrance,6379
cridetafiole,6380
bacheloroftheyear,6381
queba,6382
doitbrother,6383
teamfrance,6384
coupedumonde,6385
beinsport,6386
balonmano,6387
seul,6388
celibataire,6389
fraicheur,6390
chatpouille,6391
animalright,6392
limoge,6393
ducotedechezdave,6394
lmsparkling,6395
mybro,6396
gang,6397
mysquad,6398
squadshit,6399
lilgang,6400
lhommeaubob,6401
mavie,6402
streetphotography,6403
brulage,6404
helenegrimaud,6405
le20h,6406
passionbagnole,6407
nissan,6408
askneo,6409
lfauit,6410
datelimite,6411
90enquete,6412
babyboom,6413
lafranceaunincroyabletalent,6414
cdf16e,6415
magiedelacoupedefrance,6416
incroyabletalent,6417
jenesaispasjeneletrouvepasjevoisrien,6418
nanlyo,6419
idiotentweet,6420
idiotolympic,6421
phdlife,6422
erza,6423
nanol,6424
fxbellamy,6425
uscdijon,6426
payetonmaquillage,6427
laclik,6428
girondin,6429
familledaccueil,6430
votetory,6431
23fevrier,6432
fastoche,6433
poitier,6434
algeriebos,6435
team213,6436
vivelelyceeambroisebrugiere,6437
mlicmr,6438
mediterranea,6439
vafctfc,6440
mytimeagain,6441
nickiminajmytimeagain,6442
abdo,6443
magic,6444
badminton,6445
absence,6446
retraite,6447
legende,6448
vincentbessat,6449
jansondesailly,6450
egalitedeschance,6451
spoiler,6452
moisson,6453
gos,6454
ninicheencoreplustendu,6455
dos,6456
fournierdemission,6457
bessat,6458
canaripower,6459
twitteofinterest,6460
mardibeuverie,6461
goleador,6462
striker,6463
allezlesbleu,6464
thema,6465
wearable,6466
tg,6467
ardechepleincoeur,6468
measle,6469
tweetinutile,6470
flu,6471
pauvre,6472
tombraider,6473
felicitation,6474
primark,6475
fcmetz,6476
parisphila15,6477
gta5,6478
bathily,6479
foreveramour,6480
diegocostadeladefense,6481
asy,6482
ninicheunpeumoinstendu,6483
indeci,6484
smh,6485
avecungranda,6486
lateamolympeavaitenviedetefaireplaisir,6487
perfect,6488
beautiful,6489
anastasiasteele,6490
mrsgrey,6491
steviestarr,6492
last32,6493
cspnation,6494
1es1,6495
bleu,6496
onvpsm,6497
troll,6498
commeloreal,6499
cebo,6500
blackmirror,6501
vincentbessatfact,6502
taxidriver,6503
cmr,6504
avenidabrasil,6505
vincentlindon,6506
metropolitain,6507
humourdegeek,6508
jesuisfan,6509
marioenvoiedulourd,6510
dirtydancing,6511
grandirsanscancer,6512
gothique,6513
basket,6514
proa,6515
lnb,6516
conneriepower,6517
camerounobosso,6518
wantedliampayne,6519
ninicheetlecamerounesouspression,6520
sane,6521
lovefromfrance,6522
jtmmaiscmort,6523
oeoe,6524
philosophetahu,6525
fcnante,6526
tweetofinterest,6527
lilianthuramnefaisaitpasmieux,6528
teamstmg,6529
pincezmoijereve,6530
henry,6531
wie,6532
vise,6533
nanteslyon,6534
meilleursmomentsaustadeen2014,6535
svyatoslav,6536
enoralesoir,6537
petagedeplomb,6538
oneplusone,6539
wwatfrance,6540
jaipeur,6541
livche,6542
jesuisfcmetz,6543
teamdepite,6544
smartgrid,6545
smartcitie,6546
titofernandez,6547
lesnouveauxsauvage,6548
almodovar,6549
lfsanzcod,6550
dfco,6551
sterling,6552
boat,6553
amazing,6554
event,6555
gossyroom,6556
perruque,6557
repo,6558
itandje,6559
nowwatching,6560
americanhorrorstory,6561
teenwolf,6562
liverpool,6563
aaptard,6564
colonelreyel,6565
swagcode,6566
luckynumbersix,6567
six,6568
dureve,6569
debating,6570
ios8,6571
missparaguay,6572
misspuertorico,6573
parapluie,6574
metalgearsolid,6575
mg,6576
gunsofthepatriot,6577
bigbos,6578
nakedsnake,6579
hideokojima,6580
snooker,6581
thonier,6582
concarneaudijon,6583
libereznordineakalepereasofiane,6584
lesmecsvousavezraison,6585
teamslay,6586
futur,6587
evolution,6588
busines,6589
fncol,6590
pression,6591
nox,6592
yoyo,6593
terminale,6594
hotel,6595
diner,6596
besancon,6597
autop,6598
arianagrandelabase,6599
jenetaispasaucourant,6600
dodo,6601
teamfcmetz,6602
mercifdj,6603
deuxhommestoutnu,6604
nopainnogain,6605
workhard,6606
greenbusines,6607
biostimulant,6608
bobo,6609
paslogique,6610
drug,6611
yolo,6612
rocknroll,6613
fuckmeiamfamou,6614
loveudad,6615
madameforesti,6616
banshee,6617
dirtydancing2,6618
havananight,6619
thewatch,6620
tf3,6621
unvraimatch,6622
selfiered,6623
teamliverpool,6624
casseursflowteur,6625
gunitfamily,6626
soa,6627
raydonovan,6628
skatelife,6629
parlonsmode,6630
mealex,6631
enculejaffredo,6632
berleand,6633
gelina,6634
2hommestoutnu,6635
resolutionsfor2015,6636
newyear,6637
bouffe,6638
vivelal3,6639
clement,6640
vivaciv,6641
scoredeparite,6642
jekiff,6643
ro,6644
olfcn,6645
constat,6646
nouvellepp,6647
mactyson,6648
groupedebrascasse,6649
tresor,6650
ceciliahornu,6651
naffi,6652
jaihonte,6653
vannedemerde,6654
urbanisme,6655
comeonblue,6656
blue,6657
tweetetmedite,6658
onvousvoi,6659
pres,6660
pasionporcautivar,6661
led,6662
onelove,6663
chercheavenirprofesionnel,6664
chercheamour,6665
cherchecomique,6666
dasha,6667
pearl,6668
veronicamar,6669
miamizoo,6670
haussonville,6671
euro2000,6672
teamnathan,6673
holyshit,6674
fillefragile,6675
jujuthebestblogger,6676
fcnaol,6677
marcifamily,6678
instructif,6679
poppyzbrite,6680
loilabbe,6681
ecophyto,6682
armandpower,6683
bedosachetetoiunevie,6684
mommy,6685
tabarnacle,6686
sensationsforte,6687
gotlib,6688
freecongo,6689
liberelardc,6690
congofree,6691
ynwa,6692
lfc,6693
entrepreneur,6694
ceo,6695
companie,6696
toptweet,6697
pascharlie,6698
route,6699
road,6700
vitesse,6701
speed,6702
vanne,6703
voiture,6704
car,6705
clio,6706
offniall,6707
nabilfekir,6708
ambition,6709
keepthedreamalive,6710
ihaveadream,6711
ripricardodossanto,6712
plenel,6713
ramadan,6714
greysanatomyaddict,6715
dontpanik,6716
dontlaik,6717
tucdekijeparle,6718
jesuisbessat,6719
undostre,6720
cdl,6721
romaempoli,6722
webmarketing,6723
pub,6724
internet,6725
niquelesmath,6726
chatnoir,6727
ptn,6728
senegal,6729
beyonce,6730
dansedelajoie,6731
voisenon,6732
sheerio,6733
concarneau,6734
bravoquevilly,6735
lafatigue,6736
nativemarketing,6737
breakingbad,6738
recordpersonnel,6739
merciverni,6740
soireefoot,6741
assurancetourisk,6742
grauduroi,6743
matcholtv,6744
wwf,6745
saxoprint,6746
creativesawards2015,6747
projetgache,6748
conflitrvb,6749
degoute,6750
lfaiut,6751
losc,6752
sevendeadlysin,6753
badwomen,6754
calym,6755
waitwhat,6756
monanneefoot2014,6757
grindrfail,6758
sunset,6759
lambo,6760
getgerrardtowembley,6761
slampoetry,6762
poetry,6763
lyric,6764
youngpeople,6765
worldradioday,6766
defi,6767
tech,6768
technologie,6769
tolembimasasi,6770
tolembiliwa,6771
lecker,6772
afterdentist,6773
marine2017,6774
exploit,6775
petroleo,6776
inversion,6777
team972,6778
team509,6779
bac,6780
final,6781
sosmedecin,6782
etatislamique,6783
dschungelcamp,6784
hartwich,6785
jaibienri,6786
stnom,6787
kariger,6788
lambert,6789
offzer,6790
colombo,6791
thegame,6792
manchester,6793
london,6794
nottingham,6795
postbadmariage,6796
rendezvousaatlit,6797
golf,6798
aixlesbain,6799
mga,6800
militaryforce,6801
ilovemynogozone,6802
lacazette,6803
transfertdecevant,6804
forceetcompassion,6805
romaricguillo,6806
nogozone,6807
jeudemot,6808
regret,6809
goulag,6810
dem,6811
fsk,6812
jeune,6813
voyage,6814
summer,6815
with,6816
price,6817
prix,6818
abordable,6819
lameufpossessive,6820
charlespeguy,6821
pestacle,6822
paroledesportivegourmande,6823
janoskianslovejanoskianator,6824
vieadeux,6825
labeaujoire,6826
sadatedecetteaprm,6827
ggrmc,6828
tweethorssujet,6829
glomez2015,6830
demainjarrete,6831
penseedusoir,6832
surlatetedunchaterrant,6833
foliedouce,6834
tesunconnard,6835
vismavie,6836
janoskianslovejanoskinator,6837
accroccommeunedrogue,6838
matchsdefou,6839
tatouage,6840
comeonbelgium,6841
instantamuur,6842
banquemondiale,6843
jdd,6844
wellsaid,6845
nantesfc,6846
jesuisunegarce,6847
bonne,6848
reddevil,6849
frabel,6850
ed,6851
dalistorie,6852
bonnuit,6853
doux,6854
fabien,6855
gradolfact,6856
femmedejoueur,6857
rire,6858
forgetnot,6859
mrwonderful,6860
valentinesday,6861
hate,6862
waste,6863
admiration,6864
motivation0,6865
danny,6866
villelumiere,6867
bynight,6868
bhl,6869
touslescheminsmenentalautre,6870
stlo,6871
espritdecontradiction,6872
afc,6873
samforever,6874
around,6875
putesafrangemainstream,6876
these,6877
really,6878
asap,6879
zenattitude,6880
bankimoon,6881
sad,6882
hono,6883
wearethechampion,6884
poitiersbynight,6885
egypt,6886
dmmetanner,6887
disparition,6888
gohawk,6889
teamdepuisledebut,6890
btsmnwrtytwytr,6891
camsfollowingspree,6892
blackswan,6893
gladiator,6894
nflextra,6895
star,6896
blackhawk,6897
nhl,6898
bigapple,6899
exciting,6900
ehealth,6901
santeconnectee,6902
gopat,6903
gothunder,6904
thunderup,6905
okcvsorl,6906
offlama,6907
offzayn,6908
seavsgb,6909
grece,6910
gbvsea,6911
lebaron,6912
saminaceri,6913
okcorl,6914
3d,6915
lesespoirsdel2,6916
budapest,6917
malaise,6918
missprestigenational,6919
femke,6920
tattoo,6921
kazimierz,6922
teamdbz,6923
surpriiise,6924
chacunsonchoix,6925
rickywilson,6926
imbeciletv,6927
detranqui,6928
resacosa,6929
tresenuna,6930
okc,6931
superbowl,6932
lecouz,6933
levrai,6934
onagrandiensemble,6935
frero,6936
vlla,6937
gjaku,6938
lesang,6939
enqueteexclusive,6940
lasagna,6941
backtoschool,6942
dakar2015,6943
bolivia,6944
followmecarter,6945
seahawk,6946
godblessmysoul,6947
sgfc,6948
13sin,6949
lenigme,6950
topdutop,6951
doudouce,6952
quejetaime,6953
docesonho,6954
okcisonfire,6955
gopackgo,6956
market,6957
flower,6958
museum,6959
decrislaperfectionavecunephoto,6960
piescalientito,6961
dramasinvernale,6962
pourmescherescopine,6963
zen,6964
perelachaise,6965
cimetiere,6966
confessionsintime,6967
dalslille,6968
logic,6969
coltan,6970
telephoneportable,6971
congo,6972
circu,6973
country,6974
show,6975
picture,6976
ausopen15,6977
kenzo,6978
choubidou,6979
mvp,6980
alancienne,6981
toutemonenfance,6982
arra,6983
nord,6984
withney,6985
inlovewiththecoco,6986
bobbybrown,6987
dbt1ghvip,6988
maleficemaleficum,6989
teamdanslamerde,6990
jaw,6991
chukky,6992
beetlejuicebeetlejuicebeetlejuice,6993
teaminsomnie,6994
konata,6995
luckystar,6996
detecteurdefumee,6997
zad,6998
anjou,6999
trashtalk,7000
whitneyhoustonmovie,7001
lifetimemovie,7002
toussatoussa,7003
alleraurevoir,7004
bernardo,7005
ee,7006
ifshecanclosehermouth,7007
sondagetl,7008
questiontime,7009
kd,7010
breakingscoop,7011
clopetime,7012
jesuisnico,7013
titanic,7014
gellub,7015
queuechonne,7016
thelibrarian,7017
bboxclub,7018
intruse,7019
nicolasjaillet,7020
lecondujour,7021
manifestation,7022
thundernation,7023
defishbmarionchti,7024
h1z1,7025
jesuisvraimentcharlie,7026
babytvsi,7027
dolereanmusic,7028
nevsind,7029
antistansmith,7030
stansmith,7031
sneaker,7032
adida,7033
fiftyshade,7034
kissmylip,7035
jesuiscolt,7036
indvsne,7037
fw15,7038
smstesmoncrusha,7039
dumbo,7040
vdmsurlui,7041
drunkinlove,7042
bosseennuit,7043
gama,7044
xi,7045
gazoduceridan,7046
grtgaz,7047
25yearsofkpexile,7048
gard,7049
vigneron,7050
cotesdurhone,7051
dansemoijecharbonne,7052
sensicoexister,7053
vandemataram,7054
quebec,7055
bagneux,7056
stdeni,7057
dutempspourmoi,7058
chomage,7059
jeunediplomee,7060
hinduism,7061
conge,7062
jeuascenceur,7063
pasenvie,7064
nosoundwithoutsilence,7065
pittiuomo87,7066
ouaisouai,7067
memepaspeurdulundimatin,7068
adword,7069
perenoelestuneordure,7070
manudansle69,7071
capital,7072
marque,7073
reputation,7074
notoriete,7075
image,7076
top25fratmen,7077
jenaipluslhabitude,7078
patriotsafcchampion,7079
gbvssea,7080
r5worldtour2015,7081
seavspat,7082
gestesolidaire,7083
animalabuser,7084
cmppd,7085
paris20eme,7086
americanbeautyamericanpsycho,7087
social,7088
smo,7089
mysa,7090
mondaymood,7091
goodboy,7092
zaynyourselfiekilledu,7093
britishcouture,7094
ghanemcouture,7095
recrutement,7096
adecco,7097
spring,7098
retargeting,7099
adsense,7100
remarketing,7101
outside,7102
tgv9764,7103
tgv6617,7104
pastaper,7105
experienceutilisateur,7106
jhopeday,7107
ticket,7108
marathondeparis2015,7109
vigilanceorange,7110
theweightproject,7111
argentpublic,7112
partie,7113
lesmediascontroletout,7114
thinkpositive,7115
birdy,7116
notaboutangel,7117
nosetoilescontraire,7118
happycastlemonday,7119
mon,7120
froid,7121
matin,7122
tree,7123
arbre,7124
rue,7125
lumiere,7126
streetlight,7127
18janvier,7128
vintage,7129
mercede,7130
internship,7131
lastfm,7132
cotedazur,7133
fondsdecommerce,7134
grafal,7135
maraudesnautique,7136
jauch,7137
narmol,7138
nike,7139
toutdouxgillou,7140
floracoquerel,7141
holorime,7142
regeneration,7143
clubbing,7144
thenewmisterjoecity,7145
guaino,7146
iloveajaccio,7147
pleure,7148
dejamarre,7149
snap,7150
patmos2015,7151
7moiscapique,7152
logement,7153
bonnenuiiit,7154
responsibilitiestothenation,7155
softcard,7156
popularite,7157
umpfn,7158
bighug,7159
lereveilcherie,7160
seattle,7161
nfl,7162
nieve,7163
montevrain,7164
lescour,7165
thomaspiketty,7166
gmb,7167
blandlikeherrecipe,7168
taiji,7169
captivitykill,7170
inspirant,7171
button,7172
f1,7173
champion,7174
freelolita,7175
freetilikum,7176
emptythetank,7177
neverbesilent,7178
blackfish,7179
juppe,7180
crise,7181
dolphin,7182
seaworld,7183
marineland,7184
chypre,7185
ue,7186
inalco,7187
germany,7188
kizomba,7189
ofmonstersandmen,7190
defamily,7191
3daysuntiltvd611,7192
surlaroute,7193
aujourdhui,7194
course,7195
rivieraitalienne,7196
labellevie,7197
baby,7198
macro,7199
nikon,7200
eye,7201
nikond3200,7202
d3200,7203
londre,7204
thecove,7205
triedandtested,7206
rewarding,7207
manif,7208
patella,7209
rigolezcestdrole,7210
gollumvoice,7211
depression,7212
vine,7213
damn,7214
stopthesepeople,7215
oa2015,7216
excitation,7217
youpiii,7218
niger,7219
jp1,7220
labaule,7221
budget,7222
contagion,7223
nightandday,7224
jaimelarecurrence,7225
math,7226
cnnum,7227
montag,7228
storiainfinita,7229
vita,7230
esistenza,7231
libro,7232
lalsacecavousgagne,7233
mortimer,7234
vismavieaubureau,7235
lesangdelavigne,7236
graziella,7237
oscarssowhite,7238
satmag,7239
lalettrepro,7240
lawschool,7241
bebrave,7242
tuilerie,7243
samsunginstaward,7244
22year,7245
artdevie,7246
hackney,7247
40minute,7248
mindofmdlc,7249
titan,7250
hardstyle,7251
headhunterz,7252
fuckingnoise,7253
fuckingweekend,7254
fredzone,7255
reebok,7256
commedesgarcon,7257
lamagiedetweeter,7258
gastronomie,7259
themi,7260
dip,7261
scout,7262
maamson,7263
blonde,7264
ministerecc,7265
sanofi,7266
socialnetworking,7267
mactyeretgimssurskyrock,7268
lundimatin,7269
hospitalhouse,7270
grossedosed,7271
bigbrotherbullying,7272
outrageou,7273
queenbeywannabe,7274
alexanderoneal,7275
bigbrotherbustup,7276
manqueplusquelapeaudebete,7277
sandwichjambonbeurreaureveil,7278
pikettyeffect,7279
giseungjeonseunghwan,7280
summerboyfriend,7281
shopsmall,7282
makerforever,7283
grace,7284
mojopin,7285
legrandboulversement,7286
patriote,7287
vk,7288
etp8koi,7289
livelifelarge,7290
danslecerveaudunpresquehetero,7291
moijesaisquelumpcesttouspourri,7292
letrolldujour,7293
prada,7294
grevedesroutier,7295
reveildur,7296
insan,7297
hayvan,7298
psikoloji,7299
kultur,7300
egitim,7301
cehalet,7302
siddet,7303
cofidi,7304
onestpasseracotedupire,7305
enflure,7306
jourj,7307
mondaymotivation,7308
science,7309
legorafi,7310
twitthumadirect,7311
dalsnanterre,7312
thi,7313
mlkday,7314
plusquedegouter,7315
seiche,7316
expostion,7317
exhibition,7318
graphisme,7319
publicitaire,7320
hungry,7321
lavieesttroptropinjuste,7322
attention,7323
jan,7324
cop21,7325
mobilisationcitoyenne,7326
18an,7327
parenting,7328
toddlerproblem,7329
germ,7330
justwatched,7331
empire,7332
faispasdevideotesvilaindeouf,7333
baymax,7334
lesnouveauxhero,7335
kar,7336
ironiia,7337
busaattetekistegim,7338
kitten,7339
relaxed,7340
monday,7341
cocooning,7342
orlean,7343
margaux,7344
infotrafic,7345
lesilenceimposeparlesimbecile,7346
provoscopie,7347
fond,7348
placerenlune,7349
cha2f,7350
freerider,7351
hommelibre,7352
granola,7353
followtheflo,7354
5degre,7355
jaifroid,7356
tesson,7357
support81,7358
ride,7359
harleydavidson,7360
hellangelspari,7361
wttm,7362
impatiente,7363
notreange,7364
suresne,7365
ski,7366
superg,7367
thatlou,7368
niallhoransecretgirlfriend,7369
lareprise,7370
medecin,7371
omeag,7372
decouverteidf,7373
mediocre,7374
climat,7375
prettylittleliar,7376
survey,7377
use,7378
djibril,7379
puff,7380
weekendeasysheguey,7381
shawnsfirstalbum,7382
team234,7383
flic,7384
ledodocestlavie,7385
hashtagg,7386
gymtime,7387
trx,7388
businessidea,7389
entrepreneurship,7390
journalismetotal,7391
cle,7392
gemapi,7393
sage,7394
smabb,7395
respecter,7396
andlie,7397
rsca,7398
loveyousomuch,7399
miracle,7400
klout,7401
campingparadi,7402
merad,7403
legrandamourtour,7404
thegirlnextdoor,7405
zeroalternative,7406
fcoaw2,7407
ligneh,7408
racisme,7409
yannbarthe,7410
papiertoilette,7411
ceintre,7412
pitch,7413
atelier,7414
ettoutcegenredechose,7415
bonussensation,7416
lsn,7417
lshy,7418
tsb,7419
nsry,7420
tyfy,7421
campingcar,7422
flashback,7423
psy,7424
candysodapop,7425
deejaycd,7426
izer,7427
isere,7428
akhi,7429
licencededroitetscienceseconomique,7430
beb,7431
autalent,7432
sansblague,7433
delinquance,7434
teamjuve,7435
onsefolowlelundisanspression,7436
nemederangezpa,7437
connectedtenni,7438
zabou,7439
urbanart,7440
espritbleu,7441
skibosse,7442
freestyle,7443
pantin,7444
taxi,7445
toujoursdanslexce,7446
funradiolorraine,7447
kurdish,7448
henna,7449
plottwist,7450
queen,7451
adamlambert,7452
ripashtonsbeard,7453
quiestencorecharlie,7454
hiking,7455
senderismo,7456
andorra,7457
lmgrbkhthmr,7458
volume72,7459
naruto,7460
brassage,7461
regionaliliguria,7462
oasi,7463
whatsthestorymorningglory,7464
teampoussin,7465
scenesdemenage,7466
sndpe,7467
blaguedel,7468
dindonsdelafarce,7469
fcb,7470
showcasepari,7471
kcyshoe,7472
youhou,7473
perm,7474
mini,7475
porncar,7476
honnete,7477
noice,7478
newnintendo3d,7479
raifbadawi,7480
sephora,7481
erborian,7482
calendar,7483
nenuphar,7484
sorbonne,7485
lescanardsalsacien,7486
teampasiphone,7487
teamandroidjellybean,7488
lastretweet,7489
dayofbacblanc,7490
jekiffemesyeuxvert,7491
glaglagla,7492
website,7493
expat,7494
weloveprophetmohammad,7495
lrswlllh,7496
e1midi,7497
kokkinaki,7498
ausop,7499
unvoyagesansprobleme,7500
ranveervibering,7501
asiacup,7502
tropchoupi,7503
pedroalmodovar,7504
toddlerism,7505
toddlership,7506
book,7507
reading,7508
ifistay,7509
whereshewent,7510
gayleforman,7511
karoutchi,7512
anglaisdecuisine,7513
soouest,7514
hollister,7515
ligabbva,7516
vegetarien,7517
challengeaccepted,7518
ugc,7519
12h45,7520
signalement,7521
batman,7522
youknownothingjonsnow,7523
accro,7524
libye,7525
fumertue,7526
succession,7527
mfa2015,7528
ptitblog,7529
season,7530
spear,7531
dreamteam,7532
saintdizier,7533
retouralarealite,7534
foryou,7535
partieremise,7536
philosophie,7537
vie,7538
bougezpourlivg,7539
nspjtt,7540
attualita,7541
peopleserie,7542
dataviz,7543
wef15,7544
wef16,7545
crimee,7546
americanhorrorstoryfreakshow,7547
isuladamore,7548
delacroix,7549
kreischberg2015,7550
adidasoriginal,7551
visitcotedazur,7552
messedeminuit,7553
walterego,7554
jesuiscanardenchaine,7555
quelquechosedespecial,7556
fitnes,7557
eiyola,7558
whey,7559
caseine,7560
pdm,7561
washington,7562
couscou,7563
morano,7564
seche,7565
lgbt,7566
smta2015,7567
dzpower,7568
forceanou,7569
miskineceuxquionpascanal,7570
peinard,7571
lerefuge,7572
frontnational,7573
encamp,7574
escudella,7575
naturalhair,7576
casso,7577
gossy,7578
mattgos,7579
montpellierain,7580
notsurethisislegal,7581
butneeded,7582
openfire,7583
electionsdepartementale,7584
bestchoice,7585
tehran,7586
invalide,7587
laprovincesexy,7588
limsa,7589
soumission,7590
houellebeq,7591
fh,7592
canariplay,7593
perversattitude,7594
laundry,7595
separated,7596
colour,7597
traceurban,7598
ontheroadagain,7599
vegeta,7600
dragonballz,7601
dj,7602
djlife,7603
bluemonday,7604
comounalunaenelagua,7605
nodejesquetelecuenten,7606
onetreehill,7607
crystal,7608
pretty,7609
lacyberance,7610
chalon,7611
bourgogne,7612
igersbourgogne,7613
streapteaseavecjustelechapeau,7614
apartcatoutvabien,7615
bonneaventure,7616
notrebudget,7617
cg14,7618
lalsacecoquinette,7619
teamscout,7620
rachetetoidesbasket,7621
ltassise,7622
hava,7623
quaique,7624
footing,7625
madamechat,7626
moderegeneree,7627
comic,7628
marvel,7629
creation,7630
mmechat,7631
hulk,7632
blackwidow,7633
shirt,7634
fashionpolice,7635
fashionblog,7636
caravanemobile,7637
cretinesfeministessocialo,7638
moipresident,7639
ecologie,7640
lobbylgbt,7641
onlr,7642
mariagepourtoy,7643
throwbackmidem,7644
snowiscoming,7645
distance,7646
asmonaco,7647
tweetsprecedent,7648
bonnejourneefwewe,7649
badsneaker,7650
pointg,7651
thon,7652
algue,7653
banyul,7654
theanswerisinthequestion,7655
hellorevision,7656
50nuancesdegrey,7657
ena,7658
salam,7659
5surtoi,7660
directblm,7661
poire,7662
lillyaucned,7663
onsefolowh24,7664
mademoisellek,7665
musique,7666
runninggag,7667
assassinationclassroom,7668
storage,7669
armistice,7670
lepied,7671
cfl,7672
narbonne,7673
repainville,7674
aup,7675
lovinglife,7676
shouldhavewornwellie,7677
harrystyle,7678
pretemoitameuf,7679
ninebotinpari,7680
gyropode,7681
ohboy,7682
gang2go,7683
tacet,7684
zadiste,7685
team216,7686
malala,7687
nobelpeaceprize,7688
torticolisday,7689
allezleslion,7690
ghasen,7691
teamfcpr,7692
dh,7693
voiturebar,7694
fuckingwork,7695
stblaise,7696
mapalaekzot,7697
ghana,7698
hier,7699
beliebersday,7700
swag,7701
goldex,7702
colombia,7703
horrible,7704
ecolo,7705
jealou,7706
sorry,7707
saaaaaad,7708
cobra11,7709
lavague,7710
yseafamily,7711
jesuisandy,7712
nouvellerepublique,7713
28ocaktastrazburgdayiz,7714
sapad,7715
mavieauboulot,7716
senegalai,7717
wakhsakhat,7718
coaching,7719
ohbatard,7720
moisdernier,7721
sportationgoal,7722
traurig,7723
therewillbehater,7724
theboynextdoor,7725
bitch,7726
pluschaudquelesoleil,7727
gymnase,7728
lesdeuxminutesdupeuple,7729
sentonsnousconcerne,7730
coeursurtoi,7731
cuisine,7732
inhac,7733
ta,7734
traveauapplique,7735
patisserie,7736
cremedamande,7737
ayo,7738
70ansspf,7739
bluejean,7740
rosherun,7741
regionales2015,7742
ghemmour,7743
hollandedegage,7744
tuezmoi,7745
sosh,7746
jesuispassechezsosh,7747
kevemmenenousaumfa,7748
prod2,7749
goodnew,7750
3guerremondiale,7751
geneve,7752
rbnystr,7753
nothappy,7754
fuckazonto,7755
vivelembalakh,7756
vivebaabamaal,7757
cuistololo,7758
croquissurlecoinducour,7759
tracerequest,7760
mio,7761
ripbobsadino,7762
dvorak,7763
cmrenne,7764
maintenantlisant,7765
xfile,7766
hijab,7767
niqab,7768
pudeur,7769
farcry4,7770
microsoft,7771
houbahouba,7772
flou,7773
y,7774
snowdiagnosi,7775
winterforreal,7776
snowhystery,7777
soyezvulgaire,7778
merde,7779
babysitting,7780
etatunie,7781
unitedstate,7782
tabou,7783
communiste,7784
ripgregplitt,7785
charo,7786
skate,7787
skater,7788
skaterboy,7789
sk8,7790
van,7791
blackandwhite,7792
bex,7793
vaud,7794
switzerland,7795
tahiatoune,7796
dedieablackm,7797
quioutedayplease,7798
alexane,7799
him,7800
instagood,7801
vengeance,7802
addiction,7803
blooshop,7804
fuckadobepremierepro,7805
4mpuldm,7806
communautarisme,7807
brevet,7808
ltm,7809
islamisme,7810
surf,7811
dealer,7812
surfing,7813
surferpro,7814
teamfutsal,7815
edffutsal,7816
rennesmetropole,7817
bi,7818
jeuneump,7819
box,7820
teamcotedivoire,7821
teamfcb,7822
brigadebocage,7823
enroutepourles8eme,7824
partynextdoor,7825
incredulite,7826
alp,7827
alpe,7828
montagne,7829
mountain,7830
chelsea,7831
clashdeladrague,7832
jesuisunebimbocochonne,7833
bonneanniv,7834
jameswatt,7835
ac3,7836
teambbey,7837
teamfatigue,7838
illuminaticonfirmed,7839
jemecomprend,7840
tweetlikelewi,7841
lookgood,7842
faitsdiver,7843
ennuimortel,7844
pirequetout,7845
lesmathscestpasmontruc,7846
environnement,7847
quellekiff,7848
legrandplateau,7849
tranquilite,7850
cumbianinja,7851
onluiatropcachesaconnerie,7852
topartiste,7853
sm,7854
gouted,7855
tenny,7856
tutelle,7857
diligence,7858
4mariagespour1lunedemiel,7859
teamfollowback,7860
tristan,7861
hopeso,7862
lesgensquifument,7863
fasting,7864
rivoli,7865
bescherelle,7866
onsenbranle,7867
ilmiopreferitoumoristo,7868
recrutementjoueur,7869
plagiat,7870
genou,7871
tendinite,7872
subaru,7873
murathanmungan,7874
hrantdink,7875
demission,7876
kobane,7877
sengal,7878
dermanyaz4384egonder,7879
wakemeup,7880
lacagette,7881
lacagoal,7882
teampassionthewire,7883
kleenex,7884
liondelateranga,7885
21ejournee,7886
taureau,7887
soireegea,7888
soireedepirate,7889
renault,7890
laguna,7891
mendozamonday,7892
teamkalenji,7893
belier,7894
classee17eme,7895
nathanleserman,7896
plusbellelavie,7897
meufavecboucheenculdepoule,7898
vivelesvache,7899
madeinsweden,7900
twerk,7901
margo,7902
cfkasesina,7903
impeachmentdilma,7904
corrupcao,7905
goma,7906
birere,7907
goal,7908
weekende3jour,7909
kematianyangsebentar,7910
view,7911
toinou,7912
revisionstime,7913
partieldemerde,7914
pyramide,7915
quintet,7916
ndamrek,7917
petrobra,7918
mpf,7919
lavajato,7920
abreuelima,7921
corrupto,7922
refinaria,7923
lamotivation,7924
gastonpam,7925
improvisation,7926
mercurial,7927
glissade,7928
hautesaone,7929
hautepatate,7930
finistere,7931
loi,7932
argentina,7933
muertedenisman,7934
argentinableed,7935
plan,7936
openbar,7937
hungergame,7938
neuro,7939
serpro,7940
hollandatre,7941
jb,7942
yeu,7943
timehop,7944
cmmulhouse,7945
mockingjay,7946
cinismo,7947
cretinice,7948
disdunmarocain,7949
youssoupha,7950
menacedemort,7951
argentinasangra,7952
follobackinstantly,7953
onsefollowcommedhabaucalme,7954
onsefolowback,7955
larevanchedecyril,7956
singlegirlproblem,7957
lavengeancedecyril,7958
mortejoseferreiradeoliveira,7959
democracia,7960
luto,7961
gothic,7962
bhsatek,7963
faltatrabalho,7964
maviepassionnante,7965
sonicetweet,7966
specialdrone06,7967
hihotel,7968
lemaillonfaible,7969
tunsie,7970
leridiculenetuepa,7971
imasexyboy,7972
exodu,7973
mimilagaffe,7974
winterclassic,7975
hab,7976
bruin,7977
beatthebruin,7978
jesuisfatigueeee,7979
happybeliebersday,7980
jeffrey,7981
mimilafrileuse,7982
soldeskdo,7983
girlpower,7984
lavengeancedeciril,7985
enleeeeger,7986
sengha,7987
seinesaintdeni,7988
pcod,7989
boyfriend,7990
alex,7991
instamoment,7992
laugh,7993
adidassuperstar,7994
begood,7995
begreat,7996
techdaysadeccotraining,7997
fraude,7998
paspluspete,7999
india,8000
dinnertime,8001
delhibelhi,8002
chickentikkamasala,8003
chickenmango,8004
desamour,8005
pulledpork,8006
sansfiltre,8007
pontdepierre,8008
beautybox,8009
birchbox,8010
supporter,8011
sherlock,8012
veste,8013
dkr,8014
youhouuuuuuu,8015
victoriasecret,8016
babajetaime,8017
pubtv,8018
ajustement,8019
avoir,8020
article,8021
hashtagalacon,8022
afp70,8023
septahuit,8024
problem,8025
dance,8026
onesttousabout,8027
petagedecable,8028
bebek1,8029
gambardella,8030
captainhook,8031
myman,8032
vacancesentrefrates2,8033
cmg,8034
teamcr7,8035
modithepm,8036
bedi4cm,8037
70an,8038
supelecnum,8039
cnil,8040
happybirthdayesra,8041
lathebox,8042
secret,8043
sheherazade,8044
himyb,8045
mff2015,8046
bureaupatron,8047
3month,8048
fennec,8049
algeriemonamouralgeriepourtoujour,8050
vivienfolie,8051
inadmissible,8052
jeveuxalleratignesaveccauet,8053
eglantine,8054
drone06,8055
4people,8056
checkmateaap,8057
timetoshower,8058
lpdlp,8059
ug,8060
teamlesseulsmessagesquejerecoientsontceuxdemamereoumonoperateur,8061
deljarry,8062
maindron,8063
httroplong,8064
viedemerde,8065
angrybird,8066
nikonfilmfestival,8067
enamarre,8068
panard,8069
ruquier,8070
starssoushypnose,8071
marinedelterme,8072
alicenever,8073
cherif,8074
udi,8075
teamxboxone,8076
openallwinter,8077
canada,8078
michto,8079
nemily,8080
basketballtime,8081
es1,8082
laseine,8083
fontaine,8084
anerie,8085
facholand,8086
enora,8087
camille,8088
cyril,8089
udioff,8090
rando,8091
alone,8092
lenaracontesalife,8093
5fruitslegume,8094
dresseparun3an,8095
stapsien,8096
parisx,8097
upx,8098
upond,8099
athletisme,8100
alsoc,8101
findelacagne,8102
analysee,8103
bein3,8104
babanoel,8105
rentre,8106
training,8107
reebokfr,8108
dter,8109
newbalance,8110
siannalicante,8111
slimani,8112
mskna,8113
next,8114
flipagram,8115
pogo,8116
un,8117
hihi,8118
hatehatehate,8119
aveclebebe,8120
healthylife,8121
pape,8122
hard,8123
sudvendee,8124
cecile,8125
teamfennec,8126
runtastic,8127
pushup,8128
atp,8129
masterserie,8130
montecarlo,8131
mz,8132
helpu,8133
surpoid,8134
lgl,8135
shegueyvara,8136
thebesthumoriste,8137
etcestpasunmytho,8138
paris13,8139
instacool,8140
lovepari,8141
teamcapucine,8142
msn,8143
amazayn,8144
onsemotive,8145
undicesima,8146
lovedistrict,8147
judo,8148
fiftyshadesofgrey,8149
voleeeeur,8150
randonnee,8151
huffpostgram,8152
wufrance,8153
worldunion,8154
judotime,8155
questions3,8156
fairedelapolitiqueautrement,8157
ontheroadagaintour,8158
celinedioneffect,8159
amourdemavie,8160
madclown,8161
seunghoon,8162
hiphopbabylion,8163
mcm,8164
mancrushmonday,8165
mancrusheverydamnday,8166
cestlaquestion,8167
cervezamojitocuentaporfavor,8168
parisfounder,8169
fantasticmonday,8170
friendsforever,8171
piketty,8172
poisson,8173
allezlesvert,8174
kcundercover,8175
frate,8176
nosecondchance,8177
tuserasbienvenuchezmoi,8178
yelpeur,8179
disquette,8180
readshare,8181
campaign,8182
ad,8183
glose,8184
olympiquedemarseille,8185
viragesud,8186
tifo,8187
leader,8188
derby,8189
ecnehes,8190
lesqxa,8191
tahiadz,8192
lakanal,8193
highschool,8194
allezlesfenec,8195
eminem,8196
teamfossette,8197
teambrune,8198
20h,8199
suicidegirl,8200
epoque,8201
glaciere,8202
poissy,8203
syrisa,8204
synagogue,8205
bedisarkar,8206
helpgod,8207
nwpp,8208
jeanlouismissika,8209
signebalance,8210
debat,8211
21h10,8212
zenithtoulouse,8213
quentinsetweetnestpasvise,8214
empruntstoxique,8215
asniere,8216
theatredelaville,8217
patrickmodiano,8218
impot,8219
montresor,8220
mescouillessontvide,8221
phraseculte,8222
moijaiunculpitiburger,8223
worldcloud,8224
20heure,8225
youloveword,8226
mklday,8227
bballallnightlong,8228
mensonge,8229
70ansafp,8230
barcelone,8231
day1,8232
zeniter,8233
pressfreedom,8234
kpssyikaldiryandasidoldur,8235
peteunplomb,8236
impeccable,8237
labourse,8238
afp70year,8239
afp70an,8240
leperugin,8241
mariemadeleine,8242
espritlegendaire,8243
bafanabafana,8244
mercatofcgb,8245
laseancerugby,8246
iphone,8247
onsefollowentrealgerien,8248
propagande,8249
etdirequecepropheteestamour,8250
dimehhendrix,8251
teamfevrier,8252
cool,8253
renew,8254
toscane,8255
groskiff,8256
gleefirstlisten,8257
debatpeluche,8258
anniversairedemamaman,8259
lolobaffie,8260
cyrilhanouna,8261
histoiredemavie,8262
prendcadanstagueule,8263
pellerindemission,8264
mactyer,8265
muscu,8266
chaudieredemerde,8267
jebalanceunerumeursurrabah,8268
mactyersurskyrock,8269
kidsvoice,8270
asapyam,8271
pilot,8272
black,8273
and,8274
white,8275
deauville,8276
l4l,8277
gu,8278
danse,8279
krump,8280
comfortfood,8281
sogood,8282
nutellaforever,8283
lao,8284
energie,8285
datacenter,8286
pazudora,8287
jamaissansmabouteilledabsolutvodka,8288
onauratoutvu,8289
comprendraquivoudra,8290
bouillet,8291
musiquelibre,8292
pret,8293
mediatheque,8294
jarny,8295
guigui,8296
elkhedra,8297
foxsuck,8298
mauvaiseidee,8299
gpasltemp,8300
pasdemailcettefoisci,8301
samhini,8302
veep,8303
teamtimidemoi,8304
yoda,8305
1x13,8306
lucenzo,8307
soireecastle,8308
msf2013,8309
greenday,8310
thirtysecondstomar,8311
mask,8312
fibermask,8313
energizing,8314
flyer,8315
supernanny,8316
meetingsyriza,8317
devinette,8318
thankyou,8319
plusmoderne,8320
alerterouge,8321
animalcruelty,8322
questiondeouf,8323
lepetitjournal,8324
verifietessourcesconnard,8325
gainde,8326
teamalg,8327
crime,8328
tespasalgerien,8329
teammanipradio,8330
noise,8331
toy,8332
laflechedor,8333
dayone,8334
baccarat,8335
catherineetliliane,8336
galerie,8337
peinture,8338
confessionnight,8339
looserie,8340
parisinlive,8341
zonenight,8342
electro,8343
evewba,8344
asnluso,8345
bacblanc,8346
gamine,8347
daylight,8348
frenchstartup,8349
software,8350
grosvent,8351
lesinforme,8352
finkelkraut,8353
nbaballot,8354
naked,8355
urbandecay,8356
thejoker,8357
vouslesmec,8358
rtt,8359
sick,8360
tstmg,8361
taken1,8362
ufc,8363
aieouiebeurk,8364
allumeuse,8365
onpdp,8366
koran,8367
sondage,8368
jonathanrhysmeyer,8369
charrue,8370
thevert,8371
masquevisage,8372
afriquedusud,8373
sallecomble,8374
lappantifroid,8375
recherchedepp,8376
sg,8377
lesfreresscott,8378
bitchtouch,8379
4yearsofshawnmende,8380
sardou,8381
sousleau,8382
directlive,8383
shawnsfirstheadline,8384
asterixauxjo,8385
gosig,8386
ozanabalarme,8387
expelledmovie,8388
af,8389
stalktime,8390
ye,8391
alg,8392
corporatemeeting,8393
interracial,8394
television,8395
fanzone,8396
woerth,8397
bestmoment,8398
coulisse,8399
anglai,8400
teamvalkubu,8401
savefranci,8402
algal,8403
jechangedesite,8404
algrsa,8405
phrase,8406
mythique,8407
caddie,8408
meteofrance,8409
hautenormandie,8410
make,8411
theairboard,8412
replay,8413
redwine,8414
ghoulam,8415
letgreecebreathe,8416
followmeconceptben,8417
choutitude,8418
touchee,8419
maman,8420
teamnk,8421
paradi,8422
enfer,8423
preparation,8424
region,8425
swimming,8426
aljazira,8427
cup2015,8428
sorcier,8429
bloquertellementplusfacile,8430
lesvert,8431
mondial2015,8432
freebox,8433
psgchelsea,8434
leclercmobile,8435
forfaitreglo,8436
eurorenne,8437
teamuso,8438
directioner,8439
fdj,8440
looking,8441
fuckyeah,8442
gaymonday,8443
laprocrastinationautop,8444
shawninfrance,8445
logique,8446
terresdefrance,8447
votrealsace,8448
jacobcometo,8449
fangirling,8450
fangirl,8451
groupiasseaussiallez,8452
toulousain,8453
ksmmfryqy,8454
tarifmarocain,8455
davo,8456
etontaimecommeca,8457
scoop,8458
nerveux,8459
captivant,8460
vrai,8461
hollytwo,8462
rock,8463
truelove,8464
instantmachoetmisogynedulundi,8465
tn,8466
reinedumuguet2015,8467
onsefolowentrealgerien,8468
mafiosa,8469
rebelheart,8470
cruche,8471
cheerup,8472
klnljzyr,8473
postbadfriendship,8474
benjaminclementine,8475
jourdefete,8476
jacquestati,8477
berry,8478
amandine,8479
justsaying,8480
simonex,8481
coeursurmescousinsquimemanquent,8482
coeursurmoncheri,8483
juju,8484
tropheesdessport,8485
jack,8486
classe,8487
lequipe21,8488
ftw,8489
boslac,8490
lesmeilleursmercipourcematchparfait,8491
cristianoronaldoenor,8492
tweetattrapealgerienne,8493
123vivaalgerie,8494
rush,8495
feelinghigh,8496
bienmanger,8497
faitmaison,8498
saison,8499
jaichaud,8500
ksasy,8501
algad,8502
hartaberfair,8503
poem,8504
aoste,8505
nrv,8506
teamthug,8507
battuaplatecouture,8508
jemincline,8509
leica,8510
algeria,8511
spakinota,8512
volontariat2014,8513
20janvier2015,8514
unbroken,8515
jolie,8516
leolux,8517
gluten,8518
lifestyle,8519
galaxyguardan,8520
parlonsbasket,8521
snobisme,8522
lespetitsprince,8523
assomer,8524
receptionniste,8525
reso,8526
1ematchetvictoirepourlesvert,8527
213clan,8528
rox,8529
biscuit,8530
snob,8531
supermario,8532
galaxyguardian,8533
fetishday,8534
loveday,8535
madday,8536
myday,8537
ml,8538
brahimi,8539
girltribubyshanna,8540
daghemunegu,8541
falcao,8542
abidal,8543
carvalho,8544
nomakeup,8545
plu,8546
truth,8547
boston,8548
clipper,8549
bein,8550
squat,8551
seulslesvraissavent,8552
pff,8553
japd,8554
teamjul,8555
bigbangtheory,8556
shjljzyr,8557
broadchurchreturn,8558
jesuismonaco,8559
moussasow,8560
taider,8561
lrr,8562
twitterbaisefacebook,8563
kurokonobasket,8564
thinguyspower,8565
babyfoot,8566
youknowbest,8567
maggiegrace,8568
rtlinfo13h,8569
lapulperia,8570
argentine,8571
now,8572
denzelwashington,8573
qualitytv,8574
coldwater,8575
choc,8576
cruel,8577
camp,8578
redressement,8579
timetosleep,8580
nighfever,8581
allnighter,8582
ne,8583
jenemetairaiplu,8584
reverie,8585
yetim,8586
kimseyokmu,8587
teamkendji,8588
tagged,8589
tennyenttencore,8590
coupine,8591
u17f,8592
lifegoal,8593
deprimedusoir,8594
bonsoir,8595
18hpol,8596
peterpan,8597
thebigbangtheory,8598
thesimpson,8599
pro7,8600
oup,8601
quenottefail,8602
decompression,8603
tgw,8604
nouveaudepart,8605
blaguedujour,8606
theorieducomplot,8607
socute,8608
suceplesse,8609
thevamps5sospartyph,8610
5sosbestfans2015,8611
frompariswithlove,8612
ahmaisahmaisoui,8613
criksfamilyempire,8614
athee,8615
catfish,8616
id8122153,8617
paysan,8618
winterishere,8619
bighop,8620
zlatan,8621
s2e1,8622
geniaaaaal,8623
vousmefaitepeur,8624
curatelle,8625
terraincognita,8626
jesuisliondelateranga,8627
embarassante,8628
jesuism,8629
htpodcast,8630
nature,8631
waw,8632
impossible,8633
luciditeyonique,8634
punition,8635
floppydisk,8636
paralysievaginale,8637
souvenirde2014,8638
cm2014,8639
closer,8640
deneuve,8641
frey,8642
contraception,8643
bigupatoimymen,8644
nemequittepa,8645
jacquesbrel,8646
iceskating,8647
coanimatrice,8648
nicolincruste,8649
maisquiestilvraiment,8650
mlkday2015,8651
screamqueen,8652
arianagrande,8653
leamichele,8654
idontlikemonday,8655
tellmewhy,8656
lecture,8657
portugal,8658
lisboa,8659
fantastoque,8660
jesor,8661
algeriebossdechezbos,8662
ilsereconnaitra,8663
brunolemaire,8664
missioninutile,8665
bitchtrippin,8666
fairytail416,8667
whygodwhy,8668
brofeel,8669
clowndufoot,8670
hilaryswank,8671
brucejenner,8672
surgery,8673
nuitchiante,8674
anouar,8675
campagne,8676
reseaudemerde,8677
oletaadam,8678
hp1,8679
bangui,8680
humanitaire,8681
otf,8682
rca,8683
askjame,8684
grossemerde,8685
footballcircu,8686
canalplu,8687
littlevoice,8688
mirror,8689
ssr,8690
danakil,8691
cineale,8692
papooz,8693
paradisco,8694
thegrooveisback,8695
lunatiqueforever,8696
humoursubtil,8697
kis,8698
violence,8699
dz2014,8700
bienvu,8701
offliam,8702
atlantadetroit,8703
shootpourdubeurre,8704
mozd,8705
foreveralone,8706
nonstop,8707
offpourdevrai,8708
scemu,8709
tontu,8710
cherieteslemeilleur,8711
team,8712
teamlebelge,8713
teamsamsung,8714
teamhuawei,8715
nypd,8716
abudhabi,8717
tomdaley,8718
seriously,8719
assp,8720
newyorkunitespeciale,8721
usv,8722
newyorkunitespecial,8723
titededi,8724
titetruffe,8725
carabin,8726
boucherie,8727
snl,8728
oratorien,8729
macadamia,8730
eatingdisorder,8731
suri,8732
john,8733
blackeyssupergrain,8734
2018inchallahlechangement,8735
perfectas,8736
loide2007,8737
flute,8738
celticsnation,8739
kingofthetruffe,8740
truffarde,8741
truffo,8742
comeonclipper,8743
lac,8744
fragiliteassumee,8745
lepicdedante,8746
teamgrizi,8747
griezmann,8748
theend,8749
heartofgold,8750
cestmignoooooon,8751
caroleqool,8752
picouimaucalme,8753
picouimquidort,8754
picouimpresident,8755
ohcon,8756
hawken,8757
teamnorine,8758
tahianorine,8759
norinelabg,8760
norinemissilemaurice,8761
picouimalecoledessorcier,8762
ciao,8763
cdm,8764
provocare,8765
teamchocolatine,8766
lachauxnotreamour,8767
lapatrie,8768
lachauxcestbeau,8769
france4,8770
lahonte,8771
picouimlepoete,8772
lameilleuredelannee,8773
rw14,8774
albarn,8775
salledegarde,8776
fresque,8777
bestactres,8778
criticschoice,8779
talentphoto,8780
3monday,8781
logoutyaphone,8782
repassage,8783
malaga,8784
alacranjoke,8785
imagededeuxvictoire,8786
lequipe,8787
crazygirl,8788
jedorsplu,8789
jevieplu,8790
jefaislamythoentravaillantquandjesuisko,8791
ladanseaprisledessu,8792
globalization,8793
vika2015,8794
niquetout,8795
jplus1,8796
jplusun,8797
pennydreadful,8798
s2e2,8799
teamsitumeditpasquetumaimejeferaiscommesicetaitpasleca,8800
iavania,8801
belfodil,8802
grincheux,8803
mai,8804
tellement,8805
mignon,8806
motherrussia,8807
mashaandrianova,8808
da,8809
niet,8810
belle,8811
parissg,8812
girafe,8813
belgique,8814
lbfl,8815
bsaire,8816
narutoshippuden,8817
gaara,8818
poser,8819
copslesforcesdudesordre,8820
grandsoir3,8821
pmustyle,8822
mestancantando,8823
tweetdemitovieux,8824
pz,8825
soon,8826
ctypeplate,8827
kuresellesme,8828
nexus5,8829
plusquafairemieux,8830
imdead,8831
toutsauflemensonge,8832
nipardonnioubli,8833
cazarre,8834
confessiondemedissy,8835
jacobtosarahssweet16,8836
jksimmon,8837
thelegendofkorra,8838
prettycool,8839
taemin,8840
tvds6,8841
medium,8842
loveyoubabe,8843
congolaisfragile,8844
bormes2014,8845
bresil,8846
corcovado,8847
christ,8848
beausjoke,8849
wild,8850
hyperconvergence,8851
syndicatmixte,8852
lacvsbo,8853
usquevilly,8854
lesnul,8855
alainchabat,8856
noooon,8857
wesleymorefriendsmonday,8858
root,8859
makeawish,8860
livinthelife,8861
lelouvre,8862
musee,8863
hipstalife,8864
hipstatrip,8865
hipstadream,8866
livejego,8867
ndoleradio,8868
nightcrawler,8869
manaa,8870
forumblanc,8871
skiffe,8872
hiptographer,8873
momi,8874
brusela,8875
bruja,8876
belgica,8877
bonappetit,8878
geniuspower,8879
fracze,8880
3daystogokianandjc,8881
jalletballondor,8882
buren,8883
column,8884
palaisroyal,8885
riverside,8886
freeraif,8887
socvssco,8888
teamsoc,8889
ddlsllrswl,8890
touchepasamonprophete,8891
sinon,8892
crossing,8893
bridge,8894
pont,8895
terrasser,8896
jamai,8897
droledevie,8898
millionnaire,8899
uptobox,8900
11janvier,8901
poufiassezer,8902
wearethe90,8903
dwayne,8904
pleasedontjudgeme,8905
anepasmanquer,8906
enemy,8907
saltimbanque,8908
tutesfaittaclerpartagrandmere,8909
rappel,8910
cdenquete,8911
temon,8912
aryabittanleouf,8913
zedd,8914
stksession,8915
myfridaynight,8916
pianiste,8917
aucalme,8918
schubert,8919
serenade,8920
ps3,8921
ado,8922
talkshoam,8923
pascoordonnee,8924
alexi,8925
sanchez,8926
coyg,8927
chile,8928
monster,8929
machine,8930
alfredhitchcock,8931
shiny,8932
rof,8933
parisderniere,8934
teamusvb,8935
cetelem,8936
teamfrangipane,8937
faittournersitesteamfrangipane,8938
ryuichisakamoto,8939
mozart,8940
lacrimosa,8941
injuriou,8942
leboutondeworkhardplayh,8943
photomime,8944
aklim,8945
orda,8946
hayalkurmak,8947
degisiklilik,8948
ete2015,8949
bio,8950
r5,8951
asmfcn,8952
mauvaisbail,8953
mitchie,8954
proudofshay,8955
gyselle,8956
samuelbeckett,8957
romainpointeur,8958
casedepart,8959
boostbirhakeim,8960
balaye,8961
hortefeux,8962
castingpub,8963
reelle,8964
lz,8965
eiffel,8966
momentskto,8967
notairesencolere,8968
academyaward,8969
pittiuomo2015,8970
alexholttito200k,8971
partyfun,8972
melun,8973
montaig,8974
29clan,8975
ripbabygirl,8976
180degre,8977
acqui,8978
meilleursaut,8979
brook,8980
cafaitplaisir,8981
unlock5hworthit,8982
jeveuxdormir,8983
grave,8984
casino,8985
fauxespoir,8986
clarity,8987
zarahomme,8988
lekiffe,8989
philosophiemagazine,8990
lenfertcestlesautre,8991
thomasfriedman,8992
swaggy,8993
superfruit,8994
trainingforstjude,8995
flashbackfriday,8996
chopin,8997
edithpiaf,8998
fatigueextremeacte2,8999
berthomlyon,9000
christianovoice,9001
musicbiz,9002
vinyl,9003
onfaitquoimaintenant,9004
los,9005
thisweek,9006
maroon5sugar,9007
lskam,9008
kkm,9009
beatgsw,9010
offcte,9011
fallonmono,9012
teamwarrior,9013
nbafriday,9014
jemimanniv,9015
onfire,9016
kush,9017
shutup,9018
jembirthday,9019
nainablabla,9020
oscar,9021
sperme,9022
dyinglight,9023
tribegram,9024
youmustsee,9025
nosleep,9026
viedebasketteur,9027
veryhappykaty,9028
sale,9029
maperteissoon,9030
pasionprohibida,9031
klaine,9032
marre,9033
oscars2015,9034
birdmanmovie,9035
tgbh,9036
qotd,9037
showtime,9038
doesn,9039
sleep,9040
mybeloved,9041
one,9042
deouff,9043
so,9044
coac2015p1,9045
britneyspear,9046
piston,9047
rude,9048
philippeval,9049
warrior,9050
smsjesuisenceinte,9051
amazingdurant,9052
thunder,9053
gtav,9054
lossanto,9055
crew,9056
foxhound,9057
wearethunder,9058
nerdz,9059
africanliterature,9060
headhearthandshealth,9061
ifyoudontknowthenwecantbefriend,9062
newworldsound,9063
highclub,9064
hdg,9065
ballondor2014,9066
ballondor,9067
cristianoronaldo,9068
hypocrite,9069
polevault,9070
compet,9071
britney,9072
bringtheaction,9073
yellowpower,9074
yellow,9075
jaune,9076
invinoverita,9077
soireelyonnaise,9078
taubirademission,9079
vallaudbelkacemdemission,9080
aaliyahsbirthday,9081
oneinamillion,9082
leweekend,9083
atlast,9084
monochrome,9085
instablackandwhite,9086
ur,9087
undergroundresistance,9088
mplant,9089
popefrancisph,9090
fcllosc,9091
teamfcl,9092
investeu,9093
caturday,9094
sitisiti,9095
ok,9096
bouhou,9097
blessedbythepope,9098
expertjudiciaire,9099
expertassurance,9100
early,9101
sleepy,9102
etc,9103
mouton,9104
wifi,9105
uk,9106
smash4,9107
allerfcl,9108
platine,9109
promo,9110
prof,9111
dsdemath,9112
yudifox,9113
cipfleuret,9114
gr,9115
ascu,9116
fragilite,9117
boccatumasginesca,9118
macgeneration,9119
bacblancdemerde,9120
flame,9121
jdpfcpe,9122
palaisdesnation,9123
milano,9124
gardelapeche,9125
apero,9126
scared,9127
musculation,9128
orangeisthenewblack,9129
bartonestderetour,9130
happybirthdayaaliyah,9131
happybirthdaybabygirl,9132
worldagainstbarbarism,9133
frechtech,9134
devoir,9135
pote,9136
jesuiscon,9137
onsefolowledimanchesanspression,9138
gameday,9139
gollum,9140
onsefolowlesamedisanspression,9141
entetantereflexion,9142
symphonynow,9143
orcpaca,9144
findelhistoire,9145
permi,9146
saturday,9147
nap,9148
afteeeeeer,9149
mercilescopain,9150
teamhistorien,9151
veuxdormir,9152
5daysuntiltvd611,9153
lover,9154
pussycat,9155
princes,9156
dtr,9157
tontongentil,9158
teamporto,9159
mercibisou,9160
heater,9161
garedelest,9162
mes9dernieresphoto,9163
philarmoniedepari,9164
devisedumatin,9165
okcvsg,9166
pcd,9167
rhonealpe,9168
tag,9169
fievre,9170
boost,9171
kusmi,9172
oropoli,9173
humex,9174
nesquik,9175
lastlastrt,9176
thalassa,9177
irremplacable,9178
gamay,9179
chateaudeversaille,9180
bepositive,9181
schachzug,9182
vigne,9183
rafsimon,9184
pittiuomo,9185
datagueule,9186
icc,9187
sky,9188
fcsmaca,9189
teamjauneetbleu,9190
postedesurveillance,9191
tagrandmere,9192
coeursureux,9193
europe2015,9194
archery,9195
ketchup,9196
sportpassion,9197
voltigetime,9198
horse,9199
lepostedesurveillance,9200
paris10,9201
hde,9202
eti,9203
telaviv,9204
fcgbogcn,9205
lesvraie,9206
teamwinner,9207
rachidnekkaz,9208
drinkscharityfantasyleague,9209
jehuuuuurle,9210
pudesouffle,9211
harrypotter,9212
honha,9213
transport,9214
theweeknd,9215
monstre,9216
coursdiderot,9217
britedsheeran,9218
rclol,9219
peche,9220
ffpml,9221
fnpf,9222
cnpl,9223
speakeranimateur,9224
australiaday,9225
tripledouble,9226
takeiteasy,9227
coupeconfluence,9228
voldemort,9229
sgdb,9230
rerc,9231
pointmeteo,9232
nostalgique,9233
ovsg,9234
cdauxgt,9235
carambarpourtou,9236
onnnnnnnn,9237
wipt,9238
laplusbelleregion,9239
enterrement,9240
googlealert,9241
tumasdonneenviedemojitomalin,9242
onrajeunitpa,9243
pepsi,9244
yummmm,9245
galerieslafayette,9246
laflemme,9247
conseilgratuit,9248
madeincatalonia,9249
pardonexcusemoipetitjesusdemafoietdemabonte,9250
licorne,9251
selfi,9252
mac,9253
maccosmetic,9254
ral,9255
lipstick,9256
enpleineforme,9257
theoucafe,9258
moneycat,9259
ripkatycatmurilo,9260
la3,9261
jagermaster,9262
ob,9263
pelloux,9264
giorgiomodorer,9265
righthererightnow,9266
argumentationpolitique,9267
falloutboy,9268
team82,9269
en2015jesuislechrist,9270
lepetitprince,9271
imagination,9272
tdf2015,9273
bonnesaisonchampion,9274
vega,9275
allezlorient,9276
crossouestfrance,9277
crossduman,9278
leman,9279
sarthe,9280
hautemarne,9281
preparationdufoi,9282
bienvenuchezleschtitseffect,9283
nrj12lachaine,9284
udi26,9285
followtrick,9286
mgwv,9287
teamfluo,9288
popchoiceaward,9289
weekendparty,9290
perestroika,9291
parfum,9292
provin,9293
jesuischarliedelta,9294
excellentissime,9295
juliette,9296
lilou,9297
korvau,9298
affaireapollonia,9299
lawenforcement,9300
marysepose,9301
weaterforelephant,9302
lovelovelove,9303
effeltower,9304
gotowork,9305
champsdemar,9306
ouat,9307
mercure,9308
gameon,9309
topspot,9310
seriousgame,9311
amivener,9312
cafeclope,9313
tranquille,9314
montreal,9315
inspiration,9316
jekiffecettephoto,9317
teamlevetot,9318
wwe2k15,9319
coursecontrelamontre,9320
elo,9321
urbancontact,9322
feelbetter,9323
rde,9324
bobzer,9325
joker,9326
bab,9327
culturepop,9328
chicagofire,9329
enrhube,9330
lr,9331
vlog,9332
brazil,9333
rio,9334
rossignol,9335
courchevel,9336
thehangingtree,9337
hotelnewyork,9338
galettegate,9339
fcolive,9340
hyperloop,9341
compiegne,9342
piecesjaune,9343
senslapiste,9344
parisbynight,9345
denver,9346
notrechanson,9347
missyou,9348
toujour,9349
dgse,9350
skin,9351
shakira,9352
bulgarsalat,9353
factsaboutme,9354
ontheroaf,9355
meetmyboyfriend,9356
schengen,9357
gothiquesgang,9358
sein,9359
15km,9360
runningfrance,9361
eglise,9362
cavanna,9363
rital,9364
anticor,9365
littlemonster,9366
tpmprime,9367
jaimepari,9368
asli,9369
jesuisraifbadawi,9370
etremoche,9371
sexandthecity,9372
messerie,9373
teamorginal,9374
happykanginday,9375
ilovecoffe,9376
tousjournaliste,9377
canalplay,9378
ump48,9379
mendenord,9380
cibledujour,9381
bodypump,9382
xma,9383
teamcongord,9384
onyarrive,9385
formatheque,9386
lenapoli,9387
lanouvellestar,9388
galavant,9389
modedemenageur,9390
grosbiscoto,9391
aynine,9392
fini,9393
fablab,9394
livetweet,9395
pierrevert,9396
nomotivation,9397
happyme,9398
malgachejamaisalheure,9399
rbm,9400
eluunjourelutoujour,9401
puysaintvincent,9402
lola,9403
lv,9404
metsduretrodanstavie,9405
leighsbarbadosmemorie,9406
haussedeniveau,9407
bestreponseever,9408
grossedormeuse,9409
frankocean,9410
aaliyah,9411
carla,9412
caniche,9413
please,9414
pdl2015,9415
negligee,9416
kifftamosquee,9417
ut,9418
team241,9419
jesuisgabonaise,9420
gwak,9421
christmasallyearlong,9422
sully,9423
nantes1,9424
reflexionde12an,9425
sympalecopain,9426
unfriendedmovie,9427
faisdesblaguescommeayoubbourqual,9428
mairie,9429
middleage,9430
brooklynbaby,9431
instasize,9432
spa,9433
middleeast,9434
saintsfc,9435
meltdown,9436
wemarchon,9437
election,9438
departementale,9439
diversdroite,9440
franceconnect,9441
alger,9442
sixtie,9443
marchedu11janvier,9444
michaelwolf,9445
davidaltmejd,9446
amauetudie,9447
jesusrafaelsoto,9448
ect,9449
juniorentreprise,9450
apprendreentreprendre,9451
volontaire,9452
nantesnord,9453
ellocodesupermache,9454
unhomme,9455
oncte,9456
happybirthdayjimcarrey,9457
perguntado,9458
q,9459
album5,9460
restonsgroupe,9461
profsadique,9462
lybie,9463
lechangementcesmaintenant,9464
jevaismourire,9465
lovetravelling,9466
backtorunning,9467
changement,9468
pugchipie,9469
hartofdixie,9470
toty,9471
runitfast,9472
runningcrew,9473
runinfrance,9474
runnerscommunity,9475
irun,9476
best,9477
truffe,9478
tapa,9479
languedoc,9480
mpn,9481
mis,9482
teamgoudou,9483
aunomdelaverite,9484
poto,9485
last,9486
perezhilton,9487
tupeuxpastest,9488
teamlesbienne,9489
cip2015,9490
teamfa,9491
concret,9492
deep,9493
house,9494
maxmyer,9495
omm,9496
relaisclossaintgeorge,9497
dlf,9498
rcv,9499
laplage,9500
club,9501
frenchboy,9502
lamourdureach,9503
danette,9504
tss,9505
vichy,9506
forever,9507
fcpe,9508
seflie,9509
talentedmarie,9510
approuver,9511
orsay,9512
sunny,9513
declaredesbailsalancienne,9514
wolfvostell,9515
parionsport,9516
betclic,9517
vape,9518
tropdeswagtueleswag,9519
samedi,9520
iotnew,9521
japonaise,9522
bodycombat,9523
capuesamere,9524
thebestfriend,9525
omarba,9526
insta,9527
instanight,9528
instalike,9529
instabeautiful,9530
reponseamorgan,9531
instantsad,9532
potaufeu,9533
jefinancemonbusines,9534
stdonatien,9535
keepittoyourself,9536
regadez,9537
sieste,9538
jaimemesweekend,9539
restaurantopanda,9540
valeursactuelle,9541
commerce,9542
happybirthdaydenitsa,9543
saintgermaindespre,9544
fuckingnight,9545
meh,9546
bigbrother,9547
hervebaroud,9548
marieguinebaud,9549
miniburger,9550
foodpornaddict,9551
ymmy,9552
burgertime,9553
chinesefood,9554
foodaddict,9555
hangover,9556
cafaitdubienderire,9557
herecomethesun,9558
meganfox,9559
galaxys3,9560
llcechinoi,9561
llcecoreen,9562
welcometothemagicschool,9563
conventionharrypotter,9564
galaxysiii,9565
herecomesthesun,9566
bien,9567
thatisthequestion,9568
jemarcheavectoi,9569
thealamenthe,9570
grandmere,9571
joyeuxanniversairesam,9572
bartonleretour,9573
day,9574
royal,9575
river,9576
infotweet,9577
medieval,9578
rigueur,9579
honnetete,9580
jesuissarko,9581
lombricompostage,9582
spacemountain,9583
tutesvuquandtapeur,9584
filmnoob,9585
diplomedeblowjob,9586
taxonomie,9587
bloom,9588
lorient,9589
gachetavie,9590
niki,9591
nana,9592
hakunamatata,9593
unfriended,9594
slalom,9595
frankenstein,9596
boriskarloff,9597
booster,9598
beesta,9599
jpeuxpasvousdirepluu,9600
motifderetardvalable,9601
oeil,9602
mbecille,9603
stecon,9604
revision,9605
singapore,9606
dubsmash,9607
s01e01,9608
kiosque,9609
ipad,9610
prioritejeunesse,9611
es16,9612
jaymaxvi,9613
newdeal,9614
wengen,9615
patronincognito,9616
balloon,9617
week,9618
lamer,9619
teamog,9620
anticor11,9621
letube,9622
guadeloupe,9623
conduite,9624
autoecole,9625
luxembourg,9626
nikidesaintphalle,9627
ogm,9628
extension,9629
gyaru,9630
giyaru,9631
madmoizelle,9632
uneanneesanscomplexe,9633
objectif700,9634
amitie,9635
rosettamission,9636
philae,9637
carselfie,9638
braid,9639
boxbraid,9640
ilovemybraid,9641
diesemag,9642
coupe,9643
grosmatch,9644
pet,9645
zapping,9646
ellenforeverdabest,9647
vegetal,9648
skyporn,9649
vegetalwall,9650
nastasic,9651
schalke,9652
influenceur,9653
bonal,9654
jsuisinsolente,9655
cestdit,9656
user,9657
cousine,9658
kikou,9659
vousetesou,9660
moncorp,9661
pma,9662
uni,9663
pompidou,9664
reuteur,9665
fuckthenewnormal,9666
forteresse,9667
jenayache,9668
ouvronsnosyeux,9669
communitymanagement,9670
mamy,9671
notredame,9672
silhouette,9673
sunshine,9674
blondandblondandblond,9675
homajalachonsonfrancaise,9676
jouyet,9677
fillon,9678
4gmark,9679
boutdumonde,9680
cotedejade,9681
icecream,9682
travelling,9683
afroboy,9684
teammetisse,9685
teamiej,9686
whitecollar,9687
oscarwilde,9688
brunch,9689
postsoiree,9690
egg,9691
bacon,9692
sanpellegrino,9693
tea,9694
hipanema,9695
lesperlesdenadine,9696
paslamemedroitequemoi,9697
nikewomenclub,9698
cassetete,9699
legrandbleu,9700
htgawm,9701
palaisdessport,9702
teamjalousie,9703
tweettresvise,9704
jenaimarre,9705
achetetoiunemontreputain,9706
boucherietime,9707
lbzldhhby,9708
ruhpolding,9709
team974dansle69,9710
joshgroban,9711
selfieforgrant,9712
depuistadisparu,9713
quisenbalek,9714
knowledgegraph,9715
pietrefonctionnaire,9716
wwa,9717
adamsienne,9718
rightnow,9719
challan,9720
anabelle,9721
cafard,9722
appelezmoichristina,9723
martel,9724
sooooooon,9725
quaidorsay,9726
yourbad,9727
nutellatuelesorangoutan,9728
tpe2015,9729
1erel,9730
aieaieaie,9731
folie,9732
t3a,9733
juliettehurel,9734
tinienfrancia,9735
benjaminfranklin,9736
tropchaud,9737
etpuisy,9738
balotelli,9739
jehaislabanlieue,9740
risingstar,9741
soundofblis,9742
ideesblanchestour,9743
pierrepoivre,9744
coat,9745
dres,9746
frenchdesigner,9747
outfit,9748
instalook,9749
instamood,9750
kissfm,9751
coachise,9752
jbgrange,9753
toujours20an,9754
jbdevientserieux,9755
jbdevientunhomme,9756
villecresne,9757
loveforeverybody,9758
saisonauzoo,9759
zoodelafleche,9760
virgule,9761
zonedeconfort,9762
chateaux,9763
instanice,9764
gametime,9765
proudtosupportyouuuu,9766
amazingartist,9767
tricotrico,9768
dacruz,9769
samedicestgalerie,9770
shake15,9771
goteam,9772
waterpolo,9773
s1e1,9774
stefanocaldoro,9775
liceosannazzaro,9776
500joursensemble,9777
findepause,9778
twdfamily,9779
basketix,9780
clemsaison5,9781
boxe,9782
noma,9783
panama,9784
modem06,9785
sarmun,9786
gonnamissthem,9787
langlang,9788
onestbien,9789
kiff,9790
centrepompidou,9791
beaubourg,9792
bayernmunich,9793
ribery,9794
bundesliga,9795
inreallife,9796
generique,9797
coy,9798
mgrdwkmttyhmr,9799
bep,9800
tax,9801
rosalindrussell,9802
kentpolice,9803
reflet,9804
niska,9805
sailormooncrystal,9806
fauxcul,9807
noscorp,9808
700follower,9809
rctul,9810
luna,9811
allomaitrecapello,9812
philarmonie,9813
nyfw,9814
jourdematch,9815
quelavieestbelle,9816
kdobonu,9817
chinon2010,9818
chateaudelagrille,9819
bonaaar,9820
belleville,9821
jassumetout,9822
tatoo,9823
graphicadermeavignon,9824
vamoslen,9825
olympiquelyonnai,9826
yoavhattab,9827
cyclocros,9828
nommay,9829
sheitan,9830
cuitehebdomadaire,9831
belleeducation,9832
marchforlolita,9833
aveclesnewspoto,9834
leadershipwe2,9835
wildmovie,9836
portesdusoleil,9837
swache,9838
goblue,9839
collectealimentairespf,9840
solidariteenmouvement,9841
cspmsb,9842
georgeeddy,9843
tusor,9844
miamiseaquarium,9845
bpl,9846
wcdrr,9847
road2sendai,9848
lensol,9849
modeproutprout,9850
ruinee,9851
aliciavoyageennormandie,9852
excusemybadfrench,9853
americanwestcoast,9854
runway96,9855
southpigalle,9856
knutfest,9857
birkweiler,9858
cake,9859
lemon,9860
citeunephrasedemytho,9861
lego,9862
paradisdufruit,9863
photographer,9864
conventionhp,9865
coiffeur,9866
nuna,9867
anarchistak,9868
bluray,9869
homecinema,9870
ihome,9871
sia,9872
gogogo,9873
specialdelivery,9874
little,9875
dog,9876
yorkshire,9877
leplusbeau,9878
cesar,9879
thereal,9880
nouveaurecord,9881
premierleague,9882
enfoires2015,9883
barathon,9884
bandee,9885
fete,9886
standre,9887
saoule,9888
streetartpari,9889
bar,9890
longboard,9891
perfectday,9892
winterexpedition,9893
desesperant,9894
teamcsh,9895
nerienlacher,9896
invit,9897
bewareofangel,9898
jagger,9899
mugler,9900
herme,9901
carre,9902
ffbspecial,9903
teammbc,9904
calligraffiti,9905
graffeur,9906
sprayart,9907
frenchgirl,9908
ricardsalivemusic,9909
40ansloiveil,9910
planivg,9911
teamtal,9912
jesfc2015,9913
lepalaisdescongresdepari,9914
mercivsaussi,9915
mohammedali,9916
onthisday,9917
nediyelim,9918
ntc,9919
language,9920
barrier,9921
yike,9922
teamcongo,9923
eqccgo,9924
rozayyy,9925
teamasm,9926
spcm,9927
mu,9928
united,9929
myteam,9930
manchesterunited,9931
ultra,9932
relationshipgoal,9933
lifemustgoon,9934
zeit,9935
workhardwineasy,9936
lentrainementjamai,9937
s1e2,9938
hc4,9939
pl,9940
bae,9941
itsbeen84year,9942
mannheim,9943
alterfeuerwavhe,9944
futuradio,9945
webradio,9946
lmdla,9947
olrcl,9948
lenslyon,9949
chamonix,9950
toiaussitweetcommeadelo,9951
yay,9952
fattoumi,9953
lamoureux,9954
peynet,9955
antiol,9956
lenlyo,9957
eqgcgo,9958
christiangrey,9959
onrigoleomoin,9960
ecocitoyen,9961
librairie,9962
passagejouffroy,9963
coupdecom,9964
journeepleine,9965
achatsplein,9966
jlbnv,9967
incoming,9968
collaboration,9969
mua,9970
soda,9971
bove,9972
teamrct,9973
nouveauxpublic,9974
s1e3,9975
guineeequatorialecongo,9976
pseudoecolo,9977
bachant,9978
saintsebastienaucoeur,9979
zelda,9980
havingabreak,9981
cj,9982
adm,9983
mousetrap,9984
ekoi,9985
supercorsa,9986
adefautde,9987
33tour,9988
labriochedelamour,9989
badgirl,9990
instafamily,9991
instagoodtime,9992
instawebro,9993
instalove,9994
hoa200,9995
fifa15ballondor,9996
escroquerie,9997
sileselephantsremportentlacan,9998
pretesatout,9999
aqualigne,10000
couille,10001
cock,10002
qprmun,10003
mtvclash,10004
maythe4thbewithyou,10005
jesuisjimclancy,10006
ondar,10007
viveleboulot,10008
jaimelesfille,10009
apc,10010
rau,10011
bonu,10012
aliciavoyageapari,10013
lesportcestsatan,10014
macdotueleslimace,10015
instafcl,10016
style,10017
roadtoparis2015,10018
asu,10019
laculturecommeuniqueobjectif,10020
tuesgourdasse,10021
coigniere,10022
mafiaducmg,10023
psgetg,10024
shoe,10025
seaworldofhurt,10026
tweet4tilikum,10027
tzamgaucher,10028
michelbasto,10029
livre,10030
dc,10031
cestadirenou,10032
placealabierederecup,10033
nmtlyon,10034
freewifi,10035
watp,10036
4terrain,10037
tablefinale,10038
domainepublic,10039
fiesta,10040
sanspression,10041
justdoit,10042
arbitredemerde,10043
cefairedefoncerpourrien,10044
irinashayk,10045
vivelledop,10046
petiteblague,10047
sprcnm,10048
resolution2015,10049
imboden,10050
sono,10051
lamaisonchocolat,10052
chemin,10053
ahouaishein,10054
yorobo,10055
djarafat,10056
jalletenedf,10057
rallye,10058
cityexploring,10059
corky,10060
olympia,10061
insolent,10062
toutestlie,10063
teamassr,10064
salasm,10065
jetaimetant,10066
nsyqmswwl,10067
laventurecontinue,10068
etcestpasfini,10069
capeline,10070
excitee,10071
sandiego,10072
cbb,10073
punny,10074
ab2140,10075
fifa14,10076
niamey,10077
zinder,10078
acer,10079
aspire,10080
s7,10081
ghezzal,10082
fekir,10083
madiani,10084
deezer,10085
rmcf,10086
juve,10087
rcl,10088
larosepari,10089
jeracontemavie,10090
jemenfou,10091
do,10092
twittercestfaitpourca,10093
etcafaisaitlongtempsaussi,10094
judgenajwa,10095
bachelor,10096
toxic,10097
thankfuckforgin,10098
orkid,10099
teamforceur,10100
maiscestunassasin,10101
teamel,10102
ckoitazik,10103
bonhomme,10104
joe,10105
maxwell,10106
thelistgoeson,10107
quietstorm,10108
enviedetoutcasser,10109
tonight,10110
laguerrrrre,10111
masturbe,10112
motown,10113
33rpm,10114
womenmakeithappen,10115
hairymen,10116
gaybear,10117
nashnewvideo,10118
evolve,10119
demenagement,10120
fcf,10121
privateparty,10122
cirquegrus,10123
rddbachelor,10124
jeparleanglaisfluently,10125
marathontraining,10126
dunedupyla,10127
chinchin,10128
hg,10129
narutothelast,10130
nexttimeinfrench,10131
sifflequepouruneequipe,10132
bientotlafoudre,10133
somb,10134
cdj,10135
cesoir,10136
workparty,10137
riverisland,10138
topshop,10139
happyout,10140
happyweekend,10141
equcon,10142
shiiiiiite,10143
notmyday,10144
bifouma,10145
guicon,10146
undizz,10147
rienaajoute,10148
mamounette,10149
3alsakhramusicvideo,10150
tourneedal,10151
glee,10152
hod,10153
serieaddict,10154
smcsdr,10155
lope,10156
arabsgottalent4,10157
lyonnaisetleaderdel1,10158
24coro,10159
50mininsid,10160
toast,10161
butternut,10162
soup,10163
foodtruck,10164
cesttroplaidmaiscetaitjustepourlarime,10165
jr,10166
congui,10167
areyoutheone,10168
pariswinter,10169
citybestpic,10170
igworldclub,10171
parisamour,10172
parismaville,10173
parisbonheur,10174
lstgn,10175
njwkrm,10176
hqyq,10177
rio40grau,10178
voltandoparacasa,10179
nizza,10180
nissa,10181
nica,10182
igersnice,10183
costazzurra,10184
frenchriviera,10185
simonedebeauvoir,10186
laforcedelage,10187
fallaitreflechir,10188
theoriginalunited,10189
trending140,10190
fsunday,10191
sologne,10192
flooder,10193
promislaprochainefoisjedefendpa,10194
irwin,10195
rodeotour,10196
btzsca,10197
ghetto,10198
celio,10199
chemise,10200
pull,10201
refai,10202
maillot,10203
domino,10204
fcmmhsc,10205
u17,10206
u16,10207
teamsalade,10208
balance,10209
banlieue,10210
malta,10211
lateamolympe,10212
unfollowfriday,10213
noussommeslolympiquelyonnai,10214
moliere,10215
gregoiretachnakian,10216
mardi,10217
leiladanslmdla,10218
dagoba,10219
magoa,10220
acyl,10221
lutece,10222
trabendo,10223
gig,10224
metal,10225
frenchscene,10226
carnavalvenitien,10227
carnaval,10228
savigny,10229
senart,10230
martelbougetoi,10231
bestiebesta,10232
total,10233
vinci,10234
vivendi,10235
veolia,10236
ead,10237
lvmh,10238
lagardere,10239
cocosextapeyahoolive,10240
sapassebien,10241
wazup,10242
gulli,10243
cestquoitonastuce,10244
ninkasi,10245
vcfalmeria,10246
lire,10247
knowledge,10248
bfagab,10249
deliriumcafe,10250
ffhb,10251
50minutesinside,10252
christianforever,10253
negociation,10254
laboheme,10255
maintenantdegustant,10256
ajamaislespremier,10257
puderespect,10258
ffa,10259
dgac,10260
plane,10261
breitling,10262
aeroclub,10263
arcticmonkey,10264
cousin,10265
allblack,10266
blackeye,10267
blackhair,10268
blackstyle,10269
marvelagentsofshield,10270
enkiff,10271
onlesamangeslesepisode,10272
wynkynjw,10273
portdenice,10274
no,10275
holiday,10276
commentaire,10277
samedisoir,10278
spottv,10279
divergente,10280
tomei,10281
thewomaninblack2,10282
ckpb,10283
kayakpolo,10284
team2feu,10285
boostodeon,10286
teatro,10287
marathon,10288
mds2015,10289
welcome,10290
expoir,10291
tvi,10292
lapassion,10293
thexfile,10294
titine,10295
tca15,10296
ahoui,10297
epitech,10298
lbsradio,10299
granderoue,10300
bigwheel,10301
contrast,10302
grandeur,10303
salutlesterrien,10304
fml,10305
ingratitudealetatpure,10306
u15honneur,10307
f6,10308
lnsticket,10309
arbitragemaison,10310
quote,10311
quoteoftheday,10312
suf,10313
christineboutin,10314
timbuktu,10315
amical,10316
fcofirminy,10317
matchdereprise,10318
mysaturdaynight,10319
pleasenoonewakeup,10320
blis,10321
nextshiftstartsatten,10322
whosgonnawin,10323
americannightmare2,10324
newsou,10325
slt,10326
potatoe,10327
epcrchampionscup,10328
teambonnasse,10329
onedirection,10330
gues,10331
bijou,10332
galerielafayette,10333
yellowarmy,10334
nofootix,10335
norage,10336
justfootball,10337
muglerfolie,10338
goodtime,10339
comedia,10340
mw3,10341
enjaillement,10342
fabriceeboue,10343
teamsmc,10344
gagne,10345
scdouai,10346
tropdesentiment,10347
bosca,10348
swagey,10349
37an,10350
quecaencemoment,10351
paslechoix,10352
relax,10353
quedesouvenir,10354
ousontlessupporter,10355
unispourlagagne,10356
teamsomb,10357
fuckingpaparazzi,10358
desperado,10359
aperotime,10360
saucisson,10361
chorizo,10362
olive,10363
cognac,10364
schweppe,10365
lecopain,10366
freetelaviv,10367
latotale,10368
glouglou,10369
babygrey,10370
songoftheday,10371
mentionneungrosfdptwitter,10372
hlljnhkm,10373
atelierdescanular,10374
breizhdaviken,10375
tfc,10376
troptriste,10377
prglibre,10378
prgenfete,10379
happyminzyday,10380
najwakaram,10381
ratatouille,10382
atleticomadrid,10383
elnino,10384
onnesestpasgelepourrien,10385
honhasection,10386
faten,10387
teamboiseur,10388
aladin,10389
club3gp,10390
vikram,10391
amyjackson,10392
tropcanonetsexy,10393
psc,10394
allezreim,10395
rogner,10396
smc,10397
allezmalherbe,10398
ready,10399
ss8,10400
teamjessica,10401
happysaturday,10402
pasdaccord,10403
secretdefemme,10404
well,10405
caenreim,10406
toiaussidecomposelesnombrescommeannabelle,10407
iwish,10408
sophrologie,10409
tempetehivernale,10410
lekiff,10411
michaelscodfild,10412
prisonbreak,10413
twitamore,10414
chapeaumabelle,10415
wewantoldmagconinfrance,10416
saracen,10417
asmsar,10418
rtapprecie,10419
nonosteph,10420
oldmagconcomeinfrance,10421
loup,10422
laurence,10423
michaelscotfild,10424
byebyeam,10425
perfectguy,10426
sheguey,10427
enmodemicha,10428
sarkolincruste,10429
teamsmcaen,10430
vffsfc,10431
64emedefinale,10432
coupegambardella,10433
placedelaconcorde,10434
concorde,10435
paristagram,10436
nikeporn,10437
caraibe,10438
thug,10439
rage,10440
esprit,10441
clubdessport,10442
grandjoueur,10443
asptt,10444
viedegroupe,10445
rigolade,10446
simpa,10447
movie,10448
willsmith,10449
labotiga,10450
mamercotteattitree,10451
lemoncurdpie,10452
mmorpg,10453
d1,10454
blanquette,10455
veau,10456
cheftounu,10457
topchef,10458
cestlanniversairedeanaisajourdhui,10459
nwpj,10460
epoqueouilparlaitencore,10461
teamgrossejoue,10462
askmatt,10463
worldpost,10464
hockey,10465
gothiquesamien,10466
jveuxdesfrite,10467
hierencore,10468
reymazdemek,10469
brasserie,10470
laffaire,10471
cheer,10472
elisabethbuffet,10473
drinkforb2or,10474
laval,10475
challengeorangefootball,10476
u9,10477
wonder,10478
claunch72monochrome,10479
lifeontheroadep4,10480
epsi,10481
teambos,10482
mentionneungrosfdpdetwitter,10483
monpelaceluiquiabatzaz,10484
resiste,10485
arabmoney,10486
depuistesmalaimecommelepen,10487
mcmhorrorshow,10488
teamg1,10489
downtonabbeylive,10490
noirdebigorre,10491
truffenoire,10492
waistingmyyongyear,10493
teammika,10494
congovsguinee,10495
foreverringardo,10496
danybrillant,10497
vieuxbeau,10498
unicorn,10499
salzburg,10500
austria,10501
tb,10502
watchoutthebeard,10503
reverealise,10504
papy,10505
naphtaline,10506
thevoiceisback,10507
conne,10508
maliya,10509
commentator,10510
malya,10511
maylia,10512
cacophonie,10513
aznavour,10514
lescheveuxdeflorentpagny,10515
jesuislyceennenigeriane,10516
jenestjamaisetechristine,10517
jeneseraijamaisjamaischristine,10518
kendji,10519
ump82,10520
historiadeunamor,10521
harrowhouse,10522
llt,10523
apresnousyar,10524
lesnageurscomprendront,10525
malgre,10526
douleur,10527
souri,10528
blackwoman,10529
dieu,10530
thevoicefrance,10531
manon,10532
blackbikeallday,10533
bmx,10534
pauldavie,10535
mozartloperarock,10536
boboyvateniker,10537
thecover,10538
foiegra,10539
canard,10540
lande,10541
teamthevoice,10542
ennuyant,10543
lameuffait2metre,10544
accordionist,10545
church,10546
lesfemmesdu6emeetage,10547
scienceettech,10548
aimeraitetreacaen,10549
evouna,10550
burgab,10551
burkinafaso,10552
amsterdam,10553
danslapeauduncoach,10554
teamgabon,10555
cliv,10556
gabonburkina,10557
lex,10558
clyv,10559
25fev,10560
lm,10561
sweetjane,10562
chezandreia,10563
pyramid,10564
stair,10565
wearetilikum,10566
quattropirlatuasorella,10567
radin,10568
stvalentin,10569
teamabc,10570
redarmy,10571
u20elite,10572
benedictcumberbatch,10573
imitation,10574
hoesaintloyal,10575
rediff,10576
imitationgame,10577
tokiohotelonellenshow,10578
grossac,10579
ko,10580
audodo,10581
tropchouxxx,10582
minu,10583
ohlethug,10584
segpaniveau1500,10585
tusaismemepasparler,10586
languageribery,10587
mybestmomentfornash,10588
gaspillage,10589
teampute,10590
obscurantisme,10591
lapetitefillecestmoi,10592
latinquarter,10593
sortezca,10594
libertytour,10595
mutluluk,10596
rusya,10597
insociable,10598
emouvant,10599
flunchrouen,10600
vive2015,10601
weightwatcher,10602
storyofmylife,10603
thevoice4,10604
jenifer,10605
nouvel,10606
philharmoniedepari,10607
rosa,10608
palrom,10609
joyeuxanniversaire,10610
infirmiere,10611
degardeleweekend,10612
bauthentique,10613
kunitoraya,10614
foodie,10615
foodpic,10616
pizzeria,10617
s1e4,10618
teamcapillaire,10619
jerhomie,10620
handicapee,10621
digitale,10622
canal2,10623
johndeere,10624
agriculture,10625
instafun,10626
instacute,10627
instahomo,10628
instahome,10629
samsmith,10630
yovo,10631
onregardearthur,10632
foliiiiiiie,10633
palacioinvalido,10634
quentingendrot,10635
frerodelavega,10636
laclasse,10637
gomonaco,10638
davq2,10639
yannsinne,10640
mika,10641
yannsine,10642
guillemin,10643
fury,10644
fury2014,10645
askmrcallahan,10646
jesuisdieudo,10647
qvemf,10648
indila,10649
tantanplage,10650
keepinmind,10651
tatanplage,10652
skateboarding,10653
mimosa,10654
nucleaire,10655
pcsm,10656
litterature,10657
unmetre,10658
rhumarrange,10659
sept,10660
pur,10661
tintinplage,10662
panda,10663
pandicorne,10664
gachi,10665
noietfiere,10666
teamhby,10667
letempsdunautomne,10668
ww2,10669
askskip,10670
faconbabou,10671
onsefolowsanspressionlesamedi,10672
teamcome,10673
disaster,10674
marina,10675
jesuistropsensible,10676
tokiohotelontheellenshow,10677
imissthem,10678
jaiaucunrespectpour,10679
wastingmyyoungyear,10680
clara,10681
jdp,10682
lofofora,10683
tapie,10684
lea,10685
imwastingmyyoungyear,10686
mainsquare,10687
tbevoice,10688
leathevoice,10689
geektime,10690
congord,10691
petitecousine,10692
thegirlwholived,10693
ineedmyownbooksserie,10694
shocked,10695
msf,10696
fatenhamama,10697
ftnhmm,10698
sydlshshlrby,10699
lacomplaintedelabutte,10700
jokeezer,10701
bastille,10702
teamcetaitmieuxavant,10703
teamgasy,10704
brooklyn99,10705
francsuisse,10706
ahsasylum,10707
alpedhuez2015,10708
gleeseason6,10709
chroniquecriminelle,10710
ephemera,10711
leboncoach,10712
pournousetpourtoi,10713
bobmarley,10714
thomasthevoice,10715
redemptionsong,10716
thoma,10717
s1e5,10718
thomaskehn,10719
viensavecmika,10720
ibtissamonmfmradio,10721
vienschezmika,10722
louistomlinson,10723
graph,10724
grafitti,10725
jesuiselsa,10726
jesuisyoav,10727
jesuisles17,10728
jennyfer,10729
6oo,10730
thevoice2015,10731
zazie,10732
florent,10733
thomaskahn,10734
tropvrai,10735
it,10736
alerterousse,10737
katieprice,10738
frnsddlslm,10739
june,10740
geocaching,10741
travelbug,10742
discoveredit,10743
decouvert,10744
thranduil,10745
niallhoran,10746
precedenttweet,10747
lastfv,10748
teambouboule,10749
cavadescendretoutseulsurlespistesdemain,10750
n1m,10751
askmattespinosa,10752
aubin,10753
teamzazie,10754
walterwhite,10755
wonderbra,10756
sent,10757
bottle,10758
caron,10759
alimahdavi,10760
chiara,10761
filleul,10762
preparetoi,10763
dingue,10764
0famille,10765
lieuxabandonne,10766
jehromie,10767
perplexe,10768
ieufcalo,10769
icanteventalk,10770
agueeeeni,10771
lagartao01,10772
vaicryvaicry,10773
figuieforlife,10774
sandyan,10775
delpech,10776
copainsdam,10777
theaddamsfamily,10778
gestapo,10779
teamrebeu,10780
thevoicz,10781
allermerciaurevoir,10782
cesttoutpourmoi,10783
bonsai,10784
tolosane,10785
begreen,10786
besafe,10787
8moi,10788
ladameennoir2,10789
bdl,10790
baltuselementary,10791
jesuisagauche,10792
snapvideoquejairecuojd,10793
calle13,10794
steven,10795
onpcsuriphone,10796
nickcave,10797
badseed,10798
themuseumofimportantshit,10799
transformation,10800
leretour,10801
operatingsystem,10802
project,10803
programming,10804
linux,10805
clanguage,10806
nerdsareyouhere,10807
old,10808
berlin,10809
s1e6,10810
arnaque,10811
cpva,10812
ocde,10813
jokeezy,10814
ericprestige,10815
vindiesel,10816
thevoixe,10817
stalinien,10818
partial,10819
benet,10820
represidentanaomerepresenta,10821
simon,10822
liamhidinginthesnakehabitat,10823
liamlosthisvirginitytoadonut,10824
liamswaterbroke,10825
liamsearchparty,10826
liamislostinhismansion,10827
manvsfood,10828
antoninseclashtoutseul,10829
teamjudo,10830
grosproblemedeconcentration,10831
grosdegueulasse,10832
mrlecat,10833
jalousi,10834
crashbandicoot,10835
blondblondandblond,10836
n2f,10837
victoirecreil,10838
theo,10839
ratisbona,10840
ratzinger,10841
huarache,10842
butcher,10843
ageaintnothingbutanumber,10844
selfiesforaaron,10845
ninkasifr,10846
viesocialeinexistante,10847
enforme,10848
funkysamedi,10849
monculwe,10850
galatasaray,10851
strong,10852
champdemar,10853
jesuislouisxvi,10854
levincesttabooonenviendratousabout,10855
lemecpartencouille,10856
depuisquejeconnaiskevadam,10857
alan,10858
ppdebg,10859
hell,10860
rentree2015,10861
adamsfamilly,10862
londonwerecomingsoon,10863
bradpitt,10864
furymovie,10865
alertekimbombanda,10866
hiverfroid,10867
appartpaschauffedesvacance,10868
fincher,10869
gonegirl,10870
rtsictriste,10871
track,10872
jefreyremetsnousdesvacance,10873
idfwu,10874
momenttellementparfai,10875
inoubliable,10876
vivele6eme,10877
vivelaratp,10878
rabsko,10879
fidji,10880
ricardo,10881
lsbhbllyl,10882
jonbernthal,10883
2015etvou,10884
alertekibombanda,10885
dedicaceamaclasse,10886
tes1,10887
offharry,10888
ifyouknowtumeuraucerveau,10889
allstargamelnb,10890
en2015jevai,10891
tndlive,10892
gioachange,10893
morgan,10894
postbadcouple,10895
niallyourassishot,10896
nksnap,10897
bedtime,10898
loulou,10899
asgpari,10900
mtvhit,10901
nashsnewyearsskit,10902
somosporto,10903
casemiro,10904
martinsindi,10905
oliver,10906
jacksonmartinez,10907
hhl,10908
newgeneration,10909
pacheco,10910
retourflb2015,10911
whiplash,10912
fakebutt,10913
15twittosduxv,10914
comprendpa,10915
reveillongate,10916
cohnbendit,10917
creature,10918
fleamarket,10919
saintouen,10920
thegiver,10921
stat,10922
mannequin,10923
marcheauxpuce,10924
teamjpp,10925
recrutezmoi,10926
fautfaireleschosebien,10927
quandjesuisencoursje,10928
rain,10929
cine,10930
kevontaime,10931
depuisquejevousconnaisjexiste,10932
jevousaime,10933
biglove,10934
rendeznousbenladenetprenezlesgay,10935
turfuuuuuuuu,10936
cambridge,10937
latin,10938
vivelafac,10939
onaimeledroit,10940
photography,10941
eiffeltowerpari,10942
grandpalai,10943
iceskate,10944
teamchicken,10945
wall,10946
ateyabatourpart2,10947
alertekibomba,10948
hipstaa,10949
teamaurelie,10950
voltsface,10951
dinorahygabriel,10952
weddingphotoshoot,10953
jochyfersobewedding,10954
selfportrait,10955
artist,10956
susanvaladon,10957
tchin,10958
ensemblepourvaincreleshandicpae,10959
bibou,10960
vismaviedefandesjazz,10961
unbaykeyesmoggo,10962
path,10963
antique,10964
legarderobe,10965
jevaisvoustuer,10966
merchant,10967
merchandise,10968
guatemala,10969
inde,10970
veutyretourner,10971
barcelona,10972
carpediemelise,10973
sortie,10974
projectdylanismyanchor,10975
loveactually,10976
fingerheb,10977
corvol,10978
juillet2015,10979
vraimentepuise,10980
happymatturday,10981
jeunesump,10982
ump2017,10983
jamesjoyce,10984
aqueglouglou,10985
soutienmilena,10986
nouveau,10987
depuidquejeconnaiskevadam,10988
voilavoilazenithtour,10989
lafin,10990
sensdesvaleur,10991
fingercrossed,10992
noubliejamai,10993
accidental,10994
decoupage,10995
offlilie,10996
cadeauempoisonne,10997
smoking,10998
riruon,10999
typefeu,11000
pubmansongere,11001
dodotime,11002
absolumentmpokora,11003
onestensemblepourl,11004
aquoicacerf,11005
motive,11006
madameirma,11007
logiquededaronenoire,11008
soireedisney,11009
mulan,11010
ponette,11011
castmember,11012
enrouteversletitre,11013
couscousparty,11014
ichrakgmar,11015
happybirthdayichrak,11016
teamcomoko,11017
team269,11018
meufdeouf,11019
armeedeterre,11020
amitiesacre,11021
tupeuxpasrivaliser,11022
miskina,11023
troisiemeguerremondiale,11024
fullmoon,11025
astrology,11026
lfv,11027
design,11028
arquitectura,11029
pourtefaireplaisir,11030
feu,11031
katyperry,11032
bagdad,11033
lundicestlafindesvacance,11034
andrearussett,11035
jeanmicheljarrechristophegainsbourg,11036
caseraitmoi,11037
fierdusud,11038
tweet,11039
tom,11040
citeunprenomcongolai,11041
ontaimetouskev,11042
lundicestlarentree,11043
taylormomsen,11044
offcommelemenubestoffsanslemenubest,11045
gohabsgo,11046
supernatural,11047
newbanniere,11048
reviensarouenkev,11049
chri,11050
objectif2015,11051
nellyatef,11052
bercyshym,11053
paradoxaletour,11054
formerlaker,11055
lateamz,11056
bedo,11057
postbadasian,11058
teamambiance,11059
teamleroy,11060
bethyl,11061
ns2017,11062
brawo,11063
stalyczytelniklubibardzo,11064
misfit,11065
onestdesvraisdaleur,11066
majin,11067
nimesasm,11068
modelukehemmingsactived,11069
jalousie,11070
lesmeilleure,11071
offsangster,11072
bandiyagalteam,11073
babylove,11074
tolosa,11075
walace,11076
iseg,11077
youtube,11078
cash,11079
surce,11080
monidole,11081
citedutrain,11082
lamaisondubluff,11083
bobby,11084
ikon,11085
yg,11086
2k15,11087
mccaron,11088
dalcolle,11089
oshawa,11090
spanish,11091
hida,11092
artcontemporain,11093
weed,11094
viedeweed,11095
happynewyear,11096
athbhliain,11097
neuesjahr,11098
feliz2015tve,11099
nuovoanno,11100
danslamerde,11101
bestmemoriesof2014,11102
lesenfoires2015,11103
poudlard,11104
namorado,11105
galsengang,11106
mrflap,11107
biancazzurri,11108
teampasfatigue,11109
nflplayoff,11110
postbadas,11111
merciapple,11112
boycoterbfmtv,11113
lestounessontla,11114
bigbiglove,11115
tunousmanquetrop,11116
halamadrid,11117
determined,11118
livingthedream,11119
nian,11120
alertekimbonbanda,11121
coeurauavrileniste,11122
coeursurmameilleureamieetmoncheri,11123
chaudchaud,11124
tropmotive,11125
namoradoqueenamorado,11126
letsgowizard,11127
sawash,11128
gome,11129
coop,11130
alexotime,11131
retourenenfance,11132
lesvacancescontinuentchezalex,11133
samanque,11134
degouteeavie,11135
offzain,11136
3h00,11137
theauthority,11138
generationkill,11139
hourah,11140
hitman1tohitman2,11141
3h05,11142
theauthorityisback,11143
heelturn,11144
undimanchegache,11145
dommage,11146
tomorrowland2015,11147
camilahammersledge,11148
shimmerunfiltered,11149
marocbos,11150
citationdusoirbonsoir,11151
teaminsomniaquesociable,11152
arsheum,11153
gardetoutpourtoi,11154
morphee,11155
camilahamersledge,11156
offfff,11157
burgerkingfr,11158
offafterhessa,11159
camilahammerledge,11160
fuckoff,11161
bricklane,11162
menshair,11163
hair,11164
gent,11165
hairstyle,11166
azeem,11167
unpeupluspresdesetoile,11168
jesaispaspourquoijaimiscehashtag,11169
lilasaida,11170
somanbule,11171
british,11172
gentleman,11173
pigalle,11174
fourriere,11175
pouchet,11176
samoen,11177
yesimtalkingaboutyou,11178
underground,11179
tube,11180
rachid,11181
vousavezbu,11182
qcm,11183
marredereveillonner,11184
letourdelhorloge,11185
3joursnonstop,11186
60,11187
ccg,11188
vali,11189
mercatom,11190
londonbynight,11191
bigben,11192
sepia,11193
breakfast,11194
toaster,11195
selfy,11196
autoportrait,11197
arirossner,11198
mypicture,11199
reflection,11200
building,11201
mmsworld,11202
ufc182,11203
nationalportraitgallery,11204
sculpture,11205
bust,11206
goldman,11207
jetlag,11208
demaincestlarentree,11209
teamhomophobeetfier,11210
comebackgame,11211
02fffff,11212
horoscope,11213
offance,11214
bnelamifa,11215
snapshot,11216
finsoul,11217
demaincour,11218
tango,11219
theyoungogproject,11220
lunel,11221
adoption,11222
cdf2015,11223
bisouspourvou,11224
amoureuse,11225
deuxansdamour,11226
bafa,11227
uhehehehe,11228
achselhaare,11229
tropbeau,11230
sternsinger,11231
rer,11232
celib,11233
flamenco,11234
jazz,11235
incredible,11236
busybusybusy,11237
eyesofju,11238
climatechange,11239
objectifvictoire,11240
socialmediamarketing,11241
comeback,11242
utaatmin,11243
goberted,11244
bravorudy,11245
epiphanie,11246
rydelsway,11247
r5comebacktofrance,11248
kitchissime,11249
goooooodmorniiiiiiing,11250
marcelduchamp,11251
jeffkoon,11252
seductivesunday,11253
lessouvenir,11254
boostonbike,11255
boostbattlerun,11256
simpson,11257
bbcradio4,11258
vraiment,11259
vgaol,11260
feminine,11261
veneznombreux,11262
rienestimpossible,11263
sleepcompanion,11264
holi,11265
laculture,11266
sundayfunday,11267
moonwalker,11268
sucrezetacidulezvotrevie,11269
plazaathenee,11270
showcourt2,11271
livepic,11272
vancouver,11273
deltermienne,11274
berthemorisot,11275
manette,11276
cacadanslacouche,11277
gradur,11278
bondia,11279
notodovaasercorrer,11280
majoritesexuelle,11281
mjfam,11282
cessna,11283
mustang,11284
c510,11285
lsgg,11286
courbature,11287
tweetcommemarylise,11288
instadream,11289
imageoftheday,11290
lanuitaumusee3,11291
jaipasenviedallerencour,11292
retrouvermameuf,11293
anai,11294
petitsecretentrevoisin,11295
prepa,11296
lagrippe,11297
groundspeak,11298
argh,11299
cafaitdubien,11300
estherduflo,11301
grandrdv,11302
teamdscg,11303
dscg,11304
automoto,11305
crashaerien,11306
ireneadler,11307
sherlockholme,11308
fullsun,11309
lemknight,11310
thevoiceuk2013,11311
monsterkind,11312
vanwijck,11313
lavieapaname,11314
eatclean,11315
lovely,11316
calvin,11317
ireland,11318
helloearth,11319
jogabonito,11320
reflectswar,11321
hyperactive,11322
bondimanche,11323
unity,11324
kouchner,11325
gobull,11326
seered,11327
east,11328
recif,11329
3gramme,11330
gloriathelatina,11331
vauseman,11332
crazyeye,11333
pennsatucky,11334
whpresolutions2015,11335
brickonearth,11336
downton,11337
tired,11338
dedifun,11339
ainsivalavie,11340
2015onestla,11341
woooohoooo,11342
bougetonpompon,11343
endometriosi,11344
youbitch,11345
adansquatressemaine,11346
kevadamsunhumoristeexceptionnel,11347
tuveuxdlaheub,11348
anneclairecoudray,11349
nouveaumonde,11350
findesvacance,11351
americandad,11352
turbo,11353
teamplo,11354
callmenash,11355
lasrembla,11356
fcgbtfc,11357
dernieresoireepourtoto,11358
mwah,11359
gopen,11360
hotspot,11361
gratuit,11362
lacannecy,11363
officedetourisme,11364
laboratoire,11365
manetteps3,11366
topclip,11367
exclusivite,11368
done,11369
proana,11370
amywinehouse,11371
unforgetable,11372
kurgarten,11373
benarfa,11374
skidefond,11375
tourdeski,11376
definitivement,11377
bg,11378
offtowork,11379
nouvelan2015,11380
wigsartclan,11381
whynot,11382
chenille,11383
bulle,11384
mieuxvauttardquejm,11385
griffondor,11386
theocupidondepuis1997,11387
neversfamily,11388
tomyorke,11389
youwouldn,11390
tunem,11391
bioupdate,11392
20factsaboutmybestfriend,11393
otratbelgium,11394
teamreprendlemardi,11395
thankyoujt,11396
nimp,11397
teamscb,11398
citationdujour,11399
woodyallen,11400
mende,11401
joshhutcherson,11402
laurentbarrat,11403
viedegrosse,11404
ahem,11405
yadulevel,11406
heroesreborn,11407
heroe,11408
schneiderlin,11409
teamlawerdose,11410
onnnnn,11411
clothe,11412
bonnetdane,11413
dupainsurlaplanche,11414
leftside,11415
dogwalking,11416
parisdise,11417
missuniver,11418
niallshowusyouririshsausage,11419
niall,11420
twittomelie,11421
loving,11422
vivelefoot,11423
asseasnl,11424
2001spaceodissey,11425
justicebap,11426
newhair,11427
missherlikecrazy,11428
prispourcible,11429
repa,11430
raclette,11431
10kgenplu,11432
espritpublic,11433
nextfall,11434
recherchetchetchene,11435
groszizi,11436
phallusenflamme,11437
ziziderussie,11438
adio,11439
conciergerie,11440
moijaiconnu,11441
aweekonmyway,11442
rentree,11443
liamlovesdirectioner,11444
aucunechance,11445
saintloui,11446
meluche,11447
mhr,11448
montpelliermm,11449
andrewgifford,11450
notamarvelcaracter,11451
ironman,11452
sacunhomme,11453
tear,11454
perf,11455
wasted,11456
archive,11457
asmst,11458
bone,11459
unhumoristeenor,11460
tpmpfollowme,11461
kaari,11462
frenchvine,11463
ilovetechno2014annuler,11464
amie,11465
avgeek,11466
airfrance,11467
crewlife,11468
impactwrestling,11469
reveimpossible,11470
teamsensitivepussy,11471
shool,11472
practice,11473
questcequilfautpasdireaunmalade,11474
futureofoilprice,11475
nimesmonaco,11476
lamontee,11477
toure,11478
hatedemeretrouver,11479
friendstvshow,11480
bye,11481
asmonacofc,11482
mhrc,11483
roadtoironman,11484
hugobos,11485
tespasdu94,11486
cestpassetropvite,11487
helpmeiwannadie,11488
jule,11489
lastday,11490
10km,11491
lamaisondelanuit,11492
barista,11493
cream,11494
suddefrance,11495
latentationdecarnon,11496
rien,11497
resolutions2015,11498
hellosunday,11499
deprimepostvacance,11500
findelamusique,11501
12h25,11502
purecambogiaultra,11503
newyear2015,11504
neighborhood,11505
dernierreveiltardavantlareprisedecour,11506
passionmovie,11507
happybirthdaykroo,11508
jairienfaispendantlesvacance,11509
evangelisation,11510
propre,11511
la3ieme,11512
mufc,11513
tucker,11514
muti,11515
teamgrosse,11516
assiettebaltique,11517
carpacciodesaumon,11518
saumonfume,11519
saumonmarine,11520
sorti,11521
instaday,11522
bbf,11523
savoyarde,11524
evian,11525
galeretime,11526
tonikroo,11527
zerma,11528
usafcl,11529
escalopedeveau,11530
manman,11531
minecubeopen,11532
foutue,11533
l1lea,11534
baindunouvelan,11535
lerelecqkerhuon,11536
ilestpartout,11537
mesphotosleakcommelesstar,11538
zonea,11539
depreville,11540
chouchou,11541
consenguain,11542
himym,11543
jardinduluxembourg,11544
maineetloire,11545
scatman,11546
pourleretourduhitmachine,11547
otnb,11548
backinbusines,11549
seeyousudouest,11550
deloreanmusic,11551
grisbi,11552
enamoureux,11553
lundic,11554
cannesisyour,11555
igerscanne,11556
blackop,11557
ferguson,11558
nouveaujouet,11559
selfiestick,11560
trucdefille,11561
lilloi,11562
lilleosc,11563
wearelosc,11564
teamkalendamessi,11565
kalen,11566
damessi,11567
tahlalenbmw,11568
nv,11569
gf38om,11570
ulrichbeck,11571
onesttousavranchinai,11572
champlan,11573
lacrim,11574
sundaymorning,11575
bedotime,11576
bl,11577
blakelively,11578
babybump,11579
seashepherd,11580
babyonemoretime,11581
doloreanmusic,11582
odette,11583
dimancheapari,11584
canva,11585
acrylic,11586
lowbrow,11587
kevadamsunhumoristeexceptionel,11588
casselambiance,11589
remoiserie,11590
jesuislareine,11591
leshalle,11592
mariagegay,11593
donald,11594
franzisku,11595
kardinale,11596
weareallzayn,11597
gf38,11598
bathtime,11599
zeroexcuse,11600
creche,11601
accomplissementpersonnel,11602
devoirdemerde,11603
sucre,11604
theyoungmanshow,11605
sdf,11606
finally,11607
freesyria,11608
oncommencefort,11609
2015wish,11610
dansledur,11611
likeforlike,11612
thecivilwar,11613
hum,11614
chaleur,11615
mifa,11616
marilyn,11617
soutenezmoi,11618
issanissa,11619
iggyazalea,11620
essonne,11621
angouleme,11622
teamjuv,11623
pecob,11624
askchamo,11625
projettut,11626
partielh24,11627
nutella,11628
faisunvoeux,11629
arc,11630
rainbow,11631
coupdegueule,11632
saharaoccidental,11633
sadlife,11634
nhl15,11635
gorouen,11636
toutelavie,11637
poulemouillee,11638
oceanetandax,11639
jaichange,11640
thenotebook,11641
rink,11642
ice,11643
familledecroate,11644
brisbane,11645
teamreal,11646
superdimanche,11647
betaward2014,11648
devoirpasfait,11649
toutvasbien,11650
collector,11651
douchka,11652
ssjavpmgmjia,11653
teamroh,11654
teambabtou,11655
hashtaggrosgamin,11656
merciphotoshop,11657
kevadamsunhumoristeenor,11658
stoptheflame,11659
hanginthere,11660
vavavoum,11661
kevuneperfection,11662
bissiere,11663
cortexpresident,11664
upp,11665
backtothefuture,11666
onycroit,11667
mhrrct,11668
etbim,11669
24jieshuo,11670
drrromoide,11671
judee,11672
benhur,11673
mattnotreangereviensnou,11674
catedral,11675
teampulco,11676
loya,11677
kenanimirzalioglu,11678
madeleine,11679
empty,11680
tronchet,11681
dahkla,11682
longlivespeackerknockerz,11683
bdd,11684
teambl30,11685
asknono,11686
aprendreauseconddegremonfrereaucheveuxcouleurdefeu,11687
allezlen,11688
germainleroumain,11689
hippodrome,11690
letrot,11691
pmu,11692
ricoshow,11693
cpi,11694
palace,11695
francoiscuit,11696
thibautenrute,11697
floengentleman,11698
etienneenraisin,11699
loeh,11700
posmemuero,11701
quemoncorpsmepardonne,11702
superpouvoir,11703
lhommequnedansaitjamai,11704
lamatineevaetredure,11705
lavienocturnedebaba,11706
voici,11707
public,11708
memecombat,11709
uneheuredetranquilite,11710
teamzoneb,11711
enjoy,11712
3semainesdevacance,11713
cdf32e,11714
donatella,11715
auboulot,11716
calai,11717
musaazma,11718
katilpoli,11719
katilakp,11720
fautchercherloin,11721
neudorf,11722
sundaybrunch,11723
papydrucker,11724
charlesdegaulle,11725
hawk,11726
teamasnl,11727
cafesbarsdefrance,11728
cadeaux,11729
rael,11730
raom,11731
ecranfcgb,11732
sauf1,11733
asab,11734
lanorma,11735
fuckinggeniou,11736
ragezpa,11737
kevadamsunhumoristeexeptionnel,11738
potterhead,11739
page,11740
lagrandemotte,11741
teamlacazette,11742
al10,11743
jaidessinetaculotte,11744
cicciolina,11745
dlfceag,11746
teamquintal,11747
wemissyouparkbom,11748
perfection,11749
monchat,11750
riennevaplu,11751
fakeas,11752
dineag,11753
derbygaronne,11754
teamfcgb,11755
shark,11756
demainlescour,11757
jenaiquedesamisalcoolique,11758
semnoz,11759
teamfoyatier,11760
cdff,11761
retrouvaille,11762
tuvaferkwa,11763
bounedjah,11764
thale,11765
ship,11766
starfighter,11767
supporterdemoralisedesesperedemotivedemobilisedesenchantelasecoeuredecouragedecuencolere,11768
vlf,11769
nolife,11770
voisine,11771
nimesolympique,11772
32emedefinal,11773
jonjone,11774
ahamada,11775
fiertegirondine,11776
tropcourt,11777
nimeasm,11778
noussommesol,11779
effeahq3,11780
cholet,11781
englishbulldoglover,11782
bulldog,11783
bulldogge,11784
dday,11785
duh,11786
deleteuber,11787
ubershame,11788
truetalk,11789
harrypilcer,11790
torre,11791
tweetcommeunlyonnai,11792
masuaku2016,11793
askhoria,11794
2cool4school,11795
2glam2giveadamn,11796
gosuicide,11797
sodauntroplongweekend,11798
teamorsel,11799
teammontceny,11800
teamligaone,11801
verdadverdadera,11802
toobig,11803
mtb,11804
mx,11805
motocros,11806
enduro,11807
guimauve,11808
facefak,11809
besttimeever,11810
ilatoutcasserpourlessupporter,11811
onestcheznou,11812
cestnormalarosewood,11813
periple,11814
onafaim,11815
goaround,11816
lfpn,11817
onsemoquedenou,11818
figth,11819
madagascar,11820
marredattendre,11821
rambo5,11822
onboitpouroublier,11823
depuisquejeconnaissulivan,11824
onsangster,11825
sony,11826
aibo,11827
ajarcsa,11828
212controlelazone,11829
212controlepoudlard,11830
uneheuredetranquillite,11831
armeemarseillaise,11832
oncraintdegun,11833
alexlacazette,11834
americajesusfreedom,11835
strongrealstrong,11836
femininesfcn,11837
fcnfcl,11838
allezlesfille,11839
voyou,11840
gateau,11841
financier,11842
surfer,11843
dabo,11844
mourirgro,11845
thismyshit,11846
24hauxurgence,11847
nimasm,11848
kizombatime,11849
zouktime,11850
fcnasm,11851
contrepartie,11852
asmrugby,11853
geazy,11854
shit,11855
fucku,11856
poorpaulmaccartney,11857
jeromeanice,11858
botte,11859
jupe,11860
teriyaki,11861
green,11862
valrma,11863
december,11864
decembre,11865
tunousmanquesdeja,11866
begeek30000,11867
laylor,11868
francetv,11869
jacked,11870
week52,11871
fucklesrageux,11872
onnevieq,11873
joelbat,11874
plouc,11875
crackserie,11876
trot,11877
enfinilrevient,11878
teamauvergne,11879
teamugly,11880
maisonavendre,11881
ad2,11882
block,11883
thymeo,11884
laedlp,11885
al,11886
olfeminin,11887
jtadore,11888
tassure,11889
chantecommeblackm,11890
teamgad,11891
tutu,11892
onprofiteaumaxdudernierjourdevacance,11893
ball,11894
koon,11895
pdg,11896
stevemadden,11897
sansaucundoute,11898
sanspapier,11899
timetolisten,11900
pasmotivee,11901
lechangementcestmnt,11902
jesuisphilosophe,11903
sarko,11904
jimbaldwin,11905
legend,11906
toutestpossible,11907
geordieshore,11908
geordieshorefr,11909
rogersonpenseatoi,11910
montventoux,11911
husquvarna,11912
sodaprime,11913
montivation,11914
teamg,11915
omggadmafav,11916
vousallezmeperdre,11917
esce,11918
smcdfco,11919
teampasdhumour,11920
spenglercup,11921
novice,11922
cracksserie,11923
pereblaise,11924
allerleslensoin,11925
sangetor,11926
alternance,11927
renouveau,11928
followmoisituvoiscetweet,11929
clisson,11930
commequoi,11931
cpfc,11932
mcfc,11933
lovefootball,11934
cannabutter,11935
teamlansse,11936
tenpenny,11937
zaz,11938
colibri,11939
vivementdimanche,11940
veridique,11941
madeinfrance,11942
soutiensarko,11943
vecu,11944
asnl,11945
papafier,11946
njie,11947
4fevrier,11948
leplusbeaucadeau,11949
lifeisabitch,11950
sasfcm,11951
yambere,11952
benyedder,11953
jdl,11954
nutrition,11955
ep2,11956
pute,11957
pulpfiction,11958
follownou,11959
messmer,11960
thegrudge,11961
torreshavuelto,11962
bonneidee,11963
jefaistout,11964
grandjury,11965
loiroyal,11966
alertemalbranqueen10,11967
follownousstp,11968
wikipedia,11969
toutestposible,11970
hamouma,11971
austinmahone,11972
austinmahonememories2014,11973
voeuxsncf,11974
bakolegeneral,11975
onvacourirpourdefaux,11976
questionexistencielle,11977
drucker,11978
lesami,11979
doujevien,11980
tristevie,11981
zappage,11982
downtonabbey,11983
runing,11984
pigeon,11985
wunderbach,11986
defidagui,11987
eag,11988
toutestpossibe,11989
6degre,11990
bougetonculfeignasse,11991
postop,11992
askvera,11993
samestory,11994
retard,11995
commealatoussaint,11996
chateuse,11997
animation,11998
avion,11999
auboutduroulleau,12000
cestmoiquilaifait,12001
aidepc,12002
commetout,12003
cned,12004
perrin,12005
saintjorioz,12006
specialededifool,12007
chicha,12008
tousestpossible,12009
asmfc,12010
christineandthequeen,12011
cartoline,12012
alur,12013
copropriete,12014
immobilier,12015
syndic,12016
suitun,12017
jetaimepetitcon,12018
sulkydor,12019
danceagainhbo,12020
danceagainworldtour,12021
corporate,12022
unfilm,12023
lfl,12024
rapcontender,12025
marseilleconsolat,12026
acajaccio,12027
antilogobie,12028
christophniemann,12029
kb24,12030
carrementquesi,12031
drhouse,12032
dimancheaucalme,12033
wssc15,12034
tgv6630,12035
tgv6696,12036
tgv6635,12037
compotetime,12038
momproblem,12039
assenan,12040
tabanou,12041
askdrago,12042
booking,12043
bipbip,12044
lkerourio,12045
philosophedudimanche,12046
soap,12047
1strunoftheyear,12048
notredamedepari,12049
roiarthur,12050
shower,12051
afootbathforashton,12052
annecylevieux,12053
viedecalee,12054
invictu,12055
teamrcl,12056
vieactive,12057
tchad,12058
cello,12059
cover,12060
nomadism,12061
cierge,12062
gro,12063
winterweightproject,12064
peugeot2008dkr,12065
tempspourrit,12066
marcjacod,12067
marcjacodsmakeup,12068
pasdepression,12069
teamsrfc,12070
gaddict,12071
pinklady,12072
bbc,12073
famillytime,12074
mistinguett,12075
mongole,12076
kevmoji,12077
project2015,12078
pronostic,12079
vip,12080
niveldeciume,12081
africanfood,12082
mafe,12083
yassa,12084
pouletbraise,12085
misslanguedoc,12086
microcritique,12087
monavi,12088
omo,12089
kara,12090
frenchieswantotra,12091
s03e05,12092
moderu,12093
teambitch,12094
fat,12095
hongrie,12096
negrophobie,12097
onestpastoutseul,12098
yololife,12099
believemovie,12100
mtvstar,12101
lagacilly,12102
tiptop,12103
teamagc,12104
hypitude,12105
loveofmylife,12106
coupedaquitaine,12107
uslcf,12108
picasso,12109
somalie,12110
pointfeedulogi,12111
indiana,12112
lecieldepari,12113
halamadridynadama,12114
petitavi,12115
forzahorizon2,12116
lestadeen16eme,12117
byebyeschool,12118
rcsa,12119
bp,12120
dimanchesoir,12121
instaglouglou,12122
kacem,12123
soutienauxdevoirfaisdederniereminute,12124
lesmillsgrit,12125
lesmillscx,12126
grit,12127
cx,12128
hardwork,12129
quartierlatin,12130
sulivanetsonamilepandicorne,12131
bibifok,12132
lapreuve,12133
photographe,12134
valvsrealmadrid,12135
competition,12136
sulivanslay,12137
juniorthesi,12138
dynamo,12139
unepreuvedeplusactuellement,12140
instamiam,12141
detoxjanuary,12142
bonnesresolution,12143
health,12144
hanseletgretel,12145
thomasronzeau,12146
apre,12147
chocolate,12148
ideesortie,12149
karimduval,12150
lesindestructible,12151
paris12brille,12152
ecurie,12153
cheval,12154
equitation,12155
sulky,12156
top,12157
challenge,12158
community,12159
sportanger,12160
elevemodele,12161
tesson2bouteille,12162
pneucoupe,12163
2kmapied,12164
calleh,12165
incoherent,12166
antireal,12167
cristianooooo,12168
iceroadtrucker,12169
lesroutiersdelextreme,12170
valenciarealmadrid,12171
26but,12172
enelmarlavidaesmassabrosa,12173
soc,12174
reloududimanche,12175
cyrillignacontour,12176
vivelarentree,12177
brigitte,12178
abouchequeveuxtu,12179
zweifel,12180
paprika,12181
swisslife,12182
kimjongun,12183
whatmikado,12184
vamo,12185
teambielsa,12186
teambengou,12187
boucher,12188
casseur,12189
radar,12190
oncroiselesdoigt,12191
2015istheyearofonedirection,12192
jardindestuilerie,12193
wemissyoumichael,12194
serpent,12195
penalty,12196
toiaussiniquetamerepourcasserlescouille,12197
stade2,12198
commeunegosse,12199
brennu,12200
saintcyprien,12201
turquie,12202
sostpe,12203
francewantsotratdate,12204
noel,12205
vacancestropcourte,12206
wemissyoumichaeljackson,12207
bbq,12208
winterliciou,12209
allermonaco,12210
happyysday,12211
bienvenuesurtwitter,12212
petitprince,12213
beaugency,12214
loiret,12215
magnifiquefrance,12216
omp,12217
rmlive,12218
plateautv,12219
eluproduitdelannee,12220
saison4,12221
momentculture,12222
chasse,12223
glutenfree,12224
brioche,12225
jepriepourunmiracle,12226
cp7,12227
skypr0n,12228
oldmagconcometofrance,12229
lesgensdedijon,12230
jenpeuxplusdetoi,12231
plusdepeno,12232
civiesp,12233
philippoteaux2016,12234
rayanebensetti,12235
fckoff,12236
besikta,12237
phineasetferb,12238
luca,12239
stratospherique,12240
money,12241
ensemblecesttout,12242
audrey,12243
flanparty,12244
julescesar,12245
hoteljulescesar,12246
manucure,12247
likesforlike,12248
moimocheetmechant2,12249
pepitemarmiton,12250
ridicule,12251
fusee,12252
securiteserenite,12253
keurtoutplein,12254
artsforain,12255
jevaispasassumerdemaincar,12256
findeladiscussion,12257
cocksucker,12258
pffff,12259
iam,12260
good,12261
badday,12262
rolancy,12263
365virginieb2,12264
citysheffield,12265
asg,12266
zenith,12267
jochyfersobeaerial,12268
aerial,12269
okozuaegogo,12270
clubdorothee,12271
fandelapremiereheure,12272
nikefrance,12273
notimetogettired,12274
fanfouze,12275
jacobcometofrance,12276
capue,12277
menilmontant,12278
paris20e,12279
jaimemonquartier,12280
teamvalencetoday,12281
muscle,12282
indiamahdavi,12283
putamadrid,12284
mcy,12285
lestresorsdeshotelsparticulier,12286
ripframboisier,12287
lesmuscle,12288
clubdo,12289
salutlesmuscle,12290
faitesundonpourlefauteuildelodiesvpmerci,12291
papa,12292
pourrespecterleprogramme,12293
skinkradio,12294
yearmix2014,12295
showtek,12296
lapissedefakir,12297
commentfoutrelahaine,12298
triforce,12299
se,12300
shym,12301
brongniart,12302
ligne3,12303
instapic,12304
framboisier,12305
decrassage,12306
kevsouhaitelannivdeadamsienne01bc,12307
arshul,12308
adh,12309
onvousbrulevosmere,12310
blacquart,12311
hmfc,12312
postbadindian,12313
indian,12314
indiangirl,12315
indiandres,12316
pasbesoindechercher,12317
yeomun,12318
showertime,12319
vamosreal,12320
crewdesmodeuse,12321
tweetcommepierremene,12322
intensite,12323
bodypaint,12324
rosny,12325
lnam3,12326
authoritypower,12327
bemolgautreau,12328
keepcalm,12329
poserpied,12330
amourdegrandesoeur,12331
baldesvampire,12332
mogador,12333
caribou,12334
ailleur,12335
farinetti,12336
feghouli,12337
largentquejolanpariemerevient,12338
eve,12339
firework,12340
stockholm,12341
stade2le,12342
job,12343
mayenne,12344
duper,12345
janoski,12346
supra,12347
pasolini,12348
aeroport,12349
mercatodesjeune,12350
homophobie,12351
homo,12352
hetero,12353
homophobia,12354
cause,12355
cdfagc,12356
4frere,12357
allerrealmadrid,12358
vismaviedesudiste,12359
bientot,12360
avenir,12361
fallaitpaslinviter,12362
clownsportif,12363
biraksendekaybolayim,12364
unamericainapari,12365
anamericaninpari,12366
wow,12367
vamosvalencia,12368
iledere,12369
valencereal,12370
polie,12371
jevousgrifouille,12372
jvm,12373
blackkentseul,12374
tpmpfollowmeplease,12375
problemedescript,12376
lushbomb,12377
amostviolentyear,12378
phillynott,12379
motog2,12380
tagueuleencule,12381
chanthaburi,12382
cloudysky,12383
italia,12384
amor,12385
2015appartientauwatib,12386
raslebolputain,12387
qpuc,12388
zezetteepousex,12389
paslafoi,12390
lagourmandise,12391
rentreemonvier,12392
jeudvr,12393
challengeundisneyparsemaine,12394
mrt,12395
7a8,12396
courstoujour,12397
valrea,12398
christmaspresent,12399
cottoncandy,12400
funfair,12401
athome,12402
partizan,12403
ensemblenousseronsplusfort,12404
unibet,12405
netbet,12406
poesiequandtunoustien,12407
mith,12408
bb,12409
kine,12410
xouilleetmoi,12411
praktikum,12412
valencia,12413
goodbyetoulouse,12414
easyjet,12415
christma,12416
tespasbasketteursi,12417
jura,12418
whisky,12419
ecomouv,12420
grandjuryrtl,12421
desperate,12422
largentquenassimpariemerevien,12423
jevaispasassumerdemain,12424
aupavalencia,12425
sista,12426
year,12427
ambiance,12428
stephanoi,12429
etrat,12430
pasdereseau,12431
jeffreymetnousentt,12432
lesanneesbonheur,12433
onsefoutdenou,12434
etalor,12435
lamalice,12436
tal,12437
problemesde2nde5,12438
lavoisier,12439
assassincreed3,12440
desole,12441
findudream,12442
brasil,12443
viscabarca,12444
graciasvalencia,12445
dolce,12446
ferragamo,12447
66minute,12448
sulivanau50k,12449
zumba,12450
reposeenpaixvacance,12451
ideologiedominanteantiraciste,12452
melo,12453
globaldev,12454
afootbathforashtonfollowparty,12455
hyatt,12456
roissy,12457
high,12458
nouvellestar,12459
luthier,12460
artisanat,12461
dimanchechiant,12462
touspol,12463
cetaitcourudavance,12464
aslhull,12465
avatar,12466
lafuriadelkrakken,12467
avatarporundia,12468
jacobstyle,12469
epconcoursoora,12470
ripstuartscott,12471
serieconfessfollowspree,12472
colorgitano,12473
andalouse,12474
arsvhull,12475
lovetheseguy,12476
evreux,12477
busregion,12478
jaisechemeslarmesavecunpeidalcool,12479
binoclarde,12480
labinocle,12481
jeveuxlesmeme,12482
team75,12483
mpdua,12484
reimstourisme,12485
vallini,12486
roybon,12487
pepy,12488
mimi,12489
fucktheworld,12490
pitbullstaff,12491
dumbledoretamisuncoupdebabouche,12492
gracia,12493
planetrap,12494
polar,12495
whywelovetheomahaboy,12496
nemefrappezpassvp,12497
touchepasalaloitaubira,12498
fob,12499
congratssandy,12500
fcbarcelona,12501
restinpeace,12502
teambrunette,12503
framboisiertribute,12504
couronnedesroi,12505
carte,12506
cobayesf5,12507
ripvacance,12508
unpandicorneslay,12509
jenpouvaisplu,12510
palaisdetokyo,12511
inside,12512
asian,12513
phare,12514
bateaux,12515
barque,12516
mer,12517
breizh,12518
hiver2015,12519
highfive,12520
jeanmarc,12521
frenchfood,12522
meat,12523
nemour,12524
thello,12525
frase,12526
gniougniougniou,12527
posesurnamek,12528
attac,12529
jeu,12530
android,12531
quiz,12532
teamhallyday,12533
emailing,12534
instructor,12535
overhead,12536
chevre,12537
audia4,12538
jaimetropleaetjuliette,12539
grentlendisasfruit,12540
sexiondassaut,12541
whatmikado2,12542
chao,12543
paulcezanne,12544
lidl,12545
problemedemetisse,12546
questionexistentielle,12547
12yearsaslave,12548
infamoussecondson,12549
musicaljoke,12550
teamturc,12551
alhambra,12552
lhmr,12553
granada,12554
grnt,12555
ouverture,12556
zamalekartgallery,12557
cairo,12558
slurp,12559
sundaynight,12560
christmaslight,12561
christmastree,12562
chandelle,12563
candle,12564
guirlande,12565
landmark,12566
nicolaslebest,12567
zoneinterdite,12568
forain,12569
oop,12570
ripvancance,12571
douchefroide,12572
365score,12573
teamespana,12574
regaleznou,12575
minecraft,12576
ragequit,12577
internat,12578
benjamzoo,12579
reinedebuffalogrill,12580
congrat,12581
poisse,12582
tweetdesannees80,12583
georgepompidou,12584
littlesister,12585
creve,12586
congresp,12587
harrylouyear,12588
smcaen,12589
k2a,12590
jeffreyremetnousunesemaine,12591
miskine,12592
teamroger,12593
yolodanstagueule,12594
activite,12595
tcom,12596
jtmmaman,12597
kevjtm,12598
as17,12599
aslhul,12600
adoptee,12601
vraisreconnaissentvrai,12602
mablague,12603
lecoq,12604
enfance,12605
thomasngijol,12606
po,12607
prometheu,12608
maternite,12609
teamdevoirsledimanchesoir,12610
homosexualite,12611
favtvshow,12612
alloresto,12613
ripminah,12614
snapcomme,12615
onfaitaveccequona,12616
labox,12617
numericable,12618
mosque,12619
wordcord,12620
brownpart,12621
journeefini,12622
programmationdelamachineacafe,12623
arrowseason2,12624
fenerbahce,12625
dimanchesoirmecassezpaslescouille,12626
toulon,12627
mimilebebe,12628
teamglandeur,12629
jeanrolin,12630
ecoutezladifference,12631
snobcommeunbidet,12632
lapincemonseigneuretaittoomuch,12633
voleuse,12634
lunatic,12635
urbanology,12636
ellemaaime,12637
letsbanmonday,12638
brabu,12639
contemporary,12640
sadnes,12641
lavie,12642
fuckfrangipane,12643
monceaufleur,12644
grandroue,12645
acoustictour,12646
glacieredebielsa,12647
phenomenal,12648
marleyetmoi,12649
fautbienremplirlessalle,12650
espoirfaitvivre,12651
daryllenjailleur,12652
4year,12653
dogfam,12654
urgence,12655
procrastinationdemerde,12656
kamasoudrap,12657
zagreb,12658
beautyandthebeast,12659
grossiereerreure,12660
iphone5,12661
livebox,12662
leperenoelestuneordure,12663
puma,12664
bouyguestelecom,12665
deconnecte,12666
jdl2015,12667
greom,12668
deuxbeautee,12669
meilleure,12670
gignac,12671
petasse,12672
gobacktowork,12673
grosboule,12674
evaveutdestiny,12675
parentsmodedemploi,12676
teamducret,12677
violettalive,12678
dvk,12679
macadame,12680
oujdia,12681
10apg,12682
iztuzuplajinasahipcikalim,12683
finilesvacance,12684
purecleanslife,12685
foirerouen,12686
delete,12687
yolsuzlukverusvetyili2014,12688
passisexy,12689
incapable,12690
mediocrite,12691
calo,12692
vamosbarca,12693
teamalizee,12694
foreverfan,12695
weliveyou,12696
rsofcb,12697
lpneuo,12698
theinterview,12699
fbsort,12700
ventapaco,12701
dantxarria,12702
cletop,12703
robertdowneyjr,12704
judelaw,12705
regi,12706
realsociedadbarca,12707
umgorlando25k,12708
jeremstarvoice,12709
kisanola,12710
bonnemaman,12711
mimilesumo,12712
nouvelan,12713
lafamilia,12714
teamzy,12715
lrgang,12716
anous2015,12717
cala,12718
cledal,12719
letudiante,12720
mythbuster,12721
ressemblancetrouble,12722
iceland,12723
appropriatemusic,12724
laspecialededifool,12725
lopez,12726
parra,12727
flop,12728
joyeuxnoelfelix,12729
barrederireavantrepriseduboulot,12730
weneedklaineback,12731
larzac,12732
brebi,12733
allergrenoble,12734
nanainlove,12735
lunapark,12736
lunchinthesun,12737
wintersun,12738
14degree,12739
missko,12740
gremar,12741
laviedesforain,12742
chrisnewvideo,12743
gucenme,12744
socfcb,12745
whywereproudofskate,12746
nye,12747
newyearseve,12748
favlipstick,12749
choupi,12750
nooon,12751
looseweight,12752
gooddiet,12753
teamgreta,12754
acab,12755
rentree2015jarrive,12756
jdeclarepa,12757
misk,12758
charlieto40k,12759
sherlockhome,12760
rdj,12761
butthatsnoneofmybusines,12762
campionatiesteri,12763
fbsport,12764
apres4moi,12765
jesuisheureuse,12766
mydog,12767
buddy,12768
iloveit,12769
kiffance,12770
sangsterday,12771
ultraviolence,12772
uberlove,12773
rentrer,12774
maison,12775
dropdeaddiva,12776
superheroe,12777
worldofpop,12778
dansleturfu,12779
sonsofanarchy,12780
mercimonamour,12781
lafeteauvillage,12782
tropdelachance,12783
hulot,12784
nvlpp,12785
chocolatviennoi,12786
tourdumonde,12787
teamdan,12788
socbar,12789
to,12790
neymar,12791
tristeepoque,12792
shisanyama,12793
braai,12794
lesarcade,12795
alcoolo,12796
socialtv,12797
deprimetotal,12798
lamacorp,12799
zi,12800
goodbyedaniel,12801
sacweekend,12802
f4,12803
anissa,12804
deconnectee,12805
rougerie,12806
lifedefdp,12807
culte,12808
thatmomentwhen,12809
sheracurl,12810
gpapeurdprof,12811
pointlessblogmerch,12812
tristemavie,12813
peurdemetromper,12814
mangergrec,12815
twilightlove,12816
paulgrelet,12817
of,12818
jesaisjesuistenduetalor,12819
seullesvraissavent,12820
vodkasida,12821
jenevisepersonne,12822
geographie,12823
tweetcommeunnoirtorsenusursapp,12824
skyzzfamily,12825
thauvingrosmerde,12826
nameho,12827
saintherblain,12828
taglit,12829
trip,12830
amazingexperience,12831
carpfishingpassion,12832
jeanimbert,12833
lacajou,12834
dejeuner,12835
teamrclen,12836
okjebouge,12837
benfica,12838
romeoetjuliette,12839
envraicamefaitpastroprire,12840
iansomerhalder,12841
damonsalvatore,12842
madrid,12843
redstarfc,12844
devilinside,12845
starunjourstartoujour,12846
my,12847
thatawkwardmoment,12848
workinghard,12849
immigration,12850
fcblive,12851
dylanschallenge,12852
lesracistesdoiventsefairesoigner,12853
sadstory,12854
lescanonsdenavaronne,12855
thauvin,12856
dontfeellikeit,12857
holsagain,12858
freefortin,12859
marathonen3semaine,12860
studentlife,12861
thegodfather,12862
freelogobi,12863
logobi2k15,12864
deumillezekin,12865
marvelsagentsofshield,12866
depuistucherchedieu,12867
tb14,12868
lightislife,12869
enfaitjaimelesenfant,12870
lejobmaisunefamilleaussi,12871
rectify,12872
misstoulouse,12873
desolee,12874
eyne,12875
snowboarding,12876
offredemploi,12877
jungbusch,12878
dormesson,12879
warmbodie,12880
toutbouleverse,12881
newwork,12882
vrainegrosavent,12883
joesatriani,12884
satriani,12885
pourquoilavie,12886
backintheschoolgame,12887
raconteur,12888
guiltypleasure,12889
allezpari,12890
noentiendo,12891
surkiff,12892
imgonnafail,12893
ohwell,12894
worthit,12895
5hfanuaryday4,12896
gotham,12897
seriesaddict,12898
petittoutouensolde,12899
mskn,12900
samsung,12901
cameufvaluidiredansuninstant,12902
depuisonmemenace,12903
soutienentrecousine,12904
rentreealacon,12905
etreux,12906
tarevecomme,12907
lessyriensdominent,12908
kheyou,12909
hleli,12910
looooool,12911
brfvivelasyrie,12912
seinezootourprolongation,12913
nanmaisserieux,12914
viscaelbarca,12915
rickymartin,12916
maisonabandonnee,12917
abandonedhouse,12918
aisne,12919
footix,12920
harrypotterforever,12921
lapsu,12922
postbadzombie,12923
demainevitezdemesouler,12924
emilyloizeau,12925
toutestdit,12926
fofana,12927
leepace,12928
legrandremplacement,12929
waterway,12930
sambrealoise,12931
canaldelasambrealoise,12932
ecluse,12933
perfectgirl,12934
tweetsud,12935
ajamaisdessardine,12936
lesecretdebrokebackmountain,12937
charge,12938
wildcard,12939
lovethedart,12940
grandremplacement,12941
etcanemavaitpasmanque,12942
nuitblancheenprevision,12943
aupaatleti,12944
askipillefaut,12945
hd1,12946
dontjudge,12947
ci,12948
messi,12949
pasenviededormir,12950
mymoodallthetime,12951
hecatombe,12952
oreal,12953
weareallmartin,12954
jsuisquunthug,12955
youcandoit,12956
lexu,12957
thehungergame,12958
mercimoye,12959
rsfcb,12960
leskilosaussi,12961
yosoyimparable,12962
bonanit,12963
demamesimillor,12964
thechosenone,12965
derbiylestadyum,12966
enquetesimpossible,12967
cestuneautreculture,12968
offbutt,12969
greffe,12970
demainjevaisregretter,12971
teampelousepourrierepresente,12972
bandesdeforceur,12973
lightsout,12974
imaginedragon,12975
lawschoolproblem,12976
bric,12977
ufcfightnight,12978
oooofff,12979
cachuffit,12980
picadillycircu,12981
photographie,12982
amazingmoment,12983
perfectfilm,12984
christophedidierjfbenoitpascaljeromepascal,12985
talentbr,12986
jesaisjesuispasnormal,12987
cibleparfaite,12988
jenpeuxplusdemoi,12989
mouvy,12990
geny,12991
carnage,12992
haiamadrid,12993
clas,12994
detvsdal,12995
pneumonie,12996
lequattrostagioni,12997
saramago,12998
evaveutvraimentdestiny,12999
hangugeo,13000
hangugsigdang,13001
peurangseueo,13002
juleo,13003
hangugmal,13004
gongbuhada,13005
coreen,13006
elisabete,13007
unmotpourchaquechose,13008
tooeasyfordetroit,13009
lgtyhwyty,13010
proverbe,13011
nevergettiredofaqueen,13012
leclan,13013
freefall,13014
easportsfifa,13015
queentiph,13016
faq,13017
trop,13018
apeupreshlel,13019
chaudelameuf,13020
brunet,13021
politiquewe,13022
death,13023
notdoday,13024
comfessionsintime,13025
vieunpeudemerde,13026
pasenvi,13027
joeyatshiverfest,13028
expressiondevieux,13029
stopyouarenot1d,13030
nancytupue,13031
alaidemafilleveutetrecatcheuse,13032
breyton,13033
allez,13034
memorie,13035
clanfarfadet,13036
jiraiaucinocheseuletjemmerdelasociete,13037
rebel,13038
goldroger,13039
omgf38,13040
haven,13041
orel,13042
archisound,13043
bacblancfrancai,13044
defikilo,13045
cowboy,13046
lovemeharder,13047
helpme,13048
myfriend,13049
teamdjazair,13050
tehiadjazair,13051
rageux,13052
fwtp2,13053
frenchballet,13054
operagarnier,13055
tapette,13056
ntmzer,13057
echecetmat,13058
wb,13059
aidesoignante,13060
teamboulet,13061
startupfrancaise,13062
lasvega,13063
julsurskyrock,13064
danslespoirdeseretrouver,13065
snapchatselfie,13066
piranna3d2,13067
zhiznbol,13068
thauvinenedf,13069
sobrementjoyeux,13070
topchrono2015,13071
lamagiedelacoupe,13072
enoooooooorme,13073
equipe,13074
thisislondon,13075
londoneye,13076
tamise,13077
rivertame,13078
toursdeterrain,13079
toujours1er,13080
euro,13081
maivaisperdant,13082
teamgra,13083
icicestpari,13084
lespoirfaitvivre,13085
mhscpsg,13086
tobby,13087
tropchou,13088
instantreflexionsurlemonde,13089
cfa,13090
grenobleenligue1,13091
snapshat,13092
fucklom,13093
grenobleom,13094
doria,13095
thauvinlapepite,13096
cafaitdubienderelireca,13097
generationhumour,13098
centrafrique,13099
raf,13100
usq,13101
rdvle30mai,13102
lepauvre,13103
magiedelacoupe,13104
invitemoiatonanniv,13105
guillaumeradio2,13106
mauvaisquartdheure,13107
nvm,13108
bac2015,13109
durvie,13110
tweetcommeunrageux,13111
ajamaislespremierssortitau1ertourdelacdf,13112
23h50,13113
outaipsgoutai,13114
nasserremetsnousdesglacon,13115
houseofcard,13116
thauvinencfa,13117
teametg,13118
rivaux,13119
newlook,13120
leonardodicaprio,13121
20an,13122
robindesboi,13123
encouragezmoi,13124
marredeladiscrimination,13125
touchdowncowboy,13126
teamsangchaud,13127
lolaestlavictimedelouetemilien,13128
tuviensdemetz,13129
goodkat,13130
encoreunedinguerie,13131
niroshima,13132
foutaisess,13133
phenomeneparanormal,13134
employeurdemerde,13135
jaitoutgagner,13136
realisemonreve,13137
jesuisdoncjepense,13138
descarte,13139
sarikami,13140
sixteen,13141
scbpsg,13142
troye,13143
sarkopartout,13144
goduck,13145
jelischarlie,13146
teambarbu,13147
antchepeyia,13148
beaufattitude,13149
ringard,13150
nocharism,13151
crisdechevre,13152
laligneverte,13153
kissagingerday,13154
bdr,13155
minaattakingdom,13156
minaatta,13157
jesuiszelig,13158
paddington,13159
phrasedemytho,13160
uneballadurite,13161
fifaballondor,13162
motscroise,13163
theflash,13164
belpassaj,13165
beaulapsu,13166
gonalonsballondor,13167
rtlmatin,13168
calvinklein,13169
justinbieber,13170
sportive,13171
ajamai,13172
charliecoulibaly,13173
kharja,13174
sochaux,13175
bobun,13176
kitchen,13177
muhammad,13178
mistake,13179
venezonluiditkelestconne,13180
crazyme,13181
jesuischopper,13182
educationcivique,13183
bestjuiceever,13184
mandarinstreet,13185
roseandlitchi,13186
socialhousing,13187
housingbenefit,13188
barcaforlife,13189
ilssontcharlie,13190
jpeuxpasvousdireplu,13191
tetebrule,13192
jesuisenceinte,13193
ouestsarkozy,13194
breaktheinternet,13195
children,13196
panorama,13197
coucherdusoleil,13198
magique,13199
pensif,13200
waat,13201
justine,13202
chloe,13203
jaiquittelateamperruque,13204
16moi,13205
homme,13206
chiant,13207
sajatoukoke,13208
assepsg,13209
edla,13210
nowhere,13211
lafragiliteyyyy,13212
pedalo,13213
lafertemace,13214
digue,13215
insomnia,13216
fragilu,13217
bitchy,13218
biatchattitude,13219
saintomer,13220
comedie,13221
jeanraynal,13222
chapeaumelonetbottesdecuir,13223
brianclemen,13224
minecraftps4,13225
wallayebillayenetinquietepa,13226
tranquillement,13227
transmissiondepensee,13228
whitevangate,13229
benyettou,13230
touchepasamoncharlie,13231
yn,13232
portgentil,13233
tempete,13234
vent,13235
happymonday,13236
pleaseplease,13237
justholdme,13238
justbehere,13239
freetibet,13240
tibet,13241
composer,13242
musician,13243
semainenoire,13244
obeyform,13245
teamboulochesdanslenombril,13246
kissfeet,13247
cestpasunephrasedemytho,13248
thedisappearanceofeleanorrigby,13249
jesuispoliciere,13250
vousnavezpashonte,13251
liberty,13252
superconnard,13253
duoq,13254
jerestecharlie,13255
justinelevy,13256
lilian,13257
maxlaraclure,13258
retweet,13259
makelovenotwar,13260
rawneworlean,13261
vismavienocturnedejuriste,13262
ongenda,13263
hotelamour,13264
fucking,13265
turnup,13266
30an,13267
trentenaire,13268
cenasuck,13269
jesuisaussilulu,13270
rollinsvscena,13271
lumberjackmatch,13272
oh,13273
stylo,13274
plume,13275
camemanque,13276
pog,13277
onfaitlapaix,13278
pardon,13279
sethrollin,13280
sethforbusines,13281
ripverismahar,13282
day2,13283
loveyouu,13284
nanterre,13285
quino,13286
rassuree,13287
gdnuit,13288
charliegate,13289
leslie,13290
kathrynmerteuil,13291
cruelintention,13292
delair,13293
freud,13294
mood,13295
philosophedanslame,13296
tartuffe,13297
lafranceuniscontrelebarbarisme,13298
laigledesacore,13299
forceetabnegation,13300
payetaviedemerde,13301
lfw,13302
lavieestbelle,13303
gremsestcharlie,13304
pasconlaguepe,13305
grrrrr,13306
compri,13307
assisteatpmp,13308
croireensesreve,13309
amiesetsoeurenor,13310
lovemylife,13311
lexpresso,13312
morningrock,13313
11janvier2015,13314
siegvo,13315
jesuisislam,13316
manifpourtou,13317
orry,13318
confidentielle,13319
boufonne,13320
jonsnow,13321
pillsnpotion,13322
prepaartsapplique,13323
penninghen,13324
esag,13325
p1,13326
gouache,13327
happybirthdaypatrick,13328
jesuisnicola,13329
vsd,13330
lesanges7,13331
coupedelaligue,13332
eddieredmayne,13333
goldenglobeawards2015,13334
kifff,13335
monster4life,13336
tropfroid,13337
parisiantale,13338
eb136,13339
nouvelleadresse,13340
bwin,13341
brocante,13342
sexe,13343
tete,13344
prophete,13345
panoramaxxl,13346
app,13347
appli,13348
teamclary,13349
soldat,13350
jesuisahmedclarissayoav,13351
plusjamaisca,13352
soulagermaispastuer,13353
lavraiemiserecnou,13354
garnett,13355
howard,13356
coupdeboule,13357
barfight,13358
transmedia,13359
fidelisation,13360
joiedumatin,13361
voleur,13362
challengedelaveille2015,13363
hitman,13364
tpmpleretour,13365
recuperer,13366
damnit,13367
maigad,13368
bday,13369
penguin,13370
application,13371
popcorn,13372
showroomprive,13373
ageofultron,13374
chelou,13375
hepatitisb,13376
phc2015,13377
charliehebbo,13378
newyorkpost,13379
teamtoussaint,13380
sijesuismaladecestlasncfquipaieramonmedecin,13381
serp,13382
gn,13383
legarsmatuer,13384
libertedepensee,13385
jaimemesfreresmusulman,13386
jour,13387
interdit,13388
enldr,13389
jesuisunmouton,13390
lolilol,13391
blg,13392
parenthood,13393
parentinghumor,13394
parent,13395
prophetmuhammad,13396
playingwithfire,13397
blackoutminih,13398
zmr250,13399
overcraftpdb,13400
naze32,13401
3dprint,13402
hashtagpuke,13403
erimonth,13404
boycottchalie,13405
hepatiti,13406
livestream,13407
hbv,13408
hcv,13409
kolofata,13410
jeanlouisborloo,13411
islamophobe,13412
analytic,13413
whitefangate,13414
jlborloo,13415
tiritiri,13416
tunnel32,13417
bonjourmarinelepenvousnavezpashonte,13418
jecourspourleplaisir,13419
joggintour,13420
misterfrance,13421
claramorgane,13422
lauratenoudji,13423
alorsonmate,13424
ludwigshafen,13425
teammayenne,13426
hof2015,13427
plusdetrain,13428
lignel,13429
pfff,13430
agile,13431
suppression,13432
color,13433
19h30,13434
firsttime,13435
youknow,13436
coworking,13437
bestfriendsfortwentyyear,13438
sillypeople,13439
stupidschool,13440
citetonchanteurprefere,13441
retromobile,13442
bruckner,13443
ud74,13444
craotsi,13445
crt,13446
telephone,13447
bestsongever,13448
bestmusicvideoever,13449
bestvideoever,13450
masoeur,13451
cantelou,13452
amiensrouenlm,13453
america,13454
newyorkcity,13455
oneplusoneinvite,13456
bokoharamkilled2000people,13457
swisschocolate,13458
shengen,13459
westinwellbeing,13460
colourlifeenergy,13461
standup,13462
jesucecharlie,13463
decede,13464
islamdefrance,13465
cfcm,13466
439vote,13467
transilien,13468
lilianlepere,13469
1800mhz,13470
eplenary,13471
thinkpositif,13472
rtna1,13473
suckmydick,13474
cestdelhumourhein,13475
taisezvouselkabbach,13476
prodigy,13477
xavibe,13478
vcf,13479
netanyahu,13480
xprimeteam,13481
gov,13482
terranova,13483
bonnehumeur,13484
twittercounter,13485
liver,13486
disease,13487
moirien,13488
vivelanormandie,13489
fire,13490
cidph,13491
buffer,13492
uxdesign,13493
teamwindow,13494
teamgoogle,13495
univlorraine,13496
lorraine,13497
sionneritplusonestfoutu,13498
nonstoppeople,13499
vote,13500
auxerre,13501
yonne,13502
rnta1,13503
telepherique,13504
veyrier,13505
fraternitybrother,13506
teammaladepourlecolemaispaspoursortir,13507
mortderire,13508
plandeau,13509
longeville,13510
loveeeee,13511
krrkrrr,13512
a20,13513
bumpercamino,13514
c3po,13515
ghjeusocharlie,13516
museu,13517
vergonhoso,13518
danger,13519
tie,13520
publicgaytruckersex,13521
pleasert,13522
lugenpresse,13523
unwort,13524
wenntwaischwanimain,13525
jesuisvertical,13526
twauto,13527
sachele,13528
pourquoijaipasdekikisurmonsnapchat,13529
tdf,13530
lajoiecestbien,13531
larolexcestlaloose,13532
nazi,13533
ltva,13534
newyorkestcharlie,13535
lafranceterredetorture,13536
enanglai,13537
thisisliving,13538
sleepingbeauty,13539
bestrh,13540
andrh,13541
secretsauxerre,13542
fake,13543
iscom,13544
chrisevan,13545
jeremyrenner,13546
dondusang,13547
avendre,13548
yvesmayet,13549
vucevic,13550
begle,13551
teamubb,13552
iloveubb,13553
airbu,13554
educationprioritaire,13555
sanction,13556
alabourre,13557
reach,13558
hoangvanbizetdan,13559
melody,13560
migo,13561
meekmill,13562
migodream,13563
inas1982,13564
bunadaeyvallah,13565
pronostici,13566
nereyeboyle,13567
mercipourcettebellevue,13568
martinargyrolo,13569
laliberteguidantlepeuple,13570
tngov,13571
tnfail,13572
labetelibre,13573
45t,13574
emi,13575
jeannema,13576
impression,13577
vinyle,13578
startupbordelaise,13579
biotechnologie,13580
hommagedelanation,13581
forcedelordre,13582
marchearecul,13583
cry,13584
you,13585
but,13586
iloveyou,13587
emploiaccompagne,13588
cestreparti,13589
misterbourbier,13590
gafe,13591
from,13592
suburb,13593
cloudy,13594
tramway,13595
ceremonie,13596
pumpit,13597
cyrillignac,13598
lapatisserie,13599
dessert,13600
rigolo,13601
tealatofrance,13602
parfoisjesuischarlieparfoismoin,13603
malauxoreille,13604
liensocial,13605
icf,13606
sourceintranet,13607
futureagentimmobilier,13608
lamarcherepublicaine,13609
benimhayalim,13610
souslocean,13611
btsam,13612
maitrise,13613
moubarak,13614
sissi,13615
educationnationale,13616
entreprenariat,13617
feminin,13618
crowdfunding,13619
padamalgam,13620
editionspecial,13621
ultimateteam,13622
jesuisnigerienne,13623
twelcom,13624
feuj,13625
montreuil,13626
faitesnousrever,13627
jemensuisencorepasremi,13628
jemensuispasencoreremi,13629
unigeria,13630
nollywoodtv,13631
thehobbit3,13632
yezidie,13633
hommagepolice,13634
hommageclarissa,13635
ripclarissa,13636
jesuispascharliejesuistonpere,13637
loose,13638
taf,13639
voyagedanslemonde,13640
deadking,13641
petitbonheurdumatin,13642
onsefaitchier,13643
jean,13644
diesel,13645
gateauxdesroi,13646
departement,13647
henin2015,13648
memoire,13649
lostfrequencie,13650
lestudor,13651
naze,13652
beyourself,13653
honteuse,13654
kaddish,13655
assassinscreed,13656
hommageauxpolicier,13657
noublionsjamai,13658
educationforpeace,13659
journal,13660
parismarch,13661
sickjourno,13662
uptownspecial,13663
peynetmuseum,13664
cartoon,13665
creative,13666
ouestnico,13667
nullissime,13668
strasburgo,13669
corriere,13670
decompresse,13671
vivelademocracie,13672
emploidutempsdemerde,13673
decompense,13674
penseedujour,13675
grilledcheese,13676
recette,13677
dietetique,13678
healthyfood,13679
a380,13680
lithuania,13681
assimilation,13682
hardworking,13683
thegoodwife,13684
accorchallenge,13685
unemedaillepourlassana,13686
ripjuniormalanda,13687
plusbellevilledumonde,13688
goodtiming,13689
marredecetaff,13690
degradfic,13691
degradation,13692
fm6,13693
djiphantom,13694
phantom,13695
visionplu,13696
nomade,13697
gf,13698
e63,13699
amg,13700
testdrive,13701
quandjetaisenprimaire,13702
zalando,13703
ilikedbouffe,13704
pellino3,13705
neuer,13706
dilbar,13707
laprincesseeffacee,13708
alexandradebroca,13709
heureuse,13710
space,13711
u,13712
fame,13713
mydayjob,13714
frenchcouncil,13715
afer,13716
igersmetz,13717
febreze,13718
egosum,13719
bb26000,13720
loco,13721
railfan,13722
ferrovipathie,13723
soglam,13724
paysage,13725
ciel,13726
nuage,13727
jimmorrison,13728
leslundicoiffeuse,13729
durireaubonheur,13730
060boyz,13731
stevedrive,13732
freerondo,13733
freecdai,13734
saintgregoire,13735
assurancevie,13736
lagang,13737
nuskigang,13738
onfaitquoi,13739
realniggaz,13740
mrdornanmedistraitconstamment,13741
jojo,13742
brel,13743
etmaintenantonfaitquoi,13744
foieenvrac,13745
smite,13746
myhusband,13747
salatime,13748
djtug,13749
djaxx,13750
wizzclub,13751
franck,13752
lamarchecontinue,13753
lamarchedu11janvier,13754
nousommescabu,13755
ventfort,13756
fetetafindepartiel,13757
nextgen,13758
parinniversaire,13759
attente,13760
patience,13761
chedisastro,13762
thegamemagazine,13763
uncharted4,13764
patriotactfrancai,13765
napolitano,13766
teameag,13767
condoleance,13768
renzi,13769
nikerunning,13770
jesuistunisien,13771
ahmed,13772
finalexam,13773
coccinelle,13774
bulledopdamour,13775
immigre,13776
europeanunion,13777
jesuisunememe,13778
solidarity,13779
hmd,13780
restosducoeur,13781
gayfriendly,13782
flemmedefou,13783
eurocroissance,13784
totaldiva,13785
torture,13786
si,13787
soispassurladefensivehein,13788
lliberteegalitefraternite,13789
faispasbeau,13790
galereducode,13791
nousrestaurant,13792
mascotte,13793
noulettesdeboeuf,13794
netflix,13795
amazon,13796
alibaba,13797
mercifilbleu,13798
inboundmarketing,13799
hopitauxdepari,13800
hopitauxdefrance,13801
macdo,13802
yepaaaaa,13803
orchestrator,13804
scsm,13805
mstechday,13806
kissmyassbaby,13807
nimportequoi,13808
loveisall,13809
saintlazare,13810
fundraising,13811
leveedefond,13812
growth,13813
lfdla,13814
votezalexis2017,13815
refreshing,13816
iletaitemucefilsdechien,13817
homewardbound,13818
apaisant,13819
operationvigipirate,13820
teamlacaz,13821
ogoc,13822
dnainfo,13823
bonparisien,13824
malhotra,13825
sportlerzmittag,13826
highschoolmusical,13827
fashionblogger,13828
blogger,13829
findajobtour,13830
a831,13831
cestduvecu,13832
zut,13833
alpedhuez,13834
palladiumboot,13835
informatique,13836
programmation,13837
don,13838
wedding,13839
lukatar,13840
minuit,13841
lmgrbyrfdlsllrswl,13842
pumpvictory,13843
latac,13844
va,13845
jubile,13846
jesuisfrangipane,13847
ouff,13848
agglomeration,13849
connasse,13850
blaspheme,13851
durectan,13852
dalloyau,13853
stonepari,13854
thiagosilva,13855
davidluiz,13856
lautrecestmoi,13857
journeesanspantalon,13858
touscontrebokoharam,13859
legion,13860
assemblee,13861
musiquedevieux,13862
podemo,13863
douai,13864
leallan,13865
w40,13866
mystere,13867
mgrnorvanzakarian,13868
peuplearmenien,13869
abudhabihsbcgolfchampionship,13870
lendemaindifficile,13871
inprogres,13872
phenix,13873
angougou,13874
englishcoffee,13875
cappucino,13876
utmb2015,13877
ccc2015,13878
ccc,13879
trail,13880
conferenzastampa,13881
an,13882
debout,13883
wauquiez,13884
marseillaise,13885
lensfan,13886
secretfangirlacc,13887
saoulee,13888
jacob,13889
dehorsnvb,13890
tropdebeug,13891
mspolymer,13892
sealant,13893
office,13894
working,13895
afternoon,13896
confrefriedestwitto,13897
1siecle,13898
identite,13899
schwartzenberg,13900
muir,13901
queenwest,13902
confcharlie,13903
luz,13904
coeurpassion,13905
gazaconfidentiel,13906
badbitch,13907
depite,13908
shoppingafterschool,13909
marai,13910
cappuccino,13911
peoplewatching,13912
2an,13913
requiem,13914
garden,13915
forest,13916
abject,13917
cfecgc,13918
mikadostick,13919
commedhab,13920
tpmc,13921
hama,13922
hezbollah,13923
coupable,13924
cloclolapetitedindedesstmg1,13925
unedecharliehebdo,13926
interminable,13927
biolaid,13928
lescure,13929
gayet,13930
placedesmartyr,13931
cequejaimedanslesquatretier,13932
gouv,13933
urbanz3xplorer,13934
oraux,13935
bestsentenceaboutcharlie,13936
jedemandejuste,13937
lescopine,13938
lescoquine,13939
rainyday,13940
bored,13941
boulognesurmer,13942
ilvasefairebouler,13943
findelexperience,13944
roidelaposture,13945
pipoband,13946
asb,13947
controle,13948
francedesinfo,13949
dernierschancedumou,13950
kiffe,13951
ahue,13952
assemble,13953
multiculturalisme,13954
brigadecynophile,13955
qag,13956
jelavaisdisquecetaitunemauvaiseidee,13957
toofat,13958
grosse,13959
andirect,13960
hirsizvar,13961
onyediyirmibe,13962
elblanco,13963
chuuuchuuu,13964
iamyourminitel,13965
comebackminitel,13966
assembleenationale,13967
capucoanimatricedumag,13968
memezinzinnevaincrapa,13969
publicite,13970
audience,13971
enlarme,13972
lesminettesetleurcadeau,13973
laligneblanchisserie,13974
puy,13975
transcende,13976
ttip,13977
isd,13978
nequelquepart,13979
cjm,13980
realisemonrevestp,13981
stpptitchat,13982
dombrezotkafe,13983
usmmase,13984
parcdukurgarten,13985
vraieinvitee,13986
parlonspeu,13987
villeurbanne,13988
anahidsinsek,13989
enboucle,13990
tusk,13991
voafarsi,13992
heymeteofrance,13993
donnezmoiunecorde,13994
blacko,13995
tropdechance,13996
capilarite,13997
cerne,13998
taylorswift,13999
shemovedon,14000
fuckyou,14001
carterto2mill,14002
followmetaylor,14003
elasticsearch,14004
dieuavecnou,14005
senat,14006
directsenat,14007
happykimjonginday,14008
enormemanque,14009
figmag,14010
prince,14011
lesvoixdesfemme,14012
unissonsnosvoix,14013
nowomannocry,14014
lvdf,14015
ahtiksaha,14016
expressonoisette,14017
directionfleurymerogi,14018
jesuisbabysitter,14019
fearlessnikki,14020
briemode,14021
findelahes,14022
canon,14023
capbreton,14024
niceday,14025
jesuisnigerian,14026
prestashop,14027
mcsextreme,14028
skicros,14029
audifi,14030
worldcup,14031
quatretier,14032
antimessi,14033
antibarca,14034
stragediparigi,14035
terrorismo,14036
orly,14037
marcusjohn,14038
djwhynehehe,14039
rouladeultime,14040
dorotheesebbagh,14041
bastiarenne,14042
philippetesson,14043
atwork,14044
puteaux,14045
doublondeouf,14046
grizichance,14047
qvt,14048
marcopolo,14049
nonjycroispa,14050
rockstargame,14051
seriea,14052
parisphil15,14053
leshautsdehurlevent,14054
emilybronte,14055
ialreadyam,14056
autruche,14057
jeveuxretournerenmaternelle,14058
etouale,14059
ripmishaasaturyan,14060
finoallafineforzajuventu,14061
teamitalia,14062
quavecmesvrai,14063
montelima,14064
perfectsunset,14065
excitedforontheroadagaintourface,14066
datasportif,14067
sud,14068
memelerespectarigole,14069
staystrongb1a4,14070
2015handball,14071
budgetparticipatif,14072
hdv,14073
anotherdayinhyattcdg,14074
pitie,14075
beauteimmense,14076
libertepresse,14077
flag,14078
soriano,14079
otratinfrance,14080
courbevoie,14081
heroin,14082
marijuana,14083
cdnscreen15,14084
sensitiveskin,14085
messithebest,14086
unitedxxvi,14087
anniversary,14088
excitedforontheroadagainface,14089
teamswim,14090
ladlp,14091
earthrightnow,14092
21avril,14093
greece,14094
astrobutch,14095
hummm,14096
lob,14097
askwinnet,14098
jesuismobile,14099
ohb,14100
classedeneige,14101
caenlamer,14102
deux,14103
mercilaect1,14104
troisheuresdesport,14105
rowyso,14106
otrat,14107
jbrandjean,14108
jmendel,14109
louboutin,14110
chanel,14111
thedogartist,14112
alantqt,14113
self,14114
sooooooo,14115
atm,14116
soleiloutai,14117
4mariages1luneeemiel,14118
guignol,14119
tesdevenucommemyriam,14120
lvel,14121
disquette2015,14122
sortiedeboulot,14123
guiguilespre,14124
jessimleroux,14125
corna,14126
fortuna,14127
evaftw,14128
africanbeauty,14129
africanqueen,14130
wax,14131
waxdres,14132
teamstyloquiexplose,14133
vaccin,14134
aidezmoi,14135
gossipgirltaughtme,14136
jevalideaussi,14137
happybirthdayorlandobloom,14138
asmbirthday,14139
sx,14140
bilger,14141
milansassuolo,14142
cgt,14143
quipuebeaucoupmeme,14144
pretre,14145
jesuisundechet,14146
forzamilan,14147
daysbeforerodeo,14148
justvibe,14149
jeveuxmoncharlie,14150
tesdevenucommemyram,14151
yuiai61,14152
estrada83,14153
aeroscopia,14154
thankyoubambam,14155
thankyouigot7,14156
dreambig,14157
ilvameprendrepourunefolle,14158
socialjumper,14159
gopl,14160
karma,14161
zenitsig,14162
lpdv,14163
musicislife,14164
sudpres,14165
rere,14166
concourseje,14167
5so,14168
lovemywork,14169
phrasedujour,14170
intelligence,14171
whatsapp,14172
vietato,14173
intereligieux,14174
breatheep,14175
blacklivesmatter,14176
lablague,14177
aretederever,14178
giorgionapolitano,14179
presidentedellarepubblica,14180
mardicanderel,14181
worktime,14182
teamfacetime,14183
teamapple,14184
overdosedereporting,14185
statistique,14186
bienvenueaucamping,14187
tristeregime,14188
parisdebout,14189
palpable,14190
chevaldorgueil,14191
aixmaville,14192
fauxsupporter,14193
clarissajeanphilippe,14194
combo,14195
loule,14196
followmoistp,14197
bushido,14198
epicfail,14199
pirate,14200
lmet,14201
lacomcanesimprovisepa,14202
regard,14203
irak,14204
equipedefou,14205
merdia,14206
justepourrire,14207
scbsrfc,14208
placedutertre,14209
cadevientdugrandnimportequoi,14210
francetvsport,14211
lame,14212
nouveaux,14213
aminematue,14214
tesdevenucommemuriam,14215
merciaudrey,14216
pasdebac,14217
hackthefactorytlse,14218
il,14219
carotte,14220
switzerlandneedsotratour,14221
timmerman,14222
forzajule,14223
vivementlacan,14224
bagnole,14225
seat,14226
ibiza,14227
dr300,14228
airport,14229
aircraft,14230
leretourdenicolassarkozy,14231
frontdegauche,14232
hilarant,14233
t4,14234
bus613,14235
icicestaulnay,14236
rentreavectespied,14237
narbi,14238
electricboogaloo,14239
teamsenegal,14240
xantia,14241
bacl,14242
recup,14243
pasenviedebosser,14244
bareback,14245
bbbh,14246
peugeot,14247
espritdefrance,14248
fanart,14249
artwork,14250
ballpen,14251
quicksketch,14252
rough,14253
mgsfan,14254
bfh,14255
twingo,14256
amora,14257
investir,14258
rayonner,14259
innover,14260
outree,14261
chu,14262
nevergiveup,14263
lisa,14264
reform,14265
europtimiste,14266
megane,14267
fnacfail,14268
citoyennete,14269
delademocratie,14270
homescreen,14271
noubliezpaslesparole,14272
voeuxmmm,14273
renault25,14274
suzannessong,14275
concoursinfirmier,14276
rencontrenadegehg4,14277
satisfaction,14278
1ersurlactu,14279
cestpourcaquonestfan,14280
philoem,14281
lkn,14282
lmntqm,14283
marie,14284
islamofasciste,14285
lvseries2,14286
t38,14287
saurel,14288
team2015,14289
conservative,14290
punchlinesurpunchline,14291
pretaliker,14292
jesuismaladeenmemetemp,14293
dussollier,14294
rrrrrrr,14295
tuvoeuxoutuvoeuxpa,14296
beatssolo2,14297
papierpeint,14298
ilovepari,14299
bellydancer,14300
gogodance,14301
djgogo,14302
paspeurdestrousdeballe,14303
du,14304
dieudonneenprison,14305
lepianiste,14306
ribenlishi,14307
beauteorientale,14308
gogole,14309
currynight,14310
optimisme,14311
kkhampton,14312
kkth,14313
kimk,14314
koko,14315
khloek,14316
kourtneykardashian,14317
kendalljenner,14318
kyliejenner,14319
kendallkyliemaddengirl,14320
zumbafitnes,14321
cale,14322
secretstory,14323
conseil,14324
postbad,14325
prayforme,14326
solidaritegrenat,14327
sfc,14328
communityliveson,14329
vousppuvezpastest,14330
mairie15,14331
determinate,14332
befit,14333
neighbor,14334
pourquecharliehebdovive,14335
gerbe,14336
honore,14337
ashiqui2,14338
full,14339
ilcroitquilalacote,14340
lapuissancenerespectequelapuissance,14341
pac,14342
traquernard,14343
soeurette,14344
affreux,14345
maniere,14346
vilain,14347
needmoneyforchanel,14348
teaaaaaaampsg,14349
lajalousie,14350
teamcharliehebdo,14351
faislesback,14352
mapute,14353
aberrant,14354
jevalide,14355
bonanniversairecabu,14356
jesuistoujourscharlie,14357
enkagadezot,14358
tapetitesoeur,14359
proposabannir,14360
nppf,14361
jedemissione,14362
jsuischoque,14363
winelover,14364
bordeauxsuperieur,14365
scrum,14366
visage,14367
agile2015,14368
eklaproduction,14369
abproduction,14370
froggyimage,14371
ma2emefamille,14372
cosplay,14373
casqy,14374
criseeconomique,14375
es,14376
w,14377
conretrasoperodaigual,14378
reyesmago,14379
sweet,14380
charliehebdolivesforever,14381
pariswhatimreppin,14382
foresti,14383
franca,14384
heroi,14385
policiai,14386
terrorista,14387
emocionante,14388
nototheterrorism,14389
liberaenem,14390
arquitetura,14391
nightoutspecialoccasion,14392
vive,14393
allahestgrandlarepubliqueaussi,14394
unitipalavvene,14395
renucci,14396
prayfornigeria,14397
realatletico,14398
cityarsenal,14399
pantagruel,14400
nouvelolympia,14401
lafatiguance,14402
binankoukouchikyuuboueibulove,14403
nkoteaser,14404
fghl,14405
anges7,14406
thebestofidol,14407
ktari,14408
tuni,14409
mili,14410
austinbook,14411
angelinajolie,14412
lapoissecommedhab,14413
fucklad4,14414
liberable,14415
urbanouturbfitter,14416
petitplaisir,14417
advertising,14418
lecondepouvoir,14419
cherbourg,14420
egypte,14421
corte,14422
corsica,14423
wserie,14424
avisperso,14425
3moi,14426
iron,14427
porn,14428
wordclound,14429
culturezmoi,14430
6x03,14431
bienvivreensemble,14432
instantane,14433
papaoumaman,14434
mossad,14435
coeuraveclesdoigt,14436
angelamerkel,14437
rocroyunjourrocroytoujour,14438
revesbrise,14439
tropenerve,14440
cauetaperonne,14441
payforwin,14442
cvecup,14443
dynamomoscou,14444
bgirl,14445
ripalasoeurdesiham,14446
idioten,14447
toleranz,14448
strasse,14449
sushichef,14450
aperoadomicile,14451
onthewall,14452
amunt,14453
coulaine,14454
breezy,14455
m6music,14456
upthebaguette,14457
dran,14458
tara,14459
usdsp,14460
failnewsstrikesagain,14461
tmz,14462
danze,14463
riencompri,14464
pastouttraduit,14465
kickon,14466
alorsonstresse,14467
fphilippot,14468
40an,14469
jesuiscanard,14470
finkielkraut,14471
boostsentier,14472
bordeauxestcharlie,14473
auvergne,14474
basren,14475
kanyewest,14476
teamshogun,14477
pinkprint,14478
treysongz,14479
stevejob,14480
ipod,14481
lesmiserable,14482
monmeilleurami,14483
mescopain,14484
adorable,14485
sadonnelesourire,14486
malcom,14487
margaretqualley,14488
stoopid,14489
missingyou,14490
viemaviedesupprennai,14491
promobatboncwnetwork,14492
cristal,14493
europapark,14494
leroutierfute,14495
naija,14496
hatayophobe,14497
stratege,14498
infotf1,14499
theogordy2an,14500
psgasse,14501
jesuisarabe,14502
redynamisonssaintsulpice,14503
wearejsf,14504
eurochallenge,14505
last16,14506
mortenhero,14507
content,14508
le75elm,14509
scenic,14510
coeursurlui,14511
nextwomenleader,14512
putainderolemodel,14513
jadorepari,14514
theogordy,14515
grease,14516
staystrong,14517
eurocup,14518
bibli,14519
misterfrance2015,14520
blackisle,14521
redkiteale,14522
casentlabranlee,14523
evin,14524
ahilodejo,14525
discernement,14526
e2m,14527
onadore,14528
palestinevivra,14529
gav,14530
hater,14531
haterswelcome,14532
feministe,14533
chourabi,14534
jesuisenkiosque,14535
adrien,14536
teamcomere,14537
etmaintenant,14538
holyfaya,14539
smaive,14540
liguemagnuslive,14541
portugue,14542
latino,14543
portuguese,14544
ayme,14545
tram,14546
tramdecouverte,14547
ct,14548
clubdelapresse,14549
gewurztraminer,14550
palaisdurhin,14551
monange,14552
haitian,14553
reunionnaise,14554
jd15fr,14555
whywelovenate,14556
willem,14557
easyledstdesciencespo,14558
skorpionshow,14559
bush,14560
patriotactalafrancaise,14561
candycrush,14562
srfc,14563
marriott,14564
stophomophobie,14565
tendresse,14566
halowalkingonsunshine,14567
dimitritientcheu,14568
kdo,14569
camandkianvideo,14570
bravocharlie,14571
toutestpardonne,14572
cros,14573
josentreprendre,14574
jechieoujaienvie,14575
hop,14576
mondeparallele,14577
19an,14578
klmtlymkntrjmth,14579
croquersurlechemin,14580
unfollowezmoi,14581
nhlarcade,14582
enquetedactionspeciale,14583
teamcelib,14584
chezcanteloup,14585
liguemagnu,14586
journee20,14587
grenoblemorzine,14588
icehockey,14589
icerink,14590
glace,14591
nograssematnoenergie,14592
egotrip,14593
3year,14594
forzabastia,14595
peuplevert,14596
assrpsg,14597
riplauriane,14598
tm,14599
foxnewsfact,14600
ruffier,14601
dataroom,14602
jesuisunefilletartiflette,14603
insanity,14604
chaudron,14605
futureheart,14606
teamarbitre,14607
liberterpourlesultra,14608
onsefollowback,14609
onsefollowsanspression,14610
teamgym,14611
tovelo,14612
va91,14613
corrermehaensenado,14614
yoelegicorrer,14615
apormimejortiempo,14616
onoublierienmaisonavance,14617
antipsg,14618
multisyllabe,14619
chill,14620
vieillefille,14621
fish,14622
lovecooking,14623
hautdebit,14624
pompignac,14625
gironde,14626
camandkiansvideo,14627
antiasse,14628
newyorkminute,14629
olsentwin,14630
simpleplan,14631
sansmerek,14632
dechirement,14633
garcon,14634
lhumourestunearme,14635
gnsdanslame,14636
teammalaudentdesagesseabreq,14637
jmoins10,14638
esse,14639
saison2,14640
team36,14641
teambbpied,14642
lu,14643
xmen,14644
travolta,14645
tweetgayfriendly,14646
genoudemerde,14647
teamacmilan,14648
philharmonie,14649
rmcive,14650
yani,14651
doudou,14652
saintepsg,14653
plusdexcuse,14654
minijackson,14655
programme,14656
calculatrice,14657
youretheworst,14658
coeurdinsta,14659
sudouestatlantique,14660
repeatafterme,14661
suismondoigt,14662
harryoff,14663
bbt,14664
espanyolvcf,14665
houellebecqface,14666
so2005,14667
nashgrieronsocialjumper,14668
chaleursexy,14669
teampasinsomniaque,14670
onsaimeetonsecaresse,14671
audreytautou,14672
chomdu,14673
pardonnemoi,14674
poste,14675
never,14676
drb,14677
radicalementvotre,14678
abdel,14679
fattah,14680
bartigerzz,14681
babtourageux,14682
fearthefrenchside,14683
hugattack,14684
teamjauneetnoir,14685
tweetcommevall,14686
aujoudhuit,14687
yako,14688
pump,14689
orangebleue,14690
apenforpari,14691
royceysanytimechallenge,14692
seeeeeeendou,14693
sniff,14694
canalisezvou,14695
golfalamaison,14696
onceuponatime,14697
mybirthday,14698
problemedemec,14699
digitalpr,14700
jaimemonnouveaudentifricepourgarcon,14701
johnnyped,14702
toystory,14703
userexperience,14704
staywithme,14705
pflegeversicherung,14706
confession,14707
robocop,14708
comeretime,14709
madonnagrammys2015,14710
unitivinceremu,14711
etaple,14712
lagouttequicouledansledo,14713
teambear,14714
teambaloo,14715
littlemixbestfans2015,14716
xfiles2015,14717
osm,14718
jesuisgenie,14719
alcoolismemagique,14720
moretveneuxlessablon,14721
actistatigram,14722
outdoor,14723
cristiano,14724
jesuisunemamie,14725
claudemutafian,14726
cilicie,14727
norvanzakarian,14728
mistresse,14729
championsleague,14730
teenbeachmovie,14731
milsa,14732
coppaitalia,14733
nouveaute,14734
wewantotratinfrance,14735
partielsdroit,14736
wewantotraininfrance,14737
stopwhitepeople2014,14738
capoteforever,14739
mardinoir,14740
killa,14741
killagang,14742
onlacherienquandmeme,14743
ilestoumonchirurgienesthetique,14744
flash,14745
oneweek,14746
jesuislevivierstmartin,14747
juliencourbet,14748
solitude,14749
fuckleshater,14750
elliottsmith,14751
rdvsolidaire,14752
mut,14753
chapellerie,14754
hat,14755
kalachnikovpourlesnul,14756
nrj,14757
kkc,14758
parlercommedugarry,14759
suicidedoreille,14760
cocolabuche,14761
eminemisking,14762
afligeant,14763
lolita,14764
kbeb8,14765
glacial,14766
jesusanswer,14767
alien,14768
kf,14769
ohlenaiiiiiin,14770
adlp,14771
peintre,14772
elleaparieeelleaperdu,14773
rueec,14774
antisemite,14775
antimusulman,14776
depute,14777
ouhlala,14778
bieberbestfans2015,14779
boyhood,14780
imagedujour,14781
impressionnante,14782
nbcchicagopd,14783
addict,14784
kitharington,14785
joyeuxanniversairecabu,14786
indreetloire,14787
soffiat12an,14788
ouestawa,14789
justicetv,14790
flashondark,14791
tiu,14792
immersive,14793
experience,14794
celsa,14795
caresse,14796
greaselightning,14797
dannyzuko,14798
prophetemohamed,14799
amani,14800
librescommeelle,14801
njwnyyn,14802
njwkrmbtlmslsl,14803
poi,14804
tropd,14805
yenavaitassez,14806
team93,14807
93squaad,14808
securiteroutiere,14809
follow4follow,14810
likeback,14811
goldupchallenge,14812
mauvaisdjo,14813
xboxlive,14814
tweetd,14815
nexu,14816
motorola,14817
lg,14818
jesuiscatholique,14819
generationautop,14820
liberezleperedesofiane,14821
artpop,14822
violin,14823
urbanbagel,14824
bagel,14825
freedaronasofiane,14826
jesuisledaronasofiane,14827
lovdyou,14828
bascan,14829
dijonenligue1,14830
pouriture,14831
vomir,14832
mamasmoakisback,14833
celinedion,14834
fernandraynaudadit,14835
teamcelibataire,14836
lifeisthelife,14837
300jour,14838
soireepepere,14839
maviecestlacremefraiche,14840
lvspring,14841
revedegosse,14842
determination,14843
jsensjevaisregretter,14844
harrypotter7partie2,14845
teampoulet,14846
overbookee,14847
antiterrorisme,14848
jesuistresgentil,14849
avantpremiere,14850
jachetecharlie,14851
rocco,14852
yournewalbum,14853
alalala,14854
crestademission,14855
handfeminin,14856
hbcc79,14857
gabi,14858
ach,14859
thebestgirl,14860
rpz,14861
labretagneestpartout,14862
pug,14863
selenator,14864
interestinglife,14865
tetedeperv,14866
staplescenter,14867
mustread,14868
bagaddevanne,14869
quaratweet,14870
amazonstudio,14871
jeparlepeu,14872
javier,14873
charlienestpasmort,14874
haiku,14875
haikuesday,14876
pasmalnonjauraisessaye,14877
jesuisvirna,14878
lamortapproche,14879
ellemefaitcoucouparlafenetre,14880
kokel,14881
puceaux,14882
juste,14883
fort,14884
breizhpower,14885
daddy,14886
paslememegame,14887
bbk,14888
janto,14889
petitevisiteavectonton,14890
positionnement,14891
mrbe,14892
crush,14893
americansexyphone,14894
rawrtl9,14895
gameboycolor,14896
noussommesfort,14897
responsabilitecivile,14898
offlineeeeeeeeeeeeeeeeeee,14899
simsaddict,14900
lenouveaucomptesnapchatdefakir,14901
dragonballsz,14902
battleofgod,14903
papimaestroestdanslaplace,14904
staystronglovely,14905
lahaine,14906
hainedujuif,14907
marredecetteentraineur,14908
unepassion,14909
rizzo,14910
dormir,14911
jadorelilianlefromager,14912
corgnet2016,14913
ouille,14914
etudiantedecuisine,14915
choixdifficile,14916
vacation2015,14917
cosmologie,14918
jordanmorri,14919
allofme,14920
johnlegend,14921
letshavefun,14922
excitedforonetheroadagaintourface,14923
rigolezsvp,14924
perfectbear,14925
carebear,14926
shareyourcare,14927
redcarpet,14928
productivite,14929
productivity,14930
sanstambour,14931
hugo,14932
jevousdemandedemenviyerdesvideospourfaurelablg,14933
tristepolemique,14934
johnlock,14935
ibra,14936
jetm,14937
zina,14938
jevousdemandedemenvoyerdesvideospourfairelablg,14939
besoinquecachange,14940
nwtn,14941
imagesdelaliberationdescamp,14942
hitchcock,14943
tre,14944
jeffreyremetnou,14945
meilleurpublicdefrance,14946
patini,14947
fidele,14948
platini,14949
riberyforever,14950
pocahonta,14951
tweetliketheoppositegender,14952
goodmemorie,14953
wave,14954
snaper,14955
spot,14956
kira,14957
zapata,14958
mp,14959
travelgram,14960
caliente,14961
paris11,14962
teamjmfr,14963
teamjm,14964
rtsinfrarouge,14965
xoxo,14966
tetedor,14967
parctetedor,14968
igerslyon,14969
ava,14970
horairedecon,14971
asseteamsimulation,14972
veuxrienlouper,14973
skrub,14974
avril2015,14975
vallspresident,14976
offpayne,14977
goodsono,14978
bas,14979
zlatanvousavioler,14980
besoindedecompresser,14981
painted,14982
renoir,14983
badnewsbarrett,14984
ictitle,14985
tweetdedinde,14986
jesuisstephanoi,14987
maischberger,14988
advice,14989
vrairegale,14990
burgerking,14991
sonsofafrica,14992
greysister,14993
s2e4,14994
hillaryfamily,14995
jesuisdouchez,14996
networking,14997
contact,14998
meetup,14999
meet,15000
douchez,15001
tropdennuie,15002
francaismoyen,15003
gravelaine,15004
teamgb,15005
yo,15006
arreteavectescarton,15007
hillaryfamilypourtoujour,15008
meilleurfilm,15009
forbe,15010
lacremefraichecestmavie,15011
pp3tv,15012
parentpoliticien,15013
succes,15014
aktorpilskandali,15015
ortadogu,15016
tarih,15017
harita,15018
schnekfamily,15019
heroine,15020
glasse,15021
parisendemi,15022
marquinho,15023
grinta,15024
demi,15025
deal,15026
theraid2,15027
marchedimanche,15028
napping,15029
saintjoseph,15030
saintsulpice,15031
petitpatapon,15032
10moi,15033
coluche,15034
googleplu,15035
23h,15036
organ,15037
basement,15038
brother,15039
teamcelibataireetfiere,15040
jsaistjrpascquecest,15041
bayalsall,15042
jaimeraisvraimenttenculeranastasia,15043
tirage,15044
francetelevision,15045
claremary,15046
guillermokuitca,15047
leshabitant,15048
inchaallah,15049
hightech,15050
businessmodel,15051
dinler,15052
les3frere,15053
nightchangesvideo,15054
nouvellesaison,15055
s05e01,15056
mwa8,15057
retourahowardend,15058
unattaquantpoursainte,15059
chingy,15060
jefaismonmetier,15061
ciretrudon,15062
lequipedusoir,15063
mesgow,15064
ytb,15065
vapelife,15066
pleasekillme,15067
deanambrose,15068
lunaticfringe,15069
coupet,15070
clip,15071
hiphop,15072
tchip,15073
trap,15074
arianegrande,15075
samaha,15076
shaka,15077
maprincesse,15078
perfecttwit,15079
gerardmulot,15080
perfecttweet,15081
teampoil,15082
luansantana,15083
tsbhwnlmthbwn,15084
january,15085
boulevard,15086
saintgermain,15087
emyconlaipsilon,15088
infrarouge,15089
kasbahdesoudaya,15090
rabat,15091
aidemoiarealisemyreve,15092
selfiehebdo,15093
3eme,15094
eyjafjallajoekull,15095
jesuisperdu,15096
directionerboy,15097
1direction,15098
fcporto,15099
tumblr,15100
sorry4thewait2,15101
valide,15102
untouchable,15103
robben,15104
sevrusrogue,15105
lamsn,15106
ls9,15107
njr11,15108
m10,15109
manewbanniere,15110
mesqueunclub,15111
socrate,15112
corinthian,15113
ouioui,15114
facup,15115
iamnigeria,15116
undefined,15117
lauraphobi,15118
iff,15119
almosthuman,15120
mayo2017,15121
opfrenchpatriotact,15122
geranium,15123
gin,15124
martini,15125
aidemoiarealisemonreve,15126
aviary,15127
enfantssyrien,15128
staderennaise,15129
lerckaperdusontifo,15130
holdmeirishboy,15131
rosewater,15132
anniecordy,15133
catapprendraaetreanticharlie,15134
notime,15135
tlsp,15136
alainbauer,15137
mf91,15138
madeesseinterieurevasecacherderrierelecanape,15139
asmfcgb,15140
tourevsraggi,15141
banner,15142
tandem,15143
secteura,15144
aidemonarealisemonreve,15145
keur,15146
clarissa,15147
ribe,15148
notification,15149
lpc2014,15150
yolol,15151
southpark,15152
happynight,15153
s5e5,15154
euthanasie,15155
economic,15156
goodhart,15157
trueblood,15158
lestroufion,15159
askaustin,15160
jeudiconfession,15161
lovedevou,15162
soyonscharlie,15163
13janvier2013,15164
ooooohyeah,15165
cherryonthecake,15166
bonnesaffaire,15167
jaivoteaymeila,15168
sheitanpower,15169
bonanniversairetomdenime,15170
thank,15171
madeindunkerque,15172
bandedecanard,15173
3words8letter,15174
questiontrestresindiscrete,15175
leggooooo,15176
pfutlive,15177
fiersdelafrance,15178
poety,15179
anw,15180
alexylarge,15181
jaimepaslesdirectionerscar,15182
hoa,15183
depuistesmalaimecommejeremstar,15184
the100followparty,15185
friendshipgoal,15186
teamndomnolo,15187
photobookschallenge,15188
tweetunpeuswagmaispastropmisterieuxsubtile,15189
pastouche,15190
pez,15191
dreamstiramisu,15192
leshomophobesdoiventsefairesoigner,15193
postbad206,15194
jviensdelecomprendre,15195
magichour,15196
institutoceanographiquede,15197
ifeellikegracekelly,15198
goodbye2014,15199
thugwife,15200
queenofrnb,15201
sf,15202
lescolocataire,15203
sansvalentin,15204
ordinarybeauty,15205
gerrard,15206
etrefan,15207
neonat,15208
bronchio,15209
prema,15210
bip,15211
futurmilliardair,15212
casimpose,15213
15ansdescene,15214
congratsonthebabyniall,15215
puppie,15216
carlin,15217
russia,15218
masde100mentira,15219
savoure,15220
merite,15221
talentpur,15222
memepasunpeu,15223
offbieber,15224
tokyoghoul,15225
princessgraceofmonaco,15226
vauxmieuxpasypenser,15227
faithinhumanityrestored,15228
ohmamma,15229
chefdoeuvre,15230
frisson,15231
leszinzinsdelespace,15232
evatraumatisemaxim,15233
jooooke,15234
mmz2014,15235
lebossu,15236
tannersnewvideo,15237
douceur,15238
ltq,15239
gracoumatatmtc,15240
fnstyle,15241
haineux,15242
menotte,15243
meurtre,15244
sam,15245
hommedemavie,15246
groupie,15247
switzerlandneedsotratdate,15248
thinspo,15249
bonespo,15250
grosfailde2015,15251
millenium,15252
stieglarsson,15253
vieilannecy,15254
mpokora,15255
stoplaguerredalgerie,15256
barrylesjambe,15257
anonuevo,15258
pokemony,15259
tropdur,15260
pasdamourquedelahaine,15261
pridelandmusicvideo,15262
prideland,15263
wwevine,15264
jimros,15265
hello2015,15266
newyearsday,15267
passionpyrenee,15268
stopadoptionpourtou,15269
teamgainage,15270
sappey,15271
jaimepasleshaterscar,15272
paradiseisland,15273
thailand,15274
leshomosdoiventsefairesoigner,15275
bestof2014eurosport,15276
pv,15277
voyager,15278
monprecieux,15279
reinedesneige,15280
elsa,15281
jackfrost,15282
bndrkhdr,15283
fm15,15284
remontada,15285
redheadchallenge,15286
montage,15287
song,15288
pogdance,15289
1d,15290
intersellar,15291
marginal2,15292
brevetdepose,15293
bolt,15294
onfaitcommeonpeut,15295
3ansapre,15296
etude,15297
cc,15298
aveccouverturetropchaud,15299
sanscouverturetropfroid,15300
joyeuxanniversaireaudrey,15301
kevdonnenousdulait,15302
zoubi,15303
hermanomayor,15304
oceane,15305
trio,15306
tes3,15307
vd,15308
entame,15309
insomniaque,15310
tespasfou,15311
winetowine,15312
moon,15313
moonlight,15314
nightsky,15315
lanocturne,15316
grossondebatard,15317
boucherieeeee,15318
offfffffff,15319
beliebersanddirectionersarethebest,15320
mimietlescomediesmusicale,15321
coisasqueeuquerofazercontigo,15322
offfffffffff,15323
silenthill,15324
nma,15325
beaugrenelle,15326
uncombed,15327
stalia,15328
bestscenesofteenwolf,15329
echohouse,15330
ep8,15331
carousel,15332
02h08,15333
offperrie,15334
teamnancy,15335
kevindurant,15336
teamsolde,15337
djelldkd,15338
pontneuf,15339
searchlight,15340
5hin2015,15341
okcvswa,15342
payemaviedemerde,15343
happyhour,15344
refreshment,15345
senspropreduterme,15346
hiiiiiiihaaa,15347
chavaddict,15348
instinct,15349
moralite,15350
combatant,15351
followmebrent,15352
saintjacque,15353
placeduchatletet,15354
queenbee,15355
familledepute,15356
chatelet,15357
sinceparty,15358
sixdobleoff,15359
bow,15360
curtaincall,15361
vrai9,15362
rpzspit,15363
wasokc,15364
sarahvomito,15365
bondelire,15366
bonwi,15367
neeson,15368
thescorchtrialsnotmazerunner2,15369
farespresident,15370
offloui,15371
ateyaba,15372
carteriskingofflopnation,15373
wedontloveyoucarter,15374
valentin,15375
pasbesoindetrehomopourdefendre,15376
jesort,15377
iihf,15378
wjc2015,15379
jeanmifamily,15380
retourdulogobi,15381
weloveyoucarter,15382
rendeznousladentderohffetprenezles1d,15383
bigcoeursurlui,15384
logobie,15385
logobi,15386
scherbak,15387
onlyone,15388
villedefocu,15389
liberezlamagie,15390
lesancien,15391
asavoir,15392
whathappensinparisstaysinpari,15393
wasvsokc,15394
jmecassecommemaiga,15395
monbb,15396
realtalk,15397
offliiiiiiiiiiiiiinnne,15398
jesuisamoureuse,15399
4h38,15400
vibe,15401
conovegasurfacebook,15402
conovagasurfacebook,15403
coniovegasurfacebook,15404
pourpechodelalatina,15405
rencontre,15406
perdredutemp,15407
teaminsomniac,15408
dgemc,15409
hella,15410
quipeutmetest,15411
oz,15412
lool,15413
lejuge,15414
moschino,15415
jeremyscott,15416
rainbowpower,15417
meadel,15418
languedeboi,15419
ubersurgepricing,15420
nuitdemerde,15421
theburdenbearer,15422
afternouvelan,15423
makina,15424
gdmrng,15425
cspmoulin,15426
comebackmaribel,15427
wdyybly,15428
iliketrain,15429
beaumalheur,15430
lameufchiante,15431
lapoisse,15432
fashionisastatement,15433
livingforlove,15434
vol,15435
whatislife,15436
gbo,15437
volnation,15438
volswin,15439
stagiaireitele,15440
joconde,15441
teamgrumpy,15442
webstar,15443
grumpycat,15444
lemeilleurdumonde,15445
casinobarrieredetoulouse,15446
duosdenfer,15447
kotechnique,15448
sportaddict,15449
muscucardio,15450
lever,15451
cevenne,15452
teamessf,15453
teamalsace,15454
replytweet,15455
stopableism2015,15456
conseilducoin,15457
la13metransporte,15458
staytuned,15459
gaypari,15460
hairy,15461
hairygay,15462
tombaydulitmerejuive,15463
teampremium,15464
tropical,15465
funana,15466
cap,15467
african,15468
yogapari,15469
dimanchealamaison,15470
raslebolmerejuive,15471
whatthefuck,15472
like,15473
f4f,15474
disneygirl,15475
baking,15476
paslaseule,15477
fuckyouverymuch,15478
partofgoetze,15479
brisbaneinternational,15480
tfe,15481
disneyprinces,15482
happynewyear2015,15483
breakfree,15484
instadaily,15485
instagramdaily,15486
somewhereoverthecloud,15487
schizophrenia,15488
der,15489
genome,15490
keurkeur,15491
nolan,15492
killmenow,15493
inneedofsun,15494
takemebackhome,15495
supersamedirugby,15496
dm,15497
luc,15498
softpower,15499
bouygue,15500
ambulancier,15501
bellicouverture,15502
cine2015,15503
francededemain,15504
completementfou,15505
madeingre,15506
professionreglementee,15507
pharmaciensencolere,15508
2o15,15509
lumo,15510
allezaurevoir,15511
langogne,15512
langonha,15513
injustice,15514
educationtoutaulongdelavie,15515
kotz,15516
takemetoheavenmusicvideo,15517
lesvraissauron,15518
simplificationmodernisation,15519
teamhancheflex,15520
teambeatmaker,15521
teamfollobwack,15522
protein,15523
whitagram,15524
bf,15525
italian,15526
student,15527
mamac,15528
beberom,15529
tgv8484,15530
chezinterilsontlesangchaud,15531
ouiiiii,15532
siiiiii,15533
modem,15534
shoesofzeday,15535
duculducul,15536
bacchu,15537
desprogestunousmanque,15538
lesfonctionnairessont,15539
triathlon,15540
berge,15541
legiondhonneur,15542
justedormir,15543
mecquirepondalabourre,15544
bateau,15545
lifelonglearning,15546
ouijai15an,15547
tcl,15548
af447,15549
teamzonec,15550
aha,15551
degaineiphone,15552
poldi,15553
jardinmarechaljuin,15554
wsop,15555
mv,15556
mew,15557
obelisque,15558
durex,15559
theatrenationaldenice,15560
betterthandesperatehousewive,15561
teamtrixx,15562
teamrochelle,15563
teamayanna,15564
teamstud,15565
haiamadridynadama,15566
pumped,15567
desbarre,15568
cestdrole,15569
teamusl,15570
johnwest,15571
flowerclub,15572
chicserfollowspree,15573
teambasket,15574
derelictio,15575
zenithdepari,15576
basketballislife,15577
musiquepreferee,15578
christinagrimmie,15579
arbitre,15580
saturer,15581
saudia,15582
samsoul,15583
handsome,15584
checkpoint,15585
xd,15586
onrigolebien,15587
proudofme,15588
blackinkstory,15589
flesselle,15590
gaga,15591
tf1tf1ontencule,15592
rdvtroplong,15593
bobigny,15594
afbetg,15595
bodytime,15596
sportsmotivation,15597
frenchguy,15598
franglai,15599
lumia,15600
commedesgamin,15601
passannuel,15602
afghanistan,15603
mistero,15604
nef,15605
poutine,15606
milady,15607
asda,15608
tesco,15609
moulinscity,15610
twilightweekend,15611
tice,15612
champions2015,15613
concertation,15614
rcz,15615
telegraph,15616
cubicgel,15617
bayrou,15618
princesse,15619
11h57,15620
patrimoine,15621
bambounou,15622
bobetg,15623
msk,15624
unreal,15625
liarliar,15626
2015istheyearofjustinbieber,15627
2015isthebeliebersyear,15628
enviedechialer,15629
3ansd,15630
cherbourgpari,15631
2minutesdarret,15632
bandedesalope,15633
fermervosjambe,15634
mewdealow,15635
billy,15636
groot,15637
onedirectionbestdrama,15638
vue,15639
groskiffe,15640
dbzoci,15641
fetepaatentionopapierpin,15642
godisgood,15643
conduiteaccompagnee,15644
psychologie,15645
jesuisunamiencarton,15646
lemondeestpetit,15647
pesto,15648
larry,15649
jcest,15650
nikkel,15651
toutseul,15652
biensurquecestvrai,15653
zeromotivation,15654
31decembre,15655
aime,15656
meuf,15657
cieletbleu,15658
allerracing,15659
nissamerda,15660
summerpact,15661
positivehealthylife,15662
leshomosnecontaminezpasnosenfant,15663
leshomostouchespasnotrefamille,15664
usc,15665
jesuisunelarve,15666
reussite,15667
stevengerrard,15668
teampasaffute,15669
12coupsdemidi,15670
cabab,15671
champollion,15672
duberceauaulinceuil,15673
135miff,15674
acheteplutotdescurly,15675
toursfc,15676
misrata,15677
lemondeplusgrosquemesyeux,15678
prodeschaussette,15679
wearehereforyouperrie,15680
congratsonbeingadadharry,15681
teamlicata,15682
muscular,15683
ripschdupuy,15684
perrie,15685
thelastsong,15686
acbrotherhood,15687
ridsa,15688
fcncf,15689
majorite,15690
coasr,15691
missfrance,15692
onveutencoredesvacance,15693
tourparis13,15694
tempsd,15695
jeanlucreichmann,15696
tf6,15697
paindepice,15698
bananabread,15699
gourmand,15700
krug,15701
closdumesnil1998,15702
sacremaguy,15703
utd,15704
dublin,15705
deuxmoisdeguerre,15706
encore1ansdereflexion,15707
reconnaissante,15708
puisselesortvousetesfavorable,15709
comebacktonice,15710
citizenscience,15711
mickael,15712
maplusbellehistoiredamour,15713
encorentraindemanger,15714
teamhannamontana,15715
najwakaram3alsakhra,15716
leselfcontrolecestquand,15717
bosdal,15718
vafcogcn,15719
step2,15720
parisbercy,15721
ic5970,15722
daysoff,15723
lamethode,15724
sigh,15725
procrastination,15726
brive,15727
hometown,15728
homesweethome,15729
simplicite,15730
tropdamour,15731
kevfaittournertonsplif,15732
mywife,15733
interwine,15734
pirateattitude,15735
focu,15736
ricciotti,15737
cub,15738
killmebefore,15739
jacuzzi,15740
sauna,15741
hammam,15742
leet,15743
jayz,15744
hashgram,15745
bestgalettelyon,15746
mercotte,15747
abdelkarim,15748
cyrilligna,15749
bestgaletteclermontfd,15750
ouryear,15751
moije,15752
dodoplein,15753
tweetoff,15754
resolution,15755
shadyxv,15756
startedfromscratch,15757
allezchamoi,15758
footballplaisir,15759
gomhr,15760
mely,15761
sancerre,15762
jeuxolympique,15763
mrmrshangaifanparty,15764
salletemp,15765
carterfuckedup,15766
misere,15767
lareinedesneige,15768
nuitblanche,15769
nuitnoire,15770
december20141stwin,15771
segolene,15772
oncommencetoutdoux,15773
lavengeancedesvacance,15774
vvt,15775
signature,15776
watib,15777
mandelieulanapoule,15778
parisrain,15779
babaladde,15780
teamchicha,15781
osprey,15782
antibiotic,15783
communitymanager,15784
plague,15785
visiteztoulouse,15786
soin,15787
harrysdickistallandslick,15788
harryyourdickishot,15789
jenecomprendsstrictementrien,15790
findevou,15791
cauchemarencuisine,15792
jeposecala,15793
teambrazza,15794
insep,15795
metsbabadansunechanson,15796
tbbt,15797
coupdecoeur,15798
balanciaga,15799
saucony,15800
superstar,15801
future,15802
fight,15803
marocaine,15804
algerienne,15805
equipedechoc,15806
anturloupe,15807
coupmontee,15808
gold,15809
dolcegabbana,15810
tweetsexy,15811
butt,15812
asspic,15813
hotas,15814
teamlogobi,15815
ouibientotlareprise,15816
busaatler,15817
marocanisationdetatl,15818
marocbledna,15819
lefootballvrai,15820
tym,15821
utro,15822
rassvet,15823
gory,15824
castre,15825
chimay,15826
biere,15827
petitaperosympa,15828
femmeofmylife,15829
chiotte,15830
rm92ubb,15831
ubb,15832
pourrie,15833
leaseydoux,15834
adeleexarchopoulo,15835
philontm,15836
ft3,15837
hamoud,15838
joieextreme,15839
oliviapalermo,15840
solangeknowle,15841
sjp,15842
watch,15843
montre,15844
ilfaitchaudici,15845
iamdumb,15846
lilycollin,15847
victoriabeckham,15848
kimkardashian,15849
footmercato,15850
theuglylittlegirl,15851
indigo,15852
cheshirecat,15853
weareallmadhere,15854
iddaa,15855
saintmaur,15856
scandaaaale,15857
bientotlespartiel,15858
olivierbarthelemy,15859
amieindigne,15860
ydmwldnbwyshryf,15861
gehry,15862
provence,15863
exodusmovie,15864
retrica,15865
anna,15866
allezco,15867
ole,15868
fonctionpublique,15869
clermont,15870
gorgesdelallier,15871
drogba,15872
retenezbien,15873
lemanstour,15874
visit,15875
gethlife,15876
elvi,15877
nightingalemusicvideo,15878
onsaitpa,15879
cestdecidejemymet,15880
prod,15881
lfam,15882
nem,15883
vietnam,15884
prawn,15885
pork,15886
lfamfic,15887
clubfranciscain,15888
domtom,15889
yum,15890
harmonizersandwhitesider,15891
mesbonnesresolution,15892
biochemistry,15893
tonygaga,15894
ikauniek,15895
memoria,15896
yantayoeh,15897
pinoypride,15898
ns2015,15899
vivelhypocrisie,15900
hypocrit,15901
touslesmeme,15902
franceo,15903
fcncfr,15904
nancfr,15905
mangetasoupe,15906
tristelove,15907
fcguso,15908
fcg,15909
besoindechangementcetannee,15910
besoindechangementcetteannee,15911
sdr,15912
miltk,15913
nowatching,15914
lyonpartdieu,15915
bourgsaintmaurice,15916
missfrance2004,15917
happynewrun2015,15918
apremadminpourrie,15919
depuishierjesavaiscequet,15920
lousfp,15921
cdd,15922
dabest,15923
en2015arretezde,15924
sniffff,15925
journeeprolifique,15926
boulbi,15927
skindred,15928
ringostarr,15929
sock,15930
madeinitaly,15931
animagique,15932
waltdisneystudio,15933
lemansfc,15934
klimt,15935
bauxdeprovence,15936
carrieresdelumiere,15937
celebi,15938
ski2015,15939
backflip,15940
bigair,15941
puissancejungle,15942
grimperlavie,15943
climbfamily,15944
guessaddict,15945
fhaineparty,15946
bbrom,15947
maitreconnard,15948
narnarquin,15949
rezept,15950
feminism,15951
girlsonfire,15952
fullmoonparty,15953
kohphangan,15954
marvellousmural,15955
skull,15956
lsdmag,15957
auxantille,15958
vit,15959
teammhr,15960
aveclexv,15961
valesergehochar,15962
porto,15963
thepinkprintbundle,15964
numberfive,15965
nousdominonsgrave,15966
pourvuquecadur,15967
noussommesheureux,15968
jp,15969
redstaraca,15970
revisionnisme,15971
holliday,15972
hottie,15973
cf,15974
ly,15975
gravemeconnaissancedumetier,15976
jenevousenveuxpasvousconnaissezpa,15977
newnintendo3dsxl,15978
canyoutellwhatitisyet,15979
facdedroit,15980
rwt,15981
bapteme,15982
teamfch,15983
jesuispauvre,15984
suppsdr,15985
rsfcacaa,15986
chanelredlipstick,15987
rougeallure,15988
aurelie,15989
mixer,15990
portraitduperedelartiste,15991
cezanne,15992
rsi,15993
protectionsociale,15994
anthropologie,15995
or,15996
somanlydaeomg,15997
tuesousoleil,15998
onslaytoujoursetencore,15999
rouedebicyclette,16000
rembobinage,16001
tekken,16002
ps1,16003
letsplay,16004
retrogaming,16005
vsfighting,16006
instapicture,16007
cote,16008
azure,16009
chatel,16010
allezgrenoble,16011
atleticolevante,16012
aboutlastnight,16013
lastnightthetangosavedmylife,16014
portebouteille,16015
logobi2015cestpournou,16016
lastshoot,16017
streetshoot,16018
streetwear,16019
newplace,16020
ladefence,16021
2ndproject,16022
u11,16023
jiyong,16024
bigbang,16025
gdragon,16026
lifeboat,16027
rabbit,16028
plage,16029
couchersoleil,16030
atletico,16031
levante,16032
instanew,16033
newcouz,16034
rcm92ubb,16035
elvispresley,16036
cestpasunscoop,16037
balloondogmagenta,16038
fondationbeyeler,16039
suisse,16040
camillevoice,16041
jaime2015,16042
monanticerne,16043
gouvernement,16044
energy,16045
catonaclotheslineyellow,16046
teatime,16047
equipetypemisaison,16048
encorenoelavecconcourstvetquentycraft,16049
hangingheart,16050
p2,16051
jesuispasdaccordavectoi,16052
cherchepa,16053
histoiredesart,16054
accattone,16055
pierrotlefou,16056
godard,16057
pedropenim,16058
rugbyramafail,16059
accessibilite,16060
balloonvenusorange,16061
wang,16062
gazingball,16063
mailbox,16064
vaper,16065
farnesehercule,16066
ariadne,16067
economiste,16068
teamhomophobe,16069
uselesstweet,16070
nomnomnom,16071
rugbycloser,16072
toutoutouvousaureztoutsurromainpoite,16073
marrymejustalittle,16074
nevercomplainneverexplain,16075
usbco,16076
lesbos,16077
cheminee,16078
footballvrai,16079
soprano,16080
mercier,16081
yenaassez,16082
grizi,16083
buche,16084
fruitrouge,16085
framboise,16086
myrtille,16087
dansecommegradur,16088
hollywoo,16089
francoismitterand,16090
jail,16091
prisonnier,16092
tolard,16093
bobignyetg,16094
lesmartiniquaiontpritcher,16095
nouscommenconsbienl,16096
flippetotale,16097
jdcjcr,16098
pronosoft,16099
modecapricieux,16100
lagrandefamilledesfanzouze,16101
fuckeyvousalor,16102
hypecycle,16103
wewantamockingjaypart2francepremiere,16104
dsk,16105
jouelacommecambadeli,16106
twittapero,16107
etg,16108
tropdespoir,16109
psgarra,16110
lrsy,16111
soparisien,16112
pressing,16113
veillerentree,16114
bercy,16115
camillealexandreatelefoot,16116
jardinlecod,16117
retrospectiva2014,16118
vendredisex,16119
teamcousin,16120
espagne,16121
mierda,16122
elsurmefalta,16123
barcelonamefalta,16124
rugbyvrai,16125
redstar,16126
flare,16127
texture,16128
fabric,16129
pattern,16130
bsbgny,16131
strossburi,16132
twittoma,16133
allbymyself,16134
hautegoulaine,16135
loireatlantiqueagauche,16136
mercatohiver2015,16137
onsefollowaucalme,16138
suchasweetheart,16139
kfcsansboisson,16140
selfienation,16141
appbreeze,16142
olaf,16143
snowwhite,16144
dubsmach,16145
exclusion,16146
sarahsuco,16147
pascaldemolon,16148
copyleft,16149
baravin,16150
regimepostfete,16151
detox,16152
resolutionspour2015,16153
fasm,16154
bouquintrendytoc,16155
instantpoesie,16156
onestpret,16157
vivelesami,16158
mathildeborgiasphotography,16159
mockingjaypart1,16160
paulmccartney,16161
ardi,16162
jeconsommefrancai,16163
backpacking,16164
megenaab,16165
sekenceemotion,16166
inusable,16167
uhc,16168
ga,16169
lesyeuxplusgrosquelemonde,16170
zin,16171
5yo,16172
evalamascotte,16173
airbag,16174
k2,16175
boing747,16176
cockpit,16177
lebourget,16178
asc,16179
sodangerou,16180
rtenmasse,16181
noyaudebonheur,16182
evacpascool,16183
tschus,16184
pedagogie,16185
15countriesthadmustbevisitbythefooolist,16186
cbwesupportyoustopsmoking,16187
marsouinsouag,16188
cakepop,16189
directauto,16190
chuckbas,16191
lainkapete,16192
juventu,16193
juvroma,16194
whitegirlproblem,16195
vousnavezrienvu,16196
follebjr,16197
medylabidi,16198
faceoff,16199
50mininside,16200
saintomercroix,16201
32cdf,16202
jourderugby,16203
menteur,16204
jeposelaquestion,16205
clubmed,16206
bet2014,16207
augustalsina,16208
repriselundi,16209
evaveutuncompteminecraft,16210
50mninside,16211
lesjambon,16212
sacrerico,16213
looksatyoulikeyoucrazy,16214
neverwork,16215
tahiawael,16216
totalblackout,16217
jairi,16218
vafc,16219
ogcnice,16220
medecinssansfrontiere,16221
quiz2014,16222
labassenormandieaudessu,16223
juveroma,16224
mvpstatu,16225
problemedebreton,16226
jereve,16227
kurt4ever,16228
freddykruger,16229
nightmareonelmstreet,16230
remake,16231
horror,16232
hesitation,16233
eleveserieux,16234
partyhard,16235
hypoglouton,16236
happybirthdayjrrtolkien,16237
cayaski,16238
nirvana,16239
kurtalwaysinmyheart,16240
instablack,16241
grassematinee,16242
teamesc,16243
mdpsabatier,16244
evaadestiny,16245
gabin,16246
playmobil,16247
farfadet,16248
teamminecraft,16249
happypapawoollimday,16250
judgenjawa,16251
teammoche,16252
mdp,16253
crepe,16254
montceau,16255
depuisquejeconnaitkevadam,16256
teamusc,16257
senolmasaydin,16258
saturdaynight,16259
merrychristma,16260
northmanpower,16261
lesmaldive,16262
paradise,16263
oxford,16264
missingu,16265
santebisou,16266
arasgottalent,16267
altradstadium,16268
decision,16269
kevadam,16270
lyly,16271
aucundoute,16272
factoryandco,16273
cookie,16274
caramel,16275
calorie,16276
leperenoel,16277
stopzigzag,16278
lepower,16279
maldive,16280
charia,16281
goodfood,16282
linkupvideo1m,16283
mwhbtybhbk,16284
sportingcp,16285
groscon,16286
happyholiday,16287
foresttrail31,16288
jephotographiemoncorp,16289
twoff,16290
burncontroler,16291
apprentisauteuil,16292
diabate,16293
projetbenin2015,16294
queorl,16295
meteore,16296
scone,16297
souvenirsoubliette,16298
1autrefoid,16299
hlmy,16300
rendeznoustupacetprenezleshomo,16301
usquso,16302
bestcommentateurever,16303
hlmynshrkhbr,16304
gatineau,16305
iciottgat,16306
cafe3grace,16307
usgohome,16308
mwhbhlmy,16309
ralph,16310
tsr,16311
cafesbarsderouen,16312
tweetbackfurtif,16313
whovian,16314
vouspouvezpasteste,16315
eiffeltour,16316
bonneanneeatou,16317
hny,16318
lecastingdedivergente2enfrance,16319
onechance,16320
foliesanscesse,16321
matt,16322
krazyy,16323
seancortez,16324
zigita,16325
jakemiller,16326
teamffyaa,16327
rcacak,16328
rajamondial,16329
arabgottalent,16330
superstition,16331
pali,16332
roadtoruin,16333
vlflbc,16334
mabide,16335
instantcine,16336
chronodrive,16337
asg2014,16338
asgzenith,16339
boobavoice,16340
trigga,16341
oheoheoheoheleoleo,16342
bestthingever,16343
candy,16344
mm,16345
judganajwa,16346
law,16347
unmaillotpourjacquier,16348
hotlinemiami,16349
enjoie,16350
lundi,16351
clubdeligue1aladerive,16352
whenafirestartstoburn,16353
robinspecteurdejoinville,16354
fcim,16355
transfer,16356
forzainter,16357
beatlimoge,16358
endavantvillarreal,16359
2020experience,16360
christianleclerc,16361
champlan74,16362
teamblackops2,16363
lbytz,16364
fcbamien,16365
fcbressuire,16366
5hfanuaryday2,16367
puisselesortvousetrefavorable,16368
dedicaceamasoso,16369
england,16370
asg2015,16371
cafegourmand,16372
nemappelezplusjamaisfrance,16373
profondereflexion,16374
lesphenomene,16375
bonnet,16376
weather,16377
raining,16378
bedroom,16379
cochon,16380
dedicaceback,16381
mitterrand,16382
bousquet,16383
sorciere,16384
meinbesterfeind,16385
allstargame,16386
whittenorphee,16387
estoril,16388
nashsnewyearskit,16389
ezekiel,16390
nialldontignorethishashtag,16391
niallimage,16392
taureaux,16393
tweetyourbestlarrymoment,16394
arabsgotalent,16395
ykhrbqlkshwbylbqlk,16396
bmwi,16397
i3,16398
electric,16399
hommedumatch,16400
lmwldlnbwy,16401
frangipaneforever,16402
baccalau,16403
skillschallenge,16404
finale,16405
bmth,16406
yaboooon,16407
icebucketchallenge,16408
allezquevilly,16409
teamnormandie,16410
divergent,16411
uscniort,16412
ezgimasoeur,16413
madeinnormandie,16414
contaminationfdi,16415
concoursdemeneur,16416
echec,16417
raveoff,16418
jamarsmith,16419
othseason9,16420
capiqueoupa,16421
receveurfamilie,16422
mam,16423
fopaspoussay,16424
laul,16425
mathildafaitencoredessienne,16426
lagameavecyasuotmtc,16427
omnomnom,16428
thefaultinourstar,16429
parisnord,16430
annees2000,16431
toomuch,16432
justin,16433
entorse,16434
henriqueoliveira,16435
abstrait,16436
abstract,16437
fineart,16438
3ptsconcour,16439
hddiner,16440
brittany,16441
unevie,16442
toujourslapouramelieethugo,16443
unhommeideal,16444
weareallmanchot,16445
grossetete,16446
wjhnzry,16447
jai1voisineformidable,16448
meaculpa,16449
2015islarryyear,16450
patinoire,16451
polesud,16452
grenoblelyon,16453
bdllhc,16454
nkoudoulebontechnicien,16455
tableau,16456
starwarsepisodevii,16457
oswaldovizcarrondolecapitainedelequipedufootballclubdenantesetcapitaineembematiqueduvenezuela,16458
nuxe,16459
parfumee,16460
revedemiel,16461
origami,16462
joli,16463
bwkymwn,16464
fragilecommesatta,16465
goselecfr,16466
askaaron,16467
sarkilarlafilmler,16468
iconcert,16469
scblosc,16470
sarcasmo,16471
ikvertrek,16472
kaal,16473
lepetitbali,16474
goodlookingplace,16475
elana,16476
bisrepetita,16477
brrr,16478
allahakbar,16479
etbiiiiim,16480
paulineturk,16481
jedetestecourir,16482
teamoujda,16483
remplacant,16484
jetmqm,16485
wordcould,16486
lanuitaumusee2,16487
j4t,16488
regimezer,16489
finilesdinderie,16490
ledlt,16491
allblueeverything,16492
grosseteteenplusdetregrosse,16493
brousse,16494
lessimpson,16495
pingpong,16496
feminite,16497
aligre,16498
3arelegend,16499
bringingtheworldthemadnes,16500
possessive,16501
ryangander,16502
camtouchemaisjrestedebout,16503
moerman,16504
asg15,16505
inoussialabrigittebardotnoire,16506
ncisla,16507
nci,16508
stupidinfo,16509
auchan,16510
pluscher,16511
canele,16512
expliquezmoi,16513
sijetaispresident,16514
ultra2014,16515
ultra2015,16516
vismaviedegourmand,16517
kevreviensarouen,16518
depuisquejeconnaiscyrilhanouna,16519
hugobaby,16520
tradersocial,16521
holyhope,16522
en2015danslakpop,16523
calcio,16524
sportsdhiver,16525
thebigbos,16526
tropsubtile,16527
vert,16528
anar,16529
laboratoiretechnologie,16530
dataclasse,16531
priceles,16532
timeout,16533
lapoesie,16534
thegrundge,16535
lemarai,16536
vitrine,16537
shop,16538
line,16539
plastic,16540
lightbulb,16541
phrasesculte,16542
z,16543
odeon,16544
jaimebcpcequevousfaite,16545
phrasesculteskevadam,16546
internetexplorer,16547
twilight,16548
movienight,16549
instagame,16550
contrelemariagepourtou,16551
sassoufit,16552
onneveuxpasdumariagepourtou,16553
sneijder,16554
cuteanimal,16555
thatsmerightthere,16556
dunk,16557
commenttuersonboss2,16558
matrix,16559
dunkcontest,16560
dunkinprob,16561
denain,16562
penne,16563
typique,16564
fm2015,16565
evcilikoyunu,16566
becool,16567
kusmitea,16568
teamheath,16569
flb,16570
deprimindo,16571
reprisenatation,16572
lesenfantsdelatele,16573
revinethi,16574
glacon,16575
universite,16576
thekingburger,16577
spectre,16578
soldatrose2,16579
tv5monde,16580
prenezjeremstaretrendeznousmandela,16581
arf,16582
matsuri,16583
faceplant,16584
harlemdesir,16585
teamgroscul,16586
gourmande,16587
jpprisenflag,16588
jpselache,16589
nigeriapower,16590
chuipluskleurkeul,16591
rtsitacaptelejeudemot,16592
askbeau,16593
lapiraterie,16594
brongfriendsback,16595
stickaround,16596
teamusq,16597
cray,16598
nkm,16599
koi,16600
carpe,16601
fine,16602
nevergipeup,16603
stmoret,16604
fragmanistemiyoruz,16605
antifragman,16606
fragmansizoyaz,16607
friendsonnetflix,16608
joptimisme,16609
shoota10000,16610
ilovethisgame,16611
teamallblack,16612
abandon,16613
lacheprise,16614
palmare,16615
vieenrose,16616
thugcast78,16617
jecommence,16618
cahierpourlesenfant,16619
2chainz,16620
depuisontetrompe,16621
ontaquitter,16622
sheslikethewind,16623
cavaaller,16624
sporting,16625
ontaimekev,16626
misezvotrefemme,16627
allo15,16628
sunrise,16629
latortue,16630
momentnutella,16631
ntlm,16632
ntklm,16633
qlmy,16634
buyffifacoinspsg,16635
edlt,16636
cetetejsuisbonne,16637
hbo,16638
tunousmanquekev,16639
clan,16640
season2,16641
facetoface,16642
etcoucoutoi,16643
finvacance,16644
seneque,16645
frontrow,16646
sweetpoet,16647
cindrella,16648
guiguiclavicule,16649
katumbi,16650
diddl,16651
bolos,16652
bond,16653
jamesbond,16654
bollinger,16655
nintendite,16656
riezsvp,16657
jaipula3gpourallersurpornhub,16658
tunousmanque,16659
jakara,16660
beautedusud,16661
tqt,16662
messiresteraaubarca,16663
laisseznousmarchertranquille,16664
arivscar,16665
asglnb,16666
3pointsshootout,16667
girly,16668
foodporrn,16669
lameufpasdutoutconcentree,16670
lasalsadudemon,16671
doublepunch,16672
beso,16673
takemetoheaven,16674
dercatothegame,16675
chaisesmusicale,16676
jerigole,16677
equipedebrascasser,16678
centrale,16679
minespont,16680
ccp,16681
arthurleroumain,16682
verifysammywilk,16683
snowhall,16684
clarenceleroumain,16685
kiabi,16686
dreamcometrue,16687
dk,16688
casting,16689
parlerpourneriendire,16690
lamifadesroumain,16691
dathvader,16692
criminalmind,16693
cdp,16694
shialabeouf,16695
loganlerman,16696
clarenceleroumin,16697
teamroumain,16698
dubai,16699
lalovance,16700
jimmypresident,16701
tchiip,16702
depuissusuadelabarbe,16703
nakedontherun,16704
kevrevien,16705
piercebrosnan,16706
rtsictrist,16707
was,16708
putain,16709
ouai,16710
toutestnormal,16711
station,16712
receveurfamily,16713
allstargame2015,16714
pariscestmieuxlhiver,16715
yah,16716
elieelia,16717
worstdatein5word,16718
rockthecasbah,16719
otterbach,16720
buyfifacoinsbarca,16721
buyfifacoinsbayern,16722
jungle,16723
gcum,16724
paro,16725
ilescyclade,16726
fortboyard,16727
biglovegaspardsoitpasjalousedecetart,16728
fightclub,16729
transformer,16730
nikeairmag,16731
lesapparence,16732
niro,16733
teamavril,16734
teambelier,16735
reveillon,16736
commentfairerentrerunepersonnedanslejeubiglovemarioncherie,16737
decontracte,16738
jaiconfiance,16739
frwin,16740
adrienmvp,16741
ivernizzisniper,16742
ouattaratomar,16743
westermannbestpg,16744
bermude,16745
pduc,16746
btsmuc,16747
rapelle,16748
eurusd,16749
sgfrforyou,16750
victoria1836,16751
nocturne,16752
stanislasmerhar,16753
s05e02,16754
ong,16755
cnrj,16756
etam,16757
cabello,16758
unitymoment,16759
karimcomedyclub,16760
antimuslim,16761
goldenglobe,16762
jesuischarliepo,16763
toujoursvivant,16764
2g,16765
offidk,16766
petitepenseepournotrepaulspector,16767
perfectmoment,16768
gianpaolopazzini,16769
dejong,16770
rossoneri,16771
casciavit,16772
diavolo,16773
agedepierre,16774
iamonsale,16775
forza,16776
politic,16777
usam,16778
squadranegroni,16779
morpheemonamour,16780
reviensversmoi,16781
jolienuit,16782
incurable,16783
jmhwry,16784
dymwqrty,16785
babysittingproblem,16786
bonui,16787
loireattack,16788
teamultra4,16789
expertbidon,16790
lfp,16791
rageuse,16792
bazzifamily,16793
bretonne,16794
tomfelton,16795
teamverseau,16796
offffffffffffffffffffffffffffffffffffff,16797
colocdemeuf,16798
nintendodirect,16799
abo,16800
liberteexpression,16801
petittweetenturc,16802
sniper,16803
studygroup,16804
oversea,16805
distancemeansnoshit,16806
cestpasgagne,16807
yzontriencompri,16808
adj,16809
jesuistesson,16810
petitephraseenrebeu,16811
lislamnestpasunerace,16812
stopenfumage,16813
wellbethestar,16814
petitephraseenjaponai,16815
tumasrameneledessert,16816
quenelleaupassage,16817
petitephraseenalleman,16818
s5e6,16819
s2e6,16820
s2e5,16821
desmongole,16822
petitephraseenricain,16823
petitephraseencongolai,16824
intothewood,16825
4emediv,16826
jesperequeronaldototyestpourmoiceweek,16827
petitephraseenkaari,16828
bagaychaleur,16829
jospine,16830
test,16831
lechecul,16832
moscato,16833
larancondelagloire,16834
pitchperfect,16835
hitgirl,16836
annakendrick,16837
brittanysnow,16838
elizabethbank,16839
elmundomedaasco,16840
marredesrevision,16841
tousengrevepourlebac,16842
crialaronaldo,16843
jesuisvenezuela,16844
morbihan,16845
young,16846
instawhite,16847
nigeria2000,16848
palin,16849
rvp,16850
millionevent,16851
rachidbadourifaitsoncinema,16852
chevenement,16853
enculez,16854
wai,16855
thenormalheart,16856
timurbekmambetov,16857
jesuisraho,16858
metafiction,16859
razzie,16860
transformers4,16861
pizzahut,16862
ryangosling,16863
christianbale,16864
thebigshort,16865
healthyfoodee,16866
laurentblanc,16867
vintageyourself,16868
directorian,16869
studyabroad,16870
historique,16871
stain,16872
cherchelamerde,16873
thatjusthappened,16874
albumdanslesbacfrancai,16875
priscilla,16876
loveine,16877
arna,16878
blackcaviar,16879
duysiduy,16880
encadrement,16881
harlow,16882
desinformation,16883
cashback,16884
philip,16885
achatmalin,16886
ao,16887
bougezvert,16888
pasenviedeselever,16889
enkabrillezot,16890
wainounimarreetlesthonskafestyle,16891
trainaprendre,16892
paspuattendre,16893
flemmeintense,16894
jegere,16895
imamdedrancy,16896
jepropose,16897
tudispose,16898
svegliaperprepararmieandareascuola,16899
honeymoontour,16900
couvfred,16901
boutiklafeme,16902
wakagedeflow,16903
sapabel,16904
wooooou,16905
skuuuuur,16906
visitedemusee,16907
cma,16908
manosque,16909
3m,16910
rupture,16911
placedelanation,16912
cerclevicieux,16913
teamricky,16914
coachretreat,16915
mercredisensation,16916
2014fhd,16917
imfree,16918
jaicharlie,16919
le3en1,16920
championnet,16921
vousauriezpasunpeudegravier,16922
onscomprendpa,16923
teamtauru,16924
rapchat,16925
reoff,16926
alencon,16927
df,16928
toulouseb,16929
jan14,16930
humourcharlie,16931
enormeblague,16932
jesuisparu,16933
juvisy,16934
mandieu,16935
dessindujour,16936
schooltime,16937
8daysuntiltvd611,16938
lequipedumatin,16939
jesuismarcelin,16940
artsnumerique,16941
gopanaaaam,16942
quimperle,16943
pontdelatournelle,16944
sixoclocklot,16945
loveya,16946
dinner,16947
steak,16948
tuna,16949
tomato,16950
patty,16951
baked,16952
frenchfrie,16953
salad,16954
demotivation,16955
deskilling,16956
dondusangatou,16957
fontvieille,16958
dutreix,16959
jenaipastrouvecharlie,16960
7h45,16961
listen,16962
quadratic,16963
pasthistoric,16964
daffodil,16965
hugger,16966
mercilasncf,16967
laloose,16968
yaplusdecharlie,16969
numerohistorique,16970
patatedenfer,16971
freedomofthepres,16972
sauconyoriginal,16973
bloi,16974
jeveuxlire,16975
restonscharlie,16976
salutaire,16977
maisfautpasabuse,16978
trouvercharlie,16979
jelaieu,16980
pasdelevelaste,16981
tweetcommenani,16982
canardenchaine,16983
avocatdudiable,16984
snifff,16985
20minutesbordeaux,16986
benabar,16987
pasvupaspri,16988
lesaintgraal,16989
resurrection,16990
ouestcharlie,16991
lafranceachetecharlie,16992
elite,16993
pigeonvengeur,16994
dessu,16995
audiencesradio,16996
plusdecharlie,16997
7janvier,16998
montivillier,16999
litquigrince,17000
truie,17001
blaguedevieux,17002
payant,17003
lehaillan,17004
jouannoidf2015,17005
confrontation,17006
guerredalgerie,17007
luxleak,17008
houille,17009
molsheim,17010
3millionsdexemplaire,17011
clope,17012
vendezmoiuncharlie,17013
swachhbharatabhiyaan,17014
bonjourvou,17015
dunkerque,17016
souvenirsdemarnie,17017
ghibli,17018
libya,17019
jesuissurebay,17020
lecanardenchaine,17021
pascompri,17022
stopbokoharam,17023
soldout,17024
jaipluscharlie,17025
mtv,17026
journaux,17027
charlonnistadecue,17028
twitterfrance,17029
tweetandtoast,17030
epuise,17031
impossiblenestpascharlie,17032
sudouest,17033
onlyjoking,17034
classement,17035
d2,17036
groupea,17037
buteuse,17038
fairplay,17039
roadtod1,17040
zele,17041
imprimeur,17042
journeedappel,17043
aureliengiorgino,17044
riencomprisceuxla,17045
polaroid,17046
vernissage,17047
pola,17048
labege,17049
simututticharlie,17050
soutienacoco,17051
jesuiscohade,17052
selfiecharlie,17053
jesuisunpigeon,17054
freju,17055
ent,17056
elyco,17057
interactive,17058
memedouleur,17059
pascontente,17060
mamanalaide,17061
tafta,17062
canaux,17063
occ2015,17064
utmb,17065
hanouna,17066
jolaflemme,17067
ueve,17068
aixenprovence,17069
plusdestock,17070
lafrancereconnaissante,17071
hryh,17072
acnestudio,17073
bootsacne,17074
daumesnil,17075
brevedequeue,17076
brevedecomptoir,17077
jesuisunveau,17078
lesgoutslescouleur,17079
toussa,17080
carnetdunil,17081
steamshipsudan,17082
notfilter,17083
peanutbutter,17084
jeveuxcharlie,17085
jesuischarliecoulibaly,17086
arnaudlarher,17087
politiquematin,17088
preparacion,17089
temporada,17090
id,17091
candycrushsoda,17092
challengesanscontact,17093
rupturedestock,17094
jeveuxmoncharliehebdo,17095
jokedumatin,17096
negativity,17097
mercidenepasrevendrecharlieautarifbymalion,17098
sombremerde,17099
agglomerationdelaval,17100
promclassic,17101
portnawak,17102
enricomarcia,17103
commute,17104
heaven,17105
sia50anstutespasfaitaffichepardesconstasratetavie,17106
euro2016,17107
hatedelelire,17108
mondanite,17109
lepargneestcharlie,17110
reprint,17111
fannyj,17112
legraal,17113
lacherprise,17114
faitescequevousvoulee,17115
faitescequevousvoulez,17116
14jan,17117
epernay,17118
pissefroid,17119
onidk,17120
yonamarre,17121
nonauterrorisme,17122
unsaeducation,17123
jetenculetherese,17124
buzz2fou,17125
lkgbt,17126
gaystapo,17127
pizzasprint,17128
vivementlewe,17129
ventimochablanc,17130
ligne6,17131
durdetreaimepardescon,17132
jesuisunedamepipi,17133
pissechaud,17134
tweetcommevizca,17135
loscfcn,17136
jaipascharlie,17137
jaipasd,17138
jesuisunvilainpetitcanard,17139
freedieudo,17140
brand,17141
reaction,17142
proaction,17143
passionpari,17144
enviedemeurtre,17145
jesuisbebey,17146
gurria,17147
ligne2,17148
enculer,17149
pathetique,17150
tapioca,17151
banane,17152
sorbet,17153
persil,17154
fca,17155
nicenord,17156
frenchtechpari,17157
jeveuxmaplace,17158
fcnvsol,17159
dayz,17160
myproteine,17161
naturaleza,17162
nevando,17163
sac,17164
master1,17165
septembre2015,17166
tache,17167
sevran,17168
sia2015,17169
marlonteixeira,17170
lpb,17171
badbusines,17172
sueur,17173
emulation,17174
aqpa,17175
talentcache,17176
ausopenqualie,17177
jaipasmoncharlie,17178
etjenveupabandedefisdepute,17179
bnunsaeducation,17180
aftenposten,17181
ap,17182
transparence,17183
fiscale,17184
bigkis,17185
onresteattentif,17186
jaipastrouvecharlie,17187
onaplusdecharlie,17188
tascharlietoi,17189
ilestoucharlie,17190
jevendsmoncharlie,17191
luchon,17192
meschouchou,17193
applisutile,17194
ticedkrt,17195
humourdecale,17196
surmaroute,17197
mercredi,17198
trottinette,17199
teambarney,17200
sportsco,17201
gerygainsbourg,17202
cherchezcharlie,17203
etmaintenantonavance,17204
charliemania,17205
fierdemonpay,17206
levert,17207
sister,17208
wednesday,17209
fr3,17210
a321neo,17211
peineimmense,17212
artzetmetier,17213
jelouvredoncjesui,17214
agentcarter,17215
vivecharliecoulibaly,17216
suspect,17217
dd,17218
skatefree,17219
tchecktruffe,17220
faire,17221
liberezdieudonne,17222
jesuisbeyoncecoulibaly,17223
consciencepastranquille,17224
charliehebdi,17225
allemand,17226
charliemustgoon,17227
eu2015lv,17228
prioritete,17229
betise,17230
rendezlargentauxcreateur,17231
showmustgoon,17232
rurounikenshin,17233
stupiditedesfrancai,17234
citeunbeauprenom,17235
retardsncfencoreettoujour,17236
flemmingiteaigue,17237
fascination,17238
14janvier,17239
revente,17240
meteopourrie,17241
onlybjork,17242
biblealecole,17243
geoffroyguichard,17244
sosexy,17245
volinsky,17246
asmeag,17247
lesfillescomprendron,17248
long,17249
beteimmonde,17250
travailler,17251
boire,17252
impgt,17253
hypocrisie,17254
louis14,17255
stylisteculinaire,17256
annesophielhomme,17257
repasduroi,17258
nuitsso2015,17259
pourriedelinterieur,17260
journalismaftercharlie,17261
nivea,17262
douche,17263
thetheoryofeverything,17264
coucou,17265
weddinginvitation,17266
daniellestone,17267
benjishine,17268
liberedieudo,17269
soutiendieudo,17270
michelkichka,17271
alidilem,17272
recovery,17273
structure18,17274
womencrushwednesday,17275
runway,17276
fautpastoucheraujuif,17277
jesuisjuifetjecontroledonclafrance,17278
bonenfant,17279
shattered,17280
destinationfinale,17281
bienfaitgrosconnard,17282
come,17283
tropiquefm,17284
dessinspourlapaix,17285
branleur,17286
francophonie,17287
miguelangelmunozaimelafrance,17288
cambronne,17289
jeresteraischarlie,17290
cleaning,17291
omforever,17292
grosnaze,17293
piercingaddict,17294
vampire,17295
lialcitysantander,17296
zenithstrasbourg,17297
snifsnif,17298
bienpirequecharlie,17299
massacretouslesjour,17300
clarinsfr,17301
detoxdelight,17302
lesrp,17303
prendsmoipouruncon,17304
teampainauchocolat,17305
vousallezfinirparvousaimerlesunslesautresbordeldemerde,17306
dwdd,17307
psad,17308
homecare,17309
jesuisdetective,17310
follower,17311
vaginquicoule,17312
vedrine,17313
digitalcampu,17314
tweetcommeunantigoallinetechnology,17315
mup,17316
cg83,17317
lanfranchi,17318
var,17319
marmawade,17320
hellotwelcome,17321
edamame,17322
bellebrochettedencule,17323
bestserieever,17324
nintendodirecteu,17325
jesuisdecu,17326
girlygame,17327
celebstatu,17328
drewestate,17329
ozgurbasin,17330
tartedujour,17331
tartecitronmeringuee,17332
speculo,17333
unibastion,17334
lesjoiesdutaf,17335
vassali,17336
unige,17337
iknowthatface,17338
anepasfaire,17339
chirac,17340
onsefollowsansraison,17341
levrat,17342
csi,17343
simplypari,17344
cestmonpari,17345
parispromenade,17346
montbrison,17347
freedieudonne,17348
mylittlebox,17349
droitshumain,17350
cedh,17351
jesuispapa,17352
tassimo,17353
creationoriginale,17354
sectionzero,17355
oulesdeux,17356
tyrol,17357
catholique,17358
epc2015,17359
jesuisreac,17360
vivelapresselibre,17361
walkingontramopline,17362
lefferubi,17363
leleffe,17364
orgasme,17365
nidaa,17366
michel35ansinfortmatitien,17367
ouijerevien,17368
accuse,17369
teamffyaau19,17370
rouiller,17371
fmrsoutiencharlie,17372
filipetti,17373
jesuischretien,17374
teaml3,17375
louispassioncorrecteurautomatique,17376
barrigue,17377
vigousse,17378
desclaque,17379
toujoursladerniereaucourant,17380
sciencespo,17381
familly,17382
protect,17383
ziegler,17384
raciste,17385
syndromegrossecochonne,17386
faubourgsaintdeni,17387
rainy,17388
rerd,17389
usbkey,17390
8final,17391
ecw,17392
onlybeenawakethreehour,17393
connarddebay,17394
art261bi,17395
jesuisbete,17396
cerveaudroit,17397
numero1178,17398
truetomyoldjob,17399
ruetschi,17400
2k14,17401
ecoute,17402
poney,17403
boutondor,17404
cassoulet,17405
coco,17406
ilfautboufferceslyonnaise,17407
jesuislecteur,17408
jesuispatient,17409
idon,17410
malinverni,17411
lightgraffiti,17412
cabaye,17413
hasparren,17414
mythologie,17415
dieudo,17416
filiation,17417
luciadahlab,17418
jesuismiaou,17419
pornotchintchin,17420
carlosommaruga,17421
bongo,17422
netanyahou,17423
saletederap,17424
takeaway,17425
sopi,17426
colorful,17427
teamcagoledebourgogne,17428
globalpost,17429
israelsurprotege,17430
fiche,17431
esclave,17432
whooper,17433
rosny2,17434
bonap,17435
jesuisnigeriane,17436
wtfamerica,17437
loscasm,17438
sarkonabot,17439
teammarion,17440
waltdisney,17441
gaule,17442
patriotactsuisse,17443
myshit,17444
lavieaubureau,17445
eddysicelaestsonvrainom,17446
porret,17447
vivalamuerte,17448
depravee,17449
grenouillepirate,17450
newspaper,17451
cadre,17452
jamaisoublier,17453
brittinbj,17454
pasmotiveeeeee,17455
absolumentfansmpokora,17456
roulade,17457
ilovebordeaux,17458
tribunedegeneve,17459
jo,17460
academicwriting,17461
louna,17462
favorite,17463
taca,17464
murano,17465
historia,17466
cherchezl,17467
jesaisfaire,17468
chef,17469
paris17,17470
rua,17471
libertedexpressionaskip,17472
tinto1884,17473
dtypeplate,17474
louxor,17475
lunionnational,17476
jsuisdeg,17477
vbn,17478
voyageauboutdelanuit,17479
peuimporteoutuespartislemieucestquetuyreste,17480
lacriziomic,17481
deuxpoidsdeuxmesure,17482
mytdfteam,17483
freakshow,17484
jvtousvousrhragall,17485
ceu,17486
fotografia,17487
is,17488
franchise,17489
lecid,17490
laracroft,17491
squareenix,17492
hobbie,17493
connaissance,17494
voixcasse,17495
ivrogne,17496
charlieunige,17497
crimescoloniaux,17498
camilletweet,17499
ellefaitcacamou,17500
hedicho,17501
radiographie,17502
djihadisme,17503
mainecoon,17504
devenircharlie,17505
soireejesuischarlie,17506
rtsicesttriste,17507
histoiregeo,17508
mspmontel,17509
phraseincomprehensible,17510
que,17511
horrocruxe,17512
pertederepere,17513
ibet,17514
quinetenteriennarien,17515
lmpgqly,17516
lypgqlm,17517
mercisherlock,17518
nouveaumot,17519
gap,17520
davos2015,17521
clocharde,17522
tousavelo,17523
currentelliot,17524
feelthepiece,17525
onsefolowlemercredisanspression,17526
saone,17527
officesdetourisme,17528
cgj,17529
roclincourt,17530
vscobest,17531
bullshit,17532
boring,17533
society,17534
kik,17535
nausee,17536
infocom,17537
vivelesmilitairesfrancai,17538
sacrelui,17539
apologie,17540
donneur,17541
organe,17542
actecitoyen,17543
brownie,17544
antisemitime,17545
valentinvalentin,17546
ozgurbasinsusturulamaz,17547
labellevilloise,17548
mmg,17549
pasdebol,17550
tgi,17551
transitionenergetique,17552
phedre,17553
rurounikenshinkyotoinferno,17554
egalitedessexe,17555
issypari,17556
nla,17557
institutdumondearabe,17558
lefire,17559
ue2015lv,17560
kodjia,17561
nousommestouscharlie,17562
presidenceftv,17563
mefaitunpeuchierautaff,17564
marnelavallee,17565
valdeurope,17566
valleevillage,17567
fille,17568
pushingdaisie,17569
christopheadam,17570
miaaaam,17571
jamiejohnson,17572
cnnafrica,17573
moschea,17574
worldchampionship,17575
quandtonperetappel,17576
endlessocean,17577
coursquipartenderive,17578
rsad,17579
noschersvoisin,17580
boot,17581
enorme,17582
ellemagazine,17583
ellefrance,17584
cooooool,17585
discount,17586
new3d,17587
ambassador,17588
why,17589
coool,17590
lesprof,17591
estrosi,17592
mufti,17593
uneblaguepourcharlie,17594
jesuiscumhuriyet,17595
seasonspasscod,17596
xavierdolan,17597
centremondialdelapaix,17598
election2015,17599
dkhproduction,17600
focushub,17601
cdg2,17602
cestbeau,17603
jesuislesvictime,17604
jesuislapaix,17605
ney,17606
burnout,17607
enviedevoyage,17608
mybed,17609
cameinclutch,17610
cart,17611
koreanmovie,17612
vivestrasbourg,17613
energybox,17614
hub,17615
terminal2e,17616
lusurjeuneafrique,17617
rooftop,17618
mannequine,17619
bonnasse,17620
ccho,17621
nelson,17622
hindiakonatatakot,17623
affaire,17624
m5sugar,17625
terreurapari,17626
poleemploi,17627
jesuischomeur,17628
etpendantcetempsla,17629
kany,17630
vousavezuneheure,17631
voeuxarmee,17632
complexe,17633
ily,17634
tweetcommeungrosfizdepute,17635
conformismebeat,17636
donghaesign,17637
jesuisdanslamerde,17638
gateaudesroi,17639
loko,17640
streetartist,17641
afiyetolsun,17642
onsefollowlemercredisanspression,17643
welovekev,17644
linstead,17645
libereedelivree,17646
nopanic,17647
sonsonetpierrickdanslaplace,17648
valentino,17649
cqoicbordel,17650
vmagazine,17651
basque,17652
mercredienjupe,17653
mercreduenleggingetugg,17654
odiandoalamojona,17655
asmag,17656
uso,17657
fondue,17658
savoyard,17659
lesportugaissavent,17660
lesportugaiscomprendront,17661
kendjitour2015,17662
kendjifamily,17663
congra,17664
savatte,17665
fil,17666
boxefrancaise,17667
competiton,17668
thebestsoon,17669
ilike,17670
magiceverywhere,17671
fist,17672
bestiesblog73,17673
selin,17674
izzy,17675
woopgang,17676
datnaponpoint,17677
wortheveryminute,17678
pleasureable,17679
shoah,17680
themagicalworld,17681
classedetaree,17682
veilleur,17683
rfm,17684
coupfranc,17685
viedequipier,17686
conso,17687
croissance,17688
feeeu,17689
nosfaussesnotescontraire,17690
loureed,17691
fooocoverdonttellem,17692
galettesdesroi,17693
jeblogue,17694
jebloque1an,17695
tugcekazaz,17696
mysticalmachinegun,17697
beat,17698
studio,17699
bony,17700
manchestercity,17701
fetedugraphisme,17702
threesixty,17703
thetaricoh,17704
grenoblebeach,17705
bestshoot,17706
terrain,17707
coupdegueuledujour,17708
roomwithaview,17709
leschti,17710
closeup,17711
cuir,17712
luxe,17713
wolfhall,17714
tvshowswatchlist,17715
serie,17716
girlspower,17717
effect,17718
nabillabenattia,17719
ritopl,17720
misterygift,17721
micra,17722
workworkwork,17723
108roisdemon,17724
psm,17725
saxo,17726
2emedemarque,17727
camsdmspree,17728
changementdechaine,17729
bleueetfiere,17730
frangipanefever,17731
brulure,17732
pain,17733
gel,17734
cityofangel,17735
triadalert,17736
safrane,17737
cohade,17738
boardwalkempire,17739
capute,17740
ayem,17741
bakayoko,17742
asmar,17743
catastrophe,17744
ntm,17745
myfourtrackonrepeat,17746
shanna,17747
thibault,17748
chti,17749
whiplashmovie,17750
humanright,17751
stopracisme,17752
diam,17753
freegaza,17754
absinthebar,17755
plusrien,17756
bann,17757
brunette,17758
sneakersaddict,17759
commediraitmaxime,17760
marchepourdieudonne,17761
telperetelfil,17762
louder,17763
missu,17764
jepasselepermib,17765
jemerenseigne,17766
ellesereconnaitra,17767
humanrightsdefender,17768
bref,17769
wizardsspur,17770
nihatkazanhan,17771
live5so,17772
specialcherlloydnrjhit,17773
jesuisundercover,17774
cumhuriyet,17775
specialecherlloydnrjhit,17776
lamentable,17777
livetvproblem,17778
chp,17779
mossadpartout,17780
ogcn,17781
letsgo,17782
entrainement,17783
dirilisertugrul,17784
beklenenkahraman,17785
ulkemdecharliehebdodagitilamaz,17786
placestanisla,17787
igersnancy,17788
lesange,17789
wap,17790
larmesauxyeux,17791
bling,17792
washiwasha,17793
jesuisslumdogmillionaire,17794
straightmen,17795
nautique,17796
plaisance,17797
coup2poing,17798
terrainvraimentmerdique,17799
celibaterredelastreet,17800
nsfw,17801
grindr,17802
givemeginplease,17803
gklive,17804
vivementmar,17805
monchichi,17806
theweighproject,17807
con,17808
jebesoinappart,17809
saturation,17810
jesuisinsolente,17811
vendu,17812
expres,17813
escajso,17814
stupid,17815
siendonina,17816
havingfun,17817
arque,17818
blouson,17819
berbatov,17820
nashaddict,17821
cameronaddict,17822
boondocksaint,17823
travelingtitan,17824
alliancechenin,17825
dilemmenourriture,17826
fermelabordel,17827
seriou,17828
proudofmyself,17829
studie,17830
fermeslabordel,17831
journey,17832
kikoulol,17833
xptdr,17834
teamzmirov,17835
valider,17836
porter,17837
organic,17838
peanut,17839
toimemetuconnaislesconsequence,17840
cassesociale,17841
chandelier,17842
cara,17843
lebefore,17844
cestmoiquiledi,17845
ete,17846
cestnullhiver,17847
14mars2015,17848
lowerthebp,17849
nissannsx,17850
manupetit,17851
petitepenserpourarthur,17852
aosta,17853
poeteyslam,17854
2personne,17855
tchoko,17856
emploifictif,17857
lezlesombreconnard,17858
cleansheet,17859
xvdefrance,17860
wearebaiona,17861
onzejanvierdeuxmillequinze,17862
huitmillepersonne,17863
tascriecommecristiano,17864
sasso,17865
braga,17866
redbull,17867
quotidien,17868
peinedindignitenationale,17869
blaguedephotographe,17870
hermano,17871
journeebenie,17872
dior,17873
povertyawarenessmonth,17874
rainville,17875
mh4u,17876
veritegenerale,17877
debeinguerie,17878
fluffy,17879
caparena4,17880
kapla,17881
teambebey,17882
teamlesmeilleure,17883
teamlesbos,17884
teamlesplusintelligente,17885
teamlesplussoudee,17886
teamonestdesvraiesamie,17887
teamjevousaime,17888
citeunfilmquitamarque,17889
mambatraptape,17890
thermalisme,17891
citeunnompourri,17892
vivelabretagne,17893
saudiarabia,17894
tusaisquetuhabite,17895
liberezdk,17896
cdoalliance,17897
chucky,17898
parisclimat2015,17899
noviolence,17900
pdla,17901
chogal,17902
throwbackthursday,17903
repartie,17904
gamer,17905
78tupeuxpastest,17906
nrjc,17907
lemillion,17908
wxcs2015,17909
forcesoutien,17910
externalharddrive,17911
razer,17912
mouse,17913
greenneon,17914
ripmickael,17915
glad,17916
periodismolibre,17917
dlf69,17918
deboutlafrance,17919
smsolupyagmali,17920
betc,17921
blaguenul,17922
respuestaoportuna,17923
elclima,17924
paralelo23,17925
workoutwednesday,17926
abap,17927
guessthenameof1dsnextalbum,17928
allezfcnante,17929
bougetoncul,17930
phoenix,17931
blackheart,17932
battista,17933
ondiraitunoiseau,17934
effetbrushing,17935
jadorelesmacaron,17936
mespote,17937
lescheveuxmouillesvontprendredeuxheuresasecher,17938
jesuisabdelalimemoun,17939
lafaim,17940
avenger,17941
conassedusoirbonsoir,17942
zidane,17943
chalobah,17944
triaud,17945
sagnol,17946
gillot,17947
lesmeufsnesontjamaiscontente,17948
tutesfaittejcommecristiano,17949
ltdt14,17950
loveyoudedingue,17951
pikacul,17952
rotterdam,17953
fontenay,17954
scot,17955
tokiohotel,17956
58toureiffel,17957
teamdidier,17958
lesvraoscomprendront,17959
royalepoilade,17960
carnaval2015,17961
capcom,17962
gorille,17963
kingkong,17964
accumulation,17965
modernite,17966
maj,17967
hoponsebougeleboule,17968
theonlythingthat,17969
cotelumineux,17970
jumor,17971
revolutioninvisible,17972
ladroe,17973
quadrilha,17974
jesuismortderire,17975
thesmellofu,17976
antisemitism,17977
fact,17978
classicshit2,17979
jesuisunestar,17980
astier,17981
espacechaudeau,17982
aleseum,17983
emotionalsupport,17984
overeatersannoymou,17985
liga,17986
teamluciou,17987
remifraisse,17988
webjournal,17989
artathome,17990
vladimirsamokhine,17991
russianart,17992
whylordwhy,17993
littlefingerout,17994
putaindenezbouche,17995
tsipra,17996
saarlandischerweg,17997
ikksudwest,17998
somethingsgottagive,17999
skateboard,18000
wallart,18001
customboard,18002
mrjeremyfish,18003
momomom,18004
coquille,18005
inherplace,18006
eyeoncanada,18007
kingsman,18008
lesguignole,18009
lesguignol,18010
changementdestyle,18011
contreproductif,18012
juniortv,18013
cpresse,18014
spartacu,18015
boulez,18016
daryldixon,18017
classicshit,18018
ugg,18019
jesuismohammed,18020
larryclark,18021
pasti,18022
georgesbrassen,18023
mpstp,18024
imaxgot,18025
ltt,18026
vu,18027
icewatch,18028
euwakeup,18029
saarland,18030
lothringen,18031
rheinland,18032
lrj,18033
jesuisnoa,18034
ripbonnie,18035
asalozere,18036
paradiehebdo,18037
teamet,18038
stresse,18039
sciarra,18040
instatime,18041
iphonesia,18042
crianca,18043
achetezle,18044
queltalent,18045
buvettegastrotheque,18046
morsaypresident,18047
hontealafrance,18048
landerfinanzausgleich,18049
gesundheitsfond,18050
homie,18051
bouffay,18052
sodwee,18053
sneakeraddict,18054
sneakerlover,18055
futurriche,18056
excitedforlittlemix2014,18057
proudofyoucarter,18058
2kforcarter,18059
quandonveutfairesonprofonreflechit,18060
onmaaplaudi,18061
jesuiscyraniste,18062
whitelie,18063
paradoxal,18064
aucuneffet,18065
woozygang,18066
betullabest,18067
maisouestdonccharlie,18068
eqda,18069
guylagache,18070
citeuneallemande,18071
canalpplu,18072
sav,18073
5wordstoruinadate,18074
cherchezlerreur,18075
massaggio,18076
correre,18077
puntidivista,18078
daydreamer,18079
attentat4,18080
generationnel,18081
dsidelannee2015,18082
designnum,18083
chutesansfin,18084
clermontfd,18085
teamsara,18086
bellissimo,18087
wonderful,18088
merveilleux,18089
lindissimo,18090
viedemetissee,18091
laic,18092
climbingfamily,18093
p26,18094
gardeacheval,18095
protectionpoliciere,18096
articlescandaleux,18097
paniquetotale,18098
noussommesnigerian,18099
esf,18100
jeskiecharlie,18101
easyyyyy,18102
metsbabadansuneemission,18103
alienation,18104
carbsovereverything,18105
francemeetcpd,18106
quandtinversedesmotsdansunephrase,18107
pierra,18108
limitedesreseau,18109
galeriebaudoinlebon,18110
rptime,18111
joelpeterwitkin,18112
cazy1k,18113
lanaparilla,18114
allah,18115
antwort,18116
avosordre5,18117
valtech,18118
anotherconormaynardcover,18119
retourne,18120
aceattorney5,18121
theworldsport,18122
yuyuauxpresidentielles2017,18123
suchashame,18124
rienaajouter,18125
enfantsterrible,18126
esmod,18127
jpg,18128
arnaud,18129
quedlapeufra,18130
mydream,18131
merdealor,18132
cocabuard,18133
client,18134
dut,18135
diplome,18136
antilille,18137
jesuislecerf,18138
enquetedactualite,18139
bienbon,18140
tresenleger,18141
icanshoutatyou,18142
pesv2,18143
opendata,18144
gameboy,18145
arcad,18146
chicagopolicedepartment,18147
justinanswerourdmsorwellpostnudesonshot,18148
biscotte,18149
fanboy4ever,18150
gillouday,18151
bonannivgillou,18152
theworldrightnow,18153
insupportable,18154
deterrr,18155
cacher,18156
jesuisathee,18157
jesuisnigeria,18158
scd,18159
teamp2,18160
corchia,18161
ancienmanceau,18162
svp,18163
troptard,18164
mackysall,18165
mindthegap,18166
loscnante,18167
cpd,18168
etxeita,18169
villagedescreateur,18170
laboite,18171
canari,18172
jauneetvert,18173
decoufle,18174
onewomanshow,18175
speedygonzale,18176
lb,18177
2pm,18178
lacouronne,18179
bellarke,18180
askcody,18181
belhadj,18182
vee,18183
coleredestitan,18184
bed,18185
shalomsalam,18186
timeofmylife,18187
riplatasse,18188
ilivethere,18189
markzuckerberg,18190
r10,18191
ineedbebar,18192
trainlikeanangel,18193
eatlikeapig,18194
mkconfession,18195
monamour,18196
thebestshow,18197
brouetteducoeur,18198
restauducoeur,18199
seumaumax,18200
responsabilite,18201
part3,18202
wcw,18203
crossfitminime,18204
crossfithostiliu,18205
inchallah,18206
tipe,18207
sonyhack,18208
ue24,18209
ue211,18210
teamavenger,18211
vendredilefilmnoob,18212
yoga,18213
passionverte,18214
effetstreisand,18215
partieldeboxe,18216
starmalgrelui,18217
lapetitesirene,18218
deplacement,18219
copine,18220
goodday,18221
cauetsurnrj,18222
jesuislarepublique,18223
extremedroitecomplexee,18224
jezappe,18225
commissiondenquete,18226
jaipasdecopain,18227
baba,18228
lajoconde,18229
quick,18230
bonanniversairegillou,18231
lameufquipensequalatunetsai,18232
fridayrorschach,18233
cdnpoli,18234
assj,18235
pattesacul,18236
japan,18237
mercimayumi,18238
glosek,18239
ger,18240
gascogne,18241
citron,18242
onnaleswagg,18243
instafriend,18244
rapido,18245
teamdax,18246
chantalgoya,18247
hbd,18248
blazeblue,18249
enormefragile,18250
beaufunjourbeauftoujour,18251
amestardammusicfestival,18252
newshoe,18253
team1999,18254
halime,18255
alachicha,18256
jattkarima,18257
snappez,18258
holocaust,18259
askjenselter,18260
extremegauche,18261
vivelesimmigre,18262
benialinperincekigonderin,18263
goto,18264
playlistsession,18265
ppkb,18266
piano,18267
talk2partner,18268
accoustictour,18269
onestperdue,18270
trouvezlescharlot,18271
faudraitsavoir,18272
controlent,18273
recensement,18274
jessie,18275
manquedemotivation,18276
espoirdunnantesmonaco,18277
teamcdb,18278
quinasdeouro,18279
hatedistance,18280
sophiabush,18281
jepleur,18282
sugar,18283
chiante,18284
determinee,18285
risetattoomagazine,18286
80zetrei,18287
towerblock,18288
rowingmachine,18289
crosstraining,18290
seullesvraixcomprendront,18291
laminutechieur,18292
d8tv,18293
freecandou,18294
championsmonfrere,18295
semaineparfaite,18296
fromcanadatokorea,18297
ouestlajustice,18298
teteenlair,18299
realmadridvsatl,18300
coeursurvouslesmeuf,18301
drahonrash,18302
sessionsamy,18303
panamezer,18304
harrypotteretleprincedesangmele,18305
beurck,18306
magiiiiiiic,18307
ilovemuhammad,18308
emissionanimee,18309
oliviermine,18310
ouiouiouiouioui,18311
francewantsshawn,18312
nonauxviolencesfaitesauxfemme,18313
batard,18314
workedhard,18315
45minuteslong,18316
brocode,18317
brolonisation,18318
valmeinier,18319
grossefesse,18320
poignetenmousse,18321
guinnessrecord,18322
rabahpassionpoesie,18323
smallville,18324
nicolekidman,18325
jamesfranco,18326
wernerherzog,18327
glsn,18328
touchrugby,18329
sk,18330
bitchplease,18331
rayura,18332
lunetta,18333
lesmorue,18334
coiffure,18335
kebetu,18336
finpartiel,18337
youngainouz,18338
ovo,18339
zdf,18340
auslandsjournal,18341
allezboufal,18342
nadine,18343
vousmemanquez,18344
marredeplusvousvoirstouslesjour,18345
neplussavoirderiver,18346
6moissansfairedemath,18347
pourmadefense,18348
colombuscofee,18349
jesuisstmg,18350
columbuscafe,18351
colombuscafe,18352
parlersansconjugaison,18353
dsi,18354
tiphaine,18355
crossfitgirl,18356
argent,18357
mariequantier,18358
placement,18359
saarbrucken,18360
stadtmitte,18361
derneuesportshop,18362
sportshop,18363
babyloncircu,18364
goodnightbadworldimsosicksobyeguy,18365
jmgleclezio,18366
bandedetroudballe,18367
nostradamu,18368
silverage,18369
parolesdedelegueedeclasse,18370
dignite,18371
danitykane,18372
thirstyfan,18373
jeffreyremetsmoimanuque,18374
newyearsresolution,18375
innuendo,18376
plateforme,18377
financialmarket,18378
niquelessolde,18379
brown,18380
gcn,18381
minceuuux,18382
jemesenscharliecoulibaly,18383
lamagiedesturc,18384
twitto,18385
votezwendy,18386
afidaturner,18387
primetimefut,18388
sophiedavant,18389
selfieforseb,18390
coeurdetatie,18391
bringit,18392
soulsister,18393
votezpouroim,18394
deshabillerglisser,18395
sdv,18396
edinhour,18397
dreamsdocometrue,18398
mustbemagic,18399
adoirrite,18400
mentalitedemerde,18401
loveuse,18402
encoreunefoi,18403
piratebay,18404
goudenschoen,18405
soulierdor,18406
turamisu,18407
bukkakeparty,18408
nouvellebanniere,18409
haziza,18410
uste,18411
noncepaolini,18412
irenabriganti,18413
leslypassionalaindelon,18414
leslypassionparledelleala3emepersonnedusingulier,18415
0fffff,18416
disgestif,18417
connardtime,18418
dutrout,18419
simesparentssavaient,18420
rollingsaone,18421
moroccanholiday,18422
elisabethbadinter,18423
arghhh,18424
soireemouvementee,18425
vivementdemain,18426
bisejtm,18427
mac4ever,18428
macg,18429
limonade,18430
lrg,18431
tirageausort,18432
commeunouragan,18433
unsoiralatoureiffel,18434
loscpsg,18435
lamilfa,18436
tiragecdl,18437
asmscb,18438
demifinale,18439
louispassionlatina,18440
maamsoff,18441
manosolo,18442
inflatable,18443
abonnement,18444
bing,18445
noscharlie,18446
gerardaraud,18447
toiaussiabusesdelasituation,18448
pastranquille,18449
boulotmetrododo,18450
quartiercriminel,18451
epinal,18452
professionsreglementee,18453
ruben,18454
boulbibeach,18455
bicycle,18456
carletrick,18457
queerasfolk,18458
mercipourcefourire,18459
yetw,18460
uncrisourd,18461
tuviensdunordsi,18462
jbe,18463
rugby15,18464
handballplayer,18465
tousfansdehand,18466
duck,18467
visee,18468
handballeuse,18469
seirin,18470
nestle,18471
launebelge,18472
abahabah,18473
teampolska,18474
devil,18475
fountain,18476
palaisdefontainebleau,18477
hashtagueule,18478
noonecare,18479
fdb,18480
cinquantesnuancesdegrey,18481
incertain,18482
starf,18483
faussemuslim,18484
vlastelinkolet,18485
goodbyelyon,18486
rrrrrr,18487
joeluncruste,18488
plaisirsimple,18489
putti,18490
ouvaton,18491
bracage,18492
whydoilikethissmell,18493
paranoia,18494
franckbrinsolaro,18495
rtp,18496
offlineforsleep,18497
honteaussi,18498
symbiose,18499
st2,18500
gabisatidur,18501
sensdelhistoire,18502
cesoiroujamai,18503
tg2,18504
jesuislucide,18505
assoulinepower,18506
lesblaguesassouline,18507
ploermel,18508
jesuisfieredeletre,18509
niquilatue,18510
dimancheliberteegalitefraternite,18511
folloback,18512
follobackforfolloback,18513
forte,18514
vousallezvousmordrelesdoigt,18515
anti,18516
advancedwarfare,18517
charliejesui,18518
lapoulga,18519
aaronsnewvideo,18520
eponyme,18521
teamt,18522
imcharlie,18523
plusbelleavenue,18524
darknight,18525
laprovence,18526
pqr,18527
givemeasign,18528
esperet,18529
novecento,18530
dussolier,18531
theatredurondpoint,18532
gwendallebabtou,18533
manifgaza,18534
orphanblack,18535
selfieparty,18536
jesuisbabtou,18537
fautpasmeprendrepourunpigeon,18538
asiaairline,18539
foenkino,18540
sharliebdo,18541
baladeentrelestombe,18542
loveyouboo,18543
autocongratulation,18544
mrjeudemot,18545
noisette,18546
blackkentsurskyrock,18547
g1box,18548
jepensedoncjesuischarlie,18549
barbaraviensramasser,18550
grandfilm,18551
libertaddeexpresion,18552
somuchjosh,18553
bh,18554
alquaida,18555
diamsplusfortquetout,18556
khalifa,18557
chut,18558
badtime,18559
breffon,18560
yeuxbleu,18561
trql,18562
enquetespeciale,18563
gaspillagealimentaire,18564
hypermarche,18565
risible,18566
froiddansledo,18567
fbb,18568
enquetetresspeciale,18569
offshai,18570
stopislam,18571
lechantdespartisant,18572
instakhlo,18573
mine,18574
berkutaurhumblanc,18575
berkut,18576
name,18577
stopimmigrationnow,18578
2015istheyearofjamiedornan,18579
ogfuntime,18580
galere,18581
pbdemoche,18582
mobility,18583
amedite,18584
p290413,18585
proudoffrance,18586
classicjokefriday,18587
shereenyehiaarmy,18588
theking,18589
cherifkouachi,18590
ogandfelixgodisco,18591
fooofamily,18592
b2l,18593
spray,18594
fredoomisbiggerthanbarbarism,18595
salledebain,18596
privilegi,18597
compassion,18598
trodrolelejeudemo,18599
madeindum,18600
iloveangleterre,18601
mickaeljacquesont,18602
mickaeljacqueson,18603
lemoche,18604
lemignon,18605
lesavoirestunearme,18606
brits2015,18607
inchallahjaidesrt,18608
historiquementprouve,18609
allahuakbar,18610
creuve,18611
yelle,18612
saintsaturnin,18613
charliesangel,18614
austincomebackinfrance,18615
restezfort,18616
thosetext,18617
vieuxcouple,18618
ballet,18619
orchestre,18620
mix,18621
yeah,18622
skarfonevoice,18623
nightlife,18624
jeunesseaveuglee,18625
montargi,18626
heping,18627
cestpasgrave,18628
anyway,18629
ended,18630
filmdusoir,18631
bonconseil,18632
cinq,18633
vtc,18634
chauffeur,18635
back,18636
yeuxquipiquent,18637
adimanche,18638
islamisation,18639
sombreavenir,18640
motte,18641
pasteur,18642
denfert,18643
aurevoir,18644
cousteau,18645
wizbull,18646
johnwall,18647
sanandre,18648
landschaft,18649
mafranceamoi,18650
donne,18651
onsenjaille,18652
empirefox,18653
teamkinshasa,18654
florence,18655
esgm,18656
inestouchepasameschausson,18657
wetter,18658
elon,18659
gnight,18660
setlock,18661
sherlockischarlie,18662
redif,18663
pierre,18664
sharedalovin,18665
juancole,18666
homard,18667
wiggle,18668
memoirecourte,18669
faccioafter,18670
dora,18671
nopasaran,18672
boumeddiene,18673
playwithmyhair,18674
rubmyback,18675
singtome,18676
lpimageshistoire,18677
ut2j,18678
jesuisathe,18679
sailorsaturn,18680
kdoublea,18681
potenciel,18682
emu,18683
n2,18684
pornicbasket,18685
dangerzone,18686
vigipirateattentat,18687
koffivoice,18688
phaseur,18689
lavalbaby,18690
raph,18691
sarah,18692
arretezdemeregarder,18693
tmym,18694
wzrlkhrjy,18695
wzrltlymlly,18696
natureisspeaking,18697
amourdemoi,18698
legionhonneur,18699
racism,18700
twitte,18701
0nycroit,18702
sitoiaussi,18703
jesuisafricain,18704
buzz,18705
finducauchemar,18706
enviedevomir,18707
joyeuxanniveesaireshanna,18708
joyeuxanniversaireshanna,18709
cestmalife,18710
desolelesgar,18711
onemillioncopie,18712
courrierpicard,18713
kiffelapolice,18714
putin,18715
respectpourmoliere,18716
nouba,18717
jesuisjuriste,18718
alba,18719
buongiorno,18720
jaidecharlie,18721
pastouch,18722
propityprivate,18723
arle,18724
state,18725
asie,18726
etranger,18727
choice,18728
decalee,18729
ide,18730
theworldischarlie,18731
nay,18732
sansmechancete,18733
mightpukeontheplane,18734
alibababepraised,18735
escem,18736
tourspoitier,18737
ogcnfcl,18738
antiogcn,18739
counterterroristswin,18740
cs,18741
csgo,18742
zamzam,18743
assad,18744
syrien,18745
marine,18746
nonaucharabia,18747
hapines,18748
branca,18749
justiceforrainbow,18750
teamsamedi,18751
resister,18752
subir,18753
sm1,18754
musulmane,18755
elliptigo,18756
fhmsolution,18757
ladameennoir,18758
jeneraleraipluscontrelapolice,18759
feudalism,18760
clauseanalysi,18761
graduateunemployment,18762
neet,18763
womeninblack,18764
pointrevision,18765
onvote,18766
choquer,18767
notredamedelorette,18768
macedoine,18769
pmi,18770
charliescripting,18771
charliemapping,18772
charliedd,18773
teviene,18774
mireillemathieu,18775
parisencolere,18776
anglet,18777
lou,18778
clementineautain,18779
niallandshaunparisadventure,18780
toutesttristefautbienessayerderire,18781
americain,18782
monpsymeparle,18783
deniere,18784
jesuisjessica,18785
siteau,18786
anonghost,18787
cascad,18788
citybreak,18789
onchoisitpa,18790
polynesie,18791
assainissement,18792
dechet,18793
salmanrushdie,18794
finkie,18795
duhamel,18796
franceculture,18797
jesuisunetrehumain,18798
replique,18799
machansonpreferee,18800
prisealavisitederungisfleurhier,18801
cantonale,18802
bonjooooooooouuuuuuuuuuuur,18803
patriotisme,18804
joyeixanniversaireshanna,18805
kurde,18806
paris1,18807
jesuismanif,18808
jesuiscolere,18809
valdereuil,18810
1an2moi,18811
sabado,18812
ate,18813
enesperantquisepasserarien,18814
siilsepassequelquechosejeveuxquegadcyriletlaurentsoisamonenterrement,18815
mdrr,18816
reflechissez,18817
nonauxamalgame,18818
amnesty,18819
king,18820
kingdom,18821
akozdon,18822
gardeinpelheur,18823
cousinade2015,18824
sct,18825
cpbbreq,18826
ezpeletan,18827
baterako,18828
espelette,18829
batera,18830
enfinunebonnenouvelle,18831
lorenzo,18832
abdennourbidar,18833
pqn,18834
mohamed,18835
defendrelaepublique,18836
alma,18837
dstdusamedimatin,18838
routiersscout,18839
scoutisme,18840
jesuisyohav,18841
lejourd,18842
tucoutespascherensoiree,18843
loveisagame,18844
wakeupcall,18845
vosge,18846
schwarzy,18847
stoptoutcourt,18848
fancy,18849
bathroom,18850
maximalism,18851
throne,18852
goodnes,18853
lavachenoire,18854
domotique,18855
excellencefrancaise,18856
afairetourner,18857
businessangel,18858
vc,18859
4bluelegend,18860
adje,18861
jesuisagnostique,18862
najialali,18863
steampunk,18864
clock,18865
timepiece,18866
16emedecoupeatlantique,18867
blitz,18868
poetic,18869
spain,18870
kaiserfranck,18871
nantesestcharlie,18872
supinternet,18873
butteschaumont,18874
schiltigheim,18875
villedeschiltigheim,18876
jesuischouaki,18877
judaisme,18878
jesuisamour,18879
rajoydegage,18880
sdrasse,18881
onnnnnnn,18882
deathnote,18883
jesuismaelig,18884
lesmillseuromed,18885
10juillet2014,18886
ikea,18887
alinea,18888
kerry,18889
effectivementilaprischer,18890
rambert,18891
fruit,18892
mesptitsvert,18893
gourette,18894
npycup,18895
niort,18896
oralblanc,18897
vismaviedansletrain,18898
jepensepa,18899
renewhaven,18900
mossoul,18901
nombriliste,18902
narcissique,18903
ffxiv,18904
myloirevalley,18905
valdeloire,18906
economiesolidaire,18907
fr,18908
tropmal,18909
reflechir,18910
allinom,18911
notbeafraid,18912
conduire,18913
nepaslocculter,18914
expositionuniverselle,18915
niceestcharlie,18916
kendjigirac,18917
7j,18918
monperecehero,18919
desarroi,18920
booom,18921
briselaglace,18922
topniveau,18923
royan,18924
chaponnay,18925
conforama,18926
day3,18927
jesuisuneautrucheetjassume,18928
ja,18929
uia,18930
elasticheart,18931
jegardelesourire,18932
lesmill,18933
morgane,18934
mysister,18935
nightchange,18936
esitc,18937
adamfamily,18938
newbanner,18939
horizon,18940
nikeforever,18941
grandesgueulesdusport,18942
quincampoix,18943
csrracing,18944
legacy,18945
spirit,18946
pasaunomdemonprophete,18947
charlieauvergne,18948
exploring,18949
snlb,18950
feather,18951
ink,18952
bonanniversaireshanna,18953
bienvenueachille,18954
chaopari,18955
puydufou,18956
borntomove,18957
londonnye15,18958
feudartifice,18959
lavoixca,18960
goodmorningworld,18961
jeffreyremetsnousdesglacon,18962
bekaa,18963
meilleuredesrencontre,18964
jonbonjovi,18965
trouveunecoloc,18966
kalash,18967
tomorrowistheday,18968
noweekendforthisweek,18969
aupabaiona,18970
uv,18971
aslongasyouloveme,18972
cuneo,18973
citeuniversitaire,18974
lesmillscinema,18975
partagez,18976
coulommier,18977
tousuniscontreleterrorisme,18978
arbitrage,18979
rajapaksa,18980
lanka,18981
apprendrealire,18982
verifierinfo,18983
dukeofyork,18984
swis,18985
princeandrew,18986
ana,18987
lutte,18988
prevention,18989
raslebol,18990
milkofthegod,18991
january18,18992
airdrop,18993
postbadterroriste,18994
teamgroboulet,18995
orleansestcharlie,18996
mahomerde,18997
mobilisationgenerale,18998
aviron,18999
rowing,19000
grandlarge,19001
meilleurbail,19002
hipsterforever,19003
caenestcharlie,19004
snd,19005
francaisreuni,19006
teamashr,19007
thatisaparadox,19008
fusilladeptedevincenne,19009
rider,19010
lemia,19011
bible,19012
endoctrinement,19013
creationnisme,19014
discourshollande,19015
richardlenoir,19016
stif,19017
syrian,19018
syrielibre,19019
assadcriminel,19020
bijoux,19021
mamer,19022
jesuislapresse,19023
jesuisunpaysdebout,19024
rienqueca,19025
gilberte,19026
jsuispascharlie,19027
auray,19028
galaxys5,19029
bodystep,19030
savealsace,19031
wesh,19032
ptdr,19033
59millionbelieber,19034
asterix,19035
pontcharra38530,19036
babtoufragile,19037
mae,19038
thaly,19039
marmotte,19040
letuspray,19041
journalism,19042
booty,19043
rpm,19044
parly2,19045
montdemarsan,19046
delhiwithmodi,19047
dece,19048
zombie,19049
mypeople,19050
ak49,19051
justsayin,19052
anselelgort,19053
amberrose,19054
wizkhalifa,19055
grec,19056
directvall,19057
porridge,19058
mercinosforcesdelordre,19059
tristemonde,19060
exclusdelasociete,19061
apoal,19062
kurdistan,19063
gauffre,19064
dharnamaster,19065
allezmehb,19066
sayhi,19067
crushmode,19068
nannulezpaslamarchedu11janvier,19069
aaaahpigeon,19070
meenervalanotredame,19071
nikeairforce1airnes,19072
shisha,19073
ouialamarchedu11janvier,19074
paspeur,19075
notre,19076
endroit,19077
pue,19078
brun,19079
rtsictri,19080
mtvaward,19081
asphalt8,19082
globalmobilisation,19083
parlecommeunfootix,19084
feelinglikebagda,19085
moijesuischarlie,19086
voeuxevry,19087
grandsupermarchecologique,19088
traitsnoir,19089
elena,19090
danaan,19091
shineeridigdong,19092
conseilgeneral,19093
paslogiq,19094
blooshopbynabillabenattia,19095
evacuation,19096
franceischarlie,19097
choisistarecuperation,19098
makeupartist,19099
nailart,19100
spacex,19101
falcon9,19102
dragon,19103
dharna,19104
jesuisunebombe,19105
optimiste,19106
amidala,19107
voirure,19108
ninadobrev,19109
drm,19110
mural,19111
classici,19112
bassani,19113
playstationtv,19114
salefdp,19115
creveenenfer,19116
disneyfamily,19117
pg,19118
tigibeadhead,19119
tigi,19120
hairdresser,19121
sisterforlife,19122
utopia,19123
dublinfilm,19124
apog,19125
presente,19126
portfolio,19127
tranche,19128
xiii,19129
collage,19130
officeblock,19131
crechebavaroise,19132
guerlain,19133
cqfd,19134
wemust,19135
oysho,19136
lovedaschund,19137
debbouze,19138
armitiere,19139
lebaldescon,19140
hardlife,19141
orangeexpert,19142
orangeweb2,19143
damsphotography,19144
orangedigitaltour,19145
relationpresse,19146
sexismeordinaire,19147
fooovideobuzzkil,19148
dubinc,19149
winnie,19150
awardwinner,19151
besanconestcharlie,19152
onprogresse,19153
apoil,19154
supportivewife,19155
keepingitreal,19156
psgbordeaux,19157
salon,19158
mrj,19159
he,19160
chien,19161
hubble,19162
mylittleenergybox,19163
mylittlepari,19164
sourceproche,19165
jesysgirl,19166
ledezappingdubefore,19167
nqnt2,19168
tendezloreille,19169
ouvrezgrandlesyeux,19170
riennadesen,19171
rayan,19172
theproject,19173
lusiklub,19174
legiondhonneurpourlilianlepere,19175
pariscestchaud,19176
note4,19177
celia,19178
loeva,19179
zazou,19180
saintgauden,19181
orban,19182
lalove,19183
u13,19184
reveniralasource,19185
shay,19186
loscsmc,19187
disneyvoluntear,19188
grosseputehayat,19189
sauce,19190
ocm,19191
bonanniversaire,19192
felizcumpleano,19193
charlirhebdo,19194
ripalexandre,19195
dimanchelafranceestcharlie,19196
lapriorite,19197
memorialdecaen,19198
ifeelgood,19199
ps34,19200
yvresrocher,19201
fitfam,19202
gym,19203
happyb,19204
joyeuxnoel,19205
marqueavenue,19206
etrange,19207
boulognebillancourt,19208
emmanuellelaine,19209
fondationricard,19210
ncismadeintwitter,19211
2014enchanson,19212
aqap,19213
jesuislesforcesdelordre,19214
karsher,19215
impuissancepolitique,19216
mediter,19217
madeinalsace,19218
sign,19219
jaimeoglo,19220
jesuistrouillard,19221
dubble,19222
oncer,19223
dtc,19224
pauestcharlie,19225
niortai,19226
cologne,19227
perfumecapital,19228
jedemenage,19229
sophiedementhon,19230
abjecte,19231
sciez,19232
mortpourdesdessin,19233
ferrari,19234
vehicle,19235
coolride,19236
powercar,19237
driving,19238
gkv,19239
krankenkassen,19240
noussommesuni,19241
hommageatouteslesvictime,19242
humanneverchange,19243
effetpap,19244
jesuisunhypercasher,19245
sunderland,19246
gored,19247
sunliv,19248
youneverwalkalone,19249
lamarzocco,19250
francescorosi,19251
hamradio,19252
hamr,19253
boulversant,19254
ht,19255
philippemeirieu,19256
maurepa,19257
noussommeslesforcesdelordre,19258
allezpunchline,19259
saledi,19260
chaussetteshaute,19261
walkasone,19262
justedeshero,19263
auchaud,19264
jeseraila,19265
cathedral,19266
arthistory,19267
ajamaisdansnoscoeur,19268
mediapartlive,19269
forman,19270
jacknicholson,19271
laulau,19272
sympaxxx,19273
mysurpriseoftheday,19274
anotherdayinpari,19275
restonsmesured,19276
soshphone,19277
rouedelafortune,19278
restonsmesure,19279
13h15,19280
wishmewell,19281
korben,19282
jewsandmuslimsrefusetobeennemie,19283
zeinastorm,19284
zeina,19285
zyn,19286
lsfzyn,19287
lbnn,19288
decertops4,19289
needpu,19290
fred,19291
segpa,19292
rouenestcharlie,19293
ilssontfouscesamericain,19294
chezmaudsansmaud,19295
leur,19296
saucissonpinard,19297
potatochip,19298
pringle,19299
telleestlaquestion,19300
underarmour,19301
liertedexpression,19302
pastagang,19303
panne,19304
jesuisshizzle,19305
joyeuxaniversaireshanna,19306
imissyou,19307
7janvier2015,19308
asseetg,19309
pourcombien,19310
cucula,19311
savetheplanet,19312
fyi,19313
thionville,19314
grandcorpsmaladeestcharlie,19315
paper,19316
master,19317
junglejuice,19318
riptrayvonmartin,19319
turtlebeach,19320
rayane,19321
santatellmemusicvideo,19322
marion,19323
instalunch,19324
instaresto,19325
agoraphobe,19326
jesuisquandmemecharlie,19327
cestpascharlie,19328
pasdepaniquepourrien,19329
lmtlive,19330
jesuischarliepotter,19331
daxestcharlie,19332
bigfernand,19333
sistabesta,19334
gouteranniv,19335
eva11an,19336
conceptart,19337
bo2,19338
ballista,19339
jesuiselue,19340
southampton,19341
benimutluetmeyeyeter,19342
disneyinfinity,19343
jesuisfranquin,19344
baiona,19345
itw,19346
cequejesui,19347
ton,19348
francestrong,19349
pharellwilliam,19350
agen,19351
lerugbyestcharlie,19352
rctrm,19353
jassumepa,19354
parcequecharlie,19355
sen,19356
71lefilm,19357
worldischarlie,19358
meshumeurstan,19359
lepennestpascharlie,19360
legday,19361
jaifaim,19362
soldestime,19363
tousalamarchedu11janvier,19364
charliehalfpenny,19365
kevinekomansurlemag,19366
poissonrouge,19367
salamaleycoum,19368
fcsmfcsm,19369
marchesolidaire,19370
fcmfcsm,19371
erralle,19372
kevinekomasurlemag,19373
bvbarmy,19374
laduree,19375
ilsfontles2,19376
melange,19377
ndoki,19378
doesntgetsweeter,19379
sheisamazing,19380
affnnico,19381
lenferenattendbeaucoup,19382
reveillezvou,19383
afriquemalade,19384
apprendsafairedeshashtag,19385
burgerqueen,19386
engongolalirentreaugabo,19387
thewebstermiami,19388
thewebster,19389
roadtozenzen,19390
jesuiscapitaliste,19391
engongolalirentreaugabon,19392
jesuislanguedeuxpute,19393
viite,19394
continuez,19395
jesuisamine,19396
aubena,19397
jesuislenouveaucroise,19398
winamaxpokertour,19399
hollywoodgirl,19400
papi,19401
navy,19402
stellamccartney,19403
ppl,19404
jenesuisplusseilementcharlie,19405
moltbe,19406
translation,19407
robusta,19408
rcde,19409
confesser,19410
paixetamour,19411
martinfkde,19412
lf2,19413
bangkok,19414
asia,19415
tk1824,19416
bloemen,19417
planten,19418
mikelucazz,19419
chevillylarue,19420
bayonneestcharlie,19421
curieuse,19422
marchetoulouse,19423
4x11,19424
interview,19425
bcbg,19426
palaisgarnier,19427
joiedupermis0,19428
lerctestcharlie,19429
lerm92estcharlie,19430
letsride,19431
iamnotcharlie,19432
carolinadeoliveira,19433
schifferstadt,19434
sousx,19435
sixtine,19436
aupair,19437
georgezimmerman,19438
koshermarket,19439
shabbatshalom,19440
problemesdefreresetsoeur,19441
photoshoot,19442
unpredictable,19443
zidanepersident,19444
jesuiszidane,19445
ripmari,19446
cougar,19447
tonga,19448
jesuisvincenne,19449
jesuisbaqa,19450
officer,19451
lpds2,19452
disneystore,19453
tourist,19454
ellenapasvu,19455
lovelock,19456
rateauenmodecharlie,19457
tarekaupureclub,19458
maliberte,19459
kid,19460
question,19461
teamfuturexgro,19462
graffe,19463
rojbin,19464
francaisavantpreparationnaire,19465
lebanon,19466
tsop,19467
jaymaxoise,19468
ndg,19469
prepaec,19470
neuillysurseine,19471
fondationlouisvuitton,19472
jardindacclimatation,19473
lourde,19474
microclimatalabu,19475
saufquelquescharlot,19476
ps2,19477
traditionpapale,19478
lesboutsdshow,19479
eiusocharlie,19480
comptearebour,19481
delivreamine,19482
caninsagolsun,19483
sab,19484
vernouillet,19485
ubbfcg,19486
frontback,19487
chenew,19488
wildboy,19489
rmaesp,19490
jourdelhanw,19491
noussommesliberte,19492
agenestcharlie,19493
savethelivingroom,19494
koreanspirit,19495
mandoobar,19496
ravioliscoreen,19497
mandu,19498
8e,19499
tropdefragileici,19500
stopauxfilmsdeguerre,19501
palaisnikaia,19502
teamrayitsa,19503
bollywood,19504
associe,19505
bein2,19506
hallamadrid,19507
jesuisfilip,19508
bululu,19509
otratour,19510
nosennemissontlesarabe,19511
ecricome,19512
cheuveuxauvent,19513
jeanmarcgenereux,19514
shakeitoff,19515
colombie,19516
jesuisalex,19517
wearenotafraid,19518
rmvsespanyol,19519
estac,19520
teamestac,19521
salondeprovence,19522
tousunie,19523
vousverrez,19524
mondecruel,19525
devantchezmoi,19526
colonelfabien,19527
winning,19528
ilestaussicharlie,19529
suicidaire,19530
nousfrancai,19531
onveutpasdemarinedemain,19532
enattendantpari,19533
kidding,19534
ondefilepourcharlie,19535
khokkei,19536
filmology,19537
conseilsenserie,19538
dirtyvibe,19539
jesuischarliehebdo,19540
quelcoupfranc,19541
baignade,19542
sozackidrama,19543
florange,19544
arcelormittal,19545
toomuchtimeinfrontofmyscreen,19546
cafaitchaudaucoeur,19547
gregoryporter,19548
very,19549
perfectweather,19550
adelboden,19551
laundryisfiveeuro,19552
notaboutthatlife,19553
salondepce,19554
opinion,19555
mauvaispressentiment,19556
beauvaisestcharlie,19557
merabet,19558
jeveuxvoirlucashood,19559
camargue,19560
bougrab,19561
feedthepigeon,19562
lake,19563
picnic,19564
rueilestcharlie,19565
jesuispatapon,19566
naked2,19567
nude,19568
marchesilencieuse,19569
bastiapsg,19570
qtsd,19571
jesuischarlue,19572
intothewild,19573
allerpari,19574
barcode,19575
cfa2,19576
promclassic2015,19577
damiensaez,19578
ilyatonsourire,19579
lovesong,19580
minute,19581
silence,19582
intence,19583
uniqlo,19584
stade,19585
furiani,19586
anxieux,19587
comedieodeon,19588
saintmartin,19589
patousbalade,19590
bellearnaque,19591
glorioso,19592
slbenfica,19593
mauleon,19594
chuplukleurkeul,19595
aylnay,19596
cinemagaumontpate,19597
jsuispasraciste,19598
communion,19599
eusebiosempre,19600
sessionausec,19601
plaid,19602
tele,19603
choco,19604
marcelo,19605
manara,19606
evagate,19607
jesuiscassoulet,19608
nimesestcharlie,19609
lgdfennec,19610
aravi,19611
foule,19612
winking,19613
evilqueen,19614
depravation,19615
maximeo,19616
atpextra,19617
crossculturalissue,19618
alphabet974,19619
lareunion,19620
ragecomic974,19621
tilloye,19622
ndt,19623
teamjf,19624
quoi,19625
moissac,19626
sheisalive,19627
tuvoitlerouleaubasjsuisaubout,19628
callmebob,19629
horsdufoot,19630
journee,19631
guizi,19632
happyseunghoonday,19633
getwellsoonseunghoon,19634
timelapse,19635
firstday,19636
isola2000,19637
jenechangeraispasetjevousemmerde,19638
comeonbabyletsgoparty,19639
soireesfille,19640
jeromejarreshow,19641
franckii,19642
pdp,19643
jesuishumaniste,19644
jesuislaic,19645
beaucaire,19646
jomaa,19647
jesuismadrid,19648
lenovo,19649
arbeloaesdeoro,19650
constatation,19651
stasr,19652
moiaussijesaisfairelestweetsvise,19653
strategy,19654
humouralacharlie,19655
kwayri,19656
defacto,19657
baspsg,19658
sodatime,19659
retrouver,19660
axel,19661
xtrembordeline,19662
cavaetreouf,19663
reunion,19664
punch,19665
gdf,19666
defontenay,19667
genevieve,19668
bhv,19669
iciicicestmontpellier,19670
onsefollowlesamedisanspression,19671
lhzlwd,19672
sohigh,19673
ndx,19674
jefond,19675
kalashnikov,19676
molotov,19677
tokarev,19678
florenceaubena,19679
congocapvert,19680
ocsmax,19681
boudebouz,19682
dayfive,19683
vdelavictoire,19684
vienne38,19685
epide,19686
boycotter,19687
antifacho,19688
jesuispasunmouton,19689
aiacciu,19690
mokoberendslargent,19691
soireedevieux,19692
schlagdenraab,19693
vallet,19694
chasethesunset,19695
instatravel,19696
2moissanstaterleballon,19697
onesta,19698
placeroyale,19699
cestmoilecrayonikea,19700
jesuislahkdar,19701
jesuiscoda,19702
framac,19703
twitterverifyphil,19704
jesuisyohancohen,19705
jesuisyoavhattab,19706
jesuisfrancoismichelsaada,19707
jesuisphilipebraham,19708
championnatdefrancedecyclocross2015,19709
esonossoreieusebio,19710
lesherosneportentpasforcementunecape,19711
dad,19712
anelka,19713
oolala,19714
sound,19715
jenesuispasalessandrini,19716
tousanime,19717
sebastienbezy,19718
jesuisveratti,19719
calvi,19720
lesbodin,19721
amoramoramor,19722
ragdoll,19723
favoritecat,19724
kevadamsestgay,19725
teamlyon,19726
parisienne,19727
tweeton,19728
drole,19729
igersrouen,19730
igersnormandie,19731
palmieri,19732
jesuispari,19733
team238,19734
stsr,19735
thefooorevealed,19736
tommy,19737
scbastia,19738
delambre,19739
teenmovie,19740
beverlyhills90210,19741
fierdemafille,19742
danslhistoire,19743
panam,19744
noussommestoushandballeur,19745
achat,19746
magasin,19747
crytot,19748
rcnmusm,19749
thekoople,19750
humor,19751
gerarddepardieu,19752
franckgehry,19753
expressiontunisienne,19754
cdr,19755
septum,19756
yellowarmyfamily,19757
bruit,19758
stlr,19759
noussommetouscharlie,19760
ss6inbkkday1,19761
poutinebro,19762
drpepper,19763
miniholiday,19764
jevoudraisetreunchat,19765
thirdworld,19766
worldwar,19767
tronedefer,19768
cspcb,19769
arab,19770
ebi,19771
fitou,19772
clublibertin,19773
psgbastia,19774
freedentwhite,19775
beproud,19776
hawaiifive0,19777
season3episode22,19778
late,19779
redtour,19780
assr,19781
padlock,19782
pontdesarte,19783
dessinsdelinsay,19784
casselescouille,19785
psgestcharlot,19786
charlot,19787
loiretcher,19788
1erepisode,19789
teamasthmatique,19790
mychairmyplace,19791
goaway,19792
jesuispsg,19793
fauteprofessionnelle,19794
jesuisbastia,19795
parisinvaincuele11janvier2015,19796
teammonaco,19797
christmasornament,19798
ornament,19799
kerstbal,19800
zeemeerman,19801
zeemeermin,19802
saoud,19803
reveillonsnou,19804
nochildshouldsuffer,19805
laurentblancdemission,19806
eredcarpet,19807
ablou,19808
jaimefakirparceque,19809
jesuislacosmopolitanie,19810
jesuislunion,19811
fatiguedelasemaine,19812
abesse,19813
envoletoipetit,19814
bringbackourleonardo,19815
cheesecake,19816
omtoujourspremier,19817
inquietude,19818
prodelacucina,19819
parisstreet,19820
csp,19821
ketummavie,19822
championnatdecros,19823
corp,19824
ventre,19825
nombril,19826
abdominal,19827
epiphanieeffect,19828
jesuisjoie,19829
jackandjacktofrance,19830
shabbat,19831
gameone,19832
dragonballzkai,19833
fucklogic,19834
palmeiri,19835
jevaislebutersijeletrouve,19836
hayatimingerikalanini,19837
psgscb,19838
thevoicefr,19839
sousinfluence,19840
omteam,19841
juniormalanda,19842
hypoquetsmadnes,19843
expoinside,19844
2x02,19845
ripjrmalanda,19846
gayman,19847
st,19848
frenchnavy,19849
ucl,19850
rihannanavy,19851
bastiavspari,19852
whitecollarfinale,19853
macbook,19854
xv,19855
tetmilla,19856
cadet,19857
lateamb,19858
versace,19859
hotelareseiffel,19860
suceboule,19861
michelsardou,19862
onapaslememelevel,19863
carreaudutemple,19864
michelincapitaleperche2015,19865
journeemusee,19866
10janvier2015,19867
gavotte,19868
monalisa,19869
lagioconda,19870
malande,19871
forceasafamille,19872
espoirdufoot,19873
ripjunior,19874
championnat,19875
sheonsomethin,19876
europeanshaveblondhairtoo,19877
visionbyag,19878
fievreasr,19879
allezlarochelle,19880
140borne,19881
alwayssmile,19882
brothersandsister,19883
marchecitoyenne,19884
lcm,19885
banderole,19886
carregabenfica,19887
50minuteinside,19888
50mnindise,19889
merignac,19890
rockbluescafe,19891
incredibleindia,19892
tuescharly,19893
g20,19894
watchdog,19895
avicii,19896
lasttour,19897
areuready,19898
instadiner,19899
burgundy,19900
gastronomy,19901
jesuismandanda,19902
swimdeep,19903
jesuisbathily,19904
merciavou,19905
stadedereim,19906
delaune,19907
bonnetrouge,19908
cigognetebelle,19909
etgsrfc,19910
readyforfuckingnight,19911
urbanforever,19912
jadgenajwa,19913
saintmandeestcharlie,19914
peterbuggenhout,19915
onhold,19916
slam,19917
noussommesjuif,19918
opportuniste,19919
abrahampoincheval,19920
our,19921
vivredansunour,19922
museedelachasseetdelanature,19923
jeunesmahometan,19924
morte,19925
fourire,19926
mmh,19927
soycharlie,19928
ratusgang,19929
blaaaaague,19930
islammoderedemesfesse,19931
mikenelson,19932
theexorcism,19933
annivenola,19934
laserquest,19935
fifolle,19936
evasion,19937
jevousenmerde,19938
premiergreed,19939
rugbymonamour,19940
priere,19941
rcc,19942
lh,19943
positive,19944
kane,19945
bandedemerde,19946
roadtofrance,19947
jenesuispasunpigeon,19948
attentiondenepastomber,19949
pariseestcharlie,19950
lehavreestcharlie,19951
donnermoiungrammy,19952
iftiraveyalanfirtinasi,19953
contrefacon,19954
mdrjrisbb,19955
tesunetzadikette,19956
zerorespect,19957
chevreuil,19958
compliquegro,19959
enzofaitlemalinsursnap,19960
quoted,19961
saytriste,19962
tvb,19963
eusebio,19964
benficarumoao34,19965
impossiblenestpasrochelai,19966
noussommesrochelai,19967
tousderrierelesjaunesetnoir,19968
charlesdumont,19969
fantoma,19970
nicelorient,19971
gegenpegida,19972
dresden,19973
bzh,19974
redstar93,19975
redstarenligue2,19976
snvba,19977
berdaguerpeju,19978
e17,19979
lfb,19980
chambrage,19981
goodbyesagain,19982
cometlovejoy,19983
reimsasse,19984
rep,19985
les11commandement,19986
okyjesor,19987
tweetecommeunparisienquialeseum,19988
asknack,19989
rienaperdre,19990
newbaniere,19991
tf79,19992
batesmotel,19993
blockmedagi,19994
jesuisenoverdose,19995
kyliejennersfault,19996
warisover,19997
saleve,19998
doha,19999
proust,20000
t2g,20001
jefaispaslapaixaveceddy,20002
sltlt,20003
scbgfca,20004
auvergnat,20005
grandtalent,20006
jordanie,20007
jesuistripoli,20008
jesuisliban,20009
jesuistripolilb,20010
tripolilb,20011
jesuishyperjuif,20012
lemoine,20013
whoopwhoop,20014
lezignanlacebeestcharlie,20015
gufetto24,20016
arabgottalant,20017
sookoonang,20018
exorciseme,20019
lonely,20020
walking,20021
passagedugrandcerf,20022
noussommeslibre,20023
umbrella,20024
doubledouble,20025
multil1,20026
champdepatate,20027
efap,20028
mickeeeey,20029
credibilite,20030
tragu,20031
ecarteur,20032
8mm,20033
promenadedupaillon,20034
ferriswheel,20035
cheerbear,20036
stag,20037
brighton,20038
maisondumonde,20039
wolsburg,20040
demoli,20041
fog,20042
dwaynejohnson,20043
therock,20044
johnstuartmill,20045
tweetattrapehlel,20046
tunisiealgerie,20047
shegueysquad,20048
alienisolation,20049
belcanto,20050
marg,20051
imamdrancy,20052
tweetostentatoire,20053
groland,20054
gaumont,20055
lestortuesninja,20056
swtlzym,20057
teamostentation,20058
tripoli,20059
carrie,20060
placedesvosge,20061
teampauvre,20062
tweetattrapehlelmaximum,20063
montecarlocasino,20064
hlljnthkym,20065
activstade,20066
cavapeter,20067
wend,20068
moleskine,20069
abusivasenelmetro,20070
allezlesdragon,20071
impie,20072
jesuiskouffar,20073
grille,20074
bandedecon,20075
youaremyo2,20076
unleashthefreedom,20077
tweetattrapehlelavecostentationensuplement,20078
baguette,20079
stopstraightpeople2015,20080
torinomilan,20081
bistogourmand,20082
max,20083
chaton,20084
cidre,20085
cidresassy,20086
sassy,20087
craftcider,20088
epiphanieenretard,20089
laurine,20090
lucbesson,20091
jtaccosteensurvet,20092
strangefeeling,20093
jesuispasmarrant,20094
telepathie,20095
hysteriecollective,20096
habdu,20097
suicida,20098
bowtie,20099
sansretour,20100
marchepourtou,20101
lenouveaujacksparow,20102
formulae,20103
buenosaireseprix,20104
tagliatellesauxtruffe,20105
3octobre1980,20106
attentatsynagoguecopernic,20107
jesuisthevoice,20108
jeanmarielepen,20109
omnipresent,20110
capasse,20111
laverie,20112
mddddr,20113
seullesvraisreconnaisseront,20114
jesuidorthodoxe,20115
cestvotrevie,20116
bobbelhommekamellepd,20117
jesuisorthodoxe,20118
assesdr,20119
celval,20120
algtun,20121
thevoiceiv,20122
angel,20123
ruedelapaix,20124
algerien,20125
johnnystyle,20126
rzr,20127
mehdi,20128
chuiuneflipeuse,20129
morsecode,20130
tweetcommeuneyoutubeuse,20131
mollo,20132
bienvenuezazie,20133
bienvenueazazie,20134
cab,20135
watson,20136
leroy,20137
tweetcommeunpseudonationalistealgerienquinapasvusonpaysdepuislagede3an,20138
prem,20139
bl30,20140
urb,20141
tweetunephotodesboy,20142
bonheurauditif,20143
jjenesuispasavecjeannette,20144
fatiguancedelasemaine,20145
tweetcommeunemarocainequipayesesraibi17dhaumaroc,20146
ghost,20147
fx,20148
nodemocratie,20149
malek,20150
techavion,20151
ar,20152
tweetcommeuneperledudin,20153
sua,20154
suatpr,20155
chroniquescriminelle,20156
durarara,20157
kimjungun,20158
incompetente,20159
tweetcommeunetahlelsansticketdebu,20160
surlelive,20161
carole,20162
voice,20163
passageoblige,20164
unequebecquoiseathevoice,20165
ninilachance,20166
coexister,20167
concept,20168
amourfou,20169
voyagedanslireel,20170
vendor,20171
determiner,20172
onvapasmettreacote,20173
caroleanne,20174
deontologie,20175
vouscritiquezmaisonentendrien,20176
btslait,20177
toiaussifaisdespunchlinescommeuneperledudin,20178
jesuisvall,20179
tarikramadan,20180
retail,20181
planetsushi,20182
beti,20183
zaziedanslemetro,20184
chezmoi,20185
mrdieuveenlive,20186
lieuunique,20187
thevoie,20188
lilianthevoice,20189
vivelafranchecomte,20190
lechevalierblack,20191
tweetcommeuneperledudinouuneperledujeanjesaisplustrop,20192
lillian,20193
jenedirairien,20194
mavieesttop,20195
mesamiessonttop,20196
turpin,20197
mmmyeah,20198
anniversairerhiet,20199
gaumontpathe,20200
mediatisation,20201
starsysteme,20202
granttofrance,20203
jesuisspartacu,20204
lukacaro,20205
juicyland,20206
annabelle,20207
footballplusqu,20208
tweetellemattendvraiment,20209
tweetattrapehleldissimule,20210
posez,20211
teambarcaa,20212
demainleclip,20213
nonpresence,20214
autoritesliberticidesturc,20215
armenien,20216
teampagny,20217
jesuispaskouachi,20218
jesuispaskoulibali,20219
jesuisceluiquinariendemander,20220
jesuissali,20221
drake,20222
commentcacestpasdrole,20223
prefou,20224
nanananere,20225
coursdelangue,20226
uniscontrelyon,20227
maeva,20228
rivoli59,20229
poux,20230
chapichapo,20231
jevoussoutien,20232
aceventura,20233
lel,20234
fur,20235
jenvoivalse,20236
jacque,20237
fiertefrancaise,20238
sailorcosmo,20239
perche,20240
java,20241
voguing,20242
waacking,20243
beyrouth,20244
lacdm,20245
jennifer,20246
epidemiedepoux,20247
iwannayacht,20248
nightlight,20249
protextiondelenfance,20250
etseulementtriste,20251
thisisthevoice,20252
starsoushypnose,20253
browsing,20254
teamsdr,20255
armenienscitoyen,20256
mobilisezvou,20257
presence,20258
gouvernementturc,20259
serenite,20260
evect,20261
ripsoso,20262
zaieautop,20263
oyunadevam,20264
haribo,20265
tupeuxpastestunenoiche,20266
cocacolalife,20267
theevoice,20268
gazouillon,20269
tigibedhead,20270
hairdressing,20271
clashbar,20272
jesupportelatunisiependantlacan2015,20273
jessica,20274
miko,20275
teamthierrymoreau,20276
desolelafatiguance,20277
fcomw3,20278
proverbesdetourne,20279
cinquantenuancedegrey,20280
crazyinlove,20281
programmetvdemerde,20282
interdiction,20283
moule,20284
adiosmuchacho,20285
thedictator,20286
continuerarire,20287
offneonjungle,20288
jessiek,20289
gardienne,20290
1cerveaupour2,20291
sitting,20292
livesushi,20293
dali,20294
dalifaitlemur,20295
jeromemesnager,20296
etraterrestre,20297
ohlala,20298
muerodeamor,20299
quelindoespari,20300
hervevillard,20301
rnb,20302
ovni,20303
bastista,20304
thrilling,20305
thevoicei,20306
mauvaiiiiise,20307
jaymax,20308
haircut,20309
jeanmichelmonoexpression,20310
oldbos,20311
onnepeutpasrevenirenarriere,20312
outlander,20313
mecaucunrapp,20314
artisteouvrier,20315
jvvteampagny,20316
jvvteammika,20317
missioncomplete,20318
seasonchange,20319
petagedebide,20320
labodega,20321
lifesum,20322
ligueeuropa,20323
lamodelamodelamode,20324
customer,20325
echappeesbelle,20326
suny,20327
rassemblentlaiqueetrepubliquain,20328
arnaudrabiernowart,20329
bruxelle,20330
quiet,20331
xll,20332
lesexpert,20333
canesarretejamai,20334
teamsamsungpourtoujour,20335
jefaisamanger,20336
plustoutjeune,20337
tvdfamily,20338
bloodybitecon,20339
frangipane,20340
pereetmaire,20341
sdm,20342
mytho,20343
mavericksvsclipper,20344
charlehebdo,20345
infobesite,20346
sonoitaliano,20347
soireepyjama,20348
merefille,20349
bando,20350
hbcc,20351
croisonsle,20352
memphiscoffee,20353
alertesbombe,20354
retournedanstagrotte,20355
terreur,20356
valeriebegueeffect,20357
bonjovi,20358
achier,20359
ledzep,20360
underwearselfie,20361
jevousdemandedevousarreter,20362
kellybag,20363
bonventvivian,20364
kirazmevsimi,20365
mauvaisgout,20366
stopbfmerdetv,20367
meskina,20368
iamspartacu,20369
altruiste,20370
abruti,20371
ledzepplin,20372
inzaghiout,20373
quelesden,20374
pdsg,20375
terry,20376
biactol,20377
politiquesundercover,20378
closeenough,20379
olwenforest,20380
jesuislibanai,20381
tery,20382
morsay2017,20383
ripmandala,20384
jesuisjui,20385
speedygraphito,20386
traphouse,20387
freezing,20388
toutesmesexcuse,20389
surconseil,20390
charlieforever,20391
awa,20392
chek,20393
awaieaieaieaie,20394
jessiej,20395
patsvsraven,20396
spoton,20397
nextbeyonce,20398
thecoice4,20399
sarahpalin,20400
sarahpalingate,20401
bkackwomen,20402
oberkampf,20403
girlfriend,20404
peterbrown,20405
djshnow,20406
djset,20407
bestvoive,20408
infiltre,20409
jesuisdavidluiz,20410
jesuisthiagosilva,20411
jesuiscongolai,20412
lafilletouterose,20413
viper,20414
tounsie,20415
iconic,20416
balvsne,20417
nikodem,20418
jesuisdebout,20419
gonetosoon,20420
rpz72,20421
lablaguedescailloux,20422
awathevoice,20423
underbite,20424
fucklafdj,20425
yoann,20426
lounicorn,20427
5an,20428
inzaghi,20429
toromilan,20430
oped,20431
pandora,20432
carresenart,20433
forreal,20434
waouu,20435
kodex,20436
yoan,20437
johan,20438
bon,20439
sirop,20440
michelangelo,20441
remboursee,20442
keithharing,20443
florentpagny,20444
charivari,20445
pornic,20446
zazi,20447
feelinggood,20448
ninasimone,20449
longweekend,20450
vacation,20451
may1,20452
may8,20453
realmadridvsesp,20454
mypointexactly,20455
stephenfryrule,20456
pauvreninasimone,20457
lastt,20458
lefail,20459
jevaismefaireengueuler,20460
shoppingaddict,20461
frometon,20462
benjaminnethanyaou,20463
jesuisjuniormalanda,20464
bahlouli,20465
mourning,20466
palestinien,20467
israelien,20468
ldwllslmy,20469
sioniste,20470
mb2015,20471
pincezmoi,20472
manie,20473
glauque,20474
unpeudamourdanscemondedebrute,20475
unpeudedouceurdanscemondedebrute,20476
desperateshousewive,20477
akiza,20478
surnaturel,20479
rohfffff,20480
weareallcharlie,20481
forcaporto,20482
porbel,20483
todosnodragao,20484
charliehero,20485
tousenrose,20486
abba,20487
batiningercekyuzu,20488
rupertmurdoch,20489
hadriendurand,20490
teampetit,20491
tousdeshypocrite,20492
aspirateurbiturbo,20493
newsnapchat,20494
addaway,20495
oldaccountwasdeleted,20496
gaelle,20497
askbence,20498
claudiatagbo,20499
alotta,20500
cestunoiseau,20501
victoires2014,20502
siseulement,20503
ladansedeflorent,20504
nochedeamigo,20505
ladancedefloren,20506
pantinestcharlie,20507
apantinnoussommescharlie,20508
benjaminnetanyahu,20509
mesroox,20510
tiikz,20511
djin,20512
maarkiso,20513
weirdkid,20514
sweetheart,20515
ventededevoir,20516
droitsdauteur,20517
unquartdesbenefice,20518
2pari,20519
boulogneboy,20520
beurette,20521
tweetbourre,20522
jessepinkman,20523
bettercallsaul,20524
ohwhait,20525
paixdesbrave,20526
thankyoujr,20527
jesuisegypte,20528
jesuispalestine,20529
jesuislesmosqueesattaquee,20530
jesuismuslima,20531
jesuisyrie,20532
happyyy,20533
meriter,20534
youarethebest,20535
souslesjupesdesfille,20536
petr,20537
rainbowcake,20538
anaconda,20539
huguetteedmee,20540
sack,20541
hangovercity,20542
admatai,20543
avm,20544
desinfo,20545
eteignonslatv,20546
notieneprecio,20547
vraicoeursurvou,20548
wasp,20549
amaratima,20550
oepc,20551
prism,20552
levalet,20553
jourdefoot,20554
gundamwing,20555
pinkwine,20556
netanyaou,20557
bonnebouffe,20558
cantine,20559
dimanchesansmoi,20560
ledisqueestraye,20561
jerendhommageenpriant,20562
kendjithevoice,20563
enavantrenault,20564
noussommesensembledanslefiondenora,20565
captainamerica,20566
nodaysoff,20567
pasino,20568
misterfreeze,20569
koolkoor,20570
samicheamoureux,20571
jesuismeudon,20572
noussommestousmeudon,20573
jiraisdormirchezvou,20574
derniertrain,20575
zap,20576
tgla7,20577
aging,20578
ibuprofen,20579
longevity,20580
dogpound,20581
codexurbanu,20582
paris75018,20583
januarysuck,20584
ahahahjesuismortdefonse,20585
oturmak,20586
sigaraicmek,20587
awwwwww,20588
auborddeslarme,20589
grrr,20590
relativite,20591
jeuxdemotspourri,20592
teva,20593
chefsdetat,20594
jedisca,20595
goodidea,20596
toutesdesprincesse,20597
corsu,20598
sempre,20599
charlienestpascouche,20600
pleur,20601
acoustique,20602
vocalise,20603
pinkprintmovie,20604
thevoicecacontinue,20605
kkk,20606
silassanabathily,20607
hera,20608
gundam,20609
tasdormioubien,20610
parisbeatskill,20611
chucknori,20612
polisse,20613
aymericcaron,20614
alyah,20615
bestiole,20616
infamousfirstlight,20617
ilknurdemirbagphotography,20618
eo,20619
tranquillou,20620
merciaugignetauraid,20621
melaniethierry,20622
sosie,20623
reloooooouuuuu,20624
jesuispalestineparcontre,20625
etfier,20626
rebelsweetyheart,20627
jesuislassanabathily,20628
brady,20629
thevoicd,20630
mtsdrltklmny,20631
guillaumepley,20632
nuitbonne,20633
monsieursable,20634
erreur,20635
passe,20636
superdry,20637
melty,20638
philippot,20639
happybirthdayjeremyrenner,20640
18yo,20641
tentativederecrutementfurtive,20642
loseweightmonth,20643
auxfrontieresdelavie,20644
javascript,20645
entreelibre,20646
jamesdean,20647
flstudio,20648
producer,20649
beatmakerlife,20650
offdili,20651
apatheia,20652
apathia,20653
alishaddad,20654
photograph,20655
unitedkingdom,20656
camdentown,20657
northline,20658
spoilertvd,20659
znation,20660
bang,20661
noescape,20662
coventgarden,20663
sa,20664
fortement,20665
fortementation,20666
lovatic,20667
teampollo,20668
coeursurmaf,20669
1moi,20670
justinwereready,20671
cestlaluuuutteeeeefinaaaaleeeeee,20672
alz,20673
surdurulebilirlik,20674
happysad,20675
lefoudelasemaine,20676
leiceistersquare,20677
mmsworldlondon,20678
mmsworldstore,20679
bbchabichou,20680
harryroselmack,20681
consommation,20682
cav,20683
joyeuxanniversairemaxence,20684
ninoulesmauvaisconseil,20685
camealongway,20686
belieber,20687
pensequamagueulr,20688
sustainability,20689
greeneconomy,20690
pinodaniele,20691
rippinodaniele,20692
udada,20693
parisprestige,20694
tylkowparyzu,20695
bezcenne,20696
questionsexistentielle,20697
coldinjuly,20698
michealchall,20699
enrique,20700
idiotie,20701
cahuzac,20702
jmangepasquedesgrec,20703
jecasselemythe,20704
favoriteforfavorite,20705
souffrance,20706
afdlv,20707
moiaussicac,20708
gdp,20709
ecology,20710
wellbeing,20711
youknowyouaremeantforeachother,20712
teampoukav,20713
pppppppppppppppppppppppppppptdr,20714
namaste,20715
browngrowth,20716
energytransition,20717
greengrowth,20718
zerogrowth,20719
degrowth,20720
camfollowme,20721
espb,20722
orthodox,20723
mediapart,20724
macaronsmylove,20725
soldeshiver,20726
jeresteraisseuletoutemavie,20727
teamantillai,20728
tuezla,20729
taime,20730
yno,20731
nm,20732
museedesconfluence,20733
confluence,20734
aveuetretractationinextremi,20735
madelaine,20736
loved,20737
cocoboheme,20738
chocolatchaud,20739
camfoilowme,20740
muc72,20741
dilemma,20742
findevie,20743
goodnightandseeyouinfourhoirsfromnow,20744
successfull,20745
follome,20746
escarpin,20747
cesoirjenedorspa,20748
passionfrancegall,20749
squeeziememe,20750
ggxrd,20751
calife,20752
loupe,20753
pb,20754
ouuuuf,20755
teamlionking,20756
1h26,20757
bonnenuittwitter,20758
teintorange,20759
hlel,20760
shoot,20761
vomi,20762
rat,20763
device,20764
houllebecq,20765
swerve,20766
alterego,20767
tedx,20768
fck,20769
6h,20770
camfollowm,20771
sheguey4,20772
anywhere,20773
english,20774
testimony,20775
tourment,20776
depense,20777
folle,20778
fashionaddict,20779
pasbien,20780
wewantibtissamtiskatonhitradio,20781
baldufoot,20782
fcna,20783
needagoodnight,20784
tomhardy,20785
baskettair,20786
mellow,20787
mouah,20788
mynameiskhan,20789
teamtimide,20790
teamnosoiree,20791
teamjsaispasdanser,20792
teamsainte,20793
teamjboispa,20794
teamnopoulet,20795
teamjaimelecole,20796
teampasdami,20797
teamespritreserve,20798
teamcline,20799
dontevenwantone,20800
extracupholderinthecar,20801
sotired,20802
bringbackournenoudieune,20803
quizup,20804
dreambigger,20805
hologram,20806
dubaiairport,20807
travelinggram,20808
traquenard,20809
eargasm,20810
letmesail,20811
samsparro,20812
pllaywithshay,20813
garedefrance,20814
trainstation,20815
ic13100,20816
karigordugumzaman,20817
shell,20818
bodo,20819
ecotaxe,20820
earlymorningrun,20821
iteleboycott,20822
feminism2015,20823
stakhanov,20824
jerry,20825
objectifpermi,20826
fishing,20827
tweetcommeine,20828
specialdedicace,20829
unprettymondaybutwhocaresabouteveryonesideaofprettyihatemycrookedteethbutmaybeitstimeiembracethemyoushoulddothesame,20830
gaming,20831
meudon,20832
pratique,20833
brouillard,20834
responsiv,20835
loscetg,20836
bibb,20837
bussyboy,20838
fm,20839
troptot,20840
ouhehehe,20841
toxon,20842
brevetfederal,20843
7h29,20844
chronicle,20845
potd,20846
liveso,20847
grosthug,20848
ernstlubitsch,20849
copadelrey,20850
musiquesuspicieuse,20851
girouette,20852
vergla,20853
weekendexpres,20854
amesoeurtwitter,20855
tvd6x17,20856
travelo,20857
wishlist,20858
mediametrie,20859
abdostime,20860
ligne1,20861
exoplanete,20862
kepler,20863
enleger,20864
jmgourio,20865
jaloux,20866
premieresodo,20867
grossevdm,20868
dragonballxenoverse,20869
wakeup,20870
montorgueil,20871
montorgueilt,20872
clubesformadore,20873
moimagauche,20874
kiwi,20875
vitamine,20876
bread,20877
lemondemoderne,20878
lavraievie,20879
scnf,20880
pied,20881
6emepuissance,20882
e1direct,20883
swagg,20884
grossefatigue,20885
vincentlambert,20886
peursurlaville,20887
cropta,20888
cohen,20889
whathefuck,20890
bonanniversairema2x,20891
team27,20892
zazaticone,20893
tetedereseau,20894
coucouletempspourri,20895
flammarion,20896
tablette,20897
disneylove,20898
princessjasmine,20899
thatsu,20900
andalevanta,20901
vieillescharrue,20902
carhaix,20903
juveinter,20904
feb,20905
mazarsacademy,20906
lisaa,20907
maquettecroqui,20908
2e,20909
annee,20910
modepouilleuse,20911
reux,20912
normandy,20913
pasdami,20914
bonnevillesurtouque,20915
mincir,20916
spectaclehumour,20917
kilotrained,20918
tcar,20919
urssaf,20920
iv,20921
positivebenefit,20922
stateofaffair,20923
milliardaire,20924
legoodmorning,20925
emanuelmacron,20926
nofrenchbashing,20927
lamelancoliedesdragon,20928
amandier,20929
migrant,20930
paok,20931
polemiquesterile,20932
vente,20933
smart,20934
lignej,20935
tavu,20936
btsblanc,20937
alouest,20938
tropdeboulottueleboulot,20939
lessoldes2015,20940
maladecommeuniench,20941
lediner,20942
payetonbouclage,20943
remboursement,20944
lesmaternelle,20945
napoli,20946
breathe,20947
tropbien,20948
jemecasse,20949
paslamemevision,20950
leonetti,20951
affairelambert,20952
marcoforever,20953
jesuisautop,20954
bravocaro,20955
afdlvma,20956
hbr,20957
faischaufferlacb,20958
thisistheend,20959
bandedebitche,20960
wewinandlosetogether,20961
vtt,20962
desprojetsplusgrand,20963
marisolestmagique,20964
tusersarien,20965
lacigale,20966
terrible,20967
distributeurdecapote,20968
bua,20969
danslestoilettespublic,20970
jadoreanger,20971
fatwhitefamily,20972
pointephemere,20973
yogitea,20974
asossolde,20975
friendstrip,20976
payetonbouclagebi,20977
londonistan,20978
jeveuxdusoleil,20979
cereale,20980
grandesculture,20981
desk,20982
6emeplace,20983
nddl,20984
glam,20985
serveuse,20986
manvsthewild,20987
didierporte,20988
karine,20989
mexicana,20990
tabasquena,20991
torreeifel,20992
merrygoround,20993
louane,20994
l0m0tif,20995
tisseodanslecoeur,20996
bienvenuechezlesfragile,20997
odioelfrio,20998
selfishgirl,20999
lesanges5,21000
earlymornincrun,21001
faitchi,21002
tweetpetitdej,21003
20minute,21004
iptl,21005
marcjacob,21006
photojournaliste,21007
digitalmedia,21008
megatot,21009
numero6,21010
lesanglaisdevant,21011
enfantillage,21012
sissoko,21013
mercalol,21014
malife,21015
morningrun,21016
noexcuses2015,21017
arie,21018
happyfunradio2015,21019
lechangementcestmaintenant,21020
ferie,21021
tcra,21022
raymond,21023
commentvousastorg,21024
bonjevousgardequandmeme,21025
coachella2015,21026
coachella,21027
0motivation,21028
trierweiler,21029
sweet18,21030
joepinelli,21031
marquerepere,21032
alverde,21033
datocurioso,21034
trustme,21035
gradurfragile,21036
alberteinstein,21037
justmarried,21038
ces15,21039
karllagerfeld,21040
maisavantjaipingpong,21041
etboom,21042
mcbook,21043
salut,21044
comment,21045
contentmaiscontent,21046
aufschrei,21047
bmj,21048
beingmaryjane,21049
menagetime,21050
sakho,21051
poweroverlife,21052
greatfeeling,21053
dubsmashratesdedchroniqueusesdugrand8,21054
mercilabiologie,21055
dubsmashratesdeschroniqueusesdugrand8,21056
enterprise,21057
paa,21058
saa,21059
iaa,21060
insalubrite,21061
noesape,21062
gomaster,21063
photoshop,21064
pollution,21065
syrianrefugeesgr,21066
unhcr,21067
coursrate,21068
csppaok,21069
monacotwin,21070
interfc,21071
diewichtigendingedesleben,21072
intermittent,21073
vineyard,21074
eaudevie,21075
wateroflife,21076
grape,21077
postbadidentitycard,21078
uggaustralia,21079
kariseviyorimcunki,21080
coculgibisevindirir,21081
heryerdekarvar,21082
anatomie,21083
vaisseaux,21084
nerf,21085
medecine,21086
odontologie,21087
2emesemestre,21088
fouiny,21089
alambic,21090
copperpotstill,21091
illustrator,21092
reakhousewive,21093
realhousewive,21094
techniquecellela,21095
secretsanta,21096
mustthinkimfrench,21097
voeuxpari,21098
voeuxhidalgo,21099
airasia,21100
borgia,21101
tentation,21102
premiosgoya,21103
expoborgia,21104
hatebeingsick,21105
stressee,21106
hardwellfamily,21107
onvacommencerataffichercommepromi,21108
scmr,21109
necessaire,21110
askcoline,21111
dribbledelannee,21112
itsyourdaytoday,21113
wecandowhatever,21114
rcfchange,21115
monblog,21116
analyse,21117
sociologie,21118
nipcuisine,21119
grantlandisbedtimestorie,21120
vraiequestion,21121
paupiette,21122
fusialladecharlieheddo,21123
coloqueiris,21124
sylvainthebest,21125
indorequest,21126
illegal,21127
stadedefrance,21128
wwat,21129
fgtb,21130
loljedi,21131
cocalife,21132
creaastuce,21133
spoiled,21134
semmodezena,21135
pig,21136
whywait,21137
bridesmaid,21138
cocacola,21139
fondationcartierbresson,21140
problemesdesommeil,21141
maladie,21142
brutblack,21143
stupidexam,21144
penseeauxvictime,21145
democratielocale,21146
itv,21147
graciassuperdario,21148
before,21149
award,21150
abasourdi,21151
theslimshady,21152
tutereconnaisoutunie,21153
polemique,21154
maladee,21155
annieyague,21156
bonsejour,21157
doucefrance,21158
abattu,21159
temoignage,21160
infirmiereliberal,21161
masta,21162
atteree,21163
dioscuantaniebla,21164
feliz,21165
soyguerrera,21166
amocorrer,21167
boncourage,21168
definefriendship,21169
shlmgrb,21170
monariza,21171
happybirthdaylewishamilton,21172
fingerinthenose,21173
lessolde,21174
tweetcommebfmtv,21175
atterree,21176
lanceroquette,21177
crame,21178
teamstap,21179
ecoeuree,21180
enjoypari,21181
soutientcharliehebdo,21182
libertedelapresseetdexpression,21183
perledecopie,21184
charlieabdo,21185
lanceroquettesquad,21186
dramatique,21187
fusilladepari,21188
solidariteconfrere,21189
welovedylan,21190
tropdefatigue,21191
craquage,21192
airmax1,21193
buxy,21194
jozi,21195
abominable,21196
point,21197
expression,21198
uniondepriere,21199
penseesauxvictime,21200
blackbeauty,21201
naomicampbell,21202
3615malife,21203
jourdesolde,21204
discourspr,21205
triptyque,21206
espritlibre,21207
veyron,21208
noussommestousdescharlyhebdo,21209
happydance,21210
leperenoelaeuduretard,21211
confpresse,21212
siestetime,21213
nonazi,21214
nt,21215
lemondevamal,21216
plusdesecuriteauboulot,21217
cestlavie,21218
plusfortquelahaine,21219
blaguecarambar,21220
unitenationaleavanttout,21221
uniterepublicaine,21222
soutiencharlie,21223
tvpoubelle,21224
babadook,21225
entree,21226
saumon,21227
maghreb,21228
bandedetrimarde,21229
frenchalp,21230
ilapassupportequonlappellezoulette,21231
solidaritecharlie,21232
erasooquemefaltava,21233
anonymat,21234
perle,21235
salopard,21236
justincalvinkleinmodel,21237
ches,21238
attentatterroriste,21239
souslechoc,21240
enattendantispac2,21241
attackinpari,21242
lapeur,21243
performance,21244
brit2015,21245
premonition,21246
bfminchallahvousfaiteattaque,21247
chrisbrown,21248
tyga,21249
brume,21250
parisnow,21251
motherrunner,21252
couldntsayitanybetter,21253
allahu,21254
ali,21255
udp,21256
teamcg7,21257
bouleversant,21258
yaplusderespect,21259
parisxi,21260
soutienalalibertedexpression,21261
filsdep,21262
charmedaddiction,21263
attantatterroriste,21264
charliefreedom,21265
lesinconnu,21266
charliehebddo,21267
justprepathing,21268
blackhat,21269
jordan3,21270
cassetoialor,21271
sansvoix,21272
prejugessurlesgenscommetoi,21273
cartier,21274
cecinestpaslislam,21275
lislamcestlapaix,21276
grosmystere,21277
soutienauxfamille,21278
effrayant,21279
raumungsverkauf,21280
schnappchen,21281
faiiim,21282
cabuestmort,21283
allocution,21284
whereisfreedom,21285
nuance,21286
lepen2017,21287
incredibledrumshow,21288
18avril,21289
libertyegalitefraternite,21290
chewing,21291
lafranceestunpaysantimusulman,21292
saloperie,21293
char,21294
chebdo,21295
affolant,21296
pasdemot,21297
vraihomme,21298
unehonte,21299
francetvinfo,21300
dramenational,21301
stcloud,21302
maisouestcharlie,21303
humourdemerde,21304
dff3,21305
affligeant,21306
charliehedofusillade,21307
attentatterroristepari,21308
effondre,21309
attrocite,21310
11mort,21311
fannyardant,21312
contreleterrorime,21313
mercimedia,21314
engageonslaconversation,21315
double,21316
peine,21317
tragedie,21318
reusesmipastor,21319
deconnexion,21320
juncker,21321
courageauxfamille,21322
respectauxfamille,21323
conneriehumaine,21324
11eme,21325
figaro,21326
wolinsky,21327
loveiej,21328
iej,21329
hamster,21330
ralamek,21331
grossepensezauxfamillesdesvictime,21332
atentado,21333
ouvalafrance,21334
ilsdevrontpaye,21335
personnel,21336
effroyable,21337
avocat,21338
12mort,21339
noreligion,21340
tefal,21341
sexisme,21342
condamnation,21343
prg,21344
giveaway,21345
demasquee,21346
opiumdupeuple,21347
elesmipastor,21348
soutienacharliehebdo,21349
homohominilupusest,21350
ilfautagir,21351
enleursmemoire,21352
outlawqueen,21353
merdier,21354
deuxiemefamille,21355
incomprehention,21356
franceendeuil,21357
tristeconstat,21358
collabo,21359
attentatislamiste,21360
thebig10,21361
ripcharb,21362
jevousvomi,21363
jevomisvotrehaine,21364
rachidadati,21365
philosphere,21366
hebdo,21367
heuressombre,21368
shoppingtime,21369
squadra,21370
alerteattentant,21371
rapport,21372
allezsignalerfakir,21373
odieux,21374
tearsforfear,21375
recienllegamo,21376
todosbien,21377
entete,21378
jornaldatarde,21379
atentadoempari,21380
indignation,21381
onnepeutplusriendire,21382
dpt93,21383
efb,21384
blackmozart,21385
faistadivacommebaekhyun,21386
charlottecrosby,21387
refusdesamalgame,21388
respectdelapresse,21389
quejustinesoitfaite,21390
bfmbusines,21391
rediffusion,21392
grisou,21393
shrlybdw,21394
appelmanifcharlie,21395
moati,21396
rdvenseptembre,21397
oualesgci,21398
vieduniversitaire,21399
rentreesolennelle,21400
estcequecemondeestserieux,21401
histoirede,21402
monstruosite,21403
journalite,21404
bimcouchetoi,21405
jecomprendpa,21406
barbarity,21407
murder,21408
labasedesbase,21409
pinkoffee,21410
notislamist,21411
muslimsnotislamist,21412
lencrerie,21413
lesliensdelencre,21414
comando,21415
21emesiecle,21416
libertedepresse,21417
boncourageatou,21418
elegance,21419
charlieheabdo,21420
reseaufdg,21421
portedepantin,21422
chauuuuuud,21423
assassinat,21424
nantai,21425
allezcrever,21426
lesgroupie,21427
s01e02,21428
idiocracy,21429
ddo,21430
ignoble,21431
terre,21432
terror,21433
attack,21434
prayforabetterworld,21435
soutieninfini,21436
peurpaniquedesdecisonscoupdetete,21437
ratpicertifier,21438
neconfondezpasterroristeetmusulman,21439
jerkswithcamera,21440
boubakeur,21441
immam,21442
fabrice,21443
biologie,21444
jokelogobie,21445
cafoutlarage,21446
inconsolable,21447
vabene,21448
mefiance,21449
attentato,21450
cycsc,21451
metrotoulouse,21452
monsondumoment,21453
trouvezcesterroristesetpendezle,21454
charisme,21455
tweetshonteux,21456
wet,21457
blablabla,21458
fly,21459
prionspourcharliehebdo,21460
tpmp2015,21461
democratiemonamour,21462
fhollande,21463
jaipleure,21464
nikecharliehebdo,21465
kaiserslautern,21466
bustime,21467
respectonslalibertedexpression,21468
sosracisme,21469
riendeplusaajouter,21470
thora,21471
musicmix,21472
penseesauxfamillesetauxproche,21473
goldmansach,21474
cia,21475
savage,21476
plateaudespoete,21477
ripcabu,21478
bestrong,21479
au,21480
ou,21481
freedomofpres,21482
camerounai,21483
jesoutienscharliehebdo,21484
lafrancianoncedeaiterroristi,21485
lafranceauxfrancai,21486
japril,21487
paris11e,21488
quefontlesmoderateur,21489
partage,21490
allbordeauxarentwe,21491
laconnerie,21492
drame,21493
metissemelangedecouleur,21494
ypg,21495
twitterkurd,21496
roubaix,21497
jedemandeseulement,21498
andywarhol,21499
revisattitude,21500
debutduchao,21501
prierefrer,21502
peinedemort,21503
screendirect,21504
carnon,21505
rtpinformacao,21506
apogee,21507
brulezlesvivant,21508
faitesleurmangerduporc,21509
encolere,21510
homageaupolicierfussier,21511
div6,21512
dslgtoblige,21513
lightning,21514
stamko,21515
virginradiolorraine,21516
jesuischarly,21517
stoprepression,21518
stopterrorisme,21519
soyezlogique,21520
condamnez,21521
immature,21522
prayforcharliehebdo,21523
ecoeurement,21524
horriblehistorie,21525
rejetdesamalgame,21526
peurangseu,21527
seulpeuda,21528
mybabyalvin,21529
moynat,21530
borse,21531
borsa,21532
pokofamily,21533
11an,21534
ragequittwitter,21535
goyard,21536
ain,21537
ligne5,21538
ouvalemondeserieux,21539
cinetime,21540
lamorale,21541
ksa,21542
deguelasse,21543
bandedencule,21544
laviolenceneresoudrien,21545
detoutemain,21546
teamvolley,21547
extremisme,21548
mai68,21549
combat,21550
massacre,21551
luttonspourlapaix,21552
montpon,21553
bobhumeur,21554
fibre,21555
shinycity,21556
neconfondezpa,21557
e04s01,21558
newyorktime,21559
terreaux,21560
angelina,21561
louisasvsangel,21562
thereflectiontour,21563
pinkprent,21564
doaaelsebaii,21565
shereenyehia,21566
samoantigersood,21567
justhisgolftalent,21568
shymsthyltnzlnh,21569
mhmmskhrtkldny,21570
lhll,21571
ahmad,21572
onion,21573
s01e11,21574
princedebretagne,21575
stylismeculinaire,21576
tomate,21577
nom,21578
caviar,21579
linguine,21580
lastampa,21581
hommageaeux,21582
aye,21583
nantescharley,21584
zemmouraraison,21585
couragecharliehebdo,21586
asignaler,21587
lhkm,21588
jesuisgestionrelationshumaine,21589
lthd,21590
lnsr,21591
ndylnsrfyklmtyn,21592
castelroussin,21593
thisiswhyihatereligion,21594
loire,21595
dupontaignan,21596
criminal,21597
murderer,21598
freespeech,21599
bouleversee,21600
okjsuispasdrole,21601
cinquantenuance,21602
lislamradicalestnocif,21603
3emeguerremondiale,21604
ripauxvictime,21605
requiescatinpace,21606
forwhat,21607
forwho,21608
penseesauxfamille,21609
residenceastrid,21610
clubsenior,21611
mavieestnulle,21612
crtv,21613
ilovemuslim,21614
lsflthljyhd,21615
shysmtnhmshfth,21616
auxfamille,21617
chalengeaccepte,21618
revolution2015,21619
disparaissez,21620
stopterror,21621
soutienpenseesfamille,21622
frignicourt,21623
shade,21624
kmichelle,21625
awbah,21626
citoyen,21627
timberland,21628
durdur,21629
hervegourdel,21630
lhyyttdylshbbswqlthym,21631
metisse,21632
jeuxdemot,21633
rienafoutre,21634
gasy,21635
malagasy,21636
unjourjevaispercer,21637
independant,21638
endeuil,21639
patema,21640
permisdeconduire,21641
payestaphoto,21642
sao,21643
corpu,21644
jouelestour,21645
lemondedeviensfou,21646
pasdanslememesac,21647
pourriture,21648
ruburumeishuguan,21649
resteenpaix,21650
mortavou,21651
istandwithfrance,21652
humour6franc50,21653
18hplacegaribaldinice,21654
dalslatournee,21655
pasdamalgam,21656
lechangementsoitdisant,21657
wikipedien,21658
general,21659
meurthe,21660
moselle,21661
dorothee,21662
toutlemondeestcharlie,21663
montpensier,21664
toutvamal,21665
edwardsnowden,21666
kemiseba,21667
streetfighter,21668
hacked,21669
korea,21670
ac4,21671
tristejour,21672
maisouvalemonde,21673
nowar,21674
wintergirlfriend,21675
polygone,21676
blackwednesday,21677
nonalamalgame,21678
armyforever,21679
exo,21680
elfforever,21681
abrutisabstenir,21682
thetwilightzone,21683
elevator,21684
adrenaline,21685
disneypari,21686
donotstandforterror,21687
lamourplusfortquelahaine,21688
clubpresse30,21689
pasbonneidee,21690
sachez,21691
30millionsdami,21692
soutientauxfamille,21693
stopauxamalgame,21694
tetesaclaque,21695
lefilmquisertarien,21696
wceveryday,21697
estillac,21698
inventeunmiraclequivapasserealiser,21699
leclubdorothee,21700
lenezdedorothee,21701
lartiste,21702
robinswood,21703
cheektocheek,21704
dep,21705
johnkerry,21706
placekleber,21707
shrbl,21708
rossinot,21709
tellementchoquee,21710
ouestfrance,21711
besoindesommeil,21712
fragida,21713
jacky,21714
jachetegrave,21715
amourtoujour,21716
puedespied,21717
elevagedeporc,21718
cnnbreakingnew,21719
entsouka,21720
elamoresmasfuertequeelodio,21721
worldpeace,21722
fredomofspeach,21723
hapny2015,21724
annehidalgo,21725
soral,21726
rincer,21727
guerredereligion,21728
tuezmarinelepen,21729
antiamalgame,21730
echecscolairesoon,21731
laportapresident,21732
ettoutlereste,21733
rajouteur,21734
forever21,21735
degueulasse,21736
moutonfragile,21737
titeuf,21738
heb,21739
jeancelestinlemarrant,21740
saez,21741
artliberty,21742
pressliberty,21743
rtll,21744
15an,21745
big,21746
freespeach,21747
fogalmaza,21748
wedontnegotiatewithterrorit,21749
topgear,21750
rmcdecouverte,21751
sanglant,21752
mouvement,21753
sauvonslaliberte,21754
islamnoterorist,21755
toussolidaire,21756
ondonneunemauvaiseimagedesmusulman,21757
rienneserapluscommeavant,21758
wager,21759
fifa15ultimateteam,21760
parizh,21761
kreishandwerkerschaft,21762
westpfalz,21763
handwerk,21764
oncontinue,21765
wewantpeace,21766
condolence,21767
islamhorsdeurope,21768
jesuisrevoltee,21769
stophaine,21770
egk,21771
chiche,21772
rdccmr,21773
borloo,21774
ilavaitraison,21775
annees90,21776
charliehebdouestfrance,21777
prayforourworld,21778
lemondesebarreencouille,21779
ontouchepasalalibertedexpression,21780
18h,21781
placedarme,21782
vivemarine,21783
islamcondamnecesacte,21784
staysafe,21785
monnalisa,21786
davinci,21787
humeurnoir,21788
onemillion,21789
islamcomdamnecesacte,21790
desproge,21791
faith,21792
urn,21793
vase,21794
unissonsnou,21795
evewhu,21796
stoplesamalgame,21797
islamreligiondepaix,21798
louvrepyramid,21799
cheh,21800
oltya,21801
beafraid,21802
mj,21803
lafayette,21804
lookingup,21805
diapo,21806
calme,21807
geluck,21808
bebeour,21809
consternation,21810
francereveilletoi,21811
jesuissalah,21812
paysdegenere,21813
dedicace,21814
rec51,21815
livefrompari,21816
indignationgenerale,21817
ondiraituneasiat,21818
larochesuryon,21819
udi33,21820
levalloisperret,21821
asino,21822
mairiedemontreuil,21823
lecrayonpourseulearme,21824
rasemblement,21825
argentin,21826
rassemblementlyon,21827
islamreligionofpeace,21828
lohamtice,21829
pca2015,21830
emilyvancamponpeoplechoice,21831
revengeonpeopleschoice,21832
onestcharly,21833
vendredisoirautop,21834
posecommeunekikooquisemetalazumba,21835
chaville,21836
etjelecomprend,21837
slyz,21838
mymajorcompany,21839
stevielag,21840
voilacestdit,21841
ifitsagoodidea,21842
dinguerie,21843
macbookproretina,21844
carrouseldulouvre,21845
libertedexpresion,21846
tunalg,21847
caminpari,21848
charliehebfo,21849
placeroyal,21850
cpna,21851
volonte,21852
perigueux,21853
rappelon,21854
journeemarathon,21855
malauxpied,21856
tropdemonde,21857
atleti,21858
brahimi8,21859
placestan,21860
ignominie,21861
reinedushopping,21862
abu,21863
tristefrance,21864
omw,21865
nobingenewyear,21866
airjordan,21867
manifestationcitoyenne,21868
cumayakadartatilolsun,21869
1yearoftruelove,21870
crayon,21871
tirgo,21872
placedesterreaux,21873
votezfn,21874
endterrorism,21875
receuillement,21876
mioum,21877
drapeauxenberne,21878
totessemcharlie,21879
readytoride,21880
placegaribaldi,21881
cani,21882
fuckterrorism,21883
manifencour,21884
placedelareunion,21885
expressyourself,21886
miamishooting,21887
imnotafraid,21888
lesprincedel,21889
peace2015,21890
remigration,21891
notintheirname,21892
chocfunebre,21893
cahor,21894
onsenbaslescouille,21895
fireemblem,21896
aurillac,21897
vernisrose,21898
fierdetrerennai,21899
lplda2,21900
mortspournotrefrance,21901
atletirealmadrid,21902
karaparaask,21903
appelauxcrime,21904
lesmusulmansnesontpasdesterroriste,21905
teamfifa,21906
sfhd,21907
vousalleztousmourirentrevou,21908
islamcoupable,21909
batarddemerde,21910
lache,21911
lamourestdanslepre,21912
nationalunionrequest,21913
voeuxcrmp,21914
ptown,21915
fuckingterrorism,21916
cayman,21917
soyon,21918
lescarton,21919
getafe,21920
tare,21921
mig,21922
tfou,21923
18haujourdhui,21924
tuezlesterroriste,21925
lafranceestgrande,21926
sierranoheatcurl,21927
bandit,21928
vislard,21929
grandfrere,21930
perver,21931
nonchefcommelepolicieraditaubandit,21932
arretezdeparlerpourrien,21933
digne,21934
fraternel,21935
montpellierfaitfront,21936
etrela,21937
extremistecoupable,21938
basicbitchwednesday,21939
basrhin,21940
labetisehumaine,21941
enseignantcuperbementlumineux,21942
onsevoitauski,21943
division4,21944
antiracisme,21945
guapo,21946
muslumanteroristteroristmuslumanolamaz,21947
qepd,21948
django,21949
peinepersonnelle,21950
douleursinterieur,21951
continueradessiner,21952
jesuisfrancketahmed,21953
selenasurnrj,21954
monbain,21955
monyassa,21956
deprimee,21957
reversdelamedaille,21958
quimper,21959
defend,21960
jewish,21961
christian,21962
shoked,21963
pauvremonde,21964
partout,21965
everywhere,21966
dirili,21967
ertugrul,21968
parismatch,21969
pray4thevictim,21970
bim,21971
nicefr,21972
jtmmefaispalaguerre,21973
truefriend,21974
kepel,21975
jesuissofiane,21976
qdi,21977
lacrimoupa,21978
blackday,21979
charliehebdon,21980
barackobama,21981
ambulance,21982
noussommescharliehebdo,21983
denim,21984
overall,21985
pave,21986
noisiamocharlie,21987
24an,21988
redoneofficialibtissamtiskatbeststar,21989
maisqueveulentcesgen,21990
mm2015,21991
gestion,21992
artisttowatch,21993
jambesd,21994
tropsensible,21995
onesttouscharliemacouille,21996
toitsdepari,21997
bigboo,21998
headache,21999
scandaleux,22000
shawnonmtv,22001
reposeenpaixmarinelepen,22002
soutienauxmusulman,22003
dalilboubakeur,22004
camerondallascometopari,22005
lavenirunlongpasse,22006
dilmanaomerepresenta,22007
mabite,22008
enmemoire,22009
filigrane,22010
lesbetesnegagnerontpa,22011
fucklorthographeencoursdefrancaisecorepluspendantlesdictee,22012
lafranceforte,22013
uniscontrelextremisme,22014
jesuisitachi,22015
hommageacharliehebdo,22016
gangnetaplace,22017
blueeye,22018
villar,22019
tuestroux,22020
guerredeclaree,22021
day7,22022
pop,22023
breivik,22024
alinfinitour,22025
riredetout,22026
grandjournal,22027
julc,22028
stellagibson,22029
thefallonnetflix,22030
homage,22031
sneakerhead,22032
teamherisson,22033
aix,22034
peaceandlove,22035
cretin,22036
iaz,22037
cyrano,22038
poyrazkarayel,22039
youlose,22040
grossurlapatate,22041
nocaption,22042
ttmonde,22043
paixliberteamour,22044
croutard,22045
cena,22046
dessinertue,22047
teamebola,22048
brassardnoir,22049
cloque,22050
angleterre,22051
tousfilsdefrance,22052
nonaufhaine,22053
selfiehommage,22054
jesuisdeni,22055
jesuisthierry,22056
jesuissuisse,22057
hainolan,22058
unie,22059
lemaillontfaible,22060
fuckterrorisme,22061
grevepourdemainalerteattentat,22062
thelastship,22063
immortel,22064
monopdaily,22065
starving,22066
mortsaucombat,22067
democracie,22068
bonnessensation,22069
jonnystyle,22070
malamafrance,22071
pastabox,22072
tragedia,22073
novembre2011,22074
8janvier,22075
jvousoutien,22076
creil,22077
sultanahmet,22078
sehitpoli,22079
harde,22080
standtogether,22081
placeduralliement,22082
unbelievable,22083
presidentfrancai,22084
declarationdefrancoishollande,22085
grillo,22086
icantbreathe,22087
jsyi,22088
repu,22089
rassemblonsnou,22090
fbtgg,22091
terroism,22092
freericky,22093
stephanecharbonnier,22094
meilleurjoueur,22095
hellyluv,22096
arabe,22097
antidaesh,22098
charleshebdo,22099
pepite,22100
googlefranceestadeluto,22101
contre,22102
remoi,22103
lyceemariette,22104
cijaexchange,22105
edp,22106
tchiiiip,22107
mercredinoir,22108
salvini,22109
le1945,22110
onpensecharlie,22111
onparlecharlie,22112
tueriecharlie,22113
killallmuslim,22114
fotonower,22115
marredufnaussi,22116
probowl,22117
zangief,22118
franckvernin,22119
villepositive,22120
hebdocharlie,22121
franciaestadeluto,22122
tiroteofranciaarv,22123
hooligan,22124
sig,22125
ma2x,22126
maxmyzer,22127
rtl2,22128
yous,22129
aforcedeledire,22130
jesuisliberte,22131
nordest,22132
journalist,22133
theplumeagainstthesword,22134
naoaocomunismonobrasil,22135
lafranceseleve,22136
jesuisdounia,22137
pujada,22138
jtfrance2,22139
francenetedechirepa,22140
forcing,22141
quilsreposentenpaix,22142
resteenpaixmarinelepen,22143
messageauxislamiste,22144
ripahmed,22145
jesuissupporterdelom,22146
biltong,22147
plltheory,22148
bravsbel,22149
attentacharliehebdo,22150
intacte,22151
aucunrepect,22152
penseespourlesfamille,22153
contrecharliehebdo,22154
parisdakar,22155
facisme,22156
horrifiee,22157
plbv,22158
islamogauchiasse,22159
lecoeurlourd,22160
jepensedoncjemeur,22161
jesuishugo,22162
lanternedelarepublique,22163
jtfr2,22164
tunaplusdejean,22165
unispourlaliberte,22166
notkillmuslim,22167
jeanplantu,22168
coupdecrayon,22169
journoir,22170
jeandebetul,22171
preguntadelano,22172
anthohebdo,22173
monmari,22174
ahahahaha,22175
mortpourlafrance,22176
narnia2,22177
rapoasi,22178
tueriecharliehebdo,22179
muslimswasnotcriminal,22180
jeudi,22181
tgaminglive,22182
aucunehumanite,22183
pasderespect,22184
stayunited,22185
jesuisirrespectueuxenverslesreligion,22186
paul,22187
faireladifference,22188
lapressedeumeure,22189
tomar,22190
pister,22191
indigner,22192
rassemblementrepublique,22193
deliquantemusic,22194
linosurskyrock,22195
classikshit,22196
hache,22197
yumz,22198
charliewillliveforever,22199
terroristsarecoward,22200
lafrancedebout,22201
againstterrorism,22202
professore,22203
usp,22204
uerj,22205
ufrj,22206
jesuisces2policier,22207
ronsard,22208
saintevictoire,22209
jesuisunpetitpalestinien,22210
jesuisunyemenoi,22211
jesuisunpetitsyrien,22212
handtime,22213
1dfact,22214
bandedeconnard,22215
shalom,22216
jesuissuzy,22217
atlrma,22218
whothefuckischarlie,22219
boc31,22220
sustegnu,22221
libertadisprissione,22222
hamabead,22223
nrjsur,22224
badinter,22225
lemecilsinventeunevie,22226
nenrestonspasla,22227
endirect,22228
prayer,22229
atmrma,22230
charlieliberte,22231
lafranceestdebout,22232
alquaeda,22233
mylifeiscool,22234
charliehabdo,22235
noyon,22236
rstream,22237
newconormaynardcover,22238
jesuisinnocent,22239
ichbincharlie,22240
estoycharlie,22241
impressionnee,22242
lovinfun,22243
lapresseendeuil,22244
nichtinmeinemnamen,22245
sexeintellectuel,22246
sarayinsultanlari,22247
nkfva,22248
sbf,22249
solidariteinternationale,22250
atlvsrealmadrid,22251
attrapetrouduc,22252
jesuisfare,22253
artistic,22254
derbymadrilene,22255
blankspace,22256
lafrance2013,22257
atleticovsrealmadrid,22258
sagesse,22259
1bougieaubalcon,22260
victimesdelahaine,22261
ilsontriencompri,22262
finiderire,22263
charliehe,22264
spreadpeaceandnotviolence,22265
thinkaboutit,22266
robertbadinter,22267
skyrockcestlafamille,22268
jesuismoimeme,22269
jew,22270
hindi,22271
buddhist,22272
jesuiscarlo,22273
sol,22274
soutienaufamille,22275
tropcostaud,22276
bravolapolice,22277
laviedemamere,22278
contrelesattenta,22279
atmrea,22280
farid,22281
contrelesattentat,22282
ramenezrahoenfrance,22283
pourlalibertedexpression,22284
journalismisnotacrime,22285
sisilafamille,22286
rougealevre,22287
ripfranck,22288
ifj,22289
ahmedmortenhero,22290
jesuisdove,22291
shutupbitch,22292
tragic,22293
choqued,22294
jesuisdansmonlit,22295
lbmissveto,22296
laquotidienne,22297
ouialalibertedexpression,22298
jesuissoumia,22299
newsong,22300
remetteznousmentalist,22301
unpeud,22302
bsg,22303
abdelsalamzayedibtissamtiskat,22304
directionerarewithcharliehebdo,22305
sfg,22306
ft,22307
mauriceetpatapon,22308
torresisback,22309
deboutpourlaliberte,22310
18year,22311
division,22312
xhamster,22313
mohamedmerah,22314
kroo,22315
griziteam,22316
nouvelleacquisition,22317
airmax1blackflint,22318
postbadsneaker,22319
michelin,22320
mandypascintente,22321
caricaturiste,22322
kuwait,22323
q8instagram,22324
q8,22325
lebigbangresoudratout,22326
nonstopmovie,22327
charlieworldwide,22328
teammadrilene,22329
soyeznossuperhero,22330
sportplu,22331
championnatdefrance,22332
petanque,22333
unionsacree,22334
hymne,22335
foliedumecredi,22336
sorrynotso,22337
specialdedi,22338
essec,22339
isso,22340
drda,22341
istanbuldapersembegunuokultatil,22342
jesuisguig,22343
nonenvraijesuismathilde,22344
fij,22345
happyjiminday,22346
luicestcharlie,22347
jesuissami,22348
ciudadluz,22349
emocionada,22350
agradecida,22351
suenosquesecumplen,22352
windows10,22353
passeport,22354
annuel,22355
lemecquicomprendpa,22356
desracinesetdesaile,22357
genietue,22358
worldnew,22359
wearecharliehebdo,22360
croyantetriste,22361
troubleduvoisinage,22362
vieuxport,22363
reposerenpaix,22364
frogsandfriend,22365
butilikeweirdpeople,22366
clamart,22367
newcrawfordcollinsvid,22368
anticor34,22369
trucdefou,22370
paixauxamesdesvictime,22371
charlieadrienzeller,22372
creveenenfer1,22373
eux,22374
eggplantfriday,22375
lovefrance,22376
wearemuslimsandproud,22377
shhdnllhlllhwshhdnmhmdrswlllh,22378
muslimsarepeaceful,22379
val,22380
vivelalibertedeparoleetd,22381
charilehebdo,22382
jesuismoisekatumbichapwe,22383
charlietoujoursenvie,22384
cdse,22385
ege,22386
pxvi,22387
jesuisjackbauer,22388
worldsolidarity,22389
pca,22390
pasmareligion,22391
jesuisrayane,22392
mango,22393
goodmorningengland,22394
ancelotti,22395
revendicationsenmousse,22396
reac,22397
jesuislina,22398
bonsoirtristesse,22399
lesfillessavent,22400
vivelalibertedexpression,22401
laminutedesilencejel,22402
unsg,22403
laithabujoda,22404
islamwantthepeace,22405
thestig,22406
jesuisroy,22407
vamoscolchonero,22408
jesuisfrank,22409
allblackeverything,22410
blackforcharlie,22411
fieredetrefrancaise,22412
histoireseternel,22413
birkuyudasenactir,22414
selsebilkuyulari,22415
teaml,22416
protest,22417
bilzen,22418
limburg,22419
hbvl,22420
planoise,22421
zonedenondroit,22422
vcfespanyol,22423
mexa,22424
atleticoreal,22425
fautqucatrace,22426
jesuisnawa,22427
entendu,22428
achetezcharlie,22429
jesuismononcleahmed,22430
jsl,22431
patroninconito,22432
keryjame,22433
petitequejesui,22434
teamarmenia,22435
journeededeuilenfrance,22436
ribosome,22437
gene,22438
qrc2,22439
salutsalut,22440
malalayousafzai,22441
prophetecaricature,22442
hadithauthentiquelesplusgrandspechessontdassocierquelquechoseaallahetlemeurtre,22443
ts2,22444
laclic,22445
kebab,22446
taverne,22447
clashdecedric,22448
palmedorduplusmauvaisacteur,22449
vevolift,22450
jesuismuslimpascharlie,22451
s04,22452
rememberlisbon,22453
jaketo200k,22454
jesuischoquee,22455
teamboulon,22456
dreaming,22457
jelechelesnichonsdelasoeuracharlie,22458
bienenvoye,22459
envy,22460
onapeurd,22461
stbrieuc,22462
tca2015,22463
itsallaboutthebanana,22464
reimscitygang,22465
cestcomment,22466
islamisbeautiful,22467
islamisnotguilty,22468
forceacharlie,22469
onvousaime,22470
onvousoubliepa,22471
onpenseavou,22472
tonisixpack,22473
jesuismoi,22474
teamhuitroi,22475
runstatic,22476
frandroid,22477
ataqueterrorista,22478
alertamaxima,22479
ppd,22480
liberezmonpeuple,22481
liberezcongo,22482
beaugeste,22483
blaguenulle,22484
hypocrisiehumaine,22485
jesuisnoncoupable,22486
jesuishanna,22487
tesbeteouquoi,22488
bete,22489
notwithmykhobz,22490
jesuischarlieahmedfranckbernard,22491
freepres,22492
jesuisclemence,22493
dkny,22494
albanaisfragile,22495
peinee,22496
militaire,22497
place,22498
frange,22499
tragique,22500
jesuspeace,22501
aliot,22502
a1,22503
semestre1,22504
onsefollowentremarocain,22505
leeeecheee,22506
dehor,22507
jesuiszahou,22508
athrma,22509
acesoir,22510
onsestouscharlie,22511
motivax,22512
jesuismusulmanpourtoujour,22513
teamatletico,22514
jesuisbarack,22515
prenezlaporte,22516
chongjizhan,22517
tero,22518
socomplicated,22519
indignonsnou,22520
hautlescoeur,22521
jesuisanthonyvln,22522
jppselache,22523
reposeenpaix,22524
remixligaonemadinveusti,22525
muslimandproud,22526
laseche,22527
islamisnottheproblem,22528
unsc,22529
faiteslamourpaslaguerre,22530
lafranceunie,22531
ardaturan,22532
jesuisbenatia,22533
rekt,22534
ilyadesfouspartout,22535
monstrueux,22536
paixamour,22537
jesuischarlieekwahelimby,22538
asuivre,22539
merengue,22540
pourqueuxaussisoientlesfuturscharlie,22541
devinequijesui,22542
irigny,22543
copyright,22544
quejusticesoitfaite,22545
casentleseum,22546
glowupchallenge,22547
humourdetente,22548
ndb,22549
rmaatl,22550
isco,22551
vegetalien,22552
wearethepeople,22553
jesuischarlieetlachocolaterie,22554
belleexperience,22555
tapleure2an,22556
kamposvoice,22557
fanbase,22558
teamatleticomadrid,22559
malgretout,22560
freedomofthought,22561
atmvsrealmadrid,22562
fuckreal,22563
tariencompri,22564
antisysteme,22565
stopracism,22566
larme,22567
natale,22568
cro,22569
vision,22570
idee,22571
regali,22572
diplomacy,22573
storia,22574
solidairecharliehebdo,22575
emmenagement,22576
lyceecamille,22577
enfluredaech,22578
vousnaurezpasmalibertedepenser,22579
bleublancrouge,22580
choron,22581
sheysheypresidente,22582
medyconseille,22583
stopauracisme,22584
commentatricemoinschere,22585
religionpoisonseverything,22586
jesuiscesdeuxpolicier,22587
laxisme,22588
pourlesconnaisseur,22589
napoleone,22590
bicorno,22591
iocammino,22592
itinerario,22593
dobermann,22594
viaggi,22595
fiac,22596
pranzo,22597
locatore,22598
commentatrice2,22599
iamamuslimnotaterorist,22600
catho,22601
ltva2015,22602
andreasnewvid,22603
gallipoli,22604
spring1918,22605
chanak,22606
entouragemovie,22607
bougnoulo,22608
bougnoulordv,22609
tmt,22610
bandedemouton,22611
redwing,22612
dusangetdeslarme,22613
paslaplace,22614
statement,22615
skirt,22616
thefall,22617
conversionenleger,22618
vraibon,22619
toutcequedieufaitestbon,22620
conversionduturfu,22621
ostanoviteplanetuiasoidu,22622
marielepen,22623
stayconnected,22624
liberterdexpression,22625
achetonstouscharliehebdo,22626
jesuisjessy,22627
butshocked,22628
ftv,22629
gocuisine,22630
obesity,22631
caw,22632
pauvrescon,22633
paradissquad,22634
lebougnouledelachambrequiparle,22635
lovemygirl,22636
jesuischarliele,22637
tweetcommeunfandelasse,22638
ogw,22639
parfaithommage,22640
andouille,22641
simeon,22642
jourdelalibertedexpression,22643
pourlaliberte,22644
lasemaineprochainejachetecharlie,22645
mohammedmerah,22646
mademoisellejoubert,22647
sacdecour,22648
avnation,22649
11septembre,22650
passioncyclisme,22651
noussommeslaliberterdexpression,22652
nepasconfondre,22653
jesuisuncharlie,22654
theodorepresident,22655
freejournalism,22656
whoop,22657
pale,22658
killallchristian,22659
tempspourri,22660
openyourmind,22661
laposte,22662
weareallcharliehebdo,22663
thisiswhoireallyam,22664
tweetname,22665
noword,22666
allezvouscoucherlesignard,22667
tweetdefragile,22668
maiscestvrai,22669
editionspeciale,22670
protectfreedomofspeech,22671
dve,22672
bsn,22673
jesuislee,22674
xnxx,22675
quiserappel,22676
ouialapaix,22677
filoche,22678
jesuismafiak1fry,22679
coward,22680
jesuislerealmadrid,22681
yerre,22682
ouestlammert,22683
eusuntcharlie,22684
fusilladearra,22685
nofriendsforme,22686
lerespectsvp,22687
thegoonie,22688
starbuckscoffee,22689
tranquility,22690
blackthursday,22691
inhumain,22692
onpeutriredetoutaskip,22693
riezmtn,22694
histoirelouche,22695
jppballondor,22696
reagisson,22697
growupchallenge,22698
lyon7,22699
tousennoirpourcharliehebdo,22700
mondepourri,22701
stopauxamalgamme,22702
capitoletoulouse,22703
tousennoir,22704
despente,22705
liberteendeuille,22706
charleebdo,22707
chalgoumi,22708
unbrokenmovie,22709
motivation200,22710
chariahebdo,22711
remembermerah2012,22712
lagalaxy,22713
grandemosquee,22714
moncoeurbatspourcharlie,22715
soisysurecole,22716
chacunsateam,22717
badboy,22718
jesuistoulouse,22719
byebye,22720
toun,22721
theenergyneverdie,22722
achacununcrayon,22723
jvaispasdormirtrkl,22724
com,22725
ripprincesstracydirectioner,22726
jesuischicha,22727
francenotaffraid,22728
togetherwestand,22729
nousosmmescharlie,22730
offmaisvraimentcettefoi,22731
nofixedaddres,22732
suzynation,22733
peaceintheworld,22734
rebeu,22735
turque,22736
ketur,22737
vasimolomolo,22738
saidkouachi,22739
hamydmourad,22740
allahyrahmo,22741
ijtihad,22742
islamneveutpasdireterrorisme,22743
humoirnoir,22744
mafrance,22745
humourdunarabe,22746
3poz,22747
americanidol,22748
bettyboop,22749
poufvoice,22750
sedevacfriendly,22751
degouter,22752
tooearly,22753
mouradhamydinnoncent,22754
hassanembrek,22755
notupsettinganybody,22756
crayoncontrekalashc,22757
francedebout,22758
brequigny,22759
byejesuischarlie,22760
wce,22761
amar6oinnocent,22762
twobrother,22763
twosister,22764
hobbit,22765
offjesuischarlie,22766
croixrougefrancaise,22767
puinguintahmadagascar,22768
beautalk,22769
jesuisturc,22770
jesuisemrah,22771
lunite,22772
anthea,22773
techiesinvega,22774
generationmerah,22775
vroomvroom,22776
operationencour,22777
frenchbashing,22778
vivalafrance,22779
jesuismehdi,22780
overthinkingproblem,22781
cantsleep,22782
cestbonsa,22783
indignee,22784
armeinegal,22785
jttf1,22786
pasqua,22787
lallberted,22788
ff6,22789
littlebrother,22790
soccharlie,22791
votingholdingnose,22792
thehobbit,22793
sebattrepourlaliberte,22794
povcon,22795
limay,22796
sublimescreature,22797
galaxytab,22798
abonnementmassif,22799
injuste,22800
jesuisrohff,22801
angoissee,22802
israhell,22803
sogukkisgecesinde,22804
lundiconfession,22805
lettura,22806
remotivee,22807
desespere,22808
nyu,22809
cetaittemp,22810
youllneverwalkalone,22811
00h,22812
potdecollequonaime,22813
lajeunesse,22814
clashcommelesmeufrenoissurtwitter,22815
libererlatechtonique,22816
meilleurssnappeur,22817
unetuerie,22818
tweetcommeuncassecouille,22819
oeuvredudiable,22820
deesseindienne,22821
demainreunionimportante,22822
totination,22823
adopteuncasula,22824
prost,22825
remplaceunmotdansunfilmparponey,22826
meseedulouvre,22827
hermosaexperiencia,22828
pausengate,22829
zukurz,22830
low,22831
ajm,22832
yeswecat,22833
blackxo,22834
pleasevoisinelaissemoidormir,22835
zeuscestmonboy,22836
teamalgeria,22837
instadz,22838
instaalgeria,22839
gbagbo,22840
teletebbe,22841
disappointed,22842
droitaloubli,22843
exception,22844
mauvaisdelire,22845
kakaledigeremal,22846
tocarde,22847
jvaisrouler,22848
map,22849
aucoeurdel,22850
mycousinistoofar,22851
avenuemontaigne,22852
6deenero,22853
redcros,22854
tuttifratelli,22855
defoncee,22856
ombredundoute,22857
louisxv,22858
fontenoy,22859
tenupro,22860
br2015,22861
aucoeurdeletrange,22862
duchamp,22863
pompidoucentre,22864
horn,22865
liberehorish,22866
cancre,22867
intram,22868
top5,22869
bildiyeyazdim,22870
captainfantastic,22871
depuistudorsparterre,22872
grandmeanteauxvert,22873
prdmaintenupro,22874
ilpourraityavoirundoublesensmaisnon,22875
tpmpisback,22876
manuelneur,22877
theplacetobe,22878
lavallavie,22879
madein53,22880
elargissezvoshorizon,22881
souler,22882
1x,22883
gathering,22884
gallerie,22885
askmigururmu,22886
baumette,22887
teamantille,22888
quicomprendrasera,22889
fraggggilllleeee,22890
surunairdelibererdelivrer,22891
staff,22892
teacher,22893
stadetoulousain,22894
ohyeah,22895
overload,22896
vernet,22897
toxicfamily,22898
train1euro,22899
jaimemaregion,22900
floor,22901
bradleycooper,22902
pasevident,22903
hazy,22904
foggy,22905
pvnvme,22906
buckinghampalace,22907
byappointmenttohermajestythequeen,22908
languedocroussillon,22909
catalogne,22910
nosdebut,22911
maviedelautrecotedulit,22912
robertdelaunay,22913
grevedesmedecin,22914
jaimetrop,22915
groundlevel,22916
jenelisquelesnoticesikea,22917
touteunehistoire,22918
colt45,22919
braquo,22920
grandma,22921
yobitch,22922
pasfacile,22923
radioclassique,22924
entrance,22925
saintmerri,22926
teamdesespere,22927
toc,22928
portuguesevine,22929
beggar,22930
mother,22931
door,22932
idel,22933
medecinsgeneraliste,22934
patient,22935
apprendaecrire,22936
nokoegida,22937
nobaergida,22938
xanadou,22939
mshcpsg,22940
oncommencebienlannee2015,22941
esclavescolaire,22942
colored,22943
shroud,22944
figure,22945
nativity,22946
taper,22947
goodnighworld,22948
boulangerie,22949
lechao,22950
nicolascage,22951
chadmickaelmurray,22952
coeursurelle,22953
setting,22954
opportunite,22955
liveyourlife,22956
paramparca,22957
portuguesemomsbelike,22958
nekfeu,22959
antho2,22960
joey,22961
bestserie,22962
lesparentspetentlesplomb,22963
goldenretriever,22964
karinelemarchand,22965
lovebaba,22966
manquedeouf,22967
lpspatiencegame,22968
fangirllifeishard,22969
jetaisunetranger,22970
portuguesemom,22971
portugueseproblem,22972
grandbaie,22973
djassad,22974
jimmygassel,22975
willywilliam,22976
videursvsdj,22977
bagarre,22978
rixe,22979
myeverything,22980
beforeanyoneelse,22981
deprimepostmemoire,22982
cantlie,22983
bfa,22984
lp3banque,22985
ufrseg,22986
twitterforandroid,22987
alzheimer,22988
pouf,22989
pauvremeuf,22990
ideedelecture,22991
monteleson,22992
rhoa,22993
lmao,22994
immo,22995
tierspayant,22996
beready,22997
aladinlefilm,22998
voilavoilalive,22999
mercipourceneant,23000
valtrier,23001
projectmanager,23002
radiofg,23003
1000m,23004
javelot,23005
sapin,23006
salete,23007
googlemybusines,23008
h1,23009
grandfrereautop,23010
schoolday,23011
routine,23012
caminitodelaescuela,23013
conducteur,23014
amoursurplaceouaemporter,23015
ortagelirtuzagi,23016
turkiye,23017
volvo,23018
zoneeuro,23019
eurozone,23020
levedusoleil,23021
superfood,23022
rumeur,23023
trade,23024
frary,23025
renewreign,23026
fevad,23027
siphadventure,23028
parismangoisse,23029
jevaisetreenretardautravail,23030
jonathangroff,23031
blackandwhitechallenge,23032
linarretable,23033
nuitprolongee,23034
mercimadame,23035
teamsolitude,23036
0penspace,23037
streetdance,23038
nuhanciam,23039
stationnement,23040
camare,23041
messepolsisse,23042
suicidesquad,23043
jasonstatham,23044
armageddon,23045
malheur,23046
horairedefonctionnaire,23047
lareponse,23048
beurrepourtou,23049
madamefigaro,23050
wetbut,23051
icyrump,23052
neujahrsempfang,23053
voleusedecafe,23054
servicespublique,23055
bienvenuealyon,23056
arielle,23057
dombasle,23058
pascal,23059
marilou,23060
bugdederniereminute,23061
upnow,23062
derapage,23063
critique,23064
23yearswithdefjb,23065
swaggdenouakchotienne,23066
rpa,23067
paristripagain,23068
senserei,23069
ambilusio,23070
parking,23071
ceser,23072
whatisenglish,23073
situesdispo,23074
againandagain,23075
lawerdose,23076
hermanito,23077
dreikonigskuchen,23078
teamprayer,23079
ilcaille,23080
cestlemoment,23081
onfonce,23082
inculte,23083
coupeducentreouest,23084
fh2017,23085
grandnancy,23086
jokeof2015,23087
beurettedelateteaupied,23088
newbeginning,23089
m4,23090
allinittogether,23091
workresolution,23092
epifania,23093
tuttelefestesiportavia,23094
a340,23095
tristitude,23096
ecoledemanagement,23097
morethanknowledge,23098
sweater,23099
bde,23100
realpoverty,23101
sogerdick,23102
stepbystep,23103
upec,23104
photobombing,23105
infodujour,23106
houellebeck,23107
dossierqualite,23108
reformefiscale,23109
democratisation,23110
ilg,23111
ikedasensei,23112
lamappadellafelicita,23113
feel,23114
joy,23115
aeroville,23116
louisahhh,23117
brodinski,23118
polabox,23119
postprod,23120
jaitropdesouciedansmavie,23121
mamie,23122
andlv,23123
lync,23124
interne,23125
cesgo,23126
quandestcequejarretedetremalade,23127
concordanceapproximative,23128
philosophy,23129
sivoussavezpasquoifairedevotreargentdonnezlemoi,23130
qualitedelair,23131
quiveutepousermafille,23132
gapamienscdf,23133
paracha,23134
motd,23135
digitalmarketing,23136
nokia,23137
unesaisonavecjulien,23138
adishatz,23139
selfdrivecar,23140
hubce,23141
raiponce,23142
rapunzel,23143
tangled,23144
ygpower,23145
tvshowsschedule,23146
rge,23147
qualibat,23148
artisan,23149
putaingdemontagne,23150
charbon,23151
penseeprvou,23152
mauvaissouvenir,23153
sportstar,23154
akachouri,23155
eurometropole,23156
coolmavie,23157
rcf,23158
collaborativeconsumption,23159
trending,23160
modezombie,23161
savepika,23162
frenchswiftieswant1989worldtour,23163
evidemment,23164
firstreading,23165
madrelle,23166
btsnrc,23167
bbtheoryfr,23168
comprendspa,23169
tonic,23170
tonicsting,23171
presquelecarwash,23172
girlonline,23173
top1957,23174
lorntech,23175
terrasse,23176
sofitel,23177
coincidence,23178
lapinscretin,23179
coeursurvou,23180
bisousdemoi,23181
onsefollowlemardimidisanspression,23182
yafeel,23183
selfportraittuesdaynonchallenge,23184
windowsxp,23185
crs5launch,23186
2ndsemestre,23187
bringbackourfilip,23188
nespresso,23189
inissia,23190
yourevent,23191
jeunotcestlavie,23192
francoisegiroud,23193
team76,23194
graou,23195
falcon9launche,23196
usager,23197
croatie,23198
pag,23199
zrce,23200
novalja,23201
mafia,23202
tr2,23203
bellerencontre,23204
nkfanart,23205
tofu,23206
parmesan,23207
maisonvalentino,23208
marx,23209
steaknshake,23210
hamburger,23211
onvaetrebien,23212
em,23213
dab,23214
complicite,23215
leopard,23216
quandfanny,23217
blogueuse,23218
dedicasseauxvacance,23219
tumamanquemaisjrevienstkt,23220
30daysflatabschallenge,23221
ssquaad,23222
30dayflatabschallenge,23223
curiosity,23224
shingekinokyojin,23225
salif,23226
gad,23227
tropbelle,23228
vapez,23229
bellejournee,23230
politiquefrancaise,23231
rentreepasassume,23232
vafalloirreprendre,23233
prog,23234
youareamazing,23235
dunez,23236
victorhugo,23237
architexture,23238
espritcoupedefrance,23239
motiv,23240
dans9joursjhiberne,23241
michelroger,23242
tagueulemerkel,23243
lnv,23244
ffvb,23245
assassinscreedbrotherhood,23246
brotherhood,23247
valentinesdayiscoming,23248
whatdidyouexpect,23249
disappearing,23250
etheureux,23251
brunomar,23252
clipstudio,23253
cabaret,23254
twingirl,23255
sweden,23256
daim,23257
maisheureux,23258
29j,23259
jumper,23260
puresportsclub,23261
thefitmr,23262
getfit,23263
dark,23264
carrementbrunet,23265
disciplesdescoffier,23266
stav,23267
robillard,23268
cafaisaitlongtemp,23269
fetesouslestropique,23270
elodietouteseule,23271
guardiolaleretour,23272
2015ratg,23273
teamblond,23274
teamsexy,23275
teambeautefatale,23276
bluespassion,23277
pretamanger,23278
partie2,23279
onsefollowlaveilledelarentree,23280
quedubon,23281
nailpolish,23282
vendingmachine,23283
horsiledefrance,23284
secondfamily,23285
tweetallure,23286
footetimmigration,23287
machiavel,23288
latebloomer,23289
shadow,23290
mike,23291
espagnol,23292
fahlo,23293
er,23294
maserie,23295
voilapourquoijesuiside,23296
tropdenotification,23297
fredericbeigbeder,23298
proceduresfiscale,23299
2emepartieldelajournee,23300
m1,23301
cestlarentree,23302
smockyeye,23303
rockandrollbabe,23304
francegall,23305
nantesjetaime,23306
violencedomestique,23307
neverlosehope,23308
neverlookback,23309
neveranydoubt,23310
19janvier,23311
linkinthebio,23312
mywholeyear,23313
23mai,23314
vestiaire,23315
onsenfou,23316
jemmerde,23317
ceux,23318
qui,23319
lepense,23320
jimmyfallon,23321
aymeilaltva,23322
teamjeune,23323
jammy,23324
cpassorcier,23325
huatsushiyon,23326
cdp2015,23327
carrierisme,23328
ccp2015,23329
latovapo,23330
kalelecig,23331
frenchy,23332
choucroute,23333
pas,23334
pommedeterre,23335
saucisse,23336
gotoschool,23337
laloire,23338
tchiiiiiip,23339
gleek,23340
lachapelle,23341
jenferaiunepubpourchewinggum,23342
bureaupresdelascenseur,23343
boutdurol,23344
comeonbaby,23345
zadig,23346
catseye,23347
chilling,23348
bodruuuum,23349
lallemand,23350
parisnewyork,23351
pny,23352
grossecarotte,23353
vtscan,23354
broken,23355
monumentvalley,23356
courge,23357
sucree,23358
penal,23359
brooke,23360
hoyseentrena,23361
acymailing,23362
tobecontinued,23363
foraforcesocupacio,23364
vidasana,23365
grandesoeur,23366
wef2015,23367
kensarowiwa,23368
soyinke,23369
privatejoke,23370
shamitabh,23371
worklife,23372
normalbehavior,23373
lfedlp,23374
endofthestory,23375
revisiondederniereminute,23376
faitchaudici,23377
tourismedurable,23378
notredamecathedral,23379
thehunchbackofnotredame,23380
artso,23381
funnyphoto,23382
bob,23383
simplelife,23384
autremonde,23385
onrigolebienchezlesgeek,23386
sigma,23387
justanopinion,23388
maevacomedyclub,23389
bygmalion,23390
nail,23391
montanafitnes,23392
decorationsgonewrong,23393
nomoral,23394
commentniquersacarriere,23395
oralbacfrancai,23396
revonsplusgrand,23397
redhyperfuze,23398
jolisreve,23399
pontdesart,23400
aubureau,23401
savigoal,23402
societe,23403
cestchaud,23404
foulweather,23405
boredom,23406
eolienne,23407
enr,23408
histoireeco,23409
tribune,23410
lovesi,23411
musiquedramatique,23412
igeurope,23413
massdislike,23414
stephaneplaza,23415
comportementsquisauvent,23416
legostore,23417
rirediabolique,23418
clapclap,23419
epiphany,23420
mcmax,23421
projet,23422
gaite,23423
mouchotte,23424
blaguedejuriste,23425
amourveritable,23426
cechienestpartout,23427
mgen,23428
pack15,23429
paysdelaloire,23430
atila,23431
agdqfr15k,23432
2015yearofchange,23433
maindroite,23434
cestquilepatron,23435
bantz,23436
partielsrate,23437
cftc,23438
greatmindsthinkalike,23439
truthhurt,23440
letitgo,23441
esperanto,23442
gimbert,23443
yenamarredecestype,23444
occupezvousdevotrefemme,23445
cumul,23446
rfrysh,23447
sida,23448
aid,23449
painsurlaplanche2015,23450
teampoisson,23451
corsecroissance,23452
luniversitematuer,23453
laziosamp,23454
laziosampdoria,23455
sampdoria,23456
o2,23457
arena,23458
panzi,23459
dolcegusto,23460
instadrink,23461
fdlr,23462
teamfitnes,23463
tristelife,23464
hg3,23465
voiturepeople,23466
fucklasociete,23467
griffor,23468
gaitelyrique,23469
unacceptable,23470
wewe,23471
salarie,23472
bledard,23473
lifeatwork,23474
teamgerardholtz,23475
cissokho,23476
cissoko,23477
tafaisunmalaisecommelorene,23478
profdrogue,23479
sarkolapanique,23480
creativitey,23481
nolanista,23482
what,23483
frenchkingcake,23484
epiphanycake,23485
eatgalettedesroi,23486
bisquitcognacteam,23487
tome2,23488
sassuolo,23489
lawoop,23490
reccord,23491
cabouge,23492
caglisse,23493
cadechire,23494
enroutepour2015,23495
kinderbueno,23496
notforthecoffee,23497
forthewifi,23498
onvabienlesniquer,23499
jaipasletelephonerouge,23500
spreadthenancylove,23501
bibliolatry,23502
plusque4,23503
instaniko,23504
etcestdejatrop,23505
gele,23506
projpublique,23507
artpari,23508
cci74,23509
troppetitelaboitealettre,23510
christinacordula,23511
keenv,23512
ledlp,23513
lespoupeesrusse,23514
riplesoleil,23515
disaffection,23516
benandjerry,23517
doublefun,23518
newme,23519
neyo,23520
realvamp,23521
beastmode,23522
pointfashion,23523
lynchmob,23524
sagna,23525
mangala,23526
jovetic,23527
nava,23528
stresser,23529
bepasssp,23530
oitnbseason3,23531
30dayssquatchallenge,23532
lacherien,23533
jusquaubout,23534
kissdelakf,23535
parisiensetpremierpigeondefrance,23536
balondeoro,23537
mercidenousrassurer,23538
meetic,23539
bolossanai,23540
autumn,23541
leave,23542
plantagenet,23543
tic,23544
taimlasyrie,23545
iliketorun,23546
hoax,23547
ilslontditsurrtleteurope1,23548
verifiebolos,23549
disleur,23550
saucegombo,23551
twinsparty,23552
eiffeltoren,23553
bubbel,23554
justinweareexcitedfortoday,23555
baloo,23556
ilenfautpeupouretre,23557
moogli,23558
lelivredelajungle,23559
familytime,23560
mieuxvautenrire,23561
misseuei,23562
peurangsu,23563
missa,23564
saya,23565
hga,23566
lesanges6,23567
fcl,23568
quaibranly,23569
4mariagespourunelunedemiel,23570
rhennanhevi,23571
r8,23572
plombierencarton,23573
leseultrucbiendelasncf,23574
rayanebensettimemorie,23575
mino,23576
deterd,23577
lesmecsdominenttwitter,23578
upset,23579
planning,23580
mochablanc,23581
allen,23582
bourque,23583
bandedefdp,23584
mybabyso,23585
cooperation,23586
cam,23587
lepotentiel,23588
teamso,23589
alexturnerbirthday,23590
crim,23591
atpdoha,23592
couplesansutilite,23593
coupleetonantde2015,23594
webtv,23595
pawolvoye,23596
insanitytime,23597
justinweareready,23598
bailando,23599
enriqueiglesia,23600
enmodedj,23601
jalla,23602
alltimegreat,23603
printemp,23604
enjoyit,23605
sremmlife,23606
teamzola,23607
lesvacancescafaitmalaucul,23608
priezpourmoi,23609
jaimalparavance,23610
fastandfuriou,23611
marcusvideo,23612
oncle,23613
mickeyscache,23614
mababyalvin,23615
bismuth,23616
llsm,23617
rencontrekevinhg4,23618
renard,23619
qatarexxonmobilopen,23620
vbcnancy,23621
kinect,23622
jechangemespneu,23623
moins4secondesdanstavie,23624
gdl,23625
clublife,23626
tiesto,23627
cousinade,23628
cesnap,23629
popoaduruy,23630
unecordesvp,23631
yoksulluk,23632
sosyalyardim,23633
dansmarue,23634
lesbeatle,23635
gasso,23636
etudiant,23637
fdplogo,23638
emploisdutempsdemerde,23639
weback2015,23640
changedesujet,23641
fakear,23642
superpoze,23643
thylacine,23644
vanderbiezen,23645
ksc,23646
fo,23647
hr,23648
stereokicks250k,23649
bbporthenewbestboyband,23650
yaduvecu,23651
demainjacheteunsacamain,23652
catombecestlessolde,23653
standardforit,23654
martinparr,23655
congratsontheweddingliam,23656
neones,23657
usualsuspect,23658
ltmswldhr,23659
lshfy,23660
jeanpaulrouve,23661
maisjetaimequandmeme,23662
onveutrevoirlesanciensdekickon,23663
dansmaruche,23664
legrand,23665
decouverte,23666
observateur,23667
donttouch,23668
surveillant,23669
goahead,23670
thanxgod,23671
onarretelesconneriesen2015,23672
celibattante,23673
aymelialtva,23674
salaire,23675
inked,23676
laurierstv,23677
speciale,23678
ckedubonheur,23679
alorsonsort,23680
valeriereviensvite,23681
valerierevientvite,23682
oublie,23683
amnesia,23684
soutienphilae,23685
defaut,23686
thelastdoor,23687
oubliezpaslesparole,23688
canousfaitchiez,23689
chicken,23690
frie,23691
bean,23692
vbcslu,23693
lettersfromwar,23694
swanqueen,23695
canousfaitchier,23696
lafindugame,23697
enattendantlasortiesuritune,23698
queend,23699
jtcanal,23700
sergebabary,23701
seb,23702
jtm,23703
chansondemavie,23704
steinberg,23705
soldissime,23706
pubhistoire,23707
teamcaparledansledo,23708
destgaescp,23709
jossfamily,23710
dubourg,23711
devientmauvaisecopine,23712
bergeonnerie,23713
siriusxm,23714
30daysfitnesschallenge,23715
bonvieutemp,23716
etbonneannee,23717
fakeplein,23718
auto,23719
petitesannonce,23720
osefilestcontent,23721
hepatitec,23722
miami,23723
venise,23724
enimmersion,23725
teamsiham,23726
teamlea,23727
tirscroise,23728
leradeaudelameduse,23729
ldpla,23730
fessee,23731
legraaltour,23732
jsuisqunthug,23733
latour,23734
connectivite,23735
petiteoverdose,23736
houelbecq,23737
perelamorale,23738
lepaon,23739
daytwo,23740
indoorgarden,23741
amaryllisabouttoopen,23742
gosluc,23743
sfr,23744
cesenanapoli,23745
delectableapp,23746
greatplayer,23747
killerinstinct,23748
lbesp,23749
najwanianspower,23750
civisme,23751
cigale,23752
lesuvcestmal,23753
elumecsaledelanne,23754
micheline,23755
maquilleuse,23756
antenneregion,23757
aymeric,23758
leilabenkhalifa,23759
athle,23760
teamchiemihara,23761
vigilant,23762
01netce,23763
esante,23764
tjrsssaupremierrang,23765
habibatooooun,23766
mercipartiel,23767
voeuxp,23768
ueps2015,23769
marnaval,23770
clubnintendo,23771
premieralbum,23772
printemps2015,23773
echecscolaire,23774
discipline,23775
merciauxparentsbenevolesquisiegent,23776
twitch,23777
teammartika,23778
sympa,23779
tata,23780
roadtotheglobe,23781
tataisaveutpechobertrand,23782
allin,23783
filmquimasmarque,23784
cul,23785
tufaitpitiermeuf,23786
redhairsquad,23787
pouvoirdesmamelle,23788
vivian,23789
kingmaxou,23790
mouledautrichien,23791
mukwege,23792
privatistepower,23793
scar,23794
leroilion,23795
liberezhenaprenezbarhada,23796
lovemyidole,23797
walloffame,23798
tatoueurstatoue,23799
stopforcing2015,23800
fuckrondo,23801
sampaganini,23802
team99,23803
biginjapan,23804
badiou,23805
umitkurt,23806
yeezy,23807
phrasedeci,23808
s03e04,23809
unmassagesiouplait,23810
printempsdesassoce,23811
marchedesfierte,23812
boi,23813
lauret,23814
rawdc,23815
arnoquote,23816
psv,23817
madame,23818
depaname,23819
aloeblacc,23820
wallaye,23821
skischool,23822
ieseg,23823
moijisui,23824
huez,23825
raphael,23826
princesdelamour,23827
albaycicek2004ihanetiniitirafetti,23828
jmenbalek,23829
jmenfou,23830
mahomie,23831
mairevedettesurtwitter,23832
gtoulu,23833
priprete,23834
pde,23835
resultat,23836
pffffff,23837
liviabachelor,23838
monoart,23839
instabw,23840
kiffperso,23841
erection,23842
chic,23843
jospin,23844
darfur,23845
farine,23846
oeuf,23847
ketchupmayo,23848
mairiedepari,23849
utilite,23850
rabhi,23851
apresgram,23852
litte,23853
jessymatador,23854
euroauplusbasdepuis9an,23855
rastarocket,23856
ligneverte,23857
oncontrole,23858
teamcongolaisivoirien,23859
pauvrete,23860
jaimepaa,23861
ripprincessdirectioner,23862
ziggy,23863
villenumerique,23864
chruterchraft,23865
congratsjustinforck,23866
lagavulin,23867
bsh,23868
likeabos,23869
abdoun,23870
nudechallenge,23871
mariokart,23872
maxime,23873
projetx,23874
kaddhafi,23875
palestinewillbefree,23876
galerievivienne,23877
cityofmyheart,23878
tutereconneavou,23879
firsttry,23880
motivay,23881
bernadettechirac,23882
socca,23883
orlinzoo,23884
commercant,23885
artisant,23886
appartement,23887
readyforthenewyear,23888
norageplease,23889
jesperebieninsh,23890
antoinedecaune,23891
avant,23892
messisidirectivano,23893
restauration,23894
leburgundy,23895
okjesuislourde,23896
7sur7be,23897
bebelouisequifaittomberseslunettesdansuneriviere,23898
sulivansursnapchat,23899
moche,23900
relou,23901
voilaleprogramme,23902
socialbusines,23903
tacapterhyn,23904
teampeulh,23905
gillesbouleau,23906
jeveuxlavoir,23907
jackwhite,23908
kasabian,23909
elallalirachid,23910
punchiiiiiiine,23911
besoindechocolat,23912
psyadeuxballe,23913
etienne,23914
otarikuclan,23915
concertdunouvelan,23916
atouteepreuve,23917
ninapresidente,23918
montblanc,23919
vauxmieuxhiberner,23920
jeteledit,23921
tangfrere,23922
bel,23923
frederique,23924
pubfoie,23925
foie,23926
bienvue,23927
americanapparel,23928
stuartweitzman,23929
highlandboot,23930
smashthepoly,23931
vday,23932
sisi,23933
brandstore,23934
artcar,23935
m3gt2,23936
hero4,23937
ghandi,23938
sexfriend,23939
ripelise,23940
racontesavie,23941
riplise,23942
mb,23943
alorsonestjaloux,23944
season10,23945
episode7,23946
physique,23947
forme,23948
adopteunstagiaire,23949
asrvff,23950
lauriestvaward,23951
dalbro,23952
ot,23953
viedechien,23954
imjustsayin,23955
onestlesroi,23956
dsl,23957
danslebontemp,23958
canteloup,23959
thetourist,23960
ladresseuse,23961
labrador,23962
poorme,23963
polandname,23964
biocbon,23965
ultimaterush,23966
equipe21,23967
teambu,23968
gorillesanslabrume,23969
pubdemerde,23970
francetaree,23971
gorilledanslabrume,23972
realworld,23973
ouijelaiencoreentete,23974
internationaledmeetup,23975
6ter,23976
yasslamenasse,23977
fleur,23978
teamcar,23979
6h15,23980
cvpep,23981
strongproject,23982
mespatientssontmerveilleux,23983
19day,23984
sisteract,23985
2en1,23986
teambloquerparlesconne,23987
davidtennant,23988
davidisback,23989
bal27,23990
tevez,23991
mercisegolene,23992
ddr085,23993
jaitrouve20mpourlehac,23994
cesar2015,23995
marionetamirontkensurlebureaudejulie,23996
jeaneude1erdelaclasse,23997
dusale,23998
futurinfirmiere,23999
herve,24000
bro,24001
sheldoncooper,24002
labyrinthe,24003
betjeman,24004
mcdopamier,24005
mcdoverniolle,24006
camren,24007
juventusturinintermilan,24008
forzajuve,24009
bianconeri,24010
chieronthecanape,24011
geoterminale,24012
honteamoi,24013
twogmartine,24014
laisselesgondolesavenise,24015
findecontrat,24016
lepremier,24017
ellesvontmemanquer,24018
adidasngt,24019
batterydoctor,24020
sezane,24021
teambernard,24022
teamstansmith,24023
majoriteabsolue,24024
mangerpouroublier,24025
bromination,24026
bromance,24027
timsursnapchat,24028
rougeur,24029
han,24030
hugoetkatharine,24031
boucvolley,24032
worldeconomicforum,24033
messedu20h,24034
dirtydistrict,24035
grossefan,24036
surreybc,24037
rad,24038
ln,24039
wzyfnsyy,24040
wzyf,24041
llnsfqt,24042
trevise,24043
irresistible,24044
falloutboyabap,24045
immortal,24046
centurie,24047
harrytweetsomething,24048
taratata,24049
tuesdaynightdelight,24050
marikaontaime,24051
mapremierefoi,24052
saassooouu,24053
ezgi,24054
laurane,24055
lelouch,24056
fanou,24057
bacteria,24058
maikaontaime,24059
mapleleaf,24060
riotclub,24061
teamdisiz,24062
objectifldc,24063
levrespulpeuse,24064
dals4,24065
frenchwingz,24066
trophate,24067
bigloooooooooove,24068
justdjal,24069
ahl,24070
jambe,24071
nvmland,24072
djedjeontasrodave,24073
grecia,24074
lebensraund,24075
exceptionnelle,24076
vivementfevrier,24077
longuesemainedesolde,24078
tshiiip,24079
14eme,24080
impasse,24081
spam,24082
comiquedemerde,24083
team7,24084
keuchonne,24085
mimijunior,24086
vhc,24087
belieberarefamily,24088
waze,24089
wazer,24090
professionnel,24091
nathalieportman,24092
myperfection,24093
catacombesdepari,24094
catacomb,24095
set,24096
hellokitty,24097
americanpie,24098
robe,24099
tisaneparty,24100
zafin,24101
kholle,24102
mpsi,24103
prepalife,24104
teamgrailleur,24105
yassin,24106
healthyeating,24107
fourberie,24108
tucoco,24109
3x09,24110
3x10,24111
mennen,24112
deo,24113
firstdayback,24114
kpop,24115
thepolice,24116
everybreathyoutake,24117
grunt,24118
loulounicollin,24119
zbeul,24120
unjourundestin,24121
philippenoiret,24122
lecturedel,24123
baclitterature,24124
madamebovary,24125
acro,24126
cchaudmagle,24127
tf1parisclimat2015,24128
abasladetox,24129
jaimelagalette,24130
vivelesbodin,24131
fananimemanga,24132
cchaud,24133
mf,24134
kpop2,24135
fuckthelogic,24136
homecooked,24137
mmepavoshko,24138
lla,24139
naughtyaftercheersnack,24140
prepareforbattle,24141
nadal,24142
unchapeaudepailleditalie,24143
teamtunisie,24144
jepositive,24145
estebanlemytho,24146
sh,24147
somnifere,24148
monicaspear,24149
venezueladeluto,24150
tome1,24151
fantastique,24152
podolski,24153
realisme,24154
lpscc,24155
inquiete,24156
proundofmyself,24157
postbac,24158
pasdouee,24159
monjnounressort,24160
dametflo,24161
auph,24162
bestteam,24163
littlemonkey,24164
tf140an,24165
captainswan,24166
captainswanbaby,24167
unfortunately,24168
sakette,24169
tweetdelover,24170
renelataupe,24171
auxange,24172
southoffrance,24173
lovenizza,24174
jaimenice,24175
dolorisvancartier,24176
whoopigoldberg,24177
teamjulie,24178
pourlavie,24179
barbedejamesharden,24180
portelapoisse,24181
allezjuventu,24182
bellesoeur,24183
winebar,24184
icardi,24185
dday70,24186
tw,24187
cavatoujour,24188
edwardkitsi,24189
easywin,24190
napolijuve,24191
teamchanty,24192
familyzone,24193
questcequonsenbatslescouillesptntgstp,24194
ujud,24195
noiretphilippe,24196
teamargentsansgalette,24197
bird,24198
coeurfragile,24199
lovesexe,24200
confidence,24201
mentorsvestimentaire,24202
bidoumbidoum,24203
entrefille,24204
samayre,24205
commesa,24206
teamnerd,24207
drive,24208
tortelli,24209
capresse,24210
macronlatre,24211
chuijaloux,24212
askelsamakeup,24213
charcuterie,24214
porkbutt,24215
dutirmarchedansletexte,24216
juvint,24217
jadorelesfraise,24218
curedent,24219
music2fou,24220
ryancheyrou,24221
trowdswagg,24222
consequencesdusucce,24223
hypokhagne,24224
lavieilleepoque,24225
tart,24226
parisautoshow,24227
prophetie,24228
lefeu,24229
fromchinawithlove,24230
enjoymusic,24231
gilbert,24232
fatbasterd,24233
teamhaiti,24234
plant,24235
tapiepoubelle,24236
sentiment,24237
camera,24238
hbca,24239
kanabiyik,24240
forzaroma,24241
guillaumemusso,24242
libertepourlesultra,24243
personnenestpret,24244
misset,24245
vraidodo,24246
soliday,24247
smarthome,24248
oussamaelfatmi,24249
foliesbegere,24250
helenemartin,24251
artdeco,24252
belleetsebastien,24253
tchipdenegresse,24254
romanreign,24255
ma,24256
faittropfroid,24257
2emeannee,24258
medicament,24259
maisonderetraite,24260
sherwoodfamily,24261
pele2015,24262
dan,24263
futurmariage,24264
ewww,24265
wimdelvoye,24266
trophy,24267
deertaxidermy,24268
delvoye,24269
deer,24270
taxidermyinart,24271
taxidermy,24272
francoisdamien,24273
francoislembrouille,24274
leplusdrole,24275
gorillasinthemist,24276
jj,24277
ppda,24278
retourdanslefutur,24279
ddd,24280
lemondesepavoine,24281
terminatorgenisy,24282
francemonamour,24283
snsm,24284
psycopathe,24285
rusevcrush,24286
justbreathejayjay,24287
overnight,24288
vong,24289
beijingduck,24290
soireedisco,24291
pointgnangnan,24292
jaimepasca,24293
bitchplz,24294
ab,24295
fitnessmodel,24296
deejayfred,24297
pourceuxquisedemandent,24298
wishywashy,24299
saltimbanquetour,24300
aucune,24301
escroc,24302
swatunited,24303
genschelouagain,24304
livetweetelescoupurespubdetf1,24305
pensealamour,24306
notvisgettingold,24307
charlotterampling,24308
collegestudentprob,24309
transformers1,24310
zootherapie,24311
meditez,24312
teammocheforever,24313
povtach,24314
congratsjustinoncalvinklein,24315
innocentisme,24316
bffwithcoffeetonight,24317
lesboule,24318
thirteen,24319
redemption,24320
poubelle,24321
souffranceautravail,24322
papermario,24323
mabiche,24324
jevoisdejaleskikoo,24325
immersion,24326
secourspopulaire,24327
biatch,24328
hommageframboisier,24329
somnolence,24330
retardsocial,24331
danslemeilleurdesmonde,24332
juliegayet,24333
euphorie,24334
infopratique,24335
candyflos,24336
legal,24337
sitesspecialise,24338
sortiedusoir,24339
mecquiment,24340
honeymoon,24341
misterdim,24342
duo1,24343
laker,24344
journaldebord,24345
bestduo1,24346
stoplabelingpeople,24347
hollanderoyale,24348
garcedepute,24349
aftertraining,24350
maroon5,24351
pluggate,24352
vendome,24353
attentionbequille,24354
guerremondiale,24355
smoke,24356
bonnenuitmabelle,24357
happyday,24358
georgeseddy,24359
impensable,24360
nigerianmusic,24361
rapu,24362
rnbu,24363
ghanamusic,24364
pokebattle,24365
jappeloup,24366
abroadinpari,24367
wineonwine,24368
onwineonwine,24369
parishasmyheart,24370
university,24371
clarachannel,24372
onglepourongle,24373
garce,24374
genial,24375
confiarendio,24376
siempre,24377
etiennedavodeau,24378
richardleroy,24379
lesignorant,24380
confessiondumardi,24381
instaglam,24382
petal,24383
bombasse,24384
zhu,24385
playlist,24386
premiereepreuveseraine,24387
publici,24388
orthodoxchristma,24389
stopblondebieber2015,24390
parabole,24391
cper,24392
poitoucharente,24393
fdb14,24394
jesuisjuivemaisjemesoigne,24395
pissed,24396
hernik,24397
moto,24398
teamnarcissique,24399
lecturedusoir,24400
latepost,24401
bride,24402
groom,24403
leasalame,24404
edwe,24405
niafoumillion,24406
mountcharlie,24407
lesheritier,24408
false,24409
18ano,24410
musulmanschretiensetjuifstousuni,24411
inthezone,24412
blackout,24413
bangerz,24414
clarachannelsportmotive,24415
insaisissable,24416
eileen,24417
nsmlp,24418
jesuisislamistophobeetjerespectelesmusulman,24419
seeyou,24420
alway,24421
etgfc,24422
missbelgique2015,24423
dadou,24424
meilleurami,24425
permanence,24426
teamcissero,24427
scala,24428
pluspeurduscooter,24429
accident,24430
beautebarbue,24431
sortuneblague,24432
onfaislapaix,24433
shazam,24434
annachristie,24435
eugeneoneill,24436
gretagarbo,24437
sliphumide,24438
ilived,24439
shooting2change,24440
peopleschoiceaward,24441
instantlove,24442
wja,24443
ozaratorah,24444
graindebeaute,24445
jesuissoulja,24446
mourad,24447
genocide,24448
auditionalaveugle,24449
mlp201777,24450
christopherkane,24451
cestfort,24452
leloscestcharlie,24453
parisnedorsjamai,24454
card,24455
teamarra,24456
coldplay,24457
patricktimsit,24458
haute,24459
couture,24460
ajamaisdanslhistoire,24461
70jour,24462
macon,24463
patrickpelloux,24464
tweetperso,24465
oncp,24466
bastadebullyingcontramartina,24467
proudtobetinista,24468
lopopular2015,24469
tinistoessel,24470
marcelcuvelier,24471
samuelgoldwynjr,24472
jesuisjuifchretienmuslumanbouddiste,24473
decudegouter,24474
nosouci,24475
nizzalabella,24476
confused,24477
whatsgoingon,24478
blaaahh,24479
onestpascouche,24480
getoutofhere,24481
bedosguy,24482
lyceealtanqtique,24483
alisamiyenunutulmaz,24484
oglo,24485
askphil,24486
tesmegachaudcommejuetjos,24487
troublemaker,24488
jeffreyremetsnouscharliehebdo,24489
evildisney,24490
bienvenuetarek,24491
aout2014,24492
nightclub,24493
chipichipman,24494
demainsavaetreblinde,24495
jesuisfallone,24496
olympico,24497
omol,24498
labelleetleclochard,24499
nevsbal,24500
zizouzizou,24501
grosserageusesamere,24502
pedofilisuctursavciuyuma,24503
minutedesilenceperturbee,24504
theforceawaken,24505
pedofiliyesavasactik,24506
noussommestouscharliehebdo,24507
disquettescommenicolassnow,24508
pasgagner,24509
brady4ever,24510
onpcmerci,24511
teamlawverdose,24512
brescia,24513
lombardia,24514
gohabgo,24515
etplussiaffinite,24516
doge,24517
cbien,24518
mahmoudabba,24519
genesi,24520
proof,24521
evidence,24522
teamaymeilafamily,24523
frenchfoodie,24524
religionofpeace,24525
dreamland,24526
canddle,24527
eighteenth,24528
gaspardproust,24529
onesttousahmed,24530
onveutlelennon,24531
onveutletalent,24532
onveutlegwak,24533
foutre,24534
cochonne,24535
degeulasse,24536
groslol,24537
hmc,24538
horsetatdenuire,24539
cyprine,24540
lrl,24541
nope,24542
ridiculousnes,24543
elleabienditca,24544
toutleserieuxdumonde,24545
ilyadesclassiquesarevoir,24546
apres12ansdamitieretungloupchallenge,24547
boutdemavie,24548
suicideneuronal,24549
tropdebeauteenelle,24550
maisondericho,24551
jaimelesbbsitt,24552
noussommespolicier,24553
noussommeshypercasher,24554
penserdusoirbonsoir,24555
bansheeseason3,24556
cpacallofbnde2malade,24557
tweetdeladecompression,24558
niallyourdickishot,24559
faded,24560
ballerday,24561
basketballmotivation,24562
vivelassana,24563
badmood,24564
sadmood,24565
harold,24566
missing,24567
sansrespect,24568
drogueinfoservice,24569
weedsquad,24570
apres12ansdamitier,24571
pastapper,24572
pasennervee,24573
02ff,24574
askkevadam,24575
terrorristwillfail,24576
wikileak,24577
tayeb,24578
betjemanandbarton,24579
teamperver,24580
afterchampagne,24581
2015yaplusderespect,24582
sibelcan,24583
hapynes,24584
sarahpeurderien,24585
bougrabgate,24586
peni,24587
skinautique,24588
bukre,24589
punsh,24590
redjacket,24591
richardsherman,24592
seavscar,24593
legionofboom,24594
shutyourtrap,24595
ikillyou,24596
ohlecombo,24597
donotprovokeme,24598
jevousvoi,24599
sofia,24600
bulgarie,24601
bitche,24602
kafkef,24603
nelio,24604
oflpconcour,24605
primeminister,24606
lesportestcharlie,24607
bnf,24608
jcdecaux,24609
teamfca,24610
dhrvsph,24611
tweetsweet,24612
gerbouille,24613
charliehedo,24614
nonautruche,24615
gymislife,24616
monseigneur,24617
92i,24618
vivli,24619
labelleelectrique,24620
happybirthdaytome,24621
instapoeme,24622
poeme,24623
texte,24624
charliepourlavie,24625
foudre,24626
ezevillage,24627
traveller,24628
jackie,24629
centralpark,24630
lourdax,24631
maisquiestcharlie,24632
lamatinalewe,24633
afterparty,24634
kivircikali,24635
want,24636
dieuseleve,24637
tomleguide,24638
pleasepray,24639
parisseveille,24640
anonymousart,24641
pourvuquecadure,24642
pinel,24643
dreameroldbos,24644
rockstar,24645
salaud,24646
norvege,24647
enerver,24648
tangodown,24649
mbda,24650
mastercardgrazwosp,24651
libetedexpression,24652
auckland,24653
deceux,24654
trauermarsch,24655
gonaoned,24656
beaujoire,24657
fcnfcm,24658
lastnight,24659
lucash,24660
thevoicesuite,24661
pasquepari,24662
pschitt,24663
anarchiste,24664
hitlerwasright,24665
province,24666
davutoglu,24667
htconem8,24668
blinkfeed,24669
boomsound,24670
astaghfirullah,24671
phonovision,24672
brandanschlag,24673
hamburgermorgenpost,24674
frankreich,24675
issylesmoulineaux,24676
blondpower,24677
sledgehammersaturday,24678
makeartnotwar,24679
barbe,24680
vvv78,24681
respectallreligion,24682
tfler,24683
charliehendo,24684
journeepourcharlie,24685
fa,24686
mouettecalaisienne,24687
pvcp,24688
pho,24689
izboriprh,24690
izbori2015,24691
huette,24692
lungern,24693
schweiz,24694
glueck,24695
skifahren,24696
biken,24697
wandern,24698
igraal,24699
happybirthdaycodysimpson,24700
blogbuster,24701
livrygargan,24702
security,24703
mjb,24704
turistando,24705
basilica,24706
eurotrip,24707
incendie,24708
mesvaleur,24709
tousapari,24710
vivelarepubliqueetvivelafrance,24711
horspiste,24712
ssnhd,24713
fcbayern,24714
malanda,24715
engagement,24716
francebleu,24717
doliprane,24718
soeur,24719
beaufrere,24720
opstelten,24721
pourlesterroriste,24722
newcoupe,24723
noirmarron,24724
hainesurtwitter,24725
parkermckennaposey,24726
mywifeandkid,24727
jesuischappie,24728
morgenpost,24729
topmodelusa,24730
hesthebest,24731
callmephil,24732
jersey,24733
jesuiscantor,24734
erdogan,24735
legoforlife,24736
aurillacrue2014,24737
1dizzleaffollowparty,24738
mariokartwii,24739
filierelibre,24740
theoriedivinedesensemble,24741
sundayfutchbal,24742
addmeoninstagram,24743
traverseedepari,24744
repondez,24745
1dizzle,24746
e30,24747
spider,24748
membre,24749
gradidur,24750
nouvelappart,24751
mennecy,24752
roanne,24753
magid,24754
foodheaven,24755
kuroko,24756
zahma,24757
brisbanetenni,24758
saintesestcharlie,24759
jesuisvivant,24760
2cv,24761
politicien,24762
maneuvrepoliticienne,24763
noussommecharlie,24764
nousnavonspaspeur,24765
rainman,24766
teamseiriiiin,24767
crisedefoi,24768
arsenal,24769
matchday,24770
afcvscfc,24771
inarsenewetrust,24772
3point,24773
moderation,24774
serein,24775
hautsdeseine,24776
often,24777
lovehim,24778
fastfoot,24779
loirevalley,24780
stcyrenval,24781
matineefraternelle,24782
followmoi,24783
lucashood,24784
poignant,24785
lesterroristesnegagnerontpa,24786
souslesetoile,24787
insure,24788
daytrip,24789
17victime,24790
donjonsetdragon,24791
follesjournee,24792
cinquantenuancesdegrey,24793
ripbalanda,24794
thouar,24795
30anscanal,24796
smokeandmirror,24797
ubuntu,24798
onsefollowentrealgeriensettunisien,24799
awasy,24800
keedziphone,24801
jesubisleterrorisme,24802
butweare,24803
jesuischarlieaurillac,24804
charliehebdofalseflag,24805
mondoubleau,24806
bm,24807
4eme,24808
asvb,24809
pasbenef,24810
nsm2015,24811
retourenarriere,24812
jesuisforcedelordre,24813
noussommestousjuifsdefrance,24814
chrishemsworth,24815
bourgenbresse,24816
postbadhlel,24817
marche11janvier,24818
grandrabbindefrance,24819
uselessday,24820
jesuismalade,24821
segpalife,24822
likeasegpa,24823
malikoahood,24824
jesuisavecvou,24825
pauserevision,24826
mdrcrigolo,24827
ttb,24828
balaumba,24829
israelite,24830
hahaha,24831
merssi,24832
roadto100,24833
california,24834
unitymarch,24835
garedunord,24836
rayanelove,24837
mdrtrodumour,24838
republicanmarch,24839
eat,24840
dej,24841
goodlife,24842
mauguio,24843
anticipationite,24844
unityrally,24845
nasty,24846
ackoolmerssi,24847
dolcevita,24848
tropdemagie,24849
jesuisunelfe,24850
piratedescaraibe,24851
contrelavenuedenetanyahu,24852
semimarathon,24853
vener,24854
nousnauronsjamaispeurdevou,24855
frenchspirit,24856
tousdebout,24857
aidezla,24858
ulb,24859
algarve2013,24860
meospot,24861
jesuisbaky,24862
noussommesforcesdelordre,24863
noussonmeshypercasher,24864
noussommesfrance,24865
morpheu,24866
blueorred,24867
ballond,24868
bourdelle,24869
bourbonlarchambaultestcharlie,24870
lesalgeriensdominenttwitter,24871
mirage,24872
jesuisdidierdrogba,24873
bravoure,24874
jailabouchepleine,24875
terrorismeislamique,24876
nuj,24877
lesdzlesbestcherchepastupeuxpastest,24878
francepaysdutiersmondenumerique,24879
anitaekberg,24880
gandhi,24881
chansondemerdeaureveil,24882
vousfaitesquoilaaaa,24883
metzestcharlie,24884
curiosite,24885
onaassezfermenosgueule,24886
teamlove,24887
teampmuslim,24888
lascience,24889
apprendresareligion,24890
discovery,24891
manifestationpari,24892
teamepinard,24893
beardrop,24894
tutesvuquandtuasbu,24895
defifun,24896
brunchdominical,24897
clementinefuckendirectiondetacaz,24898
nopegdia,24899
raclerie,24900
jeconnaistropdemonde,24901
nopatriotact,24902
teamemelyne,24903
joky,24904
cinedetournement,24905
notremarche,24906
paslaleur,24907
jesupportelesfennecspendantlacan2015,24908
bled,24909
bisounour,24910
noussommestousuni,24911
jameyi,24912
teambassa,24913
romalazio,24914
mr,24915
crif,24916
rf1000,24917
boudiste,24918
17year,24919
intergenoa,24920
boudhiste,24921
basket85,24922
ffbb,24923
roger,24924
federer,24925
hopsuisse,24926
jonasmoulenda,24927
mboulabeka,24928
francisedoueye,24929
desolent,24930
vieuxetcon,24931
proudtobejew,24932
jecondondstout,24933
sudpresse,24934
atpbrisbane,24935
lesdossiersarrivent,24936
glassfloor,24937
1stfloor,24938
mesamissontlesmieux,24939
interlooper,24940
dane,24941
jesuisaussidanslamerdepourmonpartieldedemain,24942
saufblessuredugro,24943
endirectdelamanif,24944
caricaturepourtou,24945
staywithmebrother,24946
staywithmeanyone,24947
ekberg,24948
nb,24949
skecher,24950
nodayoff,24951
coachinggagnant,24952
mirabeau,24953
goodbye,24954
hemingway,24955
ernesthemingway,24956
ecolemilitaire,24957
sang,24958
fragonard,24959
parfumeur,24960
note,24961
africanpresident,24962
galettedesrois2015,24963
bal2015,24964
blink182,24965
pariz,24966
francuska,24967
vitejeudilafin,24968
badkleinkirchheim,24969
fanatisme,24970
jem,24971
intgen,24972
jesuischarloe,24973
crossdepartemental,24974
colomier,24975
safc,24976
blaguedee,24977
colmar,24978
izonestcharlie,24979
artephilo,24980
bravoarte,24981
marcel,24982
neuville,24983
maghrebin,24984
tahiabledi,24985
monptellier,24986
ripanitaekberg,24987
jedessinedoncjesuischarlie,24988
alfortville94,24989
chezlesalbanai,24990
vraicoupdecoeurdepuisledebut,24991
retourdedeplacement,24992
fufuestcharlie,24993
mobiliationnational,24994
metinkulunk,24995
sayinvekilim,24996
speeddating,24997
lefnneserajamaischarlie,24998
monopolemediatique,24999
renaissance,25000
chateaudechenonceau,25001
galeriedelareine,25002
halklaberaberiz,25003
larafle,25004
parovstelar,25005
continuiescommeca,25006
gpameriqueopodo,25007
rvival,25008
deathpl,25009
mandala,25010
wearetheworld,25011
indiastandbyfrance,25012
metroparisien,25013
charlieanger,25014
medialemag,25015
cctoi,25016
sfaireencule,25017
lafrench,25018
situviensd,25019
noussommeslemonde,25020
andnow,25021
lafranceplusfortequeleterrorisme,25022
square,25023
marcherepub,25024
postbadmom,25025
meyssac,25026
noussommes66millions17,25027
jaipasdevie,25028
tannerfollowme,25029
perrinpartpasstp,25030
slingkingberlin,25031
bondage,25032
zaynsbirthdayproject,25033
lesupplement,25034
akabolibertateak,25035
charliegara,25036
6millionsdefrancaisdebout,25037
healtheworld,25038
wolonski,25039
mesphoto,25040
viepathetique,25041
captive,25042
camillephilosopheyenaassezmaisbiendit,25043
conflitgenerationel,25044
sodafilm,25045
paradoxe,25046
mons2015,25047
strasbourgestcharlie,25048
jesuisprofchoron,25049
lafranceestjuive,25050
jesuishomo,25051
jesuishetero,25052
jesuisbi,25053
tousensemblecontreleterrorisme,25054
prive,25055
travellife,25056
indecence,25057
jesuispalestinien,25058
onmywaytothemarch,25059
sursaut,25060
noussommestesneveux,25061
diario,25062
montpellierestcharlie,25063
financesrugby,25064
etampe,25065
yougotitall,25066
unionj,25067
1minutedesilence,25068
pallavolo,25069
dax,25070
sui,25071
fortsensemble,25072
demonstration,25073
madmen,25074
notallmuslim,25075
worldpeacestartswithyou,25076
rassismu,25077
11septembrefrancai,25078
marcellocomehere,25079
lafrancestcharlie,25080
bourg,25081
place2jaude,25082
actionveritenico,25083
plusdemetrosvp,25084
lovaticsfamily,25085
gobelin,25086
tarbe,25087
eating,25088
drinking,25089
thevoicereplay,25090
jesuischarlotte,25091
jesuissoutien,25092
teletubbie,25093
ecoledulouvre,25094
marcherepublic,25095
fooovideoletsfoooaround,25096
jesuistuesnousommescharlie,25097
ecurieterry,25098
onepiecefrenchpage,25099
marcherepubicaine,25100
arcali,25101
pressefreiheit,25102
jesuiscitoyenne,25103
mouvementcitoyen,25104
manifestationrepublicaine,25105
issyol,25106
action2015,25107
avisdesituation,25108
camarche,25109
marchedelahonte,25110
lagrosseconnasse,25111
museedorsay,25112
docdel,25113
gobiernodeespana,25114
kleber,25115
marche4charlie,25116
reprisal,25117
cycling,25118
tousmobilise,25119
concentration,25120
lolo,25121
jesuisch,25122
mcstenni,25123
tweetcommesurdoctissimo,25124
arsstk,25125
ospina,25126
jesuischa,25127
celinecloueaulit,25128
quelbordel,25129
ololo,25130
onepiece677,25131
suspectpackage,25132
theyfailed,25133
fej,25134
jesuisrepublicaine,25135
cbb2015,25136
kenmorley,25137
offensive,25138
outnow,25139
jyvai,25140
netanyahoudegage,25141
indelebile,25142
breaded,25143
spaghetti,25144
atention,25145
unephotopourcharlie,25146
teamconne,25147
human,25148
jesuisjacquet,25149
symboliquement,25150
chazal,25151
jesuisbloquee,25152
quemnunca,25153
brink,25154
snipper,25155
mitsicharlie,25156
noussommesbalkany,25157
lavaur,25158
handinhand,25159
disrespect,25160
gauxmar,25161
totd,25162
iononsonocharlie,25163
jesuispaysan,25164
mariageprincier,25165
francesolidaire,25166
letsliveinharmony,25167
onelive,25168
oneworld,25169
jesuiscommerce,25170
team229,25171
charliiehebdo,25172
convergence,25173
saintbrevinlespin,25174
occitanieestcharlie,25175
ruedufaubourgdutemple,25176
envie,25177
cb,25178
charliemanif,25179
ravi,25180
jesuisjesu,25181
obernai,25182
bhleave,25183
compaore,25184
marchesrepublicaine,25185
straasbourgestcharlie,25186
larochelleestcharlie,25187
marchepourlaliberte,25188
marcherepublicainemetz,25189
bleucheese,25190
roquefort,25191
roquefortpapillon,25192
charlielyon,25193
jesuiskamila,25194
plasil,25195
lavalestcharlie,25196
foodismylove,25197
bayeux,25198
grenobleestcharlie,25199
rodez,25200
stjust,25201
park,25202
internetlibre,25203
mesuistrompe,25204
knicksenplayoff,25205
grossesaison,25206
goncourt,25207
villefranchederouergue,25208
pontchateau,25209
elleseulepeutcomprendre,25210
dijonestcharlie,25211
rambouillet,25212
jesuisfouzi,25213
mankind,25214
fetedeslumiere,25215
esperance,25216
pb86csp,25217
jesuishypercasher,25218
garibaldi,25219
marcherepublicain,25220
lourmarin,25221
domoniquegrosestcharlie,25222
mehdijomaa,25223
pornichet,25224
rpzlasolgne,25225
marvelloussenseofhumour,25226
radiolibre,25227
jesuoscharliehebdo,25228
jesuischezmoi,25229
jesuiscaissier,25230
jesuissortitroptard,25231
sanssouci,25232
fcnlive,25233
emarion,25234
manifestacionantiterrorista,25235
plazadelarepublica,25236
boulevardvoltaire,25237
statueofliberty,25238
jesuiscerne,25239
alienconfession,25240
gayfriend,25241
millier,25242
personne,25243
iamfrench,25244
auboutdurouleau,25245
rassemblementcitoyen,25246
zaynwearehere,25247
directionerforever,25248
placedejaude,25249
zinczen,25250
poulet,25251
humanite,25252
mysong,25253
pbcsp,25254
lepsgala4emeplace,25255
calmetoi,25256
jesuiscitoyen,25257
stco,25258
izarra,25259
teamarsenal,25260
oleron,25261
jesuisalexi,25262
angersestcharlie,25263
franckylartiste,25264
gorepu,25265
twelcomr,25266
pessac,25267
placedelaliberte,25268
applaudissement,25269
saintlo,25270
espritdequipe,25271
selenagomez,25272
jesuisronaldo,25273
charlieannecy,25274
orangeperil,25275
dedicasse,25276
gustave,25277
jesuisbokoharam,25278
jesuiscamerounaise,25279
jenesuispasbfmtv,25280
oldskool,25281
filofax,25282
hairstylist,25283
neversestcharlie,25284
ltf,25285
jesuischibre,25286
vivelagaule,25287
orgulho,25288
euronew,25289
jesuismulmane,25290
jesuischretienne,25291
hamitsukapersonnetaime,25292
january11th,25293
ohmygodouvalemonde,25294
marcherepublicaineapari,25295
hamitsukagrospd,25296
troyesestcharlie,25297
hamituskajefaiscequejeveux,25298
lespam,25299
chateaudunestcharlie,25300
jysui,25301
comptezvou,25302
albi,25303
vivelesdroitsdelhomme,25304
marchepourlapaix,25305
notointegrism,25306
skype,25307
cavasaigner,25308
minsk,25309
maven,25310
jesuisjuniorbakayoko,25311
marchedelhistoire,25312
leguevin,25313
anticon,25314
crozon,25315
iamhuman,25316
pb86,25317
11janviers2015,25318
romlaz,25319
marchepourl,25320
jesuisavanttoutfrancaise,25321
pariscestcharlie,25322
democraticworld,25323
avantmatch,25324
jesuistouslescharlie,25325
europeunie,25326
mondeuni,25327
mecquiariencompri,25328
l2com,25329
directbfm,25330
cavataclerdesracli,25331
jeanmarcamitdesmocassin,25332
pontamousson,25333
jensenackle,25334
parisischarlie,25335
walkertexasranger,25336
die,25337
brefonsenfout,25338
lastation,25339
bootycall,25340
rania,25341
gourio,25342
chalonsenchampagne,25343
dimanche11janvier,25344
otp,25345
munsou,25346
thankyouforyoursupport,25347
chefd,25348
bossuet,25349
coupdefrance,25350
prob,25351
icicestchaud,25352
jesuiskabyle,25353
jesuismatoub,25354
jesuissaidmekbel,25355
placecharliebaldi,25356
arenesdenime,25357
noussomescharlie,25358
powertothepeople,25359
unido,25360
mobilite21,25361
lgvlimogespoitier,25362
antigone,25363
libourne,25364
brestestcharlie,25365
placeleonblum,25366
gardonsnotrehumour,25367
tweetcommeunglandeur,25368
latrinite,25369
lavalischarlie,25370
briveestcharlie,25371
tweetdel,25372
jesuisguvton,25373
noussommscharlie,25374
peaceout,25375
happysunday,25376
converse,25377
osef,25378
tweetmoinsvitenounouille,25379
soutienauxvictime,25380
crosscountry,25381
asmaou,25382
albiestcharlie,25383
heldup,25384
skilodge,25385
skiing,25386
teamumn,25387
lemondenousregarde,25388
euseucharlie,25389
bahrain,25390
arabiesaoudite,25391
usapusc,25392
jesuiscitoyendumonde,25393
citoyenne,25394
bordelaise,25395
bordeauxmaville,25396
unisdanslamarche,25397
limogescsp,25398
suceur,25399
vaucluse,25400
algerievstunisie,25401
narbonneestcharlie,25402
instanow,25403
proudmummy,25404
lareponsecook,25405
jaecharlie,25406
mondialhand,25407
unmondemeilleur,25408
fermelatabouche,25409
thisiswhyillneverbethin,25410
thefrenchsureknowhowtodopastrie,25411
thonon,25412
amazigh,25413
rif,25414
chleuh,25415
musicvideo,25416
patriot,25417
pourlemoment,25418
quinconce,25419
teampubforlife,25420
betterdyingdstandingupthanlivingonmyknee,25421
nofear,25422
jesuispourlaliberte,25423
onestbloque,25424
1ddirectionnersforever,25425
boldairpourcope,25426
jesuisjjuif,25427
auterive,25428
stopwar,25429
timesquare,25430
ilestcharlie,25431
happykyungsooday,25432
jesuisfier,25433
demonstrationdeforce,25434
pontoise,25435
teamchleuh,25436
prixdebelgique,25437
jesuisepicier,25438
jesuiseuropeen,25439
legalite,25440
lafraternite,25441
janettebougrabne,25442
stanisla,25443
domain,25444
ntl,25445
auvergnecharlie,25446
palaisdesfestival,25447
lamarseillaise,25448
verdunsurgaronne,25449
nancyestcharlie,25450
placedarcy,25451
ruedelaliberte,25452
placedelaliberation,25453
placewilson,25454
alleesduparc,25455
vivacite,25456
nonalahaine,25457
nonauracisme,25458
tousfrancai,25459
kossamoica,25460
bergerac,25461
sofiaantipoli,25462
siliconvalley,25463
marcharepublicana,25464
sallealbertauger,25465
republicaine,25466
beruriernoir,25467
momenthistorique,25468
picto2k14,25469
yuruyu,25470
eliott,25471
jesuisrayan,25472
jesuisarepu,25473
mafamilleestcharlie,25474
supervideo,25475
mercipourtonsupertaf,25476
jesuisanonymou,25477
solidaritat,25478
fierdemarepublique,25479
beattle,25480
jesuispasencoreabellecour,25481
bagboaupouvoir,25482
longuevieasoooooouf,25483
soufont,25484
souflastar,25485
souflaprincesse,25486
motm,25487
suspense,25488
indiennedecoeur,25489
alltogethernow,25490
condom,25491
anneaudevitesse,25492
aimezvouslesunslesautre,25493
etreprisepouruneconne,25494
larevolutionestenmarche,25495
teen,25496
miley,25497
lesargoulet,25498
crack,25499
chilian,25500
gunner,25501
standingroomonly,25502
jesuiszaref,25503
iciaussi,25504
cnnireport,25505
bellefrance,25506
unisdansladiversite,25507
jemarchepourcharlie,25508
teamasp,25509
gaynight,25510
bear,25511
teamafa,25512
fourviere,25513
jesuisroux,25514
respeto,25515
labd,25516
nazarnaalage,25517
chariieberte,25518
cpuniversite,25519
quebecestcharlie,25520
capucine,25521
totti,25522
derbydellacapitale,25523
roma,25524
maitregim,25525
gentilscr,25526
sontfouscesfrancai,25527
neverfear,25528
fouesnant,25529
noussommesdebout,25530
fierdesbragard,25531
istandwithraif,25532
allerlocquelta,25533
onmenetou,25534
allonzier,25535
tunisiebos,25536
derbyromain,25537
francescototti,25538
piazzadelcampidoglio,25539
bvdvoltaire,25540
aksnack,25541
marcherepubicaineanger,25542
teamlibereedelivree,25543
21jumpstreet,25544
pontchateau2015,25545
athlive,25546
lepen2002,25547
rodezestcharlie,25548
alltogether,25549
capitaldumonde,25550
jci,25551
gc,25552
jesoutienscharlie,25553
teamunited,25554
laique,25555
integrisme,25556
pournepasoublier,25557
plusquejamai,25558
vivelelundi,25559
canalstmartin,25560
noussommessoustitreur,25561
nototerrorism,25562
aliensconfession,25563
lapinou,25564
lapinouestcharlie,25565
reflexe,25566
croireenlhumanite,25567
schoolboyqbabe,25568
cortege,25569
upsticksandgo,25570
rally,25571
berlinistcharlie,25572
marchecommemorativedelorient,25573
souder,25574
elkhadra,25575
hooked,25576
vistavie,25577
pebble,25578
toutsimplement,25579
rassemblementjesuischarlie,25580
onerepublic,25581
parisstronger,25582
bravolafrance,25583
stratoshpherique,25584
fierterepublicaine,25585
admirationpournotrepolice,25586
musou,25587
teamimessage,25588
jesuifjuif,25589
pourlesretardataire,25590
calloftime,25591
vizcarrondo,25592
clermontfdestcharlie,25593
lyoonestcharlie,25594
bisounoursland,25595
civil,25596
onnestpastoutseul,25597
esco,25598
marcherepublique,25599
pasdepeur,25600
mareehumaine,25601
jesuischretienjuifmusulman,25602
jesuislibredemexprimer,25603
equipe2malade,25604
stardustaward,25605
historico,25606
crayondesoleil,25607
participant,25608
maryamrajavi,25609
marchedelaliberte,25610
swagdecampagne,25611
ruedesboulet,25612
boringday,25613
100000personne,25614
teamgaboma241,25615
vivelescalorie,25616
bostonstronger,25617
imagineparisdansquelquesminute,25618
tfcol,25619
madeinol,25620
jesuislafemmedelacaz,25621
jesuisfrancaisaussi,25622
gaypride,25623
maxtv,25624
dardevil,25625
futurballond,25626
viragenord,25627
latriade,25628
vigneux,25629
quincy,25630
anarchist,25631
brunoruder,25632
ajmi,25633
veskovac,25634
thanksworldfromfrance,25635
teamciv,25636
entendualamanif,25637
mondeentier,25638
unistra,25639
fierdelafrance,25640
lovealwayswin,25641
chezdave,25642
jesuisstreaming,25643
placedelabastille,25644
latrinitesurmer,25645
usap,25646
catalan,25647
byeusc,25648
olteam,25649
yapudplace,25650
fiertenationale,25651
rennesestcharlie,25652
proudtobefrench,25653
lesaiglesvslesfennec,25654
nofootball,25655
fleury,25656
charlieestuniverselle,25657
charlyestuniversel,25658
parise,25659
contentdetrefrancai,25660
ettouslesautre,25661
reisland,25662
remember7jan15,25663
helicoptere,25664
mercipierreloui,25665
l1com,25666
cocotte,25667
jlb,25668
ever,25669
monretouraaimegiral,25670
teje,25671
aucoeurdelamanif,25672
teamvaleprout,25673
islamique,25674
rsf,25675
jesupportelalgeriependantlacan2015,25676
mpt,25677
lemurducon,25678
jesuiskawaii,25679
masculinity,25680
latinman,25681
moustache,25682
hairychest,25683
smokingcigar,25684
leather,25685
lacouardesurmer,25686
sand,25687
amelbent,25688
donnemoidelahainejetenfaisdel,25689
placemazelle,25690
meztestcharlie,25691
jaimemafrance,25692
entenduapari,25693
donnemoidelahainejetenfaisdelamour,25694
jesuisfeyri,25695
blamecharlie,25696
danstwonattend,25697
tonicradio,25698
charlieedbo,25699
noussommesbien,25700
tusersariencommecanalalgerie,25701
hastag,25702
noussommestousdescapmecanique,25703
sansvouloirmevanter,25704
cenestquundebut,25705
mah,25706
lfh,25707
horroreshumano,25708
absurd,25709
mecenat,25710
calendrierchaton,25711
millau,25712
togetheratlast,25713
flhb,25714
dirtytalk,25715
gazouillez,25716
familleautop,25717
beaumoment,25718
2m,25719
marchepourcharlie,25720
allerol,25721
bienveillance,25722
assholeforsidney,25723
instavideo,25724
palm,25725
noussommestousgentil,25726
unjouruntroupoursidney,25727
sidneyjesuischarognard,25728
villefranche,25729
paysdesdroitsdelhomme,25730
integriste,25731
islamofascisme,25732
yetaime,25733
juan,25734
toutlemonde,25735
vredesmar,25736
ruemeslay,25737
livinghistory,25738
unseulolympiqueilestlyonnai,25739
jan11,25740
keurbrisey,25741
fierdetremulhousien,25742
tweetutopiste,25743
thierrymeunier,25744
charliehebdotf1septahuit,25745
fctoulouse,25746
meonsunday,25747
claude,25748
jourhistorique,25749
toune,25750
iwasthere,25751
noussommeslarepublique,25752
elchedeprimera,25753
jyetai,25754
ecrirelhistoire,25755
labastille,25756
afe,25757
boncourageamoi,25758
zaynmalik,25759
jesuislacaz,25760
maintenantdinant,25761
instabox,25762
not,25763
afraid,25764
latoccapiano,25765
jechiale,25766
fightingspirit,25767
edge,25768
contradiction,25769
begayageinternational,25770
demip,25771
stopexisting,25772
startliving,25773
noussommespari,25774
supportyourlocal81,25775
mufclive,25776
ifwedate,25777
garethbale,25778
barton,25779
weaintneverscared,25780
guizmo,25781
etapre,25782
gravity,25783
teoz,25784
pariscapitaledumonde,25785
tousflic,25786
tousjuif,25787
iphone4,25788
europeischarlie,25789
balhouli,25790
aimonsnou,25791
labidi,25792
balouli2015,25793
jesuislarecodudimanchesoir,25794
ballondeplatre,25795
teamyeuxnoisette,25796
generationclubdorothee,25797
rocky,25798
twc2,25799
parismarche,25800
tun,25801
expert,25802
lrby,25803
wedidit,25804
palaisdespape,25805
pope,25806
panoramique,25807
cpolitique,25808
embracing,25809
affraid,25810
pasmort,25811
teamtoune,25812
mangin,25813
mauvaisperdant,25814
enjoyphoenix,25815
jetaimetonton,25816
grigny,25817
civnig,25818
enviederire,25819
premierdeligue1,25820
tunvsalg,25821
noussommestoutcharlie,25822
xxie,25823
jesuiscitoyennedumonde,25824
tcot,25825
amortlescoursdusamedimatin,25826
unjourunfake,25827
jesuistotti,25828
parisunitymarch,25829
vivepari,25830
imaworldmen,25831
frederic,25832
part2,25833
darkday,25834
revison,25835
onestpremier,25836
chaudaucoeur,25837
fiftyshadesticket,25838
hommahge,25839
jesuistunisienne,25840
toursestcharlie,25841
avecmargot,25842
jesuisleader,25843
jesuislyonnai,25844
teamenp,25845
huissierdejustice,25846
jesuisfierdetrefrancai,25847
fierdecettefrance,25848
vousaitescon,25849
liliesbody,25850
engagee,25851
noborder,25852
fierdelayaute,25853
jamaisagenoux,25854
onleurdoitbienca,25855
march,25856
rachidghezzal,25857
titulaire,25858
francoishollandeenkipa,25859
gg2015,25860
ban,25861
unseulolympique,25862
mia,25863
teamlac,25864
stapplescenter,25865
dasuabocaparaosouvidosdedeu,25866
charlibete,25867
zaynyouremysuperhero,25868
wehere,25869
saison4demalade,25870
jesuisisrael,25871
tueur,25872
jesuisablanc,25873
bibi,25874
charlieestgrand,25875
isabelmarant,25876
dajjal,25877
esplanadecharlesdegaule,25878
teamciel,25879
tun2,25880
option,25881
teamprincesse,25882
temyeuxbleu,25883
teamcraneuse,25884
cfclive,25885
blvdvoltaire,25886
okro,25887
nigeriandish,25888
coprodcharliefamily,25889
svtnyheter,25890
communionlaique,25891
d1fem,25892
onconnaitlachanson,25893
chezjane,25894
petitchabli,25895
tequilacanelleorangeoffert,25896
elevatorconfidential,25897
jaimemonpay,25898
jsuipascharlie,25899
legarconparfait,25900
homealone,25901
dkteam,25902
grandesynagogue,25903
stupidisforever,25904
saldirilarmuslumanliklatelifedilemez,25905
noussommesencorecharlie,25906
hoy,25907
manifestationbordeaux,25908
jesuisfiere,25909
vivelademocratie,25910
spnfamily,25911
dansvotregueule,25912
gambetta,25913
macdodelandemaindebringue,25914
ratepivalideparleduczeer92i,25915
engagementring,25916
unvillagepresqueparfait,25917
jesuiscontrelesterroriste,25918
jesuischarlieetlulu,25919
inspiring,25920
inutilite,25921
towardsbastille,25922
lyonnaisetleadersdel1,25923
stupidi,25924
talentdz,25925
sofab,25926
spn,25927
thecrowd,25928
pochoir,25929
macdodelendemaindebringue,25930
rainbowflag,25931
placedelarepubliue,25932
rugbyfeminin,25933
depuisquejeconnaisnickieminaj,25934
report,25935
cheat,25936
cw,25937
anamazingday,25938
marle,25939
tousbenevole,25940
fuckthecompta,25941
uniteliberte,25942
bloco,25943
iu,25944
rajoy,25945
generation,25946
arakiri,25947
emeline,25948
indy,25949
pt,25950
capitaledumonde,25951
unionmondiale,25952
auxarme,25953
hymnehorssujet,25954
moisducapricorne,25955
teamcapricorne,25956
reel,25957
nouvelleedition,25958
osblcd,25959
pancarteuniverselle,25960
ladrogue,25961
plusdejambe,25962
pacte,25963
teamam,25964
muscutime,25965
viet,25966
perouge,25967
cdm14,25968
asknask,25969
21wentquick,25970
funnyman,25971
melanchon,25972
tweetpirequevise,25973
jenemarchepa,25974
desolelesporto,25975
cowboysnation,25976
noussommeshumain,25977
s11,25978
stephlepremier,25979
legrandjury,25980
lshrmgrby,25981
shrwywftkhr,25982
grandjournalisme,25983
placedeleurope,25984
radiofrance,25985
the100s3,25986
montpelliertouscharlie,25987
francemobilisee,25988
rassemblementrecord,25989
jesuiseveryone,25990
modele,25991
heuredegloire,25992
balec,25993
kippenvel,25994
davidcameron,25995
brestoi,25996
finir,25997
corton,25998
grandcru,25999
lerognet,26000
maisonambroise,26001
manifdetou,26002
pourtou,26003
manifdeouf,26004
jenpepu,26005
jesuisnawel,26006
bougherra,26007
marchedelarepublique,26008
noussommeslavie,26009
tesunanciensi,26010
noussommesunpeuble,26011
levraiislam,26012
mahrez,26013
paustebadehelel,26014
wewantcherlloydatbrits2015,26015
aliastolmao,26016
fifougangstathug,26017
jesuisfieredemescompatriote,26018
teamfekir,26019
teamlaca,26020
duoinfernale,26021
objectiffrance,26022
renewed,26023
intensiv2k15,26024
freresscott,26025
aymeilafamily,26026
nasri,26027
mbolhi,26028
mandi,26029
mesbah,26030
kadir,26031
soudani,26032
bentaleb,26033
jackson5,26034
nimportawak,26035
toujoursplu,26036
tnelec2014,26037
nivernai,26038
cheveux,26039
aubahutyatjr,26040
lenscitygang,26041
phalempin,26042
montpelliervillefepdlechelechelechelechemoilespied,26043
lefuturgaltier,26044
pausemorsay,26045
lebataclanestcharie,26046
mulan1,26047
khazri,26048
jtmliberte,26049
jtmmulticulturalisme,26050
lavideoderap,26051
mslmwftkhr,26052
gazon,26053
charlieh,26054
canalfootballclub,26055
camirginieestcanon,26056
abdennour,26057
saihi,26058
chikhaoui,26059
justiciaparatopo,26060
lareponsedetoutlesparent,26061
liberezalexi,26062
elieeliaworld,26063
mercilapolice,26064
cougartown,26065
queido,26066
melvyn,26067
lieberman,26068
forcabarca,26069
fcbatleti,26070
tolleranza,26071
razzismo,26072
nasrisurbein,26073
juvemerda,26074
forzanapolisempre,26075
followshoutoutlikecomment,26076
besoindaide,26077
commentfaire,26078
cfinipourchjara,26079
pizzatime,26080
jesuislesautre,26081
marchereplublicaine,26082
mesgirl,26083
humanbeing,26084
demaincestlescour,26085
noussommeslucide,26086
leclubdudimanche,26087
loveoverhate,26088
lyonnai,26089
grandmonsieurdurap,26090
directionnersforceur,26091
nashville,26092
serietv,26093
barcavsatleti,26094
professeurmorsay,26095
gradure,26096
becomingachef,26097
gagnataplace,26098
roscadereye,26099
2015lesgar,26100
noussommescharliepourlavie,26101
mada,26102
jrart,26103
ensemblepourlademocratie,26104
2million,26105
coupedasie,26106
veneznouscherchez,26107
eatmydookiedanslhistoire,26108
bilingue,26109
pourtoi,26110
cp3,26111
corbier,26112
minuted,26113
nf3,26114
jeand,26115
belfort,26116
mylittlepony,26117
confortfood,26118
jan2015,26119
stoprecup,26120
citoyensdabord,26121
jparlepakat,26122
msyrbry,26123
abdelmalik,26124
crowd,26125
jesuislemonde,26126
rtsitacompri,26127
eskuzemwa,26128
laminuteblonde,26129
lachanson,26130
buffy,26131
ilssontdanslefutur,26132
moncopainestkabyleyaquoi,26133
commenttuersonbos,26134
postbadpakat,26135
realfact,26136
jesuismecreant,26137
proudofbeingcharlie,26138
placetahrir,26139
tremblementdeterre,26140
jesuisgauloi,26141
marchrepublicaine,26142
ganjagirl,26143
gossytime,26144
teatatupen,26145
aiga,26146
baratl,26147
fcbatm,26148
frenchlivesmatter,26149
jewishlivesmatter,26150
muslimslivesmatter,26151
pretepourlamaisonderetraite,26152
toulousefc,26153
marsanecdote,26154
elu,26155
elue,26156
jeandormesson,26157
forzaatletico,26158
saopen,26159
104thsaopen,26160
backstage,26161
apercu,26162
revlon,26163
haidresser,26164
designer,26165
lqd,26166
samedifiesta,26167
memezinzin,26168
tagueuleboutin,26169
montauban,26170
fierdetoi,26171
d10,26172
onsekiff,26173
battle3en1,26174
ghettostyle,26175
ltr,26176
jesuisdelfina,26177
abdulrahman,26178
totssomcharlie,26179
11janvierhistorique,26180
emission,26181
contrecharlie,26182
record,26183
vatfrbzzparuntravloo,26184
sonocharlie,26185
i24new,26186
mercii24,26187
daddyphotography,26188
republiqueanation,26189
nuitdesaigon,26190
zonesa,26191
musicien,26192
oman,26193
onnousprendpourdescon,26194
waterforelephant,26195
robertpattinson,26196
worldwide,26197
penelopebagieu,26198
cedricpetoman,26199
ferri,26200
bedodo,26201
newtrailer,26202
besoinderireavecjeanclaudedus,26203
commealamaison,26204
jesuisungroscon,26205
indignacionyesperanza,26206
lebeninestcharlie,26207
yayiboniestcharlie,26208
contrealqaidabenin,26209
estimation,26210
sourcepoliciere,26211
hsm,26212
janoskathon,26213
placebellecour,26214
penseeatou,26215
atmfcb,26216
intothewildonvyrt,26217
zoneinterditespeciale,26218
penelope,26219
toleance,26220
dst,26221
napolijuventu,26222
napjuv,26223
plusfortquetout,26224
dicton,26225
bronze,26226
earjacket,26227
jesuisgayetfierdemonpay,26228
actionpolitique,26229
lutteantiterrorisme,26230
tvdseason7idea,26231
suce,26232
zaynbirthday,26233
stephanedegroodt,26234
prodigieux,26235
teammatheux,26236
stephane,26237
36h,26238
onoublierapa,26239
teamfcsm,26240
allezallezmemecellelajelametpasdanslalbumjemenbatlescouille,26241
unefranceunie,26242
tousunisdanslademocratie,26243
realisemonrevechaton,26244
mauriceestcharlie,26245
mauritiu,26246
unbonentendeur,26247
ahahaha,26248
extremiste,26249
pogboom,26250
vogue,26251
vivredebout,26252
vincentphilosope,26253
jesuisarmenien,26254
jesuishay,26255
jesuisnouvelhay,26256
jesuisjean,26257
nouvelhay,26258
jevousledit,26259
monacobordeaux,26260
thewalkingdeadnt1,26261
cafc,26262
trafalgarsquare,26263
stopalaviolence,26264
numen,26265
foruse,26266
tapepari,26267
sapeurpompier,26268
babyhome,26269
sneazzy,26270
multiculture,26271
tricolor,26272
vacancesmeritee,26273
lip,26274
misssummertime,26275
soul,26276
letsgoclipper,26277
horrifiant,26278
insconscience,26279
bibinetanyahu,26280
kolakavod,26281
fcbatl,26282
naif,26283
petitpalai,26284
ekbert,26285
jsuisfou,26286
stupefiant,26287
xllnante,26288
equipedefrance,26289
insulte,26290
afpphoto,26291
soccer,26292
negritudecestpasmaintenantmaiscestpasuneraison,26293
bomayecomedyclub,26294
ahahahahaha,26295
jesuisjulie,26296
nbatime,26297
avenirfrancai,26298
barath,26299
withfriend,26300
realisemonreveptitchat,26301
pourvuqucadure,26302
previoustweet,26303
teamcivilization,26304
ahahahahah,26305
happybirthdayzayn,26306
miamiheat,26307
partywithalice,26308
somuchfun,26309
rolan,26310
tvgold,26311
smtg,26312
funday,26313
bingo,26314
basile,26315
neveux,26316
jesuismessi,26317
grandcorpsmalade,26318
mialac,26319
ohtwitter,26320
mdrrr,26321
a2,26322
vousalleznousmanquez,26323
geometrydash,26324
christophealeveque,26325
7ansderprison,26326
4milliondanslarue,26327
viseu,26328
realisemonrevestpptitchat,26329
reprisesportive,26330
theluckyone,26331
repliqueculte,26332
dimanchecinema,26333
elpistolero,26334
soireecharliehebdo,26335
tonu,26336
bonuit,26337
realiseminrevestpptitchat,26338
fractureouvertepourneymar,26339
irs,26340
tousuniscontrelamalgame,26341
francevacation,26342
topparisphoto,26343
topphoto,26344
faille,26345
aimonsnouslesunslesautre,26346
motmiii,26347
nbaexrra,26348
jesuisnousensemble,26349
citoyendumonde,26350
bouilloireseptieroise,26351
standingovation,26352
stopped,26353
centredesecour,26354
s04e11,26355
abc,26356
manchesterisblue,26357
quaid,26358
mieux,26359
fairytail,26360
asmbor,26361
noussommesanonymou,26362
gbvsdal,26363
vivelebacpro,26364
loveislam,26365
brshlwntltykwmdryd,26366
combatdechef,26367
aeradiquer,26368
millionsofdecentpeople,26369
parislibere,26370
regardela,26371
pourtoujour,26372
nessa1k,26373
rosnysousboi,26374
bahouhdayanhaemet,26375
tribunaldesflagrantsdelire,26376
valsedevienne,26377
putaindeverite,26378
changeonslamarseillaise,26379
guentherjauch,26380
waitandsee,26381
jesuisqui,26382
laughing,26383
jesaistout,26384
marchedu11janvier2015,26385
tienanmen,26386
truemessage,26387
jesuismichelsaada,26388
jesuisphilippebraham,26389
extrememakeover,26390
lbrdyqtlhm,26391
lmgrb,26392
rai3,26393
presadiretta,26394
complimenti,26395
manifpari,26396
manif11j,26397
lesloupssontsortisdepari,26398
sijetaisfakiretbenjaminje,26399
dallascowboy,26400
marchenationale,26401
realisemonplusgransrevestpptitchat,26402
happybirthdayzaynfromfrance,26403
horrenda,26404
pasdepartielpourmoi,26405
harcelementderue,26406
vsocam,26407
visitpari,26408
teamoftheyear,26409
gino,26410
zaynyouaremysuperhero,26411
quicheenanglai,26412
historic,26413
askpalayeroyale,26414
ghvip1,26415
believeintheshield,26416
peaceworld,26417
jesuischarline,26418
booby,26419
touteslesculturessevalent,26420
droitaublaspheme,26421
jesuisfieredemonpay,26422
jesuispierrelagulhon,26423
bearn,26424
absolument,26425
marcchagall,26426
jdc,26427
jdr,26428
jesuisblindee,26429
reportersansfrontiere,26430
17bougie,26431
lacmia,26432
foutaise,26433
onsefollowledimanchesanspression,26434
vousetesgrandslesmec,26435
fashionbrand,26436
streetchic,26437
agerber,26438
mcb,26439
collter,26440
libresdevivreenpaix,26441
bonsoirsvou,26442
toutpourmageule,26443
lavivance,26444
mortauxsalafiste,26445
3100abonne,26446
3100follower,26447
reporterssansfrontiere,26448
juge,26449
insatiable,26450
samia,26451
terroristedurire,26452
athletibarca,26453
friday,26454
drank,26455
onesttousbeaux,26456
labanderene,26457
fewdaysago,26458
sunnyday,26459
bestphotograph,26460
gol,26461
lapulga,26462
gleetime,26463
repardon,26464
messisuarezneymar,26465
fromapollontobouda,26466
suarez,26467
upnonego,26468
nonego,26469
ufml,26470
lebossfinalestla,26471
deleaupourleselephant,26472
aidemoiarealisemonrevestpptitchat,26473
campeonenelcampnou,26474
rhum,26475
rerepardon,26476
toutcapourganja,26477
epplenary,26478
eudk,26479
fuark,26480
missfrance2015,26481
wearing,26482
fanatique,26483
s04e12,26484
asmcgb,26485
problemedefille,26486
gm,26487
believeinsethrollin,26488
futurewhc,26489
grandecausenationale,26490
oupsjesort,26491
lesloup,26492
paperagainstgun,26493
jesuisbureaudinformationfinanciere,26494
jesuischarliememedansmonlit,26495
hypocrisietotale,26496
leblanc,26497
thewitcher2,26498
zonespeciale,26499
zoneinterditespecial,26500
ramallah,26501
jesuisetudiant,26502
geodieshorefr,26503
louisii,26504
shootingbyfranckylartiste,26505
coupindeloin,26506
lolbira4ever,26507
teammehmet,26508
sexefriend,26509
christophedeloire,26510
scottishterrier,26511
takecare,26512
seilhac,26513
cavatroploin,26514
goldenglobesday,26515
teams1ch,26516
lesbronzer,26517
derisoire,26518
savoirpkoi,26519
wooooo,26520
specialbarre,26521
mjgm,26522
liberezamine,26523
hillarypassedutempsavecnou,26524
situtedemandesouestcharlie,26525
1ere,26526
yabon,26527
liberezatm,26528
bitchesproblem,26529
merdeux,26530
francecul,26531
jsuisvraimenttropcon,26532
lesfou,26533
lyoncity,26534
imtired,26535
iwanttosleep,26536
mere,26537
pnr,26538
putaindemerde,26539
bahlescouillesdupasse,26540
clap,26541
louisaoda,26542
jmj,26543
lydia,26544
tocardinho,26545
fermetamerestp,26546
catsitting,26547
franceunitymarch,26548
jesuislenigeriawesh,26549
whitewalker,26550
winterisnotcoming,26551
reminder,26552
caburicature,26553
lachaineparlementaire,26554
correctionautomatiquebourbiere,26555
jesuischiara,26556
lamarseillaiseestcharlie,26557
bronco,26558
unitedinorange,26559
edd,26560
roadtrip,26561
xotothedeath,26562
coupinedeloin,26563
objectifmoins15kilo,26564
maigrir,26565
chessy,26566
interrodemathsdemain,26567
jevaismourir,26568
commedhabhein,26569
jaitropraisonwsh,26570
funnywalk,26571
funnyrun,26572
doudouisthebest,26573
vivedoudou,26574
alylesbmercredi,26575
onestfaiblesquandmeme,26576
capucoanimatrice,26577
depuistesensegpa,26578
onestmalbarreesmoijpensepaspersoptdrlolilol,26579
jesuidchiara,26580
berth,26581
pasfauxonestpasencoremorte,26582
clempechoaly,26583
hopitalquisefoudelacharite,26584
djsem,26585
parisan,26586
salmon,26587
cucumber,26588
chili,26589
afidalove,26590
boobaetaitdejadanslefutur,26591
toutcquejai,26592
keblack,26593
alyvabaiserclemsoon,26594
toocoolforschool,26595
libertad,26596
republiquefrancaise,26597
someone,26598
onsoutient,26599
offjusteavectoi,26600
clemmameufjusquen2016apresblc,26601
genialeimpertinence,26602
rupturealyetclem,26603
clempleurebcalylalarguee,26604
haven5,26605
vousavezditpro,26606
jeudemotachier,26607
lastpicture,26608
clemvaallerenprison,26609
detournementdemineur,26610
jesuisbaguette,26611
olol,26612
rdventerreinconnue,26613
poudredocre,26614
namibia,26615
himba,26616
cavapasdutout,26617
barbie,26618
chalghoumivoice,26619
romainhamouma,26620
suriye,26621
lubnan,26622
afganistan,26623
mimiematy,26624
beamazing,26625
spintire,26626
steam,26627
adieubalkany,26628
canadianscreenaward,26629
corpsdelache,26630
guard,26631
constantin,26632
mykhlyf,26633
miakhalifa,26634
hzeballah,26635
djclement,26636
brazil2015,26637
coke,26638
discotheque,26639
ademjashari,26640
zahirpajaziti,26641
agimramadani,26642
andiron,26643
waytooexcited,26644
skinmystere,26645
galziminuit,26646
lesmalice,26647
marquand,26648
vigilancejaune,26649
mutualweirdnes,26650
bagged,26651
travaillerpournourrirlafamille,26652
greasepower,26653
debut2015cespasbenefdeja,26654
alerteorange,26655
mimarvoice,26656
dramatic,26657
skie,26658
nouvelleseriedumercredi,26659
flying,26660
harrier,26661
patescarbo,26662
tenuequipassepasmemeaveclebonnet,26663
evenementiel,26664
vaccination,26665
accessorie,26666
bracelet,26667
ring,26668
nmama,26669
teach,26670
applied,26671
linguistic,26672
polonai,26673
selapete,26674
lady,26675
jesuisd1patience,26676
ivanawong,26677
hongkong,26678
china,26679
heartofthesea,26680
ronhoward,26681
stophuchon,26682
melanie,26683
saltarelle,26684
dancer,26685
accrochetoijeannotcavazouker,26686
audessuscestl,26687
louisbertignac,26688
audessuscestlsoleil,26689
humanity,26690
penseesdujour,26691
olafureliasson,26692
arabicbeauty,26693
charmeoriental,26694
veranderung,26695
leben,26696
schade,26697
hoffnung,26698
liebe,26699
neue,26700
bartender,26701
letrainbleu,26702
ensemblenouspouvon,26703
dosomethingproductivewithyourlife,26704
dontjudgeme,26705
golddigger,26706
undercoverbos,26707
firstlove,26708
teammotta,26709
foreverastark,26710
byebitche,26711
jnanayoga,26712
brazza,26713
workgn,26714
gabriel,26715
coupedecaleivoirienlesbest,26716
lenombre23,26717
morbide,26718
pasdechance,26719
reveildanscinqheure,26720
dernierpartiel,26721
creteespagnol,26722
blondhair,26723
tribal,26724
ambassade,26725
keepthesmile,26726
versiondupauvre,26727
jeffkoone,26728
gribi,26729
phrasedechronique,26730
jiribarta,26731
morsay,26732
them,26733
dudaexistencial,26734
4inthemorning,26735
tweetcommelimamdedrancy,26736
christianoronaldo,26737
bureaudepresse,26738
heureusementjaidespotesauxstatesetaujapon,26739
tropdetaff,26740
pasfatigue,26741
vocaloid,26742
miraisega,26743
schizophrene,26744
ouuuuiiiiiiiiiiiii,26745
mariahavega,26746
fulltest,26747
givemegin,26748
youarebeautifouritstrue,26749
jesuischatouille,26750
alinkbetweenworld,26751
thelegendofzelda,26752
thecrew,26753
plusquedemain,26754
undemimagnifique,26755
autriche,26756
alcombinefun,26757
desvrailettre,26758
tchadien,26759
cemac,26760
onetheroadagain,26761
pmp,26762
1es2,26763
song2,26764
hermann,26765
leanstartup,26766
ilesrelou,26767
wweimmortal,26768
fingerscrossed,26769
tropdevent,26770
newmemberofthedudufamily,26771
lemikadosanschocolatcestaussiconque,26772
lemikadosanschocolatcestaussiconmemepirequeliott,26773
brunodanslaradio,26774
livredevoyage,26775
ruedutemple,26776
jpmorgan,26777
benoitxvi,26778
jeveuxresterdansmonlit,26779
whilethecatsaway,26780
lemikadosanschocolatcestaussicon,26781
pourlapaix,26782
kielbunker,26783
bourbonlancy,26784
californie,26785
flux,26786
8yearsofkidrauhl,26787
llwfrbwzby,26788
quelestcehashtag,26789
poop,26790
biggerstar,26791
here,26792
mcommerce,26793
promenadedumatin,26794
pretatout,26795
fpv,26796
quadricopter,26797
teamracer66,26798
carliehebdo,26799
ohhappyday,26800
adeline,26801
fi,26802
henrisappia,26803
chanceuse,26804
jesuisclient,26805
wta,26806
igerstoulouse,26807
headshot,26808
speculation,26809
uneaubaine,26810
onsenfout,26811
enretard,26812
1ansdeplu,26813
blaguepourrie,26814
dentiste,26815
determine,26816
ota,26817
reservation,26818
iktisat,26819
sosyalbilimler,26820
bienetre,26821
okalm,26822
8crap,26823
plonger,26824
lvnasy,26825
pinterest,26826
branlettetime,26827
catsofinstagram,26828
redditgift,26829
cutie,26830
oscarnom,26831
classedanslesnuage,26832
sharegrid,26833
climatechao,26834
topofthelake,26835
bighero6,26836
zirkaslach,26837
chine,26838
medde,26839
bloggerpari,26840
gucci,26841
dragonball,26842
surpri,26843
hypercarcher,26844
thursday,26845
ufo,26846
highway,26847
waytocognac,26848
charente,26849
sciencesdeleducation,26850
delit,26851
niklaconnerie,26852
lesmalheursdesarah,26853
tgvpro,26854
benalor,26855
sbhlkhyr,26856
jesuisterence,26857
minipoutine,26858
tweetville,26859
lufthansa,26860
fredericvion,26861
telematin,26862
psg4ever,26863
suivezmonregard,26864
cassecouille,26865
youpitralala,26866
jesuisdemocrate,26867
greatdaysofar,26868
haunting,26869
utopie,26870
usainspirit,26871
keepthefocu,26872
pyschose,26873
ordure,26874
cookielyon,26875
wind,26876
welcom,26877
bsg10year,26878
thewall,26879
vite,26880
hakim,26881
shawnmende,26882
bento,26883
jlist,26884
roque,26885
charlieavant,26886
absinthe,26887
procheorient,26888
ve,26889
sausage,26890
juice,26891
tendancestvinternationale,26892
notafall2014,26893
educationnationnale,26894
veronique,26895
teamch,26896
rythme,26897
cestpastroptot,26898
yonnetourisme,26899
fantassinsdelademocratie,26900
beaulieusurmer,26901
teamalgarve,26902
sakharov,26903
ezrapound,26904
newdorpnewyork,26905
verycorrect,26906
wannafellamong,26907
anightonearth,26908
grevetran,26909
pcfocu,26910
ecforum,26911
rc,26912
yeuxquipique,26913
tetedanslecul,26914
yauapt,26915
baka,26916
temptationisland,26917
gottalent,26918
borinnnngggg,26919
placeauxjeune,26920
macbookair,26921
12pouce,26922
retoursurleplateaude,26923
creativamontpellier,26924
doy,26925
cbnew,26926
jesuisunemarmotteenhiver,26927
ncisneworlean,26928
csicyber,26929
bravolinspiration,26930
canyouhelp,26931
glandage,26932
charliepourtou,26933
smm,26934
necessite,26935
jordskott,26936
flukandgluk,26937
webentrepreneur,26938
ereputation,26939
avatar2,26940
narconovela,26941
onnousprendraitpaspourdesjambon,26942
noexcuse,26943
narco,26944
bfmanousdevousfairekifferlaconnerie,26945
etonfaittournerlesserviette,26946
2015lanneeoujesuisdevenulechrist,26947
ilfautquesachange,26948
personna,26949
mikado,26950
mangedelaircafaitmaigrir,26951
partielseconomie,26952
unjouruneconnerie,26953
attentionaudepart,26954
cestlacrise,26955
geotalk,26956
tweetdegenie,26957
nota,26958
0respect,26959
arrache,26960
jefaisquoimaintenant,26961
aunissud,26962
projetdeterritoire,26963
coherent,26964
dynamique,26965
nionnnn,26966
arm,26967
umpfhaine,26968
tweetcommeciotti,26969
malpalant,26970
freudforever,26971
fuckingcopilote,26972
cestchiantdecorrigerleursputainsdedossier,26973
camesaoul,26974
pointfx,26975
playground,26976
elsevierdate,26977
nyusushow,26978
bumperleboulevard,26979
wauquiez2015,26980
salehistoire,26981
decourager,26982
nouveausouffle,26983
dhkrwflshykhjbr,26984
kto,26985
tvc,26986
npvr,26987
groupe,26988
tournoides6nation,26989
psa,26990
orangevillage,26991
jesuislaotienne,26992
6nations2015,26993
grandchelem,26994
renerusso,26995
bestsupportingactres,26996
jesuisspiderman,26997
chewinggum,26998
dubnation,26999
gsw,27000
siemen,27001
iq700,27002
beautyblender,27003
eponge,27004
leksen,27005
reggae,27006
popeinph,27007
popetysm,27008
safran,27009
mitel,27010
bellereference,27011
soshpower,27012
tomberdansloubli,27013
huissiersansfrontiere,27014
nikerun,27015
getstrong,27016
rainyrunning,27017
got1yearwithgot7,27018
boymeetsworld,27019
iamtopanga,27020
anssi,27021
cybersecurite,27022
whoismuhammad,27023
t6n,27024
6nation,27025
auditobordeaux,27026
respectmadame,27027
ndelendelestyle,27028
idchampagneardenne,27029
developpement,27030
ouestmoncanap,27031
lengow,27032
stormday,27033
lang,27034
vannesmoisie,27035
fourest,27036
skynew,27037
slowstarter,27038
drycut,27039
link,27040
pierredac,27041
francisblanche,27042
laviemoderne,27043
notthetimeofmylife,27044
cfe,27045
abm,27046
wordpres,27047
beni,27048
triplecrikkkkkkk,27049
monusco,27050
blackbird,27051
tissmail,27052
usinedufutur,27053
madeinaube,27054
kyrgyzstan,27055
webdesigner,27056
kuluna,27057
essorsavoyard,27058
memomymi,27059
amirrespect,27060
irrespectpuissance4,27061
new3dsxl,27062
imamdedrancyvoice,27063
touchepasamonpoil,27064
ciottistyle,27065
devantfabiola,27066
assasmelun,27067
eastpak,27068
nonrespect,27069
generation98,27070
bravolibe,27071
bergesdulac,27072
clashback,27073
jemelangetout,27074
jemettoutsurlememeplan,27075
sade,27076
devoirsducitoyen,27077
noiseyatl,27078
villefontaine,27079
yeees,27080
idhunammaaalu,27081
homophobe,27082
gayagenda,27083
incantation,27084
naivete,27085
fantasme,27086
uicn,27087
after5year,27088
nationale,27089
sinik,27090
noussommespartout,27091
worldinvasion,27092
notrepeuplevaincra,27093
cestavou,27094
blondmoustache,27095
jesuiscameroun,27096
jesuisrdcongo,27097
jesuisaussishizzle,27098
jesuisaffame,27099
jesuisko,27100
airforce1,27101
nikeshoe,27102
ef,27103
lecon,27104
casanova,27105
tfcscb,27106
howimetyourmother,27107
onnestjamaistropprudent,27108
dolphinproject,27109
kbn,27110
jechoisismadosettetoutlesmatin,27111
ilmemanqueladolcegusto,27112
onvasemarreren2015,27113
annivassp,27114
prendsgardemisterfox,27115
ara,27116
recipe,27117
pumpkin,27118
duckface,27119
erasmus2,27120
ruhani,27121
antisociale,27122
betadine,27123
tomlephilosophe,27124
umpire,27125
deanmorri,27126
i24newsfr,27127
teamjeremypv,27128
pilgrimage,27129
didibudiardjo,27130
costume,27131
reserve,27132
rsovil,27133
publikart,27134
vigile,27135
meilleureamie,27136
parisaimeniki,27137
specialinvestigation,27138
tedandrobin,27139
quicomprendra,27140
fierederico,27141
jaibon,27142
interstellar,27143
hommageatignou,27144
iphone6plu,27145
oraclesecurity,27146
oraclefinance,27147
spv,27148
queenb,27149
colorofyear,27150
decoration,27151
marsala,27152
whl,27153
prospect,27154
lte,27155
brave,27156
theygottastop,27157
whyyyyyyy,27158
ibtissamonhitradio,27159
lmptniste,27160
faisch,27161
plr,27162
pdc,27163
jecomptelesjour,27164
dearcashmere,27165
digitaldetox,27166
bullshitsforteenager,27167
dummie,27168
fnek,27169
joalheria,27170
fibula,27171
normandia,27172
fibulae,27173
francetelecom,27174
fauted,27175
s2e7,27176
captpaulwatson,27177
lnecanal,27178
bienvenuegianni,27179
couleur,27180
ece,27181
eb,27182
campuseiffel,27183
wickedparadise,27184
jeforce,27185
technology,27186
veggie,27187
lanaive,27188
vice,27189
popozer,27190
canonslescollegue,27191
soniaadjadjwayoflife,27192
tassimomorning,27193
lemalentendu,27194
charliehebdon1178,27195
collecte2015,27196
hygiene,27197
rapfrancai,27198
neloublionspa,27199
canalalademande,27200
leti,27201
bourgine,27202
attraction,27203
teamfamou,27204
gourdel,27205
cestpasmonmoteur,27206
emirate,27207
ek078,27208
codeshare,27209
qanta,27210
vivecanal,27211
cybersecurity,27212
appleaddict,27213
platdujour,27214
planespotting,27215
daysick,27216
michealkor,27217
oscar2015,27218
guest,27219
tip,27220
teamjuliannemoore,27221
laffont,27222
wtff,27223
skyrockforever,27224
hellobank,27225
bape,27226
theyoungandtherestles,27227
jesuisfrancoiscoulibaly,27228
bombita,27229
cineargentino,27230
jeresteraicharlie,27231
superloveforsuperjunior,27232
occident,27233
gda2015,27234
kawaii,27235
indoforever,27236
zotentriiip,27237
gangland3,27238
salzigen,27239
geschmack,27240
leber,27241
teamtaubira,27242
teammalzieu,27243
nomination,27244
flopignon,27245
dejacharlie,27246
teamhillaryforever,27247
pagespeed,27248
vafalloir,27249
businessplan,27250
socialnetwork,27251
s2e8,27252
paname,27253
nikewomen,27254
rienafaire,27255
ennuitotal,27256
byefelicia,27257
widerstand,27258
drizzyfucku,27259
madameboisseauxmskn,27260
nexity,27261
aviation,27262
petiteagitee,27263
littleenergybox,27264
board,27265
auboutdurouleauaveccettereco,27266
nextweek,27267
agglo,27268
sesame,27269
proteine,27270
whenyousatbehindmeinchoir,27271
thosecommentsunderyourbreath,27272
comeon,27273
winogrand,27274
oscarsnom,27275
najwkaram,27276
5ruedelalma,27277
universiteendanger,27278
aaptl,27279
doubtful,27280
diversify,27281
postpartiel,27282
sensibilisation,27283
rex,27284
audit,27285
coeursurtafindejournee,27286
getitstraight,27287
epictrip,27288
zola,27289
glassdoor,27290
marqueemployeur,27291
puteaclic,27292
delayedflight,27293
bank,27294
automaticexchange,27295
bouchon,27296
digitaldelivery,27297
slcp,27298
climateaction,27299
marioncotillard,27300
aspiraguzz,27301
voeuxgl,27302
veil,27303
avuc,27304
classico,27305
fcbreal,27306
campnou,27307
thewitcher,27308
wildhunt,27309
applefrance,27310
jparlepeu,27311
larepubliquedescopain,27312
ftth,27313
danceeeee,27314
zakat,27315
zamok,27316
karkason,27317
tonusstap,27318
pfiuuu,27319
najwakarambirthday,27320
plateformec,27321
fuckcupidon,27322
nolove,27323
chf,27324
counard,27325
lecombatdemafille,27326
louispassionfuture,27327
oullin,27328
ripaap,27329
dylangiveusadamnselfie,27330
troopingthecolour,27331
consocollab,27332
ecologiehumaine,27333
barefoot,27334
gadpresident,27335
miamtec,27336
matmastacut,27337
atr,27338
conquet,27339
port,27340
vague,27341
massage,27342
relaxation,27343
canadian,27344
mulunge,27345
winnielourson,27346
biomeca,27347
anat,27348
eclair,27349
official,27350
jesuisleo,27351
etalementmobile,27352
librepensee,27353
moiaussi,27354
punk,27355
realcoffee,27356
missyouuuu,27357
teamflo,27358
bugattiveyron,27359
desbarresavecreese,27360
hautepierre,27361
faitpitie,27362
xynthia,27363
kyovlog,27364
onsefolowlejeudisanspression,27365
chloeestenpyjama,27366
kurokoj1,27367
gt3,27368
mileycyru,27369
folowforfolow,27370
amortlebac,27371
dcem4,27372
ecn2015,27373
examenapproche,27374
io,27375
lemikadosanschocolatcestaussiconquemika,27376
oscaro,27377
seduisanteenhiver,27378
dissection,27379
bestproject,27380
jesuispatrick,27381
jesuissioniste,27382
jesuislalibertedexpressiondelhommeblanc,27383
tweetcommemorandini,27384
exactement,27385
pardy,27386
summerwiththesquad,27387
remontadablanca,27388
rmavsatl,27389
salesituation,27390
friendzone,27391
thecut,27392
genocidearmenien,27393
bugsbunnyrose,27394
campuscomedytour,27395
squatchallenge,27396
thebigc,27397
alhockey,27398
teamhac,27399
fastlife,27400
swaggdebonhomme,27401
kinder,27402
cevpu,27403
boysofzummer,27404
taulier,27405
beliebersarethebestfansintheworld,27406
todaythechannelatytkidrauhlare8year,27407
buffon,27408
ifo,27409
eddymalou,27410
viller,27411
thiant,27412
transferttlmsf,27413
thejanuarypact,27414
fle,27415
francaispro,27416
ouiiiiii,27417
easysemestre,27418
cdanslairj,27419
introducing,27420
inha,27421
cheveuxpasassezcrepu,27422
mixedhairproblem,27423
terraser,27424
roussillon,27425
south,27426
mercisimulateur,27427
entheorie,27428
mytattoo,27429
tomkingue,27430
trop2punchline,27431
technikavancee,27432
vervier,27433
jesuispecquery,27434
transdisciplinaire,27435
ouverte,27436
stanatwork,27437
meal,27438
didierbourdon,27439
stephanemeunier,27440
annegregorio,27441
nabilequenum,27442
magrandmaman,27443
missioncomendo,27444
gyulakosice,27445
kiffstyle5,27446
jefollowtpmpparceque,27447
valentinadore,27448
lesaviezvou,27449
muser,27450
huaweibattle,27451
nexus9,27452
lollipop,27453
htc,27454
4yearsofkidrauhl,27455
ange,27456
teambrioche,27457
lepointdenonretour,27458
psyckoz,27459
idealizer,27460
haunted,27461
saintpierreleselbeuf,27462
onsefollowlejeudisanspression,27463
21juin,27464
pancake,27465
2anset6moi,27466
castelnau,27467
cetaitbienparti,27468
antibokoharam,27469
thestrugglestart,27470
kiranabedi,27471
papefrancoi,27472
regionale,27473
clubcanalsat,27474
sweciv,27475
jazzymood,27476
lelexirdamour,27477
moimocheetextremementcon,27478
jeremstar,27479
hastaelfinalvamosreal,27480
teammyriamc,27481
vigipicrate,27482
jeunetalent,27483
teamyeuxbleuvert,27484
cleancoton,27485
bvb,27486
gothamcity,27487
coupage,27488
jesuistonongle,27489
meringue,27490
marron,27491
qatbra,27492
poise,27493
rmaatm,27494
traitementcapillaire,27495
debatf24,27496
bakytraitement,27497
medyaozgurolmadan,27498
grosdos,27499
pittstate,27500
kyro,27501
aperorh,27502
instituthongroi,27503
jane,27504
gretaevanessa,27505
krivine,27506
tissage,27507
tpmpofficiel,27508
kiranbedi,27509
jaichand,27510
silverfox,27511
magma,27512
kohntarkosz,27513
vod,27514
sicile,27515
nrjtoulouse,27516
sebastien,27517
lme,27518
ipa14,27519
aperosrh,27520
marketingrh,27521
harden,27522
houston,27523
mononclecharlie,27524
antecedent,27525
phrasedeprof,27526
pokeconcours1501,27527
terrorattack,27528
westetneurope,27529
audi80,27530
cm56270,27531
letop,27532
phrasedumoment,27533
onlytryingtohelp,27534
jesuisenforme,27535
bonneactrice,27536
seanfari,27537
unairdefamille,27538
merylstreep,27539
awkward,27540
orchestredepari,27541
paavojarvi,27542
classical,27543
lamainverte,27544
casuffisme,27545
karinelecchi,27546
summer15,27547
valoche,27548
votonslaconfiance,27549
haha,27550
venomsnake,27551
punishedsnake,27552
outerheaven,27553
diamonddog,27554
solidsnake,27555
nabucco,27556
dongiovani,27557
fayot,27558
cestfou,27559
civswe,27560
montaigne,27561
jesuisuneconnasse,27562
laparfumeriebordelaise,27563
chantecommeunsoiraubarberousse,27564
pureplayer,27565
haylor,27566
paris16,27567
elsassfrei,27568
sweat,27569
bestfilm,27570
vouscassezlegame,27571
stephan,27572
lawstudent,27573
bordeldedroit,27574
prayforbelgium,27575
indiragandhi,27576
arvindkejriwal,27577
logicpro,27578
guitare,27579
volcabeat,27580
korg,27581
youpi,27582
mamaindroite,27583
monseulamour,27584
scally,27585
chav,27586
sockfetish,27587
stinking,27588
emergency,27589
fbc,27590
deuxiemebureaupb,27591
evan,27592
peter,27593
sketchfreedom,27594
atlanti,27595
leloft,27596
bfc,27597
foreverwithzelo,27598
waitforyou,27599
boycottdumondialdehandauqatar,27600
arrogance,27601
elsawolinski,27602
bezfiltra,27603
s2onsixx11n12,27604
fragiliteyy,27605
motivonsnouspouruncorpsdereve,27606
jaileschevillesquienflent,27607
birthdaygirl,27608
chloeenpyjama,27609
rienquiva,27610
explication,27611
parfumeriebordelaise,27612
unionjbestfans2015,27613
guiler,27614
freeisrael,27615
1dbestfans2015,27616
nsnrjmobile,27617
keyofsoul,27618
aimetaville,27619
bia,27620
toronto,27621
breakfastinamerica,27622
putatleti,27623
perplesso,27624
muore,27625
italiano,27626
artista,27627
circo,27628
piou,27629
loireatlantique,27630
jetairway,27631
phenomene,27632
sr4,27633
frappesintergalatique,27634
realatl,27635
reaatl,27636
nsvote,27637
b20,27638
calculette,27639
kev,27640
puuuiiiissance8,27641
lyontechnocity,27642
vieuxbail,27643
base,27644
oblak,27645
frontex,27646
calculsdedose,27647
voeuxcci,27648
unioneuropeenne,27649
wpantone,27650
soireeagence,27651
prague2015,27652
prettyplease,27653
workoutfreak,27654
remiseaniveau,27655
peacebyvsp,27656
vsp,27657
vsppari,27658
flagship,27659
boutique,27660
skullhead,27661
tuvasfairequoi,27662
teamsenat,27663
oppositionau,27664
saintsebastien,27665
inoui,27666
jesuisbelge,27667
s2onsixx9n10,27668
destinationfinal5,27669
prepac,27670
actifed,27671
directsr,27672
lightninhopkin,27673
burnin,27674
folk,27675
lp,27676
fontana,27677
recordoftheday,27678
unmur,27679
cantstopsmiling,27680
momolaphilosophe,27681
tiboinshape,27682
examenesfinale,27683
df5,27684
loveyoumeschat,27685
bic,27686
delightafriend,27687
petitjournal,27688
fiansosurskyrock,27689
dalsabruxelle,27690
someonestopme,27691
jesuismartine917,27692
jesuisunashtag,27693
encloquemodedemploi,27694
gomezettavare,27695
epreuveultime,27696
paypalnightly,27697
withing,27698
statutvise,27699
lesmedianousmanipulent,27700
foxnewslie,27701
lasaturation,27702
moncandidat,27703
teammadamezizi,27704
destinationfinale5,27705
enpleinecreation,27706
liar,27707
nsoui,27708
tresgrandjoueur,27709
noui,27710
vautmieuxetreseulequemalaccompagnee,27711
letransporteurlaserie,27712
ipagienne,27713
nsnon,27714
objetconnecte,27715
littlegoguette,27716
t6n2015,27717
salekarma,27718
vincentmontetongrec,27719
stainedglas,27720
vitrail,27721
realvsatletico,27722
ddc14,27723
thai,27724
datgout,27725
knicksvsbuck,27726
buck,27727
nbalondon2015,27728
jihadisme,27729
caaidepa,27730
maphilosophie,27731
laurentbaffie,27732
ping,27733
prioriteeschelou,27734
augmenteddev,27735
adway,27736
headoo,27737
ubudu,27738
parisopera,27739
anotheryearofmiracle,27740
nsvotepa,27741
quepasa,27742
mafamille,27743
leconquet,27744
parieurencarton,27745
pariecommejolanetnassim,27746
samcooke,27747
primolevi,27748
patrickswayze,27749
toujoursencomposition,27750
laurentruquier,27751
30minutesmaximum,27752
postbadsneacker,27753
emji,27754
deborah,27755
whitneyhouston,27756
vacancesdhiver,27757
sla,27758
redondance,27759
genoutoutneuf,27760
amaretto,27761
licencepro,27762
chargedecom,27763
snoui,27764
allyourneedislove,27765
fauxecumenisme,27766
preparatif,27767
podium,27768
destinatonfinale5,27769
nsbleu,27770
chfeur,27771
chfusd,27772
chfjpy,27773
chfgbp,27774
cygnenoir,27775
retourauxsource,27776
medi,27777
bebou,27778
lagrinta,27779
angie,27780
dreamonchri,27781
ciotti,27782
besoindemeretrouver,27783
livreta,27784
domedufoot,27785
jda,27786
rpzfresnel,27787
ilovekf,27788
pointeuse,27789
missuniverse,27790
saintmarcellefebvre,27791
francesisabel,27792
leslypassionembrouille,27793
lehoquet,27794
avecblm,27795
twinpeak,27796
coffeescrub,27797
detresse,27798
franky,27799
leon,27800
apreschangementdenumero,27801
solide,27802
lequatuordesamerequi,27803
saudade,27804
selimpassionfraude,27805
restau,27806
simeone,27807
ursula,27808
grauenvoll,27809
rmdatm,27810
noncestbonjerigolemejetezpasdescailloux,27811
teamjairaison,27812
tweetdepaumee,27813
clairehasatest,27814
neutrogena,27815
happybirthdayromeo,27816
38year,27817
iwantyouadarlingforbirthday,27818
winnerloto,27819
icry,27820
meineliebe,27821
meinhaschen,27822
mathieu,27823
jailedroitalafesseesijetelecharge,27824
hypixel,27825
footu,27826
thesaturday,27827
usn,27828
lalanne,27829
ontherise,27830
peopleareawesome,27831
nailedit,27832
glamour,27833
outreal,27834
rayban,27835
toutelasemainesnapchatbest,27836
detristan76100,27837
varane,27838
thd,27839
envacance,27840
frauentausch,27841
indomptable,27842
toiaussiapprendsleneerlandaisavecmandy,27843
cloclo,27844
jfchve,27845
askmarierbt,27846
mathilde,27847
mentcommechamkan,27848
contournementest,27849
liaisona28a13,27850
labande,27851
robert,27852
elcfcb,27853
elcbar,27854
coupeitalie,27855
juvver,27856
confinant,27857
teamgl,27858
fidelite,27859
conservateur,27860
cortexlespyradmide,27861
fatalbazooklash,27862
fieredetremetisse,27863
claudejuvet,27864
chanyeol,27865
destinationfinal,27866
casual,27867
mehizoeldia,27868
eleonore,27869
chretiensdorient,27870
chretiensdirak,27871
chuck,27872
alsinanation,27873
taylorhanson,27874
zachanson,27875
elchebarca,27876
auboutdemavie,27877
juvehella,27878
coman,27879
juveverona,27880
fenomeno,27881
oneofthosedays2,27882
nycmarathon,27883
metroboulotdodo,27884
scdgym,27885
sergi,27886
influenza,27887
lisezdeslivre,27888
adama,27889
vallaud,27890
blackcat,27891
blackpanther,27892
yeapaaaaa,27893
khlntrjmfrnsy,27894
jesuismali,27895
twopeasinapod,27896
soireedemerde,27897
nofuz,27898
implant,27899
obese,27900
technologic,27901
lovethem,27902
adoptemoi,27903
jevoulaisrestercharlie,27904
influenta,27905
stuartetheidi,27906
leseum,27907
charle,27908
pointmusique,27909
ohlalakelolo,27910
thegrandbudapesthotel,27911
wesanderson,27912
monpremiertweet,27913
smartrap66,27914
quefaire,27915
comingsoon,27916
mommylife,27917
lesgrossestete,27918
birakheim,27919
postbadboob,27920
desabusee,27921
dinertwitto,27922
martial,27923
shewantthed,27924
lelobby,27925
martinlurherking,27926
evospeed,27927
ennahdha,27928
westbank,27929
panini,27930
blancdepoulet,27931
salade,27932
lthwr,27933
sing,27934
cnd,27935
ornah,27936
shotbylumia,27937
gerardbiard,27938
jesuislalaicite,27939
enemid,27940
pierreniney,27941
pasdehashtag,27942
ghvipesbasura,27943
ghvip2,27944
lovestory,27945
vivementlelive,27946
teampremierdegre,27947
btstourisme,27948
krkrkrkr,27949
illner,27950
sismo,27951
cardio,27952
adventure,27953
coprodfamily,27954
petitdejeune,27955
fionaisback,27956
maybritillner,27957
corruption,27958
zzzzzz,27959
teamfou,27960
krkrkrkrkrkr,27961
samandskatemusic,27962
nostalgeek,27963
prendsnouspourdesquiche,27964
shimifriday,27965
keaf,27966
instamode,27967
oncearedalwaysared,27968
miklnolimit,27969
bruleurdefrontiere,27970
langagecode,27971
halilovic,27972
fcbarca,27973
saison1,27974
cestparti,27975
macbookpro,27976
jesuisvalerie,27977
marineaupouvoir,27978
vivenadinemorano,27979
toutcacestacausedesassiste,27980
teamthauvin,27981
weekendtourangeau,27982
khrushchev,27983
kennedy,27984
el,27985
nuhr,27986
teamkizomba,27987
nuhrimersten,27988
pill,27989
hommeabeurette,27990
makisall,27991
samlepirate,27992
guonson,27993
prayfornigera,27994
palerme,27995
curiou,27996
googleplay,27997
titaknick,27998
angleur,27999
keurkeurdamour,28000
liege,28001
tragedy,28002
wise,28003
teamepsilon,28004
leslarmesdechagrin,28005
differenze,28006
troprapide,28007
degaulle,28008
avenue,28009
vayavoirdudossier,28010
crosswalk,28011
grosdedossier,28012
venezolano,28013
nemeparlezplusdelle,28014
garou,28015
addicted,28016
virusrai2,28017
lesfessesdelaliberte,28018
toutcapourunepairedemiche,28019
y3,28020
soireeetudiante,28021
aleatoire,28022
cesnimportequoi,28023
tile,28024
champselyseesclemenceau,28025
lancome,28026
seniseviyorum,28027
pacorabanne,28028
shining,28029
valardolaheri,28030
elparasitodeljeuditarde,28031
airmag,28032
lyceenewton,28033
apologieduterrorisme,28034
loiantiterrorisme,28035
overdosedemath,28036
operation,28037
anesthesie,28038
congobrazza,28039
opposition,28040
constitution,28041
2014retrospective,28042
simba,28043
stopthebooty2015,28044
lesgarsalhotellesfillesalapoubelle,28045
tdc,28046
receveurfamilly,28047
danslatete,28048
reeenial,28049
arretezleshashtags2015,28050
reveuse,28051
spfl,28052
happy2015,28053
ineedfeminismbecause,28054
coyotegirl,28055
dansmatete,28056
sadique,28057
perdlatete,28058
herblay,28059
child,28060
daoud,28061
protestsong,28062
yaplusdeauchaude,28063
lawrence,28064
11delegende,28065
remplaceunmotparbite,28066
mamanjaiencoreratelavion,28067
stopauxsectebeliberdirectioner,28068
jamaisveufnefutplusgai,28069
pg13,28070
pacer,28071
premierjourdelanneeetdeja,28072
hsm2,28073
triodughetto,28074
mannequinat,28075
hny2015,28076
ba2015,28077
bienvenue2015,28078
mwahahah,28079
relationship,28080
teenwolfseason5,28081
paris2015,28082
changerdair,28083
emue,28084
l1triangle,28085
lookingahead,28086
cascade,28087
notready,28088
twinsparty2,28089
dna,28090
sougouvenere,28091
blanche,28092
polska,28093
polishboy,28094
poland,28095
jesuisincapabledemettreunlien,28096
staystrongloui,28097
fcchelsea,28098
fcbayernmunich,28099
mancity,28100
nyc22,28101
noncestsur,28102
bap,28103
restenaturel,28104
seviyorumdedinde,28105
olho,28106
gerrardmemorie,28107
lesjeuxdemotspourrisdugrimpeur,28108
niveldeamizade,28109
joyeuxanniversaireraficho,28110
chuitropswagpourvou,28111
colorsfestival2015,28112
boxingday,28113
shakespeare,28114
latempete,28115
piece,28116
lagarone,28117
auguri,28118
yarienafaire,28119
16mv,28120
postreveillon,28121
titechouille,28122
racletterosey,28123
fanaa,28124
soireeprohibition,28125
lasoireeinterdite,28126
whereitsgoodtobebad,28127
annees20,28128
annees30,28129
amisennemi,28130
doctorwhof4,28131
firstdayof2015,28132
followmejack,28133
bisouspleinslesfrate,28134
maximrevient,28135
kevtunousvenddureve,28136
abbepierre,28137
souriezvouseteslocalise,28138
teamamoumoumou,28139
crohn,28140
selfieforsammy,28141
foncede,28142
onceisfrozen,28143
gwen,28144
zampamicheletlefou,28145
djyammouni,28146
teamtropbourre,28147
truefriendship,28148
julesrenard,28149
vasyressuscite,28150
in,28151
russian,28152
brazilian,28153
babtoubretonne,28154
trop2love,28155
nooooooo,28156
notnowplease,28157
tweetviseblonde,28158
watisoldat,28159
chabiforeverinmyheart,28160
premierenuitinsomniaquedelannee,28161
onacriercommedesfolle,28162
meaghamann,28163
yomama,28164
pauvrecruchdescampagne,28165
epic,28166
bitchesknow,28167
reflexiondusoir,28168
veteran,28169
droitepop,28170
paco,28171
trixma,28172
banger2,28173
auphe,28174
ilovewinner,28175
noflex,28176
rc8,28177
braidhair,28178
justecommeca,28179
tweetcommeunemeufenformedekindercountry,28180
portugai,28181
chantier,28182
pasfindugamecpasljeu,28183
shegueeysquuad,28184
gdejafaim,28185
journeeparfaite,28186
sarahetmantinequisaimepa,28187
logan,28188
cdm2006,28189
euro1982,28190
cestaussipourtoi,28191
teamisrael,28192
falafel,28193
flowdopinel,28194
mecanique,28195
synchro,28196
alrightonthenight,28197
joydivision,28198
disorder,28199
maclipstick,28200
urbex,28201
haggendaz,28202
2014memorie,28203
setetmatch,28204
tropmanger,28205
faischier,28206
maldebide,28207
rickowen,28208
konstantinkofta,28209
my2015wishlist,28210
teamtetedepouce,28211
offnarry,28212
lofficielpari,28213
gqfrance,28214
gqu,28215
styledotcom,28216
vogueu,28217
03h42,28218
dessinanime,28219
pasdodo,28220
crazyteam,28221
nouvelleannee,28222
tweetlikeapastor,28223
ffbc2015,28224
teamdecerto,28225
manita,28226
naenae,28227
maviedemerdeen2015,28228
quoijavaisditquejarretaisavec2015,28229
antib20,28230
paulo,28231
miraclede2015,28232
litkovskaya,28233
dmmd,28234
meetchristiangrey,28235
elleuk,28236
bousouloutoi,28237
ilovefrench,28238
mbamci,28239
punchandjudy,28240
puppet,28241
19thcentury,28242
toucheasafin,28243
coupedumonde98,28244
browser,28245
optimiser,28246
quimeparle,28247
throwthatassinacircle,28248
throwthatahh,28249
lmfao,28250
botbloque,28251
4gbouygue,28252
ligne14,28253
echelon,28254
seancebeaucouptroptot,28255
reveildelamort,28256
sohard,28257
lift,28258
quantifiedself,28259
ethique,28260
taxslayerbowl,28261
wififi,28262
nofilterneeded,28263
frenchboysforsure,28264
en2015jespere,28265
chezjennifer,28266
soireedefouuu,28267
mandon,28268
demimolle,28269
fftopmot,28270
mimiemathy,28271
deshonneur,28272
onoine,28273
trend,28274
techtrend,28275
onmywayblog,28276
feeling,28277
4gbouyguesbourg,28278
4gbouyguesbourgenbresse,28279
ffgraindefolie,28280
matchstruque,28281
ccfa,28282
supercalifragilisticexpialidociou,28283
marrypoppin,28284
ccleanerandroid,28285
youonlyliveonce,28286
metrododo,28287
voiturewesh,28288
5dedan,28289
deja5h20quelereveilasonne,28290
automobile,28291
theheartwantswhatitwant,28292
orangerie,28293
swiftma,28294
swiftie,28295
ts1989albumof2014,28296
ts1989,28297
cafeaulait,28298
sandwich,28299
1961reform,28300
stem,28301
beurfm,28302
ida,28303
bluevsred,28304
sheepwar,28305
floride,28306
patrick,28307
briana,28308
fedupwiththem,28309
jmesensmoinsseule,28310
luxehunt,28311
competence,28312
journeeduyolo,28313
valberg,28314
saintjeanbrevelay,28315
tunisia,28316
medine,28317
lesvacance,28318
siyaset,28319
elpadredurap,28320
oeuvre,28321
palavaslesflot,28322
sculpteur,28323
iso,28324
businesscontinuity,28325
ynwastevie,28326
lafindunfilm,28327
storm,28328
happy2k15,28329
lfcicon,28330
shakaponk,28331
blackpixeltour,28332
onemore,28333
ilsvontmetuer,28334
brizvega,28335
loafer,28336
boubou,28337
thursdayboot,28338
bootsporn,28339
popart,28340
promobo,28341
dernierfastfood,28342
jdgbox,28343
sem,28344
jadore,28345
allergie,28346
maladecommepasquoi,28347
picdepollution,28348
angryvideogamenerdthemovie,28349
partdieu,28350
beliebersarereadyfor2015,28351
jeveuxmourir,28352
teampatricksebastien,28353
teamnicosarko,28354
venom,28355
antivenom,28356
ilovegot7,28357
chip,28358
malauventrenegrocestposew,28359
icreate,28360
appletv,28361
autodistribution,28362
ott,28363
delivrenousdumal,28364
qualite,28365
privilege,28366
littlemix,28367
chambeiron,28368
cnr,28369
turchini,28370
larryshipperondominetout,28371
bilan,28372
garmin,28373
larryshipperonslay,28374
afi,28375
forceuseiknow,28376
fragilitesupreme,28377
deluxe,28378
bananacafe,28379
anaisallin,28380
ivern,28381
albiera,28382
freg,28383
natura,28384
paisatge,28385
mma,28386
healthandwealth,28387
nebp,28388
antisocial,28389
qgdiscotheque,28390
pour2015jespere,28391
nineyear,28392
jecrain,28393
bonnequestion,28394
teamcuisiniere,28395
teamfemmeamarier,28396
meilleursouvenir2014,28397
buon2015,28398
2015istheyearofrihanna,28399
forerunner15,28400
mk8,28401
geispolsheim,28402
lavigie,28403
csstanley,28404
justiceforleelahalcorn,28405
rencontres2014,28406
jenpeuxplu,28407
practicesession,28408
onclay,28409
obrienstyle,28410
dylanobrien,28411
vigiliroma,28412
mafiacapitale,28413
milanac,28414
onnnnnnnnnn,28415
drgang,28416
inspecteurgadget,28417
gogogadget,28418
bug,28419
kitchentable,28420
voixdunord,28421
ontheroad,28422
completement,28423
desesperer,28424
pluslus2014,28425
lexique,28426
dictionnaire,28427
stavengerrard,28428
carlyne,28429
democratiefrancaise,28430
gerrardleaving,28431
poule,28432
dinde,28433
unrebeuenquami,28434
rue89,28435
moncrushmoche,28436
stopcaring,28437
delegueelnr,28438
bongout,28439
mediaslemag,28440
mahe,28441
trust,28442
nourou,28443
keepitlit,28444
bonneanneeavectroisiemepoteau,28445
quirinale,28446
kubilaikhan,28447
boudu,28448
jaimal,28449
squaredesbatignolle,28450
sociablesite,28451
mefiezvou,28452
plusjamaisdecomplimentenversirfane,28453
vivelessaison,28454
tomateenhiver,28455
lesdouzecoupsdemidi,28456
marredevou,28457
cergypontoise,28458
everynightinmydream,28459
levraicombatdelafrance,28460
carrasso,28461
perfectreligion,28462
burkina,28463
abidjan,28464
getup,28465
jaimepasleschantsnazi,28466
dawa,28467
mamemlatornade,28468
in20151dwillslayall,28469
sansgene,28470
bebestp,28471
chez,28472
5jour,28473
nordicwalking,28474
marchenordique,28475
onestsurlesnerf,28476
rookieoftheyear,28477
lavilladetokyo,28478
bobmobile,28479
cdm2015,28480
lesorre,28481
13h44,28482
muesli,28483
rahiim,28484
nautipoli,28485
tg3,28486
saykrobon,28487
lookkev,28488
couragepour2015,28489
hein,28490
absolumenttal,28491
tbo,28492
kevinmay,28493
ffbackk,28494
backinpari,28495
tuviensdemetzsi,28496
mywayoffamilylifewillkillmeoneday,28497
idontcare,28498
lafoie,28499
dieuestbondieuestamour,28500
2015lafoie,28501
quedemanderdemieux,28502
passbook,28503
jaimeyannickdelpech,28504
vauxlevicomte,28505
20thingsiwantfor2015,28506
blaguedemerde,28507
ncaaplayoff,28508
ducksvsbuck,28509
ferrara,28510
jdornan,28511
cfbsemifinal,28512
aubout,28513
echecsolairesoon,28514
inegalite,28515
liverpoolperdtout,28516
debutdesbataille,28517
pmdenice,28518
peurderien,28519
susu,28520
malchanceuse,28521
homosexuel,28522
joumou3a,28523
mercipapa,28524
greenwashing,28525
progre,28526
placepinagedansuntitredefilm,28527
mayalechat,28528
enviedelesembrasser,28529
ccaaufinal,28530
directionersandbelibersarethemostfamou,28531
believe,28532
citylover,28533
parisphoto,28534
prudence,28535
gadtronomie,28536
socialtricheur,28537
pactederesponsabilite,28538
allezviensjetemmene,28539
laurierstvaward,28540
startover,28541
kandilinizmubarekolsun,28542
steeven,28543
sudamericain,28544
jeuwii,28545
courtepaille,28546
anfield,28547
bossdusportgame,28548
bornedechangedelivre,28549
arbrolivre,28550
lovetoulouse,28551
pastroptot,28552
journojob,28553
logobierevienten2015,28554
kombouare,28555
vladimirpoutine,28556
mermaid,28557
basketballproblem,28558
liberezlogobi,28559
directionner,28560
jaimepaslemacbookpro,28561
cestcaaaa,28562
angerfist,28563
0nnnnn,28564
bondebut2015,28565
newrule,28566
americandream,28567
hannibal,28568
pageblanche,28569
samoussa,28570
teamjeboisetalor,28571
kitchensafetyfirst,28572
nyredbull,28573
qatarwintertour,28574
infographic,28575
perfectholiday,28576
directionersareawesome,28577
dilem,28578
lasalade,28579
droitprive,28580
happybirthdayshelleyhennig,28581
waranotour,28582
agj,28583
23day,28584
desert,28585
philosophe,28586
executivesummary,28587
loveyougirl,28588
frenchpyrennee,28589
lendemaincuite,28590
fallaitpa,28591
painperdu,28592
lostbread,28593
luvsneaker,28594
superstarii,28595
yvesrocher,28596
coffeelover,28597
rawam,28598
thankyoustevengerrard,28599
payestabonneannee,28600
ilovebt,28601
teampastore,28602
ilovebtsforever,28603
bonvoyage,28604
flan,28605
jedisoui,28606
teamrevision,28607
onenprofite,28608
mamarazzy,28609
tuesunpeufofolle,28610
mesquinssansfrontiere,28611
exodusgodsandking,28612
sapassoupa,28613
revisionpartiel,28614
jesuisfatigueeh24,28615
eldassfrei,28616
rangpantangang,28617
ringpangtanggang,28618
rangpangtanggang,28619
4l,28620
january15,28621
miniature,28622
likeniki,28623
shimisoldier,28624
avispersonnel,28625
directionersslay,28626
ynwagerrard,28627
harryspantsaretootightforhisfatdick,28628
briochenutella,28629
classonavenue,28630
cetaitmieuxavant,28631
cfd,28632
tontongalsen,28633
pardonnemoijrigole,28634
teambzh,28635
deprimant,28636
syndicatdelecteur,28637
ukiyo,28638
peredumanga,28639
nar,28640
narsissist,28641
caphos,28642
denatora,28643
dok,28644
capitano,28645
m6rep,28646
capferret,28647
zenitude,28648
maladresse,28649
swagdelaflemme,28650
tudeviensquoi,28651
innout,28652
fatbutgood,28653
enviebizarre,28654
beaulieu,28655
jourdelan2015,28656
rapta,28657
mama,28658
balletbeautiful,28659
tristerealiter,28660
profite,28661
resident,28662
teamguerreiro,28663
monbebe,28664
insthailande,28665
kohtao,28666
littlemermaid,28667
ancre,28668
10daystogoandimback,28669
gauz,28670
pinder,28671
parie,28672
tower,28673
deboutpaye,28674
lenouvelatila,28675
coted,28676
teamskyrock,28677
operacomique,28678
fetesvenitienne,28679
repetition,28680
rufuscoraliesamemood,28681
mdma,28682
ennui,28683
looooose,28684
aeroportdelyon,28685
gohomefrance,28686
youarehigh,28687
p3,28688
tchae,28689
unforgettable,28690
dlr,28691
apreslesfetesretouralarealite,28692
askay,28693
pasdecouille,28694
journalistegaucho,28695
marba,28696
googleesttonami,28697
feliznavidad,28698
openstreetmap,28699
creatividad,28700
hermione,28701
rochefort,28702
iphonography,28703
maisonslaffitte,28704
filtre,28705
lourdeur,28706
minhacidade,28707
missyouguy,28708
jorf,28709
slay,28710
ypj,28711
lpcn,28712
baigura,28713
makea,28714
macaye,28715
instapari,28716
ordinarylie,28717
cruzeiro94anosdegloria,28718
shab,28719
grandmail,28720
soufatropdefan,28721
chezlesnoiresetlesarabe,28722
pseudocompose,28723
kassen,28724
instant,28725
lacluzaz,28726
buchy,28727
rab,28728
western,28729
another,28730
djangounchained,28731
shocking,28732
jeconnaispascehashtag,28733
rhume,28734
palmcake,28735
brice,28736
droitepopulaire,28737
instareason,28738
bricedenice,28739
livesnapchat,28740
abusey,28741
countryside,28742
branleannee,28743
odysseum,28744
corymonteith,28745
creativity,28746
pouruneconventionskinsenfrance,28747
jourdelan,28748
2015responsable,28749
saphiralpha,28750
instachampselysee,28751
muffin,28752
iggy,28753
carmillon,28754
lessaisie,28755
hauteluce,28756
poussinspotted,28757
beanie,28758
belowzero,28759
anon,28760
frenchpicture,28761
tarajidawla,28762
entetement,28763
stylatorarmymentionme,28764
toofaced,28765
jaimepasledroit,28766
votezaymeilalaurierstvaward,28767
zaynmonbebe,28768
dexter,28769
blueivy,28770
coupdegueuledusoir,28771
amazingrace,28772
coolpicture,28773
direct8,28774
gnote4,28775
samsunggalaxynote4,28776
cuneta,28777
curage,28778
tldemerde,28779
reallife,28780
kentlesme,28781
vieillebranche,28782
incubateur,28783
ilyadebat,28784
hautniveau,28785
lovesport,28786
cityoflight,28787
tristesociete,28788
omagad,28789
bientotlarentree,28790
edm,28791
troplaflemme,28792
krampouezhkenavo,28793
weird,28794
immeuble,28795
newtoy,28796
westpaw,28797
arizona,28798
parisian,28799
roof,28800
keepsharing,28801
proudbadfan,28802
eclu,28803
conduiteacompagne,28804
kenwood,28805
cookingchef,28806
withlove,28807
reveilespagnol,28808
hitthefloor,28809
lesdewinner,28810
fernandel,28811
onwardsupward,28812
mixte,28813
krampouezh,28814
bdxpic,28815
jeneconnaispaslesparolesmaisjelesutilisentquandmeme,28816
goodevening,28817
lunetterayban,28818
kandinsky,28819
belleannee2015,28820
capricorn,28821
20eme,28822
notredamedelacroix,28823
vendredisexe,28824
maresolutionpour2015,28825
roll,28826
pasmoche,28827
ldlc,28828
metropolitan,28829
curve,28830
lesracistesdevraientsefairesoigner,28831
lasombresombreaffairenetflix,28832
pikettygate,28833
primetalife,28834
1dfamily,28835
cimer,28836
mechantsliberaux,28837
paixamourtolerance,28838
treschaud,28839
itsmybirthdaytoday,28840
minion,28841
galeriedapollon,28842
leskhey,28843
lesbestofthebest,28844
kingsgame,28845
illkirch,28846
kac,28847
antirageux,28848
jacoblatimore,28849
westsidestory,28850
en2015jeveux,28851
enjoyer,28852
edatkin,28853
havenday,28854
hellatu,28855
dejavu,28856
gangnamstyle,28857
lily,28858
mummy,28859
jeux,28860
toboggan,28861
igersgay,28862
psgom,28863
tlo,28864
chiendegarde,28865
umpsfn,28866
u2,28867
teamcaroline,28868
couragecaroline,28869
carolineonttaime,28870
stopausectebelieberdirectioner,28871
vegetarian,28872
deepfried,28873
mozzarella,28874
espagna,28875
escudero,28876
riendenouveau,28877
guizmette,28878
larosiere,28879
yw,28880
ariegoi,28881
ariege,28882
foix,28883
muscul,28884
bizsenigormedensevdik,28885
begue,28886
offre,28887
chantonnay,28888
alliwantforchristma,28889
butterscotchhawaiian,28890
vicewilladore,28891
forfaitvenance,28892
gayparty,28893
teamparis12,28894
majeunesse,28895
aiguillonite,28896
dumbanddumberde,28897
parisiloveyou,28898
perreton,28899
blaguedesortie,28900
untouchable10,28901
labrioche,28902
lesheterosdoiventsefairesoigner,28903
onsefollowlevendredisanspression,28904
stoparreteztout,28905
mado,28906
ppppp,28907
confuciu,28908
ceuxquifont,28909
ngjr,28910
cestpartipour2015,28911
lpdal2,28912
reflejo,28913
repasdefete,28914
teamkikootelerealitenolife,28915
salamepower,28916
sum41,28917
neon,28918
en2015fautquonarrete,28919
brookly99,28920
ladalle,28921
rainforest,28922
nplp,28923
entibaghiwahed,28924
centregeorgespompidou,28925
modernart,28926
contemporain,28927
roh2pep,28928
2015restart,28929
spinningaround,28930
kmopari,28931
kmot,28932
kissmeoncetour,28933
carambar,28934
huuummm,28935
etgom,28936
badnew,28937
saisonaucirque,28938
lecotedazur,28939
futurama,28940
mxdesteregarde,28941
etremeilleurami,28942
thefoster,28943
sucresale,28944
moresucces,28945
techniquededraguedebg,28946
epica,28947
airdutemp,28948
fuckinflower,28949
reggaeton,28950
hit,28951
zigizigita,28952
jevoudraisdormirpendant3jour,28953
shkhstshtqhkllhz,28954
biboyfamily,28955
tdif,28956
aubucherleshomophobe,28957
industriel,28958
marathonvoeux,28959
tricherie,28960
trichage,28961
hook,28962
welovehook,28963
sticker,28964
merciqui,28965
nioublinipardon,28966
onoublipasonpardonnepa,28967
toutestsupergenial,28968
jetesoutiendraisjuquauboutkendji,28969
canyoucannescanne,28970
thefrenchriviera,28971
hopitalbichat,28972
kelyan,28973
ruevauvenargue,28974
capillaire,28975
harrypotter7,28976
mariascarlatmalitaphotographie,28977
teamtaureau,28978
rdb,28979
dura,28980
flambee,28981
happype,28982
feudeboi,28983
feudecheminee,28984
slowmotion,28985
laccentitalienmamamia,28986
questiondusoir,28987
tuveuxdesbonbon,28988
gentilrevel,28989
forrestgump,28990
wordcount,28991
hategoodbye,28992
dedi1ere,28993
doitforstatesnap,28994
lereve,28995
degamin,28996
bestwishes2015,28997
voeuxpresidentiel,28998
fucklecole,28999
rdbmemorie,29000
keepcontrol,29001
depuisquejeregardetw,29002
liligo,29003
derturm,29004
leplusbeaubbdumonde,29005
teamalthe,29006
harrypotterbooknight,29007
bordelai,29008
v2n,29009
teamcheminote,29010
ffamical,29011
meslayfamily,29012
nesesouvientplusdecettephoto,29013
29janvier2013,29014
alamarocaine,29015
peuf,29016
roxy,29017
instamanvswild,29018
instasnow,29019
rs,29020
popopo,29021
romantique,29022
afterfanfic,29023
pulverisation,29024
maylol,29025
magic2013,29026
themoon,29027
parissky,29028
transgenre,29029
lettre,29030
bouleversante,29031
quandonveutonpeut,29032
guineaequatorial,29033
asktiffanymal,29034
westerncellar,29035
lesarc,29036
laviiiiiiiie,29037
wintersport,29038
missingalready,29039
premierdelan,29040
lecocq,29041
naturiste,29042
l20sdsf,29043
prysmradio,29044
lousf,29045
nouvellevie,29046
udifamilly,29047
alarecherchedurespect,29048
rdbw9,29049
tropconvaincu,29050
besoindassistance,29051
treve,29052
beurkbeurk,29053
bellereconversion,29054
comeonyoublue,29055
teamcfc,29056
leshomoscontaminezpasnosenfant,29057
jeveuxlacravatedufarfadet,29058
6ster,29059
leshomosnecomtaminezpasnosenfant,29060
miaou,29061
indigopower,29062
222bientot,29063
mustfollow,29064
euroleague,29065
ceciliabartoli,29066
philippejaroussky,29067
ripmespied,29068
misskadima,29069
unhashtagpoureva,29070
sqn,29071
passionnant,29072
cinemadescineaste,29073
gentilletgate,29074
avecsolere,29075
mandat,29076
pechemignon,29077
mercidudule,29078
lepartidesdroitsetdesdevoir,29079
evaestderetour,29080
elbuffetlibre,29081
lajonquera,29082
mesbellessoeur,29083
doigtsdepiedseneventail,29084
roilion2,29085
pizzaday,29086
lovepizza,29087
tuvasnousmanquerbeaucoupbeaucoupmeme,29088
joop,29089
lovecircu,29090
labelleetlabete,29091
hooligans2,29092
trvelove,29093
couplegra,29094
pastore,29095
guardiansofthegalaxy,29096
navet,29097
robindesboislespectacle,29098
ab1,29099
mondeopposer,29100
asgard,29101
thor,29102
loki,29103
freenabilla,29104
gruissan,29105
etchbiiiim,29106
tavuu,29107
instashame,29108
nohant,29109
galeriecambon,29110
seigneursdugout,29111
gala,29112
ilya1ou2h,29113
upr,29114
bigsky,29115
dbz,29116
kamesennin,29117
ffmoi,29118
parcequejelevautbien,29119
qvhdm,29120
bono,29121
changealetterruinachurch,29122
moonrise,29123
aurora,29124
johngalliano,29125
maisonmartinmargiela,29126
10day,29127
noh8,29128
loreal,29129
tieanddie,29130
sachatran,29131
hendrix,29132
charly,29133
enfantsjaloux,29134
enfantsmenteur,29135
rdveti,29136
momentdegeu,29137
tariquet,29138
macar,29139
humoriste,29140
perrin2016,29141
taize,29142
lpic,29143
bagforlife,29144
gilinskyhasnicebrow,29145
jevaistelamettreaufondcommeschevchenko,29146
6x11,29147
danslatetetoutelajournee,29148
mattpokora,29149
handofgod,29150
flore,29151
decor,29152
miseenscene,29153
tudor,29154
sapartdejaencouille,29155
risoul,29156
itsbryan,29157
hetm,29158
centreville,29159
essayage,29160
avecdoudou,29161
instaweather,29162
instaweatherpro,29163
wx,29164
boudin,29165
2popesaint,29166
pourmapoupee,29167
commetonton,29168
leyna,29169
mej,29170
lebranchu,29171
taken2,29172
lesheitaneenmoi,29173
monexcuse,29174
bonnannee,29175
onfaitpeterlanglaisdefou,29176
chaudpatate,29177
lejourquisereve,29178
jaideuxpapa,29179
lauvergeon,29180
socialismetoxique,29181
histoiresansfin,29182
copefillon,29183
yougoslavija,29184
bourgognepower,29185
xptdrrrrr,29186
celtique,29187
marredesessalope,29188
soyezfierdevou,29189
chezmamane,29190
trello,29191
depuistutarretesplusderire,29192
lorena,29193
macanne,29194
loveit,29195
centre,29196
georgespompidou,29197
legeorge,29198
6th,29199
byebye2014,29200
pascouche,29201
codemerde,29202
eterneldragueur,29203
dylandoitcontinuerajouer,29204
klaroline,29205
yess,29206
youpii,29207
kamikaze,29208
peopolisation,29209
mepri,29210
lesgoonie,29211
sinok,29212
goodsetup,29213
unjourpeutetre,29214
jcat,29215
redhead,29216
lesplusbeauxprenomsdemespatient,29217
vampirediarie,29218
jessabelle,29219
post,29220
between,29221
plusquefan,29222
juliena,29223
conscrit,29224
confetti,29225
smileagain,29226
lagaloche,29227
longbeach,29228
befruit,29229
bonbon,29230
kt,29231
nintendo64,29232
creationisme,29233
postbadtweetfragile,29234
stmglifestyle,29235
popelnicht,29236
pascontent,29237
diraisjeplutot,29238
gregorylemarchal,29239
poete,29240
lesstarchantentdisney,29241
bonneresolution2015,29242
quandonetaitpetit,29243
jebadoujreve,29244
baleare,29245
madeinchina,29246
chino,29247
galsenementfiere,29248
bigchope,29249
lupitar,29250
nissangtr,29251
lscd,29252
tastwitter,29253
special,29254
grandslac,29255
teamudi,29256
legrandbetisier,29257
lajam,29258
enormefragilite,29259
retourdanslepasse,29260
itop,29261
boxcut,29262
fresh,29263
diversitylive,29264
hattrick,29265
blaguefdp,29266
teamchateau,29267
nouveauprogressisme,29268
atheist,29269
zarzi,29270
bruluxonthefluxcaarrive,29271
newdelhi,29272
specialebrunomarsnrjhit,29273
nofapjanuary,29274
thomasd,29275
manquedememoire,29276
fadsvoice,29277
shotonlumia,29278
schiaffati,29279
ammina,29280
shotonmylumia,29281
makeithappen,29282
son,29283
exam2014,29284
macopinecherie,29285
flight8501,29286
missit,29287
stopalcool2015,29288
norespect,29289
cinda,29290
oksanen,29291
captaineo,29292
michaeljackson,29293
perdudanslescouloirsdutemp,29294
glr,29295
bonannivmeriam,29296
bestmistake,29297
horsdrprix,29298
lama,29299
sims4,29300
lailatov,29301
lauryne,29302
libertedespression,29303
lanceursdalerte,29304
soireeplagiattwitter,29305
ilestbienmortcharlie,29306
jesuisclemetaly,29307
raisupreme,29308
clempechmoi,29309
22thingsiloveaboutzayn,29310
zaynyoureperfecttome,29311
thankyouzayn,29312
frombradfordtothetopoftheworld,29313
fierdemafrance,29314
ceintureavecdesde,29315
episode,29316
innicowetrust,29317
webelieve,29318
largevictoire,29319
aveclamaniere,29320
avecdelenvie,29321
capvsbbc,29322
achasquesabesdancar,29323
happy22birthdayzayn,29324
viveanonymou,29325
happy22ndbirthdayzayn,29326
chillchill,29327
lit,29328
youcanbesurprise,29329
recul,29330
wrongmanning,29331
broncosvscolt,29332
passincomplete,29333
racaille,29334
sauvonslarepublique,29335
israeli,29336
lettreh,29337
penseepourcharlie,29338
penseepourolivierschwartz,29339
jaloujalousie,29340
brefciao,29341
comoco,29342
realisemonteveptitchat,29343
charliemartel,29344
vercingetorix,29345
avecjuppe,29346
anf,29347
teampompier,29348
pascalchimbondaballondeoro,29349
fabricepancrateballondeoro,29350
vanhelsing,29351
newfriend,29352
jevaisledessiner,29353
pouting,29354
beastie,29355
turc,29356
lameufquicasselesdelire,29357
startour,29358
jesuisfatiguer,29359
crampe,29360
passonmeilleurprofil,29361
prague,29362
sdd,29363
jesuispasterroriste,29364
jesuispascharliehebdo,29365
putaindetroll,29366
raysupreme,29367
femmedebout,29368
tabasino,29369
courcarre,29370
realisemonreveptitchay,29371
crisisexistencial,29372
worldwild,29373
happybirthdaynaya,29374
helle,29375
julio,29376
postedematin,29377
soutinehelle,29378
danemarkfail,29379
chaudducul,29380
maisonhante,29381
karme,29382
saintdeni,29383
hanter,29384
fatome,29385
soireejesuischarly,29386
jamieanddakotaatgoldenglobe,29387
bench,29388
louiszamperini,29389
baaaad,29390
teamrif,29391
goingup,29392
nejamaisoublier,29393
doitbosser,29394
nefaitespasdesenfant,29395
jeseraitoujourscharlie,29396
natanyaho,29397
fatihhakin,29398
genocidearmenien1915,29399
cabujunior,29400
getonmylevel,29401
babtouracistebelike,29402
quatremoi,29403
graphalgorithm,29404
beautifulcourse,29405
jepesedanslegame,29406
frenchkis,29407
jakegyllenhaal,29408
26janvierdanslesbac,29409
bioshock,29410
gilr,29411
rangementdechambre,29412
oran,29413
oranai,29414
soralien,29415
cinepremier,29416
quellehorreur,29417
fantome,29418
krkrkr,29419
georgeclooney,29420
goldenglobesqc,29421
embarrassingikr,29422
mercifrance,29423
touchepasamonposte,29424
bestdres,29425
journeehistorique,29426
happybirthdaypixie,29427
jemeur,29428
goldengiobe,29429
teampalestine,29430
alevi,29431
paranormal,29432
izombie,29433
paradoxedelapression,29434
angieharmon,29435
janerizzoli,29436
followmedovey,29437
soireecharlie,29438
backtobasic,29439
watchwithu,29440
femmefontaine,29441
petitchat,29442
flipper,29443
creditbanque,29444
viewfromthetour,29445
empirestatebuilding,29446
coupdupatron,29447
teampogba,29448
tropfacile,29449
yoveosalvame,29450
teammz,29451
cestcommedevantabercrombie,29452
theshield,29453
onrtv,29454
voix,29455
lendemain,29456
cuite,29457
tropsexy,29458
sexygirl,29459
newsletter,29460
mckinsey,29461
goodread,29462
bouira,29463
tizi,29464
monenfance,29465
parigisottoattacco,29466
tract,29467
reporter,29468
guerredepouvoir,29469
gueule,29470
bonnelecondevie,29471
grandcoeurmalade,29472
accaddeoggi,29473
fargo,29474
apg9,29475
francedecharlie,29476
rationality,29477
glodenglobe,29478
janethevirgin,29479
jesuisreveille,29480
sofamousithurtsyourface,29481
uneseulevie,29482
insomniaclub,29483
chialer,29484
jouissif,29485
tealafollowyourkid,29486
rassemblement11janvier,29487
lmwlm,29488
alapecheauxmoule,29489
depuisledebut,29490
tnthy,29491
hinyunty,29492
dhkr,29493
jmylh,29494
rfny,29495
villagerusse,29496
bagaholocaust,29497
speech,29498
mar,29499
seasoniii,29500
tweetcommemrn,29501
h3czproblem,29502
eveilcitoyen,29503
bonsplan,29504
lacigatheque,29505
sonalancienne,29506
yvescalvi,29507
albert,29508
iloveparisevenmorenow,29509
esplanade,29510
noussommestousprof,29511
ukt,29512
unkut,29513
reon,29514
papapoule,29515
mq,29516
happybirthdayaaron,29517
lalanguedevoltaire,29518
happybirthdayaaronfromfrance,29519
unnouveaumonde,29520
ancienthistory,29521
jerevaisdunautremonde,29522
caraca,29523
duc,29524
cr7ballondor,29525
happybdayzayn,29526
zaynmalikhaveabigheart,29527
designdaily,29528
teamlevetotderetour,29529
cherchezmoi,29530
dehorslefn,29531
productowner,29532
payer,29533
cristianobalondeoro,29534
bromancerecord,29535
morningpoesie,29536
odezenne,29537
metierpassion,29538
conseilspascher,29539
eigsi,29540
maxwellvafaireducafe,29541
showlemation,29542
umathurman,29543
weloveyouzayn,29544
labo,29545
dreux,29546
michaelmonday,29547
onapplaudi,29548
unfauxfrancai,29549
espante,29550
yvescali,29551
zayn,29552
zaynismyhero,29553
ambassadeur,29554
pmapourtou,29555
graysonperry,29556
jetlagproblem,29557
sarkozyrtl,29558
zaynoff,29559
fixitnfl,29560
quedelamour,29561
jesuisencorecharlie,29562
octozelda,29563
teamchocolatchaud,29564
teamjepetitdejautravail,29565
toiaussiteamdeshashtag,29566
ensemblecontrelahaine,29567
haimkorsia,29568
ouidebonmatin,29569
jesuisinquiet,29570
fatigueedeslundi,29571
cannular,29572
dessinatrice,29573
mondaymorning,29574
jcdc,29575
sartene,29576
rohffdounia,29577
jsuisouvertetsai,29578
livresancien,29579
unevieunehistoire,29580
mblaq,29581
educmot,29582
8h30,29583
strfllh,29584
ronaldoballondor,29585
magnifiquesolidarite,29586
lyon3,29587
juda,29588
hebreux,29589
cynisme,29590
absurde,29591
nouveauxmodele,29592
selfieoftheday,29593
hebreu,29594
nethanyahou,29595
tlvide,29596
neuerballondor,29597
lebhvmarai,29598
brandnew,29599
isaac,29600
univlyon2,29601
offsschool,29602
radiolondre,29603
pasdereseauinformartique,29604
happybirthdaywithmysuperheroe,29605
jesuischarlot,29606
lejourdapre,29607
thefollowingday,29608
fiddling,29609
cartablenumerique,29610
compositeur,29611
jesuuscharlit,29612
noussommes66million,29613
haiti5yr,29614
12janvier2010,29615
fakirdanslemag,29616
noraenpure,29617
carpentier,29618
hollandebashing,29619
espritclubdessport,29620
cd,29621
madeinlaplagne,29622
photosynthese,29623
clemenceau,29624
staycation,29625
singaporehotel,29626
inoacolour,29627
bonjournee,29628
zentai,29629
lycra,29630
kippour,29631
cachere,29632
fakirdansss9,29633
jlo,29634
dianekruger,29635
reesewitherspoon,29636
juliannemoore,29637
jaure,29638
katehudson,29639
kerrywashington,29640
jenniferaniston,29641
pascontenteladame,29642
elyx,29643
complotisme,29644
cestsympa,29645
rising,29646
webmediaconseil,29647
polmat,29648
rioufol,29649
historical,29650
blacchollywood,29651
deluxeversion,29652
sevillana,29653
sevillane,29654
corralesdelebrija,29655
soseriou,29656
enfrancai,29657
labanquepostale,29658
pesasysentadilla,29659
actionoverword,29660
permispourtou,29661
digital2015,29662
audenciasmed,29663
tweetprovocation,29664
icantwait,29665
antarctique,29666
taaf,29667
castlemonday,29668
ohcecoupdevieux,29669
zenithdijon,29670
aquiabesoindevou,29671
jesuissalaud,29672
biased,29673
makeadifference,29674
makeachange,29675
ambitionecolesnumerique,29676
caussade,29677
onsefollowlelundisanspression,29678
quesne,29679
bigdataeducation,29680
lavieillesse,29681
ahmedabad,29682
cellule,29683
solaire,29684
gomeapp,29685
devandroid,29686
ibtissamtiskatsaadlamjarredourstar,29687
serouleenboule,29688
rueturbigo,29689
bwet,29690
bff4life,29691
hpm,29692
fesoula,29693
noukafey,29694
gagestrong,29695
yasss,29696
guerraepace,29697
iletaitunefoislavie,29698
classicidaleggere,29699
giardino,29700
meraviglia,29701
incommensurabile,29702
edutheque,29703
carlocaptaincommittee,29704
titularisation,29705
bestboxeurever,29706
poisonmoi,29707
abcnew,29708
apartment,29709
pool,29710
maispasaujourdhuijebosse,29711
happybirthdayfromfrance,29712
olympuspengeneration,29713
calciatore,29714
agency,29715
wella,29716
wellaprofessional,29717
chairdepoule,29718
shampi,29719
funguy,29720
coffeegram,29721
cacestdurap,29722
jepensedonc,29723
fic2015,29724
kevin,29725
petitange,29726
lesfilsdeputesdunet,29727
galeriesnationale,29728
entreeclemenceau,29729
teampaquetdechip,29730
fifamafia,29731
goldnadel,29732
inceste,29733
zaynismysuperhero,29734
vangogh,29735
lesensdespriorite,29736
cg49,29737
ima,29738
agenda,29739
blaye,29740
bacbdx,29741
blayelover,29742
mimausa,29743
innoprod,29744
fairlynut,29745
pastheatre,29746
graphiste,29747
pao,29748
streetcredibility,29749
martinargyroglo,29750
forcealui,29751
messiballond,29752
haiti,29753
sgdf,29754
youdontknowmeyet,29755
tryingtobenice,29756
teambalance,29757
lomepal,29758
seigneur,29759
enbuyukteroristnetanyahu,29760
gueuledeboi,29761
marmiton,29762
information,29763
division2,29764
loveparis13,29765
photoanimaliere,29766
danslapeaude,29767
bicyclette,29768
dals5memorie,29769
hobbitbattleoffivearmie,29770
prensaespanola,29771
force2015,29772
cameronmustgo,29773
shanghai,29774
primarie,29775
givethelovearound,29776
plusfort,29777
openminded,29778
strange,29779
tousavecneuer,29780
pdlmatin,29781
pointtouriste,29782
fougasse,29783
commande,29784
ilfallaitledire,29785
premierevictoire,29786
onsefollowsimplement,29787
ilparaitque,29788
mybelieber,29789
capture,29790
zaynbirthdaysketch,29791
bitcoin,29792
choisyleroi,29793
theelderscrollsonline,29794
lavagedecerveaux,29795
recherchehomme,29796
chaudasse,29797
irenetahlmaldegorge,29798
charlyetlulu,29799
idiote,29800
leomessi,29801
manuelneuer,29802
monvoisinestcharlie,29803
soustension,29804
sontilscharlie,29805
lundiblog,29806
fitnessbymoving,29807
opisi,29808
nousommesanonymou,29809
season5,29810
phc15,29811
conferencepresse,29812
tve,29813
jesuistimo,29814
tdtc,29815
bathandbodywork,29816
zaynhappybirthday,29817
mytown,29818
inrouquemoutewetrust,29819
tropfort,29820
evolutionlente,29821
freefloflon,29822
freemamba,29823
freeselim,29824
salepute,29825
unjour,29826
spie,29827
gastroday,29828
11janvierferie,29829
monson,29830
delacroix2015,29831
topvine2015,29832
personneneferamieux,29833
jepeuxpasvousendireplu,29834
vacomprendre,29835
pallonedoro,29836
beaver,29837
quadral,29838
toutcapourunbadge,29839
yellowcoat,29840
instalife,29841
moncabu,29842
vouspouvezpastest,29843
firstletmetakeaselfie,29844
backtowork,29845
stjoanofarc,29846
teammessi,29847
yvessaintlaurent,29848
altar,29849
shoutout,29850
bajiraomastani,29851
nrc2,29852
jardinacclimatation,29853
tsunami,29854
ziko,29855
libertedexpressionquandsavousarrengentseulementpskeilnefautpasmelangerlesucreetlesel,29856
fautbiensourireunpeu,29857
poundworld,29858
hoos,29859
rupaulsdragrace,29860
ecoeurant,29861
france24,29862
nba2k15,29863
generalmanager,29864
catholicomusulman,29865
monbudget,29866
leggo,29867
keepintouch,29868
jesuisjonathan,29869
condorcet,29870
truefact,29871
brt,29872
hepatite,29873
pourquoipasungardienpourunefoi,29874
sansconviction,29875
deutshedqualited,29876
lincruste,29877
aucalmu,29878
audenge,29879
pablopicasso,29880
instapassport,29881
hepatiteb,29882
nantaisdumatch,29883
styliste,29884
thebodyshop,29885
tristepersonnage,29886
voilavoiladvd,29887
wanderlust,29888
managementaccounting,29889
siesteenamphi,29890
fisca,29891
bc,29892
teamnf3,29893
germanmarocco,29894
verdun,29895
inreturn,29896
odesza,29897
jesuisjuuf,29898
jesuiscriksfamily,29899
cappelleactu,29900
philippemorelle,29901
jenesuispasdieudonne,29902
blancdemission,29903
fdla2015,29904
teampingouin,29905
hepc,29906
handballwq15,29907
punie,29908
wenuhscaredapeople,29909
freedomofdrawing,29910
codedelaroute,29911
ctpasmieuxavant,29912
dhimmi,29913
applirecherche,29914
imagedemarque,29915
snowden,29916
manning,29917
superbowlxlvii,29918
nfcrival,29919
beardown,29920
lietome,29921
marketer,29922
gueuledeboisniveau10,29923
snowpark,29924
justepourleprofit,29925
vladimirnabokov,29926
stanleykubrick,29927
enmemetempsvusagueule,29928
droitdutravail,29929
snapchatgirl,29930
glorypari,29931
cavalescheville,29932
biriolmaliyaninda,29933
facereveal,29934
viplist,29935
cestbonpourlemoral,29936
palmier,29937
brokenheart,29938
leonardodavinci,29939
vivreetlaisservivre,29940
c450,29941
gle63,29942
naughty,29943
getfit2015,29944
placedeshalle,29945
stupidest,29946
meilleursentraineur,29947
unilim,29948
dansmoncoeur,29949
alicomprendra,29950
marmawade2015,29951
cagole,29952
guerillero,29953
capassevite,29954
venusdemilo,29955
aphrodite,29956
tam,29957
10daysuntiltvd6x11,29958
soundwavecroatia,29959
telephonedemerde,29960
celticranger,29961
harakiri,29962
noah,29963
neveu,29964
jesuisbernard,29965
lamourestplusfortquelahaine,29966
every,29967
happybirthayzayn,29968
nouveaucopain,29969
monairaqi,29970
jesuislechrist,29971
inverted,29972
tomhank,29973
kappa,29974
twerk4markii,29975
figgyarmy,29976
figgysurvivalking,29977
gt,29978
majoriteroseverterouge,29979
toop,29980
tropdinfotue,29981
respectonsnou,29982
ointb,29983
crepprotect,29984
voeuxsr,29985
faridbenyettou,29986
br,29987
jetente,29988
velizy,29989
winock,29990
delenawedding,29991
daniel,29992
2fevrier,29993
npk,29994
oscarisaac,29995
gingerday,29996
sorrycharlie,29997
talkingbody,29998
talkingbodyvideo,29999
cdm2014,30000
race,30001
regionlrmp,30002
sitesmonpoto,30003
amelie,30004
acharne,30005
hublot,30006
luxorobelisk,30007
pontdelaconcorde,30008
nmc,30009
hiddenblade,30010
vs,30011
svn,30012
saargida,30013
nathan,30014
amphore,30015
cabullequandmeme,30016
grosseblague,30017
supernaturalseason11,30018
happybirthdayskect,30019
observelesgensdehor,30020
carreor,30021
democratieendanger,30022
jugement,30023
jepleure,30024
cestlemeilleur,30025
ledernierloup,30026
argenta,30027
cleusb,30028
adoc11,30029
lafacenfolie,30030
antimadrid,30031
carnavaldenice,30032
positivasiempre,30033
instaeffect,30034
bach,30035
rescue,30036
pasprevulesgant,30037
manuelneuerfact,30038
royalbeach,30039
gercecrew,30040
annuletout,30041
itsnottheendoftheworld,30042
layout,30043
mesespritscereveillent,30044
teamneuer,30045
leballondor2014,30046
bolosse,30047
euparlament,30048
noteamoimeme,30049
timing,30050
dancealacarlton,30051
zaman,30052
samanyolu,30053
youngbos,30054
saarbruecken,30055
staatstheater,30056
lameute,30057
thefoodguidetolove,30058
leienepresentanoscherziaparte,30059
bonoli,30060
yax,30061
teamfolle,30062
usthaon,30063
happn,30064
theview,30065
francebleuprovence,30066
toiaussirapcommelafouine,30067
cocoe,30068
ep,30069
wetoulouse,30070
lescouraussi,30071
alaffut,30072
bruxelleslive,30073
europskiparlament,30074
muslimisnotaterrorist,30075
allone,30076
togetherinsieme,30077
teambestah,30078
infinite,30079
academie,30080
agencedigitale,30081
54f,30082
bernardkouchner,30083
diktatursocialis,30084
klainewedding,30085
jesuiscristiano,30086
cr7balondeoro,30087
nomakeupmonday,30088
teamgemeaux,30089
m20,30090
zaynis22,30091
royalpalace,30092
targa,30093
ceremonieballond,30094
ayiti,30095
sod,30096
thedayafter,30097
jesuismusluman,30098
saudi,30099
snowmen,30100
chappiemovie,30101
lucidite,30102
sondagem2f,30103
teamcristiano,30104
entreeenclasse,30105
incognito,30106
mentsursonage,30107
cocukgelinyokpedofilidamatvar,30108
uvsq,30109
perlesdecopie,30110
etudiante,30111
infirmier,30112
eide,30113
ballonsdor,30114
welovebourgogne,30115
jaimedijon,30116
couchedesoleil,30117
teamronaldo,30118
twitteron,30119
fannyballondor,30120
leschtissontpartout,30121
simessialballondor,30122
cayenne,30123
evileyeprotected,30124
5semaine,30125
pasdegrossetete,30126
messiballondor,30127
championscup,30128
cite,30129
ronaldinho,30130
jeuxdustade,30131
griezmannballondor,30132
9hoursofrevisingnonstop,30133
22reasonswhywelovezayn,30134
happbirthdayzayn,30135
teambatata,30136
ultimoimpero,30137
levoyage,30138
torino,30139
dosenvrac,30140
gache,30141
nowinsyria,30142
balondor2014,30143
la3nouna,30144
happydyoday,30145
blasee,30146
fuckingawesome,30147
fairytailg1,30148
poroshenko,30149
donetsk,30150
moipassuivrecharlie,30151
mercientorsedesligament,30152
citeunegrossephrasedeloveur,30153
ysllefilm,30154
amazingactor,30155
penaldor,30156
artifact,30157
coldoutside,30158
avionenretard,30159
hepatitisc,30160
teammadrid,30161
fifaballondor2014,30162
blater,30163
magazine,30164
wellapari,30165
lemeilleurgardiendumonde,30166
thebestplayer,30167
jamaisvusa,30168
bestmarksincelecollege,30169
jepese,30170
pod,30171
lrdc,30172
vscogood,30173
shawnvevolift,30174
vevoaskreply,30175
gea,30176
actuchr,30177
obsessed,30178
parisstrong,30179
greatday,30180
cunni,30181
repere,30182
momentsprivilegie,30183
knowyourcoaster,30184
sival15,30185
30dayssquatschallenge,30186
geek4ever,30187
blatter,30188
blattercorrompu,30189
onleveux,30190
plusletime,30191
dayseven,30192
gettingtopheavy,30193
jesuisphilippoteaux,30194
unbisou,30195
onleveut,30196
mamamia,30197
kateargo,30198
mananasecorre,30199
costardfight,30200
conservatoire,30201
voeuxdetour,30202
coltcams74,30203
madamsecretary,30204
prixpuska,30205
endurance72,30206
inesator,30207
lifeistoohardforme,30208
leafletj,30209
geodev,30210
puskas2014,30211
unsaitrfbio,30212
ronaldoballondor2014,30213
springsummer2015,30214
maldini,30215
ramo,30216
neuropsy,30217
jesuisphilippe,30218
polfra,30219
scotland,30220
ecriturenumerique,30221
ximondial,30222
micoud,30223
jouelacommeluizetsilva,30224
onpese,30225
claary,30226
grossereussite,30227
johanmicoud,30228
jouelacommemicoud,30229
cnrslejournal,30230
osu,30231
fifaxi,30232
eliekakou,30233
xiworld,30234
fif,30235
cucchi,30236
assassini,30237
nigerianlivesmatter,30238
thiagosilvadavidluiz,30239
e21,30240
jesuistopachat,30241
legopelicula,30242
teamyeuxbleu,30243
sinai,30244
voeuxmedef,30245
jesuisyaya,30246
vafcfcsm,30247
zemmourstyle,30248
gagreel,30249
boycottbfmtvitele,30250
sionritplusonestfoutu,30251
sionneritplusonnevitplu,30252
messifdp,30253
ilssontdrole,30254
mercihanouna,30255
sionnerieplusonestfoutu,30256
lesprincesdelamour2,30257
cdc,30258
cce,30259
cristianodeoro,30260
lering,30261
dopage,30262
jtemanipule,30263
story,30264
ourjesuischarlie,30265
pallois2016,30266
ruhanjia,30267
deadlight,30268
sionneritpasonestfoutu,30269
pousseedarchimede,30270
sionnerisplusonestfoutu,30271
gaminerie,30272
2detension,30273
firstandlastselfie,30274
saidnooneever,30275
monwifidemerdeputain,30276
elkabbach,30277
entraineurdelannee,30278
onestavecvou,30279
blaguealathierrymoreau,30280
monxi,30281
familia,30282
cinquantenuancesplussombre,30283
pediatre,30284
mun,30285
ripebosse,30286
monkey,30287
quichercheunmarie,30288
museeegyptien,30289
caire,30290
challengedelaveille,30291
philippplein,30292
zxflux,30293
pauleta,30294
retenezbiencetweet,30295
iamjewish,30296
yoancohen,30297
sionnerisplisonestfoutu,30298
bassegoulaine,30299
saintsebastiengoulaine,30300
kenzagrecdor,30301
walterpfeiffer,30302
emotionalmonday,30303
touchepasamincharlie,30304
touchepasamoncharly,30305
indiansinpari,30306
francefootball,30307
taug,30308
heartbeatsong,30309
sionneritplusonestperdu,30310
vma,30311
dynamix,30312
tpamc,30313
plusjamai,30314
cdm2018,30315
fling,30316
touscontrelesterroriste,30317
thuin,30318
thudinie,30319
souffre,30320
joachimlow,30321
loidemuphy,30322
incinsendeincitme,30323
coupdeblue,30324
fifa2014,30325
crossfinger,30326
loidemurphy,30327
ladiff,30328
mytl,30329
influencia,30330
borloogroupie,30331
skydive,30332
wingsuit,30333
jokkesommer,30334
quichercheunmari,30335
braqueea,30336
etalab,30337
hopitalfrancobritanique,30338
sila,30339
crangevrier,30340
tweetcommeyaunan,30341
fifaworldxi,30342
kateabdo,30343
hommage94160,30344
2015entrepreneursdufutur,30345
centcom,30346
fratpad,30347
top100fratmen,30348
burberry,30349
tweetphil15,30350
magicarpe,30351
cybercaliphate,30352
thierryhenry,30353
libredebout,30354
olicity,30355
logo,30356
chambredemetier,30357
neymaraddict,30358
aude,30359
puska,30360
jesuisligue1,30361
ballondor2015,30362
jame,30363
puskasaward,30364
unefoin,30365
missioncontrol,30366
boycottbfm,30367
ceremonieballondor,30368
onesttoutepareilleenfindesoiree,30369
karembeu,30370
lesnainescestlesbest,30371
tupayeslasauce,30372
mandandaballondor,30373
converge,30374
noheroe,30375
nowspinning,30376
onmyturntable,30377
vinylcollective,30378
vinyljunkie,30379
questionalacon,30380
jesuislouiscroixvbaton,30381
fioraso,30382
esr,30383
menesr,30384
sapindenoel,30385
lesprofaimenttrop,30386
vousetesdesfootix,30387
marinenational,30388
jeseraischarlie,30389
ronaldomessi,30390
balledor,30391
nirosurskyrock,30392
jarretecestbon,30393
messibienfaitfdp,30394
calmacalma,30395
3emeballondor,30396
amaury,30397
ballodor,30398
fifajoke,30399
unautreballondor,30400
airmax,30401
airmaxmonday,30402
nikewoman,30403
meilleurjoueurdumonde,30404
jesuisballond,30405
melhordomundo,30406
jesuislol,30407
encouleeeey,30408
ttn,30409
gaynaldontmfdp,30410
cr7ballondor2014,30411
welovemessi,30412
felicitacione,30413
cristianobalondeor,30414
jesuisneuer,30415
bidondor,30416
lequipetype,30417
petitjeudemot,30418
tefaireenculez,30419
merciaurevoir,30420
onremarchedimanche,30421
enmanque,30422
imissturkey,30423
respectouestu,30424
questcetucroi,30425
revoyezladefinitiondeballond,30426
worldxi,30427
syndromeribery,30428
teamboutondenez,30429
welcomebony,30430
jaredleto,30431
cr7voice,30432
ilnestpasraciste,30433
attal,30434
springcourt,30435
teamlilloi,30436
bestink,30437
wewantibtissamtiskatinmawazine,30438
trucage,30439
pouletsalade,30440
fifa16,30441
vivaronaldo,30442
bousie,30443
searching,30444
finsemestrea,30445
ondonnetout,30446
winner,30447
numberone,30448
paixcivile,30449
reperage,30450
iluvmyjob,30451
ballon,30452
r9,30453
elfenomeno,30454
papouneymemanque,30455
commentpechoen3tweet,30456
balondeoro2014,30457
cr7puissanceportugaise,30458
cristianronaldo,30459
vivelakalach,30460
journeesport,30461
al7okomnajwakaram,30462
bestever,30463
clonewar,30464
sevesskin,30465
lesportingclub,30466
lesprofsaimenttrop,30467
gragaslaclasse,30468
ledrame,30469
pentagone,30470
lovphilo,30471
probabilite,30472
laicitepaixcivile,30473
promessi,30474
futee,30475
fraaut,30476
tpmpfan,30477
emmaladj,30478
davidpujada,30479
cfj,30480
arthur,30481
sobrave,30482
notenough,30483
dresdenisierung,30484
onnestpasdanslamerde,30485
cestquoicepull,30486
misterv,30487
al7okmnajwakaram,30488
dessousdescarte,30489
patefeuilletee,30490
garschelou,30491
twolastretweet,30492
jesuisnicolasrobertenchantedevousconnaitresinondieudonneestderetour,30493
cr7best,30494
meloveulongtime,30495
fcsm,30496
partiepioncerfoutezmoilapeace,30497
ilconnaitsesclassique,30498
barbara,30499
francesco,30500
islamisierung,30501
brison,30502
blaguedemodeuse,30503
mariannesurechasse,30504
tweetdunantillaishaineuxsurpari,30505
dothehater,30506
ousontlesfemme,30507
balimayakadi,30508
meilleur,30509
4ever,30510
lacremedelacreme,30511
youmovearra,30512
lptj,30513
poinca,30514
jesuisdegoute,30515
dodoencour,30516
lapuissance,30517
mesmari,30518
joneliere,30519
coeurssurelle,30520
lesreligionscestvraimentdelamerde,30521
rememberme,30522
cestcanteloup,30523
mrzhlsbyy,30524
colamayard,30525
lamachinealaver,30526
oslo,30527
tartaredesaumon,30528
nikosaliaga,30529
bayone,30530
pauvrecon,30531
lrdp,30532
thierryrocher,30533
fanfavourite,30534
dueper,30535
totale,30536
teambayern,30537
bonjourjemapelleolafetjadorelescalin,30538
r5smile,30539
r5infrance,30540
2000mort,30541
charlieaussiaunigeria,30542
biarritz,30543
lydina,30544
attendmoi,30545
bandol,30546
fureurdudragon,30547
brucelee,30548
parampacadizisi,30549
directga,30550
bestfilmever,30551
traffic,30552
allersalut,30553
hwk,30554
pfalz,30555
fachkraftemangel,30556
latinafm,30557
blurredline,30558
jalouse,30559
testu,30560
s04e13,30561
aedlp,30562
vismaviedetudiant,30563
monsieurhinault,30564
soireeserie,30565
dreamaremyreality,30566
baptiste,30567
minicooper,30568
girlshbo,30569
leritueldusoir,30570
chucknorrisfact,30571
danstesreve,30572
cccertified,30573
standingovationdc,30574
nyeturnup,30575
1cerveaupour2leretour,30576
jgm15,30577
teamcanap,30578
aramasseralapetitecuiller,30579
cherie25,30580
s1,30581
thomaslefragile,30582
teamjose,30583
fatwa,30584
afpsport,30585
newballondor,30586
moncoeurbalance,30587
onsattaquepasanosamissansrepercution,30588
thierry,30589
manquetoujoursunfuckincable,30590
fieredesfrancai,30591
teamfachenou,30592
terminator3,30593
ktm,30594
lepacte,30595
iletaitpaspret,30596
bmar,30597
vieux,30598
crade,30599
bescherellevaincra,30600
ilestmort,30601
cestdesouf,30602
ehharmattan,30603
julieetmarionrevenaient,30604
hommeko,30605
teamgirl,30606
nonaupatriotactfrancai,30607
cod4,30608
tweetdemerde,30609
lepre,30610
terminator,30611
mozinor,30612
lafureurdudragon,30613
creerdestension,30614
fifproworldxi,30615
summeriscoming,30616
cizredireniyor,30617
maigret,30618
pourlille,30619
cocukcezaevlerikapatilsin,30620
alloc,30621
secu,30622
guillaume,30623
badgirladida,30624
tatianagolovin,30625
dumbto,30626
kenzalecowboy,30627
jesuisunbelier,30628
lemondechange,30629
fuckhomophobie,30630
mercibellemaman,30631
cronaca,30632
detective,30633
jemenelenquete,30634
ouah,30635
allezkis,30636
lolaoceane,30637
fayote,30638
grosbuzz,30639
grossebouffequejesui,30640
tayson,30641
pitstaff,30642
rafaledevent,30643
hastatut,30644
nelsonmandela,30645
madila,30646
teamwilly,30647
burqa,30648
letempspasse,30649
cc74,30650
togethernes,30651
berlinbuyukbulusma,30652
uetd,30653
uetdyouth,30654
lemeilleurdetou,30655
nullite,30656
jenenpeuxplusdecespartielsdemerde,30657
clooney,30658
notepourplustard,30659
onfaitpaslapaixeddy,30660
indre,30661
cestpourunami,30662
nooblefilm,30663
elue22votesa2,30664
stardelatele,30665
renaldo,30666
modelaccessbymaudcohen,30667
alreadymissu,30668
laconcurencenexistepa,30669
cdfa,30670
askdrew,30671
smartdrinking,30672
s04e14,30673
poesiedusoir,30674
kaamelott,30675
arthuro,30676
pourlesjaloux,30677
lheureestgrave,30678
sarfatibest,30679
exce,30680
jesuisenrique,30681
rageusedufoot,30682
bohort,30683
assep,30684
claravoice,30685
coupdebarre,30686
eva,30687
carrousel,30688
manege,30689
teamsansbebartawalou,30690
teamsansbebarta14an,30691
chezculetvaloche,30692
chevaux,30693
riaaad,30694
tuco,30695
luxur,30696
tomateosel,30697
ouaibbcavon,30698
ineshelene,30699
benjamin,30700
cehero,30701
pride,30702
yesouisyarlie,30703
rituel,30704
chivasauski,30705
rtsitoiaussi,30706
bandedemachoretro,30707
coeursurmonamourquiestlepluscourageuxencemoment,30708
ironman2,30709
askmelaniesoso,30710
avecletemp,30711
lille2,30712
okbye,30713
europeenscontreleshaine,30714
7upmojito,30715
auvolley,30716
tweetvisee,30717
timetogrowupbuddy,30718
rocestpourtoi,30719
2001lodysseedelespace,30720
seulementsochaux,30721
bestone,30722
seasonfinale,30723
abbeyroad,30724
fatiguante,30725
vadormir,30726
factaboutme,30727
chucknorri,30728
comprehensive,30729
miradormundial,30730
cnnespanol,30731
gillowel,30732
jehaismavie,30733
boycottbfmtv,30734
journalisteparfaite,30735
pierredjcamping,30736
kadhafigate,30737
ironieduvieuxsocrate,30738
littledragon,30739
blackkk,30740
dieuvousvoie,30741
desbigoudisauxpoilsducul,30742
coquinou,30743
nopression,30744
xcycling,30745
violetta,30746
guillaumealaferme,30747
sedysirani,30748
assasirani,30749
madylagare,30750
lovedrooooon,30751
launch,30752
klee,30753
amourestdanslepre,30754
randomquoteofmine,30755
bwkhld,30756
rebellion,30757
admd90,30758
ragedevaincre,30759
avril2013,30760
laune,30761
mahometestcharlie,30762
pardonne,30763
tocard,30764
eeeeeat,30765
laopera,30766
galeriaslafayette,30767
descolarisetoistp,30768
questionpourunjd,30769
boulevarddemenilmontant,30770
remet,30771
toi,30772
iwatch,30773
atheswag,30774
mydesign,30775
btsaudiovisuel,30776
offcommechristophe,30777
rirepourlaliberte,30778
croatia,30779
maltraitance,30780
fcpr,30781
leonardo,30782
capello,30783
heyncke,30784
uksoon,30785
jesuismomo,30786
kognomousso,30787
zizou,30788
jesuisemu,30789
mfaward,30790
jannettebougrab,30791
usurpation,30792
launedemercredi,30793
mene,30794
shameonme,30795
goldentorso,30796
ruedelaroquette,30797
jesuisgump,30798
jesuisking,30799
noussommedospunto,30800
goodgame,30801
danielcohnbendit,30802
jsuisunthug,30803
23h20,30804
bogosse,30805
amitiee,30806
jesuisraide,30807
jesuisdure,30808
jesuisochant,30809
jesuisdanstonculbitch,30810
lookinghbo,30811
bandedefolle,30812
schuiten,30813
peeter,30814
fetesurprise,30815
alive,30816
motscroisee,30817
bouuuuu,30818
mavieesttriste,30819
3suisse,30820
noussommesobscurantophobe,30821
wwe2k14,30822
kamelot,30823
merlin,30824
teamllori,30825
zelig,30826
kamoulox,30827
ilestlibre,30828
hahaya,30829
foumbouni,30830
hahaia,30831
trotro,30832
jusquademainsoir,30833
takemetochurch,30834
teamponey,30835
teamkidink,30836
leslarmesmontent,30837
boladeourodafifa,30838
melhorjogadordomundo,30839
frappezla,30840
blueprint2,30841
jesuisfatigue,30842
americanloveinpari,30843
teammpokora,30844
inthreemonth,30845
lakeannecy,30846
duodechoc,30847
reviserpartout,30848
memepashonte,30849
pierrebayen,30850
quepourlesjuriste,30851
jeancabut,30852
audessuscestlesoleil,30853
erbil,30854
jesuisdookie,30855
nsmlrgang,30856
leslionsdelatla,30857
putedumaroc,30858
fuckexemployeur,30859
carime,30860
modetransformationactive,30861
jesuifatigue,30862
michelforever,30863
jmc,30864
happybdayzaynfromradiotalent,30865
joyeuxanniversairexhyl0m,30866
tpourm,30867
humourtevexepa,30868
hantee,30869
bivouac,30870
conditionsgenerale,30871
grossesoiree,30872
sceneturc,30873
catwoman,30874
since2012,30875
abusnotification,30876
laissezmoidormir,30877
thauvinfdp,30878
stadyumdafutbolkeyfi,30879
stadyum,30880
lebivouac2015,30881
radiointernecarrefour,30882
lerecit,30883
winebubble,30884
qualifcdf,30885
readyforlatersagueuleajustinbieberquipourritlatl,30886
bestpresident,30887
walkingaround,30888
lesmeilleursami,30889
teamjanvier,30890
legangdescapricorne,30891
ss6,30892
freeshmurda,30893
southparkg1,30894
batarde,30895
bizu,30896
offfffffffffff,30897
saintvalentin,30898
tasletempsfrere,30899
maisondeouf,30900
wilson,30901
babydoll,30902
cardinaux,30903
baiser,30904
cheah,30905
assomezmoisvp,30906
jeveuxhiberner,30907
suspen,30908
devoirtime,30909
keurkeursurlebaragaufretropstylebisousbonnenuit,30910
lasthashtaginutule,30911
lasthashtaginutilepourprouverlinutilitedupremier,30912
nainai,30913
jiankang,30914
cestdurlavie,30915
atomicskypower,30916
lesgardiensdelagalaxy,30917
laurettelunique,30918
madirection,30919
offshelley,30920
tritrifanclub,30921
goal2015,30922
nvbanniere,30923
altuzarra,30924
smileytriste,30925
musarana,30926
morelista,30927
chelseaforlife,30928
carroz,30929
scoopdelannee,30930
whatricharddid,30931
ingodwetrust,30932
5hpourdormir,30933
babi,30934
babijiweon,30935
torsenuecommejoel,30936
zezette,30937
cosette,30938
belleile,30939
aveclelycee,30940
jeprefereledirequelentendre,30941
teampascoursdemainetjvousbaisetousahahahahahaha,30942
enbateauaveclelycee,30943
nohomo,30944
samirasaid,30945
gtcremix,30946
plansa,30947
dallasvsdetroit,30948
goupchallenge,30949
picofthenight,30950
urbanmusic,30951
niquesamere,30952
niquelarentree,30953
listeningfromfrance,30954
assumeroupa,30955
enalgerie,30956
jaitoutperdu,30957
needtraining,30958
nyjah,30959
stylatorarmygaintweet,30960
fut14,30961
tati,30962
themonster,30963
mmc15,30964
marinmoster,30965
confessionintime,30966
davidguetta,30967
opticnation,30968
demarcuslawrence,30969
rookiemistake,30970
teamrebellesansbrevet,30971
vanessaparadi,30972
pasbesoindepermi,30973
sitalamoyenneenrien,30974
exotic,30975
tasty,30976
frenchhumour,30977
memories2014,30978
mmc,30979
reveillerplustot,30980
season6,30981
werememberstuartscott,30982
manaaa,30983
cowboysvslion,30984
cigarporn,30985
havano,30986
feignant,30987
jaiplusleseumquelateteacdp,30988
team2000,30989
4hpourlemoment,30990
iyiyimben,30991
jelaitresmalpri,30992
dobby,30993
teamroux,30994
ohmygod,30995
chaussure,30996
filsdepoulpe,30997
greenwall,30998
vomito,30999
sabine2015,31000
3hdumat,31001
tweetcommeuncompterapfrancaisen2015,31002
moonbeom,31003
reprisedemain,31004
vanillechocolat,31005
belike,31006
lovee,31007
mugiwara,31008
tahiatounes,31009
reveildans3heure,31010
offffffffffffffffffff,31011
oklmmmmmm,31012
lesnouveauxjournaliste,31013
teammenez,31014
acmilan,31015
hypocritesrpz,31016
maislarouetourne,31017
2k,31018
onvientongagneetonsenva,31019
vieja,31020
teamthugnou,31021
larascasse,31022
aielereveil,31023
plusque2hdesommeil,31024
xenophobie,31025
petrified,31026
whohatesmerightnow,31027
killtheprofesor,31028
prenomcongolai,31029
survivant,31030
journeenoire,31031
prenolcongolai,31032
tempdemerde,31033
pn,31034
voixdemisterv,31035
lesvacancessontfinie,31036
06h,31037
lendroit,31038
rechute,31039
sya,31040
journeevaetrelongue,31041
reprisedescour,31042
lareprisevaetredure,31043
lesevenement,31044
pol,31045
cryingmyselftosleeptonight,31046
cfa2015,31047
krutenau,31048
ameslave,31049
sadtear,31050
fumeur,31051
vapoteur,31052
bookingcom,31053
accor,31054
1h30,31055
cambacere,31056
d12,31057
bleugarlozere,31058
rebeccacallard,31059
commentestcepossible,31060
lesvacancescestfini,31061
rentreedemerde,31062
lescernesleretour,31063
cartevitale,31064
pray4pnlp,31065
directvideo,31066
vismareprise,31067
preorderkeepmefromyou,31068
toiiiii,31069
aso,31070
detoutesnosforce,31071
topofthemorning,31072
stopautierspayant,31073
mermoz,31074
jeudemotpourri,31075
meufquiassumepa,31076
5sosfammeetup,31077
fuckingdiplome,31078
bisoubarbu,31079
protocole,31080
maldecrane,31081
maldeventre,31082
fautpasdec,31083
desidee,31084
comptepersonneldeformation,31085
bonnerentree,31086
npdc,31087
agence,31088
nonmaisoh,31089
jujulabricolo,31090
ts2g1,31091
badschool,31092
cabroltouch,31093
lasemainevaetrelongue,31094
profitesen,31095
progression,31096
suisvieille,31097
clundi,31098
humournul,31099
cpf,31100
fucklareprise,31101
offx,31102
teamenretard,31103
tpmprentree,31104
folieinterreligieuse,31105
sportsbiz,31106
meudonnai,31107
pacesjet,31108
chieuse,31109
exact,31110
saintclaude,31111
astucedediva,31112
onnnn,31113
mavieenlyceepro,31114
vraiserie,31115
vilolence,31116
partielle,31117
destruction,31118
legislation,31119
direcpr,31120
maispascematin,31121
menwomenandchildren,31122
opt,31123
defisc,31124
albatragica,31125
2dia,31126
costa,31127
ilestouilestcon,31128
hollandelechec,31129
ilestconouilestcon,31130
jsuisdejadeprime,31131
cafenoir,31132
sasuke,31133
sakura,31134
bistrot,31135
ruesainhonore,31136
calle,31137
shortnight,31138
jesuisdeg,31139
zubiout,31140
bemotivated,31141
letswork,31142
backtobusines,31143
ihatemonday,31144
reformeinstitutionnelle,31145
lundifaispaschier,31146
akrour,31147
boutal,31148
tran,31149
moreaustyle,31150
mce,31151
trouverlebontaureau,31152
ligne13,31153
iscidco,31154
cuesta,31155
resistencia,31156
velocidad,31157
enriquedemission,31158
enfantsboulotmaison,31159
vibementlanneeprochaine,31160
tobin,31161
donba,31162
kiev,31163
bienvenueen2015,31164
grosseflemme,31165
sunsvsraptor,31166
francilien,31167
reussirpournogent,31168
better,31169
astana,31170
chapka,31171
businessgameig,31172
nogentsurmarne,31173
vaguerose,31174
activitepop,31175
frenchtechce,31176
babystep,31177
forcementunefille,31178
difficile,31179
fuckingbirthday,31180
thepaleemperor,31181
marilymanson,31182
marilynmanson,31183
pasdecourage,31184
dif,31185
cif,31186
formationpourtou,31187
chespirito,31188
deepsix,31189
slb,31190
ripeusebio,31191
patco,31192
teamblesser,31193
m13,31194
aladewura,31195
buenosdiasmiguelito,31196
nouscavatoujour,31197
renvlltpol,31198
horsesofinstagram,31199
horseshow,31200
horseshoe,31201
dwc,31202
essecdwc,31203
thedrop,31204
minimoi1,31205
vslondon,31206
victoriassecret,31207
backhome,31208
orlysud,31209
gratuitefoncierpublic,31210
biendit,31211
fiston,31212
mutatedteam,31213
teleportation,31214
fringe,31215
d3j,31216
racket,31217
ihopeagoodyear,31218
newproject,31219
penibilite,31220
achevezmoi,31221
absurdite,31222
stoplafolle,31223
pactedesimplificationdesnorme,31224
construction,31225
reouverture,31226
tro2fun,31227
meilleuremoment2mavie,31228
ahah,31229
vr,31230
runaway,31231
thewoodythinking,31232
chinoi,31233
cancun,31234
zvilli,31235
droitadministratif,31236
gobacktoschool,31237
cci,31238
biomecademerde,31239
vendeursdanslarue,31240
takethelilwayneflow,31241
edwestwick,31242
ephemeride,31243
clairon,31244
eureetloir,31245
bugarach,31246
maya,31247
previsionsbac2015,31248
mainvillier,31249
samaritaine,31250
strip,31251
collectif,31252
toujoursenvacance,31253
semainedeplu,31254
legiond,31255
mapillary,31256
common,31257
prixdujockeyclub,31258
falco,31259
courdefrancai,31260
trisomy,31261
chamakh,31262
essayepasdemelamettrealenver,31263
ahjamaislespremierstour,31264
ajamaislespremierselimine,31265
butimintodrummer,31266
deficit,31267
itsmondaybutitsokay,31268
mylittleteam,31269
bringbackourclairon,31270
aquadansmon30m2,31271
bricolo,31272
sospaga,31273
lapipe,31274
plusd,31275
fabuleux,31276
cestpasmarentreetoday,31277
gazole,31278
cava,31279
renecassin,31280
hauteloire,31281
bibliotheque,31282
arpajon,31283
paristeam,31284
esoquee,31285
conquesecome,31286
objetpublic,31287
cuberevue,31288
getalife,31289
wouaw,31290
rtsitoiaussitutefaitchierdessusparlasoeuranao,31291
irenetahlacoiffure,31292
mondieu,31293
kisskis,31294
instaquote,31295
nadiya,31296
freesavchenko,31297
prolimatech,31298
raisonnable,31299
objectifreussite,31300
godblessme,31301
nebbia,31302
paoloconte,31303
chebensicurimainonsiamo,31304
liberezlasecu,31305
lafrenchtech,31306
eliasson,31307
myth2015,31308
nothingpersonal,31309
bronchite,31310
semainedepartiel,31311
lemondedesinteret,31312
calvaire,31313
twin,31314
thattoweragain,31315
stademarcelmichelin,31316
lefacteur,31317
teaser,31318
tbc,31319
5sosfanart,31320
wundertausch,31321
endofvacation,31322
berkinelvan,31323
teambacon,31324
impunite,31325
wagon,31326
bestdayever,31327
jevaismeperdre,31328
huissierdejusticestagiaire,31329
rookieblue,31330
huguette,31331
jenaidejamarre,31332
lapesteoulecholera,31333
girlsproblem,31334
laplusnule,31335
liberale,31336
yeuxbride,31337
ilssontcontent,31338
mairie16,31339
antivictoria,31340
touslemondeveutprendresaplace,31341
barbapapa,31342
alicante,31343
bonmarche,31344
comdigitale,31345
energydrink,31346
welcomeback,31347
babalepakistanai,31348
rylandlynchatpariswithr5,31349
phasecachee,31350
asl,31351
autocorrection,31352
blaguedecommerce,31353
incoterm,31354
semainedemerdebonjour,31355
leroyaume,31356
nouveautestament,31357
ridleyscott,31358
prdirect,31359
thiefaine,31360
courmayeur,31361
capodanno,31362
origi,31363
tropcool,31364
hedef1milyon,31365
berkinelvan16yasinda,31366
forzacerci,31367
soldesprivee,31368
moodgram,31369
disruptive,31370
ebolaresponse,31371
makassy,31372
rchq,31373
phoebe,31374
bernanke,31375
retinafilm,31376
200000fansontwitter,31377
fh2015,31378
vacancesenamoureux,31379
jesuisunpeuunmoutonquandmeme,31380
clb,31381
proudofyou,31382
bombesque,31383
kinenveut,31384
lifeitself,31385
salvaberlusconi,31386
2brokegirl,31387
hippacklife,31388
ecoeure,31389
hegemoniedescinqdemie,31390
samolet,31391
puteshestvovat,31392
enville,31393
amortlescheater,31394
useles,31395
losttime,31396
postbadabou,31397
mercitony,31398
duure,31399
ciaolx,31400
redescendsurterremec,31401
masochisme,31402
fubiz,31403
teamteub,31404
textealire,31405
mustsee,31406
ihopeornot,31407
regole,31408
salvadebenedetti,31409
salvapapa,31410
digitaleak,31411
voeu,31412
economy,31413
hatziu,31414
sach,31415
incinerateur,31416
alonso,31417
hamilton,31418
gp,31419
vivemavie,31420
sr,31421
jeanpierrebeltoise,31422
paroledesudiste,31423
epuisee,31424
weightlos,31425
fitgirl,31426
berkinelvanolumsuzdur,31427
coldweather,31428
spourssa,31429
probleme,31430
lerespectseperd,31431
hardweek,31432
orignysaintebenoite,31433
igaisne,31434
ripjpb,31435
sentimentale,31436
cadurerapasaussilgtquelesimpot,31437
tolstoi,31438
beltoise,31439
yodawashere,31440
adpfr,31441
techcafe,31442
lamborghini,31443
wcvsfra,31444
forfun,31445
quelaforcesoitavecmoi,31446
cuteboy,31447
marriageequality,31448
tweetbot,31449
terresainte,31450
ommonamour,31451
preparationeuro16,31452
momoenfrance,31453
teamdescarte,31454
stoplesredif,31455
killerfrompari,31456
quedescatin,31457
lesfeuxdelamour,31458
gots5,31459
noupe,31460
colvert,31461
marredetredesvachesalait,31462
cestunordre,31463
lobau,31464
wien,31465
cotedor,31466
suceuse,31467
bite,31468
cumtribute,31469
aurier,31470
sachauffe,31471
jeannedarc,31472
romeoclub,31473
planbchartre,31474
frost,31475
givre,31476
feuille,31477
igetreux,31478
mymoonspot,31479
valerietreiweiler,31480
teamhandball,31481
colinmorgan,31482
nouvellegeneration,31483
70schic,31484
furrybear,31485
vest,31486
storsh,31487
trierweilergate,31488
mercipourcemomentlefilm,31489
faitescequejedispascequejefai,31490
dafalgan,31491
tristefrancoishollande,31492
patisseriesetcompagnie,31493
vivelevin,31494
manqueplusquelesaucisson,31495
ilssontheureux,31496
avecmacoloc,31497
lyon2015,31498
zeromention,31499
mendy,31500
sergiobossi,31501
teampoete,31502
tanicure,31503
christmastime,31504
angstrom,31505
papossib,31506
paullapie,31507
adp10,31508
enjoying,31509
whoareyoualaska,31510
johngreen,31511
stab,31512
laawd,31513
megaproject,31514
indesign,31515
bordeauxmetropole,31516
mint,31517
travaux,31518
rubixcube,31519
enroutepourles16eme,31520
finishthefight,31521
travelblogger,31522
ptitesoeur,31523
aussibum,31524
hjwmrhbylhdwdlshml,31525
outof20point,31526
finalgradejoke,31527
20day,31528
lacourdesgone,31529
marieantoinette,31530
exposaintloui,31531
monumentsnationaux,31532
mercimamie,31533
ogalm,31534
downtonabbeychristmasspecial,31535
teamqrk,31536
2015goal,31537
tropcontente,31538
condatcity,31539
ruinesduniversite,31540
tespasdejansonsi,31541
vivaaustralia,31542
alexfaraut,31543
allezecouter,31544
antipegida,31545
peggysage,31546
freerondonumbanine,31547
squad,31548
realnigga,31549
paillette,31550
lunule,31551
djerbaaddict,31552
rymbeachunjourrymbeachtoujour,31553
cannelle,31554
lesvraisreconnaitront,31555
teamgoalkeeper,31556
noeud,31557
stras,31558
scintillantargent,31559
razzieaward,31560
tottenham,31561
pourlinstant,31562
semefierdelafinancefacile,31563
payersoncocu,31564
hypokagneforever,31565
nondemocrate,31566
bebetropfolle,31567
aimermanger,31568
etregro,31569
plante,31570
retourmaison,31571
grandiose,31572
kyungu,31573
teamnaine,31574
altrad,31575
galthie,31576
newyearsrockineve,31577
jeanpaulgaultier,31578
abattoir,31579
cesoircauetderetoursurnrj,31580
traww,31581
nextstep,31582
ilsavaientpasdereseauouquoi,31583
goodyear,31584
prayformathieu,31585
oggoesbatman,31586
carolamijoree,31587
gayhoopla,31588
slamf3,31589
nouveauclienttop,31590
djendeurmarketing,31591
thiagomotta,31592
sessanga,31593
imthebest,31594
biker,31595
ti,31596
disneysocialclub,31597
coupdevieux,31598
questionpourrie,31599
jebave,31600
fanatic,31601
masituation,31602
09moi,31603
calm,31604
quite,31605
onfaitpassa,31606
corleone,31607
fcbarcelone,31608
pressee,31609
cflasttweet,31610
enmanquedevacance,31611
riplatele,31612
lychee,31613
rafde,31614
grandefan,31615
humourbleu,31616
pyjama,31617
espe,31618
bisousurlefrontdemesennemi,31619
mag,31620
cestpourtantpasleprintemp,31621
ldt,31622
loveadministratif,31623
formationprofessionnelle,31624
financespublique,31625
bnppariba,31626
mtpbopalula,31627
feelitallworldtour2015,31628
optimisation,31629
clpourtoujour,31630
homework,31631
postbaddarchi,31632
boiron,31633
idrac,31634
pge,31635
monumentvalleygame,31636
parcedessport,31637
monpsg,31638
jeanpierrecoffe,31639
monk,31640
khemkatahla2nd6,31641
vacanceete,31642
prado,31643
glassy,31644
cityscape,31645
newjob,31646
ledestin,31647
depuistumentcommebenarfa,31648
capiquelesyeux,31649
futurgrand,31650
sextoy,31651
geantvert,31652
kitkat,31653
fillebordelique,31654
fuckschool,31655
hypocritie,31656
ndeko,31657
edsheeran,31658
marvingaye,31659
berrichonne,31660
fanzouzesfamily,31661
fatiguer,31662
tpmpleretourenfin,31663
gastro,31664
daftastic,31665
julietteisback,31666
teampeaudevache,31667
brassen,31668
nantesmetropole,31669
sissy,31670
tgirl,31671
shemale,31672
ladyboy,31673
1m90,31674
65kg,31675
marge,31676
wikipediabr,31677
reggaetonvsdembow,31678
problemeexistentieljesai,31679
thegreatescapist,31680
tresbondebit,31681
queteaproveche,31682
jeucollectif,31683
justdance2015,31684
lkhwrj,31685
etoileverte,31686
theendiswhereitbegin,31687
vachezfree,31688
zaynbirthdayproject,31689
bigblack,31690
tellementhate,31691
bilshow,31692
rappelonsnou,31693
vivelazoneb,31694
alticiade,31695
tcstrasbourg,31696
exhausted,31697
sijetaissonsoleil,31698
citedescongre,31699
ter1euro,31700
ivrevirgule,31701
nuevirgule,31702
teamvenaux,31703
toxico,31704
madeindautry,31705
bonnerentreetpmp,31706
titi,31707
provocation,31708
sujetsensible,31709
robertmenard,31710
theprodigy,31711
lesmeilleur,31712
teamjoy,31713
vodka,31714
josephkessel,31715
alcool,31716
nopediga,31717
ripemma,31718
jequittelenet,31719
passatoremoto,31720
queremosviolettaliveeninglaterra,31721
lignen,31722
dtcue,31723
nrjcauet,31724
jecachemajoie,31725
chachigonzale,31726
mrpolemique,31727
laphilomobsede,31728
vivelal,31729
onaffichenounourssanspression,31730
happyjbday,31731
happyjaebumday,31732
officelife,31733
jedoisallerenecoledejournalisme,31734
bonretablissementvalerie,31735
averypottermusical,31736
numero23,31737
stpierre,31738
prodige,31739
meugui,31740
fuckramse,31741
montereau,31742
cutlaserie,31743
maximedusoir,31744
mcor,31745
pasmieux,31746
elsas,31747
instalsace,31748
camerondal,31749
920xt,31750
koegida,31751
leteenhiver,31752
soireenomade,31753
niewieda,31754
dissolution,31755
veganfood,31756
yespeople,31757
teambosseuse,31758
asmkast,31759
neversfamilly,31760
legui,31761
npolony,31762
meltingpot,31763
nashgrierfamily,31764
bourina,31765
bonehead,31766
laprochainefoi,31767
pitiedecesgen,31768
lpdl,31769
helpeme,31770
saseraimagique,31771
fonte,31772
1ansans1789,31773
valerietrierweiler,31774
tiragecdf,31775
lhommeaubobsefaitattendre,31776
socialfoto,31777
carrefourfrance,31778
theperksofbeingawallflower,31779
essid,31780
amha,31781
cestpaslapremierefoi,31782
soireesolo,31783
quevaisjechoisir,31784
teamadp,31785
teamniko,31786
jt20h,31787
r5loud2yearspillow,31788
mhscfcgb,31789
verao2012,31790
cremieu,31791
cdf2014,31792
psgoumhsc,31793
samefoutleseum,31794
rcr,31795
dryjanuary,31796
jeanmarcmorandini,31797
osesturkiye,31798
vishal,31799
aambala,31800
jeveuxpasyaller,31801
jevaismechiee,31802
pasassezrevise,31803
ampelau,31804
lichtau,31805
votesqueezie,31806
ikeaaaaaaaa,31807
asktqm,31808
teamallier,31809
bolderiz,31810
nemcrevette,31811
lifelovebeautyb,31812
fdml,31813
trucsdefille,31814
uncarnage,31815
tousunisdanslamememerde,31816
jaitoujours14an,31817
liberal,31818
libertarian,31819
callofdutyghost,31820
renouvellezvou,31821
celebration,31822
garbage,31823
lakersnation,31824
mannequinlahalle,31825
nf,31826
psgmhsc,31827
enmanquedinspiration,31828
teambadax,31829
parisiensetchampion,31830
momentdepanique,31831
retourverslefutur,31832
generationtwilightgenre,31833
jackas,31834
cup,31835
creationprehistoire,31836
iwannaslap,31837
doityourself,31838
toursaintjacque,31839
starup,31840
destijl,31841
nonmai,31842
lapluiedete,31843
margueritedura,31844
sylvainmaurice,31845
gobelet,31846
nabaladeja,31847
seek,31848
fucklovd,31849
armagedon,31850
teamlamasticot,31851
aquelquessecondespre,31852
meilleureprof,31853
tuvascreveroui,31854
cashtobelgium,31855
vieillemegerelacam,31856
laforcedutrefle,31857
bestseason,31858
jeunesseperdue,31859
thewho,31860
carlou,31861
tweetlove,31862
tweetcommeunado,31863
enavance,31864
ledieudutrefle,31865
lamagiedutrefle,31866
lepouvoirdufarfadet,31867
firstworldproblem,31868
casparleehasanewbestfriend,31869
lajarrie,31870
bonneanniversaire,31871
fiestaboomboom,31872
1anssans1789,31873
coroarmy,31874
teamtall,31875
concourssanana,31876
flexinonem,31877
podcastxxl,31878
kendjichezcauetsurnrj,31879
onnestplusdespigeon,31880
typeparfait,31881
collocmagique,31882
mangeunequichedevantlpdla,31883
mememonphoneveutmefairepleurer,31884
favoritesong,31885
butsadsong,31886
prisedepoid,31887
apportezmoidunutella,31888
sexeentresami,31889
eric,31890
retourdenora,31891
vivelesagriculteur,31892
ontheruntour,31893
toutlemondesenficheetaraison,31894
tampax,31895
amourirderire,31896
clichessurlafemme,31897
chevinchase,31898
pignamedgucci,31899
integrateur,31900
html5,31901
css3,31902
perdire,31903
schnekfamilly,31904
weloveleightonmeester,31905
txopi,31906
onestbon,31907
soyezmaudit,31908
thinkwithportal,31909
monanneeen14tweet,31910
teamuli,31911
terraindedistrict,31912
lombredundoute,31913
felipeanderson,31914
amyo,31915
ccmlot,31916
kufar,31917
lisbonne,31918
dude,31919
haussmann,31920
conseilmunicipal,31921
eine,31922
dreikoenig,31923
skyseriea,31924
conversion,31925
thanksgod,31926
annasilk,31927
wimbledon,31928
ourbelgiumkeeper,31929
tweetdusoir,31930
tweetvisepourpersonne,31931
javaispaslesmot,31932
wimliv,31933
nyeonvine,31934
humouride,31935
faitesentrerlaccuse,31936
einewelt,31937
dreikonige,31938
charmedefou,31939
rendezvouscio,31940
dermatologue,31941
grandsparent,31942
guillaumeadp,31943
manucuretime,31944
mauvaiseorthographe,31945
taylorsswift,31946
thalysexplorer,31947
atelierdesbeauxartsdelavilledepari,31948
oublielesravioli,31949
amdp,31950
rabiot,31951
jet,31952
misteryou,31953
playstationnow,31954
missusa,31955
chen,31956
tweetcommecyprien,31957
pailladin,31958
jtmbien,31959
tweetcommeneylyn,31960
nosetoilesconstraire,31961
celizino,31962
cosse,31963
larevolte,31964
chantome,31965
loquenosubien2014,31966
khemjatahla2nd6,31967
lamayenneenforce,31968
getwellsoonjustinweloveyou,31969
baekhyun,31970
dilemne,31971
quechoisir,31972
brrrrr,31973
supernany,31974
mafamilledabord,31975
calt,31976
phrasedusoir,31977
teambogos,31978
fanboost,31979
ozgurlukvedemokrasiolmadan,31980
bacdephilo,31981
youknowme,31982
mip,31983
dpoy,31984
bestscenesofshameles,31985
byebyeicry,31986
copainscommecochon,31987
gffrance,31988
barrio,31989
oiler,31990
rclscb,31991
enduropale,31992
contrepeterie,31993
lesfunambule,31994
soutienlea,31995
jacquie,31996
manvswild,31997
patissieredevientagricultrice,31998
mcdavid,31999
llfd,32000
drummer,32001
rime,32002
beeee,32003
alichiaecoutenrjmaintenant,32004
hanhan,32005
fevrier,32006
jeanbaptiste,32007
lovedenou,32008
parkland,32009
thelionking,32010
avoirlahainecommesofian,32011
jn,32012
multicuiseurphilip,32013
mercipari,32014
zamourfdp,32015
racistedemerde,32016
directcoupedefrance,32017
queenlotta,32018
championsmonfwere,32019
allezpaillade,32020
cedricsalope,32021
teamstg,32022
psgmon,32023
parisestmagique,32024
bigbooty,32025
yannou,32026
onroule,32027
borme,32028
tweetdelannee,32029
congre,32030
asklana,32031
rentredemerde,32032
durdurlareprise,32033
flemmetotale,32034
congelationsurplace,32035
clairefavan,32036
ub,32037
fmh15,32038
equiped,32039
agir,32040
entreprendre,32041
monsterkill,32042
tropdanslegame,32043
enracinement,32044
ludo,32045
adp11,32046
teamafterfoot,32047
parifootu,32048
grosdamn,32049
touche,32050
enpleindanslemille,32051
droledemonde,32052
jeunessedemaintenant,32053
imhappy,32054
remplaceunmotdansunfilmparlamasticot,32055
jevaisluienvoyerdesmsdeuxjoursapresjedisparai,32056
premierroman,32057
laurentnicollin,32058
feministspirit,32059
concourecoledesignnante,32060
saylapokalypsme,32061
severac,32062
capricornepower,32063
elflacopolar,32064
lefabuleuxdestind,32065
lhommerouille,32066
kalbimparamparca,32067
dodooooo,32068
retourdebaltroulini,32069
commentetreenervee,32070
reservoirdog,32071
youngmediamagaward,32072
grdbswr,32073
swr,32074
lhrmlmky,32075
swrqdymlzmnjmyl,32076
andra,32077
coachcourbi,32078
lyautey,32079
all,32080
quimaimemesui,32081
baqueira,32082
technoparade,32083
demainrepriseduboulot,32084
jesuispasfolleenfinpastotalement,32085
hasbeendunord,32086
llllllllllllllllllllllllllllllllllllllllllllllllllllllllllllllllllllllllllllllllllllllllllllllllllllllllllllllllllllllllllllllllllllllllllt,32087
plltomorrow,32088
teampsychotique,32089
blaguea2balle,32090
chocolateaddict,32091
qatar2022,32092
voilaquoi,32093
ppp,32094
evenwithamistake,32095
lecodedel,32096
publiersonlivrea17an,32097
jurassikworld,32098
acdh,32099
sephorette,32100
sujetdissert,32101
empirestateofthesouth,32102
demengeaison,32103
cicatrisation,32104
dickriver,32105
stabilityofmind,32106
debruitetdencre,32107
journeedefolie,32108
schneckfamily,32109
maevanewprojet,32110
3idiot,32111
thatsthequestion,32112
deargod,32113
sg8,32114
b3n3l3pd,32115
lbc,32116
allezlaberrichone,32117
teamchtx,32118
part1,32119
frompari,32120
magaluf2015,32121
majorque,32122
sleeptime,32123
jesuispasdanslamerde,32124
nissart,32125
allezlaberrichonne,32126
part4,32127
tchernobylconnexion,32128
yayatoure,32129
buenanocheeeeeee,32130
kessadi,32131
lbsr,32132
candid,32133
favoritefamily,32134
sapique,32135
confidencedulundi,32136
dy,32137
onestpasdespigeon,32138
remixcloclo,32139
lilypulitzersale,32140
ruetaine,32141
elleveurdlab,32142
happyandhealthy,32143
ilovemoneyyy,32144
pocinholapute,32145
nono,32146
tnconstit,32147
moiatonage,32148
beaumette,32149
byebyezaratoutpeterd,32150
nouvelleformule,32151
dedienne,32152
pierreherme,32153
jecherchelasolution,32154
ahhhh,32155
vincennes2015,32156
erasmusplu,32157
erasmusplusfr,32158
bode,32159
miller,32160
nati,32161
pachuca,32162
cvitanich,32163
seultoipeutcomprendre,32164
cdfhockey,32165
rapace,32166
tissemetisse,32167
df3,32168
vincennesconnection,32169
bosondehigg,32170
particlesfever,32171
befana2015,32172
zizoothebest,32173
followerpower,32174
bonneannee2015atou,32175
felizanoneuvo,32176
firsttweetof2015,32177
bonane,32178
iziiii,32179
urteberrion,32180
coupdebouledansloreiller,32181
slowpoke,32182
firsttweetin2015,32183
hangeultamere,32184
team97,32185
frenchlook,32186
bonneanneemonmanu,32187
bfmtvp,32188
urock,32189
bonneanne2015,32190
premierjourdurestedetavie,32191
felizanonovo,32192
wishe,32193
bonneanneekev,32194
adamsfamily,32195
31decembre2014,32196
bonneannee2015nabilla,32197
lov,32198
beaucoupdebonheurpourvou,32199
fromlafrance,32200
startrek,32201
willreturn,32202
table2,32203
happeningrightnow,32204
hopesfor2015,32205
geometrevaxelaire,32206
geometre,32207
topographie,32208
plusdebatterie,32209
hbmat,32210
roadtobundesliga,32211
lekiffensemble,32212
monpremiertweetpour2015,32213
quedulol,32214
villerssouschatillon,32215
bonneanneecaroline,32216
bonneanneevalentin,32217
dilatedpeople,32218
subscribetokianandjc,32219
momentmagique,32220
happyfunradio,32221
boyinlandscape,32222
le31toutestpermisavecarthur,32223
contrelesystem,32224
gainzzz,32225
unenouvelleanneequicommence,32226
bonneanneekevadam,32227
bonneanneenabilla,32228
bonneanneerayane,32229
tweetcommemaxirelou,32230
bonneanneedenitsa,32231
anlayananladi,32232
jeanbaptistehumoriste,32233
newyearsevefollowspree,32234
bonneanneematt,32235
pokoteam,32236
maskinen,32237
ajaimaislespremier,32238
4c,32239
prosperite,32240
passionfruit,32241
lestwitto,32242
bonneambiance,32243
twprecedent,32244
destineemanifeste,32245
moovie,32246
nogooddeed,32247
lesgaleriensdunouvelan,32248
teamzieukipik,32249
lina,32250
ellenestpascontente,32251
toutelamusiquequonaime,32252
beurette2014,32253
putaindesoiree,32254
algerianpower,32255
teamjbb,32256
infuzemaenvoyeunbonneannee,32257
moinsbon,32258
toutestsombre,32259
commelaxboxone,32260
camulox,32261
believeintheauthority,32262
letsdothi,32263
imready,32264
facetime,32265
imgay,32266
renpetneferet,32267
couplemixe,32268
malaisiefranceciv,32269
happynewyear5so,32270
5sosfamnewyear,32271
justdance,32272
pomponrouge,32273
vdmdenouvelan,32274
cherchemeuf,32275
saoul,32276
tweetcommeunelo,32277
otratfrance2015,32278
aupaysdalice,32279
happysa2015,32280
nye2015,32281
velvet,32282
island,32283
icelandair,32284
icelandairinfo,32285
mystopover,32286
imintrouble,32287
peoplewhomademy2014,32288
lhommeaubobbientot,32289
mambatraptape2015,32290
aeroestlateam,32291
wegohardinthefield,32292
relationintime,32293
letthekarmafinishit,32294
defait,32295
since2010,32296
pansement,32297
greattime,32298
fripouille,32299
newlife,32300
felizanonuevo2015,32301
nothank,32302
appendicite,32303
truepeopleswillunderstand,32304
toutestgraceavou,32305
jevoussouhaitelemeilleur,32306
mercidetrela,32307
2015now,32308
beeeeellle,32309
saunavaisselle,32310
teamrahopresidente,32311
nini,32312
myniggaknowtheygetifigetit,32313
onestquetroi,32314
letriangle,32315
qualiteavantquantite,32316
onadessbire,32317
sharkinfuzediip,32318
ariel,32319
thelittlemermaid,32320
playhard,32321
stayhappy,32322
herf,32323
vapote,32324
eicg,32325
mod,32326
clearomizer,32327
atomiseur,32328
dripper,32329
eliquid,32330
etlacestmemepasdusarcasme,32331
aerohdr,32332
drapeautetedesquelette,32333
zoukeurfou,32334
maisquizoukilvraiment,32335
firstof2015,32336
brestmetropole,32337
happynewyearfromfrance,32338
banac4,32339
bientotdutravail,32340
arretetesblague,32341
jvaisfaireuneconnerie,32342
en2015,32343
jaifais5jour,32344
bonnenuitdeni,32345
demainjeski,32346
bugfacebook,32347
mgv,32348
chartier,32349
greenwichhour,32350
waiter,32351
fbp,32352
neighboring,32353
traditionhash,32354
bienvenu2015,32355
ciaosaturne,32356
hospital,32357
nurse,32358
paramedic,32359
newyeareve,32360
happynewyearbelieber,32361
lookfornewyear,32362
sanscerveau,32363
jalousiie,32364
quito,32365
viuda,32366
ecuador,32367
hiromashima,32368
tahiadajzair,32369
teamwahran,32370
bonnealgerie,32371
fouinysondage,32372
ontaime,32373
happynewyearliam,32374
passage,32375
sapralla,32376
mesgowssure,32377
annee2015commence,32378
pourquoipa,32379
kalashmarocaine,32380
bledifiguelbi,32381
rentrerenvie,32382
miroirdeau,32383
celebrate,32384
teamjecommencelanouvelleanneeenmegoinfrantdetresbonschocolat,32385
tshirya,32386
8year,32387
bubble,32388
destination,32389
jetaimeautant,32390
premierpipidelannee,32391
happybirthdaylordvoldemort,32392
peoplelewhomademy2014,32393
hleldunet,32394
excision,32395
shine,32396
bright,32397
diamond,32398
nique2015,32399
pensfamily,32400
letsgopen,32401
justdancedefeignasse,32402
jelaimeplusencore,32403
1eroffdel,32404
team212,32405
mercilaratp,32406
teamkidlokizy,32407
lesamour,32408
vousmemanquezdeja,32409
seeyousoon,32410
rayanecestquoitonparfum,32411
1dmemories2014,32412
happynewyeardemi,32413
tah,32414
sorcellerie,32415
retournedanstonbarapute,32416
bonneresolution,32417
adamsienneforever,32418
fai,32419
comme,32420
zer,32421
newyearsaskbeau,32422
monanne2014,32423
blaguedebeauf,32424
reposeenpaix2014,32425
fdpcertifier,32426
teamps4,32427
modestie,32428
didierdrogba,32429
teambagra,32430
lovemycrew,32431
deauville2015,32432
brummelclub,32433
casinodedeauville,32434
durcombat,32435
sneakerheadresolutionsfor2015,32436
bestbro,32437
yeniyilinizkutluolsun,32438
tweetmultivise,32439
nouvellecaledonie,32440
iwillwaitingforthat,32441
crevette,32442
renoitorsenusursapp,32443
derien,32444
soupejoumou,32445
haitibelike,32446
thepinkprintonitune,32447
lesalgeriensdominenttwitteren2015,32448
joyeuxalgerie,32449
tweetle,32450
positiondepro,32451
prisederisque,32452
teampq,32453
gateamagique,32454
teamcuisto,32455
nye2014,32456
resterenvie,32457
uberpop,32458
taxisx,32459
yaoi,32460
hihihi,32461
en2015jevaisdormirparcequejesuisfatigue,32462
sean,32463
danslemal,32464
bonreveillon,32465
welcomein2015,32466
asul,32467
jemarquen2015,32468
faisladif,32469
gourguff,32470
exit2014,32471
souspiche,32472
teamsouspiche,32473
rpzfdp,32474
happynewsyear,32475
firefox,32476
objectifs2015,32477
offfffff,32478
teamtravailleur,32479
ellecommencebien,32480
bonjour2015,32481
teamyeuxvert,32482
uneanneequicommencebien,32483
morningwalk,32484
thechurchwithnowindowd,32485
bourree,32486
alcoholism,32487
nyehangover,32488
felizanonuevo,32489
frohesneuesjahr,32490
buonannoatutti,32491
paceesalute,32492
mougin,32493
welcom2015,32494
funtime,32495
autisme,32496
20xv,32497
paramourdurugby,32498
bonneanneemespoulet,32499
bff,32500
resolutionnumberone,32501
soireeparfaite,32502
soyonssimple,32503
plat,32504
panai,32505
celeri,32506
mecquiapascompri,32507
etcanadanye,32508
chng,32509
challengedisney,32510
passommeil,32511
wakeupeverybody,32512
apreslesvoeux,32513
petitdialogueentreami,32514
jesuispasvieille,32515
bigmoustache,32516
cavachier,32517
retro,32518
leroi,32519
meilleurapre,32520
positif,32521
audace,32522
allohollande,32523
sijavaisunfusiljseraisdejadehor,32524
boona,32525
mylittlekid,32526
jeudipoesie,32527
coffeeaddict,32528
pigeonmaisjassume,32529
galtier,32530
jacobcallhannah,32531
yeeeessss,32532
allerretourexpres,32533
steffensky,32534
horoscope2015,32535
ompsg,32536
dontworry,32537
firstmorningcoffee,32538
mentionpeoplewhomademy2014unforgettable,32539
bientotdansvosecranssurinsta,32540
prolonger,32541
voeuxhollande,32542
montagnesdulacannecy,32543
happynewyeareverybody,32544
miom,32545
khmer,32546
voeuxenkhmer,32547
bergen,32548
cafecargadodemotivacion,32549
oliciter,32550
suriya,32551
martigny,32552
teamglucide,32553
desillusiondupremierjanvier,32554
makesomenoise,32555
happylife,32556
happydream,32557
arq,32558
wc78,32559
3dmuscle,32560
josh,32561
seulementleservette,32562
bttf,32563
bttf2,32564
buonanno,32565
snowbard,32566
morethingsinheavenandearth,32567
masculinisme,32568
hitmachine,32569
happynewyearjustinfrombelieber,32570
mein,32571
fabriceneu,32572
justinbiebermemories2014,32573
justinblondhair,32574
justinisback,32575
bonneanneekendji,32576
meetandgreet,32577
mbbdtb2015,32578
batyear,32579
batshow,32580
batmusic,32581
batart,32582
batatoo,32583
batfood,32584
batbook,32585
batdiscoverie,32586
rechauffement,32587
climatique,32588
asiabibi,32589
besseetsaintanastaise,32590
lendemaindificile,32591
voxpopulipoxdei,32592
firstresolution,32593
teamsarahfamily,32594
apprentissage,32595
trickshot,32596
happybirthdayjack,32597
ustou,32598
viennaphilharmonic,32599
labarbe,32600
concertnouvelan,32601
musiquesansfrontiere,32602
teamajo,32603
ledrian,32604
verybadtrip,32605
laideetmenteuse,32606
gitane2015,32607
mercilefonddeteint,32608
hollandeonneveutplusvoirtasalgueuleen2015,32609
sudvendeeinfo,32610
roserougeverte,32611
piloupilou,32612
instamorning,32613
holidayseason,32614
cequejesouhaite,32615
karim,32616
bonneannneededroit,32617
littlemix2014throwback,32618
durevie,32619
gapyear,32620
vapotez,32621
bajboujnewyear,32622
pierreberge,32623
fuuck,32624
userxp,32625
lesrelou,32626
guerillapoubelle,32627
pourbiencomlencerlannee,32628
till,32629
caendtb,32630
pourbiencommencerlannee,32631
onjugepa,32632
courtoi,32633
myparisianwishi,32634
maduroasumetufracasodestruistevzla,32635
desastre,32636
associale2015,32637
epicgeuledeboi,32638
spicy,32639
mariemag,32640
mariec,32641
syasya,32642
wanz,32643
mosh,32644
faycal,32645
chasinglife,32646
winterpremiere,32647
abcfamily,32648
t3dimension,32649
metropoli,32650
onedirectiontwitcamfor2015,32651
lotsoflove,32652
moirienne,32653
anonovo2015,32654
peoplethatmademy2014,32655
welcome2015,32656
ilovebap,32657
gaymen,32658
hairypari,32659
solidariterongeur,32660
apache,32661
jaibienrigole,32662
lobbylgbttoutpuissant,32663
tequiero,32664
coty,32665
happynewyearbap,32666
bonneanneeatouslescopain,32667
auvert,32668
1erdelan,32669
dorscommegoul,32670
teamdoliprane,32671
squattagechezyousra,32672
vineom,32673
pvri,32674
laflemmedu1erjanvier,32675
euthanasia,32676
00h00,32677
intheflesh,32678
pouvoirdachat,32679
bouchonsimmense,32680
tropmieuxavant,32681
pallapugno,32682
pour2015,32683
enchantedforest,32684
vraifrere,32685
tearsbeforebedtime,32686
smartcat,32687
nouveauchemin,32688
lovemyfollower,32689
grosdur,32690
puberte,32691
autocorrect,32692
lie,32693
stormgate,32694
teamorange,32695
flo,32696
fiquette,32697
esplanadedeladefense,32698
colorfull,32699
inspirational,32700
joyeuseannee,32701
happynewyearmiguel,32702
viveladoptionpourtou,32703
zubinmehta,32704
vienne,32705
beaudanublebleu,32706
ellecommencetjrsaussibien,32707
ytbeuse,32708
2015commencebien,32709
tousegaux,32710
autoderision,32711
blackeysextrafine,32712
stkmun,32713
finland,32714
lalbumdelamzen2015,32715
nye15,32716
leshara,32717
transcendance,32718
gladyoucame,32719
advilandsunglasse,32720
codeuber,32721
cjp,32722
kb9,32723
autopersuasion,32724
jimcarrey,32725
teamloque,32726
jassumepasleslendemainsdesoiree,32727
start2015withsomethingbeautiful,32728
happyofmynewyear,32729
salouteteam,32730
joeystar,32731
latheismeestodieuxalhumanite,32732
tropdefatigueplusdefatigue,32733
2015calling,32734
amitieantiraciste,32735
dernierjour,32736
reflexionspirituelle,32737
imani,32738
junker,32739
rounded,32740
possessivite,32741
tonamoureuse,32742
thebeatle,32743
bonnesresolutions2015,32744
feintedefrappe,32745
chetot,32746
effetbureauvide,32747
u2sien,32748
totche,32749
coleporter,32750
loveforsale,32751
poison,32752
standard,32753
joedassin,32754
welcomein1975,32755
orsaymuseum,32756
piratesofthecaribbean,32757
iloveexo,32758
flkw,32759
mnshstrywnytd,32760
monboulet,32761
meilleurcheridumonde,32762
cafait1anjattend,32763
aucuninteret,32764
firecracker,32765
dpda,32766
franceneedsotrat,32767
lwili,32768
cimerbastien,32769
meme,32770
vouslevalezbien,32771
matchoftheday,32772
mindfulnes,32773
nightfever,32774
disco,32775
allnight,32776
instago,32777
argot,32778
petard,32779
belmondo,32780
unsingeenhiver,32781
meilleursvoeux2015,32782
modeltobe,32783
thisisnoteanadvertising,32784
apremenfamille,32785
alca,32786
zbeuldanstaville,32787
fumetizebaise,32788
reveillondemalade,32789
guillaumelereveillonsurnrj,32790
franchecomte,32791
bonneanneeeddy,32792
themaritalbed,32793
toyou,32794
lacrotteaucultoutelannee,32795
compagnycreole,32796
sportbusines,32797
bourrejesui,32798
piketti,32799
thaisb,32800
lebinome,32801
pasdeplaisant,32802
kohlanta,32803
blocu,32804
artnouveau,32805
ockrent,32806
jedisenfinstopalapression,32807
fiseworld,32808
viedevoyou,32809
lalegiondhonneurcestpourlesfaible,32810
lituanie,32811
byebyelita,32812
cacestfait,32813
saintpryvesaintmesmin,32814
sacrecouer,32815
allthebest,32816
teamtarree,32817
soureemousse,32818
hatchi,32819
mimimathie,32820
altereconomie,32821
lettonie,32822
discoverbalticcountrie,32823
standuppaddle,32824
cotesdesanglier,32825
diary,32826
2015danstagueule,32827
newyeariscoming,32828
sisterinlove,32829
illettre,32830
telefilm,32831
jsuistropfort,32832
bestwishe,32833
arcodotriunfo,32834
tweetcommenico19ansenbtscommerceinternationaletquivomitachaquesoiree,32835
allezy,32836
famillealcoolo,32837
bandedeouff,32838
forcedanstagueule,32839
french5sosfam,32840
fnkhl,32841
ywnytdmbshr,32842
glopupchallenge,32843
vivonsheureuxvivonscache,32844
piratesdescaraibe,32845
r5family,32846
1ereattaque,32847
onveutdylanobrienpresidentauportugal,32848
tweetmytho,32849
laseulepersonneaumonde,32850
mochemochemoche,32851
desbisou,32852
oncefamily,32853
merciaeux,32854
palmtree,32855
betisier,32856
bestoff,32857
retrospective,32858
theme3d,32859
reveillonautoo,32860
joiedansmoncoeur,32861
pommedamour,32862
24hour,32863
nosleep2015,32864
fullenergy,32865
souar,32866
hotelroom,32867
besoin,32868
sucrantetenacidulantvotrevie,32869
whatiwantfor2015,32870
fs,32871
yeahhoe,32872
kobo,32873
liseuse,32874
theninid,32875
blueelephant,32876
2015eilksozum,32877
thuram,32878
lastselfieof2014,32879
paris9,32880
tweetcommeunestar,32881
jevaischangerpromi,32882
saved,32883
lisbeth,32884
newproduct,32885
mybabygirl,32886
gambie,32887
rfi,32888
garderobeunkut,32889
kelanight,32890
mst2k15,32891
quevontilfairemorray,32892
paulacademartori,32893
redhair,32894
lesfrigo,32895
tenue,32896
honfleur,32897
partywithmyboo,32898
july,32899
foraperfectsummernight,32900
source,32901
saintyorre,32902
31tep,32903
gfaitcommelemoticonemonfreew,32904
neverdoitagain,32905
didier,32906
jeanpierrebacri,32907
greatgoal,32908
mane,32909
cestmatournee,32910
negrodeep,32911
chartreuse,32912
imessage,32913
topofpari,32914
thegossyroom,32915
voituresbrulee,32916
lacanau,32917
parade,32918
geant,32919
1erjanvier,32920
alcoolvsclement,32921
alcoolagagne,32922
jexisteplu,32923
modezombieactive,32924
mvpbuzz,32925
reveillon2015,32926
tweetcommemakelele,32927
newresolution,32928
bye2014,32929
lapalombiere,32930
misstelerealite2014,32931
grandgabarit,32932
hope2015,32933
princessserenity,32934
doyouthinktheyrealised,32935
waitrose,32936
gettingahead,32937
mysteretcompagny,32938
sanssoireefixe,32939
tropsalelameuf,32940
maraispoitevin,32941
deutsch,32942
lemasquedezorro,32943
livlei,32944
briochetoutemolle,32945
cestqui,32946
lacdubourget,32947
defrancedetersant,32948
hurelducampart,32949
grandval,32950
kashink,32951
1000dayswithexo,32952
ouhhhh,32953
enjoy2015,32954
quad,32955
agc,32956
z27500,32957
theraidrule,32958
sacreesoiree,32959
survivor,32960
sobeautiful,32961
coucoutoi,32962
inspecteurlabavure,32963
jedemandejustehein,32964
scarymovie3,32965
refu,32966
patrie,32967
generalcrew,32968
neverfail,32969
smaug,32970
mexico,32971
belleetdouceannee2o15,32972
happy2o15,32973
ivre,32974
cdc4,32975
footanglai,32976
gpfferrerorocher,32977
teamcd,32978
ombresetlumiere,32979
allshot,32980
bonboldairpur,32981
luge,32982
gamelle,32983
orgiedudiable,32984
enigme,32985
thiai,32986
choisy,32987
villejuif,32988
kb,32989
villeneuve,32990
tweetnathblablabla,32991
sw4,32992
videdressingpetitpatapon,32993
arseneout,32994
cher,32995
sundown,32996
ripmongenoudroit,32997
capitale,32998
illumination,32999
dmdare,33000
sportlife,33001
instacorse,33002
lefooten2015,33003
ogsa,33004
videdressingdelamini,33005
mememoijairi,33006
tesvraimenttropcon,33007
loveyoujeje,33008
jmlp,33009
zhrbos,33010
hiverpantin,33011
ferroviaire,33012
nouvellean2015,33013
juj,33014
bourget,33015
vivelerap,33016
khedira,33017
murvegetal,33018
mur,33019
rallyedakar,33020
capriceon,33021
teamlorient,33022
malzoo,33023
bosesoundlinkmini,33024
ipodtouch,33025
ipodtouch5,33026
ferrovipathe,33027
circular,33028
feelgood,33029
bonnesvac,33030
connardsdesuicidaire,33031
fadedasfuck,33032
zouletternb,33033
irreductible,33034
inacceptable,33035
rembourse,33036
dyson,33037
cadeaudenoel,33038
snowman,33039
lampard,33040
coussin,33041
teeshirt,33042
lilianthuram43an,33043
oliviaruiz35an,33044
hazard,33045
crochetdeden,33046
comeonchelsea,33047
compex,33048
compressport,33049
familleudi,33050
boyandgirl,33051
ge,33052
bestie,33053
sincere,33054
spontanee,33055
carrierelosc,33056
cinantesouest,33057
gio,33058
marocjetaime,33059
sousfrance,33060
mumugg,33061
babyugg,33062
digestiveride,33063
1stjanuary,33064
jevousarnaquelesga,33065
enrougeetnoir,33066
atchoum,33067
grandrex,33068
badstart,33069
chillnotskill,33070
epidemie,33071
blagueadeuxballe,33072
onnnnnnnnn,33073
saaturn,33074
saik,33075
spice,33076
01vzplabdmabdlfksblq,33077
enfamille,33078
whaou,33079
reveillon2014,33080
mourinho,33081
varanger,33082
league1,33083
perrier,33084
presidentdecombat,33085
idbu,33086
oopsididitagain,33087
soleilsoleilsoleil,33088
lelol,33089
mapoule,33090
hossegor,33091
2015avecaxelvincz,33092
legume,33093
leprevent,33094
morocco,33095
nikkidesaintphalle,33096
so2012,33097
newyearwithnajwakaram,33098
asot,33099
saintsylvestre,33100
medyaninkarayili2014,33101
naaaaan,33102
consolation,33103
effeiltower,33104
grandfroid,33105
maraude,33106
revienscech,33107
parfoi,33108
blaguedebilingue,33109
blaguedefooteux,33110
combativite,33111
rapidite,33112
puissance,33113
technique,33114
c1,33115
comeoncity,33116
january1stokaydontjudgeme,33117
sitdoown,33118
january1th,33119
englishbescherellejesu,33120
questionexistentielle2,33121
leplaisir,33122
bandb,33123
5hfanuaryday1,33124
servir,33125
patley,33126
coeurcoeur,33127
bbsitting,33128
onnelacherien,33129
sacrilege,33130
andrepierre,33131
happynewyearonedirection,33132
essence,33133
audi,33134
v8,33135
lareunionchezmoi,33136
exploitpersonnel,33137
teamfm,33138
wish,33139
fautpascelaisserabattre,33140
tatort,33141
navigo,33142
crazystupidlove,33143
catslover,33144
optimism,33145
depuistesbloquecommeemma,33146
guiliasuper,33147
alfaromeo,33148
mature,33149
teamguyane,33150
tesfan,33151
stopauxfootix,33152
tottenhamchelsea,33153
solitaire,33154
premiersmotsde2015,33155
gaytwitter,33156
allout,33157
theunstoppable,33158
bestdylanmemoriesof2014,33159
etonsuce,33160
contreaya,33161
bedoflie,33162
byeamsterdam,33163
lespoto,33164
tropdalcool,33165
lasttw,33166
menthe,33167
marypoppin,33168
mamanjairatelavion,33169
puppykisse,33170
furryfriend,33171
dogkisse,33172
hefollowedme,33173
verticallimite,33174
robintunney,33175
askswagmonster,33176
mariepoppin,33177
keepmychildsoul,33178
likeachild,33179
unmonstreapari,33180
noix,33181
walnut,33182
oil,33183
huile,33184
10ansdedifference,33185
karatekid,33186
packer,33187
louisdefune,33188
lachainee,33189
trineo,33190
sosiedestar,33191
delorean,33192
lesaventuresextraordinaired,33193
onestpasmalici,33194
delautrecoteduperiph,33195
pourleretourdelabitedammaragesurfrancetele,33196
adeleblancsec,33197
spur,33198
besocakkolnirkciligahayirsaynotoracismsagneinzurassismu,33199
besideyou,33200
unetisanetaulit,33201
timeless2013,33202
rendezlabitede,33203
15anscdg,33204
laurenjauregui,33205
12f,33206
pascalfauret,33207
aspb,33208
seix,33209
coldelacore,33210
pirineo,33211
aproposdepiketty,33212
regalo,33213
lacrime,33214
avantageleconte,33215
k21,33216
bigrage,33217
asotfest,33218
elodiefreje,33219
teasing,33220
seigneursdesanneaux,33221
lacommunautedelanneau,33222
frileuse,33223
elsainpari,33224
fairytalesiii,33225
lsfladcdg,33226
paris75017,33227
ruebiot,33228
lesstarsfetentles15ansducharlesdegaulle,33229
toiaussiniquestonsemestre,33230
onvapasserlecap,33231
directionlal3,33232
biguprouault,33233
troplent,33234
boiteapizza,33235
lovefrompari,33236
tottenhamvschelsea,33237
lestempsmoderne,33238
weneedotrainfrance2015,33239
magnifik,33240
artsetmetier,33241
hummmmmmm,33242
mosko,33243
lendemaindesoiree,33244
adieuviesociale,33245
jeffreyremetsnousdureveillon,33246
spacefamille,33247
ghostwhisperer,33248
gallardo,33249
fff,33250
jeffaerosol,33251
accoutictour,33252
ecig,33253
atomizer,33254
jefaerosol,33255
dawadeoufdanslamaison,33256
bikucukeylulmeselesi,33257
teamriberylovetropbg,33258
picouimhooligan,33259
teamperecastor,33260
cestpassevite,33261
peuxplusbouger,33262
plein,33263
canape,33264
lalcoolcestdeleauchallenge,33265
transporteur,33266
lefilmparloin,33267
onseremetdoucement,33268
masterchefit,33269
ontaperducommemarvin,33270
embrouille,33271
empathie,33272
arrte,33273
orgueiletprejuge,33274
que2015soitbelle,33275
boucheriecentrale,33276
hallesdelyon,33277
thomassaoul,33278
gonole,33279
beatoregon,33280
vrairajel,33281
stopforcing,33282
fucklarage,33283
fucklacaissed,33284
torche,33285
crelou,33286
tantpi,33287
nikidesaphalle,33288
thisdance,33289
jai,33290
onsestfendulamargoulette,33291
2zero93,33292
yusef,33293
ciume,33294
artecinema,33295
hachiko,33296
gandong,33297
equestra,33298
douxdeh,33299
premierdelannee,33300
jeveuxrepartir,33301
disneychanel,33302
doordie,33303
chatdamour,33304
debiliteeprofonde,33305
teammaniaque,33306
abandonnerdetou,33307
bonneanneequandmeme,33308
inpari,33309
connorchilltime,33310
butterflyproject,33311
micheldrucker,33312
cottonbowl,33313
allezaurvoir,33314
friskiesmaxicroquette,33315
supermanportugai,33316
tureconnaisoutunie,33317
euuh,33318
lesaventuresextraordinairesdadeleblancsec,33319
laserie,33320
assetmanagement,33321
instahappynewyear,33322
prevoirduchange,33323
marcobakker,33324
1erjanvier2015,33325
emo,33326
dynamisme,33327
mimietsoninstinctmaternel,33328
missyousomuch,33329
voisinspascontent,33330
siam,33331
bert,33332
teamnaturel,33333
lmy,33334
tu,33335
wonderfulwedding,33336
commecendrillon,33337
penserareserverlayourte,33338
kickas,33339
barbier,33340
schneider,33341
udijeune,33342
tumemanquesdeja,33343
stoplesmemepourcesoir,33344
blackmovie,33345
isabelleadjani,33346
nielsschneider,33347
victoriascognamiglio,33348
kinship,33349
theatredepari,33350
publicavise,33351
mistral,33352
bayyyysaaaibayyysaaaai,33353
lfcfrance,33354
teamfarfadet,33355
desoulay,33356
permisoutai,33357
theyunderstandlife,33358
savedbyhisgrace,33359
rlt,33360
provisoire,33361
gentillemoi,33362
nixon,33363
theprince,33364
blackwater,33365
cachangepasde2014,33366
backinchildhood,33367
branlette,33368
heureusedetefairerire,33369
evacestpascool,33370
besttime,33371
mobiu,33372
hannachi,33373
jsk,33374
chateaurouxconnectee,33375
bluntcerise,33376
psndown,33377
aintnobodygottimeforthat,33378
arnold,33379
marredelapression,33380
marredesexam,33381
d4,33382
lesjolieschose,33383
le12,33384
ted,33385
hockeysurglace,33386
1an,33387
itmustbebetter,33388
dossier,33389
dope,33390
stadiumcomingout,33391
devaluation,33392
sansvaleur,33393
bataclan,33394
shegueyyyyy,33395
saveselfie,33396
fucklamour,33397
bigupcelib,33398
aboveandbeyond,33399
ameriquedusud,33400
hazparne,33401
lesracine,33402
campinglagabinelle,33403
coupdepression,33404
okayjarrete,33405
diancie,33406
gengar,33407
genesct,33408
lucy,33409
stevieweloveu,33410
happynewyearagain,33411
jeperdsvitepatience,33412
ridacowboy,33413
bluepower,33414
epicube,33415
toiaussimithocommekatou,33416
noelquidechire,33417
congob,33418
commetamere,33419
legroupe,33420
odioilcapodanno,33421
troploin,33422
pirekdo,33423
1yearofwill,33424
ffspecialtsu,33425
ffspecialvip,33426
testsuccessful,33427
chica,33428
fillesquialeseum,33429
fillejalousedespute,33430
tousbride,33431
grizi9,33432
grandart,33433
sosaaaababbbbyyyyy,33434
echappe,33435
kidink,33436
brat,33437
breakstheinternet,33438
purplebiz,33439
udobiz,33440
fpsdeauville,33441
bobotwitter,33442
pokerstar,33443
thedo,33444
jayri,33445
ghvipentradakiko,33446
poreoclock,33447
rest,33448
noheb,33449
freealexi,33450
marroco,33451
laloimacron,33452
taxisencolere,33453
clubdes30,33454
seminaire,33455
chalet,33456
vercor,33457
autran,33458
brooklyn,33459
bonbonsbanane,33460
noulafe,33461
tuvafairequoi,33462
desporutti,33463
nabilaramdani,33464
jordanxi,33465
bredlow,33466
myteam2015,33467
tourdugevaudan,33468
whatwasidoing,33469
redphonebooth,33470
laurentjalabert,33471
teamtamgho,33472
agathe,33473
bataille,33474
shampooing,33475
bontemp,33476
ninive,33477
weloveyouteala,33478
nouvellestar2015,33479
emotiongarantie,33480
ffwinner,33481
distort,33482
canadawater,33483
nigerianrecipe,33484
favoriteyoutuber,33485
7milliardssousleciel,33486
askgrey,33487
thierrytanoh,33488
pourtoujoursmonamour,33489
daje,33490
fridayiscoming,33491
beattherocket,33492
plusaucuneenvie,33493
cendrillon,33494
mnyhbklnytkhlnk,33495
tybqlbk,33496
lwj,33497
dinerindien,33498
cuisinierdusoir,33499
petitbac,33500
ligueqdeschampion,33501
gru,33502
april,33503
missyoula,33504
instaold,33505
instatbt,33506
woooooowwwwww,33507
cantevendeal,33508
jujujul,33509
surnomdemerde,33510
bourre,33511
seriepari,33512
sarahjanesauvegrain,33513
mimicomestovega,33514
vegaslambforlife,33515
redfoo,33516
champagnshower,33517
famouslastword,33518
jeudisoir,33519
captainstap,33520
samceluiquiconduitcestceluiquineboitpa,33521
yennaiarindhaal,33522
industrie,33523
flyingdutchman,33524
cavaetrelafetealamaison,33525
lechatestpartilessouriesdansent,33526
tropdursanselle,33527
atiksaha,33528
anwaralawlaki,33529
steph,33530
moana,33531
retourausource,33532
jefaismongro,33533
bonvieuxtemp,33534
sip2015,33535
reu,33536
perecharlie,33537
clelal,33538
iamyourfather,33539
ifisi,33540
jamesblunt,33541
droitconstit,33542
sonsofjim,33543
liberteducul,33544
ffbacj,33545
site,33546
bbbbbl,33547
twiceagain,33548
journeyfrommar,33549
serach,33550
merciforall,33551
webtostore,33552
attenteinterminable,33553
belgiumsiege,33554
pointerectionmatinale,33555
cacommenceamesoulersevere,33556
onestpasfatigue,33557
ff14,33558
enigma,33559
turing,33560
codesshack,33561
ponctualite,33562
creteilsoleil,33563
elleestcoolmavie,33564
tonyfadell,33565
scenari,33566
topaze,33567
jeuxserieux,33568
phishing,33569
methanisation,33570
luton,33571
petitenuit,33572
youtubeasksobama,33573
investissement,33574
rodin,33575
obeijo,33576
lendemaindesoireedifficile,33577
phisique,33578
onatropgerer,33579
tapettedestephanoise,33580
concurrence,33581
distribution,33582
lepde,33583
berlinpasglam,33584
trainsupprime,33585
galereruneheure,33586
5eenunesemaine,33587
vincentlacoste,33588
vforvictoria,33589
cc3,33590
alltimelow,33591
enviedetreenrrtard,33592
jesuiscaro,33593
lignep,33594
torcy,33595
ksouri,33596
mosaiquefm,33597
tuning,33598
drift,33599
votar,33600
unique,33601
aquandledepart,33602
uep,33603
twisto,33604
grandoral,33605
bedistinctive,33606
dati,33607
mermet,33608
ennemidetat,33609
sm19,33610
echo,33611
lecteurhabitue,33612
syriacrisi,33613
thisgirlcan,33614
fcblondon,33615
mercidusoutien,33616
jepeuxdormir,33617
ausgrunden,33618
gifi,33619
matinale,33620
xprime,33621
grio2015,33622
misioncumplida,33623
facebookatwork,33624
constance,33625
klashdubled,33626
yakoaaa,33627
emergent,33628
insolitebuzz,33629
ensal,33630
palladiu,33631
odoxa,33632
c3pluriel,33633
cyberbully,33634
dwv,33635
chelle,33636
vforvictory,33637
cork,33638
microfinance,33639
20ou21kgdeferrail,33640
repwar15,33641
jyconnaisrien,33642
utilib,33643
gennevillier,33644
ladroguecestmal,33645
showroom,33646
edenpark,33647
ah15,33648
krantikaribahutkrantikari,33649
sabmilehuehai,33650
threeyear,33651
eja,33652
brussel,33653
nigeriafinest,33654
jenememoquejamai,33655
collecte,33656
jeuserieux,33657
hairspray,33658
viteunboucliermagique,33659
vivelesparisien,33660
ten,33661
crossover,33662
autokill,33663
cestpaslafeteduslip,33664
commeonditcheznou,33665
myaperomtp,33666
belhoucine,33667
pressday,33668
macroeconomic,33669
julieandrew,33670
megakiff,33671
keepcalmandcarygrant,33672
gw2,33673
biblehebraique,33674
peuplejuif,33675
ordrealphabetique,33676
ing,33677
bsa14,33678
jesuissansdieu,33679
coulibali,33680
cyberattack,33681
msante,33682
mhealth,33683
guestdj,33684
virusebola,33685
ferrandi,33686
hachette,33687
livredecuisine,33688
encyclopedie,33689
foodstylist,33690
ahmedmrabet,33691
autorite,33692
rivaniquetamere,33693
passiontarmac,33694
step,33695
alkayida,33696
alkayidadance,33697
yolomode,33698
terredehaut,33699
cyclofficine,33700
re,33701
geometrie,33702
claudya,33703
alliancedesbobo,33704
clinfoeil,33705
killzone,33706
blessingfriday,33707
liketkit,33708
elninohavuelto,33709
crdlt,33710
obesite,33711
agronomie,33712
plusqu,33713
chaletmontanum,33714
comprendre,33715
willycuicui,33716
fumetti,33717
corsera,33718
bestdisneyever,33719
dlp,33720
leshomme,33721
pasdeface,33722
alleevoustouchezlecul,33723
tweetuntrucfaux,33724
lebouscat,33725
fxcm,33726
forex,33727
faure,33728
britten,33729
liszt,33730
debussy,33731
elleestcharlie,33732
dollar,33733
epauledemerde,33734
passage53,33735
goodstuff,33736
mograph,33737
yoursong,33738
soja,33739
pourunjourdepaixcestmaintenant,33740
mimicombaise,33741
buenasuerte,33742
19moi,33743
15febrary,33744
netflixproblem,33745
indianfood,33746
jaimequandcamillecombal,33747
teamfayot,33748
tweetfragile,33749
charliec,33750
fracture,33751
stapsnante,33752
onestbienbienbien,33753
jeveuxpleinsdinfo,33754
2ccam,33755
triedeprintemp,33756
jetset,33757
reco2012,33758
ghosnapatra,33759
bjp4delhi,33760
etonleurapprendquoiaulycee,33761
parisgaredunord,33762
nervousak49,33763
reprisemuscu,33764
aprescharlie,33765
arret,33766
beaujolai,33767
cavapasetrefacile,33768
unedic,33769
awastyle,33770
imnotterrorist,33771
fqyhyhddhlyjddhglqtmshryh,33772
commentrentabilisersonag,33773
hp6,33774
ginolaforfifa,33775
toutgratuit,33776
tronco,33777
keli,33778
jesuischocolatine,33779
vendetta,33780
reaumur,33781
dieuexiste,33782
pokora,33783
danseaveclesstar,33784
milanatalanta,33785
psych,33786
ginola,33787
cnar,33788
raphaelentoven,33789
damned,33790
duchinoi,33791
vousavezpasautrechoseafoutrelatoutdesuite,33792
lespatescestlavie,33793
vieetudiante,33794
flemmedefairelescourse,33795
teambabypsg,33796
ouigitheodore,33797
scansport,33798
mef37,33799
felicanynou2015,33800
ledroitpourtou,33801
vivementcetete,33802
doublecheesebaconxxl,33803
wing,33804
coca,33805
jeveuxmafranchise,33806
bonneappetit,33807
toutdedan,33808
onlauracesemestre,33809
geaforever,33810
stbath,33811
chasseur,33812
montchavinlescoche,33813
salondeletudiant,33814
cestpasfrancai,33815
pauledgecomb,33816
thegreenmile,33817
walkingthemile,33818
johncofey,33819
likethedrinkonlynotspeltthesame,33820
jeveuxmonlit,33821
weekendentresoeur,33822
jesuischf,33823
novancia,33824
lesenfoire,33825
jesuisherme,33826
narcissismedelextreme,33827
loigayssot,33828
colombe,33829
coolbanner,33830
maker,33831
t2,33832
okkohotel,33833
teamthranduil,33834
jadorelesgrossourcil,33835
chezlouise,33836
justeunebolee,33837
samo,33838
leilashow,33839
snapquisertarien,33840
batemy,33841
guizmoemi,33842
mont,33843
backontour,33844
douilledusiecle,33845
glossybox,33846
bysmaquillage,33847
repasservie,33848
jesuisraef,33849
entretien,33850
carapuce,33851
point100millionsdemortsdupcfdepierrelaurent,33852
raefbadaoui,33853
droitshomme,33854
flagelation,33855
tmcinfo,33856
boubyfan,33857
dostoievski,33858
karamazov,33859
isf,33860
pme,33861
postecolombe,33862
nothelpful,33863
tamasha,33864
weareskiing,33865
commemabite,33866
disgrace,33867
maladedepuis3jour,33868
teamcharbuy,33869
vanessagreta,33870
gouvernementpakistanai,33871
soeuremmanuelle,33872
leila,33873
familyguy,33874
enfait,33875
voeuxeelv,33876
ltflldygyd,33877
developing,33878
dpfest,33879
mehaceneldiacuandoandoaburrida,33880
jesuischarby,33881
justeunesemainederetard,33882
90sstyle,33883
twitterfuckswithmyhead,33884
postbadyn,33885
elevatorpitch,33886
skywalker,33887
canthelpmyself,33888
producerproblem,33889
distillationlongue,33890
sceneggiata,33891
francesi,33892
svegliando,33893
toutoublie,33894
engaged,33895
ianandnikki,33896
autoventilation,33897
mmichallenge,33898
mmichallenge15,33899
mmichallenge2015,33900
mmichallengeyoloswagg,33901
lyceeturgot,33902
2nde,33903
osteoporosi,33904
osteoporose,33905
lacoursive,33906
libreexpression,33907
burbuja,33908
lot,33909
ben,33910
aujourdhuienfrance,33911
kalachnikov,33912
demontezlecetidiot,33913
statique,33914
rachi,33915
familybusines,33916
katemos,33917
icon,33918
harpersbazaar,33919
stevenklein,33920
garauxrepresaille,33921
torah,33922
century21,33923
amende,33924
lemalaise,33925
shinee,33926
ithinkyouneedahug,33927
liverc,33928
freetime,33929
johneledjam,33930
teamginola,33931
noussommesspi0n,33932
streetmarketing,33933
lastweet,33934
sevenstyle,33935
fdymlklkhrj,33936
shmslgny,33937
casentlefail,33938
civuoleunamazzatanta,33939
megachallenge,33940
enrouteverslagalaxie,33941
gefroi,33942
jaimoncanard,33943
newsmagazine,33944
coupdebalai,33945
mmmichallenge15,33946
lespiedsdansleplat,33947
stapsfamily,33948
charlotteroyale,33949
dessertdujour,33950
nemo,33951
confmlp,33952
revowleye,33953
newin,33954
shoesaddict,33955
must,33956
mmecosta,33957
specialt,33958
dirtymind,33959
foodlover,33960
psychology,33961
teampsycho,33962
pariscityhall,33963
travauxdhercule,33964
jesuisvinci,33965
brevetfrancai,33966
brevetmath,33967
brevethistoire,33968
goldorak,33969
corptech,33970
museemaillol,33971
ewelya,33972
spacebox,33973
perophile,33974
fuckyeaheconomy,33975
pediatrie,33976
mlkshutitdown,33977
rohhh,33978
cancerdusein,33979
giftshop,33980
bolognese,33981
hackfleisch,33982
pelra,33983
cabriolet,33984
loisir,33985
mimimi,33986
figeacaero,33987
oraldestage,33988
weedtime,33989
empanada,33990
tartiflette,33991
bacst2,33992
reverecauusality,33993
unberceausansbebe,33994
raggi,33995
s03e06,33996
bacst2sparcorrespondance,33997
letudiant,33998
justlikeme,33999
eleanorisbeautiful,34000
tuesmonfrere,34001
masseffect,34002
defimoscatoagnel,34003
sk1,34004
dioceseauxarmee,34005
ninoune,34006
monameestaudiablevendue,34007
tweetchaussure,34008
returntozero,34009
unnberceausansbebe,34010
nothuglife,34011
tunon,34012
bouger,34013
ungoutdavance,34014
changementdeplace,34015
gigabyte,34016
intel,34017
mainstage,34018
findestage,34019
geriatrie,34020
labellevielezintour,34021
mecanicvallee,34022
aerofonction,34023
toutcommenceaujourdhui,34024
cerisecmoi,34025
toocutenottopost,34026
imakid,34027
smokingiscool,34028
handballwm,34029
jaimepaslecafe,34030
incruste,34031
seego,34032
ijoy,34033
kalecig,34034
teamborgne,34035
pugno,34036
retrouvaillebi,34037
alqaidaauyemen,34038
eurchf,34039
jesuislaposte,34040
jesuispostier,34041
jesuisfacteur,34042
noussommesnigeria,34043
sweep,34044
eagasm,34045
ell,34046
onba,34047
montagebidon,34048
jouelacommemaillol,34049
santacruz,34050
5eme,34051
facetimeavecsoncheval,34052
desbouchon,34053
toutpeteren2015,34054
drenchedblack,34055
bee,34056
malmaison,34057
wink,34058
caca,34059
eschneketmat,34060
wemissyou,34061
apoyandoaclaraalonso,34062
weddingcake,34063
birthdaycake,34064
cakedesign,34065
traveler,34066
chiraqgangsquad,34067
crisp,34068
wanker,34069
yalavie,34070
suedoi,34071
s9,34072
roisdecontrebande,34073
fanfriday,34074
teamblatter,34075
jacobvip,34076
fashionfauxpa,34077
fatigueextreme,34078
balmain,34079
freebandz,34080
kungfucat,34081
5hourstogo,34082
fantasticfriday,34083
etoo,34084
muriel,34085
coda,34086
nocitiestolove,34087
bellecause,34088
lesud,34089
insuportable,34090
chappa,34091
maisboulotboulot,34092
pautypower,34093
remplissage,34094
mt,34095
familleformidable,34096
chakakan,34097
vivemcdo,34098
missserbia,34099
niklahaine,34100
diderot,34101
newrecord,34102
azgar,34103
lunsiselfie,34104
reconfort,34105
mateam,34106
mikadoking,34107
landsarkivet,34108
goteborgfilmfestival,34109
17h34,34110
monter,34111
17h25,34112
parissportif,34113
aaliyahday,34114
noyonenmouvement,34115
piratage,34116
littlebigtown,34117
yoursideofthebed,34118
duprogresetduconcret,34119
teamchevelu,34120
championesperon,34121
teamtco,34122
jeneveuxpasypenser,34123
geniale,34124
safaisplaisir,34125
copinedamour,34126
energiepompeeparcettesemainedepartiel,34127
phuket,34128
imaforum,34129
arotd,34130
theicekube,34131
fullspeed,34132
febuary3rd,34133
cip,34134
escrime,34135
alsacepower,34136
plusprochesquavant,34137
roadtodiamand,34138
sncfmonamour,34139
intercite,34140
nicemarseille,34141
streetzcalling,34142
motivationaumax,34143
teamsportif,34144
moc2015,34145
teamrac,34146
ffbeautiful,34147
soireetp,34148
bdp,34149
nantesvsmonaco,34150
midi,34151
enfantmalaime,34152
bouffehollandaise,34153
ptitpote,34154
victory,34155
teamedf,34156
geography,34157
courslesamedic,34158
enrouteversla5emeetoile,34159
represent,34160
blacklist,34161
veryhappy,34162
miamor,34163
ac9,34164
freeraifbadawi,34165
3alsakhramusivvideo,34166
wc2015,34167
charliedellta,34168
aquapoli,34169
welcomemaxwell,34170
frartc,34171
mariahcarey,34172
gstaad,34173
talon,34174
nguemo,34175
kutsalasaygiterorelanet,34176
fitnesscoupleworkout,34177
ladres,34178
orale6,34179
findelapremierepartie,34180
saperlipopette,34181
worldofwarcraft,34182
libatique73,34183
irom2000,34184
redeyessword,34185
bikini,34186
microblogging,34187
vinz,34188
brit5so,34189
maviecestdlamerde,34190
snowboardcros,34191
vieuxjeu,34192
3alsakhamusicvideo,34193
fideath,34194
petiterime,34195
negrita,34196
meetingindoor,34197
rcn,34198
pagefight,34199
19hruthelkrief,34200
blier,34201
bertrandblier,34202
viedeprepa,34203
negrz,34204
negre,34205
uvde,34206
chezclarisse,34207
mrtoad,34208
iamasingleman,34209
lesbrunesnecomptentpaspourdesprune,34210
beatmaker,34211
drumporn,34212
blangy,34213
pontleveque,34214
intercom,34215
ledehor,34216
virginie,34217
dv,34218
sparty,34219
bordeldemerde,34220
connasseperoxydee,34221
guigou,34222
jcef,34223
mrshaughton,34224
thebadweatherwasrightaboutme,34225
unamourdejeunesse,34226
bandederageux,34227
mercilessolde,34228
jesuisevelynedheliat,34229
muslimbrotherhood,34230
jabhatislamia,34231
skynewsshame,34232
ip,34233
dupremiercoup,34234
gangfamily,34235
plusqueladerneirede14an,34236
balckberry,34237
odebrecht,34238
nspg,34239
cestdelabonnegrossedaubequandmeme,34240
lesecho,34241
nikewomensclub,34242
mechante,34243
demidouverture,34244
grandesoeurintrusive,34245
jsf,34246
epuiser,34247
assisteddyingbill,34248
ajacf63,34249
gringe,34250
ilestdesnotre,34251
fachoton,34252
salonlyon,34253
ripbatterie,34254
entre,34255
philhar2015,34256
maisonangelinapari,34257
hotchocolate,34258
nadege,34259
research,34260
fautpasexagerer,34261
ffbiz,34262
speechwriting,34263
meugnon,34264
climberfamily,34265
premierrang,34266
boboland,34267
dinner41,34268
sadtobeallaloneintheworld,34269
setup,34270
elgato,34271
cordialement,34272
tropheerosesdessable,34273
teamfalcko,34274
poopoo,34275
depaysee,34276
economiecollaborative,34277
commeen98,34278
delapetitemidor,34279
viewfromthebalcony,34280
sequenceemotion,34281
grosdefaut,34282
e2mp3,34283
croisonslesdoigt,34284
prout,34285
callof,34286
colterr,34287
prixlucasdolega,34288
psothug,34289
bienvenuedanslexvii,34290
grandebretagne,34291
cameron,34292
sb29niort,34293
belge,34294
nonoparsaucombat,34295
frenchbook,34296
lexception,34297
dichosdemama,34298
selena,34299
mimilaplusforte,34300
soireequicommencebien,34301
puissantereflexion,34302
themod,34303
precatelan,34304
bristol,34305
u17nat,34306
jesuischarlieenretard,34307
nutellafestival,34308
conversationdanslemetro,34309
presidentobama,34310
denarg,34311
trainingcardio,34312
motivationplusquejamai,34313
classitude,34314
tatajiji,34315
babysittingnight,34316
tweetaperorep,34317
redheadsinpink,34318
urbanxplorer,34319
queenrih,34320
4jeunes1voiture,34321
momentdemaman,34322
k3g,34323
raisinghope,34324
najwakaram3alsakhravideo,34325
nioufff,34326
nomorefurever,34327
journeed,34328
madonneapd,34329
petitsein,34330
onsecomprend,34331
lgp,34332
teame,34333
epreuvescommune,34334
jesaisjesuistaree,34335
copieur,34336
zoukmachine,34337
maldon,34338
loading,34339
yasube,34340
paroledemoi,34341
mesmer,34342
dafuck,34343
ssh,34344
kastriert,34345
16mar,34346
boyscout,34347
lecoupdupatron,34348
weekcrazy1,34349
aintevencute,34350
tryingtogetfit,34351
disquettedebledard,34352
onfr,34353
vendredifail,34354
libreetassoupi,34355
coloc,34356
4month,34357
maistirezmoiuneballe,34358
camptic2015,34359
3alsakhravideoclip,34360
elhamduelillah,34361
rvproject,34362
nimesvafc,34363
5sofamily,34364
acoustic,34365
lacroisiere,34366
degrassi,34367
tantrum,34368
judgement,34369
parfaittoutca,34370
lucky,34371
rappeldujour,34372
dvdvoilavoila,34373
symphonynew,34374
clubpro,34375
dalsalille,34376
gq,34377
merciea,34378
magnific,34379
wec,34380
onroak,34381
ligier,34382
honda,34383
lmp2,34384
clubmate,34385
bionade,34386
camptic,34387
nba2k,34388
lssh,34389
lesstarssoushypnose,34390
pfcpsv,34391
tousapoil,34392
naturisme,34393
checkpointmessenger,34394
pblvenavance,34395
amiibo,34396
ezio,34397
scc,34398
preparationfutsal,34399
thomaner,34400
thomaskantor,34401
saintgeorge,34402
yseult,34403
shawnfirstalbum,34404
amavi,34405
bornic,34406
teampouceenlair,34407
benothmene,34408
lab,34409
pikachu,34410
capac,34411
askjai,34412
lctt,34413
tennisdetable,34414
ryan,34415
illuminatoo,34416
denosjour,34417
teamathee,34418
circo1,34419
dosbloque,34420
1songcoming,34421
fcgbnogcn,34422
nara,34423
sala,34424
bonweekend,34425
leb4,34426
gdbogcn,34427
crjb2014,34428
queenbert,34429
sonisphere,34430
brigadesud,34431
teamsegpaswag,34432
fcgnogcn,34433
olivierschwartzmemanque,34434
ctoutnou,34435
missionimpossible,34436
onafaitfortboyard,34437
nicoisetinvaincusenchampionnaten2015,34438
globalwarming,34439
spy,34440
jamaisduswagsuryoutube,34441
bordelaisetchampion,34442
heriosoffmusic,34443
tnporno,34444
hormonesenfeu,34445
unodinoi,34446
gomaretleolevraicouple,34447
tnac,34448
viedemerdecon,34449
starssou,34450
streets4kid,34451
openstreet,34452
servicepublic,34453
leroidelafrite,34454
declerq,34455
belgianfrie,34456
seule,34457
depressive,34458
kikoo,34459
zonerouge,34460
stkmixtape,34461
japrilbaby,34462
teamjokeezy,34463
coin,34464
fieredevou,34465
x6,34466
noncestfaux,34467
tuermoi,34468
challengecup,34469
profiton,34470
tuneup,34471
cubism,34472
patriciatourancheau,34473
ledakar,34474
ascension,34475
jlt,34476
laylasa3ida,34477
legarsrelou,34478
bethaniebos,34479
thirstyforzaddy,34480
brisonsaintinnocent,34481
minutechochotte,34482
josephine,34483
lesseigneur,34484
miyazaki,34485
empres,34486
nsm,34487
elleapasassume,34488
cetaitlemiensaussi,34489
tropdlove,34490
actionfroid,34491
instantfragile,34492
canova,34493
tropimpatiente,34494
lalune,34495
jesuischarie,34496
depart,34497
littlebigplanet3,34498
vendreditoutestpermi,34499
jal,34500
sistersanddad,34501
eliotheart,34502
tomb,34503
hypnose,34504
iwanthgtawmback,34505
duttvsvenden,34506
2ndphase,34507
daesh2en1,34508
luv,34509
ueule,34510
complicatedmachinery,34511
unmanque,34512
welldone,34513
classeslescopine,34514
lechoregraphe,34515
japanese,34516
loveyoutoo,34517
jesuislhumour,34518
playing,34519
boule,34520
badlife,34521
tapagenocturne,34522
nafnaf,34523
hdr,34524
eldiablo,34525
ffct,34526
dosseh,34527
enervement,34528
hightime,34529
thejudge,34530
jorislaglisse,34531
pissedoff,34532
greeneye,34533
minitiger,34534
swimmingpool,34535
clashcommesantana,34536
thenewyorktime,34537
as,34538
sefiesforaaron,34539
orient,34540
perse,34541
jaileclavieriphonemaispasdiphone,34542
refait,34543
halestorm,34544
wac,34545
nejielala,34546
got7,34547
marchedeslyceen,34548
fox,34549
sq2015,34550
bravolesbollossquiontpriscaaupremierdegresjevousaimepzsbandesdefilsdeputesbisou,34551
poignetmuscle,34552
leondebruxelle,34553
slaglr,34554
loosewomen,34555
journaldemerde,34556
bitchesclub,34557
gofio,34558
qualificationimperative,34559
s1final,34560
grosboulet,34561
devoirsa2heuresdumat,34562
readytosleep,34563
peuxpasrivaliseraveconfray,34564
alizee,34565
djalil,34566
onfray,34567
twitterkullaniyorumcunku,34568
nuitetbrouillard,34569
surflifesaving,34570
touristmode,34571
mahhairhasalifeofitsown,34572
michelonfray,34573
domperignon,34574
happybirrhday,34575
chalgoumade,34576
teamantichicha,34577
girlsnight,34578
ladie,34579
tvshow,34580
labeteimmonde,34581
asmontmarault,34582
jesuisflo,34583
flonoxxpasdechance,34584
asesperformance,34585
aucunrapport,34586
seancesdepommadesgauchiasse,34587
soireevoyage,34588
cavamachever,34589
chezlucile,34590
dogumgunu,34591
eaglecherrymarocco,34592
mojo,34593
bodega,34594
bestplaceever,34595
lougin,34596
vautourintello,34597
femen,34598
poyrazhapisdebuyumesin,34599
lolokiko,34600
poyrazbebekicin1imza,34601
lyciato200k,34602
hdhr,34603
nsyhthmyn,34604
lwqh,34605
teamescro,34606
undisputed,34607
ltg,34608
lbyd,34609
rkw,34610
boogiedown,34611
representative,34612
shapingdavo,34613
tressimple,34614
fakiller,34615
mymydmyldsyd,34616
cyngang,34617
danzakuduro,34618
enmodeespionne,34619
uknowwhatimean,34620
asroma,34621
garcia,34622
bitzer,34623
chattezer,34624
troudeballezer,34625
christophezer,34626
riendemieux,34627
mshrmlltklmny,34628
housemusic,34629
enttauschung,34630
alle,34631
arschloch,34632
roadtovega,34633
bytheway,34634
idol,34635
lamourdunemere,34636
julie,34637
celuiquimerendfollejecomprendpa,34638
lrtd,34639
arrieregrandmere,34640
mamiemary,34641
mamieawa,34642
laplace,34643
ouestlerepect,34644
mamiediaka,34645
trackstv,34646
writersdontsleep,34647
damienb,34648
incompetent,34649
quedemandelepeuple,34650
tweetvisaaaax,34651
jactancedebeurette,34652
logiquearchi,34653
fuckthismovie,34654
arnaldocalveyra,34655
photoshot,34656
bardock,34657
sangoku,34658
sangohan,34659
sangoten,34660
olivia,34661
airtrainer1,34662
laprochainefoisjeprendcequilfautetjeresteraidormir,34663
lesalgeriensdanger,34664
favouritemalesinger,34665
privateeye,34666
isle,34667
cherchelalogique,34668
grossehaine,34669
twitterverificationservce,34670
teamdeco,34671
riad,34672
irinashyak,34673
furcoat,34674
moulindelagalette,34675
lepic,34676
shellfish,34677
romancing,34678
harrysbar,34679
deephouse,34680
lescopin,34681
teamdeouf,34682
sallyjara,34683
nfi,34684
fubar,34685
oppafrigostyle,34686
manoeuvre,34687
fascislamisme,34688
teamg1ce,34689
enmodesolde,34690
bizzbee,34691
ouch,34692
braithwaite,34693
anticipo,34694
tellyourlife,34695
usd,34696
amonavi,34697
jourferiee,34698
preregionale,34699
trestresdur,34700
antinantai,34701
faugere,34702
tonyjudt,34703
islamism,34704
minnie,34705
berlioz,34706
g2,34707
urcuit,34708
enmodeonestzepodanslesalontranquille,34709
marcheauralenti,34710
pleyel,34711
ccncbn,34712
fauxnew,34713
grosbatard,34714
paiement,34715
minibus1,34716
interregion,34717
contenu,34718
lpl,34719
ogtv,34720
lavoix,34721
frenchlandscape,34722
centralboyssp,34723
gaylove,34724
gayhot,34725
gaysex,34726
gaysp,34727
gaybrasil,34728
gaysexy,34729
braziliangay,34730
glbt,34731
cherchezleserreur,34732
consommateur,34733
justicepouramine,34734
enroutepourlaqualif,34735
srfcasse,34736
flavien,34737
legecapferret,34738
convention,34739
ontheroadtovilleurbanne,34740
fnj,34741
fnj06,34742
jesuisthoma,34743
thugzor3000,34744
linecatcher,34745
freeride,34746
tousderrierevou,34747
crisedelacinquantaine,34748
reveiller,34749
carteheuristique,34750
weareskiffe,34751
evannalynch,34752
matthewlewi,34753
jurynho,34754
retweeet,34755
passagepommeraye,34756
jacquesdemy,34757
jdm,34758
universfearles,34759
scallison,34760
henriii,34761
ecouteclientneant,34762
primedefindemoi,34763
pognon,34764
timburton,34765
moment,34766
tempsdemerde,34767
vinzetlou,34768
newton,34769
amusezvousbien,34770
ohmycream,34771
abbesse,34772
ludovic,34773
tdu,34774
u19,34775
dhr,34776
placedesfete,34777
downtonism,34778
joyeuxanniverairedenitsa,34779
jesuisfrancoi,34780
sum,34781
questcequejefaisenprepa,34782
andlau,34783
mission,34784
clashofcivilization,34785
byebyebye,34786
populardemand,34787
peopleschoiceclassic,34788
levina,34789
lune,34790
standwithseaworld,34791
superpod4,34792
bestfandom,34793
dccomic,34794
puisaye,34795
7jour,34796
moosch,34797
cshmondeville,34798
gregplitt,34799
cominghome,34800
jenesuispasboutin,34801
grandrendezvou,34802
cheetah,34803
milo,34804
yukiseu,34805
ukis,34806
jun,34807
seuminternational,34808
littlethingsthatmakeadifference,34809
loveyourpicture,34810
snowball,34811
frerecassecouille,34812
mugcake,34813
jeanlouismurat,34814
thedelanoorchestra,34815
tempetesouslacouette,34816
noubliepasquejetaime,34817
creperie,34818
joepvanlieshout,34819
src,34820
teamzezette,34821
mhbop,34822
mirama,34823
graphic,34824
cumuldemile,34825
psgmerda,34826
pubz,34827
ford,34828
horoscope1901,34829
equipee,34830
wlydbdllh,34831
lswdywzbkstn,34832
lmntkhblswdy,34833
cortina,34834
auboutdemaviejediraimemeauboutdemamort,34835
n3,34836
100combine,34837
ud,34838
colortatoo,34839
hotgossip,34840
volume,34841
rockateur,34842
benefit,34843
kiko,34844
jesaisquetuverrasmestweetgrossepute,34845
fifa14withanderlecht,34846
lawstudentproblem,34847
batignolle,34848
busvert,34849
fler,34850
unpeudesmavecvotrecafe,34851
geoforever,34852
championshipsunday,34853
manifestationanticharlie,34854
libra,34855
coppa,34856
montdor,34857
lazysunday,34858
bourlange,34859
rofl,34860
riplacapone,34861
riplilsteve,34862
ripnuski,34863
jarretederaler,34864
jepeuxlefaire,34865
societedeconsommation,34866
tutesfaitddoscommeepsilon,34867
britsonedirection,34868
nouvelalbum,34869
theatreedgar,34870
jesuisliberal,34871
rousse,34872
retourdesbanni,34873
appetit,34874
instaeat,34875
liker,34876
mhmdldy,34877
snowpiercer,34878
joyeuxanniversairedenitsa,34879
tomutley,34880
beautedematl,34881
amnezia,34882
galaxie,34883
s5,34884
androidlollipop,34885
onp,34886
loo,34887
motsdoux,34888
sethgheko,34889
maiofi,34890
giovinco,34891
mablaguepreferee,34892
kabylie,34893
mayrdeeuh,34894
eminen,34895
nanteuillesmeaux,34896
thliechtensteingiveaway,34897
defaite,34898
hood,34899
casestudy,34900
iwokeuplikethi,34901
healthyliving,34902
getrma,34903
lhommeaubobzeh,34904
takeabribe,34905
decheance,34906
eveninginpari,34907
totoporn,34908
auntie,34909
granny,34910
fclorient,34911
mannheimgram,34912
maddieziegler,34913
amnesie,34914
getafereal,34915
askboib,34916
saurelteam,34917
globetrotter,34918
atlasnanterre,34919
ceuxquisontnesdanslesannees90,34920
macbeth,34921
mnouchkine,34922
theatredusoleil,34923
50an,34924
uze,34925
studioghibli,34926
levoyagedechihiro,34927
spiritedaway,34928
forceatoirenoi,34929
lmx,34930
notrevilleadutalent,34931
buramaon,34932
lanrj,34933
explicitlyric,34934
megamenu,34935
leovaradkar,34936
alkohol,34937
ende,34938
entzug,34939
schlussmitalkohol,34940
lineplay,34941
lustige,34942
wochen,34943
noalcol,34944
rimk,34945
arlettegrus,34946
petitbebe,34947
bordeaux7,34948
teambadgone,34949
ilovefood,34950
amalgamelitteraire,34951
codesport,34952
askaoki,34953
hayaomiyazaki,34954
vousetestousbeau,34955
yz125,34956
ilsnousrendfiersdetreseptieroi,34957
rmd,34958
gaumontmultiplexe,34959
pilote,34960
noragemaisunpeuquandmeme,34961
teamcapvert,34962
tuncap,34963
happybirthdaykevincostner,34964
smashbro,34965
escalade,34966
wantone,34967
ameti,34968
islamofacho,34969
fabrezan,34970
laznap,34971
getvsrealmadrid,34972
barisdalmi,34973
nazimolmez,34974
mieuxquebfm,34975
niqueladistance,34976
royaume,34977
dl1,34978
benzema,34979
atrium,34980
europeantour,34981
hsbcgolfchampionship,34982
oreocandir,34983
soulee,34984
ndlv2015,34985
freakz,34986
ginko,34987
keryadohood,34988
collection,34989
lemondederiley,34990
toursfcasse,34991
teampouletcurry,34992
cape,34993
shabtoune,34994
steppereffect,34995
lespdcestcon,34996
leclassicaletatpur,34997
eggsbenedict,34998
jeveuxlaperche,34999
mauvaistemp,35000
negoirp,35001
yes,35002
unbijou,35003
jardinierautop,35004
dont,35005
spoil,35006
1500m,35007
saintaubinvsguadeloupe,35008
bestgiftever,35009
jesuisjunglebeat,35010
pasdamagame,35011
raisongardon,35012
odioperilbene,35013
ego,35014
jesuisattitudadjustment,35015
desoleevian,35016
madeinmontreuil,35017
barbosa,35018
coursdesport,35019
sabaly,35020
eldintime,35021
fjbb,35022
teamgwendal,35023
lestoulousain,35024
traningtime,35025
thermomix,35026
sims2,35027
sim,35028
sup,35029
lazio,35030
stillontheway,35031
yepa,35032
psgevian,35033
enjoyyoursunday,35034
colper,35035
jesuistropvieuxetimmature,35036
atlantic,35037
coast,35038
hamburge,35039
lswdykhrjlasywy,35040
unapologetic,35041
iletaittemp,35042
alpiniski,35043
descente,35044
championne,35045
teamab,35046
spf,35047
stherblain,35048
score,35049
calasima,35050
veratti,35051
taylormeetalex,35052
matchdefou,35053
blatterout,35054
virerlaurentblanc,35055
vegetable,35056
incivilite,35057
eluparisien,35058
ripasapyam,35059
vanderwiel,35060
lamecque,35061
uscusap,35062
trunkstory,35063
tmnt,35064
bourgesbasket,35065
alleztango,35066
lefa,35067
parisglace,35068
truemusic,35069
kolsch,35070
homeworktime,35071
courseulle,35072
verbier,35073
womenwhomovemountain,35074
adapt,35075
norway,35076
frogpub,35077
bercyvillage,35078
milata,35079
say,35080
boetie,35081
lendemaindecuite,35082
asteroid,35083
earth,35084
bonneaction,35085
teamfeuj,35086
natation,35087
elijah,35088
bose,35089
comingverysoon,35090
ph,35091
partile,35092
ijadanslecoeur,35093
histoiredudroitdansmesreve,35094
limmon,35095
toiaussiditquelquechosedontlesgensnontnenrienafoutre,35096
roughtrade,35097
grossejournee,35098
usalmr,35099
glamhr,35100
acidbabyjesu,35101
whuhul,35102
printempsculturel,35103
fatnes,35104
bourgoinjallieu,35105
12thman,35106
asapmob,35107
cn,35108
sosracismemoselle,35109
shinning,35110
loindescopine,35111
raec,35112
heist,35113
proximusleague,35114
fownewsfact,35115
rtl9,35116
vanderweill,35117
noceocou,35118
musicosfamily,35119
blaguedelajournee,35120
etho,35121
galerieitinerrance,35122
liquidspirit,35123
matuidi,35124
akadem,35125
menage,35126
rail,35127
brosseausifreddi,35128
mcfcafc,35129
checkin,35130
gewonnen,35131
completementraid,35132
jenjoui,35133
hosgeldin,35134
unarbitreenligue1,35135
federale2,35136
verrattiseregale,35137
sweetsunday,35138
jesuisjane,35139
scottishfold,35140
stretching,35141
artscene,35142
ustour,35143
olalbi,35144
tweetdecollegien,35145
depuistadisparucommelesclown,35146
asterixetobelix,35147
jamel,35148
parevi,35149
teamolfeminin,35150
olalb,35151
secanta,35152
bouled,35153
traumato,35154
migaud,35155
qsg,35156
thugglife,35157
afriquenoir,35158
filleule,35159
atalantamilan,35160
hg1,35161
parismeltingspot,35162
tetedecul,35163
filmdhorreur,35164
manicmonday,35165
pokemonx,35166
allhaillesfrite,35167
slow,35168
pleasereleaseme,35169
famiglia,35170
italiana,35171
rugbyleague,35172
rugbyunion,35173
russiefrance,35174
asmfamily,35175
nca,35176
alsacien,35177
photoshopmix,35178
incoherence,35179
urologie,35180
europeanrugbychampionscup,35181
bath,35182
christmas2014,35183
jesuispegida,35184
casentlaconnerie,35185
ellevousmanquait,35186
mancvsar,35187
lecoeuralouvrage,35188
atheisme,35189
nicefrance,35190
jaitroplafleme,35191
ecouflant,35192
jlakiff,35193
connexionencarton,35194
malaucoeur,35195
allolessupporter,35196
croissant,35197
fucklove,35198
paradiski,35199
kindarena,35200
sporouen,35201
atletigranada,35202
sheiscrying,35203
realtear,35204
gaufre,35205
waffle,35206
facade,35207
petrolstation,35208
10eme,35209
venturing,35210
winebusines,35211
alamaison,35212
lenlevementdessabine,35213
dimanchepluvieux,35214
dimancheposey,35215
stvsbath,35216
dimmilatuapoesia,35217
shelley,35218
cenci,35219
schweis,35220
laufen,35221
laufsport,35222
lescarnetsdejulie,35223
ocalanaozgurluk,35224
legsday,35225
hardtime,35226
mucle,35227
beatsmixr,35228
kifftasyna,35229
usml,35230
allezagen,35231
smrsua,35232
etenfaitalafin,35233
studying,35234
nikesbtrainerendor,35235
pasevidentpourtoutlemonde,35236
hbc,35237
rignac,35238
sonntag,35239
krankenhau,35240
brosel,35241
werner,35242
perdue,35243
mcfcvafc,35244
tarnetgaronne,35245
montastruc,35246
gaillardou,35247
notrejardin,35248
mciar,35249
teamblackcat,35250
allezrenne,35251
insolite,35252
stlazare,35253
zamrdc,35254
estacfcsm,35255
gerru,35256
gtr,35257
greaselive,35258
xmenapocalypse,35259
cabiche,35260
amneville,35261
klay,35262
gymface,35263
maisonsdumonde,35264
due,35265
screen,35266
missprestigenational2015,35267
government,35268
selma,35269
giverny,35270
claudemonet,35271
nymphea,35272
ilenfautpeupouretreheureux,35273
noussommesun,35274
gamf,35275
mciasr,35276
comeongunner,35277
onnechangepasleshabitude,35278
allocine,35279
zamcod,35280
jamaissanstoi,35281
soisson,35282
ovsm,35283
32emedefinale,35284
nvxadherent,35285
only,35286
vff,35287
u19elite,35288
wip,35289
study,35290
yojishinkawa,35291
petitecoupefraiche,35292
bigmama,35293
megabigmama,35294
photovvt,35295
backdoor,35296
teamcoco,35297
usldrcl,35298
gambard,35299
toubat,35300
rcsl,35301
jeveuxuncalin,35302
jesuisdeputemairesenateurpresident,35303
lacolombeforever,35304
trasher,35305
moscatovsagnel,35306
animalabuse,35307
nohayvueltaatra,35308
mamiecougar,35309
negresco,35310
lakeleman,35311
lacleman,35312
vevey,35313
quaisdeseine,35314
tigre,35315
marseillebynight,35316
chance,35317
ravel,35318
jesuisconfused,35319
equipetype,35320
gardestesamispresdetoi,35321
diyblogger,35322
bloggerswanted,35323
mondiaux,35324
lasciencepourtou,35325
choixdemerde,35326
connarddefooteux,35327
saintmarcel,35328
pepojairienfait,35329
jenesuispaschristine,35330
oilprice,35331
petrolfiyatlari,35332
tersfiyatsoku,35333
teamtheix,35334
ouestlinfo,35335
scorefleuve,35336
orne,35337
10cm,35338
calinforever,35339
maserati,35340
s,35341
bolasie,35342
worldheritage,35343
teaminfirmiere,35344
picassoeatyourheartout,35345
theshard,35346
thewhisperer,35347
tiad,35348
cityar,35349
kizypassionschyzophrenie,35350
onmyway,35351
onveutdelaneige,35352
cameroon,35353
liberezstmax,35354
djamel,35355
hostin,35356
tweetecommeedwy,35357
coeursurtoikev,35358
montecitorio,35359
gasparri,35360
lavoltabuona,35361
humanressource,35362
ruquiergrosencule,35363
sharing,35364
egyfra,35365
freemorgan,35366
desdondonsbiengoinffree,35367
cazorla,35368
somhi,35369
ranger,35370
mclarenp1,35371
youth,35372
follownousbertrand,35373
fichievoiture,35374
chanceux,35375
gasparrifuoridatwitter,35376
gasparrifuoridalparlamento,35377
gasparrifuoridalsenato,35378
gasparrifuoridatutto,35379
gasparrifuoriditesta,35380
achetedesneuronessurebay,35381
jetsetterlife,35382
gourdasse,35383
familyiseverything,35384
punaisetumedonnesfaim,35385
jeanreno,35386
natalieportman,35387
gogunner,35388
numerouno,35389
teechodemeno,35390
cuidate,35391
3gfan,35392
methodecoue,35393
fraegy,35394
razziabatlle,35395
cometesmeudon,35396
coqscourbevoie,35397
worldcup2015,35398
onsarretepa,35399
teamjetailleduboi,35400
oxymorique,35401
teamtn,35402
bleuetfier,35403
nefairequun,35404
jkiffsesurnomchzpaspk,35405
williana,35406
jesuisheureuxetjevousaimetou,35407
conormcgregor,35408
lovelyon,35409
ahahahahahaha,35410
latriadedetoutesleshorreur,35411
timetogohome,35412
lwtnlrby,35413
depfcb,35414
happybirthdaymuhammadali,35415
knb,35416
mercipourtout,35417
lhmdllhkthyr,35418
leducationmanquecruellement,35419
sefaireenculerlegraet,35420
onadesbeauxyeuxdefectueux,35421
jesuiscoquinou,35422
referee,35423
soeurdesang,35424
specialedemilovato,35425
handballworldchampionship,35426
aigle,35427
dreamperspective,35428
specialdemilovato,35429
toutpeter,35430
bossyboot,35431
cecinousavalluunbonpetitfourire,35432
specialedemilovatonrjhit,35433
leslunettesdenba,35434
bapevachat,35435
hxh,35436
3poumon,35437
theartof,35438
traanq,35439
supeertweet,35440
jameldebbouze,35441
amuse,35442
pensedujour,35443
unemerveilleusehistoiredutemp,35444
ptdrrrtescon,35445
conseilnational,35446
we,35447
monmatchom,35448
lmde,35449
godisgreat,35450
unhommecomble,35451
rm92tre,35452
vapeexpo,35453
portedeversaille,35454
touchant,35455
diva2,35456
helikoptereltern,35457
revine,35458
isacelliotfollowspree,35459
daruma,35460
dunedupilat,35461
parissaintgermain,35462
igfmidiminuit108,35463
filsdepub,35464
licencedroitetscienceseconomique,35465
disxhuitan,35466
reequilibrage,35467
gobleu,35468
tropdesanctiontuelasanctiobn,35469
reequilibragealimentaire,35470
1smariah,35471
aula,35472
sorrymom,35473
dansefescanard,35474
lachenille,35475
pousselananasetmoultlecafe,35476
tuncpv,35477
specialejustinbiebersurnrjhit,35478
coupedumondedehand,35479
jevaistuerqq,35480
humourdecoiffeur,35481
specialejustinbieber,35482
byebyel,35483
wolvesforever,35484
steack,35485
frite,35486
fantaorange,35487
boisson,35488
capvert,35489
teamcrevard,35490
lespinguin,35491
dominoday,35492
veryhappyme,35493
cuiseurariz,35494
libertadespressione,35495
piemonte,35496
jaimemescour,35497
rtprecedent,35498
thescriptbestfans2015,35499
triplealliance,35500
camedown,35501
tweetattrapecapverdienne,35502
getfcb,35503
rebeuforlife,35504
rabzao,35505
noeudpap,35506
psychologique,35507
laponie,35508
ineedaglassofchardonnay,35509
metzpari,35510
mixersloveyouperrie,35511
cocojet,35512
chillin,35513
valentinporte,35514
tesdevenupdcommempokora,35515
pourkoitan2volumevelu,35516
tweetefaux,35517
pm,35518
inu,35519
greendrive,35520
greenattitude,35521
mdspirit,35522
bbgchallenge,35523
discountlefilm,35524
gueulefracas,35525
kandk4pacsun,35526
publiciscinema,35527
concepto,35528
forceur,35529
ideedujour,35530
crossfaith,35531
coldrain,35532
thisislove,35533
dataconnexion,35534
5hfanuaryday18,35535
elcanardo,35536
pogboum,35537
qwlwnshllh,35538
pixelart,35539
gate,35540
harper,35541
onesmyfavoritefilm,35542
corbar,35543
tot,35544
mkl86,35545
sundaymarcel,35546
intemperie,35547
uglytruth,35548
jesuisimbula,35549
jamaisvu,35550
messitriple,35551
tresbonweekend,35552
directiondubati,35553
teammarcheapied,35554
deuxsoeurspourunroi,35555
cafeetpetitsgateauxdenoel,35556
enroutepour25an,35557
forcaom,35558
jeanjouzel,35559
mojito,35560
djmag,35561
monfilmculte,35562
defune,35563
teampari,35564
objectifmontee,35565
vitele27,35566
auditt,35567
capete,35568
journeedifficile,35569
wonderland,35570
frenchtouch,35571
whatsonmyphone,35572
amy,35573
shamyforever,35574
irmadeoutramae,35575
melhordetoda,35576
papamaman,35577
fakircountdown,35578
fullofcold,35579
cdwm,35580
tariffadiga,35581
iloveyousomuch,35582
eurosporttenni,35583
bestcornerintheleague,35584
ppaeb,35585
pleinlagueule,35586
tousfrere,35587
disneychannel,35588
katewinslet,35589
multiplexpolitique,35590
lorne,35591
bassenormandie,35592
number7,35593
ballislife,35594
winstub,35595
vaaumarche,35596
musicblog,35597
chacunsanotiondeverre,35598
in1month,35599
hollyday,35600
february,35601
routes28,35602
realisenotrereve,35603
kanzi,35604
animalrecord,35605
audioblog,35606
oissel,35607
seinemartime,35608
a1528513,35609
onterespectepluscommedorian,35610
horairesdelasemaine,35611
maluma,35612
raggaeton,35613
hlkwny,35614
alessandrini,35615
gossima,35616
reddistrict,35617
heldon,35618
tahiat,35619
seetherealme,35620
fantastica,35621
seganord,35622
dimenticanotutto,35623
bossi,35624
iltrota,35625
borghezio,35626
calderoli,35627
miglio,35628
ljyshlslwmywltsktywhd,35629
sodevasted,35630
tuparlaispasdemoi,35631
teampatriot,35632
edgard,35633
morin,35634
jenesuispascyril,35635
nfcchampionship,35636
flemmdesgenscommesa,35637
pfffffff,35638
flemm,35639
masala,35640
epice,35641
tri,35642
rangement,35643
bravoapple,35644
isba,35645
eiffeil,35646
toureiffeil,35647
rapp,35648
gothika,35649
cestlapub,35650
questcequonafaitaubondieu,35651
laon,35652
sexualorientation,35653
thauvin14,35654
hushedwithjake,35655
lineup,35656
jone,35657
desgarsdubtp,35658
arbitragedemerde,35659
supercrayon,35660
vergonha,35661
ripyam,35662
viedeprof,35663
hiverdemort,35664
guyane,35665
apresleffortlereconfort,35666
sundaykindoflove,35667
emojiquifaitundoigt,35668
indonesia,35669
interception,35670
blondiebeauty,35671
tresbeaugeste,35672
bellevideo,35673
cestnimp,35674
eagom,35675
laviedadele,35676
pasdecidedutout,35677
bonnie,35678
ginny,35679
offmaispourdevraicettefoi,35680
arg,35681
caze,35682
rivesalte,35683
pascher,35684
tesmoncrush,35685
tweetflou,35686
bonassesdu75,35687
kayser,35688
nabraskauniversity,35689
philippeconticini,35690
lapatisseriedesreve,35691
pau1er,35692
bo2eme,35693
koople,35694
ouigo,35695
admiratif,35696
tuchepourun,35697
tuchepourtou,35698
misspoisse,35699
juliotavare,35700
coachsportif,35701
jaimeleski,35702
dimadjazair,35703
teamaboudiaby,35704
jsspascommecaenvrai,35705
teambarbe,35706
teamtupeuxpasmarnaquer,35707
hashtagtropdemalice,35708
teamtorre,35709
tweetcommeunhetero,35710
pertedetemp,35711
nosen,35712
freestylelibre,35713
capitainetrain,35714
bestpicturefornash,35715
teamkaari,35716
mutation,35717
migration,35718
qualitedevie,35719
autelephoneavecdoudou,35720
traire,35721
vache,35722
beauvueenequipedefrance,35723
agressionsexuel,35724
alerteaumeteorite,35725
acaen,35726
amenomen,35727
lpm,35728
whereisrespectplease,35729
michyyyyy,35730
pastorelegenie,35731
tweetcommemoh,35732
lefootduterroir,35733
cscommemongrandfrere,35734
placedelacathedral,35735
okay,35736
team1m60,35737
platon,35738
embrouillemcdo,35739
lemina,35740
ahoknou,35741
plexi,35742
heel,35743
instashoe,35744
loveheel,35745
flandre,35746
vavel,35747
leminaderange,35748
toutchange,35749
americansniper,35750
18fevrier,35751
gigi,35752
gignacderange,35753
jesuismarcelobielsa,35754
tokobosouso,35755
fiji,35756
samoa,35757
greenbay,35758
marseillaisajamai,35759
teamcffp,35760
ghvip,35761
leyton,35762
loisdemurphy,35763
fanni,35764
markronson,35765
audette,35766
grosseforceuse,35767
ark,35768
freakymoment,35769
jdjdr,35770
chiffre,35771
applicanal,35772
anotherlove,35773
teamrabeha2017,35774
centealisation,35775
aviationcivile,35776
leroidesbatard,35777
memeloinilmefaitchier,35778
tafftropbien,35779
lifeabroad,35780
10thing,35781
janowicz,35782
xfilesreboot,35783
nickelodeon,35784
penseepourosmanovski,35785
longliveasap,35786
blackeysbw,35787
islamoopresident,35788
tuto,35789
glambert,35790
fucklescour,35791
cfcrossuns,35792
simple,35793
unforgettablemoment,35794
pinto,35795
pouyanne,35796
papalvisitph,35797
poisseman,35798
meufvenerebelike,35799
misiquedumoment,35800
blackhole,35801
ultrasom,35802
mylike,35803
blackkent,35804
salonmusical,35805
19mars2014,35806
jesuiscatherinedeneuve,35807
feedthebeast,35808
phc,35809
mychennai,35810
afterrmc,35811
ilovekeen,35812
ilove,35813
abdou,35814
teamafrica,35815
camer,35816
galsen,35817
cortex,35818
margauxderoy,35819
dynamicradio,35820
fifou,35821
lachichavanttout,35822
condescendance,35823
alepoquederichard,35824
coralieboulet,35825
quandlesbellesmeressinvitent,35826
vismaviedetudianteenlangue,35827
bofinger,35828
dining,35829
goradonosti,35830
mortecouille,35831
violent,35832
affrontebruce,35833
cczlive,35834
humourdeprodentaire,35835
beyondtwosoul,35836
onsemotivecommeonpeut,35837
urbanstate,35838
tatajacquelinetefaitdegrosbisou,35839
francoisethyrion,35840
mettezpasdevent,35841
courtyard,35842
carnavalet,35843
sculptor,35844
rollercoasterofveryobviousfeeling,35845
princecharmingdoesexist,35846
arrivedoncloudnine,35847
cullinan,35848
pariasian,35849
azn,35850
winetasting,35851
corkchair,35852
georgefive,35853
thatsnotthespirit,35854
sinidentidad2,35855
toomuchlove,35856
gamesofthrone,35857
teamhitch,35858
recamier,35859
creepy,35860
greatgift,35861
tldr,35862
17matchs17final,35863
gerland,35864
perfectman,35865
s2e3,35866
snowqueen,35867
gevreychambertin,35868
poster,35869
violletleduc,35870
architect,35871
videdressing,35872
sketch,35873
letter,35874
skyler,35875
brba,35876
gargoyle,35877
beautyaddict,35878
lemondegate,35879
reliquary,35880
crownofthorn,35881
secretpourpersonne,35882
bugtwitter,35883
dybala,35884
okcvsmia,35885
9gag,35886
oooooff,35887
courdesmiracle,35888
conspiron,35889
muyambo,35890
makala,35891
potu,35892
sotu,35893
elephantinroom,35894
findetoi,35895
lechamgementcestmaintenant,35896
driesvannoten,35897
observatoirelaicite,35898
swaroski,35899
auchandrive,35900
mic,35901
lq,35902
instagoodmoment,35903
protagonista,35904
50shade,35905
insomniebonjour,35906
noussommeenhiver,35907
manufansle69,35908
nicolascadene,35909
bleunoir,35910
lutzbachmann,35911
conferenceclimat,35912
rtl7h,35913
bambi,35914
tropdelevel,35915
cravate,35916
petitebottineoklm,35917
compliment,35918
snowday,35919
repondezoh,35920
svt,35921
bj,35922
aroundtheworld,35923
eternety,35924
2eme,35925
acteur,35926
happyhugsday,35927
mythe2,35928
nodiscount,35929
sciencefiction,35930
soundoftheday,35931
jnyf,35932
swysr,35933
ikilledlogic,35934
coldinfrance,35935
enregistrementok,35936
ninaud,35937
sevre,35938
fatiguepreexam,35939
3minutespourcomprendre,35940
quelqcon,35941
alimentation,35942
hugday,35943
teamneige,35944
ayrault,35945
tristemaisvrai,35946
timetowork,35947
bigfloetoli,35948
camareveille,35949
canton,35950
futurscorsese,35951
journeemondialeducalin,35952
notobsessed,35953
janze,35954
chuckmovie,35955
maviedecelibataire,35956
shootnhssacredcow,35957
shootacademicsacredcow,35958
filibustering,35959
spielberg,35960
jesuisdoge,35961
buendia,35962
jaitoutclassedansmonbureau,35963
jadoremonmetier,35964
jadorelabu,35965
jadorelarepro,35966
capuccinodumatin,35967
universitesdetechnologie,35968
pornsky,35969
lesarcadesale,35970
loveandmis,35971
powerpatate,35972
educ,35973
causesofecwar,35974
hugday2015,35975
ennuichronique,35976
calinou,35977
freehugsday,35978
arewesecure,35979
digitaltransformation,35980
saisie,35981
projetcitoyencooperatif,35982
hubday,35983
predictions2015,35984
googleacademie,35985
sauve,35986
likeaglacon,35987
sortiedelanneepourlesvieux,35988
jef2015,35989
auditsecurite,35990
educationtechnologique,35991
galchenyuk,35992
ilesttoutmimimonpadawan,35993
topmodel,35994
departdudre,35995
tropmange,35996
tropbu,35997
lerouge,35998
cosmo,35999
54cafe,36000
quiquenveutpointcom,36001
bvngbvng,36002
paris05,36003
winnipeg,36004
teamjuliendore,36005
ongwen,36006
lra,36007
lasaisonapproche,36008
fautsavoircequonveut,36009
pulkkinen,36010
nyquist,36011
applause,36012
blase,36013
digitalnative,36014
chezjeannette,36015
lesgrassesmatpourtou,36016
nssommescharlie,36017
journeeinternationaleducalin,36018
wantedliam,36019
msieurlejugecestluiquiacommence,36020
bernardosilva,36021
jupiterascending,36022
petitplaisirsimple,36023
echange,36024
obksession,36025
sayye,36026
bonnejourneeannoncee,36027
unpeudedouceur,36028
effare,36029
credit,36030
16andpregnant,36031
journeedescalin,36032
baymaxhug,36033
louisxvi,36034
ardeche,36035
journeeducalin,36036
jeboycottele20heuresdepujada,36037
quimaimemefuit,36038
solidari,36039
quellefaute,36040
maydayvol,36041
halde,36042
ilovemohammad,36043
underwear,36044
cestdubeau,36045
unioneuropea,36046
mammamia,36047
entrecopine,36048
saveriahostache,36049
cestbeauderevermarine,36050
malien,36051
rip1dcrew,36052
storytelling,36053
iletaitunefoisunestartup,36054
pointlobbying,36055
directpm,36056
polack,36057
pepito,36058
nuitdelavoix,36059
tybalt,36060
2day,36061
nantes3,36062
vagfm,36063
jesuisunez,36064
aldebaran,36065
robot,36066
excusenou,36067
tutefaiscramer,36068
teamlechecul,36069
pornstar,36070
seuldieupeutmejuger,36071
cafaitflipper,36072
jesuisteton,36073
socialun,36074
diamondsareagirlsbestfriend,36075
neophyte,36076
louvreeveryday,36077
teammu,36078
lachanceenpartage,36079
foxcatcher,36080
pretok,36081
fcnwinner,36082
noequalitybetweenblackwhite,36083
toursasse,36084
museumfact,36085
childright,36086
nollywood,36087
aliismailkorkmaz,36088
fipa,36089
museumbranding,36090
pepper,36091
atelieraldebaran,36092
iminmisery,36093
placechibredansunnomdefilm,36094
fuckjetlag,36095
24mai,36096
maroonvtour,36097
preparationdetd,36098
langon,36099
rme,36100
adrenalina,36101
inception,36102
olnblankspace,36103
thriller,36104
imagineyoursexlifewithaband,36105
pids2015,36106
overexcited,36107
rivalseurotour,36108
describeyoursexlifewithaband,36109
galeredumercredi,36110
par,36111
galeretransportencommun,36112
hugeveryone,36113
zzzzzzzzz,36114
lhumanitecetuniverspourri,36115
lorientmonaco,36116
fclasm,36117
renseignement,36118
forumathlete,36119
maletear,36120
whitetear,36121
bisouspourtou,36122
adviennequepourra,36123
camenerveuhhhh,36124
lafamillecestsacre,36125
tate,36126
capitaldedonnee,36127
datavalue,36128
smartlife,36129
l12cdl,36130
l12cdm,36131
fiertenormande,36132
reflexive,36133
connecte,36134
fausemesure,36135
weloveshawn,36136
publicsenat,36137
hh7,36138
tfcasse,36139
teamtwingo,36140
broachurch,36141
razor,36142
lislesurlasorgue,36143
meteoalacarte,36144
eff,36145
ernee,36146
freehug,36147
zikhs12,36148
jecomprendstktjesuispareil,36149
sodaprime1,36150
notesdepartiel,36151
redoublement,36152
isil,36153
toeic,36154
mixage,36155
docu,36156
solar,36157
cud,36158
furhag,36159
furfreeforever,36160
somosimparable,36161
somosguerrera,36162
gaucheopportuniste,36163
mixtape,36164
tunechi,36165
huggingday,36166
pauvrejeezy,36167
sober,36168
lefrancaisensarre,36169
pktumappellespa,36170
pauvrelouisxvi,36171
vamosrafa,36172
maire,36173
laviechangeavecorange,36174
recycling,36175
decheterie,36176
buddha,36177
volunteering,36178
opportunitie,36179
wildlife,36180
volunteer,36181
lovaticsfamilly,36182
rafa,36183
ultraslanguneyfransa,36184
lafrancedusoussol,36185
charliedessurvivant,36186
npp,36187
sergio,36188
blankoc16,36189
navrant,36190
chateletleshalle,36191
klinou,36192
dossanto,36193
bismuthaujtde20h,36194
israelavantisrael,36195
lesroyalistesdeshommesdesvrai,36196
teestasjugandounacolleja,36197
eresodioso,36198
cacao,36199
menswear,36200
mccafe,36201
mcdonaldsfrance,36202
sonia,36203
chaaaaaat,36204
sarcasm,36205
faktastisch,36206
cepaysquonabat,36207
dvdvoilavoilazenithtour,36208
vacacione,36209
cph,36210
mourirsupergro,36211
dablife,36212
onanotherlevel,36213
2lifted,36214
freebandzgang,36215
sosbouton,36216
solidaireaveclebouton,36217
tarplulageophysique,36218
alexislegrand,36219
sethgueko,36220
lanaparrilla,36221
phobieadministrative,36222
whitebird,36223
lukegrime,36224
180gpizza,36225
hach,36226
presidentiable,36227
kanyama,36228
mondeville,36229
lavande,36230
manifestent,36231
businessschool,36232
grandeecole,36233
emstrasbourg,36234
regimetotalitaire,36235
moijietai,36236
gueuledemerde,36237
barreau,36238
museumco,36239
maudit,36240
neezymetre,36241
lzv,36242
paragard,36243
lesmarseillai,36244
keen,36245
mauditsalaud,36246
nationalhugday,36247
bricolagepeople,36248
etredanslamerde,36249
level,36250
nrg,36251
joiesdelacoloc,36252
baston2regard,36253
cartedevoeux,36254
livredelajungle,36255
solennelle,36256
teamgroslard,36257
bessatx3,36258
raser,36259
liamadisparucommelacarrieredemaude,36260
paslecourage,36261
internationalhugday,36262
mondiauxdefreestyle,36263
racismeordinaire,36264
cchpower,36265
quandonparleduloup,36266
enfermer,36267
agentdecomdegreoudeforce,36268
swaggdeslunettesauxnene,36269
baptistelecaplainsetapelaffiche,36270
badguy,36271
meche,36272
ciutatmorta,36273
groscalinsttlesjoursacbbjojo,36274
lebonheur,36275
malikselaraconte,36276
captainamericacivilwar,36277
teamlolo,36278
logiquesocialiste,36279
flexea,36280
dolenio,36281
structoflex,36282
osaflexan,36283
voltaflex,36284
jurpk,36285
savrmc,36286
fullsupport,36287
testropfort,36288
potterheaduntiltheveryend,36289
midemlab,36290
guerriere,36291
jycroi,36292
sansmotivation,36293
economiecirculaire,36294
poma,36295
satc,36296
lovetour,36297
tropdestyle,36298
humanitarian,36299
tgv8432,36300
magistrat,36301
elevage,36302
sensual,36303
redlip,36304
nourriture,36305
akward,36306
alinstant,36307
bisphenol,36308
grossesse,36309
chanterossignolchante,36310
azimut,36311
8yearsofosnapitzari,36312
monsengwo,36313
preview,36314
webradionrjnickiminaj,36315
danone,36316
clapdefin,36317
gen,36318
delon,36319
newmorning,36320
nzimbu,36321
kingofkindnes,36322
naturopathe,36323
todosconnicola,36324
francebientotauxchinoi,36325
homen,36326
sextape,36327
pasmoi,36328
lovekevadam,36329
viciousme,36330
irunman,36331
chatte,36332
umpdesneuneux,36333
assassin,36334
kadutu,36335
bukavu,36336
breakingnow,36337
appel,36338
prospective,36339
inscrivonsfredlaniakpournoubliezpaslesparole,36340
daghegermain,36341
febrezepartydansmoncalcif,36342
gad3million,36343
ebff,36344
electionsdepartementales2015,36345
ip2,36346
corpscapte,36347
coro1stdiameuw,36348
pas2honte,36349
luisattaque,36350
cap1tan,36351
ic1,36352
yproject,36353
aw15,36354
newcollection,36355
newseason,36356
bingogervai,36357
eltonjohn,36358
teenpopnrjhit,36359
asmetg,36360
arretelesgeneralite,36361
chansondumwaka,36362
kenoweidner,36363
dinerpourgg,36364
kalash972,36365
residentevilhdremaster,36366
lamala,36367
jepartage,36368
eqgbfa,36369
specialteenpop,36370
starkebab,36371
planeteterre,36372
mayonfaible,36373
secretairenationalump,36374
ruralite,36375
wartekgiveaway,36376
moscatoshow,36377
remibrague,36378
jecherchelefm,36379
nrjhitscette,36380
nrjhitsthe,36381
pktunousabandonne,36382
avantgarde,36383
album1,36384
salejuif,36385
workinggirl,36386
kinnielanejetesuivrai,36387
excellence,36388
tetongate,36389
qe4,36390
mcihbg,36391
incitationalahaine,36392
teenpop,36393
swaggmanbeau,36394
jetaimemoi,36395
imitationbasdegamme,36396
fontie,36397
search4ontheroadagain,36398
crotte,36399
serouleenbouleetrougit,36400
lhwthyyn,36401
swagman,36402
vivelavie,36403
idf1,36404
labeautedesmelange,36405
owohaaa,36406
illusion,36407
optique,36408
maquette,36409
austerlitz,36410
lafacenord,36411
figueroa,36412
takeoff,36413
carpiquet,36414
gabcgo,36415
surementmoinsbonquelechef,36416
rnt,36417
fw,36418
reallynigga,36419
bakery,36420
cdmhandball,36421
jevienst,36422
injouable,36423
asmetgfc,36424
mercuryretrograde,36425
pourquoitumappellespasleclip,36426
ccommeca,36427
teamh,36428
haitiangirl,36429
emiliescookienice,36430
oreocake,36431
smoothie,36432
parcequilslevalentbien,36433
allyourbassesisbelongtou,36434
webradionrjedsheeran,36435
gde,36436
grosserage,36437
pendantcetempssurfacebook,36438
belieberswantnewsong,36439
nallier,36440
elitemen,36441
championsdumonde,36442
canoe,36443
cnosf,36444
voyagesavecmatante,36445
nicolasbriancon,36446
jesuislechat,36447
lamoda,36448
store,36449
wordhard,36450
fuckhard,36451
dvd,36452
rallyemontecarlo,36453
shakedown,36454
cergy,36455
totomartial,36456
jesuisdinde,36457
achevermoi,36458
tasdisparucommedubsmash,36459
indignitenationale,36460
challenge2015,36461
bonrapportqualiteprix,36462
budgetquandtunoustien,36463
merciiiii,36464
charlottedipanda,36465
ellenelapasvoulue,36466
everywherewego,36467
bordeauxblade,36468
organigramme,36469
newchallenge,36470
tcherniakov,36471
redrev2015,36472
drague,36473
trauernacht,36474
katiemitchell,36475
arduino,36476
allwhite,36477
touasse,36478
carbure,36479
someonelovesthekikoolol,36480
grossalaud,36481
amourgloireetbeaute,36482
babymaguireiscoming,36483
jml,36484
barbecu,36485
benji,36486
cultureofcolor,36487
nailbar,36488
instantpourmoi,36489
stylist,36490
opi,36491
x3m,36492
x4m,36493
onnn,36494
shiste,36495
sugarscapeaskgrace,36496
antenne,36497
vasybaba,36498
vasypapa,36499
vasibaba,36500
mav,36501
sall,36502
spatial,36503
elevatortourpari,36504
pmgbzh,36505
elleaperdulatete,36506
lagrandeaventurelego,36507
enrhume,36508
casdesespere,36509
natural,36510
cavientdelyon,36511
amitieencarton,36512
screensituveux,36513
5sosff,36514
fnaim,36515
gallavich,36516
allezbaba,36517
guillotine,36518
beaugosse,36519
redboule,36520
uipm,36521
tienslecoup,36522
iphoneaddict,36523
jesuissandy,36524
stan,36525
5ghjlkfjk,36526
touscequejaime,36527
slagtanz,36528
smxcity,36529
geniebio,36530
dofu,36531
up200,36532
hem,36533
lesassiste,36534
psggdb,36535
happybirthdaydavid,36536
editionscp,36537
blancheneige,36538
rate,36539
trfnymwthbfyky,36540
infotraffic,36541
bestmovie,36542
olympetourornan,36543
olympetourcabourg,36544
njw,36545
annakova,36546
avi,36547
terryvssterling,36548
iannisroder,36549
surgta,36550
sergerigvava,36551
flashdance,36552
pathewepler,36553
voeuxgarnier,36554
suismoi,36555
laloidufric,36556
newfragrance,36557
florabellio,36558
diptyque,36559
beau,36560
ricardodossanto,36561
suleymansah,36562
stsorlin69,36563
equsaglice,36564
ryanbenzetti,36565
mytf1,36566
flemard,36567
alsh,36568
vacancefevrier,36569
vivrensemble,36570
questcequonsemarre,36571
gabcon,36572
baniere,36573
sarkosy,36574
cestunsigne,36575
teamkayef,36576
tzonarmy,36577
rlntour,36578
laba,36579
hugfree,36580
alsaceztoi,36581
ouvalefootballfrancai,36582
psgbor,36583
teamseptembre,36584
scorev,36585
mokthar,36586
camillelou,36587
olympetournice,36588
lesmarocainscontrolentlazone,36589
zedelclan,36590
bourseaumerite,36591
toursfcassse,36592
paulbismuth,36593
euroleaguewomen,36594
ak15,36595
lesjoliescoloniesdevacance,36596
servirlasoupe,36597
fiat,36598
chrysler,36599
lesfasse,36600
jesuistoutchose,36601
parcdesprince,36602
pugada,36603
rogerfederer,36604
rf,36605
mollo2016,36606
plfrr,36607
ellecomprendra,36608
planetex,36609
espace,36610
waltervanbeirendock,36611
golfgte,36612
nightcarlight,36613
skycraper,36614
grandbelekalocaloca,36615
collectionprintemp,36616
modelephoto,36617
sentou,36618
amigny,36619
materrazza,36620
weedtweet,36621
pasvumoncheri,36622
ucanttouchthi,36623
adnane,36624
fctasse,36625
zeratorisback,36626
ejp,36627
winterwonderland,36628
3615mylife,36629
16eme,36630
echauffement,36631
prisedetete,36632
nanteslalternance,36633
glastonburyplease,36634
kyliemonhob,36635
elleestplutotnabilla,36636
teambahebeck,36637
jcb15,36638
nta,36639
veuveclicquot,36640
vcaward,36641
f2,36642
traite,36643
superstar80sdlx,36644
onmyeame,36645
eameschair,36646
dsw,36647
tomado,36648
byredo,36649
teamr,36650
onnouscachedeschose,36651
4fillesetunjean2,36652
seriepoliciere,36653
sebastiendurand,36654
infinitycory,36655
intsam,36656
coupeditalie,36657
michaelmyer,36658
sallypy,36659
missuniverso2015,36660
monarchiste,36661
nie,36662
mdc,36663
forzagrenoble,36664
philcollin,36665
pourquoitumappellespa,36666
alguienquenosoy,36667
alguiencomotu,36668
betacoqueta,36669
trilogiamieleccion,36670
aguiencomotu,36671
pornosito,36672
jenavoieraipasquejaifaituneconnerie,36673
30dayflatab,36674
gdxtaeyang,36675
supersarko,36676
reussitedentreprise,36677
generationsephora,36678
lefouduroy,36679
droite,36680
accroc,36681
dcfpari,36682
slytherinforlife,36683
cblive,36684
teamannelaureallconcour,36685
stopsexisme2015,36686
konan,36687
braderie,36688
trezegol,36689
psgfcg,36690
vieillechanson,36691
lastminut,36692
verticalite,36693
panenka,36694
pasdebacblanc,36695
continuecommecaricky,36696
surrealiste,36697
mache,36698
rillettesbordeauchannelle,36699
detoutefaconjaipasmeschance,36700
unchainedmelody,36701
architendu,36702
vilget,36703
durability,36704
onseclate,36705
seancedekine,36706
grimace,36707
monpetitloulou,36708
pasenvidetravailler,36709
onestbeau,36710
elevatorworldtour,36711
aprem,36712
sarlat,36713
adamsiennesveuxunfollowdekevadam,36714
assetfc,36715
expertise,36716
8eme,36717
askfewen,36718
myaperobordeaux,36719
ebd2015,36720
intersampdoria,36721
parbor,36722
bekele,36723
dubaimarathon,36724
newstrader,36725
vivelagauche,36726
lenomdesgen,36727
nego15,36728
peteslesplomb,36729
offstyle,36730
offgrande,36731
94poto,36732
sicurezza,36733
saveintheflesh,36734
humiliation,36735
nrjlovestoursfc,36736
psgbdx,36737
lapataterie,36738
ijokemylove,36739
intersamp,36740
moipascomprendre,36741
lesconseilsdecamille,36742
bambou,36743
fromnante,36744
methode,36745
genialdeja,36746
samplai,36747
bienflex,36748
affranchie,36749
eatyourplacenta,36750
unemerveille,36751
remplaceunmotparbitedansunfilm,36752
remplacelemotbiteparuntitredefilm,36753
instastyle,36754
monterritoire,36755
taschen,36756
miskinetacrumaigriravecunmacdo,36757
jtmmmm,36758
maestro,36759
enquetescriminelle,36760
vcil,36761
diablesrougesducongo,36762
liararnab,36763
bamboo,36764
gabonai,36765
depuistescollecommevalentin,36766
chauvin,36767
blaguepourri,36768
madalena,36769
castel2014,36770
buspalladium,36771
museeduman,36772
phdechampaigne,36773
jansenisme,36774
stopyulin2015,36775
loud,36776
onsefolowentrecongolai,36777
congo242,36778
teamfreehug,36779
allezbordeaux,36780
revengehug,36781
aimily,36782
demily,36783
pinkfloyd,36784
fiftyshadesrsvp,36785
fcgbp,36786
onbaiselepsg,36787
chateauperdu,36788
les3baudet,36789
juliendavid,36790
mamashelter,36791
toutenpensantalui,36792
toursvssaint,36793
hugjoe,36794
situvoiscequejeveuxdire,36795
imperial,36796
jesusetxezarraga,36797
etb,36798
eskarrikasko,36799
senikorumakicin,36800
bragaporto,36801
gemmabovery,36802
shootingpeople,36803
danslamaison,36804
bleumarine,36805
lhommeaubobarrive,36806
teammsn,36807
lalocalisationenvoiture,36808
architectureinpari,36809
frankgehry,36810
shady,36811
teamlavezzi,36812
villapaloma,36813
abrutidemeuf,36814
jesuismiguel,36815
missuniversolatina,36816
tue,36817
merica,36818
deby,36819
tunousasmanquecesoir,36820
jeneleconnaispa,36821
brapor,36822
noir,36823
investigation,36824
bidilounet,36825
bichon,36826
chezfiona,36827
instadog,36828
stopleforcage2k15,36829
bleumarinen,36830
ranma,36831
lovelove,36832
makeyourchoice,36833
retourduphaccochere,36834
mouchoirkleenex,36835
wordnuvola,36836
evandro,36837
aveclecopain,36838
instacine,36839
tilloi,36840
af1,36841
pose,36842
coucouleretour,36843
shutsitdown,36844
respectauxancien,36845
milpatte,36846
choiffeurtime,36847
oncoupetout,36848
autempledesasha,36849
josette,36850
coiffeuse,36851
perso,36852
camara,36853
taclepropre,36854
sixfeetunder,36855
poupee,36856
lesfemmesdemavie,36857
lassac,36858
simulation,36859
magrosse,36860
groschoue,36861
7an,36862
soni,36863
france98,36864
josefenforce,36865
plongee,36866
groenland,36867
laplumeblanche,36868
sertarien,36869
nawak,36870
orangepressee,36871
sparkle,36872
mescherie,36873
usad,36874
usat,36875
unsoiralalphedhuez,36876
campusfrance,36877
francealumni,36878
ahouiouiahouioui,36879
unsoiralalpdhuez,36880
mbaye,36881
usah,36882
thfc,36883
mapoupee,36884
quidecouvre,36885
soncadeau,36886
jetaimefort,36887
jemeeouleparterre,36888
easylife,36889
instabeaute,36890
majosette,36891
regression,36892
ambiancement,36893
cashconverter,36894
pitresenor,36895
sexmachine,36896
pixel,36897
antifeu,36898
unpeubleu,36899
dansemo,36900
concarneauchampion,36901
lescatacombe,36902
catacumba,36903
turista,36904
offcommeunmenubestoffsanslemenubest,36905
autoentrepreneur,36906
douysidouy,36907
metronomy,36908
snake,36909
grandechiquier,36910
teamlabouffemameilleureamie,36911
revedegone,36912
teamhlel,36913
nuitsansfolie,36914
saucee,36915
stanimal,36916
stantheman,36917
encoreettoujour,36918
abarth,36919
vroummmmmmm,36920
coeeeeur,36921
radioalfa,36922
tweettonsnap,36923
colossal,36924
warnerbro,36925
hololen,36926
nerecommencezplusjamai,36927
microsoftfanforever,36928
meilleurzrab,36929
desequilibre,36930
brooklynninenine,36931
suelesuceder,36932
pauline,36933
stopyulinfest,36934
jsaispasquelagejavai,36935
dirtyprout,36936
shittydancing,36937
alesso,36938
wantyou,36939
fodesse,36940
thano,36941
sramquivaup200,36942
breftropdhashtag,36943
leveldown,36944
referendum,36945
forfaiture,36946
call,36947
doitdorthevine,36948
jouet,36949
teambisounour,36950
aller,36951
lesgorille,36952
insteadofworking,36953
womancrusheveryday,36954
tezmbarca,36955
ambianceambiance,36956
foutuecorrection,36957
ctefan,36958
joeystarr,36959
pire,36960
tumedegoute,36961
ontheroof,36962
forgetourname,36963
tumedevoie,36964
iloveroma,36965
clavier,36966
vieapari,36967
skinstead,36968
podcast,36969
prayforrdc,36970
chibani,36971
myqa,36972
tren,36973
linea,36974
stronza,36975
commando,36976
byme,36977
teamantificello,36978
jeudicharliehebdo,36979
vraisislam,36980
defendpari,36981
sanspremeditation,36982
ellememeestenpleure,36983
tedtalk,36984
0h05,36985
wolinskikiki,36986
gaucher,36987
couvee,36988
jevaispasdormirdelanuit,36989
woshichali,36990
yanlunziyou,36991
ornot,36992
treselegantjesai,36993
7morts11blesse,36994
marinepresidente,36995
operationdepolice,36996
lesvoisin,36997
bestieverhad,36998
ilsnousauronspa,36999
banksy,37000
donotforget,37001
frenchlesson,37002
wearecharly,37003
unecertainehaine,37004
avou,37005
remakemerah,37006
teamoninaguapa,37007
teambestfriend,37008
dexpression,37009
snatch,37010
allahukbar,37011
saintmichelle,37012
lulu,37013
mmemercier,37014
drag,37015
dragqueen,37016
dmfini,37017
journechelou,37018
padamalgame,37019
macgyver,37020
lemelon,37021
imawaencyclopedie,37022
placedelamairie,37023
jesuismouradhamyd,37024
debout5h15,37025
retourakosovo,37026
nyt,37027
onvousoublirajamai,37028
oliviergalzi,37029
noussommestousdescharlieberte,37030
amhed,37031
ontourneenrond,37032
jesuistouteslesvictimesdecharlie,37033
chalghoumi,37034
fightforfreedom,37035
standup4humanity,37036
peguy,37037
pencilandpenmovement,37038
malelevee,37039
colette,37040
reinformation,37041
humourjusquaubout,37042
jesuismononclecharlie,37043
jesuislarmeecamerounaise,37044
8h,37045
ellemaachever,37046
ilyaplusderespect,37047
hyppopotamu,37048
charleville,37049
trahison,37050
quelestlefuck,37051
rpg,37052
jesuisbalkany,37053
jesuismaraeillai,37054
nbc,37055
jesuis92i,37056
yasminakhadra,37057
jaiperdumacartedidentite,37058
shmigogang,37059
femmeaugrandcoeur,37060
charp,37061
basket77,37062
lemeenation,37063
imadgenkidama,37064
kakashininjacopieur,37065
jutsudeninjasosthene,37066
fakasouvenir,37067
journalisteslibre,37068
dumbas,37069
onestprispourdescon,37070
vivecharlie,37071
jourfuneste,37072
charlevillemeziere,37073
nbcnew,37074
jewel,37075
jesuschristkid,37076
faussepiste,37077
juijounpeu,37078
hepimizcharlieyiz,37079
vivelesgay,37080
troublant,37081
beleckavou,37082
arretezpa,37083
neveragain,37084
libertee,37085
generationbandana,37086
lafrancecestkhenne,37087
yaa,37088
jesuismamadou,37089
jesuismoussa,37090
jesuismemesouleymane,37091
moundir,37092
pointdictionnaire,37093
decalagehoraire,37094
offmalik,37095
mynameskatherine,37096
livinginpari,37097
jedessinepourcharlie,37098
continuonsdedessiner,37099
papafrancesco,37100
beacon,37101
libertedeexpression,37102
bresom,37103
jesuistoutlesautre,37104
bansky,37105
nepasconfondremusulmansetterroriste,37106
soutiensalapolicenationale,37107
brooklyndrink,37108
vuduquebec,37109
mauvaisleenne,37110
mglkm,37111
tonton,37112
freeexpression,37113
boycottisrael,37114
extremistsaretakingover,37115
sechesombre,37116
alimentationdelapin,37117
jsuischretienjrigole,37118
eatlikeunicefchildren,37119
poupi,37120
j2,37121
peopleschoice,37122
outlanderpca,37123
mouradhamyd,37124
nojoke,37125
cequitetuespasterendsplusfort,37126
antiislam,37127
zook,37128
dessiner,37129
bravophila,37130
nbarapidreplay,37131
philalife,37132
shitselfie,37133
tweetcommephiladelphe,37134
toiaussiessayedetreromantique,37135
burgerkinglille,37136
appelatemoin,37137
mylife,37138
alapoursuitedubonheur,37139
jesuiscirconci,37140
premiumfamilia,37141
empirepremiere,37142
vernonsubutex,37143
terrifiee,37144
ripahmedmerabet,37145
jsuispasdrole,37146
manquedesomeil,37147
pasdezouk,37148
pasdesonfragile,37149
pasdesondamour,37150
lucide,37151
satyre,37152
publictransportmystery,37153
timetowakeup,37154
stopyournot1d,37155
gowarrior,37156
pointgod,37157
apoyomundial,37158
barbaro,37159
chatliehebdo,37160
scientology,37161
therefiectiontour,37162
reflectiontour,37163
champagnole,37164
dontforgetthem,37165
bonjourtristesse,37166
toujourslanausee,37167
noalfanatismoreligioso,37168
metingoektepe,37169
metingoktepe,37170
vivelasncf,37171
bvbarmyfamily,37172
blackveilbride,37173
andybvb,37174
panthererose,37175
odetta,37176
jamesbaldwin,37177
hilton,37178
poormuslim,37179
fakemuslim,37180
choqueavie,37181
cheriefm,37182
docmarten,37183
peoplechoiceaward,37184
onestfort,37185
amiensrouencdf,37186
lafrancedeboutdansladouleur,37187
jedisrienmaisj,37188
jesuismyriam,37189
prophetmohammed,37190
autocensure,37191
lien,37192
jourdedeuil,37193
mobilisationpourcharlie,37194
mercidetrevou,37195
mercidesentirbon,37196
4yearssoon,37197
backtoreality,37198
ouestlaliberte,37199
rendonshommage,37200
noirdesir,37201
baillargue,37202
maradona,37203
pege,37204
thanksharry,37205
onestousdescharlie,37206
toujoursuncrayonsursoi,37207
ploemeur,37208
damour,37209
jaulin,37210
goingmorning,37211
camerondallasforcalvinklein,37212
teub,37213
trestresswag,37214
matintriste,37215
christiancolin,37216
longuedistillation,37217
bartolone,37218
meilleurreveil,37219
jeveuxcattlesjour,37220
insultezmoi,37221
humourtherapie,37222
placed,37223
jesuismakhan,37224
charleihebdo,37225
paris15,37226
mercimanu,37227
snitch,37228
tiamo,37229
07jan,37230
7jan,37231
jeanjauresizi,37232
laoujepasseilsepassequelquechose,37233
chatillon,37234
horreurhumaine,37235
iphone5c,37236
5c,37237
teamreveilcherie,37238
vertboi,37239
ligne4,37240
meuftropbelle,37241
magueule,37242
fifa2001,37243
talktothekid,37244
jeviensdusud,37245
tristejournee,37246
tristetemp,37247
villedenancy,37248
mondebisounour,37249
tabarly,37250
werenotafraid,37251
jesuischawlie,37252
automatic,37253
gunfire,37254
lenfermementcestpaspourmoi,37255
jeveuxmescopine,37256
chatillonmontrouge,37257
combattonsleterrorismepaslislam,37258
marchedenoel,37259
chateaubisquit,37260
hall,37261
meeting,37262
npd,37263
nebaissonspaslesbra,37264
ledebutdelafin,37265
fautarreterdeouf,37266
jklynyt,37267
wallporn,37268
mortsde,37269
jesuismorai,37270
excede,37271
tesconouquoi,37272
charliehebdocontinuera,37273
ilestunvianney,37274
plebgate,37275
1dforever,37276
paris3eme,37277
1millionforranveer,37278
mouginsvillage,37279
buvez,37280
whitebydollon,37281
depit,37282
coutance,37283
pilate,37284
clientenotage,37285
wanted,37286
eipsi,37287
lacantinenante,37288
sweetlove,37289
lomongo,37290
mongo,37291
kikongo,37292
lafertebernard,37293
villefrance,37294
paixaleurame,37295
cbolasolidarite,37296
maloucheminote,37297
thionvilleestcharlie,37298
fusillademontrouge,37299
francemourn,37300
rosiere,37301
lyceepablopicasso,37302
lyceeantoinedestexypery,37303
jl,37304
btsmnwrtylmgrb,37305
parisest,37306
lyceestmarc,37307
mouradhamy,37308
henrimeck,37309
sociopo,37310
argentino,37311
wirsindallecharlie,37312
noulecharlie,37313
consternee,37314
wirsindcharlie,37315
lyceesoutient,37316
elsacayat,37317
paulsab,37318
lafrancepleure,37319
toulouseendeuil,37320
jesuischarlieaushumann,37321
noussommeslafrancedebout,37322
gauland,37323
villedelimoge,37324
thuillat,37325
destinationamerica,37326
destinationimpact,37327
revolutionoflove,37328
arkema,37329
favoritisme,37330
l2rt,37331
pitiesalpetriere,37332
mile,37333
takliiiiit,37334
lyceegeorgesand,37335
ledorat,37336
aubervillier,37337
jenesuispasmarine,37338
danjoutin,37339
noussommesflic,37340
setram,37341
infocomestcharlie,37342
jesuismusulmanetjesuischarlie,37343
tristepay,37344
nousdevonstousetrecharlie,37345
stapsolidaire,37346
lifegoeson,37347
jesuuscharlie,37348
bestfriendlines101,37349
crep,37350
dontwritetweetto12amat1201,37351
policiere,37352
condogang,37353
aahmeditereellement,37354
puritanismlive,37355
euskara,37356
occitan,37357
whenbabyneedsacookie,37358
barbari,37359
touquetparisplage,37360
personneagenoux,37361
onvavraimentrentrercheznou,37362
platetectonic,37363
wordsworth,37364
npq,37365
soutienpolice,37366
ambush,37367
inconnu,37368
charognard,37369
tweetsilence,37370
mortpourlalibertedexpression,37371
rassemblementnational,37372
lalvslac,37373
bouclage,37374
mercilecolleguesdelopera,37375
unebougiepourcharlie,37376
parissorbonne,37377
jesuisabonneacharlie,37378
oyonnax,37379
deslamatin,37380
droitdeblasphemer,37381
notweet,37382
craquageacturevision,37383
schoolsregs1899,37384
ballade,37385
tropdemot,37386
sciencepo,37387
unecorde,37388
unministeredelafraternite,37389
infomatin,37390
quaideloire,37391
0cerveau,37392
abdotime,37393
freedomneversleep,37394
lepyjamasdenoelbyetam,37395
vivreen2015,37396
lyceelaetitiabonaparte,37397
parissud,37398
ppa,37399
paulsabatier,37400
mariokart7,37401
parisdiderot,37402
vidberg,37403
bonneretraite,37404
bangbangdansvosshneckzere,37405
tienslecoupdoumam,37406
onestavectoi,37407
dansunesemainetoutlemondeauraoublie,37408
mncp,37409
ormessonismygod,37410
cooper,37411
doesntmakesense,37412
samedijesaisplusmonprenom,37413
ndf,37414
lcg,37415
twittersilence,37416
rmsnew,37417
axa,37418
etudiantinfirmier,37419
etudiantsensante,37420
jesuisunflic,37421
maisaussidanslamerde,37422
ael,37423
recueil,37424
utbm,37425
setca,37426
mairiedevillejuif,37427
cycleprepa,37428
manip,37429
suzy,37430
cridonlyon,37431
uneminutedesilence,37432
khalidalbaih,37433
rosnyzoo,37434
cafet,37435
jppernaud,37436
montbeliard,37437
tenonsbon,37438
hautspave,37439
dayofmourning,37440
viacom,37441
bordeauxmairie,37442
erdf,37443
allianz,37444
upem,37445
dsp,37446
inseec,37447
thefeel,37448
inriagrenoble,37449
saroumaneencule,37450
latrahisonluivasibien,37451
findingcrumbsforday,37452
wifematerial,37453
ecolecentralepari,37454
chatenaymalabry,37455
cafoc,37456
toujoursdanslesmauvaismoment,37457
schweigeminute,37458
montoire,37459
letspix,37460
aixiep,37461
democracytalk,37462
tousuniscontrelabetisehumaine,37463
brochon,37464
izibiff,37465
le2cpourcharlie,37466
planete,37467
rivalta,37468
sytral,37469
elior,37470
affiche,37471
lyceecamilleclaudel,37472
msdfrance,37473
ismapp,37474
arcueil,37475
journeenationalededeuil,37476
twittosphere,37477
gchertok,37478
boyer,37479
noussommeschalie,37480
paslemoral,37481
olyzeure,37482
sanscommentaire,37483
schuman,37484
jeanpierrepernault,37485
7janvierjourneedelaliberteedexpression,37486
hommageaulyceepourcharlie,37487
madworld,37488
lmlkhbtsmhbybhlswdyh,37489
seynod,37490
parisdauphine,37491
noussommescharlie365,37492
tresfort,37493
detraque,37494
lelyceelasourceestcharlie,37495
en3,37496
societegenerale,37497
hoe,37498
aint,37499
loyal,37500
fakeconcour,37501
dableni,37502
bissap,37503
akani,37504
eluard,37505
fyfrn,37506
siderant,37507
gla,37508
hoteldieu,37509
normalement,37510
lyceen,37511
journaleux,37512
scor,37513
minutesdesilence,37514
niametraorebientotbientotkognomousso,37515
allenamento,37516
rippauline,37517
tatasendouuuuu,37518
complaisance,37519
kanysteven,37520
sokho,37521
lyceebrequigny,37522
nfto,37523
wig,37524
lense,37525
friends4ever,37526
tweetdedescolarise,37527
fuckletat,37528
prionspourlafrance,37529
rozay,37530
stronger,37531
gri,37532
jesuislulu,37533
jesuisteddy,37534
mananamasymejor,37535
laplumeplusfortequelepee,37536
merciemilien,37537
sitedecreditfut,37538
rtleurtweet,37539
followgoldah,37540
sentadilla,37541
greenparty,37542
cfp,37543
edflab,37544
11h55,37545
prismamedia,37546
libertetoutcour,37547
kir,37548
teamtropintelligentpouralleralecole,37549
goscinny,37550
atleticomadridinvaincucontrelereal,37551
jsuisaubout,37552
noussommesahmed,37553
jesuissonnee,37554
ndoko,37555
cantinenante,37556
miasanmia,37557
valleraugue,37558
mafia3,37559
iamwaiting,37560
darling,37561
parisenlarme,37562
commeaulycee,37563
lesarabe,37564
dcri,37565
alor,37566
idontwannaleaveyet,37567
helloonvousfaitpeur,37568
fenetre,37569
compation,37570
vivon,37571
charliehebdl,37572
saletemp,37573
momentdeboulard,37574
todayweareallfrench,37575
monamourdefilleul,37576
tropdinfosurleschainesinfo,37577
jc,37578
anaocagi,37579
educpop,37580
affairecharlie,37581
caputlhistoire,37582
nicharlienibarbarre,37583
braderioc,37584
civilisation,37585
saintbrieuc,37586
sion,37587
justtoknow,37588
onnestpasdespigeon,37589
charlienormandie,37590
educationformationl2,37591
spliff,37592
tetedanslesetoile,37593
onmangepasdelamerde,37594
polemiquesinutile,37595
vousmelangeztout,37596
frenchartist,37597
vusurla4,37598
lyceeflaubert,37599
radicalisation,37600
islamreligion2paix,37601
juifspasassassin,37602
guncontrol,37603
normalensti,37604
rice,37605
chacal,37606
casentladouile,37607
lronhubbard,37608
videoamatoriale,37609
giornali,37610
lyceebuffon,37611
motog,37612
complotmonculouai,37613
lamontagneestcharlie,37614
gabriac,37615
extremedroite,37616
dirif,37617
notorudamu,37618
notorudamudashengtang,37619
agirensemble,37620
villerscotteret,37621
pendantcetempssursnap,37622
laliste,37623
fashionmix,37624
silva,37625
demainfautassurer,37626
chaunu,37627
jesuismehmetcik,37628
jesuisturk,37629
lrtb,37630
tarascon,37631
sentimentetrange,37632
jesuishami,37633
rebondissement,37634
luiz,37635
lensnancy99,37636
lensmarseilleaveclecoach,37637
grosconnard,37638
libertecherie,37639
jesuissolde,37640
touscharlieceweekendenl1,37641
nilunnilautre,37642
taureaualacorde,37643
appartsaquoideneuf,37644
appartcharliezigoinzigoin,37645
groscalin,37646
jesuispompeleuppascharlie,37647
pashumain,37648
vousvouseyesfaitcharlifie,37649
lapin,37650
offthewall,37651
washingtonpost,37652
fermezla,37653
antibaltringue,37654
daybreak,37655
huderzo,37656
cunt,37657
seriedemavie,37658
dancingcode,37659
tout,37660
policiermeme,37661
demarchage,37662
thelast,37663
justehorrible,37664
racontemavie,37665
uniscontrelaterreur,37666
construire,37667
asmgdb,37668
grandmarule,37669
achetonscharlie,37670
aide,37671
jesuiskeur,37672
theforgotten,37673
siesteavie,37674
vainuidecastelbajac,37675
ilesttombeici,37676
nrjlimoge,37677
pontivy,37678
panneau,37679
zeytiniseviyorum,37680
togetherwecry,37681
sononerrazzuro,37682
teaminter,37683
90sat9,37684
draaimolen,37685
internetestcharlie,37686
jepaye107eurostoutlesmoispourrien,37687
degagemarine,37688
denakgaracharlie,37689
alumni,37690
noussommesjournaliste,37691
noussommestousfrancai,37692
vnezapno,37693
fiat500,37694
nomola,37695
saintbrevin,37696
plagedelocean,37697
oled,37698
4k,37699
boyfriendgoal,37700
drc,37701
dauphine,37702
amazeball,37703
raiseyourpencilforfreedom,37704
okno,37705
mugrosamil,37706
mativuelve,37707
sostabathia,37708
commercante,37709
queinjustaeslavida,37710
gangduxixeme,37711
reprisedubabysitting,37712
ilsmavaientmanque,37713
jesuisdjerick,37714
elbeuf,37715
metropolenormandierouen,37716
chantilly,37717
ensad,37718
mecbien,37719
inlivewetrust,37720
blackpariswalk,37721
shaquiri,37722
comprendra,37723
open,37724
buryetcharlie,37725
jesuisusainbolt,37726
grandquevilly,37727
prrrum,37728
cosculluela,37729
ddh,37730
broceliande,37731
cider,37732
manifjesuischarlie,37733
glcrendhommageauxvictime,37734
republicain,37735
dentsdesagesse,37736
physio,37737
sarreguemine,37738
rankup,37739
nonalinvitationdufn,37740
dernierelignedroite,37741
pasamoi,37742
montchapet,37743
darcy,37744
hautevienne,37745
pasanou,37746
soicharlie,37747
semtotescharlie,37748
capitoli,37749
ultracomplotiste,37750
jesuisnicharlienicharlo,37751
jenesuispasislamophobe,37752
slayanna,37753
vivecharliehebdo,37754
1d2014highlight,37755
starosc,37756
dmca,37757
urheberrecht,37758
parnersincrime,37759
terpcardie,37760
carolinejetaime,37761
merciivalentin,37762
feelingdisapointed,37763
nomercy,37764
dessousdeverre,37765
jesuischarliemai,37766
charlieneverdie,37767
monnaie,37768
capote,37769
depistage,37770
tacousinequitaime,37771
celtic,37772
madymara,37773
tropicana,37774
prepaphysique,37775
pasleurplace,37776
bulletin,37777
starwarsvoice,37778
tousauboutdurouleau,37779
larepublique,37780
sanef,37781
jaifaillitmourir,37782
tributetocharlie,37783
trouvezle,37784
supdepubestcharlie,37785
prefall,37786
corcy,37787
meencantaelcoco,37788
meencantaelchocolate,37789
tweetcommeleproviseur,37790
gaylussac,37791
tahiti,37792
vigipuratealerteantentat,37793
hessen,37794
feelsgood,37795
marko,37796
linecamera,37797
lesjoiesdelafac,37798
pascour,37799
stephcurry,37800
lpplb,37801
jesuistropdrole,37802
annoying,37803
hurt,37804
moulinsestcharlie,37805
islamicstate,37806
jaipasdemot,37807
etatislamiquefdp,37808
unebonneraisondepleurersamerelapute,37809
lyceefabert,37810
dedam,37811
revisionsrevisionsrevision,37812
reclose,37813
averroe,37814
capuccino,37815
jesuisaveccharlie,37816
jesuisneutre,37817
tweetlive,37818
lacolombedansdupaindmie,37819
avecunpeudmayo,37820
acces,37821
bonneblague,37822
justinbridou,37823
lightfixture,37824
belltower,37825
bell,37826
waterfountain,37827
roundabout,37828
aussieaussieaussie,37829
australian,37830
aussie,37831
nofiltrer,37832
jesuisbibendum,37833
mmaf,37834
touchard,37835
periodismo,37836
onsefendlapoire,37837
shameonu,37838
bfmatv,37839
touslesbriochinssontcharlie,37840
leshabitantsdewasselonnesavent,37841
loot,37842
lennnui,37843
lafaiblesse,37844
stjo,37845
chokinnnnngggg,37846
victoires2015,37847
iutmobilise,37848
bacelone,37849
littleholliday,37850
gottex,37851
morfale,37852
daleuse,37853
granville,37854
margot,37855
louisdelort,37856
degagelepen,37857
sauveteurenmer,37858
onestplusfortsreuni,37859
werderbreme,37860
bscberlin,37861
maxmaxetsesamislesfdpquitweet,37862
tes2,37863
tgod,37864
jaimefairelessoldesavecmacopine,37865
christkibdelsmarik,37866
carnotestcharlie,37867
fabert,37868
meudoonai,37869
play4,37870
parolesdunhommeabout,37871
cestplusilfautsauverwilly,37872
maiswillyviensmoienaide,37873
viensonvalesbuter,37874
lacomera,37875
nok,37876
destinythegame,37877
selfiedanslmourion,37878
millennial,37879
toutestnoir,37880
papeete,37881
attentatmontrouge,37882
nazacharliete,37883
videolan,37884
palestinevaincra,37885
geniteur,37886
dauphineestcharlie,37887
agace,37888
cratere,37889
autocar,37890
cnam,37891
regardez,37892
onseretrouvera,37893
abbeville,37894
mornant,37895
lsd,37896
bostonmarathonbombing,37897
algo,37898
sanscouille,37899
chretienneetfiere,37900
petitpermi,37901
cluedo,37902
leraid,37903
departpourpari,37904
malgremoi,37905
bbmme,37906
lca,37907
maisouvacemonde,37908
800m,37909
doctors20,37910
betteravier,37911
lafaqdeyoann,37912
matraquagefiscal,37913
hinhin,37914
excusequejesorsdepuislecp,37915
antifhaine,37916
fcs15,37917
nestigmatisonspa,37918
justeuneminorite,37919
recherche,37920
socucharlie,37921
hardtraining,37922
xlsior,37923
mkn,37924
gymqueen,37925
pauvrefille,37926
tup,37927
ldp,37928
lde,37929
facha,37930
narciso,37931
s02e09,37932
runningtime,37933
algeriangotpower,37934
harbor,37935
strage,37936
veille,37937
notice,37938
tourism,37939
cheznou,37940
oise,37941
lyceensdechartre,37942
asot600bei,37943
teamviresdebascan,37944
maisquefaitlapolice,37945
team2guerre,37946
francaisdabord,37947
chateaubriant,37948
leterrorismenenousmuselerapa,37949
cosmopolitan,37950
jesuisquiouquoi,37951
decorative,37952
teamsansembrouille,37953
sihacharlie,37954
noussommescdg,37955
lejsl,37956
lebonsensdesenfant,37957
jesuidrentrer,37958
ifyouknowwhatimean,37959
buyunapologeticonitune,37960
pontarlier,37961
grandefierte,37962
teamtonton,37963
cclespartiel,37964
regretdujourbonjour,37965
evry,37966
wtc,37967
palestinalibre,37968
insecure,37969
jaihontepoureux,37970
policemunicipal,37971
arrogant,37972
decevant,37973
jecrainslasuite,37974
deletere,37975
night2,37976
observance,37977
expoaltmedj,37978
prayforbalkany,37979
expoaltmejd,37980
nomoreme,37981
ilesaintloui,37982
quandjemamuseafairechierlespion,37983
betropical,37984
sourient,37985
holidayshopping,37986
lyceecarnot,37987
fieredemaville,37988
demafrance,37989
teambrun,37990
deboutlesesprit,37991
stricteverite,37992
office365,37993
delve,37994
audir8,37995
teamaudi,37996
pontdelarcheveche,37997
cardhumevoila,37998
betcpari,37999
hautlescrayon,38000
behind,38001
jamaismalade,38002
delivre,38003
getlanaonellen,38004
liveyourdream,38005
charlieberte,38006
quenel,38007
talkentrepreneur,38008
okullarcumagunutatilolsun,38009
interpelle,38010
tetedecon,38011
pharmacien,38012
lisieux,38013
findejournee,38014
perfectjournee,38015
platform,38016
value,38017
caveuxtoutdire,38018
galibier,38019
benibla,38020
malheureuse,38021
vicdanlarsifirlanamaz,38022
charlrhebdo,38023
cvl,38024
bourneton,38025
agetest,38026
mayoeffeahq4,38027
ripfred,38028
esbplusqu,38029
examen,38030
jesuiskebab,38031
weekendsansrepo,38032
informazione,38033
thone,38034
jesuiselpakito,38035
poteencarton,38036
justinbieberandcamillauckersdating,38037
stopper,38038
drapeauenberne,38039
ich,38040
thanktheworldfromfrance,38041
jeannette,38042
nouvellechaussure,38043
onesttousdessinateur,38044
leem,38045
cskalbo,38046
auange,38047
monparadi,38048
cest,38049
jlaime,38050
hessel,38051
jacquart,38052
toujoursnegatif,38053
monsang,38054
monfrere,38055
jtaime,38056
deontologieniquetamere,38057
parisesrcharlie,38058
cg31,38059
vicdanlarsifilanamaz,38060
teamraph,38061
buddhism,38062
dawson,38063
musulmansjuifschretientousuni,38064
jesuismusulmaneetjesuischarlie,38065
presidentiel2017,38066
jojopresident,38067
monpso,38068
psoriasi,38069
jetrecharlie,38070
themassacre,38071
igorstravinsky,38072
allo,38073
autohypnose,38074
jesuispourlapaix,38075
grosencule,38076
repasderoi,38077
umpsectaire,38078
mag2,38079
honteatoi,38080
bagnolsestcharlie,38081
sterilet,38082
caulaincourt,38083
deminage,38084
paixanosfrere,38085
montaubanestcharlie,38086
colli,38087
ddhc,38088
benin,38089
iammariah,38090
faattention,38091
avc,38092
iamsachafierce,38093
ideesnoire,38094
jereserveleprochainnumerodecharliehebdo,38095
suisseallemand,38096
neverstop,38097
neverstopdreaming,38098
nejamaissarreter,38099
happybirthdaydavidbowie,38100
goodenough,38101
metsfansproblem,38102
sudradio,38103
ragepaspetit,38104
truebelieber,38105
jesuismusique,38106
jesuischarliejesuislaliberte,38107
jesuislechef,38108
journaltf1,38109
foutagedegeule,38110
lcr,38111
politik,38112
iamcemilkayapolicekilledme,38113
jesuiscemilkayalapolicematuer,38114
bencemilkayabenipolisoldurdu,38115
jesuismuscley,38116
lesecretdecharlie,38117
alfortville,38118
luccarvouna,38119
nessma,38120
nolight,38121
abbot,38122
ikbencemilkayadepolitieheeftmijvermoord,38123
ichbincemilkayavonderpolizeiermordet,38124
lipstickaffirmation,38125
notsweet,38126
goodgirl,38127
codeactiver,38128
ibk,38129
philatorsgohard,38130
musulmanetcharlie,38131
nationalbobbleheadday,38132
comuniti,38133
fangirlmoment,38134
sadtime,38135
saintnazaire,38136
toutletemp,38137
resilience,38138
etpuisyarien,38139
cernystory,38140
charliefasurf,38141
charlienonfasurf,38142
tf1jesuischarlie,38143
chequesante,38144
jesuiscemilkaya,38145
degoutant,38146
noussommetoussolidaire,38147
nepastoutmelange,38148
pasenviederirecesoir,38149
conneriesanslimite,38150
jesuiskevin,38151
jesuisviinke,38152
leclochardstellaire,38153
charlieestdebout,38154
commemoration,38155
solidaridad,38156
brittanystory,38157
rigolewsh,38158
nolimitldn,38159
paspourtoutlemonde,38160
terrorismointernazionale,38161
squatlife,38162
femmedecharb,38163
quinet,38164
nuclear,38165
skiptheuse,38166
journal20h,38167
lechardenoux,38168
tnt,38169
tunisestcharlie,38170
reimsestcharlie,38171
jeboischarlie,38172
australie,38173
bebeourspolaire,38174
nvpp,38175
bordayl,38176
a6,38177
certainslaimentchaud,38178
marilynmonroe,38179
fredericdard,38180
rhonesalpe,38181
fucklesamalgame,38182
quediredeplu,38183
optimismeenagriculture,38184
horriblement,38185
jesuisblesse,38186
hdpvr,38187
imcharliehebdo,38188
tomorrow,38189
torkek,38190
cauchemardn,38191
topkek2017,38192
theu,38193
buffytheterroristslayer,38194
auxarmescitoyen,38195
soutienjo,38196
faiththevampireslayer,38197
milecharlie,38198
supprimerlecontact,38199
are,38200
souplessedemalade,38201
socialista,38202
odio,38203
amargura,38204
frustracao,38205
inveja,38206
arretemoisitupeux,38207
frenchpolice,38208
getawaycar,38209
tropc,38210
islampassuspecte,38211
islamgentille,38212
findesexam,38213
indefini,38214
lmsjd,38215
llmlrby,38216
cacommence,38217
sapinbonu,38218
asisoyyo,38219
noussommesdescharlie,38220
somostodosloco,38221
olympique2marseille,38222
triplice,38223
commeunchef,38224
onedayiwill,38225
ehlipresident,38226
arcep,38227
mep,38228
teammw3,38229
scope,38230
jesuismustapha,38231
ray,38232
1sttime,38233
jesuismarseille,38234
youngpac,38235
youngjada,38236
jadapinkett,38237
jemerebellecontrelepeuple,38238
gadget,38239
jesuismichy,38240
theworld,38241
agony,38242
mesrine,38243
gamebloglive,38244
benstiller,38245
owenwilson,38246
snoopdogg,38247
vincevaughn,38248
allweeneedislove,38249
educationminimale,38250
educationminimum,38251
yenaquiontdelachance,38252
staystrongfrance,38253
jeromedreyfus,38254
lesmoliere,38255
ljubocomebackhome,38256
soltero,38257
leroisemeurt,38258
jenesuispasunmouton,38259
pasunpourrattraperlautre,38260
lyceejeanmoulin,38261
socutesoculture,38262
palaissecret,38263
lascoproject,38264
demaacorrer,38265
generationcharlie,38266
changementc,38267
oneday,38268
voteforderrick,38269
charliehebdocharlie,38270
curlyair,38271
curlyhair,38272
ripmanu,38273
sportconfidentiel,38274
jaitrouve1mpourcharlie,38275
avezvousdejavu,38276
jesuistolerant,38277
botica,38278
annivbebezinho,38279
lyceelasaulaie,38280
afterschool,38281
loona,38282
conspirationiste,38283
barelc,38284
georgesdelatour,38285
swagdebronchite,38286
tentepasldiable,38287
cestlaverite,38288
directassurance,38289
toutlesdeux,38290
haleb,38291
transporter,38292
riberi,38293
etrecharlie,38294
alter,38295
frankincense,38296
alegra,38297
aveclesgow,38298
lautokitty,38299
fiona,38300
emma,38301
puyenvelay,38302
kanda,38303
lowbattery,38304
selfiedog,38305
dogselfie,38306
tito,38307
instaguy,38308
starskyethutch,38309
horseback,38310
clownsansfrontiere,38311
ruenicolasappert,38312
teamursula,38313
apm,38314
sainteanne,38315
chatquisoutient,38316
jeannettebougrad,38317
lemagasinestouvert,38318
animateur,38319
betheny,38320
avecmespetit,38321
theworldsend,38322
fermelesyeux,38323
johnlennon,38324
jesoutienscharliemaisjenesuispascharlie,38325
matinal,38326
mug,38327
pense,38328
tristesjour,38329
unebouleauventre,38330
journeededeuil,38331
lapsley,38332
understudyep,38333
masupercopine,38334
calvado,38335
marryatoutprix,38336
1bougiepourcharlie,38337
vitre,38338
2heure,38339
plustard,38340
avecmaman,38341
cadeauxanniversaire,38342
pornmode,38343
jesuiscelib,38344
jeprofitedelinstant,38345
rillette,38346
roti,38347
roast,38348
pouletroti,38349
flunch,38350
fastfood,38351
pourlaligne,38352
avec,38353
beaupapa,38354
hypermart,38355
supermart,38356
cheap,38357
teambalotelli,38358
sceaux,38359
presselibre,38360
soireededeuil,38361
pasfaim,38362
jesuisfoudelle,38363
charlieplu,38364
jesuispetit,38365
unterroriste,38366
fieredetremoi,38367
rion,38368
sourion,38369
johnson,38370
garagepunk,38371
shoegazing,38372
vivementleweek,38373
dosado,38374
ilyaecoledemain,38375
twittclasse,38376
viejostiempo,38377
s04e08,38378
lasagne,38379
theart,38380
tyt,38381
villefranchesursaone,38382
lapicardie,38383
jerigoleplu,38384
pascoursjusquelundi,38385
moriarty,38386
themissingroom,38387
crewhiphop,38388
notoveriantojone,38389
iantojone,38390
apoyo,38391
estoyenpari,38392
toutcequinetuepasrendplusfort,38393
soutienlesfrere,38394
retroviseur,38395
meyssan,38396
4ansdevente,38397
ms12,38398
salvatrutcha,38399
lamaraporlavida,38400
jesuisaherblay,38401
ms13,38402
respest,38403
deprimamcomigo,38404
grilleeeeeeee,38405
soniadelaunay,38406
affnico,38407
ohmybro,38408
reallove,38409
laviecestcommeunziziparfposcesrdure,38410
superman,38411
clarkkent,38412
kalel,38413
krypton,38414
lexluthor,38415
prenezjnounmanrendeznouscharlie,38416
cuquezamalvadeza,38417
dessinemoicharlie,38418
pourlemeilleur,38419
pourlepire,38420
francaiskreol,38421
tunespasinteligent,38422
regardnoir,38423
sourireauplacard,38424
windy,38425
soludar,38426
importexport,38427
fangirlproblem,38428
slayr,38429
mecchaud,38430
uaa,38431
cestevident,38432
lelyceeestloin,38433
recuperationpolitique,38434
rasleboldescon,38435
dehorslagauche,38436
viru,38437
mortdecai,38438
emeayllon,38439
jaitroppeur,38440
rmvnym,38441
chestnut,38442
nosliberte,38443
nosdroit,38444
battonsnou,38445
anoscrayon,38446
coquelicot,38447
conasse,38448
commeungosse,38449
cubareal,38450
1messi,38451
1suarez,38452
1neymar,38453
bertille,38454
couplepower,38455
qsi,38456
mameilleureennemie,38457
dieuxdustade,38458
handicapmatch,38459
teamgitanforever,38460
le22h,38461
gueuledefoncee,38462
bdllhhmwdlmfdyfydhmllh,38463
cp,38464
genialissime,38465
calmdown,38466
unsecret,38467
penaldo,38468
musulmanchretiensjuifstousuni,38469
gardoisjusqu,38470
charliespirit,38471
2015seraanousmofucka,38472
charliehebdoonenparletrop,38473
vengeancepower,38474
lionaltymessi,38475
entredeuxchapitresdemath,38476
prendtoutsonsen,38477
mispiernaslosaben,38478
impossibleproject,38479
musulmanschretiensjuifsatheestousuni,38480
roidescon,38481
ripalb,38482
moneyobsession,38483
magret,38484
pierrot,38485
etiennemarcel,38486
centaine,38487
rassemblee,38488
demaindernierpartiel,38489
determinata,38490
divisionspiegesacon,38491
biiiiim,38492
cestgrille,38493
1semainetroplongue,38494
chefdesvente,38495
cjfe,38496
sorbetcuracao,38497
jesuispasdupe,38498
memoiredepoisson,38499
notripod,38500
sapete,38501
bieberfamily,38502
dailyvlogdubai,38503
lamusiqueadoucit,38504
onattendaitqueca,38505
lunuleindienne,38506
indienne,38507
bandedetare,38508
shortnail,38509
bestbestbest,38510
co,38511
meyerbeer,38512
23septembre2014,38513
9h,38514
10minutesdeserieux,38515
noussommesfranck,38516
ballondorafricain,38517
tequilaboumboum,38518
suzelime,38519
kamikaz,38520
bailchelou,38521
noussommesdanslamerde,38522
humourjuif,38523
vivelesmec,38524
cestcon,38525
aucoeutdeletrange,38526
lepuyenvelay,38527
3a,38528
offluke,38529
jesuispasdoue,38530
parabensjulio,38531
keryjamesvoice,38532
fanfic,38533
onsaitjamaisavecvouw,38534
jesuischarliemartel,38535
anticipercestprevoir,38536
unpeuderespect,38537
jesoutienslesmusulman,38538
rentv,38539
prayforu,38540
proclamer,38541
mettre,38542
etre,38543
vivre,38544
aimer,38545
liberteregaliterfraterniter,38546
sweetgirl,38547
princedelamour,38548
tweespalt,38549
motherrepublic,38550
salvemosalelche,38551
urbsrocknroll,38552
everest,38553
cangqu,38554
himalaya,38555
mounteverest,38556
notenougho2,38557
thepeak,38558
topoftheworld,38559
vezinlecoquet,38560
isenbourg,38561
cinqetoile,38562
misslangudoc,38563
missprestigenagional,38564
lhistoirecontinue,38565
fratellikiller,38566
dansmafamillequedesbg,38567
quelquepart,38568
chorbapourtou,38569
speranza,38570
extratime,38571
vivacristorey,38572
nzr,38573
vulgaire,38574
ahou,38575
lesportlachirurgiedupauvre,38576
alfano,38577
episode17,38578
pauvredenou,38579
2015pca,38580
ezanville,38581
tweetcommeaspenn,38582
indocharlie,38583
lesaventuresdenono,38584
furla,38585
ayayayayyyy,38586
freedomisgreat,38587
lejournalvittoujour,38588
aintmine,38589
kicking,38590
ndombolo,38591
teamlingala,38592
arrestmeplease,38593
lestempschangent,38594
imcharlieandmuslim,38595
mecquijouckillpaslepoint,38596
jesuislexpression,38597
