Hashtag,Id
politicalevent,1000
pressforprogres,1001
featured,1002
internationalwomensday,1003
revolverbarweho,1004
rocgrowth,1005
ny1snow,1006
landroverdiscovery,1007
thundersnow,1008
totjuv,1009
ifiwerethelastpersononearth,1010
eyeroll,1011
extremeeyeroll,1012
pun,1013
everybodysfit,1014
mastertrainer,1015
trndnl,1016
gramyourgarden,1017
favoriteplant,1018
wcw,1019
winter,1020
storm,1021
ourtownla,1022
futurefocused,1023
latino,1024
oneofthoseday,1025
veganburger,1026
iwd2018,1027
creatyourfuture,1028
growthmindset,1029
wtfdth,1030
thedillonpose,1031
muse,1032
shineincphotography,1033
snowstorm,1034
instrumentorium,1035
music,1036
instrument,1037
collection,1038
snow,1039
bombshell,1040
acctourney,1041
felinefriend,1042
cat,1043
vtshane,1044
catlover,1045
catcuddle,1046
snowing,1047
thinkwhatyouwant,1048
ilivemytruth,1049
hatersgunnahate,1050
artisan,1051
grenada,1052
chocolate,1053
funnybunnie,1054
easterbasket,1055
legacy,1056
micdropcity,1057
bossbabe,1058
girlbos,1059
entrepreneur,1060
bosslady,1061
love,1062
fashion,1063
womeninbusines,1064
purple,1065
inquiringmindswannaknow,1066
jussayin,1067
sorrynotsorry,1068
thanksobama,1069
iminfamou,1070
yerdoinitwrong,1071
stunning,1072
stylish,1073
afforableluxury,1074
affordablejewelry,1075
youdeservethi,1076
badmadge,1077
badmadgeandcompany,1078
shoplocal,1079
shopsmall,1080
disneyboundchallenge,1081
pixar,1082
disgust,1083
insideout,1084
funny,1085
publicservice,1086
announcement,1087
cerealday,1088
nationalbeheardday,1089
humpday,1090
sugar,1091
wednesday,1092
newmusic,1093
currentmood,1094
daebag,1095
sotong,1096
johayo,1097
goodmusic,1098
hiphop,1099
oneuleun,1100
fire,1101
sc,1102
porsche,1103
repost,1104
atx,1105
texturestory,1106
cvg,1107
nimbleelsewhere,1108
nimbletraveledition,1109
tasteofnation,1110
freshflower,1111
tattoo,1112
imlovinit,1113
creativity,1114
ifihadasuperpower,1115
harissa,1116
saffron,1117
shrinkage,1118
naturalhair,1119
glamourmaneia,1120
setlife,1121
bt,1122
valerielesliephoto,1123
selfportrait,1124
photography,1125
women,1126
theadrteam,1127
unstoppable,1128
service,1129
nycrealestate,1130
noreaster,1131
wind,1132
british,1133
blur,1134
philly,1135
puppy,1136
boilerup,1137
womenshistorymonth,1138
hailpurdue,1139
jtmoore,1140
jtmooremiddleschool,1141
baseball,1142
pitcher,1143
ifundwomen,1144
crowdfunding,1145
blockchain,1146
crypto,1147
icon,1148
ico,1149
dirty30,1150
girlsquad,1151
msmae,1152
underpressure,1153
171intiativecomplaint,1154
thedrron,1155
atlanta,1156
fit,1157
influencer,1158
body,1159
arm,1160
bicep,1161
tricep,1162
video,1163
instavideo,1164
brooklyn,1165
bbcan6,1166
hexbug,1167
stem,1168
thatssonotfakenew,1169
tokensale,1170
cityofangel,1171
flowerpower,1172
snapchatfilter,1173
beautyblogger,1174
misskeyzbeautyreview,1175
outlander,1176
1dayuntilnbtsvideo,1177
mani,1178
thatsuitsyou,1179
image,1180
choose,1181
fact,1182
real,1183
dienamicimage,1184
moodygram,1185
mood,1186
vibe,1187
word,1188
truth,1189
thegoodquote,1190
obsessed,1191
linkinbio,1192
blogpost,1193
riverdale,1194
grownish,1195
whiskey,1196
makersmark,1197
smashbro,1198
dragonballfighterz,1199
fortnite,1200
videogame,1201
bronco,1202
chair,1203
massage,1204
brewery,1205
tearsaway,1206
getwiththetrend,1207
styledbylaairry,1208
stylist,1209
blogger,1210
florida,1211
floridalife,1212
springready,1213
spring,1214
springtime,1215
wewantspring,1216
springstyle,1217
yumm,1218
snowday,1219
isitspringyet,1220
cheese,1221
grandmajonespepperjam,1222
childrensbook,1223
lascruce,1224
newmexico,1225
newmexicolife,1226
newmexicotrue,1227
newmexicosur,1228
dogstagram,1229
usaveng,1230
civicsnight,1231
danielsquadron,1232
futurenow,1233
palmspringsaerialtramway,1234
8516ft,1235
2595m,1236
bffsforlife,1237
onceamonth,1238
lovethislady,1239
loveforsam,1240
samheughan,1241
jamiefraser,1242
maker,1243
seisan,1244
continueyourtrainingwithpatience,1245
alway,1246
library,1247
peabodylibrary,1248
traveling,1249
best,1250
valentine,1251
socialmedia,1252
fashionstudio,1253
dtla,1254
dtlafashiondistrict,1255
lafashiondistrict,1256
labrand,1257
mywrathinclude,1258
top3app,1259
worldkidneyday,1260
dayforwomensrightsandinternationalpeace,1261
palmspring,1262
california,1263
art,1264
getwiththeprogramme,1265
waxwwednesday,1266
lionsavenue,1267
bestbeatmakersworld,1268
wine,1269
notfromhere,1270
boston,1271
massachusett,1272
50usstate,1273
thexfile,1274
kimhoeltjecookie,1275
littlewomen,1276
humanity,1277
survive,1278
mar,1279
columbusindiana,1280
soulcycle,1281
regrann,1282
911onfox,1283
sushi,1284
takao,1285
thebest,1286
losangele,1287
lol,1288
the9oclockmixtape,1289
allergie,1290
icantbreathe,1291
sinuse,1292
endocannabi,1293
freemeek,1294
joyride,1295
airandstyle,1296
tinashe,1297
instagood,1298
vocal,1299
singer,1300
jam,1301
myjam,1302
joblove,1303
pilate,1304
teachertraining,1305
oneminutemotivation,1306
ajjacksoncoaching,1307
ooh,1308
theshedevilwithasword,1309
datenight,1310
mamavip,1311
dadvip,1312
teamvip,1313
thevip,1314
dthendo,1315
waterstreetdistrict,1316
sheetmask,1317
blackinkcrew,1318
thirstweho,1319
djcarisma,1320
djalexd,1321
minxd,1322
relaxmode,1323
stoked,1324
happy,1325
inlove,1326
familytime,1327
redding,1328
businessandpleasure,1329
cherokeehill,1330
sunset,1331
plantbaseddrippin,1332
invernes,1333
lovefl,1334
view,1335
lakehenderson,1336
hamilton,1337
eduham,1338
tigerheat,1339
girlgroup,1340
pop,1341
batpig,1342
seniordog,1343
checkinforcharity,1344
vitamins4kid,1345
dna,1346
universe,1347
shineyourlight,1348
easter,1349
nofilter,1350
queenfest,1351
varietyshow,1352
author,1353
writing,1354
amazon,1355
piar,1356
piarigra,1357
podpischiki,1358
vzaimnaiapodpiska,1359
laik,1360
laiktaim,1361
ovp,1362
bootsybellow,1363
andresrigal,1364
ollyw00d,1365
evitaparty,1366
pumped,1367
bravo,1368
beawarrior,1369
starwarsrebel,1370
toweltuesday,1371
bipolar,1372
bipolardisorder,1373
did,1374
ptsd,1375
chicagopd100,1376
pesolosangele,1377
streetwear,1378
urban,1379
style,1380
authentic,1381
nationaloreoday,1382
happymail,1383
ceeceeskid,1384
prettykid,1385
prettygirl,1386
lavalamp,1387
givethank,1388
light,1389
nifty,1390
halo,1391
angel,1392
angelonearth,1393
holy,1394
lighting,1395
northeaster,1396
shopnow,1397
fuckingchucky,1398
chucky,1399
power80,1400
powerfamily,1401
sweat,1402
newyork,1403
nyc,1404
ramen,1405
wednesdaynightsinvega,1406
classicjewellv,1407
girlswritenowday,1408
internationalworkingwomensday,1409
catfish,1410
acsversace,1411
humpdaydraft,1412
gratitude,1413
marchmatnes,1414
doublelegstretch,1415
motherofedge,1416
philwrightchoreo,1417
cabotcomedyopenmic,1418
biggestbabyshower,1419
hikeitbabyutahcounty,1420
dragon,1421
toddlerlife,1422
momlife,1423
rainbowbaby,1424
kindnes,1425
kindred,1426
family,1427
mywhy,1428
alwaysandforever,1429
momof3,1430
momofboy,1431
fast,1432
backgammon,1433
dog,1434
teamwork,1435
sahale,1436
koreanbbqalmond,1437
dietpepsi,1438
roastedcarrot,1439
womansday,1440
newmusicalert,1441
hiphoptrip,1442
fishnet,1443
swis,1444
carrot,1445
firstcourse,1446
scrumptiou,1447
ema,1448
model,1449
focu,1450
journey,1451
reflection,1452
nordicmade,1453
startup,1454
nomediocre,1455
bakerbeach,1456
engagement,1457
weddingphotography,1458
megatron,1459
enamelpin,1460
malcolmx,1461
elhajjmalikelshabazz,1462
fuckthenoi,1463
nationalcerealday,1464
food,1465
bitter,1466
snoopbelike,1467
ubitchu,1468
90sizbackagain,1469
superherointraining,1470
fitfam,1471
fitnes,1472
gym,1473
gymrat,1474
ab,1475
tourprometo,1476
puebla,1477
tourprometomexico2018,1478
pabloalboran,1479
ohsot,1480
liveyourbestlife,1481
womensday,1482
coffeefix,1483
theblocla,1484
thebloc,1485
wearsthepant,1486
weirdwednesday,1487
gospel,1488
posted,1489
fuckumean,1490
wbw,1491
deathbystereo,1492
teamomazeba,1493
bushninjapark,1494
lentil,1495
soup,1496
dinner,1497
deliciou,1498
skyline,1499
photogrid,1500
surroundyourselfwithlove,1501
surroundyourselfwithgoodpeople,1502
beer,1503
leahthompson,1504
nationalpeanutclusterday,1505
grocerygame,1506
expowest,1507
expowest2018,1508
anaheim,1509
ca,1510
socal,1511
la,1512
naturalfood,1513
ripprince,1514
djlord,1515
letsgocrazy,1516
hashhouseagogo,1517
blt,1518
bloodymary,1519
power,1520
xma,1521
laotzu,1522
sportyourstyle,1523
mitchtheman,1524
centurymartialart,1525
nationalproofreadingday,1526
womensmonth,1527
ilovetoeat,1528
foodporn,1529
foodie,1530
foodlover,1531
makeup,1532
motd,1533
eotd,1534
jeffreestarcosmetic,1535
katvondbeauty,1536
airspunpowder,1537
photooftheday,1538
awesome,1539
invited,1540
aliciag,1541
interview,1542
missingthesun,1543
nosuninla,1544
beachbabe,1545
warmweatherplease,1546
thejoelmchaleshowwithjoelmchale,1547
ladie,1548
girl,1549
sleepingbeauty,1550
misscleobeachcat,1551
catinthelap,1552
santamonica,1553
pourmoralstour,1554
sanfrancisco,1555
alternative,1556
nerdrock,1557
dialasong,1558
womenempowerment,1559
unleashthetwittertroll,1560
10khourswatchparty,1561
mickysweho,1562
hotrod,1563
fun,1564
gatorosso,1565
snatchedthursday,1566
bar10weho,1567
rupaulsdragrace,1568
allstars3,1569
vh1,1570
kinggypsy,1571
morelove,1572
dreamcatcher,1573
omrec,1574
happyhumpday,1575
bashla,1576
starboyweho,1577
therageweho,1578
bfd,1579
mariodiazlovesyou,1580
kimpton,1581
vipbitch,1582
lapeerhotel,1583
now,1584
radiosilencetour,1585
hiphopyouretheloveofmylife,1586
netflix,1587
marvel,1588
superhero,1589
moneygrab,1590
ifthebatcavecouldtalk,1591
jessicajone,1592
buildyourlegacy,1593
haveaplan,1594
tunnelvision,1595
selfconfidence,1596
youbetta,1597
walkofshame,1598
jogging,1599
alwaysthinking,1600
workoutclothe,1601
poem,1602
poet,1603
writer,1604
writ,1605
poemshare,1606
peasandcarrot,1607
sketch,1608
ink,1609
horror,1610
lamantia,1611
clever,1612
devil,1613
pretty,1614
fearful,1615
quoteofday,1616
quote,1617
wordsofwisdom,1618
jamesbaldwin,1619
wargagunung,1620
usa,1621
hollywood,1622
chinesetheatre,1623
feminism,1624
walkoffame,1625
vivalasvega,1626
girlpower,1627
columbusin,1628
spin,1629
personaltraining,1630
indoorcycling,1631
powerofthewomen,1632
diainternacionaldelasmujere,1633
diadelamujer,1634
mum,1635
jewelry,1636
slay,1637
hustle,1638
paparazziway,1639
joinmyteam,1640
askmehow,1641
goforit,1642
happywomensday,1643
powerinnumber,1644
nofilterneeded,1645
iwd,1646
chickswithcheque,1647
tbt,1648
sunrise,1649
album,1650
prometo,1651
cancer,1652
becausesheisawoman,1653
throwbackthursday,1654
thursdaythought,1655
nastywoman,1656
huelgafeminista8m,1657
dailycalm,1658
withoutthew,1659
wearpurple,1660
yearofthewoman,1661
wakeup,1662
slaygoal,1663
repeat,1664
dolcemoda,1665
womenoftheworld,1666
eleanorroosevelt,1667
internationalwomensmonth,1668
bronx,1669
newwork,1670
denzelltheodore,1671
aquariusmale,1672
nyfw,1673
malemodel,1674
weareourchoice,1675
gmorning,1676
fearlessfocu,1677
consistentcourage,1678
goodmorning,1679
venezolanosemprendedore,1680
8demarzo,1681
teamjf,1682
jfgirl,1683
red,1684
equality,1685
phenomenalwoman,1686
international,1687
daughter,1688
mother,1689
wife,1690
sister,1691
grandmother,1692
hope,1693
progres,1694
womenowned,1695
chocolatierjulie,1696
mommyanddaughter,1697
edit,1698
nba,1699
allstar,1700
charlotte,1701
vsu,1702
vuu,1703
ncaa,1704
ncaabasketball,1705
lonuestro,1706
awesomecon2018,1707
afterparty,1708
whoruntheworldgirl,1709
hustlehard,1710
gdwu,1711
chasingbeauty,1712
sunet,1713
inspiration,1714
igerslondon,1715
achievement,1716
girlgang,1717
topliner,1718
pianist,1719
producer,1720
multiinstrumentalist,1721
dalla,1722
texa,1723
encourage,1724
uplift,1725
newfreezer,1726
ladyleshurr,1727
imladyleshurr,1728
gr1me,1729
brum,1730
youtube,1731
soundcloud,1732
nuleshurr,1733
womenrock,1734
strike,1735
doingnothing,1736
read,1737
pinotjohnscreek,1738
womenmaketheworldgoround,1739
rescuecatsofinstagram,1740
adoptdontshop,1741
catsofnyc,1742
anjelliclecatsrescue,1743
womansupportingwomen,1744
hh,1745
thursday,1746
thursdaymotivation,1747
mythought,1748
mindset,1749
thinking,1750
connecticut,1751
fairfieldcounty,1752
newhavencounty,1753
tfw,1754
classical,1755
monolgue,1756
audition,1757
forget,1758
tomboi,1759
townleygirl,1760
celebratewomen,1761
happyinternationalwomensday,1762
lovemaniffest,1763
faypieco,1764
ichooseyou,1765
alwayschooseyou,1766
doyou,1767
beyourself,1768
homehealth,1769
homehealthcare,1770
pt,1771
elderly,1772
oldnotweak,1773
flower,1774
edible,1775
yougogirl,1776
familiacruztucson,1777
respecttheladie,1778
womensright,1779
chocolateforthespirit,1780
morningmood,1781
buildeachotherup,1782
unite,1783
shedaresgreatthing,1784
empowerment,1785
throwback,1786
itwasneveradres,1787
littlewildthing,1788
apressingconference,1789
insprie,1790
internationalwomensday2018,1791
louisville,1792
laurenfaith,1793
laurenkfaith,1794
lk,1795
lkfaith,1796
rememberhername,1797
radarradio,1798
thefutureisfemale,1799
madisonbeer,1800
madisonbeerfanacc,1801
youhavetime,1802
maketime,1803
selflove,1804
selfcare,1805
justdoit,1806
soul,1807
fearles,1808
determination,1809
ladypeep,1810
peep,1811
chic,1812
rompn,1813
local,1814
frown,1815
empoweringwomen,1816
grlpwr,1817
internationalwomansday,1818
femalefounder,1819
mantra,1820
mantraband,1821
mixedmetal,1822
giftgivingsimplified,1823
caldwellnj,1824
myjourney,1825
motivation,1826
succes,1827
inspirational,1828
rollerderby,1829
harlem,1830
sport,1831
shebos,1832
lovely,1833
beautifull,1834
areumdaun,1835
yeoja,1836
sarang,1837
ad,1838
houstonstylemagazine,1839
macy,1840
clothesmentorvillapark,1841
celebrate,1842
ihglife,1843
sowhatsgood,1844
positivethought,1845
globalqueen,1846
sxsw,1847
newhair,1848
bathroomselfie,1849
iammysisterskeeper,1850
history,1851
boybye,1852
20slayteen,1853
peace,1854
upcomingevent,1855
yfnlucci,1856
updatethursday,1857
endoperationstreamline,1858
strongwomen,1859
logophile,1860
thirstythursday,1861
craftcocktail,1862
craftbeer,1863
sunshine,1864
bartender,1865
nosotrasparamo,1866
neverbethesamevideo,1867
childishgambino,1868
kdladie,1869
confidencecoalition,1870
womenataccorhotel,1871
waag,1872
accorhotel,1873
homemade,1874
breakfast,1875
whatelseistheretodo,1876
snapchat,1877
goodideaatthetime,1878
respect,1879
ladybosse,1880
supportwomen,1881
menruinstuff,1882
drseussday,1883
powertothegirl,1884
comedy,1885
action,1886
crime,1887
imdb,1888
dayofwomen,1889
womensmarch,1890
whyimarch,1891
march8th,1892
womenempowerwomen,1893
feminist,1894
paintolathe,1895
beeche,1896
motoguzzi,1897
chicago,1898
femmetribe,1899
meghanmarkle,1900
togetherwerise,1901
wearewomen,1902
beauty,1903
engaged,1904
fusionwedding,1905
namethatstreet,1906
nola,1907
streettile,1908
smile,1909
dreamscometrue,1910
femaleglobalrapper,1911
vocalist,1912
london,1913
happywomansday,1914
happyinternationalwomansday,1915
listentotheuniverse,1916
march8,1917
keepriding,1918
thank,1919
warrior,1920
playlikeagirl,1921
queenthing,1922
whatglassceiling,1923
thickthursday,1924
birthday,1925
heyheyhesamonkee,1926
womeninwine,1927
woman,1928
ilovewomen,1929
ilovewoman,1930
youday,1931
womensday2018,1932
shethinksbig,1933
ladieswhobrew,1934
homebrewing,1935
yoga,1936
naisac,1937
internatinalwomensday,1938
geniusyoongiday,1939
girlsrule,1940
nationalwomensday,1941
world,1942
wearestrongertogether,1943
beautiful,1944
strong,1945
hardtoearn,1946
ripguru,1947
gangstarr,1948
jijisweet,1949
wonderwomen,1950
michelleleestyle,1951
cinemagraph,1952
juicesociety,1953
goldengirl,1954
anaisnin,1955
faystateenglish,1956
sfgiant,1957
dontfollowthecrowd,1958
blazeyourowntrail,1959
avaduvernay,1960
stormreid,1961
oprahwinfrey,1962
weruntheworld,1963
chiwomenmatter,1964
afefame,1965
beautifulgame,1966
friend,1967
breastie,1968
goat,1969
herotwin,1970
nativeamericansuperheroe,1971
nativeamericancomic,1972
auntiep,1973
be,1974
proud,1975
spreadlove,1976
support,1977
circleoflife,1978
shit,1979
damn,1980
artistproblem,1981
ohwell,1982
becomeashewinker,1983
lashdoll,1984
lady,1985
bestfriend,1986
shesmyworld,1987
mermaid,1988
butterfly,1989
janewalker,1990
comic,1991
becauseofcomic,1992
thankyou,1993
football,1994
pbb2018,1995
freetailbrewing,1996
modeling,1997
freelancemodel,1998
altgirl,1999
alternativegirl,2000
intersectionality,2001
womanism,2002
brooklynbjj,2003
jiujitsu,2004
bjj,2005
raisinggirl,2006
werestrongaf,2007
werepowerful,2008
weresuperheroe,2009
lovemyjob,2010
ambeetiou,2011
weekend,2012
doctorsoffice,2013
doc,2014
waiting,2015
crazy,2016
slow,2017
lifteachotherup,2018
staystrong,2019
mostinterestingwomanintheworld,2020
singleengineplane,2021
madamcjwalker,2022
mrstonerzizrightagain,2023
day83,2024
womenwhowork,2025
accounting,2026
cpa,2027
thisiskr,2028
rudra,2029
kaula,2030
mishra,2031
samaya,2032
thebronzeyogi,2033
yogaposer13,2034
kingtaeyeonday,2035
fab5ville,2036
nashvega,2037
pred,2038
toomuchfood,2039
fab5,2040
internationalwomenday,2041
localoffice,2042
happywomen,2043
ilovebeingawoman,2044
mercede1000,2045
downtownstegen,2046
mujer,2047
igualdad,2048
diversity,2049
womensupportingwomen,2050
mujere,2051
drlissa,2052
womenpower,2053
loveourgirl,2054
hortontwin,2055
bestfriendsophia,2056
mom,2057
grandma,2058
everything,2059
jaeslay,2060
bos,2061
nywift,2062
workingmom,2063
femaleentrepreneur,2064
starwar,2065
plannedparenthood,2066
dejaye,2067
rowinamone,2068
makeitagoodday,2069
togetherwearestrong,2070
larwig,2071
leadersoftoday,2072
timesup,2073
equalpay,2074
kimberlyloduca,2075
imaginaryfamou,2076
modellife,2077
actor,2078
bigostop29countdown,2079
wce,2080
her,2081
internationwomensday,2082
march,2083
pinnacleaward,2084
topsalesinrealestate,2085
fourth,2086
powerful,2087
wecandoit,2088
diainternacionaldelamujer,2089
imhavingfunwiththi,2090
makeamericakindagain,2091
giveuslibertyfromrump,2092
lockhimup,2093
impeach,2094
stonerzchoiceoftheday,2095
teamfireinthisbitch,2096
dismantlepatriarchy,2097
itipextension,2098
flattipextension,2099
womenover50,2100
womenover40,2101
mrsstonerzbelike,2102
mrgoldieloc,2103
bartz,2104
horn,2105
bull,2106
chicksrock,2107
wheremyladiesat,2108
ladiestothefront,2109
alphachi,2110
axo,2111
undproud,2112
brookehummel,2113
ice,2114
x4summit18,2115
nationalwomen,2116
godup,2117
dc,2118
amen,2119
neverboring,2120
motherearth,2121
mothernature,2122
dirtylemon,2123
ginseng,2124
health,2125
nutrition,2126
greatbrand,2127
branding,2128
greatnes,2129
beyourownbeauty,2130
womanempowerment,2131
galactic,2132
judygarland,2133
notsorry,2134
sleekdasongtres,2135
musician,2136
lifeofanartist,2137
musiclifestyle,2138
cbc,2139
samm,2140
artisaweapon,2141
southbronx,2142
motthaven,2143
internationaljesusday,2144
femalesarestrongashell,2145
alphaxidelta,2146
armory,2147
psychicmum,2148
strongmum,2149
wisewoman,2150
worth100,2151
you,2152
glow,2153
stronger,2154
womanpower,2155
angelofharlem,2156
besafe,2157
privatepicasso,2158
womenwealthwarrior,2159
shepherdsdoor,2160
faithfullyfashionable,2161
wearestrong,2162
hungry,2163
inthekitchen,2164
petititebutcaneat,2165
didsomeonesaybacon,2166
breakfastanytime,2167
glam,2168
ufhealth,2169
az,2170
weather,2171
wonderwoman,2172
changefood,2173
pinhole,2174
daisylainu,2175
housxsw,2176
bestever,2177
lamujermasbella,2178
grlstrng,2179
5womenartist,2180
ciara,2181
seattleseahawk,2182
russellwilson,2183
wererealestare,2184
everyday,2185
beyou,2186
begloriou,2187
bagel,2188
yum,2189
creamcheese,2190
newsong,2191
wayfarer,2192
dragonsgoorange,2193
queensfortheculture,2194
charlesandrethoma,2195
maryjblige,2196
qotd,2197
shirleychisholm,2198
mableton,2199
diveristy,2200
inclusion,2201
instantpot,2202
notinstapot,2203
iamtrying,2204
fear,2205
failure,2206
life,2207
wecanandwewill,2208
daily,2209
sipandsavor,2210
madebywomen,2211
honoringwomen,2212
opentoserveyou,2213
getittogether,2214
alpharetta,2215
homesforsale,2216
alpharettarealestate,2217
hardcoatstucco,2218
weareallequal,2219
deadhope,2220
ina,2221
portrait,2222
counseling,2223
therapy,2224
anxiety,2225
depression,2226
stres,2227
trauma,2228
aau,2229
afaa,2230
menshealth,2231
womenshealth,2232
expressyourself,2233
standup,2234
fighter,2235
snowdog,2236
rva,2237
brother,2238
acura,2239
wework,2240
wehavefun,2241
atwork,2242
jeffersonpark,2243
mygrandmother,2244
regroup,2245
lululemonscottsdale,2246
today,2247
timeisnow,2248
queen,2249
reina,2250
happyday,2251
celebrating,2252
threatquotient,2253
staycuriousplz,2254
limitedtimeoffer,2255
nasty,2256
acceptance,2257
ancestor,2258
train,2259
coach,2260
sub,2261
teamnoexcuse,2262
traininsane,2263
knowyourworth,2264
knowthyself,2265
loveyourself,2266
pussypower,2267
brb,2268
aunt,2269
elder,2270
mywoman,2271
humanright,2272
loveislove,2273
makethemlook,2274
honor,2275
psnk,2276
imstillherebecause,2277
greekstyle,2278
pizza,2279
thehideout,2280
bmwx2,2281
rolemodel,2282
empower,2283
jediday,2284
bikeathen,2285
thatsmywife,2286
myfavorite,2287
leadbyexample,2288
extralifeunited,2289
strongisthenewpretty,2290
flatirondistrict,2291
manhattan,2292
getsomecolor,2293
roc,2294
michelelauforqvc,2295
curating,2296
dobetter,2297
flipthezip,2298
everydayshouldbewomensday,2299
celebration,2300
woe,2301
nayyirahwaheed,2302
newmom,2303
preggo,2304
themoonmanshop,2305
womenbehindthegame,2306
wrdsmth,2307
unwomen,2308
margo,2309
zoom,2310
operationwalkout,2311
neveragain,2312
superheroe,2313
whatacutie,2314
audreyhepburn,2315
mulberrystreet,2316
firefighter,2317
brotherhood,2318
savinglive,2319
womenownedbusines,2320
columbusohio,2321
thankfulthurday,2322
happybirthday,2323
loveit,2324
streetart,2325
armani,2326
thenewyorker,2327
pitmad,2328
winebos,2329
wineguidelife,2330
ibringthewine,2331
worldwide,2332
vision,2333
architectural,2334
chingona,2335
butterflie,2336
hennessy,2337
fightlikeagirl,2338
bubblysquad,2339
nhd208,2340
ccsd66,2341
fastedcardio,2342
happythursday,2343
myhealthismywealth,2344
realfooddiet,2345
whateverittake,2346
cocomomyrescuedog,2347
hawkeye,2348
femaleempowerment,2349
femaleveteran,2350
veteransondeck,2351
sailing,2352
lunchtime,2353
squadgoalsaf,2354
mommyandme,2355
offthestrip,2356
waruread,2357
readyalit,2358
grey,2359
trainride,2360
yarnaddict,2361
empowerother,2362
shewillkickyourbutt,2363
leiaorgana,2364
navajo,2365
navajonation,2366
navajowomen,2367
mmiw,2368
marasindziani,2369
vosmoemarta,2370
weho,2371
nightout,2372
ballroomrebel,2373
victoryhomegrown,2374
newamericanlager,2375
launching,2376
wildgoosechicago,2377
handmadejewelry,2378
womenartist,2379
fiercebrow,2380
semipermanentbrow,2381
fullerbrow,2382
microblading,2383
catcalling,2384
huelga,2385
idic,2386
llap,2387
goteamflourish,2388
handstamped,2389
pinkboot,2390
flashlightvinyl,2391
nico,2392
velvetunderground,2393
minneapoli,2394
recordstore,2395
xrayfm,2396
tellyourstory,2397
womenincomedy,2398
small,2399
victorie,2400
lupitadalessio,2401
mexican,2402
siempreendomingo,2403
80,2404
badbitche,2405
lasccougar,2406
beagoodperson,2407
blindboysofalabama,2408
bboa,2409
houston,2410
hero,2411
quadriplegic,2412
risottomimosa,2413
tbthursday,2414
freetotsfortheladie,2415
belladine,2416
noladining,2417
strongfemale,2418
jsmrealtor,2419
juansimonrealtor,2420
busines,2421
hive76,2422
queenjaneen,2423
rachel,2424
afterwok,2425
quesadilla,2426
amarachi,2427
bootcamp,2428
eggplantmeatball,2429
buffalochickenmeatball,2430
mygirl,2431
strength,2432
strongwoman,2433
fierce,2434
x4summit,2435
womansart,2436
vagart,2437
chelsea,2438
freedom,2439
blackgirlmagic,2440
joy,2441
buywithvesta,2442
investwithvesta,2443
realestate,2444
wedabest,2445
nomakeup,2446
barre,2447
eastbayadventure,2448
ladydate,2449
seattle,2450
amazoncompanymeeting,2451
badasswomen,2452
beauthenticallyyou,2453
eventspace,2454
justenjoyyourself,2455
chiokedmachi,2456
nowplaying,2457
lamusician,2458
rubaiesart,2459
blackcraft,2460
blackcraftcult,2461
sexyaf,2462
ducklip,2463
eyebrow,2464
onfleek,2465
damngirl,2466
igymfit,2467
tonight,2468
boobie,2469
djforeignauto,2470
jaguarxj6,2471
katherinejohnson,2472
womenwerise,2473
tbt2008,2474
treadmillworkout,2475
studymotivation,2476
almostdone,2477
bwtb,2478
daylightsavingstime,2479
solo,2480
selfie,2481
wehoville,2482
lillypulitzer,2483
easterready,2484
gentlyused,2485
womanstrong,2486
female,2487
girlfriend,2488
wive,2489
ya,2490
lovethi,2491
thi,2492
weareallbeautiful,2493
regram,2494
mycapeispurpletho,2495
justsayin,2496
captain,2497
md80,2498
americanairline,2499
lunchspecial,2500
mobilbartender,2501
eventplanner,2502
lunch,2503
goodvibe,2504
womenwhowin,2505
unspokenangel,2506
thefutureisbright,2507
godofthunder,2508
beyonce,2509
onlyfemaleartistinkitchen,2510
stemeducation,2511
photographer,2512
badassbusinesswomen,2513
salute,2514
rp,2515
ameliaearhart,2516
mividababe,2517
mividamarket,2518
bossmove,2519
ceeceeking,2520
elle,2521
vogue,2522
papermagazine,2523
time,2524
wmursnow,2525
newfreezerchallenge,2526
newchallenge,2527
fly,2528
awp,2529
tampa,2530
loveyah,2531
donut,2532
eatit,2533
workethic,2534
humblebeginning,2535
stayhumble,2536
wip,2537
likewater,2538
h20,2539
textart,2540
wordporn,2541
wwe,2542
wwf,2543
wwenetwork,2544
nxt,2545
michelleobama,2546
education,2547
lenawaithe,2548
yazzledazzle,2549
shewhodazzle,2550
invention,2551
getfit,2552
strengthtraining,2553
jazzercise,2554
forney,2555
thesignaturepearl,2556
epiphanypr,2557
thesisi,2558
ism,2559
herworld2018,2560
denver,2561
whorunstheworld,2562
wordstoliveby,2563
aola,2564
nbtswatchparty,2565
girlbosse,2566
heroe,2567
igotpoppied,2568
poppysalonmn,2569
prioritiesintact,2570
pinkypromise,2571
womenwhowerk,2572
caliente,2573
latina,2574
bringingtheheat,2575
dancer,2576
heat,2577
jenniferfisher,2578
courage,2579
confident,2580
consistent,2581
webguru,2582
letthemeatcake,2583
parisinacup,2584
teatime,2585
oldtowneorange,2586
polkstreetfloristsf,2587
dayoff,2588
dooh,2589
galpal,2590
upperbodyworkout,2591
notsolongago,2592
victorymotorcycle,2593
sloan,2594
painting,2595
artist,2596
haydaveartstudio,2597
taurustwin,2598
womensmarch2018,2599
treatyoself,2600
phenomenalwomen,2601
doggyclient,2602
belvie,2603
sadie,2604
tyson,2605
lovethemsomuch,2606
dogwalker,2607
ilovemyjob,2608
thebaylorproject,2609
nasm,2610
supreme,2611
strongisstrong,2612
focusonyou,2613
focusonyourself,2614
botox,2615
foxreport,2616
waitisthatoffensive,2617
rosaleen,2618
nashville,2619
pushboundarie,2620
slayallday,2621
gogirl,2622
sunday,2623
dubshow,2624
iloveyoucindy,2625
space4women,2626
goddesse,2627
comedygrind,2628
uw,2629
poetry,2630
letterstoablackgirl,2631
pinkie,2632
ipinkie,2633
ipinkietrend,2634
sectourney,2635
cupcake,2636
marchmadnes,2637
ride,2638
die,2639
kc,2640
crew,2641
womenruntheworld,2642
coyg,2643
neverthelessshepersisted,2644
srrangerstool,2645
madeinla,2646
madeincalifornia,2647
bride,2648
pressforprofres,2649
pelvichealth,2650
supportwomanowned,2651
businesse,2652
womenentrepreneur,2653
songwriting,2654
smoke,2655
prhyme2,2656
ournextfemalepresidentmaybe,2657
marchmunchiesmadnes,2658
toronto,2659
intimate,2660
itsfromkate,2661
wrenmiller,2662
bw,2663
igmood,2664
8m,2665
reverb,2666
hello2018,2667
workhardplayhard,2668
bookface,2669
stength,2670
wisdom,2671
teach,2672
laugh,2673
live,2674
li,2675
theselfcarestore,2676
weenteam,2677
vegan,2678
burger,2679
free,2680
lemon,2681
ginger,2682
metoo,2683
internationalfemmesday,2684
selfcaresundayclt,2685
flip,2686
workharddreambig,2687
dumptrump,2688
please,2689
letstellher,2690
jesusfeminist,2691
watchherdance,2692
diainternacionaldamulher,2693
everybodysman,2694
teachthechildrenwell,2695
powerfulwomen,2696
khristinebognot,2697
director,2698
awardsseason,2699
homeworkout,2700
exercise,2701
mariwrap,2702
meday,2703
biggive,2704
pittrina,2705
calmdownimeanfemaledog,2706
austin,2707
superpower,2708
prgirl,2709
superwoman,2710
audrelord,2711
countrymusic,2712
jerseycountry,2713
backroad,2714
country,2715
countryboy,2716
dyw,2717
westernhatstyle,2718
awomansplaceisintheresistance,2719
pivot,2720
buildingcommunity,2721
yesshecan,2722
rip,2723
grace,2724
acoma,2725
dope,2726
badas,2727
womenrule,2728
thunderpussythursday,2729
thunderpussy,2730
pretzel,2731
strongwomenquote,2732
fresh,2733
empoweredwomenempowerwomen,2734
fromonequeentoanother,2735
centralpark,2736
1hotel,2737
scareacelebrity,2738
zenit,2739
leipzig,2740
rbleipzig,2741
europaleague,2742
chapmanmba,2743
queenb,2744
womenwhoempower,2745
caseyalva,2746
birthdayparty,2747
longasilive,2748
wakandaforever,2749
mbaku,2750
oneworldobservatory,2751
djmateosegade,2752
womenbrewer,2753
platformatx,2754
squadgoal,2755
janeaddam,2756
phenomenal,2757
newmusicfriday,2758
brianatwood,2759
waltdisneygirl,2760
genderequality,2761
patiencelayne,2762
princessvip,2763
dreamer,2764
10kwomentrailproject,2765
trailblazer,2766
thanksmom,2767
dancing,2768
teacher,2769
teaching,2770
missyoumom,2771
conference,2772
smart,2773
itsshangela,2774
womenofinstagram,2775
bossbitch,2776
design,2777
oyster,2778
rawbar,2779
shellfish,2780
cheflife,2781
nycfood,2782
foodphotography,2783
earth,2784
wanderlustandcitydust,2785
photoshoot,2786
youcandance,2787
bitmoji,2788
therealladyofleisure,2789
mabel,2790
thursdayvibe,2791
livethelifeyoulove,2792
inseparable,2793
montreal,2794
terral,2795
canada,2796
promotion,2797
bold,2798
morning,2799
new,2800
pix11,2801
whoruntheworld,2802
tolvic,2803
zillowgroup,2804
zgwomensnetwork,2805
zglife,2806
shuri,2807
matterandbone,2808
businesswoman,2809
nintendodirect,2810
shewink,2811
hennabrow,2812
eyebrowsonfleek,2813
eyebrowsonpoint,2814
funwithfitnes,2815
stayfit,2816
war,2817
madmountainmama,2818
listwithchrisbrown,2819
womenwhosupportwomen,2820
beautifulberkeley,2821
cassiala,2822
avenuemavl,2823
selfiechallenge,2824
showyoursupport,2825
livemusic,2826
amadorstyle,2827
smalllotwine,2828
amadorwine,2829
squad,2830
provowomensday,2831
afternoontea,2832
eveningwalk,2833
ilovemydog,2834
badbitchalert,2835
sizzixteam,2836
healthandfitnes,2837
keune,2838
keunecolor,2839
nonewfriend,2840
takethepledge,2841
ivansharrisphotography,2842
yacht,2843
america,2844
france,2845
trustuswevegotthi,2846
buyblack,2847
celestialseasoning,2848
sointernational,2849
beinfinite,2850
pugzilla,2851
diy,2852
transisbeautiful,2853
blackwoman,2854
beyondsuffrage,2855
standupforcomedy,2856
itsagreatcause,2857
day,2858
amazingwomen,2859
supporteachother,2860
greysanatomy,2861
womanonamission,2862
westelm,2863
mywestelm,2864
mug,2865
wehoread,2866
booksoup,2867
1980sphotoshootinspired,2868
iminthehalloffameof,2869
smitten,2870
wearechanging,2871
burtonusopen2018,2872
snowboardingchampionship,2873
burton,2874
haileylangland,2875
luthergives18,2876
nypdwomen,2877
nypdwomensconference,2878
performingart,2879
phoenix,2880
polarbearday,2881
openthatbottlenight,2882
nobrainerday,2883
anosomiaawarenessday,2884
catinaround,2885
catinsun,2886
sebastion,2887
newarrival,2888
mathematiquesmoderne,2889
embracethesuck,2890
byantelmostudio,2891
femaledj,2892
neworlean,2893
surf,2894
snowboard,2895
juliancalifornia,2896
my,2897
scottweiland,2898
performing,2899
velvetrevolver,2900
lomography,2901
boundrywater,2902
itsthelittlething,2903
carreracafe,2904
olympic,2905
bepolished,2906
beyourbest,2907
nailswag,2908
nailart,2909
naildesign,2910
treasureisland,2911
35mm,2912
payamsangel,2913
tuliptree,2914
ombreallday,2915
ombre,2916
newaudioalert,2917
skillwithpeople,2918
coworker,2919
bowtiepapafitnes,2920
microbladingeyebrow,2921
standbyforbodner,2922
chattanooga,2923
bloom,2924
tumeric,2925
tagine,2926
veggie,2927
braisedtofu,2928
bpw,2929
glutenfree,2930
hairpainting,2931
hairartist,2932
angry,2933
homework,2934
order,2935
salmon,2936
nationaldayofaction,2937
internationalswordswallowersday,2938
festival,2939
womeninmusic,2940
beautybar,2941
letsgo,2942
mrwontstop,2943
yyj,2944
mad,2945
olympiclifting,2946
crossfit,2947
superstrong,2948
babydyke,2949
thedinah,2950
tracktuesday,2951
party,2952
racing,2953
tgif,2954
handbag,2955
thriving,2956
flourish,2957
pushup,2958
houstonhall,2959
transformationtuesday,2960
beerhall,2961
stein,2962
28daysofblackcosplay,2963
sopro,2964
southernprovision,2965
laneandgabby,2966
laughter,2967
outfit,2968
tuesday,2969
tubtimewithtate,2970
themeobsession,2971
copywriting,2972
stylesnachslay,2973
blbl,2974
liketkit,2975
foodnetwork,2976
palife,2977
rose,2978
longday,2979
herring,2980
blackcaviar,2981
healthy,2982
organic,2983
nongmo,2984
deardaae,2985
lesmi,2986
lexingtonstylist,2987
extensionexpert,2988
shopstop,2989
dumbobrooklyn,2990
clear,2991
cloudy,2992
manhattanbridge,2993
bnwphotography,2994
inconvenienceyourselfday,2995
publicsleepingday,2996
starrcateringgroup,2997
texturetuesday,2998
dang,2999
coconut,3000
choclate,3001
treat,3002
dessert,3003
gamenight,3004
redlipbar,3005
laurenhill,3006
sangabrielvalley,3007
eastlo,3008
cloud,3009
milehighcity,3010
wintertime,3011
winterwear,3012
hardcore,3013
ilovecat,3014
kitten,3015
ilovekitten,3016
catsofinstagram,3017
disneyland,3018
mickey,3019
overcastday,3020
toosoonforaflashback,3021
internationalpolarbearday,3022
harrypotterforever,3023
ongina,3024
maisonpickle,3025
martini,3026
nike,3027
smashthatshit,3028
phone,3029
dead,3030
cosmetic,3031
skincare,3032
djlife,3033
sculpture,3034
woodworking,3035
shape,3036
texture,3037
museummile,3038
cheapbutchic,3039
healthylifestyle,3040
illustration,3041
doingit,3042
whynot,3043
digitalart,3044
excited,3045
marylinmonroe,3046
filmphotography,3047
canona1,3048
streetdreamsmag,3049
filmgrain,3050
staybrokeshootfilm,3051
joker,3052
smb,3053
na,3054
nypl,3055
ninja,3056
breathe,3057
restore,3058
davidberry,3059
lordjohngrey,3060
comeandgetyerpieon,3061
pizzeria,3062
temple,3063
churche,3064
mosque,3065
found,3066
divine,3067
heart,3068
quadrupledouble,3069
beastmode,3070
basketball,3071
nba2k18,3072
whatagame,3073
itsover,3074
youwantedthi,3075
billyfrancesca,3076
djrayrhode,3077
royalgorgebridge,3078
jumpforjoy,3079
minidonut,3080
ramensan,3081
thatlettucelife,3082
bedlove,3083
hair,3084
forged2fight,3085
ays,3086
streetfighter,3087
wrestling,3088
indywrestling,3089
pwa,3090
wwa4,3091
wwn,3092
ncw,3093
blacklight,3094
takemeback,3095
brunch,3096
instagay,3097
gaybeard,3098
sundayfunday,3099
nationalstrawberryday,3100
maf,3101
marriedatfirstsight,3102
dimetusino,3103
sweetmscandace,3104
djfxla,3105
newcountry,3106
springting,3107
heatwin,3108
punny,3109
avalidreview,3110
delectable,3111
edgy,3112
fashionable,3113
cultured,3114
mardigra,3115
mastermixologist,3116
comicstyle,3117
fingerling,3118
buffalomilk,3119
italy,3120
tigerheatla,3121
drummer,3122
acoustic,3123
kevinshook,3124
jellybean,3125
fruitslice,3126
sampler,3127
bunnyear,3128
bunnytail,3129
carmel,3130
blesson,3131
gelato,3132
actorslife,3133
nationalpancakeday,3134
ihop,3135
naptownmusic,3136
annapolismusic,3137
tighttushytuesday,3138
beache,3139
coneyisland,3140
cocktail,3141
beachesweho,3142
topphysique,3143
marchspecial,3144
mazda,3145
rx7,3146
fc3,3147
falken,3148
finalformusa,3149
superstreet,3150
tx,3151
fitnesspage,3152
personaltrainer,3153
fitnesstrainer,3154
footballltrainer,3155
nationaltoothfairyday,3156
floraldesignday,3157
fitnessmotivation,3158
workoutmotivation,3159
allaboutthefood,3160
breathitin,3161
winterlight,3162
colorsofday,3163
shadowplay,3164
tonightsdinner,3165
shrimpandgrit,3166
homecooking,3167
tranaformationtuesday,3168
open,3169
dance,3170
kingofmen,3171
cornedbeefandcabbage,3172
wing,3173
chicken,3174
facemask,3175
cohosting,3176
pinotspalette,3177
howwedokc,3178
blackpanther,3179
superstar,3180
actres,3181
nationalcigarday,3182
longashe,3183
brandonhardesty,3184
grandopening,3185
westhollywood,3186
modern,3187
petpod,3188
okeechobee,3189
omf18,3190
sneakpeak,3191
ttpmasked,3192
surfing,3193
scubadiving,3194
mma,3195
redondobeach,3196
shehulk,3197
cadem2018,3198
ourlivesmatter,3199
hidalgo,3200
projectduetomorrow,3201
tigger,3202
drpetti,3203
kitty,3204
haveaproductiveweek,3205
hamsarescuedme,3206
yorkiesheltie,3207
familyovereverything,3208
lovemybabie,3209
womancrushwednesday,3210
humpdayhotnes,3211
shoppet,3212
cookup,3213
helpingother,3214
positivity,3215
mycommunity,3216
forthepeople,3217
goanddonate,3218
100suite,3219
acousticduo,3220
dynamicduo,3221
happyhour,3222
santanarow,3223
sangria,3224
napavalley,3225
sake,3226
izakayarestaurant,3227
sanjose,3228
japanese,3229
otoro,3230
dtsj,3231
message,3232
musclehustle,3233
santabarbara,3234
uni,3235
hirame,3236
sashimi,3237
cathysbach,3238
vegasbaby,3239
jumpsuit,3240
furcoat,3241
fauxfur,3242
skoav,3243
shooter,3244
imtheshit,3245
tishtune,3246
torylanez,3247
talent,3248
sob,3249
withlove,3250
facesinthecrowd,3251
showcase,3252
groom,3253
groomsmen,3254
indianwedding,3255
silvercreekcountryclub,3256
barbiesaddiction,3257
cazwellofficial,3258
cazwell,3259
lgbt,3260
lilkimshit,3261
holdthatmoneylikewhoa,3262
bankroll,3263
badbitch,3264
melanoma,3265
premiere,3266
miami,3267
loveandhiphopmiami,3268
loveandhiphop,3269
goodquestion,3270
foodforthought,3271
aboutlastfriday,3272
felicidade,3273
bienvenido,3274
airplane,3275
bathroom,3276
sorryboutit,3277
sang,3278
acapella,3279
onstage,3280
poweroutage,3281
damngina,3282
represent,3283
badboy,3284
puttinthebeerinbeerleague,3285
goleafsgo,3286
indianjoebrewing,3287
191yearsago,3288
simba,3289
ohyea,3290
ohyeah,3291
jesusshuttleworth,3292
balloon,3293
ballon,3294
bro,3295
doyoueven,3296
moemoney,3297
pullupondafbitch,3298
poundcake,3299
dominicanindependenceday,3300
coney,3301
theblackout,3302
black,3303
feelthepower,3304
spirittatstribe,3305
thebronx,3306
letsgetit,3307
nomoneynoswag,3308
gottagetthechick,3309
comeup,3310
makeahaterloveme,3311
vglsocal,3312
tsyfr18,3313
studio,3314
event,3315
hoboken,3316
poetrycommunity,3317
lesson,3318
littlepoem,3319
headsup,3320
happywednesday,3321
venezolano,3322
venezuelan,3323
smallpoem,3324
desire,3325
staywoke,3326
getpaper,3327
maketimeforlove,3328
shortpoem,3329
thelegacytour2k18,3330
scampscomedyworkshop,3331
jamiewileyhair,3332
insomniacsvirtue,3333
cocochanel,3334
quoteoftheday,3335
smithcogift,3336
coffee,3337
thrive,3338
whizwednesday,3339
realdeal,3340
mywife,3341
loveher,3342
gorgeou,3343
auriasmalaysiankitchen,3344
whyknox,3345
knoxvega,3346
hasselblad500cm,3347
120film,3348
morningjam,3349
myboy,3350
fayettevillenc,3351
fayettevillepiecompany,3352
pie,3353
simpstyle,3354
february,3355
solong,3356
shopkin,3357
wildstyle,3358
moosetoy,3359
blindbox,3360
pawprintsonmyheart,3361
hot,3362
cut50,3363
plasticsurgeon,3364
lmao,3365
bh,3366
lasttuesday,3367
topproducer,3368
vacation,3369
travel,3370
travelphotography,3371
wonderwomanwednesday,3372
hiddencityphiladelphia,3373
visitphilly,3374
viewsofphilly,3375
gophiladelphia,3376
ultraboost,3377
mealprep,3378
drat,3379
puzzle,3380
avon,3381
lotion,3382
fragrance,3383
moveon,3384
goal,3385
fitmind,3386
fitlife,3387
ditc,3388
unboxing,3389
unboxme,3390
lolsurprise,3391
collectlol,3392
bbbop,3393
socialbreakfastnyc,3394
tjmandco,3395
tjmandcomediaboutique,3396
louisiana,3397
tub,3398
artserie,3399
mytub,3400
ultraviolet,3401
yolk,3402
eccc2018,3403
heavymetal,3404
getcrackin,3405
edm,3406
trapworld,3407
trapworldmedia,3408
vermont,3409
mountsnow,3410
snowboarding,3411
lashextension,3412
minklashe,3413
pestanaspostiza,3414
realminklashe,3415
waldorfwednesday,3416
detectivecomic,3417
batmanandbatgirl,3418
weddingwednesday,3419
lightwork,3420
aboutlastnight,3421
jfhoop,3422
lulzoftheirish,3423
livelifetothefullest,3424
rzrlife,3425
xp1k4,3426
leavealegacy,3427
growing,3428
glowing,3429
building,3430
plasticsurgery,3431
wordsofwisdomwednesday,3432
wednesdaywisdom,3433
illusion,3434
einstein,3435
water,3436
quality,3437
refreshing,3438
sugarcane,3439
lowimprintonnature,3440
drinkjust,3441
reallytho,3442
classclowntaty,3443
yourewelcome,3444
photosfromhome,3445
biztravel,3446
pug,3447
cavalier,3448
spread,3449
jamoniberico,3450
prosciutto,3451
manchego,3452
petitebasque,3453
salami,3454
rioja,3455
bff,3456
friendship,3457
thechaie,3458
zenergizing,3459
cropmob,3460
reframe,3461
biblestudycollege,3462
communitybaptistchurch,3463
dogsofinstagram,3464
beagle,3465
cold,3466
alphamale,3467
indifference,3468
communication,3469
alanevergreen,3470
amazing,3471
snuggle,3472
frenchielife,3473
frenchilove,3474
frenchbulldog,3475
lilsister,3476
sukeynovogratz,3477
lastweek,3478
actingclas,3479
shoutout,3480
tb,3481
kellykapowski,3482
vero,3483
shakespearean,3484
poordecision,3485
oneworldtradecommon,3486
realty,3487
neworleansrealestate,3488
bridal,3489
needmorecoffee,3490
tired,3491
work,3492
thenewjazzercise,3493
lashlove,3494
lashlife,3495
lashesforday,3496
bookit,3497
multiplestreamsofincome,3498
happines,3499
beatmaker,3500
lashlift,3501
browshaping,3502
ciaa,3503
sourdough,3504
birminghammi,3505
worldhealthstar,3506
awesomecard,3507
firstbaby,3508
babyshowergift,3509
babyfever,3510
babybump,3511
backoftheyard,3512
chitown,3513
chicity,3514
coffeetime,3515
cafe,3516
ultraboostx,3517
working4thewinwednesday,3518
biggienation,3519
babybrain,3520
babygirl,3521
babyboy,3522
babyblanket,3523
etsy,3524
etsysellersofinstagram,3525
etsyseller,3526
legalizeme,3527
impunny,3528
update,3529
autograph,3530
openingday,3531
nymet,3532
nyyankee,3533
met,3534
teethingproblem,3535
girlaftermyownheart,3536
ninemonthsold,3537
hairporn,3538
iamsmart,3539
iamimportant,3540
iamspecial,3541
iamlove,3542
iam,3543
reggae,3544
immahustlegirl,3545
create,3546
computer,3547
wtfisthi,3548
yike,3549
glitch,3550
pickitup,3551
seatedtasting,3552
flight,3553
tastingbungalow,3554
openwindow,3555
henrimatisse,3556
pccctraining,3557
adhd,3558
gotsuit,3559
car,3560
gaslighton,3561
iloveactresse,3562
columbusforsale,3563
columbusrealtor,3564
newmomsgroup,3565
trim,3566
fabric,3567
trimming,3568
textile,3569
homedecor,3570
homefurnishing,3571
dowhatyoulove,3572
encouragement,3573
growthhacking,3574
lessonsandblessing,3575
focused,3576
money,3577
cash,3578
chuckd,3579
eclecticmethod,3580
bacon4life,3581
lobstahroll,3582
readyforspring,3583
creativelifehappylife,3584
klontherun,3585
nyclife,3586
manifestation,3587
grateful,3588
brush,3589
sweeting,3590
entrepreneurial,3591
speaklife,3592
wealth,3593
nomoredrama,3594
ilovesizzix,3595
altsummit,3596
moneylove,3597
financial,3598
instamoney,3599
lead2018,3600
cwuclce,3601
leadershipconference2018,3602
squat,3603
fitgirl,3604
dunkindonut,3605
physicaltherapy,3606
rehabandrevive,3607
werenation,3608
wererealestate,3609
werefunding,3610
buyart,3611
whatiwearbehindthechair,3612
chooseyourattitude,3613
nashvillegram,3614
dylanandcash,3615
oneuldo,3616
palrou,3617
kawaii,3618
movewell,3619
bewell,3620
newbedford,3621
mattapoisett,3622
westport,3623
igymfun,3624
wordfind,3625
magazineporn,3626
deaf,3627
chromenail,3628
cronkiteglobalconversation,3629
humphreyfellow,3630
cronkitehhh,3631
blackhistorymonth,3632
alpharettarealtor,3633
nolaherewecome,3634
drewhoop,3635
kateupton,3636
fanart,3637
afternoonwalk,3638
jfkitchen,3639
tomatosoup,3640
tomato,3641
itswhatwedo,3642
itswhatido,3643
representativeatticascott,3644
keratintreatment,3645
itiswhatiti,3646
cousin,3647
cuz,3648
hi,3649
clothing,3650
line,3651
wearing,3652
white,3653
blog,3654
lovefirst,3655
embracejoy,3656
nocomparison,3657
strawberry,3658
almond,3659
frangelico,3660
welovecookingforyou,3661
limitededition,3662
ttholala,3663
sweatshirt,3664
mafmatiksclothing,3665
giveaway,3666
realtor,3667
nocover,3668
cheer,3669
comedynight,3670
destinationmaternity,3671
getyourtix,3672
mine,3673
blackexcellence,3674
myprince,3675
godj,3676
leader,3677
makinghistory,3678
fortheculture,3679
dab,3680
wilderortiz,3681
mediatraining,3682
fightweek,3683
makingmemorie,3684
freshtrack,3685
morherofedge,3686
bespokecurry,3687
yogi,3688
tourlife,3689
jadeyoga,3690
lennon,3691
videooftheday,3692
volumelashe,3693
winewednesday,3694
avlwine,3695
halfpricebottle,3696
avldrink,3697
avleat,3698
828isgreat,3699
topmarket,3700
silver,3701
gemstone,3702
experiment,3703
explore,3704
shedbarberandsupply,3705
shedbarber,3706
austintx,3707
publicrelation,3708
pradvice,3709
lastsummer,3710
blonde,3711
hairychest,3712
itaintaboutyou,3713
offended,3714
dixienationalforest,3715
usforestservice,3716
brycecanyon,3717
brycecanyonnp,3718
picksoftheweek,3719
mera,3720
aquaman,3721
thestruggleisreal,3722
2018resolution,3723
workoutwednesday,3724
barreclas,3725
balance365fitnes,3726
plie,3727
oilpainting,3728
artista,3729
series3,3730
skysportfitnes,3731
designer,3732
pink,3733
fiestacantina,3734
hockey,3735
pittsburgh,3736
timetorock,3737
readytoroll,3738
keepmovin2k18,3739
beach,3740
spacecilia,3741
dabear,3742
handcrafted,3743
gratefulshred,3744
getgnarly,3745
flourcityhasaposse,3746
wemadeit,3747
virgofullmoon,3748
carryon,3749
tuffdiamond,3750
streetmic,3751
takethecultureback,3752
tionadeniece,3753
roseocean,3754
tidescomingin,3755
meditate,3756
filipinocuisine,3757
kimpetra,3758
mylesmatisse,3759
selfcaresunday,3760
selfcareeveryday,3761
readacrossamericaweek,3762
californiadreaming,3763
sail,3764
spearfish,3765
scubadive,3766
fight,3767
write,3768
kendallsquare,3769
cool,3770
post,3771
venicebeach,3772
marinadeley,3773
confettipop,3774
batthoselashe,3775
lashionista,3776
statuslife,3777
productivestoner,3778
drum,3779
dumb,3780
turkey,3781
inayajanae,3782
eastridgelove,3783
betterirl,3784
jackrussellterrier,3785
jackrussell,3786
jacksofinstagram,3787
rentalasylum,3788
cornwallny,3789
ayoooooo,3790
ohshit,3791
hadmedying,3792
funnyshit,3793
toofunny,3794
rescue,3795
naptime,3796
jkrowling,3797
30daysofinspiration,3798
marinadelrey,3799
bech,3800
sandiego,3801
pb,3802
pacificbeach,3803
diorkathleen,3804
jedsbasement,3805
dentist,3806
healthychurch,3807
drink,3808
spa,3809
wellnes,3810
iecsc,3811
nyspashow,3812
massagelife,3813
mmm,3814
soulofyouth,3815
veganbeauty,3816
organicbeauty,3817
crueltyfree,3818
oscarsbrunch,3819
gayweho,3820
bar10brunch,3821
wehobrunch,3822
naturephotography,3823
thecreatorclas,3824
agameoftone,3825
usole,3826
runchi,3827
burgersandbeer,3828
hedidnotlikeit,3829
notsomuch,3830
emfyathlete,3831
captured,3832
graphic,3833
oscar,3834
thesamballady,3835
nothingtobehappyabout,3836
lafc,3837
jijisweetinthestreet,3838
hamiltourtoo,3839
prep,3840
alpinegrovespark,3841
alisonjanney,3842
theoscar,3843
oscars2018,3844
redcarpet,3845
motherhustler,3846
aprilfool,3847
savage,3848
lalaland,3849
nightclub,3850
bar,3851
currentsituation,3852
followtoseetheworld,3853
poster,3854
flyer,3855
letsdothi,3856
alexa,3857
fishouttawater,3858
oscars90,3859
arie,3860
prettylittlething,3861
jordan,3862
13,3863
arnoldclassic,3864
figure,3865
holyexperimentday,3866
namesakeday,3867
benjaminharrisonday,3868
toysoldierday,3869
brandonnwright,3870
relax,3871
taketimetorelax,3872
timeforyourself,3873
metime,3874
trailrunsunday,3875
gay,3876
gayboy,3877
queer,3878
pump,3879
pumprestaurant,3880
slush,3881
roadtrip,3882
halfmoonbay,3883
samschowderhouse,3884
djfrankie86,3885
djjoshpeace,3886
jadz,3887
sanjacinto,3888
parkave,3889
blackoutforblackhistory,3890
blackhistory,3891
deer,3892
ashleyjudd,3893
instaguy,3894
guy,3895
gayguy,3896
gayman,3897
gayfashion,3898
gaytravel,3899
hunteeshirt,3900
bonfireatl,3901
blush,3902
greenery,3903
podcast,3904
erasmush,3905
collegeprep,3906
challenge,3907
saintpiransday,3908
casimirpulaskiday,3909
handwrittenbyhale,3910
formation,3911
monday,3912
theweekend,3913
needmoresleep,3914
thewoodland,3915
baristanightoff,3916
sandiegofunday,3917
hangingloose,3918
seagull,3919
seagullsofinstagram,3920
warm,3921
dry,3922
wehopickup,3923
whitneyhouston,3924
savingallmyloveforyou,3925
vinylporn,3926
magicmenlive,3927
girlsnight,3928
whoohoo,3929
jonhhenton,3930
livingsingle,3931
arlingtonimprov,3932
colorado,3933
weedforwarriorsproject,3934
weedforwarrior,3935
flamingsaddlesw,3936
aboutthebenjamen,3937
1920sparty,3938
ootd,3939
sequin,3940
quiche,3941
broccoli,3942
ouch,3943
armipagan,3944
thetimmy485,3945
jazzerciseinstructor,3946
sparklingwine,3947
couchtime,3948
sundayvibe,3949
virginia,3950
weedporn,3951
iwillmarrymary,3952
passiontopaycheck,3953
itssundaysbest,3954
foe,3955
preacherskidsflo,3956
churchswagg,3957
daughtersofpastor,3958
fantasy,3959
wettherope,3960
threadbare,3961
nationalmaplesyrupday,3962
r,3963
teamdh,3964
eccc,3965
genderparity,3966
awarenes,3967
counrtygirl,3968
guide,3969
howto,3970
letitgo,3971
bestanimatedfilm,3972
imdblive,3973
yojoe,3974
chill,3975
bodybybrooklyn,3976
steamroom,3977
ny,3978
zen,3979
bailmain,3980
bailmainpari,3981
chosenone,3982
ownit,3983
overcomer,3984
ineedmoreclothe,3985
kingkong,3986
weddingnail,3987
nychalf,3988
supersoulsunday,3989
receive,3990
surrender,3991
magic,3992
manifested,3993
rosegold,3994
sundaynightvibe,3995
vegasnight,3996
aestheticsspa,3997
stormvibe,3998
shoe,3999
tompettytribute,4000
sundaysnuggle,4001
hairgoal,4002
bob,4003
nationalabsintheday,4004
ringthealarm,4005
relaxing,4006
refilled,4007
boheimanweddingdresse,4008
modernbride,4009
bridestl,4010
achievegreatnes,4011
dontaskpermission,4012
loseyourpant,4013
girlsnightout,4014
gno,4015
ollie,4016
cutie,4017
sweetheart,4018
lovehimsomuch,4019
dogsitting,4020
savealife,4021
savelive,4022
bayarea,4023
cartelmoney,4024
djerok,4025
beat,4026
visual,4027
puertorico,4028
hailcobra,4029
verge,4030
ianastbury,4031
billyduffy,4032
thecult,4033
shot,4034
taken,4035
during,4036
fairfax,4037
laikivzaimno,4038
sf,4039
sfsigra,4040
available,4041
bandcamp,4042
chicagomusic,4043
chicagodj,4044
house,4045
destinationimagination,4046
adventure,4047
epcot,4048
disneyworld,4049
threecaballero,4050
followme,4051
dumbdumb,4052
pacebound,4053
amnhsleepover,4054
amnh,4055
lanight,4056
sheready,4057
tiffanyhaddish,4058
pic,4059
westcoast,4060
allstarweekend,4061
vzaimnyelaikiipodpiska,4062
disneysmmc,4063
krysshun,4064
busy,4065
poolside,4066
earlier,4067
the,4068
brokenspirit,4069
pdx,4070
theshapeofwater,4071
rest,4072
newyorkcity,4073
georgia,4074
eurasia,4075
pork,4076
lonza,4077
cured,4078
iwasinfertile,4079
businesscard,4080
lkfaithenterprise,4081
joegauthreaux,4082
djleanh,4083
hangover,4084
primesteakhouse,4085
lasvega,4086
timolstadmusic,4087
bestactor,4088
winstonchurchill,4089
chicagobotanicgarden,4090
succulent,4091
cactu,4092
espina,4093
blancoynegro,4094
littlelily,4095
francesmcdormand,4096
bestactres,4097
djroland001,4098
barolo,4099
steakhouse,4100
caesarsalad,4101
frenchonionsoup,4102
truffle,4103
worldbrailleday,4104
tomthumbday,4105
nationaltriviaday,4106
steak,4107
aunduhestemated,4108
darkesthour,4109
photobomb,4110
freethereal,4111
fuckthefake,4112
aka,4113
thegoldenjet,4114
year,4115
old,4116
curry,4117
littletokyo,4118
artznsarita,4119
houseofleader,4120
scottie,4121
olivia,4122
scott,4123
9oscar,4124
acadamyawards2018,4125
oscarafterparty,4126
bestie,4127
undefeated,4128
iitstrey,4129
heyrafi,4130
guillermodeltoro,4131
shapeofwater,4132
nikivsnicole,4133
giambattistavalli,4134
iflyalaska,4135
otrcsweepstake,4136
theonigiriart,4137
yujiahu,4138
sushitime,4139
downcast,4140
burlington,4141
a7sii,4142
nye,4143
humboltpark,4144
glitterserie,4145
ebullitionrecord,4146
garyoldman,4147
making,4148
own,4149
dream,4150
recordingartist,4151
series2,4152
rumandcoke,4153
clippernation,4154
stgeorge,4155
run,4156
likenoother,4157
month,4158
seniorday,4159
remember,4160
big,4161
name,4162
film,4163
adamantium,4164
bullettraintovega,4165
justme,4166
changeiscoming,4167
celebratedifference,4168
getout,4169
whyilovemovie,4170
goodnew,4171
theprofessional,4172
jeanreno,4173
sky,4174
blessed,4175
nycfashionweek,4176
streetstyle,4177
wildlifephotography,4178
wildlife,4179
canon,4180
coneja,4181
tochtligang,4182
bangbang,4183
carrotlife,4184
earliertoday,4185
sacredstar,4186
scorpio,4187
ejaf,4188
ejafoscar,4189
academyaward,4190
halubooo,4191
battlearmour,4192
accessorie,4193
ivegotthi,4194
happymonday,4195
prioritize,4196
wickedground,4197
oxymoron,4198
whatagirlwant,4199
whatagirlneed,4200
queendom,4201
latertonight,4202
homeschool,4203
homeschoolingmom,4204
stayathomemom,4205
momsofinstagram,4206
momsmaketheworldgoround,4207
sahm,4208
upandatem,4209
adapt,4210
acsend,4211
achieve,4212
wyd,4213
imbusy,4214
beherenow,4215
meditation,4216
porchlife,4217
magenta,4218
motherdaughter,4219
goddessrising,4220
womenunite,4221
divinefeminine,4222
triathlontraining,4223
oscarredcarpet,4224
oscardres,4225
oscarfashion,4226
gardenplan,4227
farmlife,4228
gardening,4229
poaronthego,4230
streetphotography,4231
bu,4232
jellycat,4233
oscardresse,4234
palla,4235
imbrance,4236
homespunchic,4237
coneyislandbeach,4238
dontbetangry,4239
betan,4240
patientexperience,4241
customerservice,4242
healthcare,4243
debate,4244
sdoh,4245
quiz,4246
stayready,4247
homeschooled,4248
homeschoolingfamily,4249
mondaymorning,4250
chore,4251
colonelbradleyduke,4252
dukesinhouston,4253
mondaymotivation,4254
trollsparty,4255
sensimagla,4256
bethechange,4257
bethereason,4258
we,4259
oprah,4260
ava,4261
therealdaytime,4262
wendy,4263
whoopigoldberg,4264
theview,4265
shoshin,4266
donnaroland,4267
imageconsultant,4268
architecture,4269
architecturephotography,4270
dragonballz,4271
cartoon,4272
goku,4273
kitchenrenovation,4274
abundance,4275
mondaymorningmotivation,4276
blindball,4277
carebear,4278
gwurepresenter,4279
gettowork,4280
coworking,4281
davislibrary,4282
overnightoat,4283
sharewell,4284
hsmfashion,4285
harleyquinn,4286
koreancoffee,4287
maxim,4288
browbabe,4289
toplashe,4290
mondayvibe,4291
dallasrealestate,4292
timetosell,4293
sparklelikeyoumeanit,4294
salvationfurniturebytammy,4295
mondaymantra,4296
renttherunway,4297
beautydirector,4298
social,4299
welp,4300
scared,4301
dontshootthemessenger,4302
fba,4303
amazonseller,4304
jenniferlawrence,4305
octaviaspencer,4306
violadavi,4307
allisonjanney,4308
changeyourlife,4309
savvy,4310
fashionblog,4311
nostres,4312
peaceofmind,4313
harmony,4314
spiritual,4315
redsox,4316
redsoxnation,4317
redsoxfan,4318
redsoxbaseball,4319
sandrabullock,4320
tupac,4321
patience,4322
positivequote,4323
thinkpositive,4324
faith,4325
positivemind,4326
positivevibe,4327
themorningaftershow,4328
dtlrradio,4329
asheville,4330
night,4331
purebarre,4332
ltb,4333
hiittime,4334
twoaday,4335
pentagoncity,4336
newopportunitie,4337
latergram,4338
rhony,4339
believe,4340
belief,4341
midset,4342
realtalk,4343
darling,4344
reality,4345
dalmatiansofinstagram,4346
dalmatiannation,4347
dalmatian,4348
dalmatianspotlight,4349
instadalla,4350
robertlongo,4351
icebreaker,4352
google,4353
womentechmaker,4354
manicuremonday,4355
manimonday,4356
holographicnail,4357
duxbury,4358
noschool,4359
maga,4360
trumpsupporter,4361
ericholderisafraud,4362
sbinthemorning,4363
theincredible,4364
getmorehappy,4365
jaebrand,4366
dopeassblog,4367
proandcon,4368
1stworldproblem,4369
cry,4370
toolofthetrade,4371
makeityour,4372
bespokefashion,4373
12daysandcounting,4374
startthedayright,4375
wwenxt,4376
wearenxt,4377
fiesta,4378
butgod,4379
cofcflyin2018,4380
slowfashion,4381
sustainablefashion,4382
lovequote,4383
charmnecklace,4384
bananaicecream,4385
nicecream,4386
protein,4387
newpost,4388
mcm,4389
fuckery,4390
breakfastofchampion,4391
sewinspecial,4392
bundlesincluded,4393
booknow,4394
openingsthisweek,4395
atlantahair,4396
buckhead,4397
babycake,4398
mymigraine,4399
myheart,4400
employeeappreciation,4401
interpublicgroup,4402
neednonegativity,4403
columbusindian,4404
confluencepark,4405
motivationmonday,4406
nycweddingplanner,4407
mancrushmonday,4408
universalstudio,4409
boy,4410
jurassicpark,4411
finally,4412
radiofreekjlh,4413
musclemamamonday,4414
back10cellar,4415
blueskie,4416
fatbiking,4417
vetex,4418
cosplay,4419
backstage,4420
pearl,4421
congrat,4422
winner,4423
get,4424
out,4425
minimuralmonday,4426
nhd2018,4427
hechoenmexico,4428
mexicanpaguer,4429
cdmx,4430
airbrushmakeup,4431
titania,4432
stagemakeup,4433
itsmyfavehangoverphoto,4434
freeshow,4435
friendshipoutting,4436
onliner,4437
lashlover,4438
12weektotalbodytransformation,4439
deanstockwell,4440
darkage,4441
skirmish,4442
snoopy,4443
charliebrown,4444
snoopyofinstagram,4445
peanut,4446
peanutsofinstagram,4447
inspirationalmonday,4448
knitfastdiewarm,4449
makeitblissfull,4450
manicmonday,4451
mondaymood,4452
asf2016,4453
arnoldclassic2016,4454
arnoldstatue,4455
desert,4456
growth,4457
meatlessmonday,4458
livinglavidacastro,4459
wedding,4460
engagementring,4461
londonellisfashion,4462
pickupjazz,4463
keyboard,4464
improv,4465
bluetiqueoxford,4466
oxfordohio,4467
vol,4468
milwaukee,4469
raw,4470
wellnesspursuit,4471
yogini,4472
yogaeverydamnday,4473
yogadaily,4474
singing,4475
boynemountain,4476
peoplesnowboard,4477
newbook,4478
bookstagram,4479
sciencefiction,4480
scifi,4481
howtostoptime,4482
psa,4483
atcq,4484
hotsex,4485
hsmspotted,4486
offset,4487
quavo,4488
cardib,4489
madonna,4490
migo,4491
rap,4492
rapper,4493
skiing,4494
diamondpeak,4495
bestview,4496
workinprogres,4497
handcarved,4498
farmlot59,4499
floatingby,4500
expopark,4501
washedout,4502
moonday,4503
cycloneredbone,4504
surprisestadium,4505
springtraining,4506
lostboyssuck,4507
fitalumni,4508
placentaencapsulation,4509
upatthreeam,4510
city,4511
confidence,4512
photo,4513
bikini,4514
allnatural,4515
boymama,4516
newborn,4517
happymoment,4518
happymom,4519
marmirostone,4520
naturalstone,4521
interiordesign,4522
losgato,4523
lala,4524
eltonjohn,4525
aid,4526
blue,4527
tree,4528
pine,4529
scenicny,4530
mondayblue,4531
rudeawakening,4532
brianattwood,4533
nv,4534
lovelikeasunset,4535
whatudo,4536
whatudoing,4537
whatyoydoingnow,4538
doit,4539
stoplyin,4540
justsaying,4541
lashbabe,4542
lashesforlife,4543
bestshitever,4544
mystpaul,4545
comeseeu,4546
onlyinmn,4547
altblack,4548
whoisonetakecarter,4549
solomonkane,4550
nephew,4551
hotstuff,4552
bebrave,4553
worthit,4554
vanityfairoscarparty,4555
fortunecookie,4556
cookie,4557
fortune,4558
chinese,4559
chinesenewyear,4560
vino,4561
toosoon,4562
tooearly,4563
createdwithadida,4564
leftover,4565
sign,4566
signsofnyc,4567
question,4568
fillintheblank,4569
hairbymarissamoran,4570
flashlift,4571
redken,4572
tampasalon,4573
phantogram,4574
smokey,4575
nancy,4576
ywm2018,4577
shopping,4578
itlistcalifornia,4579
muchmusic,4580
acecee,4581
hotasianguy,4582
gameboi,4583
gameboila,4584
ishotasian,4585
tiamowry,4586
bundleofjoy,4587
bunintheoven,4588
mommytobe,4589
pregnant,4590
yesterday,4591
lovelyplace,4592
picture,4593
ocean,4594
bigbubble,4595
walkingaround,4596
cartrip,4597
gameboievent,4598
happydance,4599
gct,4600
eltonjohnoscarparty,4601
beintentional,4602
businessbootcamp,4603
innercircle,4604
bebold,4605
irish,4606
norafleming,4607
entertainingsimplified,4608
msjasminemaster,4609
potata,4610
chihuahuasofinstagram,4611
jeffreyshowlive,4612
showgirlsweho,4613
springbreak,4614
washyourhand,4615
share,4616
33rdst,4617
pathstation,4618
makeoutmondayz,4619
vintageinnapavalley,4620
goblue,4621
umich,4622
bigten,4623
midtownmanhattan,4624
instaglenhanson,4625
minomonday,4626
masterpiece,4627
mce,4628
highlight,4629
eumag,4630
wineoseu,4631
midtownwest,4632
goodwillsale,4633
garmentdistrict,4634
disney,4635
mtasubway,4636
34thst,4637
pennstation,4638
makemondayzgr8again,4639
givethyselfahellyeah,4640
andthatsgonnabethebottomlineoftheday,4641
champion,4642
hail,4643
p2tg,4644
shrimp,4645
lawrencefisherie,4646
grub,4647
mustknowmonday,4648
olth,4649
trump,4650
myerafuckyourera,4651
babyfarm,4652
goodtime,4653
teamstonerzinthisbitch,4654
lashartist,4655
lashday,4656
weloveadina,4657
maplesyrup,4658
sugaring,4659
dummerstonvt,4660
likeforlike,4661
picoftheday,4662
vermontlife,4663
bike,4664
greatday,4665
songwriter,4666
guitar,4667
russsolomon,4668
spacecamp,4669
doge,4670
instadog,4671
huskyshepherd,4672
shepsky,4673
shepherdmix,4674
matcha,4675
mixfashion,4676
dalclub,4677
thankful,4678
livingthedream,4679
crispybrow,4680
crispybrowsstudio,4681
kidbobot,4682
woodside,4683
castillobrother,4684
teamworkmakesthedreamwork,4685
dadjoke,4686
mayarudolph,4687
emptymfa,4688
murakami,4689
jennifergarner,4690
aeroblizzard,4691
blizzy,4692
iloveyou,4693
artwork,4694
laart,4695
imokwiththat,4696
fuckthefakeshit,4697
wisesupreme,4698
comesailaway,4699
piscesseason,4700
geekswhodrink,4701
pubquiz,4702
hamburgermarysweho,4703
jacyrock,4704
geek,4705
elegant,4706
therewillbehater,4707
mondaymeme,4708
lalgbtcenter,4709
youarelovedbymany,4710
mrstonerzbelike,4711
vzaimnyepodpiski,4712
myhusbandiscancerfree,4713
hostsneworlean,4714
iceland,4715
longhair,4716
katespade,4717
margaritamonday,4718
newchair,4719
samepose,4720
dogslife,4721
justchillin,4722
lunchbreak,4723
turnup,4724
milanchristopher,4725
bareminimum,4726
color,4727
bored,4728
stoic,4729
newprofilepicture,4730
flyfam,4731
consciouscanine,4732
tahoe,4733
nopole,4734
nofear,4735
blacksun,4736
isamunoguchi,4737
spaceneedle,4738
modpizza,4739
prettyinpink,4740
tampahairstylist,4741
colorcorrection,4742
polisheddip,4743
elcboston,4744
kendricklamar,4745
johnfogerty,4746
zztop,4747
foreigner,4748
lynardskynard,4749
joanjett,4750
facebook,4751
makeupbymarissamoran,4752
weddingsbymarissamoran,4753
future,4754
movingforward,4755
dorchesterma,4756
careeraftercancer,4757
seminar,4758
girltime,4759
daydrinking,4760
industrybestie,4761
mydayone,4762
booth1708,4763
momcandidate,4764
nascar,4765
powerpose,4766
1wtc,4767
signerose,4768
flyeaglesfly,4769
daylight,4770
running,4771
great,4772
pain,4773
adr,4774
fdr,4775
tribeca,4776
wed,4777
vlog,4778
ourlove,4779
fiftyplu,4780
shero,4781
saxgirl,4782
heartbeat,4783
doubleadwednesday,4784
kombucha,4785
blackandwhite,4786
luistapia,4787
nmma,4788
papermache,4789
mbbablackbar,4790
paulalead,4791
aasorenxnyc,4792
waitingfortheweekend,4793
nycblogger,4794
premmeirl,4795
eloisemonroe,4796
babywheezu,4797
twoyearsold,4798
abc,4799
heathychurch,4800
oreo,4801
lululemon,4802
openspace,4803
whispielashe,4804
prettylashe,4805
pestana,4806
thebird,4807
eame,4808
eameshousebird,4809
suzanneplushette,4810
tippihedren,4811
imbackatit,4812
gymmotivation,4813
fungi,4814
aubergine,4815
rice,4816
comfortfood,4817
kitchen1214,4818
ubds,4819
knittersofinstagram,4820
coffeeislife,4821
iphonex,4822
shoptheroostnapa,4823
pleaseshoplocal,4824
napastyle,4825
masterclas,4826
taking,4827
credit,4828
grandcentral,4829
pumping,4830
doggo,4831
pupper,4832
puppiesofinstagram,4833
teamcopper,4834
teammochi,4835
cooperhewitt,4836
museum,4837
danhvo,4838
guggenheimmuseum,4839
sciencefair,4840
planasolovacationday,4841
pigday,4842
wearyellowday,4843
offwhite,4844
jumpman23,4845
jordan1,4846
offwhite1,4847
soletoday,4848
solecollector,4849
complexsneaker,4850
dinneratthegrotto,4851
desk,4852
girlswholift,4853
yasqueen,4854
shelterdogsofinstagram,4855
teambuilding,4856
dmv,4857
amzthemarvelou,4858
collectart,4859
dimsum,4860
ourson,4861
alternating,4862
lunge,4863
dimpledchadday,4864
greeneye,4865
humpdayyy,4866
yournexthome,4867
losangelesblade,4868
ageofaquaria,4869
wehocity,4870
themelancholyguy,4871
miniupfront,4872
barrefitnes,4873
pulse,4874
tampahair,4875
paleo,4876
poc,4877
can,4878
craftcan,4879
nighthawk,4880
redhair,4881
hiitworkout,4882
pac,4883
humpdaymotivation,4884
joycewrice,4885
remix,4886
rnb,4887
jazz,4888
waddleandfriend,4889
yearofthedog,4890
lunaryear,4891
hennessyxo,4892
laced,4893
laceclosure,4894
kamelashcollection,4895
nationalblackwomeninjazzandtheartsday,4896
workout,4897
puking,4898
healthyisthenewskinny,4899
wisdomwednesday,4900
recharging,4901
volleyball,4902
fullmoon,4903
swipeleft,4904
lacefrontal,4905
highmaintenance,4906
johnscreek,4907
in,4908
goddes,4909
lacefrontalsewin,4910
womancrushwedensday,4911
fakenew,4912
dirtmovie,4913
conan,4914
pateencroute,4915
windowdisplay,4916
displaywindow,4917
dailyart,4918
samiljeol,4919
tatetullierphotography,4920
zerodiscriminationday,4921
sogood,4922
oscarfilm,4923
angelaportlandia,4924
rockchalk,4925
vega,4926
neyer,4927
thenormalgirlpodcast,4928
balckmagic,4929
retro,4930
90,4931
bubble,4932
specialfriend,4933
vodka,4934
allthevodka,4935
quotestoliveby,4936
inspirationalquote,4937
lulubelle,4938
classicjazz,4939
latenight,4940
writerslife,4941
soulfood,4942
favoritegenre,4943
schwarzenegger,4944
austrian,4945
fuego,4946
brewyardbeerco,4947
pilotbatch,4948
mentalhealth,4949
wednesdaynight,4950
mpmongolianbbq,4951
mpmongolian,4952
menlopark,4953
manprayer,4954
becauseitstartswithu,4955
loveliftedme,4956
resdogsnyc,4957
artisticbraindamageent,4958
lindavino,4959
heek,4960
stiletto,4961
scottsdale,4962
single,4963
meanseason,4964
sparkmarker,4965
unityhc,4966
blowweho,4967
hotguy,4968
muscle,4969
sexy,4970
drag,4971
dragqueen,4972
allusiatogo,4973
livenation,4974
gayla,4975
worldcomplimentday,4976
sacramento,4977
buyingahome,4978
sellingahome,4979
dotherightthing,4980
greenflash,4981
flag,4982
seriously,4983
allin,4984
lockedup,4985
warriorsvshawk,4986
honeyextractor,4987
gogocowboy,4988
flamingsaddlesweho,4989
shezapk40,4990
ventura79,4991
latergeam,4992
osunlade,4993
dj,4994
chicagofemaledj,4995
deep,4996
thought,4997
guardianangel,4998
toyedmachi,4999
antique,5000
collectible,5001
vintagetoy,5002
comicbook,5003
sportscard,5004
nationalhorseprotectionday,5005
davidlynch,5006
neko,5007
sun,5008
tatainti,5009
ra,5010
nature,5011
dailynature,5012
djbenla,5013
blowfriday,5014
joesparx,5015
brettsaariphotography,5016
rhealitre,5017
xtravagram,5018
martinguigui,5019
nineeleven,5020
clubjete,5021
abianneoliver2,5022
shredded,5023
fml,5024
rain,5025
grandavenue,5026
viewsfromthebu,5027
vw,5028
volkswagen,5029
holiday,5030
nicaragua,5031
leggo,5032
kindasick,5033
ughhhh,5034
elpoderenti,5035
landscapephotography,5036
sunsetsession,5037
cloudporn,5038
jacklit,5039
ncorsano,5040
davehallnyc,5041
booze,5042
calmneforethestorm,5043
manhattanbeach,5044
stacy,5045
stdoftheheart,5046
comedyshow,5047
comedian,5048
bigguy,5049
quadcitie,5050
jattyrobinson,5051
rashadbashir,5052
goosebump,5053
diffrentworld,5054
facts,5055
uhuhuh,5056
fiyah,5057
hilariou,5058
coreyhale,5059
valerie,5060
harlemnightsbar,5061
averyharden,5062
averyhardhiphop,5063
entertainer,5064
passion,5065
q,5066
killingmesoftly,5067
tyrone,5068
erykahbadu,5069
laurynhill,5070
robertaflack,5071
losing,5072
sing,5073
greatmusic,5074
thevibe,5075
liveband,5076
weinlove,5077
igotatype,5078
justkidding,5079
maybe,5080
sorta,5081
goodnight,5082
moviemaker,5083
charlixcx,5084
optimismwin,5085
thingsthatmakeyousayhmmm,5086
musicstateofmind,5087
toptag,5088
goodmorningpost,5089
woodstock,5090
stpatricksday,5091
loveoverlatte,5092
trip,5093
springfashion,5094
standout,5095
resale,5096
tinyactionfigure,5097
kickas,5098
venezuela,5099
morningwalk,5100
almosthere,5101
schoolday,5102
garden,5103
dreaming,5104
lush,5105
appliquequilt,5106
ovbrantleyquilt,5107
representationmatter,5108
tchalla,5109
morninggreeting,5110
peaceloveandblessing,5111
believeinyourself,5112
defyallodd,5113
reboot,5114
paz,5115
coloredacrylic,5116
gold,5117
swarovskicrystal,5118
rainraingoaway,5119
reversehappyhour,5120
improsecco,5121
futurezahir,5122
appreciation,5123
takeadvantage,5124
bigthing,5125
littlething,5126
moon,5127
star,5128
sicknes,5129
springiscoming,5130
springevent,5131
springwedding,5132
puppetmaster,5133
khloekardashian,5134
march2018,5135
birthdaymonth,5136
thisshirtsaveslive,5137
crazyanimallover,5138
ilovedog,5139
doglover,5140
maryanncjohnson,5141
carlyflower,5142
elnopal,5143
happymarch,5144
marzo,5145
newmonth,5146
behappy,5147
fabulou,5148
weightlossjourney,5149
popsocket,5150
saintdavidsday,5151
hilton,5152
yelpreview,5153
10percentoffnextservice,5154
nyclashe,5155
socialworkmonth,5156
hellomarch,5157
shamrockfest,5158
springbulb,5159
getpt1st,5160
physicaltherapist,5161
fightforthebite,5162
teammk,5163
lifeistobecelebrated,5164
lifeistobeenjoyed,5165
happyplace,5166
namaste,5167
stretch,5168
innerpeace,5169
stability,5170
drakenight,5171
rosebud,5172
coworkinglife,5173
westu,5174
coffeeismydrug,5175
inguadwetrust,5176
shower,5177
showersofflower,5178
riseandgrind,5179
dreambig,5180
grindingseason,5181
realgrinding,5182
hardwork,5183
letsgetreadytorumble,5184
godzilla,5185
ilovemovie,5186
teaser,5187
movieart,5188
posterart,5189
kaiju,5190
nationalweddingplanningday,5191
extension,5192
easymakeup,5193
easymorning,5194
aprilrainsong,5195
langstonhughe,5196
alwayslove,5197
thecountryneedsaxanax,5198
thursdaynes,5199
thursdayseasoning,5200
mayaangelou,5201
feelitonthefirst,5202
mammogram,5203
worldbookday,5204
itsmagic,5205
lordlife,5206
savageaf,5207
bhm,5208
beerswiththebrewer,5209
lorenzolive2018,5210
grande,5211
penguin,5212
falling,5213
mirrorselfie,5214
sillyboy,5215
lastnight,5216
ktown,5217
ecoluxelounge,5218
puppie,5219
dumpster,5220
foster,5221
ict,5222
teamtitu,5223
mangia,5224
proteinpancake,5225
itwork,5226
livingthebabiatorslife,5227
shopforbaby,5228
shalom,5229
memorie,5230
latebreakfast,5231
earlylunch,5232
cantdecide,5233
haveahappythursday,5234
hallandoate,5235
caitrionabalfe,5236
nationalpeanutloversday,5237
littlelovebutton,5238
bestlentever,5239
africanwaxprint,5240
iranianprotest,5241
iranprotest,5242
iraniangirl,5243
ypn,5244
nationalpeanutbutterday,5245
heb,5246
pbcrave,5247
sleepneeded,5248
tmnt,5249
oldskool,5250
martialart,5251
bblashlift,5252
wakeuplikethi,5253
lashliftandtint,5254
eggmazing,5255
moreegg,5256
morecolor,5257
melb,5258
princeharry,5259
alicecoltrane,5260
babiesofinstagram,5261
cutebabie,5262
boutiquefitnes,5263
last,5264
show,5265
whiskyagogo,5266
hoping,5267
cherryblossom,5268
worstdayever,5269
meteorologicalspring,5270
nationalworkoutbuddyday,5271
famou,5272
tony,5273
tour,5274
brewerytour,5275
inclusive,5276
bigfact,5277
pritalk,5278
prilife,5279
alexandervalley,5280
sonoma,5281
winecountry,5282
bringonspring,5283
doxiebutt,5284
ontheblog,5285
soak,5286
sip,5287
taketimeforyourself,5288
priceles,5289
drseus,5290
drsuessbirthday,5291
drseussweek,5292
nashvillenight,5293
sandiegosunset,5294
ultimatecapture,5295
postcardsfromtheworld,5296
btconeshotbraids18,5297
btconeshotupstyling18,5298
behindthechair,5299
spanishamericancenter,5300
leominster,5301
joinu,5302
breadporn,5303
bestcity,5304
grittycity,5305
allthingsny,5306
eatingdisorderdietitian,5307
bartenderservice,5308
ddom2018,5309
benchpressedrepost,5310
beast,5311
itrunsinthefamily,5312
3yrold,5313
3yroldbeast,5314
sled,5315
87pound,5316
87lbssled,5317
trainersdaughter,5318
gunshow,5319
aspencolorado,5320
aspen,5321
forum,5322
phi,5323
forumphi,5324
roomwithaview,5325
byanymeansnecessary,5326
issa,5327
revivall,5328
champagnebrunch,5329
buffet,5330
jansenclineram,5331
morningwakeup,5332
welcometoourworld,5333
iloveher,5334
kent,5335
ohio,5336
crystal,5337
crystalhealing,5338
metaphysical,5339
energy,5340
nowall,5341
strikingapose,5342
ynot,5343
sleekinthecity,5344
alleyesonme,5345
stressrelief,5346
ilovestarbuck,5347
heartbroken,5348
alcoholismhurtseveryone,5349
holi,5350
indianholiday,5351
vibrant,5352
vibrantliving,5353
holifight,5354
cardio,5355
favorite,5356
shopwindow,5357
shopscene,5358
checkupday,5359
culvercity,5360
mybff,5361
megaship,5362
lola76,5363
resort,5364
leathergood,5365
tote,5366
tjazelle,5367
oatmilk,5368
flatwhite,5369
westisbest,5370
journalsquare,5371
jerseycity,5372
nj,5373
soposh,5374
purimbegin,5375
paradox,5376
14thstreet,5377
westvillage,5378
greenwichvillage,5379
cinderella,5380
croc,5381
princecharming,5382
onlyatthedinah,5383
sleep,5384
position,5385
fetu,5386
soldier,5387
headshot,5388
hairstyle,5389
babyface,5390
morganmcmichael,5391
aboriginal,5392
aboriginalart,5393
indigenou,5394
indigenousart,5395
letter,5396
takemetoanotherplace,5397
wv,5398
jadensmith,5399
disneyxsupra,5400
homebuyer,5401
thesaddestangel,5402
loyalclient,5403
awesomecon2015,5404
fridayjr,5405
thedumbstylemixtape,5406
myparent,5407
womenmonthcelebration,5408
lovemesomewomen,5409
yallgottawholemonth,5410
paleoish,5411
gumbo,5412
pinterest,5413
kissthecook,5414
approved,5415
keepyoureyeonthesky,5416
bluemoonrising,5417
bluemoon,5418
bluemoon2018,5419
virgo,5420
bcd18,5421
farmtofork,5422
supperclub,5423
gypsyjazz,5424
combscrew,5425
buythelashe,5426
giftcertificatesavailable,5427
student,5428
prison,5429
community,5430
saintpatricksday,5431
heel,5432
pedicure,5433
champagne,5434
henry,5435
visit,5436
indiana,5437
fathersdaughter,5438
undercontrol,5439
cantgiveafuck,5440
marysweho,5441
ye,5442
attitudemagazine,5443
jamescorden,5444
meatball,5445
courtneyact,5446
flinnfluence,5447
ticket,5448
justintimberlake,5449
jt,5450
concert,5451
starrland,5452
newedit,5453
fineart,5454
graphicnovel,5455
leonsbbq,5456
becoming,5457
chicosangel,5458
cannolilove,5459
cannoliallday,5460
holycannoli,5461
craftbeernyc,5462
bollysoul,5463
bollywoodstyle,5464
classpassla,5465
happysurgeon,5466
ilooklikeasurgeon,5467
ilooklikeaplasticsurgeon,5468
instadaily,5469
godsplan,5470
puremichigan,5471
michigander,5472
midwestproblem,5473
bluemoonontherise,5474
magneticenergy,5475
comeplaywithme,5476
pyro,5477
idesofmarch,5478
daylightsaving,5479
embracelove,5480
erasehate,5481
andthisisstillmymessagetoyou,5482
timehopvideo,5483
reddevil,5484
scout,5485
bobber,5486
nevergiveup,5487
neverstaydown,5488
taodowntown,5489
isitfridayyet,5490
tao,5491
whereisbestie,5492
moneyblog,5493
theravenking,5494
zuni,5495
thatcaesartho,5496
gradschool,5497
minivacay,5498
gimmedat,5499
raceralumni,5500
shopkitty,5501
blackcat,5502
gosacrepublic,5503
sundaysareforlover,5504
arrozcongandule,5505
beatmaking,5506
ableton,5507
mondayinspiration,5508
goodkarmastudio,5509
todayspecial,5510
stitch,5511
disneypin,5512
uptonogood,5513
lovemyblacklab,5514
fitdate,5515
eliminationchamber,5516
getthesehand,5517
financing,5518
home,5519
housegoal,5520
buyahome,5521
californialiving,5522
dolewhip,5523
dolewhipfloat,5524
balanced,5525
diet,5526
hand,5527
cookiemonster,5528
pistolpatentday,5529
nationalchiliday,5530
ocotillo,5531
resilient,5532
drought,5533
tolerant,5534
drstoneburner,5535
roblox,5536
peppapig,5537
animaljam,5538
stretcharmstrong,5539
nytf,5540
twochloepostsinoneday,5541
chloe,5542
sweetgirl,5543
brooklynbridge,5544
pisce,5545
sundaysaffair,5546
finishlineinsight,5547
dontletup,5548
makethenamemeansomething,5549
letsgomonisteviechristianalana,5550
instadal,5551
welcometonewyork,5552
unplugged,5553
hosted,5554
drinklocal,5555
kaffee,5556
caffeine,5557
cbuscoffee,5558
franksinatra,5559
modernismweek,5560
glosse,5561
barleyrisotto,5562
mushroom,5563
okra,5564
courgette,5565
vegancooking,5566
theater,5567
theatre,5568
broadway,5569
broadwayplay,5570
play,5571
angelsinamerica,5572
bhp3,5573
papersalt,5574
bajaporvida,5575
nohurrie,5576
noworrie,5577
bajajunkie,5578
beet,5579
pita,5580
asparagu,5581
heaven,5582
bellabean,5583
sheranfromme,5584
encouragewave,5585
meatopia,5586
fogodechao,5587
artificialintelligence,5588
masterofmycraft,5589
movie,5590
visionboard,5591
weddingcake,5592
mondaynightraw,5593
walkinginawinterwonderland,5594
zerofucksgiven,5595
alaskangrownpapa,5596
nobadweatherjustbadgear,5597
chefknow,5598
chefrockd,5599
rockdrecipe,5600
privatechef,5601
liquidsunshine,5602
htfu,5603
hardenthefuckup,5604
captainnofeel,5605
merida,5606
mexico,5607
iclas,5608
bmw,5609
i3,5610
tpw,5611
thepresleyway,5612
angelabassett,5613
abff,5614
dandremichael,5615
legendarybingo,5616
dragqueenbingo,5617
currentlyreading,5618
moniquewmorri,5619
30minutesanight,5620
sridevikapoor,5621
thehookahguyz,5622
thepalace,5623
glamsquad,5624
corkcicle,5625
shora1835,5626
outforawalk,5627
ckjflyer,5628
forpetessakeday,5629
nationalpistachioday,5630
carnivalday,5631
nationalbaconday,5632
abffhonor,5633
americanblackfilmfestival,5634
happiest,5635
born,5636
face,5637
creepy,5638
ilovemyson,5639
mywholeworld,5640
theonlyboyineed,5641
fubarla,5642
dragshow,5643
cozmickisses,5644
wakanda,5645
djboothchronicle,5646
gruvgear,5647
gruvartist,5648
ernieballmusicman,5649
ernieball,5650
squaddeep,5651
mixodyssey2018,5652
saveyoursoul,5653
wegreat,5654
dinnercontest,5655
thewalkingdead,5656
behindthescene,5657
ktla,5658
vmfa,5659
terracottawarrior,5660
closingceremony,5661
malbec,5662
dontweareachotherout,5663
5c,5664
exhausted,5665
tellafairytaleday,5666
levistraussday,5667
supersunday,5668
panorama,5669
pack,5670
johnlove,5671
graysonmoonmusic,5672
moustache,5673
estril,5674
wishitwasntover,5675
bestsisterever,5676
fab5freddy,5677
bathbomb,5678
bathtime,5679
sweetbubble,5680
househunting,5681
batmanvsbane,5682
lotr,5683
womentellall,5684
spreadingmywing,5685
imfamousnowbye,5686
howamispencerriedsuddenly,5687
rehearsal,5688
bas,5689
bassmanclark,5690
slap,5691
biglaugh,5692
chromeeffect,5693
blingnail,5694
bling,5695
shortnorth,5696
lovingyou,5697
positiveattitude,5698
newbeginning,5699
beginagain,5700
mediate,5701
yogaistheanswer,5702
finished,5703
blackpanthermovie,5704
blackpanthersolit,5705
bibimbap,5706
korean,5707
brookfieldplace,5708
helpmedown,5709
bonnieandclyde,5710
businesspartner,5711
lover,5712
partnerincrime,5713
spaceshipearthsunday,5714
armiehammer,5715
omarihardwick,5716
bandcampexclusive,5717
hasanyoneseenthemoon,5718
usc,5719
proudalumna,5720
jimmorrison,5721
thedoor,5722
dagger,5723
shelookspretty,5724
infiniti,5725
qx50,5726
huntleyil,5727
iphone7plu,5728
wehokaraoke,5729
readytorock,5730
brucewilli,5731
mission,5732
project,5733
melaninpoppin,5734
wifey,5735
faultline,5736
markpetti,5737
african,5738
cornrow,5739
elizabeth,5740
turn,5741
flashback,5742
6th,5743
chefgigimill,5744
inthestudio,5745
orangetabby,5746
catlife,5747
10daystogo,5748
becomingold,5749
sundaynight,5750
shmood,5751
djbrynntaylor,5752
natalieimbruglia,5753
torn,5754
goodgirl,5755
mustsee,5756
djgrantsmith,5757
tonystark310,5758
musicalmonday,5759
emotionalsupportdog,5760
erewhon,5761
thepalacela,5762
fuckwithmeyouknowigotit,5763
warmweather,5764
missingmiami,5765
bloggerlife,5766
hiddenfigure,5767
edpalabra,5768
greginlosangele,5769
hozzaye,5770
waxahatchee,5771
blackhistorymonthprofile,5772
hennessyv,5773
nationalpersonalchefsday,5774
wrexhamroadreadingserie,5775
icecream,5776
rustic,5777
candybar,5778
tomyson,5779
beproud,5780
youareloved,5781
myson,5782
positive,5783
paparazziaccessorie,5784
stellaraward,5785
firstbornson,5786
brandenmichaelgriffin,5787
jamaica,5788
mentalhealthmonday,5789
motivated,5790
determined,5791
ralphlauren,5792
uppereastside,5793
madisonavenue,5794
waitingonyou,5795
martyb,5796
childhoodmemorie,5797
kidstodaywillneverknow,5798
merp,5799
tryingtofigureouthowthiswork,5800
thanksfdny,5801
coterie,5802
workforit,5803
congratulation,5804
retirement,5805
enoughisenough,5806
guncontrol,5807
drivetime,5808
lola,5809
wemadethi,5810
mexicanpower,5811
mexicoistheshit,5812
yess,5813
killmonger,5814
njadaka,5815
realrevolutionary,5816
goldenjaguar,5817
legalizeit,5818
wakenbake,5819
chinatown,5820
215philly,5821
igersphilly,5822
mondaymeditation,5823
realestatematchmaker,5824
lemongras,5825
fleamarket,5826
notgoingtodoathingtoday,5827
restday,5828
bestdayever,5829
earlybirdgetstheworm,5830
go,5831
it,5832
mondaymindset,5833
holdingspace,5834
lettinggo,5835
stillnes,5836
creatingspace,5837
domo,5838
meme,5839
rocktoday,5840
yourule,5841
yogainspiration,5842
royalshit,5843
workflow,5844
ourdailybread,5845
thickthighssavelive,5846
follow,5847
bluemonday,5848
getshitdone,5849
artinmotion,5850
rodeodrive,5851
doctorstrange,5852
orlando,5853
30daysongchallenge,5854
theblackkey,5855
selfesteem,5856
trust,5857
brooklynite,5858
mortgage,5859
lender,5860
bank,5861
loanofficer,5862
orangecounty,5863
letgo,5864
mindfulnes,5865
nodaybuttoday,5866
dontliveinthepast,5867
apologizeforwhat,5868
dontlikeitdontlook,5869
eldoradonaturecenter,5870
forest,5871
infrared,5872
720nm,5873
bnw,5874
happy9thbirthday,5875
thoughtsandprayer,5876
timetodiagnosi,5877
scantool,5878
jaguarftype,5879
code,5880
autologic,5881
fuelpump,5882
stlgram,5883
shorteat,5884
clientlove,5885
paulsmithla,5886
daddyscott,5887
changeisgood,5888
lifelesson,5889
houseofsecret,5890
seo,5891
crazyhatday,5892
spiritweek,5893
dad,5894
picofday,5895
instacute,5896
pingkeupingkeu,5897
springfieldpolicestation,5898
springfield,5899
simpson,5900
elbartowashere,5901
bart,5902
georgeluca,5903
reminder,5904
drlee,5905
readyforwintertobeover,5906
birdsofinstagram,5907
wishmeluck,5908
havethecourage,5909
followyourheart,5910
floralprint,5911
pinkpanther,5912
cheeky,5913
supergirl,5914
karadanver,5915
unionjack,5916
museumoficecream,5917
haveit,5918
mondayfeel,5919
watchoutweek,5920
worldofdance,5921
raleigh,5922
raleighnc,5923
fitnessmodel,5924
lifebalance,5925
master,5926
crossfitopen,5927
18point1,5928
openmicmusicnight,5929
sleepy,5930
imissmybed,5931
imactuallyatwork,5932
cuboftheday,5933
48yearsago,5934
nationalpublicradio,5935
perspective,5936
grandcanyon,5937
grandcanyonnp,5938
canyon,5939
findyourpark,5940
labiaplasty,5941
tvcjax,5942
squishyfacecrew,5943
omgshoe,5944
lavender,5945
frenchie,5946
higherlevel,5947
lymphaticdrainage,5948
smphytotherapy,5949
snack,5950
tbmonday,5951
yl,5952
essentialoil,5953
youngliving,5954
essentialreward,5955
paypal,5956
halloween,5957
indianajonescosplay,5958
nuncostume,5959
drjr,5960
yourthenpreparedyouforyournow,5961
uma,5962
beboldbeuma,5963
momtrepreneur,5964
ginainrealestate,5965
everyyearagift,5966
dachshundsofinstagram,5967
dachshund,5968
weeniedog,5969
dappledachshund,5970
repostsave,5971
trlw,5972
1sonandotherstorie,5973
royalpalm,5974
teacherslovepietoo,5975
lashmommy,5976
standingbowpose,5977
dandayamanadhanurasana,5978
sanskrit,5979
vagina,5980
hellobeautifulbridal,5981
beyourownkindofbeautiful,5982
bestofkearney,5983
kearney,5984
converse,5985
con,5986
cta,5987
newvideo,5988
pretendfriend,5989
fairweather,5990
usersandabuser,5991
sethchernoff,5992
meintheladiesroom,5993
workflo,5994
dressedinallblack,5995
foresthill,5996
foresthillcemetery,5997
patchoulinomad,5998
handmade,5999
babybib,6000
cassettebib,6001
proteinshake,6002
weight,6003
toning,6004
ketone,6005
ketomax,6006
yogalove,6007
themorningafterpill,6008
colehaan,6009
capitoltour,6010
timewithmygirl,6011
dclife,6012
azgirl,6013
sleepingbb,6014
dawn,6015
lolconfettipop,6016
katesupstate,6017
bandol,6018
kazumasushi,6019
eastsanjose,6020
theconisreal,6021
thewordmadefresh,6022
washingtondc,6023
successful,6024
successfullife,6025
successmore,6026
successaf,6027
dontsettleforles,6028
dontsettle,6029
foodie4mile,6030
sukiyaki,6031
hotpot,6032
louieman,6033
blackgirlsaremagic,6034
rainbow,6035
confetti,6036
mylove,6037
nuitlustxpussypower,6038
haircut,6039
plasmacar,6040
keepcalm,6041
healtheworld,6042
transformer,6043
artinstallation,6044
allwhiteoutfit,6045
vintagestyle,6046
underwearasouterwear,6047
psychologicalthriller,6048
irule,6049
planetearth2,6050
planetearth,6051
planetearthii,6052
peliculaza,6053
fitnessquote,6054
motivationalquote,6055
motivate,6056
active,6057
japanesedoneright,6058
colorinspiration,6059
vintagescarf,6060
stripe,6061
omnivoyant,6062
longrun,6063
marathontraining,6064
lamarathon,6065
30daychallenge,6066
irunla,6067
solobianco,6068
trebbiano,6069
chardonnay,6070
passerina,6071
buono,6072
baristadayoff,6073
comiccon,6074
lexingtoncomiccon,6075
referafriend,6076
micromagic,6077
browsonpoint,6078
bubblebath,6079
eastjesu,6080
slabcity,6081
niland,6082
saltonsea,6083
mannequin,6084
bighairdontcare,6085
travelmakesmehappy,6086
jeoloves2eat,6087
over30,6088
billcosby,6089
ensacosby,6090
lowestpriority,6091
totd,6092
imatwork,6093
ipromise,6094
liftshitupandputitdown,6095
cleanandjerk,6096
sold,6097
radhishahteam,6098
recap,6099
highfive,6100
gauge,6101
earring,6102
makeupmonday,6103
buyaprint,6104
paidinfull,6105
90yearsstrong,6106
keepthemsafe,6107
thankyouforyourservice,6108
nordstromtampa,6109
icebucket,6110
vintageicebucket,6111
venice,6112
realresult,6113
realpatient,6114
nmt,6115
park,6116
pumprule,6117
clubrage,6118
brandonanthony,6119
bashlaevent,6120
wildflower,6121
attitude,6122
psblogger,6123
plussize,6124
extrovert,6125
introvert,6126
upat3am,6127
spring2018,6128
sullysisopen,6129
santacruz,6130
getpamperedatpolished,6131
getpolished,6132
chicagowest,6133
kimkardashianwest,6134
1871fromhere,6135
lovethem,6136
crawfishboil,6137
special,6138
comeandgetit,6139
90oscar,6140
toryburch,6141
chaneliman,6142
nygiant,6143
sterlingshepard,6144
90sfriendsreunion,6145
eastridgeart,6146
fashion101,6147
ilovetomove,6148
feta,6149
salad,6150
poppyseed,6151
dressing,6152
matic,6153
manchester,6154
manchesterunited,6155
cleavage,6156
naturalbokeh,6157
ripple,6158
thaw,6159
menu,6160
cornedbeef,6161
cabbage,6162
cajun,6163
spiced,6164
individuallashe,6165
beyondbaroque,6166
venicebeat,6167
bruceleethebeta,6168
lovemypet,6169
avenger,6170
denverbabie,6171
lettuceoffspring,6172
simone,6173
sanpedro,6174
thatswhatshesaid,6175
pottedkitty,6176
ifitfitsisit,6177
catsofalgierspoint,6178
itsthethoughtthatcount,6179
myfishstop,6180
shure,6181
sm58,6182
bearpeak,6183
boulder,6184
discoverportrait,6185
kiddo,6186
vitaminsea,6187
dose,6188
staysober,6189
ironman,6190
hashtag,6191
hter,6192
pinupgirl,6193
pinuphair,6194
healthyfood,6195
heartyfood,6196
bookclub,6197
rayban,6198
a1,6199
a1vipentertainment,6200
vip,6201
luxury,6202
launchparty,6203
cranberry,6204
newbabygift,6205
babyshower,6206
saved,6207
noexcuse,6208
king,6209
pigpop,6210
singleorigin,6211
cosplayvouge,6212
cosplayvougehouston,6213
startemyoung,6214
apresski,6215
jayz,6216
anthonyanderson,6217
davechappelle,6218
oscarwinner,6219
kobebryant,6220
ombrenail,6221
deephouse,6222
dancemusic,6223
roxanneroxannethemovie,6224
sundancefilmfestival,6225
lfl,6226
boudoirphotography,6227
portraitpage,6228
plzbelieveit,6229
roxanneshante,6230
topten10,6231
thebay,6232
teacherfeature,6233
dickmitized,6234
analogphotography,6235
kodakgold200,6236
rapsession,6237
wallthickart,6238
cubsfan,6239
graffiti,6240
newhouse,6241
schatzi,6242
thaeastsidaz,6243
eastsidaz,6244
e,6245
snoopdogg,6246
goldieloc,6247
bigtraydeee,6248
navypier,6249
rampup18,6250
buddha,6251
bridgeportartcenter,6252
bardog,6253
peacecorpsday,6254
dayofthedude,6255
motheringsunday,6256
bartendersforanyoccasion,6257
socialnetwork,6258
turbo,6259
unleashthebeast,6260
yorkiesofinstagram,6261
teamcaptain,6262
darksky,6263
him,6264
strongerthanyesterday,6265
backtobackchamp,6266
bloganniversary,6267
aconfidentyou,6268
thepowerisyou,6269
mikerome,6270
portraitmode,6271
205live,6272
company,6273
wallaby,6274
organicgreek,6275
nonfatyogurt,6276
eggwhite,6277
sizzlingsaffronshrimp,6278
instagram,6279
zoekravitz,6280
eat,6281
fastfood,6282
saintlaurent,6283
davidroundtree,6284
hippo,6285
diageorep,6286
smirnoff,6287
smirnoffsourced,6288
watermelon,6289
ff,6290
oregano,6291
legalizemarinara,6292
junglebook,6293
mexicansbelike,6294
transformationaltravel,6295
indiefashionweek,6296
overdoseeyewear,6297
risingstar,6298
ochentoguense,6299
igotthememo,6300
indiefashionweek18,6301
qualitytime,6302
familyismostimportant,6303
thisicando,6304
littlebylittle,6305
sofiakovalevskayamathday,6306
oreocookieday,6307
beautyandthebeast,6308
riesling,6309
trocken,6310
workingonyourdayoff,6311
youstaythirstysd,6312
nationalbarbieday,6313
tragametierrayescupemeenlaplaya,6314
playita,6315
mondayfunday,6316
wegotthi,6317
bangheadhere,6318
poetswalk,6319
mason,6320
teacup,6321
notmypresident,6322
amerikkka,6323
diverse,6324
change,6325
bradpitt,6326
hookup,6327
celebratory,6328
babyblanketknittingdesign,6329
djimavicpro,6330
drone,6331
lashe,6332
motivationalmonday,6333
abuse,6334
sexually,6335
hxc,6336
triple,6337
jonah,6338
horrorart,6339
ilovehorror,6340
horrorkeepsmesane,6341
michaeljackson,6342
paulmccartney,6343
thewolfman,6344
souldeluxe,6345
oceanbeach,6346
missionbay,6347
seaworldsandiego,6348
socalsunset,6349
ccxfossil,6350
workparty,6351
mrstonerzwuzrightagain,6352
blazedandamused,6353
afrobeat,6354
fso,6355
baddie,6356
ivesdidit,6357
mondaymemorie,6358
nowimhungry,6359
communityconversation,6360
horrormeme,6361
ilovehorrormovie,6362
here,6363
lived,6364
muhammadali,6365
inspiringother,6366
supportingother,6367
communitybusines,6368
compton,6369
hubcity,6370
lolsurprisedoll,6371
ruesofinstagram,6372
dedicatedtoyoumama,6373
mamamarsha,6374
constantcraving,6375
misschatelaine,6376
a,6377
voice,6378
lovefactoryny,6379
charging,6380
voltex,6381
sedona,6382
babycow,6383
peta,6384
meatkill,6385
meatfreemonday,6386
meatles,6387
research,6388
loveyoulongtime,6389
different,6390
school,6391
healthyrelationship,6392
frenchconnection,6393
savoirfaire,6394
afternoon,6395
beautifulsky,6396
dusk,6397
dusktilldawn,6398
skyporn,6399
favskie,6400
seattleskyline,6401
parenting101,6402
thankfulthursday,6403
prayingforpeace,6404
gratefultogod,6405
parent,6406
mydadbirthdayballoon,6407
marketingmonday,6408
avalance,6409
thankgoditsover,6410
nomoremondayblue,6411
siriomaccione,6412
frenchcuisine,6413
december,6414
same,6415
age,6416
imjusthere4myselphie,6417
caviar,6418
24k,6419
timelapse,6420
makeitrain,6421
mitchyslick,6422
collab,6423
longbeach,6424
bekind,6425
bekindalway,6426
kindnessquote,6427
khalilgibran,6428
latenightdevo,6429
youversion,6430
riphunter,6431
souffle,6432
poursomesugaronme,6433
abstract,6434
margieplu,6435
becomingabetterme,6436
vegetarian,6437
gymbarweho,6438
kimorablac,6439
portland,6440
oregon,6441
washington,6442
chrome,6443
window,6444
microsoft,6445
clang,6446
bar10crown,6447
nipplecream,6448
skin,6449
playavistalife,6450
dirtyburty16,6451
allhandondeck,6452
todo,6453
gaylosangele,6454
atmo,6455
rebuilt,6456
vintage,6457
sportswear,6458
nintendo,6459
mario,6460
luigi,6461
thebayouweho,6462
reallifethemixtape,6463
aenriquez562,6464
craiguk1983,6465
legendsoftomorrow,6466
saralance,6467
avasharpe,6468
snapoutofitla,6469
houseofavalon,6470
reikimaster,6471
reikienergy,6472
reikihealing,6473
literature,6474
runwild,6475
livefree,6476
lovestrong,6477
azn,6478
freestyle,6479
clickthelinkinmybio,6480
lb,6481
eugenehutz,6482
gogolbordello,6483
bride2018,6484
sexybride,6485
gymtherapy,6486
northwest,6487
relentles,6488
chickennuggetsarelife,6489
soundon,6490
thewinnerscircle,6491
legend,6492
suit,6493
chaileeson,6494
cutedog,6495
colddog,6496
annebraden,6497
nightfeeling,6498
amazonforthewin,6499
bostonterrier,6500
summertime,6501
gogetter,6502
happytuesday,6503
ooouuuremix,6504
unreleasedunleashed,6505
votehou,6506
arnold2018,6507
asf30,6508
2chainz,6509
drake,6510
bigamount,6511
whysoseriou,6512
laughmore,6513
stlouisphotographer,6514
stcharlesphotographer,6515
saynotohouzz,6516
designisinthedetail,6517
tuesdaywisdom,6518
buddhist,6519
managerscorner,6520
chicagoblogger,6521
chicagogrammer,6522
lifestyleblogger,6523
catholic,6524
columbu,6525
roofcleaning,6526
softwash,6527
powerwash,6528
pressurewash,6529
playing,6530
princesspintsize,6531
furbaby,6532
mackereltabby,6533
russianblue,6534
lilbrother,6535
tedtalktuesday,6536
sassymouthwedding,6537
fam,6538
schmackary,6539
schmackattack,6540
decor,6541
valleychildrenshospital,6542
technology,6543
techno,6544
liquidlipstick,6545
modelnicolecatherine,6546
meatlessmeal,6547
mrpickle,6548
domesticshorthair,6549
bartendersatrequestinc,6550
backbend,6551
goldendoodle,6552
positiveinfluence,6553
goldiehawn,6554
oliverhudson,6555
40thanniversary,6556
surprise,6557
legallyblonde,6558
businessasusual,6559
38week,6560
meetmel,6561
melboteri,6562
fromwhereistand,6563
palmdesert,6564
governmentaffair,6565
dalmationlove,6566
lupitanyongo,6567
janellemonae,6568
danaigurira,6569
fashionlifestyle,6570
diydye,6571
manicpanic,6572
pillerboxred,6573
5thelement,6574
multipas,6575
foodmatter,6576
truehealth,6577
dapperday,6578
kindnessforall,6579
womeninconstruction,6580
ucl,6581
choice,6582
thelife,6583
saveourson,6584
amazonfba,6585
irispolo,6586
warrioraverygentleman,6587
areckoningbotanicalsandbeyond,6588
pieroneimport,6589
ongoing,6590
healthygoal,6591
roc2rim,6592
pizzatuesday,6593
worth,6594
roschrosyka,6595
worthy,6596
bokchoyboy,6597
green,6598
earthdanceorganicfarmschool,6599
rootedinferguson,6600
xbox360,6601
redandgold,6602
tilimdeadandcold,6603
dreamchasing,6604
comediantydavi,6605
cruzelia,6606
totalvibration,6607
doncherry,6608
crossfitgame,6609
mia,6610
charliestaphouse,6611
talktuesday,6612
bobsandtweet,6613
designbook,6614
artbook,6615
namiwalk,6616
teamcascadiabhc,6617
morningworkout,6618
galeforcewind,6619
kansaswind,6620
sexandthecity,6621
ilovenewyork,6622
lease,6623
buy,6624
office,6625
clinic,6626
store,6627
restaurant,6628
happybirtbday,6629
affirmationoftheday,6630
founder,6631
storie,6632
barclayscenter,6633
herewego,6634
gameone,6635
minkwithvolumeinbetween,6636
pestanasdevolumen,6637
balayage,6638
abc7eyewitnes,6639
365black,6640
blackwomen,6641
blackmen,6642
blackboyjoy,6643
kybella,6644
lazysunday,6645
lusterpink,6646
theknotworkshop,6647
artjesu,6648
religion,6649
dosnakeseatfrog,6650
comingsoon,6651
artistslife,6652
frenchtoast,6653
ohlala,6654
blueplatespecial,6655
neemtoothepaste,6656
iamalaska,6657
mountaingirl,6658
tooltuesday,6659
thankfuluber,6660
justagirlfromkansa,6661
aboutyesterday,6662
first,6663
newblogpost,6664
shotonfilm,6665
berightback,6666
painter,6667
bklyn,6668
takemebacktuesday,6669
takemewayback,6670
bluetiqueoxfordoh,6671
public,6672
todolist,6673
crammed,6674
calendar,6675
email,6676
gowiththeflow,6677
dontgiveup,6678
trusttheproces,6679
allowabundancetoflow,6680
freely,6681
educationtuesday,6682
endometriosisawarenessmonth,6683
tuesdaymorning,6684
tuesdaythought,6685
talk,6686
alexandria,6687
frostfreemarket,6688
doubteraser,6689
freshair,6690
bluesky,6691
blackandwhitephotography,6692
restylanesilk,6693
awkwardnes,6694
funnymeme,6695
kermit,6696
doyoubooboo,6697
nfl,6698
nflmeme,6699
asf2017,6700
arnoldclassic2017,6701
ongoingartserie,6702
blacktiescifi,6703
ctppa2018,6704
converge,6705
clean,6706
deepclean,6707
femalestereotypesaretrue,6708
sometime,6709
tipsytuesday,6710
traveltuesday,6711
pool,6712
palm,6713
chilaxin,6714
chateauaeronautiquewinery,6715
michiganwine,6716
onsted,6717
irishhill,6718
welovesweatypeople,6719
swimshort,6720
bikinigirl,6721
swim,6722
delta,6723
saltlakecity,6724
halogen,6725
cloudstagram,6726
herewegoagain,6727
noreaster2018,6728
huginacup,6729
tantalizingtuesday,6730
ventedinbrooklyn,6731
copper,6732
cancersuck,6733
meetandgreet,6734
athleteappearance,6735
democrat,6736
texasprimary,6737
brokerstour,6738
bxrod,6739
flowersstillbloom,6740
amirzing,6741
metric9,6742
vintagesurfboard,6743
itallstartshere,6744
fightingtomakelivesbetter,6745
dynomite,6746
youngpappy,6747
killa,6748
killer,6749
supportisaverb,6750
latime,6751
idecoz,6752
chichi,6753
awe,6754
leadership,6755
marvelcomic,6756
byob,6757
hardpillstoswallow,6758
photograph,6759
canadian,6760
summerready,6761
transformation,6762
itsmybirthday,6763
standingrock,6764
centralcoast,6765
paintingfun,6766
paintparty,6767
beachscene,6768
familyfun,6769
presentationiseverything,6770
loveisdefinitelyinthedetail,6771
healthyeating,6772
pinacolada,6773
242market,6774
chocolateforday,6775
whitehouseblackmarket,6776
severeslayage,6777
lovethismovieandactor,6778
caramel,6779
lyric,6780
browneye,6781
browneyedgirl,6782
peanutbutter,6783
easteregg,6784
tastytuesday,6785
fountain,6786
guycandy,6787
boyswillbeboy,6788
shawnbarber1,6789
sonicyouth,6790
richardpettibone,6791
chg,6792
myottocat,6793
saoirseronan,6794
theseagull,6795
3timeoscernom,6796
thisisboise,6797
colorful,6798
chalk,6799
artstore,6800
dot,6801
artsupplie,6802
circleinsquare,6803
storefront,6804
circle,6805
aster,6806
noparking,6807
ralph,6808
scooter,6809
nor,6810
squishy,6811
bear,6812
raccoon,6813
caa,6814
rejectionletter,6815
dfw,6816
dallascounty,6817
primaryelection,6818
balboapark,6819
brooklynfind,6820
patronsaintofhate,6821
chrisdiprete,6822
instyle,6823
blackbeauty,6824
lunarlife,6825
plantlife,6826
rosegoldplanter,6827
phwesthollywood,6828
balance,6829
socialmediasuck,6830
travelingbarnacle,6831
weekendvibe,6832
nationaldressday,6833
sashacolby,6834
setlifephotography,6835
tabithasimmon,6836
shepardfairey,6837
keto,6838
producthollywood,6839
knitter,6840
knitting,6841
knittingaddict,6842
sandiegoseal,6843
sealedwithakis,6844
lajollaseal,6845
lajollasealbeach,6846
seutokeoanim,6847
imopaeniya,6848
goodluck,6849
miseuteocung,6850
markryden,6851
garybaseman,6852
symposiumbook,6853
providence,6854
brewerspaleale,6855
buythebeerkeeptheglas,6856
tapped,6857
tuesdaymotivation,6858
throwbacktuesday,6859
carneasada,6860
mexicanfood,6861
hero5,6862
memorabilia,6863
ispy,6864
stopcosbullying,6865
cofcasw18,6866
collegeofcharleston,6867
accepted,6868
cofc22,6869
idahospud,6870
brakedrum,6871
hipstercomposer,6872
anvilchoru,6873
sayiduke,6874
taco,6875
parkridge,6876
vestalifestyle,6877
luxuryrealestate,6878
intersex,6879
goterdone,6880
midway,6881
mdw,6882
southwestairline,6883
airport,6884
reunitedanditfeelssogood,6885
like4like,6886
trafficjammix,6887
sneakpeek,6888
smilecloud,6889
cafedetoile,6890
novaignatiu,6891
aliveincle,6892
wdw,6893
animalkingdom,6894
pandora,6895
pixarcocomovie,6896
southend,6897
johnhancock,6898
waltdisneyworld,6899
emcee,6900
hiking,6901
tsunami,6902
queerfashion,6903
lifestyle,6904
redlip,6905
report,6906
funnybabyboy,6907
pastathursday,6908
shell,6909
redpepper,6910
vodkasauce,6911
glassofwine,6912
15buck,6913
nationalbuddyworkoutday,6914
detail,6915
layer,6916
mural,6917
kellylwalker,6918
artistforhire,6919
petspa,6920
somanyhashtag,6921
handpainted,6922
jimmykimmel,6923
ellendegenere,6924
childrenshospital,6925
daddydaughtertime,6926
pestanasbella,6927
toocute,6928
creepdivision,6929
thisjustin,6930
nikerunning,6931
nikereact,6932
nikephoenix,6933
fomo,6934
doingme,6935
doingwhatidobest,6936
independentwoman,6937
fivefollarjewelry,6938
runner,6939
polkstreet,6940
springfestival,6941
holidayfun,6942
steveharveyshow,6943
djpk,6944
missmistyviolet,6945
hatsonu,6946
stfu,6947
beanpot,6948
championship,6949
gonu,6950
gohuskie,6951
carbthursday,6952
carmenhand,6953
flagstaff,6954
nau,6955
tacobreak,6956
cali,6957
sanfran,6958
hotel,6959
hotelwhitcomb,6960
girltrip,6961
santamonicapier,6962
springbreak2018,6963
flgtomia,6964
bodypositivethursday,6965
bodypositive,6966
bodypositivity,6967
beautyredefined,6968
weightwatcher,6969
weighinday,6970
weighinthursday,6971
gettingready,6972
meninblack,6973
sony,6974
sonypicture,6975
sonyreward,6976
fump,6977
carrieunderwood,6978
mikefisher,6979
eastnashville,6980
tn,6981
fleamarketfind,6982
hawaii,6983
profile,6984
redpanda,6985
il13,6986
thehundred,6987
broiled,6988
tofu,6989
buttonmushroom,6990
veggietagine,6991
rbny,6992
proudprof,6993
hollyoakindustrialaleague,6994
northwesternwildcat,6995
b1g,6996
geobender,6997
training,6998
ifuckedup,6999
brightpopsofcolor,7000
peacock,7001
tmo,7002
whatssofunnywednesday,7003
maconcoprogressive,7004
maconcodem,7005
indivisible,7006
baseballcard,7007
publicenemy,7008
terrorwrist,7009
turntablist,7010
giggle,7011
bosslife,7012
workfromhome,7013
avonrep,7014
avolady,7015
orderday,7016
nationalwomensmonth,7017
worlddayofprayer,7018
employeeappreciationday,7019
dressinblueday,7020
freerangehumanzoo,7021
downtown,7022
supremela,7023
acting,7024
indivisible13th,7025
sitwitme,7026
browsdone,7027
browbar,7028
coolkid,7029
candy,7030
likeforfollow,7031
kulkul,7032
nyamnyam,7033
minorthreat,7034
teenidle,7035
mikesharp,7036
citronbaltimore,7037
kid,7038
knight,7039
ourkidsareourlife,7040
womenofweed,7041
burgerme,7042
hamm,7043
motherfuckingdoily,7044
yolo,7045
stpaul,7046
sjshark,7047
thequeenwithin,7048
staugustine,7049
foundobjectart,7050
stilllife,7051
personaldevelopment,7052
tennessee,7053
thursdayfunny,7054
lifehack,7055
shoop,7056
jojomoyer,7057
instabook,7058
ingenuela,7059
beautylabbumble,7060
igisourlovelanguage,7061
notonthedrugstoday,7062
openmind,7063
greatmind,7064
crochet,7065
jammin,7066
tenderloinsf,7067
artwalk,7068
artistmixer,7069
mrandmrslongtin,7070
kayak,7071
sailboat,7072
shark,7073
sealion,7074
jackyboy,7075
adida,7076
fitfamily,7077
soloacoustic,7078
createcultivatela,7079
guitarist,7080
hendo,7081
movement,7082
dailyphoto,7083
like4follow,7084
bomnal,7085
mdr,7086
billionaire,7087
midwestcomedybuffet,7088
familia,7089
cute,7090
nowspinning,7091
vinyl,7092
vinyladdict,7093
vinyljunkie,7094
samirahoop,7095
day80,7096
ciao,7097
dropitlow,7098
johnniewalker,7099
deluxe,7100
sketchbook,7101
doodsaiart,7102
conventioncenter,7103
camparzr,7104
merica,7105
miamibeach,7106
flagship,7107
trivianight,7108
birthdayboy,7109
funtimeswithfriend,7110
nationaldayofunplugging,7111
socialmediapaysme,7112
lashdolldiva,7113
mascara,7114
epic,7115
fullnes,7116
buyandsell,7117
rodeohouston,7118
popupshop,7119
blackmannequin,7120
cuddle,7121
classyladie,7122
momsnightout,7123
mandellmom,7124
padthai,7125
lafoliesburlesk,7126
sweetie,7127
blindbag,7128
chiyacherrypopsicle,7129
huevosranchero,7130
crabcake,7131
chowdah,7132
champarty,7133
burgundy,7134
walsh,7135
rchc,7136
fullmoonrising,7137
blimp,7138
infographic,7139
climateactionplan,7140
ididntdoit,7141
iwantedto,7142
ialwayswantto,7143
practicesafemischief,7144
mischief,7145
dontdoit,7146
jussiesmollett,7147
itsfriday,7148
issaparty,7149
thetruebite,7150
dietitian,7151
fruit,7152
nuclear,7153
nationalpeanutbutterloversday,7154
millie,7155
olusheyi,7156
playstation,7157
ps4,7158
ps4pro,7159
wbgame,7160
lego,7161
legodimension,7162
midwayarcade,7163
amblinentertainment,7164
localartist,7165
pet,7166
lolpet,7167
4wheeldrive,7168
nochain,7169
whiteout,7170
patrickkuzara,7171
goldstar,7172
threeoutoffour,7173
shoot,7174
katebeckinsale,7175
chose,7176
she,7177
appear,7178
achievetheimpossible,7179
fitspo,7180
fitfriend,7181
lost,7182
newrelease,7183
badparent,7184
fail,7185
classic,7186
patbenatar,7187
castingduo,7188
fearfactor,7189
charity,7190
redinnyc,7191
march1,7192
cazwellnyc,7193
checkmate,7194
sosleepy,7195
bedplease,7196
bed,7197
beautysleep,7198
fubarweho,7199
helloros,7200
marissajaretwinokur,7201
bisexual,7202
ravenclaw,7203
vinclancy,7204
kis,7205
aramyote,7206
aarinasker,7207
peachpop,7208
gettogether,7209
kingcharles5,7210
fridayvibe,7211
fridayallweek,7212
friday,7213
fridayfeeling,7214
cultivatehappines,7215
tip,7216
advice,7217
tipoftheday,7218
adviceoftheday,7219
indecisive,7220
gooddeed,7221
its500oclocksomewhere,7222
cbtasting,7223
impact,7224
notbragging,7225
hihater,7226
why,7227
attract,7228
bad,7229
good,7230
summeriscoming,7231
findthatmirror,7232
fireupyourfriday,7233
andthatsgonnabethebottomline,7234
happyfriday,7235
welovewhatwedo,7236
makingmoneywhilesleeping,7237
coupleofthenight,7238
thankyougod,7239
itcouldhavebeentheotherway,7240
followfriday,7241
fbf,7242
happyfriendsday,7243
shadowsilhouette,7244
shadowmaker,7245
bignarstie,7246
arnold30,7247
flexfriday,7248
arnoldclassic2018,7249
hatetherain,7250
somebodysgottadoit,7251
pressforpeace,7252
ontheroadfitnes,7253
cardioishardio,7254
whatnoreaster,7255
commuterlife,7256
stepaside,7257
funtime,7258
creativeplay,7259
aerialcirque,7260
prepwork,7261
aerialtribe,7262
coldplay,7263
coldplayer,7264
chrismartin,7265
chrismartinfan,7266
coldplayfan,7267
coldplayofinstagram,7268
wearingblack,7269
slayed,7270
flywheelchallenge,7271
strongisthenewthin,7272
butilikethin,7273
wildcatforlife,7274
firstfridayskerrytown,7275
smallcarproblem,7276
windmageddon,7277
kale,7278
bean,7279
egg,7280
brazil,7281
larissamurai,7282
ballerina,7283
disneyactres,7284
surfer,7285
texasindependenceday,7286
holdthesetruth,7287
chef,7288
mymklife,7289
marykaymovement,7290
faithittilyoumakeit,7291
demilovato,7292
djkhalid,7293
overcoming,7294
obstacle,7295
keepgoing,7296
goalgetter,7297
pictomusing,7298
francisfordcoppola,7299
paramountstudio,7300
radiolife,7301
weddingdocumentary,7302
redrock,7303
ocf,7304
flashpoint,7305
midtownlashe,7306
nationalwomenshistorymonth,7307
raesremmurd,7308
guccimane,7309
atl,7310
djkhaled,7311
anotherone,7312
jersey,7313
snowjersey,7314
newjersey,7315
bombcyclone,7316
riley,7317
proudcousin,7318
moranstrong,7319
sh,7320
senior,7321
ayetozee,7322
britneyspear,7323
march10,7324
battleofthewing,7325
alohafriday,7326
rosegoldeverything,7327
bayalage,7328
brunettebabe,7329
fitfoundry,7330
b2b,7331
cortoncharlemagne,7332
domainepavelot,7333
roseallday,7334
aceofspade,7335
pushpresent,7336
oldworld,7337
winterstorm,7338
boomerang,7339
flashbackfriday,7340
wyspday,7341
wishistillhadthatbowieshirt,7342
fortmill,7343
charlottelately,7344
springisintheair,7345
close,7346
getitgirl,7347
getyourgrooveback,7348
blackadderwhisky,7349
yup,7350
humanstudy,7351
vivsocalbaby,7352
edyogawarrior,7353
ciaafanfest,7354
filter,7355
awkwardhand,7356
partie,7357
dressup,7358
showbiz,7359
yougotthi,7360
usacurling,7361
teamusa,7362
nyse,7363
californialove,7364
friyay,7365
weekendishere,7366
mountainlife,7367
rainyday,7368
peimussel,7369
puttanesca,7370
crostini,7371
openingnight,7372
exhibit,7373
fridaymood,7374
jokemoney,7375
welovecoco,7376
wigmaster,7377
wigsupervisor,7378
beautyandthebeholder,7379
trailer,7380
wy,7381
happilymarried,7382
powerhour,7383
docmarten,7384
speedworkout,7385
bossman,7386
hobokennj,7387
healthhalo,7388
mypresidentisbetterthanyour,7389
vstate,7390
mytupelo,7391
usedbook,7392
sonyimage,7393
classe,7394
readacrossamericaday,7395
iwillsurviveinc,7396
pinkribbon,7397
survivor,7398
longisland,7399
ahora,7400
cleanupnice,7401
everymanjack,7402
teamemj,7403
rockandroll,7404
tulip,7405
handbeading,7406
floraldesign,7407
homefragrance,7408
lolraider,7409
bish,7410
hurry,7411
dungeon,7412
homeloan,7413
moneyman,7414
disneyprinces,7415
snowwhite,7416
tid,7417
40cansforlent,7418
fooddrive,7419
forestpreserve,7420
illinoi,7421
palmspringsready,7422
theodoracaftan,7423
scarfprint,7424
swapic,7425
windowseatview,7426
windowseatenvy,7427
babygoat,7428
4h,7429
communityfoodsystem,7430
midwestmeatprinces,7431
setmedic,7432
fridaynight,7433
livelifewell,7434
cannabi,7435
thc,7436
damnbuthotdogsonregularbread,7437
strongisbeautiful,7438
terminusopen2018,7439
mywhip,7440
lapauleesf,7441
blooper,7442
thelegendscottieb,7443
watch,7444
4daloveofbasketball,7445
wizkid,7446
dcfamily,7447
dcrising,7448
dsw,7449
melikey,7450
afro,7451
goldchain,7452
findjoemajor,7453
altoid,7454
stanford,7455
nonprofit,7456
yogaqua,7457
slaying,7458
ridinginstyle,7459
biltmorehotel,7460
cherrywood,7461
suburbanfight,7462
candyhc,7463
constrict,7464
wise,7465
waterseed,7466
thisweekend,7467
fathomdj,7468
link,7469
ownyour24,7470
entrepreneurship,7471
stillfly,7472
sheabsent,7473
sofreshsoclean,7474
kyliejenner,7475
sharpeiselfie,7476
sharpeigram,7477
sharpeiworld,7478
blackhistorymonthisover,7479
rubybridge,7480
stillblackhistory,7481
iphoneography,7482
blackcatsofinstagram,7483
gymlife,7484
headphone,7485
tangled,7486
deepelum,7487
rainorshine,7488
empirenetwork,7489
kvcr24,7490
channel24,7491
kvcrtv24,7492
cheap,7493
hobokenfitnes,7494
harlemtohollywood,7495
ch3girl,7496
teamnosleep,7497
touronlife,7498
dryroadtrucker,7499
mammothstorie,7500
interestrate,7501
whatrain,7502
oy,7503
flashbackfriyay,7504
projectglenmere,7505
glenmerespa,7506
pho,7507
bobbytrefz,7508
bobbytrefztattoo,7509
rpsforever,7510
math,7511
educator,7512
hbcu,7513
ciaa2018,7514
april,7515
two,7516
deal,7517
burnitdowngroup,7518
bendelacreme,7519
bendelachrist,7520
putitintotheuniverse,7521
manifest,7522
haircolor,7523
mint,7524
djchriscox,7525
drlissabeautylounge,7526
happyfriyay,7527
pourmeadrink,7528
musclebeach,7529
firdayfeeling,7530
thankgoditsfriday,7531
firstfriday,7532
fridayfunday,7533
winterstormriley,7534
hurricaneforcewind,7535
etsyshop,7536
bohochic,7537
bohobaby,7538
lunaandchewie,7539
whofarted,7540
yummy,7541
eatyourgreen,7542
seafood,7543
weatherphenomenon,7544
anitaprocedure,7545
itspicklebitch,7546
mindy,7547
stormmcqueen,7548
theambercrane,7549
flashsalefriday,7550
rainydaysale,7551
nolimitonpurchase,7552
lovetocook,7553
lezdobrunch,7554
thedinahshore,7555
kittensincup,7556
orchidshow,7557
orchid,7558
fujixt20,7559
fujifilm,7560
apiatherapy,7561
bvt,7562
beevenum,7563
legit,7564
figureinternational,7565
loveourclient,7566
minktoplashe,7567
readacrossamerica,7568
chat,7569
rainy,7570
puddle,7571
moist,7572
thisiswhywecanthavenicething,7573
keuneusa,7574
kevinmurphy,7575
manofthepeople,7576
thecitybeautiful,7577
newtownhome,7578
adultingsohard,7579
movingselfie,7580
businessandpleasurereggaeremix,7581
bigostop20countdownseason2,7582
inthecuttingroom,7583
trinaturk,7584
trinaturkprint,7585
nacho,7586
barfood,7587
waefonkey,7588
canvasartistry,7589
burque,7590
nobhillabq,7591
nobhill,7592
iwwyd,7593
parmesan,7594
crusted,7595
halibut,7596
roasted,7597
tomatoe,7598
fridayfish,7599
hookedonfashiontour,7600
vivaluxe,7601
bethelight,7602
windy,7603
weallgonnadie,7604
maryland,7605
legendary,7606
youmademe,7607
working,7608
job,7609
myjob,7610
grind,7611
mygrind,7612
dayjob,7613
grinddontstop,7614
ballgown,7615
stl,7616
stlbride,7617
utoka,7618
onlineworkshop,7619
innovation,7620
sierraleone,7621
ineedanotherminigetaway,7622
bmw700g,7623
taxseason,7624
fridaysaremadreal,7625
noneedforadvil,7626
ivansharrisphotograpy,7627
glamour,7628
lingerie,7629
minneotaoutoorice,7630
pointscholar,7631
lwtsummit,7632
drsues,7633
myamarillo,7634
hypnotised,7635
kleidoscope,7636
onthisday,7637
inthesestreet,7638
ishabouttown,7639
scooterandlavelle,7640
madeinmadagascar,7641
naturalraffiasisal,7642
weekendgetaway,7643
gardenparty,7644
williamfevre,7645
williamfevrechabli,7646
findyourmagic,7647
happyholi,7648
bombcyclone2018,7649
chocolatesouffle,7650
usbcartel,7651
thesimpson,7652
featurefriday,7653
lobby,7654
bouchardpereetfil,7655
pizzafriday,7656
stormiwebster,7657
travisscott,7658
mymottosince1999,7659
teammhp,7660
mhpstrong,7661
asf2018,7662
wonderful,7663
icy,7664
snowy,7665
wet,7666
robbinseason,7667
doctor,7668
everyrosehasitsthorn,7669
negronitime,7670
sazeractime,7671
shorewood,7672
tiffanywhitmore,7673
houndsear,7674
niebank,7675
itsit,7676
march30th,7677
arnold,7678
thing1,7679
samuelsquare,7680
bluehair,7681
redshirt,7682
opiinfiniteshine,7683
loureed,7684
ellevarner,7685
cassanova,7686
courvoisier,7687
earlydate,7688
thatfridayfeeling,7689
reading,7690
delish,7691
instgood,7692
americanipa,7693
centerpiece,7694
justiceleague,7695
supercracker,7696
curlygirl,7697
sherwoodoregon,7698
garagesale,7699
85yearsago,7700
empirestatebuilding,7701
foodliteracyfeel,7702
pottytime,7703
peebreak,7704
manchild,7705
instafunny,7706
on,7707
lapazenlaquehabito,7708
thankgodforgenerator,7709
wheresammie,7710
marketfish,7711
rubytrout,7712
thepunisher,7713
netflixandchill,7714
allday,7715
marathon,7716
blowmageddon,7717
prgirlshustleharder,7718
decorating,7719
scrotu,7720
dotard,7721
whitelie,7722
alternativefact,7723
cabinfever,7724
ceot3k,7725
columbiapicture,7726
doop,7727
museumofnewyorkcity,7728
follow4follow,7729
foutain,7730
mulchbed,7731
gardendesign,7732
gooddeal,7733
beaufortsc,7734
freshbaked,7735
croissant,7736
pitchoun,7737
inglewood,7738
darciolirajiujitsuusa,7739
darciolirajiujitsu,7740
darciolirabjj,7741
f4f,7742
laikzalaik,7743
lostpower,7744
candle,7745
flashlight,7746
metooonpb,7747
bramstokersdracula,7748
funkyredpatina,7749
unscripteddc,7750
saturdaynight,7751
sleekskinette,7752
redskinsdivagroup,7753
imsodc,7754
httr4life,7755
dcornothing,7756
pourdecision,7757
wineclub,7758
hogwart,7759
universal,7760
potterverse,7761
nationalfrozenfoodday,7762
whatifcatsanddogshadopposablethumbsday,7763
littlewordsproject,7764
seac,7765
fs1,7766
scubacheree,7767
scuba,7768
theeulogy,7769
nirvana,7770
gatherxvx,7771
dontsleep,7772
davesmalley,7773
pasta,7774
itspeanutbutterjellytime,7775
huji,7776
longislandcity,7777
folsom,7778
sugabear,7779
alfredo,7780
brocolli,7781
garlictoast,7782
djtwixx1,7783
culture,7784
ct,7785
hausofstarrweho,7786
barbiegirl,7787
daphodell,7788
peso,7789
apparel,7790
oodlesofnoodle,7791
18point2,7792
crossfitopen2018,7793
houstonmurderino,7794
kissingtheraingoodbye,7795
messinwitdagirlsweekendplan,7796
diadelosmuerto,7797
sanantonio300,7798
marmalade,7799
paddingtonstation,7800
matchmaker,7801
reaper,7802
pinupart,7803
horrorpinup,7804
horrorbabe,7805
blackcatdc,7806
swimatyourownrisk,7807
only,7808
hug,7809
happynes,7810
beachvibe,7811
beachlife,7812
beachlover,7813
gildedheart,7814
zappa,7815
demon,7816
lookatit,7817
senator,7818
cunyintheheight,7819
sanangelotx,7820
bxtotx,7821
worldwildlifeday,7822
iwantyoutobehappyday,7823
barber,7824
southsidekutz,7825
glambuddha,7826
raffiahat,7827
crushablehat,7828
handmadeinmadagascar,7829
bohostyle,7830
sunhat,7831
angryorchard,7832
alfredtea,7833
alternativemodel,7834
inkedgirl,7835
inkedup,7836
zombie,7837
feverfriday,7838
sammyjchild,7839
exhibition,7840
4texan,7841
namesake,7842
frozen,7843
preview,7844
stjamestheatre,7845
pixiecut,7846
bcd2018,7847
winetasting,7848
tinfoilhat,7849
conspiratease,7850
burlesque,7851
drumcircle,7852
damnwire,7853
palmtree,7854
alive,7855
whoknew,7856
daddysgirl,7857
hisgoto,7858
brain,7859
wave,7860
flavoroftheweekfriday,7861
fridayfunny,7862
phildunphy,7863
nastypig,7864
chestday,7865
gaystagram,7866
amiga,7867
cuban,7868
toucheamore,7869
titlefight,7870
backtrack,7871
chriscornell,7872
jamming,7873
early,7874
miraclewater,7875
greeneggsandham,7876
hopeforhaiti,7877
ctownwest,7878
hairdresserslife,7879
everybodyisworkingfortheweekend,7880
queenpazdescanse,7881
takemetochurch,7882
notacommodity,7883
targetdog,7884
batman,7885
spiderman,7886
beamazingeveryday,7887
youreamazing,7888
beyoursslf,7889
livehowyouchoose,7890
amazingyou,7891
rapunzel,7892
internationalearcareday,7893
makeemdirty,7894
lovethisgal,7895
happyhappy,7896
olivejuice,7897
artfulgirl,7898
jkfirstofthemonthadventure,7899
firstofthemonth,7900
rowena,7901
crownroyal,7902
canadianwhisky,7903
kvdgiveaway,7904
katvondxdivine,7905
toprankrepost,7906
stevieb,7907
samsmith,7908
strolling,7909
echopark,7910
caphill,7911
endendo,7912
endometriosi,7913
look,7914
shade,7915
eric,7916
snapshot,7917
throwbackconcert,7918
tagteam,7919
woompthereiti,7920
arnoldexpo,7921
pawtrait,7922
phanartfriday,7923
msd,7924
harlembaby,7925
short,7926
slowmotion,7927
practice,7928
nationalanthemday,7929
princessday,7930
talented,7931
grailproject,7932
saturdaysale,7933
crystalsforsale,7934
nikon,7935
sulfurzyme,7936
lovelife,7937
dancetherapy,7938
youonlyliveonce,7939
imnotbadimjustdrawnthatway,7940
inspo,7941
nightlife,7942
lastyle,7943
vampirella,7944
horrorcomic,7945
wmata,7946
thecrown,7947
doyouknowwhereyourchildrenare,7948
cubscoutsslumbercamp,7949
9to9,7950
g412,7951
leeway,7952
ish,7953
signature,7954
hat,7955
lumafied,7956
rinthe80,7957
shadyladysaloon,7958
tell,7959
bravestofthemall,7960
programmeskateshop,7961
harnesshc,7962
playingwithmydemon,7963
lifecoach,7964
sockmonkeyday,7965
catcafe,7966
to,7967
goodlife,7968
everythingalwaysworksoutforme,7969
republican,7970
thebreeder,7971
allnerve,7972
awardseason,7973
publicist,7974
associatepastorofantioch,7975
theveiledavenger,7976
potd,7977
nomnom,7978
hophop,7979
doseoftha,7980
gymnastlife,7981
proudfamily,7982
gotgrit,7983
jagpride,7984
jaggym,7985
grittermusic,7986
mee,7987
listen,7988
itune,7989
yeehaw,7990
trailoflie,7991
sxe,7992
polenta,7993
gnocchi,7994
haul,7995
funko,7996
selfienation,7997
queerartist,7998
boi,7999
hugosrestaurant,8000
pickupperk,8001
bestbud,8002
serviceplease,8003
lit,8004
toasty,8005
flipagram,8006
made,8007
kikixtrava,8008
triumph,8009
bostonqualifier,8010
street,8011
tracycooper,8012
isayfuckalot,8013
stillclassy,8014
humble,8015
saturdaymood,8016
kaisersgettingmoney,8017
canyoushowhimtohisbed,8018
thevickyvox,8019
cox,8020
pioneerprodj,8021
cdj,8022
clubbing,8023
drunkie,8024
jjvalerio,8025
maternity,8026
perseverance,8027
killedit,8028
seed,8029
bettybailey,8030
dli2018,8031
morningmoon,8032
moonset,8033
boundaryatl,8034
midtownatl,8035
manicure,8036
sayitagainsaturday,8037
flatrock,8038
weightlifting,8039
pumpingiron,8040
bellandros,8041
jaegerlecoultre,8042
panerai,8043
saturdaymorning,8044
saturday,8045
itstheweekend,8046
itstheweekendbaby,8047
albany,8048
saturdaystorage,8049
obamafoundation,8050
marchishere,8051
roswell,8052
streetartist,8053
fishtown,8054
fishtownphilly,8055
carousel,8056
hereigoagain,8057
peacelearningleadership,8058
atthetable,8059
tarheelnation,8060
summersaturday,8061
basquiat,8062
brooklynmuseum,8063
unicornmagic,8064
followforfollow,8065
followbackteam,8066
firebird,8067
2today,8068
phoenixalexandra,8069
daddyslittlegirl,8070
gotpokemon,8071
happysaturday,8072
sinner,8073
dontjudgeme,8074
ketosi,8075
pruviteveryday,8076
ketodiet,8077
ketogenic,8078
well,8079
roccotheurbanpug,8080
drinkwater,8081
behealthy,8082
yourchoice,8083
bolero,8084
vonsolo,8085
chillann,8086
parenting,8087
higherpower,8088
padutch,8089
nsaspeaker,8090
speakerlife,8091
deserve,8092
bagsoflove,8093
bolsasdeamor,8094
emdsalesinc,8095
eltiempolatino,8096
telemundo,8097
dragonbridge,8098
bb,8099
mcdonald,8100
pennyossundayfunday,8101
24hr,8102
keepmovin,8103
rootingdc,8104
72hr,8105
integrity,8106
homesweethome,8107
nolarealtor,8108
findyourneworleanshome,8109
trail,8110
dallastexa,8111
africa,8112
sendmebacksaturday,8113
laugheveryday,8114
cherisheveryday,8115
needga,8116
pushingmyluck,8117
reputation,8118
manuporshutup,8119
freshflo,8120
brow,8121
museumatfit,8122
norell,8123
fashionexhibit,8124
fashionexhibition,8125
mixtape,8126
triathlon,8127
tri,8128
triathlete,8129
swimbikerun,8130
trilife,8131
nepa,8132
loveyourlashe,8133
tradingcard,8134
book,8135
toy,8136
33mile,8137
panther,8138
howgreatisourgodiv,8139
newmercie,8140
botanical,8141
pastoral,8142
adventuresofreyandrey,8143
stancesock,8144
gprepost,8145
reposter,8146
regramapp,8147
divasinthedistrict,8148
sipnshop,8149
wineoscar,8150
littledragon,8151
pioneertown,8152
stylesnatchslay,8153
michaelkor,8154
sabrinamiskelly,8155
day81,8156
exploring,8157
avep,8158
highfall,8159
groveoak,8160
alabama,8161
thepeople,8162
deytookind,8163
showgirl,8164
kuppajoy,8165
jackwantspancake,8166
twoshowday,8167
italiangreyhound,8168
iggy,8169
angelinajolie,8170
lunchdate,8171
themugician,8172
beginner,8173
pigonadeck,8174
masked,8175
true,8176
record,8177
blanketfort,8178
noresponsibilitie,8179
playdohbath,8180
saturdaypeptalk,8181
happysabbath,8182
bcf,8183
asf,8184
paperpastriesshop,8185
nail,8186
salonloftsprice,8187
cyborg,8188
raven,8189
oneofmyalltimefavoriteshow,8190
heavenlyyum,8191
squeezeable,8192
cajunchicken,8193
dairyaire,8194
nationalmoscowmule,8195
clicklinkinbio,8196
pilotseason,8197
headshotsthatwork,8198
headshotsthatpop,8199
bowie,8200
soundandvision,8201
freshcutflower,8202
haveabeautifulday,8203
bbqblogger,8204
bbqblue,8205
historicblue,8206
bluesmusic,8207
bluesmusician,8208
aloyoga,8209
miniband,8210
sundayhike,8211
walk,8212
10000step,8213
lose,8214
deserto,8215
stairclimber,8216
crushingit,8217
saunatime,8218
newkick,8219
gymtime,8220
webinar,8221
auntieannespretzel,8222
filmpartay,8223
gymjunkie,8224
aftermath,8225
severnriver,8226
annearundelcounty,8227
bowdowntoparis1,8228
ibca,8229
cookoff,8230
bbq,8231
batterup,8232
ondeck,8233
thelinqinstameet,8234
linqlife,8235
instameetlasvega,8236
onairfest,8237
scam,8238
talentagency,8239
righton,8240
guitarman,8241
ilovenyc,8242
coffeeroast,8243
followforstonerzonlyradio,8244
blogtalkradio,8245
capuccino,8246
barista,8247
bigostop20countdown,8248
bipolarlife,8249
kissmeyousmilingidiot,8250
portlanding,8251
currentview,8252
boulderbeer,8253
flatironview,8254
coloradoblueskie,8255
dialhometest,8256
doubledouble,8257
little,8258
fwi,8259
sommelier,8260
sommlife,8261
sommkindalife,8262
mymayor4life,8263
styleblogger,8264
geurim,8265
hawksighting,8266
nycbeerweek,8267
littlefeminist,8268
mama,8269
sassy,8270
trivia,8271
nomore,8272
domesticviolenceawarenes,8273
nyclashextension,8274
3dlashe,8275
crafty,8276
weship,8277
shopnapa,8278
sock,8279
bushwick,8280
phobrunch,8281
nationalcoldcutsday,8282
dega,8283
dateday,8284
mybabe,8285
geniuscoleforltgovernor,8286
workingathome,8287
socialmediaclas,8288
englisclas,8289
frenchiegang,8290
i,8291
thatface,8292
pnwphotographer,8293
hangingwiththemeercat,8294
meercat,8295
sabadrink,8296
queesunasola,8297
teamsharewell,8298
sakepoint,8299
oceanview,8300
chargelife,8301
lamborghini,8302
carsandcoffee,8303
girlcrush,8304
hothothot,8305
chile,8306
artshow,8307
liveart,8308
cya,8309
aaahockey,8310
girlshockey,8311
girlshockeyrock,8312
littlesister,8313
nosnow,8314
girlscout,8315
girlsjustwannahavefun,8316
girlscoutsny,8317
haimish,8318
vocabulary,8319
vocab,8320
brewyardbeer,8321
dinahshoreweekend,8322
believebigger,8323
alpaca,8324
yarn,8325
womeninfilm,8326
ceremony,8327
looking,8328
sharp,8329
dresshat,8330
rayoflight,8331
inspire,8332
gkg,8333
congosquare,8334
novictor,8335
hatanator,8336
fascinator,8337
uniquestyle,8338
marblenail,8339
animalkingdomwakefield,8340
kevinblack,8341
dane,8342
happyliving,8343
hygge,8344
saturdayshopping,8345
happychinesenewyear,8346
goodfortune,8347
loa,8348
persistence,8349
mstiawanna,8350
acupuncturist,8351
acupuncture,8352
athlete,8353
inbend,8354
neverforget,8355
munchkin,8356
leprecon,8357
emeraldvibe,8358
oscarweekend,8359
boxing,8360
knitted,8361
mitten,8362
bluespig,8363
vavavoom,8364
bottomline,8365
ladieswhoski,8366
trade,8367
seeyouatstate,8368
thatsabet,8369
mybiggirl,8370
runlikeagirl,8371
snakerivercanyon,8372
halfmarathontraining,8373
stabilityball,8374
thecaterpillar,8375
thecocoon,8376
thebutterfly,8377
townhouse,8378
upperwestside,8379
townhouseliving,8380
dancingwiththestar,8381
cannabisweddingexpo,8382
abundant,8383
leipersforkdistillery,8384
fivedaughtersbakery,8385
chucktaylor,8386
leviz,8387
candyk,8388
gottatryjetgremlin,8389
gopsu,8390
cabbageroll,8391
brownrice,8392
kidneybean,8393
sauteedonion,8394
freshdill,8395
fitnessblogger,8396
dcfitnes,8397
healthyliving,8398
laguna,8399
rebel,8400
possibilitie,8401
anitablakeserie,8402
anitablake,8403
anitablakedream,8404
vestigate,8405
violinist,8406
beachwedding,8407
sand,8408
1stcorinthian,8409
lakehavasu,8410
level2nightclub,8411
teentechweek,8412
tech,8413
retrogame,8414
destinationcrenshaw,8415
madmen,8416
entrepreneurlife,8417
shaut,8418
boigeorge2016,8419
anniversary,8420
bbw,8421
bbwgram,8422
bbwsexy,8423
warriorsofabeautifulgame,8424
documentary,8425
documentario,8426
specialoccasion,8427
outerhavenreport,8428
largefamilylife,8429
largefamily,8430
baileyfamilyof7,8431
morethemerrier,8432
lovemykid,8433
menshair,8434
fadehaircut,8435
touchesalon,8436
coppermakesitbetter,8437
chilhuly,8438
vote,8439
powertothepoll,8440
votethemout,8441
dayone,8442
hoopsandprosecco,8443
seitan,8444
buddhabowl,8445
onebowldinner,8446
hailseitan,8447
neonreverbfestival,8448
tacotuesday,8449
letmelookoverhere,8450
missoula,8451
yfc,8452
2ndanniversary,8453
weddingweekend,8454
greatlakeshealthgiveaway,8455
iowawinter,8456
breastaugmentation,8457
gummybear,8458
breastimplant,8459
tunetuesday,8460
atmydesk,8461
akaimpd218,8462
jacksatbat,8463
msdstrong,8464
churchhurt,8465
getupmorning,8466
thisisann,8467
dresse,8468
napa,8469
nerdnightmare,8470
welovefunko,8471
funkopop,8472
poplife,8473
funkophoto,8474
top,8475
danceclas,8476
kofisiriboe,8477
groceryshoppinginnyc,8478
toottoot,8479
tootyourownhorn,8480
healing,8481
beefybidnes,8482
cominforeverything,8483
crazeddog,8484
sassymouth,8485
ctphotographer,8486
geniu,8487
laughed,8488
infull,8489
shampine,8490
decaturil,8491
law,8492
arcadewednesday,8493
biennacido,8494
pinotblanc,8495
cnagywine,8496
santamariavalley,8497
fixadrink,8498
instajob,8499
bestlife,8500
laking,8501
civicduty,8502
ivoted,8503
democracy,8504
lookgoodfeelgood,8505
ringofhonor,8506
roh,8507
manhattanmayhem,8508
cody,8509
codyrhode,8510
flipgordon,8511
gottahandittoyou,8512
nailsalon,8513
analogphototography,8514
happeningindtla,8515
eastcoastvibe,8516
housemusic,8517
afrohousemusic,8518
afrobeatsofficial,8519
jastn,8520
japan,8521
triplethreat,8522
cambridgetable,8523
monkeyingaround,8524
monkey,8525
lemur,8526
africarock,8527
bread,8528
carb,8529
brattleboro,8530
farewell,8531
reception,8532
dentalhumor,8533
theelite,8534
knowledge,8535
chefietef,8536
djcavem,8537
nochill,8538
plantbased,8539
tacosalad,8540
text,8541
notimeforbullshit,8542
kamelahcollection,8543
customwig,8544
trendytuesday,8545
oakland,8546
rotary,8547
asset,8548
l4l,8549
makeyourselfapriority,8550
thebronxletterer,8551
role,8552
austinpower,8553
woof,8554
behave,8555
howdidthatmakeyoufeel,8556
lhhmia,8557
echoheart,8558
milkboyarthouse,8559
questionablepetparenting,8560
instafashion,8561
instastyle,8562
trending,8563
babysuaveturns1,8564
happybirthdaybabysuave,8565
robocall,8566
iphone,8567
android,8568
toucansam,8569
kelloggsnyc,8570
casinonight,8571
x4dreamteam,8572
brusselsprout,8573
makeitexotico,8574
littlerichard,8575
steviewonder,8576
bachelor,8577
fruitloop,8578
crown,8579
donttellmewhathappenedonthebachelor,8580
byearie,8581
girlscoutcookie,8582
samoa,8583
thinmint,8584
dosido,8585
tagalong,8586
handstand,8587
janeharper,8588
notjustaprettyfacebookclub,8589
streching,8590
mysterymini,8591
saturdaymorningcartoon,8592
blindboxe,8593
german,8594
cbu,8595
timehop,8596
bapcreation,8597
mac,8598
imac,8599
desktop,8600
upgrade,8601
homestudio,8602
goldendome,8603
grotto,8604
touchdownjesu,8605
corn,8606
cornmaze,8607
shermanfarm,8608
nerd,8609
gaybear,8610
crazykittyfrito,8611
personalspace,8612
youarebeautiful,8613
lovewin,8614
flairy,8615
movienight,8616
cheetospuff,8617
beverlyhill,8618
f1stravel,8619
gle,8620
thingsbegettingreal,8621
impeachtrump,8622
ruffytime,8623
kunoichi,8624
naruto,8625
tetuesday,8626
montanaave,8627
beatitout,8628
noirnailcare,8629
jk,8630
lie,8631
loscabosseafoodbar,8632
killeen,8633
glamtestimonytuesday,8634
tapein,8635
lanadelrey,8636
velovh,8637
bunkerdownsoontho,8638
tramtastic,8639
mylife,8640
whattimeisit,8641
memeoclock,8642
ghostlight,8643
hurryupandwait,8644
beastieboy,8645
bigboy,8646
timkerr,8647
121g,8648
martymcfly,8649
emmitbrown,8650
thirsty,8651
copamundial,8652
archer,8653
netflixbinge,8654
anaheimduck,8655
letsgoduck,8656
seeyouindalla,8657
zoo,8658
mstoithatreal,8659
bumpitoff,8660
artsy,8661
gal,8662
that,8663
unboxed,8664
thenewlionking,8665
nofucksgiven,8666
starringrole,8667
naughtybutnice,8668
takeabreak,8669
suavecitosaturday,8670
silly,8671
honest,8672
kind,8673
havefun,8674
permissiontoplay,8675
hockeyismyreligion,8676
molsonoriginalsix,8677
iamcanadian,8678
movingin,8679
joyaudefrance,8680
kickmyfeetup,8681
noyouare,8682
eventsofalifetime,8683
jimshaw,8684
sandiegoca,8685
sdlife,8686
sdlifestyle,8687
10new,8688
timessquare,8689
pugsofinstagram,8690
blackpug,8691
speakpug,8692
tumblrpoet,8693
worstrejectionever,8694
imessage,8695
seansavoy,8696
thegaydonatella,8697
rickylamhawaii,8698
leomadrid037,8699
thehole,8700
motherlode,8701
motherlodeweho,8702
instalove,8703
optimism,8704
lloydlegacysharp,8705
swfotw,8706
greedo,8707
travelling,8708
snowstorm2018,8709
bigapple,8710
gettinit,8711
rockthisday,8712
lisaspaparazzidoll,8713
snowman,8714
thisis43,8715
af,8716
goodwednesday,8717
howclever,8718
morningcoffee,8719
peopleilove,8720
custom,8721
artigra,8722
personalized,8723
snowday2018,8724
chloekim,8725
knitearlyknitoften,8726
newsroomdog,8727
newestreporter,8728
thatfacetho,8729
thoughtoftheday,8730
monomininspo,8731
nomoreexcuse,8732
move,8733
belikewater,8734
no,8735
more,8736
excuse,8737
wearpink,8738
onwednesdayswewearpink,8739
thisonesforthegirl,8740
thinkpink,8741
dreamcatche,8742
emrecan,8743
liverpool,8744
porto,8745
alpharettarealestateagent,8746
slaytheday,8747
hatchimal,8748
plush,8749
culturesofformation,8750
notredame,8751
mcgrathinstitute,8752
lashnap,8753
bestnap,8754
dizzy,8755
catsofinsta,8756
classylady,8757
classy,8758
craftcoctail,8759
comegetyourdrankon,8760
victoriabeckham,8761
davidbeckham,8762
fairtrade,8763
luckiestguyintheworld,8764
hairsalonbycharlene,8765
lensculture,8766
dailylife,8767
comedrinkwithu,8768
cateringeveryday,8769
supportlocal,8770
authenticphillyhoagie,8771
pixelimagephotography,8772
dinnerparty,8773
adobo,8774
pastaalforno,8775
fruittart,8776
tepeyacgirl,8777
happywinesday,8778
sundaymorning,8779
planning,8780
moresun,8781
wellnesswednesday,8782
simplething,8783
johnlegend,8784
lunalegend,8785
chrissyteigen,8786
shepherdsofinstagram,8787
roleplay,8788
fusionextension,8789
burnout,8790
y4t,8791
lisadanylchuk,8792
exploremore,8793
inlikealion,8794
eileenfisher,8795
madrid,8796
cwelive,8797
waybackwednesday,8798
rndc,8799
hail2theyeah,8800
kdshamrock,8801
feb24th,8802
preventchildabuseamerica,8803
mickmelanin,8804
blackpearl,8805
creolekingmusic,8806
bunnie,8807
thoroughbredsmovie,8808
obijuankenobi,8809
sneezing,8810
ticklethroat,8811
cough,8812
source,8813
guidance,8814
chiropractor,8815
chiropractic,8816
hike,8817
reefing,8818
veteran,8819
rocktheboat,8820
mst,8821
gnarlyclothe,8822
scalphealth,8823
shebuzzin,8824
cleanslate,8825
shiny,8826
wingedvictory,8827
cadrianpillar,8828
memorialpark,8829
sureshotvideophoto,8830
tequila,8831
melon,8832
usbg,8833
rainriding,8834
badweather,8835
kfashionstoptravel,8836
military,8837
usmc,8838
marine,8839
army,8840
navy,8841
va,8842
valoan,8843
offer,8844
veteranowned,8845
cougaroftheday,8846
foodprep,8847
noladarling,8848
auditorionacional,8849
prince,8850
leo,8851
tourpromero,8852
portwashington,8853
windbeutel,8854
creampuff,8855
usarlosalvomivida,8856
thatpart,8857
fullcountmovie,8858
gphib,8859
blessedandhumbled,8860
booksaremyfriend,8861
fbabos,8862
myartscenter,8863
rbdigital,8864
nicolekidman,8865
northeastern,8866
letmeswitchupthetempo,8867
temecula,8868
southcoastwinery,8869
happydayeveryone,8870
womaninbusines,8871
cw,8872
villainclub,8873
snowfall,8874
fitnesscouple,8875
marriedwithmuscle,8876
powercouple,8877
grape,8878
makeupartist,8879
simonedebeauvoir,8880
francaise,8881
philosophe,8882
philoniusrecord,8883
philoniusmusic,8884
guardiansofthegalaxy,8885
antman,8886
burtonsnowboardingchampionship,8887
themightyquinn,8888
stormtrooper,8889
smashville,8890
core4,8891
seamles,8892
grubhub,8893
plyometric,8894
plyo,8895
dumbbell,8896
wristweight,8897
anklecuff,8898
nokid,8899
freezinghere,8900
bedhead,8901
justwokeup,8902
gingerbear,8903
gingerbeard,8904
messyhair,8905
gayginger,8906
tottenham,8907
extralife,8908
flying,8909
queretaro,8910
popitout,8911
customcontour,8912
checkyourbag,8913
minilipplump,8914
cheekbonepop,8915
racebling,8916
theuniverse,8917
universefact,8918
universejoke,8919
joke,8920
funnypost,8921
funnypic,8922
whambamfam,8923
cutenes,8924
phonering,8925
panda,8926
pineapple,8927
goodvibesonly,8928
usp,8929
chinesedeliveryguy,8930
vanbruntstreet,8931
fruity,8932
bigup,8933
keeneyinvasion,8934
mamalove,8935
vivatequila32,8936
melissabefierce,8937
wafflewednesday,8938
soupson,8939
cleansoup,8940
windowshopping,8941
ttsuperbloom,8942
ufcgymbrookhollow,8943
fightfit,8944
kickboxing,8945
youthsport,8946
trolley,8947
pullup,8948
kicksdaily,8949
winterstormquinn,8950
dontquit,8951
midweekmemorie,8952
luvonu,8953
np,8954
chioke,8955
libraryofcongres,8956
solution,8957
problemsolver,8958
butwhy,8959
allsaint,8960
youtubemusic,8961
workingwomenwednesday,8962
iloveyoualatte,8963
deandavi,8964
bostontaketwo,8965
winesday,8966
newconstruction,8967
know,8968
how,8969
karaoke,8970
some,8971
goldmedal,8972
usawomenshockey,8973
serena,8974
gmoat,8975
pnbpo2018,8976
peaceful,8977
jaxfl,8978
snowdayknitting,8979
knitbabyblanket,8980
pinkbabyknit,8981
nosunshine,8982
lifeinsurance,8983
closeupshot,8984
blackwalnut,8985
woodheart,8986
sleepingbeautyturquoise,8987
blingingout,8988
spacegun,8989
weatherupdate,8990
winitwednesday,8991
when,8992
told,8993
destined,8994
fame,8995
happinessi,8996
snowytree,8997
powerline,8998
cableline,8999
prettytree,9000
propertyofnyc,9001
teachersfollowteacher,9002
2018mbm,9003
pickingflower,9004
redbonemix,9005
breakfastallday,9006
eve,9007
blackandtan,9008
browtinting,9009
omg,9010
another,9011
one,9012
these,9013
billboard,9014
everywhere,9015
possible,9016
win,9017
eatchameleon,9018
fore,9019
couch,9020
tea,9021
responsibilitie,9022
velcrodog,9023
nycliving,9024
instabrooklyn,9025
cathat,9026
1week,9027
supermodel,9028
openinbo,9029
cozy,9030
seat,9031
runforestrun,9032
bubba,9033
rado,9034
aspentreetattoo,9035
roast,9036
bewildlycuriou,9037
rcaponthehill,9038
lifesentence,9039
tiredthough,9040
mrxplosion,9041
ladybird,9042
findingvincent,9043
maryqueenofscott,9044
celebracione,9045
welcometomywed,9046
getit,9047
chocolatelover,9048
4th,9049
media,9050
yleo,9051
vintagevibe,9052
drivesafe,9053
weddingdres,9054
nomorewinter,9055
ginstagramnyc,9056
freedomtrail,9057
merdoesnohashtag,9058
bunnybomb,9059
fortyninepalmsoasi,9060
rumpday,9061
ilikebutt,9062
teamdjg121,9063
drainspotting,9064
perrhijo,9065
daleconflo,9066
juve,9067
juventu,9068
dybala,9069
higuain,9070
tobepresent,9071
syritasglow,9072
calvinklein,9073
gap,9074
vincecamuto,9075
goodevening,9076
connecticutagainviolence,9077
proces,9078
schooltour,9079
insight,9080
stayfocused,9081
coyote,9082
selfielife,9083
lovemore,9084
loveyour,9085
joannadegeneresphotography,9086
joannadegenere,9087
dairyfree,9088
thisislove,9089
hiphopculture,9090
bboy,9091
bgirl,9092
breakdance,9093
breaking,9094
laescalera,9095
prettypothead,9096
letsnotbelate,9097
alwaysrushing,9098
iwasreadybeforehimforonce,9099
gastricbypas,9100
bariatric,9101
burberry,9102
wanderlust,9103
snowmageddon,9104
doyouwanttobuildasnowman,9105
stayinside,9106
mizuki,9107
japanesechin,9108
chinstagram,9109
sleepyhead,9110
shopwithu,9111
localsonly,9112
vanderpumpdog,9113
appreciate,9114
bethankful,9115
rudepeople,9116
rudepeoplesuck,9117
sobe,9118
excelenergycenter,9119
highschoolhockey,9120
theforgottencity,9121
skatedc,9122
whenisitgoingtostop,9123
sydney,9124
brisbane,9125
australia,9126
cleartheway,9127
maniffest,9128
nichole,9129
minicooper,9130
marchsnow,9131
itaintoveryet,9132
welcometonewengland,9133
grammy,9134
americancancersociety,9135
board,9136
vodkaoclock,9137
neosexy,9138
boozeandboogie,9139
keepitpositive,9140
mondaymayhem,9141
tatesarahnyc,9142
personalgrowth,9143
birdsofafeather,9144
mallardduck,9145
manisteeforest,9146
keepitsimple,9147
makingstride,9148
filmmaking,9149
filmmaker,9150
edc,9151
musica,9152
flexible,9153
motion,9154
getadjusted,9155
easterstatepenitentiary,9156
lokelmarket,9157
classiccarmeet,9158
lousasatra,9159
didyouknow,9160
charred,9161
eggplant,9162
yellowsquash,9163
tvprice,9164
travelgram,9165
thisonetho,9166
grandsonsareamazing,9167
yourheart,9168
modny,9169
70sfashion,9170
museumofnewyork,9171
basic,9172
liftingface,9173
muddy,9174
jainecreate,9175
oliversattic,9176
shautigra,9177
aeromethodology,9178
intro2aero,9179
onthisdateinhiphop,9180
bernardlafayettejr,9181
greenmountaincreamery,9182
fatfree,9183
vanillagreekyogurt,9184
medalmonday,9185
livingroomdecor,9186
livingroom,9187
bayareawx,9188
dove,9189
purity,9190
mua,9191
churro,9192
bigas,9193
yosemitenationalpark,9194
zumba,9195
mondayzumba,9196
nataliefaith,9197
roseography,9198
discipline,9199
igetlonely,9200
35mmfilm,9201
canonusa,9202
sbtg,9203
c41,9204
50mm,9205
quiet,9206
cantwait,9207
lovewine,9208
winelover,9209
practiceandalliscoming,9210
baltimore,9211
philadelphia,9212
siriu,9213
astrologer,9214
astronomy,9215
shakeshack,9216
baxterboy,9217
husbandman,9218
afterdark,9219
polyife,9220
bird,9221
housebird,9222
petsofinstagram,9223
vitra,9224
buyer,9225
investor,9226
alwaysbelieve,9227
somethingwonderful,9228
inyou,9229
fredperry,9230
mensfashion,9231
puglife,9232
pupsofinstagram,9233
11yearsold,9234
evx,9235
nystrip,9236
steakdinner,9237
steaknight,9238
brocoli,9239
barbecue,9240
bestensemble,9241
naacptheatreaward,9242
godsrealgift,9243
highestformoflifeontheplanet,9244
rex,9245
cigar,9246
newlywed,9247
married,9248
honeymoon,9249
countmyblessing,9250
monterey,9251
rpdrseason6,9252
rupaul,9253
bottle,9254
bourbon,9255
bestseller,9256
newmercieschristianchurch,9257
christinacook,9258
psalmist,9259
whatislove,9260
whatisromance,9261
romance,9262
romancequote,9263
thetick,9264
misslint,9265
muahsaward,9266
giftbag,9267
shiboski,9268
emmawhite,9269
coldasice,9270
glitter,9271
musically,9272
selftaught,9273
bassqueen,9274
jcc,9275
funwiththegirl,9276
modelmonday,9277
fastrepost,9278
itsallaboutourhealth,9279
yournowispreparingyouforyournext,9280
jid,9281
earthgang,9282
dreamville,9283
warehouselive,9284
memeplu,9285
gif,9286
loveride,9287
hateorder,9288
lonelygirlsguidetoinimacy,9289
mwlsienna,9290
coolbride,9291
nycrestaurant,9292
client,9293
vipdinner,9294
ring,9295
phillysupportphilly,9296
puppylove,9297
bestfurryfriend,9298
dvintime,9299
theyearofthedog,9300
transrightsarehumanright,9301
manu,9302
nyctola,9303
kendallreeseelrod,9304
kundalini,9305
sundayscarie,9306
makeoutmonday,9307
fubar,9308
carnagi1,9309
f,9310
jasonbell,9311
logannoh,9312
officialtroybrook,9313
husbear,9314
thebachelor,9315
surrule,9316
itsjameskennedy,9317
surrestaurant,9318
neddjamall,9319
santamonicabeach,9320
santamonicasunset,9321
badbrain,9322
movinout,9323
theessentialbillyjoel,9324
redvelvet,9325
chromatic,9326
minimalist,9327
minimalmood,9328
minimalistmonday,9329
glasse,9330
lifequote,9331
yourgirlchuck,9332
ricardo,9333
licenseplate,9334
christmaslight,9335
albumcover,9336
tomkhakai,9337
osfopening2018,9338
josefkote,9339
quoted,9340
hriff,9341
session,9342
remymartin,9343
drinkspecial,9344
tusisabesquererme,9345
ask,9346
answered,9347
firsttime,9348
expert,9349
airportlife,9350
skypriority,9351
thankgodalway,9352
misenplace,9353
dli18,9354
tuesdaymorningsituation,9355
knittersgonnaknit,9356
chloekimhat,9357
spillingtea,9358
sexdream,9359
icanbreatheagain,9360
nyr,9361
ibleedblue,9362
u,9363
denmark,9364
germany,9365
uk,9366
luckycharm,9367
gettingit,9368
playdoh,9369
schoolgarden,9370
aostyle,9371
aliceandolivia,9372
hairpainted,9373
amongstfriend,9374
frameyourflaw,9375
reeloneworldwide,9376
reeloneentertainment,9377
heathenmade,9378
chokeme,9379
wonderplate,9380
bestbabygift,9381
feedingthebeast,9382
sale,9383
biggie,9384
whodidit,9385
abundancemindset,9386
prosperou,9387
teasetuesday,9388
retirementlife,9389
fujix70,9390
wonderbib,9391
schimelpfeniglibrary,9392
caring,9393
m2,9394
moveover,9395
newsingle,9396
exitcar,9397
exitinstyle,9398
weddingday,9399
mohawk,9400
updo,9401
hairartistry,9402
og,9403
sunnyspot,9404
bostonterrierlove,9405
beard,9406
blueeye,9407
bartenderforhire,9408
funtobedressedup,9409
noregret,9410
nevergivein,9411
never,9412
lacedres,9413
bohobride,9414
mycreation,9415
myinspiration,9416
stirwithpassion,9417
pierrecallot,9418
blancdeblanc,9419
nflcombine,9420
lashgrowthserum,9421
issavibe,9422
awrinkleintime,9423
lablog,9424
mace18,9425
derbyday,9426
jawstruck,9427
thewinchendonschool,9428
305lb,9429
prettypowerful,9430
neversettle,9431
tartantuesday,9432
whatames,9433
breakfastclub,9434
healthymorning,9435
lovemyneighborhood,9436
backbay,9437
16yrsouthendresident,9438
theluckybaker,9439
ememie,9440
fakefriend,9441
fakepeople,9442
fakelove,9443
fakehug,9444
hellokitty,9445
cookout,9446
buttandlegsday,9447
fuelbar,9448
barrysbootcamp,9449
cignabehavioralhealth,9450
sunseeker,9451
madlib,9452
randomadventure,9453
pulpfiction,9454
dupontfarmersmarket,9455
bluegrey,9456
makeover,9457
vipmeeting,9458
commercial,9459
quickweave,9460
semipermanentmakeup,9461
everlastingbrow,9462
browtastic,9463
immortalhulk,9464
totformickey,9465
tuesdaysbelongtomickey,9466
filmsession,9467
opiodcrisi,9468
opioidepidemic,9469
foggybottom,9470
before,9471
almostafter,9472
redoak,9473
woodpendant,9474
mstoi,9475
worklocalthinkglobal,9476
hlsr,9477
contralto,9478
mariananderson,9479
fittoride,9480
fittoyou,9481
fittoyounc,9482
equestrian,9483
vegansofinstagram,9484
prettyfood,9485
sunisshining,9486
outside,9487
newspringlook,9488
tasty,9489
dominican,9490
shesdominicantoday,9491
redwine,9492
peachthecat,9493
wholelife,9494
throughbacktuesday,9495
pestanasdecolore,9496
colorlashe,9497
stevenpinker,9498
enlightenmentnow,9499
reason,9500
science,9501
stuffedbellpepperalway,9502
squatrack,9503
meeting,9504
thecenterforautism,9505
ambeeskitchen,9506
sweetsandmeatsbbq,9507
workoutbuddy,9508
blackownedbusines,9509
celebratelife,9510
godislove,9511
spinning,9512
coffeetalk,9513
italian,9514
warrenstoredeli,9515
cheesesteak,9516
sollifemusic,9517
setix,9518
feetup,9519
wistem,9520
scene,9521
upcoming,9522
tv,9523
serie,9524
strawbag,9525
fauxfriedchicken,9526
mothersday,9527
chicagogram,9528
nyu18,9529
invinoverita,9530
wineshop,9531
winetime,9532
steppingstone,9533
marble,9534
travertine,9535
gainz,9536
missionpeak,9537
balletdance,9538
ballet,9539
cardiobarre,9540
cardiobarreworkout,9541
lyvly,9542
gympas,9543
newshow,9544
casting,9545
castingcall,9546
breakingnew,9547
muralart,9548
gypsy,9549
naacp,9550
award,9551
lawyered,9552
ladylawyer,9553
sanantonio1718,9554
hd28,9555
sorryguysshestaken,9556
shesmine,9557
mrscarter,9558
selfdefenseforwomen,9559
brazilianjiujitsu,9560
empowered,9561
soontobemom,9562
totalbodyworkout,9563
leonardnimoy,9564
thegogo,9565
liveincentralpark,9566
tuesdaytune,9567
ilovemymom,9568
familylife,9569
greenstreetlocal,9570
secondbreakfast,9571
razorcutbob,9572
soldout,9573
blackisbeautiful,9574
letsgetsummerready,9575
freeproduct,9576
shazam,9577
northpark,9578
swizzbeat,9579
animoji,9580
remocamero,9581
joeljameslive,9582
tuneintuesday,9583
opportunitie,9584
marketing,9585
lillyhoop,9586
jenniferlopez,9587
dogen,9588
foiegra,9589
coldplay2021,9590
coldplayersofinstagram,9591
pride,9592
rvgroup,9593
dreamsandgoal,9594
mnwild,9595
letsgowild,9596
anappleaday,9597
multivitamin,9598
multimineral,9599
solar,9600
fastfoto,9601
normalheight,9602
shurem447,9603
fc,9604
htx,9605
happysong,9606
tuscany,9607
tuscan,9608
winedinner,9609
pointer,9610
legday,9611
workingout,9612
core,9613
formaldres,9614
pickingmykidsupfromschool,9615
mommymode,9616
sandiegovibe,9617
sandiegolifestyle,9618
sandiegolove,9619
horse,9620
invadethehole,9621
luck,9622
men,9623
cologne,9624
justintime,9625
creightonlane,9626
payitforward,9627
payit4ward,9628
cal,9629
creightonarthurlane,9630
packing,9631
myspot,9632
magnoliajournal,9633
stephflossbday,9634
houseofcanaca,9635
cougartravel,9636
wedothi,9637
wefocused,9638
runwaytoredcarpet,9639
humantrafficking,9640
utah,9641
montanalife,9642
aliciagworld,9643
performer,9644
vintagebarware,9645
internationalsexworkersrightsday,9646
jed,9647
theyearofservice,9648
youshouldbehere,9649
bolserve,9650
actionday,9651
yumyum,9652
takeout,9653
aureavista,9654
riverside,9655
soundcheck,9656
hoosiersinhavana,9657
artistlife,9658
embracethejourney,9659
tacopopup,9660
banzomadison,9661
banzoshuk,9662
castofstone,9663
joshuatree,9664
weird,9665
samedamntime,9666
daddy,9667
dilf,9668
jesu,9669
precinct,9670
stitche,9671
july,9672
oscarweek,9673
me,9674
sobriety,9675
goofball,9676
sibling,9677
covekellin,9678
bestdayoftheyear,9679
symposium,9680
undestructable,9681
santaana,9682
oc,9683
lionhas3head,9684
youngbuck,9685
hangmanpage,9686
artfan,9687
oldtucson,9688
steampunkday,9689
dinosaur,9690
funday,9691
fightnight,9692
atthefight,9693
redhead,9694
illuminated,9695
igetitfrommymama,9696
nice,9697
onebowldinnerwinner,9698
ladypunisher,9699
gametime,9700
vuubasketball,9701
keepgrowing,9702
develop,9703
changeisthespiceoflife,9704
gettingbetter,9705
iwanttobethebestme,9706
hinamatsuri,9707
inmybelly,9708
japanesefood,9709
somethingwrong,9710
flyingjacob,9711
waldorfmd,9712
squishybaby,9713
newlife,9714
newparent,9715
adorable,9716
lennyandlarry,9717
san,9718
lostineurope,9719
thevisioncenter,9720
morehouse,9721
makinround,9722
squishdeelish,9723
babesthatbrunch,9724
lowereastside,9725
sunglasse,9726
sugarbitesbeauty,9727
marcfam,9728
weekendfun,9729
bestdirector,9730
spidermanhomecoming,9731
aphrodisiac,9732
bestfriendsforever,9733
babeswhobrunch,9734
poconyc,9735
longdrink,9736
thebeekman,9737
templecourt,9738
unsullied,9739
northernva,9740
orignal,9741
metroid,9742
gameboy,9743
visitolathe,9744
planestrainsandautomobile,9745
workingmomlife,9746
springdecor,9747
imastar,9748
oscarworthy,9749
itsallaboutme,9750
oscarwinningactor,9751
trainer,9752
bankcode,9753
brettyeager,9754
whytheybuy,9755
cancerwarrior,9756
caldo,9757
piscaandina,9758
potatosoup,9759
foodstagram,9760
foodgasm,9761
1yearold,9762
soulsister,9763
uforiastudio,9764
knittinginthehills2018,9765
bulletclub,9766
longhairdontcare,9767
ilproductsexpo,9768
grandpa,9769
tarheel,9770
unc,9771
duke,9772
pixelface,9773
aka1908,9774
akaserc2018,9775
soror,9776
mybblook,9777
edithhillinger,9778
doubletake,9779
samlazarusneedsanoscar,9780
realcelebrity,9781
redcarpetready,9782
zeal,9783
filledwiththeholyspirit,9784
church,9785
bundleup,9786
originalmusic,9787
rocknroll,9788
lullaunchparty,9789
weddingphotographer,9790
pregame,9791
cafebeignet,9792
practicing,9793
beatjuggle,9794
jj,9795
findaheater,9796
kegwine,9797
peremarquette,9798
flyfushing,9799
driftboat,9800
steelhead,9801
kiefercooke,9802
markvessey,9803
gaysontour,9804
scruff,9805
kindnessmatter,9806
ufc222,9807
dirrelluzcategui2,9808
wildandfree,9809
rooted,9810
connected,9811
sixty,9812
collarxelbow,9813
smoking,9814
roadmaster,9815
djivanla,9816
chairlift,9817
yummyfood,9818
thebesticecreamplaceintheworld,9819
fridaynightlight,9820
shack,9821
deplifestylemagazine,9822
bestfeature,9823
spiritaward,9824
pinkiesup,9825
donjulio1942,9826
callmebyyourname,9827
directtv,9828
johnniewalkerambassador,9829
johnniewalkerblack,9830
whisky,9831
pmdawn,9832
kubothetwostring,9833
milkwar,9834
doompatrol,9835
strawberrymargarita,9836
margarita,9837
professionalfamewhore,9838
branded,9839
tattooed,9840
mybody,9841
andraleeandthejuggernaut,9842
thebirdcagesm,9843
missfuego,9844
birdcagesm,9845
melaninmagic,9846
steelpan,9847
mobilephotography,9848
stretdreamsmag,9849
fishermensvillage,9850
lighthouse,9851
stbarth,9852
scotthackett,9853
watching,9854
djpauloramirez,9855
stjudeschildrensresearchhospital,9856
findingfathomdj,9857
dancehall,9858
marchforthanddosomethingday,9859
dozer,9860
walru,9861
conservation,9862
blissfulbudz,9863
djlesortiz,9864
coltontran,9865
teamhomo,9866
militarylatte,9867
espresso,9868
joshgoodyear,9869
yourewrappedaroundherlittlefinger,9870
captainmorgan,9871
rum,9872
shine,9873
glowup,9874
happyhatchday,9875
16yearsold,9876
empressofourhousehold,9877
socalwinter,9878
palmtreescoolbreeze,9879
saturdayselfie,9880
jacuzzitime,9881
jacuzziboy,9882
innerbeauty,9883
frfr,9884
rookieoftheyear,9885
piaget,9886
chateaumarmont,9887
nationalgrammarday,9888
daughtersandsonsday,9889
courageousfollowerday,9890
fishing,9891
boat,9892
marchmagic,9893
dollsday,9894
riben,9895
tradition,9896
walkinginla,9897
melrose,9898
firstdaughterkeel,9899
firstladykeel,9900
303day,9901
wynnlasvega,9902
gala,9903
tuxedo,9904
mercying,9905
dirtythirty,9906
lapaulee,9907
saltbae,9908
spicepri,9909
annalynnemccord,9910
humanrightsacitivist,9911
naomi,9912
birthdayweekend,9913
prebirthday,9914
warriormovesmadedaily,9915
warriorsactive,9916
daymondjohn,9917
moviestar,9918
nolaeat,9919
lent,9920
jamicure,9921
jamberry,9922
maserati,9923
nmtrue,9924
abq,9925
featurenewmexico,9926
purenm,9927
janiceat,9928
thedungeon,9929
steelbearinghand,9930
forevermaria,9931
prettyboy,9932
schmacting,9933
berkeley,9934
purederm,9935
shabbatacrossamerica,9936
artsell,9937
soloartshow,9938
comicbookhideout,9939
drawing,9940
yougots2go,9941
kevingate,9942
bwa,9943
lucabrasi,9944
superman,9945
fitgeek,9946
dccomic,9947
iditarodbegin,9948
morningstardj,9949
hesjustnotthatintoyou,9950
tomdesanto,9951
wolverine,9952
xmen,9953
jozthe1,9954
roddimusprime,9955
optimusprime,9956
autobot,9957
colmandomingo,9958
nightbefore,9959
elianne12,9960
shanenanigan,9961
werk,9962
friendsbeingfriend,9963
theazulraul,9964
kylesandwich,9965
dkhoover89,9966
kylejbernier,9967
wikeyz,9968
creed2,9969
shanemichael1,9970
seester,9971
melaniasseester,9972
slovenianseester,9973
flipurgoddamnedhair,9974
sobanskila,9975
blackwomeninhollywood,9976
michaelmina,9977
chambollemusigny,9978
brunoclavelier,9979
intention,9980
pup,9981
lakemichigan,9982
riseup,9983
londonkaye,9984
sundayquote,9985
billygraham,9986
teachyourchildrenwell,9987
raisingkid,9988
willrunforjuice,9989
patricialbrook,9990
west,9991
kofc,9992
knightsofcolumbu,9993
sundaysoulseasoning,9994
healthyish,9995
healthyishfood,9996
march4th,9997
sunisallineed,9998
nutbutter,9999
bodybuilding,10000
bodygoal,10001
internationalscrapbookingindustryday,10002
happysunday,10003
blacktea,10004
empanada,10005
stloui,10006
getaway,10007
missouri,10008
warwickny,10009
warwick,10010
sundayview,10011
chickfila,10012
chickenaddict,10013
unityoverbelief,10014
cedarrapid,10015
beersummit,10016
krna,10017
tryingnewthing,10018
omelette,10019
pancake,10020
girlsdayout,10021
openhouse,10022
halstead,10023
coniferousforest,10024
wood,10025
treestagram,10026
saintsandsinner,10027
jobshiring,10028
postalworker,10029
employment,10030
instalike,10031
instapic,10032
elvi,10033
glo2gosunles,10034
sundayfun,10035
sundaywork,10036
givingbackisglam,10037
activismissexy,10038
activist,10039
heidelbergwindmill,10040
communionsunday,10041
nothingbuttheblood,10042
freezer,10043
keepsareal,10044
makeeverydaycount,10045
makeeverydaymeaningful,10046
twinkie,10047
welovecamelot,10048
andsmarder,10049
sundaybreakfast,10050
mixedberry,10051
muffin,10052
haikuyourview,10053
artspan,10054
sunnysunday,10055
workstation,10056
pizzelle,10057
californiaweather,10058
caliweather,10059
cray,10060
craycray,10061
kidsareawesome,10062
teamdehart,10063
4k,10064
season,10065
bingewatching,10066
trueblood,10067
alloveragain,10068
nevergetsold,10069
fivefourclub,10070
pumpandrun,10071
annielennox,10072
diva,10073
selfhelpfest,10074
mtkonoctibeauty,10075
carpediem,10076
seizeyoursunday,10077
letthatbethebottomline,10078
becauseyousaidso,10079
luxeatsephora,10080
bffbrunch,10081
noise,10082
punk,10083
hell,10084
toooldforthisshit,10085
cubbing,10086
jackietime,10087
missmygirl,10088
thecast,10089
90snight,10090
everyfirstsaturday,10091
guinessbook,10092
jeanphilippe,10093
subdaybrunch,10094
shopbag,10095
bowiethedog,10096
mamasboy,10097
truelove,10098
justthewayyoulooktonight,10099
fredastaire,10100
picasso,10101
mlife,10102
peacelearning,10103
momtalk,10104
drnellymomtalk,10105
climbing,10106
ceiling,10107
crocu,10108
lung,10109
pre,10110
raleigh2sxsw,10111
innovateral,10112
alwayspositive,10113
unicornmelt,10114
bang,10115
bangsofny,10116
nystyle,10117
nychairstylist,10118
soho,10119
cypresstree,10120
brooklynboogiebrunch,10121
servicelearning,10122
saltlick,10123
endometriosisawarenes,10124
15k,10125
teamchampion,10126
allthebeer,10127
whyislucasourbigguy,10128
m2f,10129
kettlebellswing,10130
eastside45,10131
boyleheight,10132
dancingmindfulnes,10133
languagenerd,10134
funwithgerman,10135
nomercy,10136
punishingpun,10137
tfli,10138
tflinstitute,10139
nocaptionneeded,10140
strangerthing,10141
lovethroughitall,10142
shave,10143
tournament,10144
final,10145
nationalnoodlemonth,10146
puppygram,10147
tarot,10148
animalspirit,10149
tarotlife,10150
ownthethrone,10151
believeitornot,10152
ladyofliberty,10153
obedience,10154
mercy,10155
jordanpeele,10156
bedroomflower,10157
sohogrand,10158
warning,10159
psycologicalwarfare,10160
hotmes,10161
loca,10162
medicated,10163
optoutside,10164
filmgeek,10165
artlover,10166
imsuchageek,10167
teamdela,10168
bunny,10169
bunnybuffet,10170
anna,10171
scribblescribblestabstab,10172
curlyhair,10173
winterparksalon,10174
feed,10175
wolf,10176
nativeamerican,10177
blurryvisionfestival,10178
dinahdj,10179
yarnlove,10180
defynegativeenergy,10181
multifoxp,10182
streetfight,10183
thebrick,10184
newark,10185
creamcity,10186
caverunlake,10187
oldiegoodie,10188
boyfriendappreciationpost,10189
activekid,10190
momsicle,10191
acceptancespeech,10192
sundaydinner,10193
shhh,10194
lifegoal,10195
allieawards2018,10196
lookbeyond,10197
imyhatcouldflysocouldi,10198
flatbread,10199
bluecheese,10200
scallion,10201
simple,10202
rollup,10203
timetosmoke,10204
beforeandafter,10205
goldstatue,10206
oscarssunday,10207
oscarsnight,10208
100000pyramid,10209
farmersmarket,10210
roadtoabetterme,10211
healthychoice,10212
hailstate,10213
praisethelordandgodawg,10214
ripdavideastori,10215
equinimity,10216
gender,10217
gettingto5050,10218
sundaybrunchgasm,10219
yummtastic,10220
hello,10221
gogetit,10222
getitdone,10223
night1,10224
discoball,10225
canonofficial,10226
canon5dmk3,10227
jewel,10228
playavista,10229
lovewhereiplay,10230
lovewhereilive,10231
sunnyday,10232
crab,10233
lion,10234
campeondelmundo,10235
solvang,10236
santaynezvalley,10237
ilivewhereyouvacation,10238
40minutestilldeparture,10239
caliwinter,10240
dogwalk,10241
plaidshirt,10242
leejean,10243
corteo,10244
highlyrecommended,10245
clexacon,10246
capo,10247
candytopia,10248
aliveandkicking,10249
beta,10250
amysfaceplace,10251
votebluenomatterwho,10252
definitelynotonmydiet,10253
goodfood,10254
hellojaeyoo,10255
lawenforcement,10256
hiphopcommunity,10257
whatdoidowithmyhand,10258
layla,10259
laylathedog,10260
rescuedogsofinstagram,10261
rescuesarebest,10262
puppiesofig,10263
bilife,10264
thisiswhyimqueer,10265
chriphenix,10266
standupforsomething,10267
breakingbad,10268
excellent,10269
shecangetit,10270
bowldacai,10271
hinesville,10272
ladyface,10273
borntorun,10274
thirteenpointone,10275
blackgirlsrun,10276
halfway,10277
blessing,10278
wineaward,10279
bailey,10280
piloxing,10281
zootopia,10282
dust,10283
hikeitbabyfamily,10284
madathlete,10285
whenyourfriendsknowwhereyoustand,10286
livelaughlove,10287
resist,10288
equal,10289
loftjet,10290
battlecry,10291
teamnorth,10292
anythingforgolf,10293
sanantonio,10294
scarve,10295
scarf,10296
cowl,10297
womemswear,10298
milkandhoney,10299
femaleheroine,10300
berkeleyeat,10301
vctm,10302
radforduniversity,10303
bigboobproblem,10304
alwaysbeclosing,10305
bbbb,10306
thebaconbar,10307
rosietheriveter,10308
gigi,10309
gottaloveit,10310
clique,10311
happynationalwomensday,10312
mencelebratingwomen,10313
thisgirlcan,10314
childphotography,10315
postlive,10316
strotherpt,10317
loungewear,10318
wombyn,10319
divinemagic,10320
nana,10321
oumba,10322
gmat,10323
csw,10324
facultydancer,10325
awomanrunscam,10326
deadpool,10327
comdey,10328
mombos,10329
unapologetic,10330
ambitiou,10331
gloriou,10332
viosfertility,10333
stalexiu,10334
truemu,10335
indianwells2018,10336
marincilic,10337
collardsandmustardgreen,10338
turkeyleg,10339
nycstreet,10340
hermionegranger,10341
diabirthday,10342
harpoonmacandcheer,10343
harpoon,10344
gameofthrone,10345
northernqueen,10346
strongertogether,10347
cheerstoalltheladie,10348
thanksforallyoudo,10349
femalepower,10350
womenrunner,10351
ambition,10352
femalefrontedband,10353
femalefronted,10354
thebredren,10355
internationalwomenday2018,10356
sheinspiresme,10357
nordicmadesxsw,10358
lengha,10359
futureisfemale,10360
savemylifein5word,10361
powerhouse,10362
bepowerful,10363
beheard,10364
belove,10365
bookyourappointment,10366
artphotography,10367
snacktime,10368
ricecake,10369
avocado,10370
hemp,10371
himalayansalt,10372
mstoimusic,10373
hiphoproyalty,10374
queenwarrior,10375
grayhair,10376
oldaf,10377
dyesoon,10378
hazeleye,10379
leave,10380
westfrisco,10381
harold,10382
haroldsheight,10383
haroldstaproom,10384
haroldsmobilekitchen,10385
southern,10386
womensmarchnyc,10387
allstarweekend2018,10388
portercreekwinery,10389
sisterhood,10390
doglife,10391
raisedbywomen,10392
leadbywomen,10393
coverup,10394
browsbygaby,10395
creepyclassicrock,10396
nieceyniece,10397
audrelorde,10398
29room,10399
ladylove,10400
boutique,10401
roar,10402
pinkhair,10403
spicy,10404
pepper,10405
curriedrice,10406
braised,10407
fave,10408
oatmeal,10409
naturespath,10410
quickoat,10411
bettertogether,10412
biggiesaidit,10413
lovemygirl,10414
inspiring,10415
parkuniversity,10416
parkyou,10417
idriselba,10418
instagirl,10419
lesbian,10420
gaylove,10421
gaylife,10422
vdnboutique,10423
townhall,10424
denimthursday,10425
denimday,10426
nottodaysatan,10427
waco,10428
rockon,10429
shop,10430
fashionlady,10431
classychingnoa,10432
mentor,10433
womankind,10434
carolburnett,10435
tombraider,10436
aleagueoftheirown,10437
adventuresofemmy,10438
succeed,10439
barbieday,10440
getoveritday,10441
panicday,10442
joefranklinday,10443
devilchickendesign,10444
perfectfigure,10445
campaign,10446
ursulakleguin,10447
thelatheofheaven,10448
livetheatre,10449
italianfood,10450
ilfordhp5,10451
laketahoe,10452
godblesstexa,10453
firestreetpizza,10454
mailcall,10455
barb,10456
8bitpop,10457
upsidedown,10458
rocksthemic,10459
travellife,10460
worktrip,10461
partyforthepark,10462
friendsoftherailpark,10463
amyandgailmadnes,10464
stylexjm,10465
collectionofcool,10466
tonsoffun,10467
dnc,10468
eilachristine,10469
enjoy,10470
foodtruck,10471
tacoshernandez,10472
smokyquartz,10473
104yearsagotoday,10474
3generation,10475
minime,10476
singlemom,10477
singlelife,10478
hoochiemama,10479
radmom,10480
communityorganizer,10481
bellhook,10482
celebrqteinternationalwomensday,10483
couragehasnogender,10484
daughteroftheking,10485
motivator,10486
blam,10487
scopeartshow,10488
ihaveavoice,10489
supportwomeninbusines,10490
caterich,10491
lupefiasco,10492
divaroyaleusa,10493
thinklikeagirl,10494
msjdherstory,10495
paulantic,10496
wearekind,10497
wearewoman,10498
makejesusfamou,10499
youmatter,10500
shellac,10501
beltontx,10502
eatlikealocal,10503
jewelschool,10504
makeyourownjewelry,10505
jewelrymaking,10506
theonlyalaska5000,10507
timmcgraw,10508
winwin,10509
beyonceresidency,10510
canalstreetmovie,10511
blessedbeyondmeasure,10512
whatfamilymeanstome,10513
worldsleepday,10514
peoplethatmatterstoome,10515
cabo,10516
beachbody,10517
72ndst,10518
lincolnsquare,10519
dabest,10520
aladdinknight,10521
noir,10522
melanin,10523
michigan,10524
robertpalmergirl,10525
shadowdancer,10526
teamshangela,10527
millajovovich,10528
christianslater,10529
drumming,10530
jacquiehitthemarco,10531
bacheloretteparty,10532
makingithappen,10533
celfievase,10534
rosearmy,10535
worthywoman,10536
beautifulwoman,10537
ogbb,10538
wcgoldengirl,10539
werise,10540
womemsmarch,10541
validate,10542
banglife,10543
dbz,10544
dragonballsuper,10545
dragonball,10546
brainandbodyfuel,10547
herbawomen,10548
compassion,10549
god,10550
womenofseattle,10551
ourtribe,10552
spaatriverridge,10553
jdaproud,10554
xochiquetzal,10555
chicomecoatl,10556
apostle,10557
pastor,10558
proverbs32,10559
cyber,10560
fortgordon,10561
sewingdone,10562
justbe,10563
iamwoman,10564
hearmeroar,10565
freedomthinker,10566
limitles,10567
sticktogether,10568
heresammie,10569
ourshero,10570
herstory,10571
ourstory,10572
madewithlove,10573
womenswrestling,10574
thursdaynight,10575
gettingbacktome,10576
abovethecloud,10577
flyinghigh,10578
dontquityourdaydream,10579
spirittat,10580
validreader,10581
nayyirah,10582
womeninscience,10583
girlsinscience,10584
idea,10585
undergraduate,10586
innocentfun,10587
nyebffkis,10588
nuffsaid,10589
wearethecormier,10590
riyannicole,10591
norahgracec,10592
rightnow,10593
banggang,10594
mfm,10595
ssdgm,10596
nvleg,10597
supportfemaleentrepreneur,10598
respectwomen,10599
aumteam,10600
womenthatrock,10601
teambendelacreme,10602
rpdrallstars3,10603
gelmani,10604
ladyinred,10605
unity,10606
timeisup,10607
enough,10608
scandal,10609
mytwoblonde,10610
chonga,10611
betterthanyou,10612
taipei,10613
everydayiswomensday,10614
exceptfathersday,10615
mommom,10616
ripmommom,10617
arrow,10618
maroon5,10619
hilaryclinton,10620
rosapark,10621
topchef,10622
protectgirl,10623
thefutureisfemalerunner,10624
sheperdsdoor,10625
pasadena,10626
katiemcneal,10627
789madison,10628
mymomisabadas,10629
ptxonlsb,10630
1linewed,10631
everydayallday,10632
drmayaangelou,10633
brooklyntheatreclub,10634
womeninfood,10635
lunacarmen,10636
pizzaislife,10637
mypower,10638
bizzieizzie,10639
moodforlife,10640
fattyatheart,10641
hanginglake,10642
2pac,10643
2pacquote,10644
melanatedwomen,10645
yass,10646
holymove,10647
wonderwomancosplay,10648
dragoncon,10649
dragonconparade,10650
doodle,10651
jwnphoto,10652
stagephotography,10653
mfwi,10654
mfwistudentlife,10655
maile,10656
victoriahowellobresly,10657
katmai,10658
lanoir,10659
60daysin,10660
kit,10661
challengelife,10662
pasacardinal,10663
2xstrong,10664
motorcycle,10665
motorcyclepatche,10666
myladie,10667
frozenbroadway,10668
wishicouldgobacktowhen,10669
lovinglife,10670
htgawm,10671
princesse,10672
bosswomen,10673
livingthelife,10674
chinesefood,10675
femaleicon,10676
getwasted,10677
darkliquor,10678
friedporkchop,10679
spinachpattie,10680
salvifood,10681
sausageparty,10682
womenaresacred,10683
cosmoproflv,10684
serenawilliam,10685
vinylvindication,10686
frozencupcakefromfreezer,10687
unitedwestand,10688
yolofroyo,10689
yolandaunicorn,10690
mybetterhalf,10691
lemonade,10692
riri,10693
lamebayjacent,10694
beautifulwomen,10695
teamnagy,10696
ruinmydayin5word,10697
internationalwomansday2018,10698
backtothegrind,10699
wineachday,10700
onedayatatime,10701
bigdeal,10702
chest,10703
supernegrolifestyle,10704
toshyanez,10705
omgregory,10706
sheisback,10707
greysaftergrace,10708
bertabear,10709
visionarywomen,10710
spago,10711
beboldforchange,10712
demimoore,10713
dior,10714
iconic,10715
wortheverypenny,10716
purplewallphoto,10717
fightthepower,10718
week1,10719
onlylove,10720
spreadingmymagic,10721
berichwithlife,10722
whatup,10723
readyforwarm,10724
cocktailgarden,10725
bossladie,10726
santafe,10727
nashty,10728
nashtag,10729
bookofnash,10730
theglowup,10731
whyilovewomen,10732
enendo,10733
palefire,10734
hearmepour,10735
margiesmark,10736
silentdisco,10737
babe,10738
laartwalk,10739
iloveapril,10740
oxfordhotel,10741
northsachamber,10742
golf,10743
skinsofancy,10744
marchofrobots2018,10745
superfast,10746
robot,10747
remote,10748
kidslit,10749
alopecia,10750
nashvillephotography,10751
steaklover,10752
womenwhocook,10753
chefsleek,10754
initiate,10755
nycphotographer,10756
b,10757
yondu,10758
bobblehead,10759
au,10760
austinhome,10761
spacex,10762
nothingisimpossible,10763
gwynneshotwell,10764
testandretest,10765
rocketpower,10766
raider,10767
raidernation,10768
reunited,10769
markdavi,10770
jongruden,10771
justwinbaby,10772
dubnation,10773
precision,10774
westside,10775
womanofdistinction,10776
casperwyoming,10777
bloggerstyle,10778
princes,10779
loveofmylife,10780
carriebradshaw,10781
internationalwomensstrike,10782
rally,10783
vika,10784
leosmommy,10785
thanksmabel,10786
khbkhunkhrabaendii,10787
lacabana,10788
beachheadreunion,10789
goddessvibe,10790
leaderofthenewschool,10791
mybabie,10792
timegoestoofast,10793
signsofabuse,10794
skill,10795
silverlining,10796
criticalrole,10797
father,10798
warriorwomen,10799
bettydavi,10800
lightintheattic,10801
istolethi,10802
wearacapetomorrow,10803
preflightdrink,10804
ginandsoda,10805
iydk,10806
blingyist,10807
overthetop,10808
travelgoodsshow,10809
thoseledstho,10810
sunsetsaremyfavoritecolor,10811
imnotluckyimblessedye,10812
mbpier,10813
happybirthdayjanet,10814
thislookishowyouknowyouareintrouble,10815
bobbytarantino2,10816
whyshesofierce,10817
prepro,10818
theniceguy,10819
micky,10820
shangela,10821
rdas3,10822
cdubs105,10823
doyouboo,10824
cbs5,10825
performance,10826
tripledouble,10827
game,10828
bonsai,10829
alexanderssteakhouse,10830
hairgod,10831
humor,10832
laughing,10833
chawanmushi,10834
latour,10835
gobear,10836
primerib,10837
wagyu,10838
myfraaaiiinnnnradio,10839
streetarteverywhere,10840
shirtlessrunner,10841
princessleia,10842
paulinesabin,10843
respectyourelder,10844
zephyrtheatr,10845
skipoc,10846
doubletrouble,10847
hour,10848
all,10849
double,10850
price,10851
draftbeer,10852
drrwel,10853
bootsandcat,10854
siri,10855
beatbox,10856
imhere,10857
capable,10858
brilliant,10859
kimkimble,10860
ledisi,10861
dailylightsaving,10862
vivicafox,10863
bowling,10864
aonikalaurent,10865
garcellebeauvai,10866
essencemagazine,10867
finepeoplefromtexa,10868
atlantafx,10869
healthymindandbody,10870
layman,10871
interationalwomensday,10872
menofsapphire,10873
bobmelrose,10874
halleloo,10875
makesmemagical,10876
kaialce,10877
living,10878
livewithgratitude,10879
teamtrixie,10880
ullassa,10881
mariarose,10882
giantstepsradio,10883
sebastianbonet,10884
taught,10885
drive,10886
agogetterbrand,10887
dm,10888
njcup,10889
gumbolive,10890
aboutlastnite,10891
ripbig,10892
nondietdietitian,10893
crazysexywool,10894
northend,10895
pwr,10896
sweat12wc,10897
determinaton,10898
finallyfriday,10899
iwd18,10900
meettheduker,10901
vikingstrong,10902
beadonor,10903
beahero,10904
hearttransplant,10905
macfit,10906
stongher,10907
yesyoucan,10908
onemore,10909
height,10910
heightslife,10911
fridayhappyhour,10912
wccclimb,10913
castwallwalk,10914
eatersgonnaeat,10915
lunchisserved,10916
avocadotoast,10917
thingsnottodoonacruiseship,10918
morningpage,10919
northkoreatalk,10920
rosary,10921
holywater,10922
crucifix,10923
sacramental,10924
fearlessgirl,10925
birthdaygirl,10926
hancarved,10927
holly,10928
turquoiseinlay,10929
freewebinar,10930
fearlessfocusfriday,10931
paralympic,10932
daddylongleg,10933
spider,10934
jobsearch,10935
willworkfortravel,10936
hearusroar,10937
nolimit,10938
yourself,10939
femalefilmmakerfriday,10940
fridayfun,10941
dabomb,10942
bathfizzer,10943
urabeauty,10944
yourebeautiful,10945
funfriday,10946
jobsreport,10947
trx,10948
smallgrouptraining,10949
feministfriday,10950
acc,10951
kddidit,10952
feelingproud,10953
curtisschool,10954
schooltrip,10955
4thgrade,10956
cultivatekindnes,10957
pescaito,10958
todossomosgabriel,10959
gabrielsanchez,10960
lucky,10961
clover,10962
woooow,10963
femininefreedom,10964
sunyulster,10965
activewear,10966
activewomen,10967
activelife,10968
wedidit,10969
internationalmensday,10970
allowing,10971
winemaker,10972
strongmama,10973
kayu,10974
weekendstyle,10975
purse,10976
buenvierne,10977
nailedit,10978
craftywifecraftylife,10979
twinja,10980
twinstagram,10981
blackcinderella,10982
forstonerzonly,10983
nodownpayment,10984
loan,10985
horroricon,10986
bombsheltercomedy,10987
freepizza,10988
whereallthemflowerscomefromtho,10989
funnylady,10990
detroit,10991
kite,10992
haha,10993
babyshoe,10994
techietune,10995
ripbiggie,10996
biggiesmall,10997
freebgfriday,10998
hollywoodhill,10999
morningwithmayor,11000
yvonnespicer,11001
dncwinter18,11002
trailsblazing,11003
focusonthefamily,11004
familycovenant,11005
est2018,11006
yearofestablishment,11007
melangedanceherstory,11008
womensliberation,11009
nationalmeatballday,11010
nyceat,11011
electric,11012
getlit,11013
lightitup,11014
maiagown,11015
kellyfaetanini,11016
mtholly,11017
thinkingputty,11018
collaboration,11019
tummytime,11020
malefeminist,11021
truly,11022
wearethefuture,11023
weareready,11024
wearechangemaker,11025
wearerichardwright,11026
findingdorri,11027
drunkinlove,11028
lickerlip,11029
lipstick,11030
jackncoke,11031
masqueradeball,11032
lgbtq,11033
justinvsbrittney,11034
womenirl,11035
akalifeceo,11036
filterfacebitche,11037
goentllc,11038
boob,11039
bestpresentever,11040
yayboobie,11041
fatcatattack,11042
foreverstrong,11043
instanail,11044
nailsokc,11045
okcnail,11046
yukonsbest,11047
haircutneeded,11048
salon180east,11049
artsdistrict,11050
takeaflight,11051
cavbro,11052
frydaze,11053
ualreadyknow,11054
chapter,11055
healthybreakfast,11056
itsallboutlovingyourself,11057
watchhimmuscleup,11058
riseandshine,11059
runclub,11060
runnerlife,11061
boxer,11062
champ,11063
joyelectric,11064
sugarrush,11065
bigpapa,11066
like,11067
lace,11068
dres,11069
dreamworkmakestheteamwork,11070
saber,11071
oprycitystage,11072
lemina,11073
