Hashtag,Id
uclfinal,1000
lfc,1001
sportone,1002
innovateyourgame,1003
laysunited,1004
weareliverpool,1005
aporla13,1006
halamadrid,1007
believer,1008
ucl,1009
realliverpool,1010
rhltsyhyhfymlyzy2018rhl,1011
hlmf,1012
sharethedrama,1013
loveitliveit,1014
nairobian,1015
nysscandal,1016
t,1017
ynwa,1018
uefa,1019
europe,1020
liguedeschampion,1021
championsleague,1022
ldc,1023
uclfinal2018,1024
rmalfc,1025
rmaliv,1026
rma,1027
liv,1028
belie,1029
myherow,1030
toyotathaileague,1031
aechr,1032
2,1033
nhyydwrylbtl,1034
uclf,1035
berkahramadhan,1036
allred,1037
weareliver,1038
otsusanzurabu,1039
monacogp,1040
realmadrid,1041
liverpool,1042
rmal,1043
lyfrbwlrylmdryd,1044
vivaronaldo,1045
chiyanpionzurigu,1046
sadiomane,1047
kebetu,1048
lfcrmcf,1049
allez,1050
angrybirdsmovie,1051
liverpoolvsrealmadrid,1052
liverpoolfc,1053
uclfin,1054
losgalactico,1055
championsleaguefinal,1056
kiev,1057
rearumadorido,1058
realmadridliverpool,1059
uc,1060
fb,1061
clubwc,1062
gored,1063
youllneverwalkalone,1064
fraggelrock,1065
halamadid,1066
dstvnow,1067
referee,1068
mazic,1069
team,1070
escort,1071
costarica,1072
canada,1073
usa,1074
eeuu,1075
mexico,1076
finaldachampion,1077
vamoscontodo,1078
endirecto,1079
klnlyfrbwl,1080
uclfi,1081
dwrybtlwrwb,1082
lyfrbwl,1083
rylmdryd,1084
beinucl,1085
u,1086
allezallezallez,1087
k13v,1088
realmadr,1089
uelfinal,1090
rmvsliv,1091
livrma,1092
rmafcb,1093
porquenotecalla,1094
championsleaguefinal2018,1095
coy,1096
tjaporlatrezima,1097
matchday,1098
cristiano,1099
momosalah,1100
livwba,1101
aletachampion,1102
realiv,1103
nuncacaminarassolo,1104
procuration,1105
psg,1106
realma,1107
ucl2018,1108
ligadoscampeoe,1109
g1682518,1110
real,1111
hasvideo,1112
trend,1113
realmadridli,1114
conquistaosonho,1115
conqueryourdream,1116
uefachampionsleaguefin,1117
feliz,1118
vamosssss,1119
klnmhmdslh,1120
finale,1121
lrwd,1122
mlyllyzk,1123
tshyhnzr,1124
lntrlyz,1125
mtblshyby,1126
bluvngoan,1127
uefachampionsleague,1128
rm,1129
madridvsliverpool,1130
europeancup,1131
europeancupfinal,1132
jft96,1133
bets10,1134
designer,1135
infographic,1136
vector,1137
tracing,1138
rmfan,1139
rmtv,1140
heretocreate,1141
saturdaymorning,1142
dwrylbtl,1143
englishfootballisthebest,1144
share,1145
realliv,1146
branding,1147
zidanevsklopp,1148
salahvsronaldo,1149
ssfootball,1150
salah,1151
qikirerunoka,1152
championsxespn,1153
halmadrid,1154
izglave,1155
caldeirao,1156
caldeiraodohuck,1157
plantaorecordtv,1158
bala,1159
mucha,1160
epl,1161
casadachampion,1162
ei,1163
coyr,1164
championsleaugefinal,1165
szpaki,1166
finalchampionstotal,1167
h96,1168
fumslive,1169
tommyrobinson,1170
endofday,1171
rmfc,1172
red,1173
halamadridynadama,1174
prayforme,1175
iceland,1176
hofn,1177
kaffihornid,1178
realmadridvsliverpool,1179
mhmdslh,1180
srmkwnw,1181
rmavliv,1182
seanpaul,1183
livvsrealmadrid,1184
ufcliverpool,1185
rmvliv,1186
championsleagui,1187
direttagol,1188
8d,1189
dualipa,1190
zinedinezidane,1191
anfield,1192
championslxf,1193
rmavlfc,1194
mednetug,1195
ricovation,1196
rm4a,1197
3sport,1198
hastaelfinalvamosreal,1199
dufc,1200
fatihtekketrabzonspora,1201
jl,1202
majorsportsblog,1203
nowwatching,1204
rmliv,1205
madliv,1206
ufc,1207
ufcfi,1208
c,1209
allwewantisjustice,1210
matchfixingcaseturkey,1211
lfcthai,1212
football,1213
bildlive,1214
europapark,1215
capitalinkiev,1216
klopp,1217
ukfootballlive,1218
cljuesheng,1219
goliverpool,1220
chiyanpionzurigujuesheng,1221
cl,1222
rearu,1223
rivuapuru,1224
lfcindonesia,1225
nurderksc,1226
skysport,1227
bwblynlrydy,1228
ry,1229
kuzabalit,1230
hhsolar,1231
en,1232
youllneverwalka,1233
ramadan,1234
6time,1235
uclnohte,1236
ucl4ar,1237
ahora,1238
uganda,1239
kiev2018,1240
aldato,1241
ansiedadmodoon,1242
ert,1243
thismeansmore,1244
championsxfox,1245
ojoaldato,1246
lovecare,1247
youthprovince1,1248
rccgkingdombreed,1249
championsl,1250
championsleagu,1251
pulsesportsgh,1252
ukraine,1253
losonce,1254
primeroenmiguelito,1255
tjaporlat,1256
salalah,1257
ronaldo,1258
championsleague2018,1259
forcabarca,1260
dling,1261
am2dm,1262
metoo,1263
amjoy,1264
ff,1265
fbf,1266
tbt,1267
wcw,1268
np,1269
fbr,1270
bluewave2018,1271
nowplaying,1272
breakingnew,1273
music,1274
new,1275
etsy,1276
scotu,1277
memori,1278
uclportvc,1279
envivo,1280
cntsport,1281
breaking,1282
jmhwrhhmh,1283
rylmdrydlyfrbwl,1284
realmenniveamen,1285
sukapa,1286
fujitv,1287
ribapuru,1288
ucljp,1289
lfcrma,1290
ed,1291
rmclive,1292
porla13,1293
liverpol,1294
rmlive,1295
champion,1296
2014,1297
rmavsliv,1298
sr4,1299
radioestadio,1300
mdryd,1301
g,1302
belarehty,1303
teamliverpool,1304
bringithome,1305
mohamedsalah,1306
ymwa,1307
nissanfootballpassion,1308
esporte,1309
lovefootball,1310
koengage,1311
refereechallenge,1312
newbalance,1313
adida,1314
uefaatcapitalfm,1315
alikocgeliyorson8,1316
bbcfootball,1317
king,1318
incall,1319
outcall,1320
edinburgh,1321
roleplay,1322
fantasy,1323
tantric,1324
massage,1325
adultwork,1326
ukbizshoutout,1327
ukbizhou,1328
f780,1329
avfc,1330
champ,1331
leggo,1332
cardiff,1333
voetbalinside,1334
doyouknow,1335
viewingparty,1336
heineken,1337
forzaliverpool,1338
halftimecuppa,1339
klyn9,1340
nbfootball,1341
nbfootballjp,1342
equipodemicorazon,1343
dato,1344
minimalist,1345
modern,1346
logo,1347
design,1348
aporladecimotercera,1349
aporlak13v,1350
alikocbaskanfene,1351
futebolnaglobo,1352
balancogera,1353
amici17,1354
sanlorenzo,1355
sportivoiteno,1356
ascensopopular,1357
lafinal,1358
kyiv,1359
nw,1360
footballlive,1361
opw,1362
ynwaoh,1363
kyiv2018,1364
hlmdryd,1365
matchdaygoal,1366
rethy,1367
biberach,1368
zdf,1369
estamosenlachampion,1370
zidane,1371
lfcbrasil,1372
supportsmallstreamer,1373
champio,1374
sal,1375
cr7,1376
finalchampion,1377
rea,1378
anpfiff,1379
antimadridista,1380
championsxesnp,1381
priceles,1382
ywnwa,1383
uefachampionsleaguefinal,1384
makeusdream,1385
mufc,1386
mo,1387
friendsofliverpool,1388
r739,1389
nbaplayoff,1390
tvp,1391
offthemusic,1392
thisisnigeria,1393
betwayng,1394
chooseyourchampion,1395
upthered,1396
yoursp,1397
maestrxsconmeade,1398
meade,1399
ryl,1400
realvsliverpool,1401
rhythmsport,1402
lyllbtl,1403
casemiro,1404
firmino,1405
gntm,1406
pro14final,1407
rmw,1408
kwrrwtn,1409
aporla6,1410
fifa18,1411
championstv3,1412
lol,1413
llibertatpresospolitic,1414
llibertatpresespolitique,1415
marcelo,1416
norespectnogame,1417
bvb,1418
r,1419
teamklopp,1420
a,1421
stream,1422
mikc,1423
krockcityontherise,1424
notoracism,1425
mastercard,1426
afuturewewant,1427
taukafutbol,1428
worlddraculaday,1429
newnorm,1430
rlmvslfc,1431
rmcf,1432
lastmanstanding,1433
beutifullsport,1434
trapadrive,1435
gainwithpyewaw,1436
gainwithxtiande,1437
finalligachampion,1438
zizou,1439
chaow,1440
improbable,1441
cristianoronaldo,1442
piccininer,1443
jmhwrhslh,1444
kloppo,1445
you,1446
redcard,1447
cmonliverpool,1448
6,1449
klavan,1450
nurderfca,1451
deportesgl,1452
lalate,1453
encuesta,1454
yoursportsmemo,1455
trt,1456
trt1,1457
neutral,1458
antimadrista,1459
henderson,1460
milner,1461
wijnaldum,1462
rmucl,1463
alle,1464
teamsalah,1465
teamronaldo,1466
ungobiernod,1467
roboalliverpool,1468
shevchenko,1469
ysb,1470
finalchampions2018,1471
finalkiev,1472
can,1473
uclfinale,1474
finalchampionstota,1475
russian,1476
1,1477
papst,1478
febrer,1479
livvsrmadrid,1480
turkishred,1481
mane,1482
mosalah,1483
balanco,1484
ungobiernodigno,1485
ronaldovssalah,1486
olimpiyskystadium,1487
keylornava,1488
championsleaguefi,1489
aikhrcchay,1490
lywrpwl,1491
chmpywnzlyg,1492
ituango,1493
goalfest2018,1494
msr,1495
championsenradioacktiva,1496
vamosmadrid,1497
gainwithpyew,1498
ramadhan2018,1499
wegoagain,1500
chelsea,1501
facupfinal,1502
manutd,1503
samstag,1504
gintonic,1505
realmad,1506
realmadridliv,1507
halam,1508
y,1509
copita,1510
estandeflojera,1511
cerresiete,1512
mrchampion,1513
jmhyrlyfrbwl,1514
sdlbld,1515
lbld,1516
uclxf9,1517
sukasaka,1518
lleida,1519
uclafinal,1520
sabadoamigosy,1521
cfc,1522
batalladelosgallo,1523
finallchznv,1524
kiyiv,1525
championsle,1526
th1,1527
uclfinalforfree,1528
h,1529
,1530
epico,1531
futbol,1532
soccer,1533
championsleaguefinale,1534
tute,1535
chip,1536
huelva,1537
recreativo,1538
onthisday,1539
isco,1540
bein,1541
magisterial,1542
finalucl,1543
cristianoronaldo7,1544
spain,1545
england,1546
brasil,1547
rd,1548
quitquitting,1549
stovlio,1550
hiwphatjoe,1551
tredicesima,1552
uclondstv,1553
dstvfootball,1554
finalc,1555
boom,1556
redordead,1557
ss3,1558
teamcr7,1559
aporladecima,1560
2018gantijuaraucl,1561
letsfootball,1562
rmdnkrym,1563
mrkztrqljml,1564
btsmhhwlywd,1565
zrhlsnn,1566
tqwymlsnn,1567
lyf,1568
equalgame,1569
recalp2018,1570
may29,1571
relationship,1572
kariu,1573
tefintu,1574
trophy,1575
mrkztrqljmlltby,1576
llyzrlzlhlshr,1577
lyzrflbdy,1578
rdljmh,1579
video,1580
lagomera,1581
mohammadsalah,1582
aymamita,1583
fcliverpool,1584
op164,1585
langelsheim,1586
goslar,1587
badharzburg,1588
wernigerode,1589
inzidanewetrust,1590
startsomethingpriceles,1591
britainfirst,1592
finalkyiv2018,1593
sharethedra,1594
comeonsadio,1595
realmadridliver,1596
goalfestwithbabaijebu,1597
youneverwalkalone,1598
lachampion,1599
hnshjbnzym,1600
deporte,1601
hallamadrid,1602
pundonormagazine,1603
engvpak,1604
barcelona,1605
poll,1606
sarri,1607
conte,1608
repealedthe8th,1609
mocioncensura,1610
batman,1611
k,1612
savelucifer,1613
pickuplucifer,1614
vtsport,1615
neverwalkalone,1616
nobarbola,1617
realmadridvliverpool,1618
sinner,1619
lf,1620
redmen,1621
afp,1622
ultimahora,1623
livingisgiving,1624
jurgen,1625
aporl,1626
lfcfi,1627
olscfi,1628
olut,1629
lachampionsxrcn,1630
championstotal,1631
26may,1632
fdenvivo,1633
disappointing,1634
egyptianking,1635
etapaak,1636
estapasando,1637
skycl,1638
btsport,1639
zymtwytrklnmdryd,1640
vamosmerengue,1641
saldirliverpool,1642
rmdliv,1643
comeonyoured,1644
marcello,1645
lafuriaazul,1646
realliverpul,1647
online,1648
badomen,1649
petropresidente,1650
cuacacerah,1651
jurgenklopp,1652
letsplayfootball,1653
ftw,1654
spfc,1655
inshahallah,1656
uefafinal,1657
myynlbtl,1658
tbaroncom,1659
tbrwn,1660
lswdy,1661
madrid,1662
uclparty,1663
natherinebnk48,1664
ornbnk48,1665
namsaibnk48,1666
canbnk48,1667
bnk48,1668
zydn,1669
lfcguanzhanhui,1670
osaka,1671
me,1672
halayemen,1673
gaindrive,1674
allezalleza,1675
roadtokyiv,1676
orlvchi,1677
klwb,1678
sabado,1679
rusia2018,1680
egipto,1681
microcrack,1682
sarguemine,1683
vamo,1684
reallivepool,1685
wherearethechildren,1686
playofffinal,1687
exevsar,1688
repealedt,1689
marcador,1690
pokalsieger,1691
6500,1692
about30,1693
nuevafotodeperfil,1694
bwmkh,1695
championsxrcn,1696
aporlla13,1697
premierleague,1698
halamad,1699
vaicorinthian,1700
kroo,1701
offside,1702
realmadridvsliv,1703
vino,1704
wine,1705
winelover,1706
wineculture,1707
comeonredmen,1708
nhyydwry,1709
wearefirebird,1710
cfrm,1711
europeannight,1712
championsleaguetotal,1713
honor10,1714
suhoor,1715
redman,1716
uefachiyanpionzurigujuesheng,1717
wearelive,1718
brazzer,1719
anal,1720
follow,1721
saturdaymotivation,1722
sexysaturday,1723
sexy,1724
sexywife,1725
taniareaclubfan,1726
hot,1727
hotwife,1728
pussyoftheday,1729
win,1730
boyle,1731
sampiyonlarligi,1732
spychronicle,1733
pmln,1734
punjab,1735
pakistan,1736
asaddurrani,1737
roshanpakistan,1738
brandnawazsharif,1739
maryamnawaz,1740
betcitysport,1741
ligaprvakov,1742
nervou,1743
cebo,1744
500,1745
rmfcvlfc,1746
muhammedsalah,1747
outepoutousakoumpame,1748
vamosreal,1749
final,1750
ipl2018final,1751
repealth8th,1752
togetherforye,1753
live,1754
tendencia,1755
omerurundul,1756
maldini,1757
nhyydwrybtlwrwb,1758
madeira,1759
feminista,1760
feminismo,1761
sexista,1762
fourpointsbestbrew,1763
todored,1764
ronaudo,1765
sara,1766
chiyanpionzuri,1767
somostodoscaminhoneiro,1768
delliverpoldetotalavida,1769
madnes,1770
championsleaugef,1771
sssoccer,1772
realliverpo,1773
ami,1774
soiree,1775
poreltitulo,1776
masterpas,1777
startsomethingpricels,1778
krooscontrol,1779
fanliveng,1780
premiumchampion,1781
realmadridcf,1782
youwillneverwalkalone,1783
nuncadejesdeganar,1784
uclfina,1785
spoiler,1786
makepremierleaguegreatagain,1787
running,1788
benzema,1789
beeroclock,1790
espn2,1791
halllamadrid,1792
hbrfanzone,1793
portierifc,1794
rmcfvlfc,1795
juve,1796
todorojo,1797
moluefollowrush,1798
lincolnsdriv,1799
waitomo,1800
sge,1801
campino,1802
hayali,1803
merkel,1804
mom,1805
finalchampio,1806
grace,1807
tsogoreward,1808
amaxhosamahle,1809
africaday,1810
beingbonang,1811
samnzimafuner,1812
final2018,1813
wradio,1814
roadtrip,1815
mn17,1816
boycottrussia2018,1817
fifaw,1818
perspective,1819
2018,1820
livrmd,1821
abc,1822
thunder,1823
dragon,1824
imaginedragon,1825
lyric,1826
sportpesasupercup,1827
sport,1828
oxforduniversity,1829
siteinternet,1830
snapchat,1831
harvarduniversity,1832
herewegored,1833
tekken,1834
tekken7,1835
liverpoolvsrealma,1836
championleaguefinal,1837
letsgo,1838
sfo,1839
f,1840
aufgehtsliverpool,1841
nhyybtlwrwb,1842
li,1843
ylshmbywnz,1844
pptvhd36,1845
mentionindia,1846
gameday,1847
aupaliverpool,1848
titelverteidigung,1849
championxfox,1850
piccibingo,1851
jesuisleramadan,1852
championsleaguefest2018,1853
italia,1854
iostoconmattarella,1855
verissimo,1856
leparole,1857
coric,1858
gainwithguru,1859
gainwithtrevor,1860
2cello,1861
flamengo,1862
beamback,1863
thebiggestweekend,1864
bgt,1865
fakelove100m,1866
rmdlfc,1867
shyfhlsfyrlrydyh,1868
islam,1869
beauty,1870
rollupbanner,1871
banner,1872
ganaralacultural,1873
vamosoviedo,1874
roadtokiev,1875
mtnshortz3sixtyworldtv,1876
matchdaylive,1877
championsleag,1878
arnold,1879
classicreal,1880
turismo,1881
beckham,1882
enlazarlallama,1883
lebron,1884
candyknow,1885
rmaxliv,1886
finalexam,1887
roma,1888
forzanapolisempre,1889
belarethy,1890
ecp,1891
ny,1892
casemito,1893
vamosrealhastaelfinal,1894
diva,1895
eufa,1896
ggmu,1897
adikmanoodngsport,1898
krystynwrwnldw,1899
cooperativagolea,1900
birthday,1901
muuten,1902
ligachempionov,1903
enemyofmyenemy,1904
alzalagigi,1905
piangigi,1906
buffon,1907
finoalconfine,1908
buffondiceco,1909
angerer,1910
loultimo,1911
vamosrealmadrid,1912
juventini,1913
finoallafine,1914
noroadtokiev,1915
effzeh,1916
lhwthyywfqtslymslhh,1917
memo,1918
acmilan,1919
fkvardar,1920
maadr,1921
finalchampionsenlahoy,1922
bebedemama,1923
ticombo,1924
quizbacalfc,1925
saleh,1926
scorpioglobal,1927
laberinto,1928
reaxliv,1929
rmalcf,1930
freetv,1931
finalchampionsleague,1932
starfootballleague,1933
famaabailar,1934
semclubismo,1935
stephaneguy,1936
historiaporhacer,1937
srlrwsh,1938
corinthian,1939
game6,1940
rocket,1941
dubnation,1942
lovecr,1943
voetbal,1944
plantaorecord,1945
1stfu,1946
arab,1947
zynldynzydn,1948
moh,1949
hng,1950
prodrive,1951
teamwolf,1952
bbt,1953
meadeconlxsmaestrx,1954
hastaelfinalvamosr,1955
kickoff,1956
playboysa,1957
street,1958
bikini,1959
public,1960
bisexual,1961
strip,1962
twerk,1963
sportsillustrated,1964
sportsillustratedsa,1965
paredesufrir,1966
nasrec,1967
reggaezone,1968
mohamessalah,1969
karimbenzema,1970
shiplife,1971
gainwithjnsh,1972
stevengerrard,1973
nfwjrfyk,1974
madridliverpool,1975
idntimessport,1976
lygqhrmnnrwp,1977
2018timmylighttourinbkk,1978
ph,1979
thwante,1980
jumleyaadaayenge,1981
shahonaajtak,1982
rip,1983
trump,1984
allwewanti,1985
celebridade,1986
platinum,1987
mananaganapetro,1988
sportscuriou,1989
austinlovessoccer,1990
4k,1991
americanwatchingsoccer,1992
startsome,1993
freebet,1994
keiv,1995
liverpooltoday,1996
indonesia,1997
hobnob,1998
leaf,1999
liverpoo,2000
wearel,2001
champinha,2002
fcbayern,2003
realmadridliverpoo,2004
xperiaxz2champion,2005
yaamef,2006
blanco,2007
gklive,2008
allthebest,2009
goodone,2010
orf,2011
clfinal,2012
usvolemacasa,2013
freecatalanpoliticalprisoner,2014
benusanyc,2015
2019tetapjokowi,2016
nissan,2017
liganaband,2018
ap,2019
copadomundo,2020
bela,2021
garet,2022
jetbluesofly,2023
halalmadrid,2024
bitcoin,2025
ethereum,2026
litecoin,2027
blockchain,2028
stocktwit,2029
uclfinal2017,2030
blogslr,2031
liverpoolfanclub,2032
gurtel,2033
ech,2034
foxsport,2035
foxsports3,2036
birra,2037
hala,2038
gr22,2039
english,2040
spanish,2041
labamba,2042
livestreaming,2043
momosal,2044
finaleldc,2045
viscabarca,2046
sallah,2047
besikta,2048
kartal,2049
blackeagle,2050
gosalah,2051
lch,2052
inexperience,2053
huziterebi,2054
manchesterunited,2055
arsenal,2056
mu,2057
videojuego,2058
metroderby,2059
hsv,2060
gainwithxtiandela,2061
gainwithtr,2062
huirumino,2063
skstorm,2064
whatarush,2065
comfort951fm,2066
televisa,2067
l,2068
czechsgp,2069
senegal,2070
afrorepublik,2071
pumped,2072
hiphop,2073
culture,2074
swr,2075
dahoam,2076
match,2077
messi,2078
vamoslcfc,2079
premiumsport,2080
salahtime,2081
lomasleido,2082
lywmlsb,2083
mediaset,2084
scott,2085
uclfinalcomo,2086
pathetic,2087
mosalah22,2088
nrgweekend,2089
kickracismout,2090
sabadodetremurasdv,2091
dresden,2092
conflictofinterest,2093
mosallah,2094
laguia2b,2095
tweetlikekloppo,2096
no,2097
lfcfamily,2098
hcafc,2099
pregameahow,2100
uefachiyanpionzurigu,2101
emure,2102
rmcfhqlive,2103
cheerssteve,2104
bayer,2105
firminho,2106
varane,2107
afc,2108
cumartesi,2109
newcastle,2110
alasvias256,2111
rtsdeux,2112
ucl2,2113
app,2114
governoconte,2115
governo,2116
eurovision,2117
tropea,2118
26maggio,2119
buonsabato,2120
sahur,2121
may291985,2122
rylmdrydlywrpwl,2123
grevedecaminhoneiro,2124
rufc,2125
utm,2126
fo,2127
libertadore,2128
realxliv,2129
nscolimpiyskiystadium,2130
memorialdayweekend2018,2131
alsco300,2132
ncaalax,2133
ngng,2134
nogutsnoglory,2135
shalvata,2136
forzared,2137
tuttoapposto,2138
sevillafc,2139
vamosmisevilla,2140
reyesdeeuropa,2141
refmazic,2142
dedemitbango,2143
lcf,2144
espn,2145
buonaserata,2146
walkingalone,2147
latrine,2148
btlwrwb,2149
stre,2150
lfcusa,2151
fulhamvilla,2152
controilcalciomoderno,2153
thechancesareprettygood,2154
professional,2155
kuissahurpandit,2156
kuissahurpanditscreamou,2157
crischairunriza,2158
it,2159
dejavu,2160
teamkloppo,2161
echteliebe,2162
schwarzgelb,2163
futband,2164
ramadanmubarak,2165
finallch,2166
barca,2167
legend,2168
rt,2169
masochismo,2170
juventu,2171
mainz05,2172
comeonred,2173
liverpook,2174
duelipa,2175
siwelelesamadrid,2176
paz,2177
farmino,2178
manie,2179
startthemyoung,2180
madridista,2181
whoishere,2182
klnslh,2183
klnbnzym,2184
galatasaray,2185
egypte,2186
egypt,2187
supersport,2188
karakanayasoka,2189
107rpm,2190
lucky13,2191
lfc4ever,2192
grdbmwzh,2193
ydnlsnhhdhymnnwn,2194
mnttktfklh,2195
rmdn2018,2196
atm,2197
neverforget,2198
craftbeer,2199
stouturday,2200
saopaulo,2201
acompanhantesdeluxo,2202
sexo,2203
greve,2204
elgalactico,2205
shyfshynkw,2206
beachday,2207
taa,2208
7,2209
bannava,2210
safc,2211
hncbc,2212
justsaying,2213
mancity,2214
standred,2215
trtspor,2216
deportesenlamira,2217
fynlchmpywnzlyg,2218
friendsofmadrid,2219
mzdkhmyrzyy,2220
cometobesikta,2221
djugend,2222
viasportfotball,2223
fuckmodernfootball,2224
lego,2225
liverpoolxespn,2226
momosa,2227
programaraugil,2228
utc,2229
twitterclaret,2230
championsclub,2231
lyfrbwlryl,2232
kyivfinal2018,2233
atleticonacional,2234
colocolo,2235
copalibertadore,2236
brj,2237
lbnn,2238
mhmd,2239
ufcchile,2240
downtheredshite,2241
efc,2242
coyb,2243
neverliverpool,2244
comeonsanju,2245
terogamosoyeno,2246
jymh,2247
campionimorali,2248
lavincelaroma,2249
believe,2250
futaake,2251
respect,2252
isyourbaeyourbae,2253
europa,2254
beoutq,2255
uelfin,2256
allcap,2257
atacan,2258
freebetunibet,2259
rolandgarro,2260
counterattack,2261
bnlnyl,2262
ywka,2263
hoddle,2264
mcmanaman,2265
itsallforklopp,2266
finalkeyfibetsitem44,2267
winker,2268
weare,2269
thescoreke,2270
curitiba,2271
hom,2272
rylm,2273
alamarin,2274
yiselaavendano,2275
chi,2276
soundcloud,2277
re,2278
beout,2279
beinsport,2280
uclfinal201,2281
ypj,2282
prediction,2283
foratemer,2284
grevedoscaminhoeiro,2285
exo,2286
gomadrid,2287
ktbffh,2288
egyptianbullet,2289
classyoutfit,2290
livreal,2291
mtvlakpopexo,2292
mtvl,2293
alikocgeliyor,2294
trustinklopp,2295
diaryofacrusher,2296
felizdia,2297
museufcporto,2298
fcporto,2299
eintra,2300
elinformantedelosjutiapaneco,2301
hastaelfina,2302
slh,2303
mbrlyfrbwl,2304
m,2305
hansolo,2306
ganjaryasin,2307
normal,2308
garethbale,2309
coolnigeriatop10,2310
buenastarde,2311
10,2312
programaraulgil,2313
ivanhelgueramachista,2314
coo,2315
welp,2316
fkhrmsr,2317
realmadird,2318
hat,2319
halamadridhijosdeputa,2320
liverpo,2321
ynadama,2322
nopyro,2323
noparty,2324
finalky,2325
sidra,2326
livestrea,2327
manufan,2328
carvajal,2329
sosnicaragua,2330
nicaragua,2331
ssdiski,2332
beatle,2333
2019gantipresiden,2334
uefachampionsleaguefinal2018,2335
modric,2336
mohammedsalah,2337
whensomeonecutsyouoff,2338
gsd,2339
germanshepherd,2340
crew,2341
realmadridvirtualworld,2342
bundesliga,2343
nomosunglasse,2344
superbowl,2345
nhnlyfrbwl,2346
fotaza,2347
estadistica,2348
twqtklnhyylbtl,2349
inliverpoolwetrust,2350
goalscoming,2351
tsfpatthegame,2352
realmadridliverpo,2353
footballl,2354
cake,2355
rtlsport,2356
betopimparel,2357
orfein,2358
nsc,2359
viraali,2360
pinnalla,2361
ywna,2362
rwnldw,2363
antimadrid,2364
prayforspain,2365
liverpoolrealmadrid,2366
fus,2367
diploma,2368
fifaworldcup2018,2369
boycottworldcup2018,2370
mh17,2371
syria,2372
90minutosdelucha,2373
krystynw,2374
msalah,2375
sportsjourno,2376
thefuckingqueen,2377
uclnocinema,2378
syndicate,2379
cheersforrealm,2380
lryllyfrbwl,2381
lyfrbwllryl,2382
itsfootballnotsoccer,2383
deportescri,2384
inter,2385
lfth,2386
nhyylbtl,2387
esalacupnamde,2388
racist,2389
waxon,2390
tag,2391
rmafcl,2392
ssfootbal,2393
madridxespn,2394
teamreal,2395
plz,2396
piccinini,2397
domingovotoduque,2398
accionbotellon,2399
mountmoment,2400
alexanderarnhold,2401
esporteinterativo,2402
uefac,2403
lryl,2404
trustklop,2405
freeiptvlink,2406
freeiptv,2407
smarttv,2408
yrb,2409
cryptocurren,2410
spain18,2411
rioja,2412
rakkaudestalajiin,2413
cooperativag,2414
madrista,2415
losmerenge,2416
losbla,2417
southampton,2418
optussport,2419
realsports916,2420
nurmalso,2421
formacione,2422
fantacalcio,2423
thered,2424
africa,2425
abl,2426
meh,2427
spielerfrauentv,2428
liverpool2018,2429
newrule,2430
86,2431
nature,2432
memorialdayweekend,2433
play,2434
premiosmtvmiaw,2435
footballvivat,2436
youtubelive,2437
mociondecensura,2438
pp,2439
casoplon,2440
proces,2441
libertadplenaalospresospolitico,2442
qwetumanglive,2443
giro101,2444
uefafinal2018,2445
ramadan2018,2446
bellator200,2447
aupaatleti,2448
endirect,2449
halaggmu,2450
jalamadrid,2451
eazi,2452
epicfail,2453
nms,2454
zidene,2455
greekcupfinal,2456
zwayer,2457
25an,2458
polzerweg,2459
furrytail,2460
6sepuede,2461
electrifytheworld,2462
pracimadele,2463
worldstoughestfinal,2464
uclliverpool,2465
comeonthered,2466
data,2467
entry,2468
service,2469
soloastarwarsstory,2470
uclnoscinema,2471
superslowmotion,2472
05er,2473
catalonia,2474
hotchocolate,2475
ramo,2476
vote,2477
teammadrid,2478
licensing,2479
sprite,2480
fruttini,2481
patatine,2482
dosgrande,2483
f4glory,2484
fulham,2485
beatrixvonstorch,2486
ecuador,2487
richardcarapaz,2488
botafogo,2489
realmadri,2490
beatlemania,2491
felizsabado,2492
openingshow,2493
rodriguez,2494
separatiallanascita,2495
aet,2496
bbc,2497
kb9,2498
fussballfakt,2499
infotweet,2500
doppelgaenger,2501
quetuspadresseanhe,2502
sy,2503
portadasp,2504
jurgenklop,2505
gainwithjnshine,2506
aechmp,2507
livvsrma,2508
trenapoleta,2509
drecksgeldgeier,2510
esc,2511
giovani,2512
philadelphia,2513
dublin,2514
var,2515
sufc,2516
ohnemeinenphysiotherapeuten,2517
halamadri,2518
thederby,2519
ufcliverpoo,2520
experienciaadn,2521
nobar,2522
65tahuncaknun,2523
championssnt,2524
clutchespearl,2525
cooltheball,2526
edf,2527
lajalousie,2528
teampsg,2529
disabled,2530
soproud,2531
cha,2532
fiverr,2533
forcaliverpool,2534
aim,2535
weareli,2536
winnipegjet,2537
mivisiondelpartido,2538
steam,2539
steamtrain,2540
trainspotting,2541
lovren,2542
asensio,2543
mostru,2544
munchie,2545
skyhouse,2546
madridfan,2547
realm,2548
muyfan,2549
kingsalah,2550
rmalf,2551
merah,2552
lagostrafficupdate,2553
yleurheilu,2554
senalado,2555
fanofthegame,2556
hdthjllkhbry,2557
polzer,2558
dazn,2559
caminoarusia,2560
flow,2561
nigerian,2562
milanista,2563
coutinho,2564
pizzamovil,2565
somoslapizza,2566
egpyptsking,2567
dalai,2568
lyfrbwlmdryd,2569
championslea,2570
tentv,2571
report,2572
dne,2573
today,2574
program,2575
zapa,2576
league,2577
sorted,2578
dfb,2579
fragjogi,2580
delatletisoy,2581
duppyfreestyle,2582
oficial,2583
mamatapatia,2584
wm2018,2585
ozil,2586
liveonthestage,2587
bladerunner2019,2588
humildad,2589
tsn690,2590
kraksgiveaway,2591
5,2592
catetezsupina,2593
gasprom,2594
rmliverpool,2595
your,2596
livesport,2597
laliga,2598
aufrealgewettet,2599
etfelicitofill,2600
integrity,2601
suzu,2602
cakiminnontonbareng,2603
cakiminnobaruclfinal,2604
uclsctv,2605
truth,2606
federalpalacehotelandcasino,2607
federalpalacehotel,2608
nufc,2609
vamosliverpool,2610
youtube,2611
planetaryconnect,2612
nashville,2613
reamadrid,2614
savona,2615
cskvsrh,2616
bestvsbest,2617
sportklub,2618
halamadr,2619
luckyme,2620
citywillbeback,2621
sad,2622
beinu,2623
liverpoolfan,2624
fussball,2625
zdfsport,2626
realunited,2627
weekendvibe,2628
fitmaj,2629
catenaccio,2630
anatanoxinnoyoushisanongdu,2631
anatanorenshengnose,2632
p5a,2633
edelmantrust2018,2634
uutisvuoto,2635
ritapacharita,2636
patpachata,2637
frombangkoktokiev,2638
4608milesaway,2639
thism,2640
reposteria,2641
queque,2642
eventoespecial,2643
puravida,2644
movie,2645
900,2646
servinghumanityevenafterdeath,2647
predictio,2648
liveucl,2649
madsport,2650
sportslover,2651
apreciecommoder,2652
bannerdesign,2653
victortraching,2654
corporate,2655
identity,2656
bagno,2657
alghero,2658
sardegna,2659
sabafricaday,2660
girl,2661
arnfield,2662
zapinamypasy,2663
weszlofm,2664
portugal,2665
sondage,2666
milan,2667
streaming,2668
suit,2669
championsxrpp,2670
hd,2671
darthvadar,2672
starwar,2673
11liverpool,2674
funnymovie,2675
funnyscene,2676
bearrescue,2677
bearheadstuck,2678
frenchfan,2679
dodgykeeper,2680
fuyinsheng,2681
halaliverpool,2682
nava,2683
diadelasfuerzasarmada,2684
zemun,2685
belgrade,2686
srbija,2687
serbia,2688
atlutd,2689
solamente,2690
cometogether,2691
withalittlehelpofmyfriend,2692
withalittleluck,2693
bhaari,2694
haayemadrid,2695
amf,2696
realfc,2697
livmad,2698
betting,2699
forabarbieri,2700
foraebm,2701
renunciae,2702
ch,2703
ep,2704
peckpalitchoke,2705
manutd4ever,2706
united,2707
sleekformation,2708
alertaultra,2709
nike,2710
apo,2711
yn,2712
ulisse,2713
futboludoyasiyayasa,2714
p,2715
hnshjslh,2716
twangulawithpepsi,2717
lkhbry,2718
lhlydwtkwm,2719
rylwlyfrbwl,2720
lyfrbwlwryl,2721
klasika,2722
sedan,2723
yubentosu,2724
baierun,2725
poruto,2726
goalf,2727
gaza,2728
zionist,2729
israel,2730
rusia,2731
rollup,2732
doorhanger,2733
mjmklmtzynltby,2734
persibday,2735
ligachampion,2736
forzamilan,2737
liverfool,2738
wonderfulexperience,2739
erabielsa,2740
redwarzoneth,2741
ronaldo2score,2742
sammontana,2743
maldinifalso,2744
uclfinali,2745
coolstertypderwelt,2746
freetommy,2747
freetommyrobinson,2748
carrusella13,2749
duali,2750
thechampion,2751
todaymatch,2752
c8,2753
thisisanfield,2754
productediting,2755
amazonebay,2756
gol,2757
futsal,2758
goiania,2759
liga,2760
lista,2761
gdpr,2762
enfoto,2763
comper,2764
dayofthe,2765
antigua,2766
houseofdrama,2767
showyouremotion,2768
africawillprevail,2769
streetfighter,2770
blanka,2771
adidasfootball,2772
worldcup,2773
theyoungestblogger,2774
vivamadrid,2775
liverpoolcampeon,2776
orgasmo,2777
toni,2778
tonikroo,2779
minuto14,2780
cixqo,2781
losblanco,2782
futbox,2783
jugadore,2784
sumetherplu,2785
superiorpharma,2786
sheva,2787
bolabarengid,2788
littlethingsthatcount,2789
shakespeare,2790
salahmadrid,2791
hal,2792
frisur,2793
simplyamazing,2794
9pmtrain,2795
1ddrive,2796
mdrive,2797
juventud,2798
hublotlovesfootball,2799
monstro,2800
tardedecampeone,2801
ncaasoftball,2802
guat,2803
imaginanacopa,2804
zidan,2805
candreva,2806
chickenkiev,2807
btsportucl,2808
grancanaria,2809
gini,2810
psv,2811
finalchamp,2812
sportpesa,2813
jackpot,2814
megajackpot,2815
madeofwinner,2816
dukungwakilinggri,2817
amemirmao,2818
thefootball,2819
ub40,2820
tourlife,2821
tourbu,2822
fcbsge,2823
athleticzale,2824
dumbo,2825
pilka,2826
orf1,2827
hastaelfinalvamo,2828
christianoronaldo,2829
uefachampion,2830
immsolo,2831
immsurakarta,2832
immjateng,2833
kefollotrain,2834
estudioestadio,2835
frac1,2836
ondelay,2837
itsmagic,2838
teamsom,2839
london,2840
uk,2841
fueratopico,2842
knvb,2843
vacation,2844
haiyyaalsalah,2845
liverpoolvsre,2846
irelandreferendum,2847
platini,2848
now,2849
fourpoint,2850
selfie,2851
saturdayfun,2852
imadwasim,2853
tauroviolencia,2854
sokkahtwitter,2855
peckpal,2856
salahgoat,2857
burdah,2858
guinnesspro14,2859
cyberchaoscrewtv,2860
pickle,2861
thegreatawakening,2862
sundaybrunch,2863
alezasuwaja,2864
3peat,2865
loverpool,2866
jerky,2867
itsthefuture,2868
playmete,2869
fanforanight,2870
wm,2871
echphaaaflw,2872
calvahal,2873
that,2874
jrythbyl,2875
lt,2876
ecke,2877
tictocnew,2878
dsgvo,2879
thekop,2880
rg18,2881
game,2882
clfinale,2883
endire,2884
batalladelosgal,2885
polivalente,2886
undersiege,2887
minutoaminuto,2888
croisonsle,2889
cr7forlife,2890
ultima,2891
itsonlikedonkeykong,2892
macauescort,2893
macaumodel,2894
bwslh,2895
asse,2896
teamasse,2897
andyrobertson,2898
realmadridlive,2899
ligi,2900
liverpulia,2901
sternenko,2902
csgo,2903
rossiei,2904
donbas,2905
krym,2906
lachampionsxrpp,2907
happeningnow,2908
nf,2909
animated,2910
shortfilm,2911
filmmaking,2912
filmmaker,2913
indiefilm,2914
kidsmusic,2915
shortstory,2916
indiegame,2917
muhammadsalah,2918
cesar,2919
clas,2920
mechanical,2921
beingsport,2922
telefoot,2923
weloveyou,2924
kumparanbola,2925
66,2926
fearles,2927
bro,2928
team1,2929
nba,2930
nbafinal,2931
gswvshou,2932
houvsgsw,2933
promotionplayoff,2934
attacking,2935
aggressive,2936
highlight,2937
qarmy,2938
saturdayafternoongroove,2939
woke,2940
maga,2941
imwithq,2942
wwg1wga,2943
qanon,2944
wakeupchan,2945
maat,2946
dangtariqian,2947
theclas,2948
sallahfest18,2949
ned,2950
ger,2951
tsipra,2952
ucllive,2953
dhanush,2954
dhanushinpari,2955
voyagedufakir,2956
tamilactor,2957
tamil,2958
france,2959
terau,2960
kenscott,2961
fakir,2962
tinaftore,2963
emocione,2964
13,2965
furiaazul,2966
sndeporte,2967
campionsleague,2968
uef,2969
lfcvsrma,2970
lyfrbwlryalmdryd,2971
usopen,2972
viasatfotball,2973
noseconfundan,2974
busquet,2975
sky,2976
anitta,2977
belieber,2978
moheavymovement,2979
line,2980
sn,2981
wagner,2982
need,2983
yashpalsharma,2984
dilsaydimagsay,2985
timeneutro,2986
dubai,2987
quemelopareceamiperoluegocambiodeopinion,2988
nffc,2989
footballsun984,2990
aproveitar,2991
vogliamosavona,2992
gainwithmeh,2993
gainwithrise,2994
manchesterisred,2995
bbnaija,2996
memealert,2997
trash,2998
puffpuff,2999
parteiisch,3000
ryllyfrbwl,3001
gai,3002
palante,3003
antimadridismo,3004
sergioramo,3005
chelseafc,3006
modochampion,3007
yoapoyolonuestro,3008
dfbpokalfinale,3009
sgefcb,3010
obn,3011
ligaprvaka,3012
gainwithtre,3013
kievmadrid,3014
letsdothi,3015
entertainment,3016
ksllm,3017
yeah,3018
worcestershirehour,3019
dw,3020
nhk,3021
tb,3022
terebizhaori,3023
ribenterebi,3024
lrydz,3025
kyyf,3026
randomfact,3027
vandijk,3028
dynamokiev,3029
kop,3030
publicviewing,3031
tomcairney,3032
iostoconirigheira,3033
crondalo,3034
infinitywar,3035
radiojambofootball,3036
cristia,3037
lkwytmsr,3038
reddwarf,3039
hartlepool,3040
ryllywrpwl,3041
redwarzonet,3042
llegada,3043
realliver,3044
championsleaguefin,3045
viasat4,3046
cr,3047
thenormalone,3048
sepahtureunionalpuasa,3049
enriqueiglesia,3050
erthd,3051
perfeccion,3052
cliveforbt,3053
lauefaesconheineken,3054
lqhr,3055
ktnchampsleague,3056
momo,3057
stara,3058
championsleaguef,3059
goliath,3060
dontbuythesun,3061
european,3062
alamadrid,3063
tioweno,3064
uclfinalvistopormujere,3065
sieg,3066
finachampion,3067
squad,3068
vvd,3069
trky,3070
rdwgn,3071
lrbylrby,3072
lkhlyj,3073
lkwyt,3074
qtr,3075
rusevday,3076
idntime,3077
fantasyland,3078
keylarnava,3079
lezama,3080
athletic,3081
athleticclub,3082
leona,3083
club,3084
crucchi,3085
deutchland,3086
germany,3087
scheise,3088
women,3089
fitnes,3090
bra,3091
pmef2018,3092
spief,3093
seltsameberufe,3094
liguechampion,3095
spice919fm,3096
guardingmyheart,3097
wheel,3098
managertohbad,3099
provo,3100
scousersforthewin,3101
proud,3102
righeira,3103
bayernmunich,3104
mengxieyura,3105
shibuya,3106
wino,3107
tech,3108
angebote,3109
technik,3110
deal,3111
tecfinder,3112
lesetipp,3113
marcelino,3114
ungiornoallimprovviso,3115
like,3116
livingthedream,3117
nestotora,3118
alezalezaleeez,3119
sanchiyago,3120
unfazed,3121
wea,3122
moscow,3123
redondance,3124
raster,3125
busines,3126
watsukusunoprguanxinakutesumimasen,3127
mwry,3128
championsleaguenodiario,3129
fcbaltimore,3130
thomasubercup2018,3131
happyjaehwanday,3132
got7,3133
bt,3134
wannaone,3135
ca,3136
unitedstate,3137
cham,3138
swfc,3139
ultraslan,3140
mead,3141
halalhumor,3142
ramazan,3143
memor,3144
mediablackout,3145
freeredacted,3146
manunited,3147
realmadridlivrpool,3148
miasanmia,3149
brumme,3150
huberty,3151
ukrtvi,3152
moneyheist,3153
cakimi,3154
calico,3155
nigeria,3156
ictfc,3157
thankskyiv,3158
teamoca,3159
balondeoro,3160
mo5,3161
superinvalido,3162
nornal,3163
rafaelvarane,3164
kaylornava,3165
slozhna,3166
prohaska,3167
nfdplayoff,3168
howsthewater,3169
queen,3170
wow,3171
villa,3172
producer,3173
thejohan,3174
cartoon,3175
soccet,3176
retweet,3177
nervy,3178
realmadridliverp,3179
ifbdrive,3180
justlouisianathing,3181
euapoioagrevedoscaminhoneiro,3182
weareliverpoolsalah,3183
kievfinal,3184
futbal,3185
ligamajstrov,3186
majster,3187
cfrealmadrid,3188
v,3189
fcliverpol,3190
kyjev,3191
uhd,3192
skyq,3193
fuckreal,3194
commentary,3195
alexa,3196
siri,3197
fbi,3198
ice,3199
smettodigoderepoi,3200
touchlinefraca,3201
ligachempioniv,3202
inikalilah,3203
ligamistrzow,3204
eishockey,3205
offtopic,3206
beinfinalucl,3207
yr,3208
champiosxespn,3209
stnbwl,3210
veluxehfcl,3211
balonmano,3212
revolutionpluspropertie,3213
beer,3214
primaveratrompetera,3215
e,3216
leverpoolv,3217
adnpelotero,3218
adosbanda,3219
lafc,3220
brickwall,3221
greed,3222
ausdemnicht,3223
jinggangxianliyuyexueyuan,3224
shiyonnai,3225
guanglaimazhizi,3226
pierulong,3227
tobitsukiri,3228
satahapi,3229
tamorijulebu,3230
ametoku,3231
prodegea,3232
tbllfynl,3233
lfcatl,3234
livewagering,3235
luznespostrzezenia,3236
mtvlagamerari,3237
hastaelfinalvamosre,3238
model,3239
sexymodel,3240
forzaroma,3241
teamrealmadrid,3242
champi,3243
arquerazo,3244
pluser,3245
changeyourstyle,3246
2019gantijuaraligachampion,3247
kyiv18,3248
champpari,3249
mixu,3250
fifa,3251
pe,3252
fcbbvb,3253
thisishardrock,3254
gqbestdressed,3255
bvbfcb,3256
rapidreplay,3257
nfl,3258
mlb,3259
nhl,3260
ncaa,3261
flhsfb,3262
1first,3263
worldstarhiphop,3264
mzansiinsider,3265
champiomsleaguefinal,3266
pulsenigeria,3267
directo,3268
cat,3269
catlife,3270
lovecat,3271
homeandaway,3272
comunista,3273
mija,3274
mestarienliiga,3275
manchester,3276
reddevil,3277
oldtrafford,3278
friendswithliverpool,3279
keylor,3280
fansweysabi,3281
nffcshow,3282
spief2018,3283
vzaimnaiapodpiska,3284
fomo,3285
freefifa17coin,3286
pjanic,3287
fcbarcelona,3288
marigol,3289
uventet,3290
over,3291
intercontinental,3292
standardchartered,3293
fakelove2ndwin,3294
liganoge,3295
madridistahastalamuerte,3296
omatleti,3297
finaldechampion,3298
juergenklopp,3299
dongjingyoujun,3300
minnanokeiba,3301
jingmabeat,3302
redeglobo,3303
tshirt,3304
calamar,3305
firadelcalamar,3306
canpicafort,3307
mallorca,3308
happysaturday,3309
albarino,3310
fino,3311
ma,3312
angololive,3313
ronaldostare,3314
2018gantijuarachampion,3315
uclfinalo,3316
eslovenia,3317
disputa,3318
thekickoff,3319
canale5,3320
mohsalah,3321
teammessi,3322
florida,3323
crownofthorn,3324
orjantappurakruunu,3325
boby,3326
muslim,3327
priamoseicha,3328
playsurfacing,3329
elmejorequipo,3330
wecandothi,3331
proudtobered,3332
vam,3333
yoneverwalkalone,3334
duaqeen,3335
lostico,3336
usmnt,3337
god,3338
jesuschrist,3339
holyghost,3340
eternallife,3341
christianity,3342
bible,3343
kjv,3344
the,3345
way,3346
to,3347
heaven,3348
symphonicri,3349
tunduhtunduhclub,3350
conflicted,3351
ps4,3352
wembley,3353
playgo,3354
rcatime,3355
isupport,3356
entertaintv,3357
telekomwall,3358
sevilla,3359
keilornava,3360
captain,3361
leverpool,3362
hater,3363
livewettten,3364
lifeislivewetten,3365
phenomenal,3366
gramofest,3367
reggaebling,3368
unclefat,3369
fcemmen,3370
uclfinal2,3371
mwnafinaldaucl,3372
mtl,3373
rmcflfc,3374
leivsca,3375
leinster,3376
teamfirmino,3377
teammane,3378
bykeyari,3379
kenyantraffic,3380
onelove,3381
hoscommesso,3382
fantasypark,3383
ramlfc,3384
navo,3385
absoluto,3386
lyby,3387
nshylwty,3388
rock,3389
rockurbano,3390
gerenteen889,3391
weready,3392
salan,3393
podemo,3394
belalove,3395
newguardian,3396
nondiapositive,3397
comecalciotivesti,3398
360video,3399
calaabocagalvao,3400
vivatech,3401
einhaken,3402
repealthe8th,3403
laflordezidane,3404
funnight,3405
egitto,3406
realmadridl,3407
chile,3408
comeonyouguy,3409
hsynbnhj,3410
houcinebenhadj,3411
vfb,3412
bayern,3413
liver,3414
idiot,3415
dirty,3416
cheat,3417
westhillsmall,3418
kasapachampionsleaguefever,3419
sankeylor,3420
invierno,3421
nycfc,3422
goal,3423
neuesprofilfoto,3424
bvbfamily,3425
euerdatkalli09,3426
kiyf,3427
youareasonofabitch,3428
dirtyramo,3429
bienarbitrobien,3430
sigan,3431
wakeup,3432
anticipateblessmebyspyz,3433
sweetielovebynita,3434
playgroundforking,3435
shooagemi,3436
ldmm,3437
lkhbr,3438
lshrqy,3439
wrestling,3440
quote,3441
felizsaba,3442
tjap,3443
erdogan,3444
chickenwing,3445
superleague,3446
hesdirty,3447
lyfr,3448
winnersquethicague,3449
nicaraguaquie,3450
kyiv20,3451
katt,3452
ramosquepaila,3453
foreverbabysitting,3454
alwaysthesame,3455
dualipaturkey,3456
ipart,3457
comentado,3458
russia2018,3459
boseskalkul,3460
we,3461
cleanplayer,3462
maldicionesamino,3463
sergi,3464
comeonliverpool,3465
getsalaout,3466
fump,3467
hopeso,3468
foxsportschile,3469
agypten,3470
dtv,3471
redbullarena,3472
theupdate,3473
uclfinalslh,3474
4,3475
waitin,3476
victory,3477
youwillnvertalkalone,3478
beautifulgame,3479
lufc,3480
giro2018,3481
helpinghandsforpoor,3482
fairplay,3483
never,3484
ramosmierda,3485
entrenamientomovistar,3486
istanbul,3487
5time,3488
xrayeye,3489
lionelmessi,3490
ms22,3491
abudhabi,3492
happybirthdayabramkhan,3493
x18,3494
bootspotting,3495
liverpoolfcth,3496
lfcth,3497
afl,3498
livvrmd,3499
rmdvliv,3500
championsleauge,3501
disgusting,3502
darkart,3503
derpoetvomborsigplatz,3504
dirtycuntramo,3505
twat,3506
fluchtlinge,3507
revolutionplusuclfinal,3508
frenchiefact,3509
realmadridvsliver,3510
aviodkingmo,3511
pl,3512
duh,3513
lamentable,3514
rylmdrydlyfr,3515
brazil,3516
mujeresfuerte,3517
mujeresexitosa,3518
thisisamercia,3519
insidergeworden,3520
dersebbo,3521
gutschlechtschwach,3522
vnl,3523
volleyballnationsleague,3524
tuskerlitekla,3525
curioso,3526
jmhw,3527
tookhimout,3528
mma,3529
loser,3530
foo,3531
mes,3532
f1pl,3533
haiyaalsalah,3534
ha,3535
aldisraaache,3536
napoli,3537
worldcup2018,3538
packma,3539
stopfundinghate,3540
gaming,3541
justiceactivityinzurich,3542
justicefortrabzonspor,3543
zurichjusticesearch,3544
prick,3545
callitdownthemiddle,3546
lolipool,3547
russiafootballworldcup2018,3548
chiellini,3549
closeone,3550
27minute,3551
cornernow,3552
tolfc,3553
comeon,3554
bruto,3555
alvmsdrid,3556
marrano,3557
championship,3558
playoff,3559
ffc,3560
fulforce,3561
itstimetoroar,3562
boda,3563
guate,3564
guatemala,3565
15ano,3566
perhapsyouneedalittleguatemala,3567
quepeladoguate,3568
explorandoguatemala,3569
biblestudy,3570
jesu,3571
dallascowboy,3572
vamoslau,3573
olkapaa,3574
burche,3575
tu,3576
ikkeudenminmohammed,3577
unitednationsoperationinukraine,3578
syrjywrmw,3579
jonsnow,3580
kraavmaga,3581
yotambienquierointegrarme,3582
wwe,3583
wiese2,3584
noword,3585
justiceformo,3586
moneedshisarm,3587
antena3,3588
respectforacmilan,3589
uclfinalan,3590
bolanacoffee,3591
shichuanterebi,3592
rmlfc,3593
lfcvsr,3594
gameon,3595
paethdaithh,3596
thaisquiereeleccione,3597
tainorenhaxuanjuwowangmu,3598
lathailandeveutdeselecti,3599
uzbekistan,3600
cheater,3601
mldny,3602
ramadam,3603
terry,3604
reallicerpool,3605
kevinlove,3606
sabadomastersdv,3607
fifaworldcup,3608
arenarussia,3609
textbook,3610
revolutionplu,3611
sighofrelief,3612
phew,3613
lfcvrm,3614
keepingupwiththekardashian,3615
hero,3616
aldisrache,3617
salahpiangeie,3618
ilovemosalah,3619
brochure,3620
flyer,3621
graphicdesign,3622
ssn,3623
mundial,3624
killer,3625
basurablanca,3626
drake,3627
sunset,3628
gri,3629
salaha,3630
joynew,3631
restartthegame,3632
asroma,3633
poorman,3634
salahout,3635
shame,3636
tt,3637
roto6,3638
loto,3639
roto,3640
shameonyou,3641
dirtyprick,3642
nustatension,3643
viewspodcast,3644
wc2018,3645
ramosjahat,3646
flashbach,3647
fuckyouramo,3648
jfm,3649
ballondor,3650
scheisskerl,3651
mlblbtl,3652
scrivoquandovoglio,3653
bunchoftwat,3654
fuckramo,3655
bansergioramo,3656
datemyfamily,3657
inoperante,3658
pepe,3659
glennhoddle,3660
nbatipo,3661
nbart,3662
sergioramoswee,3663
madride,3664
hpad18,3665
stanleesong,3666
iahssoc,3667
liverpoolreal,3668
theredsversuslosblanco,3669
chistaco,3670
cerdo,3671
putaramo,3672
khutsoxperiencesukraine,3673
xperiaza,3674
xa2ultra,3675
onemanteam,3676
uclfinalkolopaido,3677
lallana,3678
alvmadrid,3679
dgh,3680
sondakika,3681
carnisser,3682
govno,3683
hueleraro,3684
uclfinalb,3685
sub16,3686
boxen,3687
salad,3688
realliverpol,3689
lescroisespourramo,3690
huso,3691
jebemtimaterramo,3692
cunt,3693
awesomeplayer,3694
atomarporculo,3695
doitforsalah,3696
salahstunned,3697
scum,3698
joyucl,3699
calling,3700
jprdl,3701
fuerzasalah,3702
judo,3703
winningbyfoulmean,3704
vogliamosalah,3705
inguardabile,3706
madridvliverpool,3707
mhdp,3708
fk,3709
yotampocoloentiendo,3710
benzemalo,3711
malonolosiguiente,3712
redarmy,3713
rotatorcuff,3714
fuckyou,3715
ladrone,3716
headbutt,3717
sergioramoswwe,3718
dirtiestplayerinfootball,3719
mmlove,3720
jurgan,3721
lfcvrmd,3722
rmdvlfc,3723
orejona,3724
lifeisnotfair,3725
88,3726
tricheur,3727
boucher,3728
putamadre,3729
asiganaelmadrid,3730
rede,3731
forcasalah,3732
crespoinlago,3733
cldk,3734
payet,3735
freevaltonyc,3736
spainfasciststate,3737
unrespect,3738
jetzterstrecht,3739
trap,3740
naija,3741
nouvellephotodeprofil,3742
ymca,3743
egyptiangod,3744
rida,3745
gainw,3746
cnnindonesia,3747
formerblue,3748
groundhopping,3749
soloasiganan,3750
ramosgoeswwe,3751
halaramo,3752
heartbreaking,3753
bwblwfd,3754
vuilspel,3755
sorrymosalah,3756
fuck,3757
unsportsmanlike,3758
injury,3759
sadnes,3760
winitforsalah,3761
justiceforsalah,3762
fav,3763
evilplayer,3764
fairplayramo,3765
praysalah,3766
salla,3767
liverpoolfamily,3768
salha,3769
ruzaidorilcheh,3770
chiquichavarria,3771
francescoli,3772
championsfox,3773
freesalah,3774
livvrm,3775
gutted,3776
uclxespn,3777
emotional,3778
fanzone,3779
thankyousahla,3780
karma,3781
finalechampion,3782
finalkyiv,3783
happystadium,3784
listolodije,3785
raam,3786
redothechampionsleaguefinal,3787
foulplay,3788
spineles,3789
ramosasesino,3790
ipl2018,3791
mcfc,3792
wefocusonyou,3793
sabadodeganarseguidore,3794
goramosdie,3795
journalism,3796
happyrusevday,3797
foul,3798
uefamadrid,3799
cheating,3800
evilmen,3801
lyfrbwlryldwt,3802
msallah,3803
player,3804
fraud,3805
fifa18worldcup,3806
wickedest,3807
youneverealkalone,3808
agentramo,3809
bestplayer,3810
takendown,3811
dogact,3812
nipapa,3813
elmejor,3814
uel,3815
arcticmonkey,3816
sergioramosisathug,3817
onsight,3818
kjeltring,3819
allahexist,3820
cherchesov,3821
mgmcash88,3822
sbobet,3823
maxbet,3824
368bet,3825
sabungayam,3826
bicharo,3827
byefelicia,3828
injured,3829
liverpoolvsreal,3830
unsportsmanlikeconduct,3831
vendetta,3832
collina,3833
bindipper,3834
arschloch,3835
fussballplatz,3836
swde,3837
liveticker,3838
real13,3839
livrm,3840
ynvw,3841
sergioramosruinseverything,3842
getwellsoonsalah,3843
mohamedo,3844
adamu,3845
lallala,3846
sialvar,3847
vergonha,3848
challengedaccomplished,3849
putareal,3850
esgehtschonwiederlo,3851
prayforsallah,3852
intriguing,3853
kote,3854
notpretty,3855
gladiator,3856
rmavl,3857
whatthefuckramo,3858
heartbreak,3859
liverwill,3860
make2005happenagain,3861
adamlallana,3862
theendjustifiesthemean,3863
lacerveceriadebarrio,3864
sanook,3865
sanooksport,3866
sala,3867
11,3868
adiossalah,3869
irony,3870
belin,3871
vuilerat,3872
shithouse,3873
boomboom,3874
rubbishtackle,3875
dirtyplaymadrid,3876
bringbacksalah,3877
sob,3878
watp,3879
nosalah,3880
lionking,3881
dortybastard,3882
zsmmn,3883
diemannschaft,3884
euro,3885
instanbul,3886
cdm2018,3887
beinfin,3888
goodluck,3889
loveitliv,3890
mosalahout,3891
rylmd,3892
yesimstillmad,3893
cubita2,3894
minuto30,3895
aversillegoal90,3896
quenervio,3897
blame,3898
gamechanger,3899
saymashaallah,3900
ml,3901
newyork,3902
nyrb,3903
savethecrew,3904
sounder,3905
ramosisadirtyplayer,3906
nomo,3907
gescripted,3908
takealookwwe,3909
gangster,3910
evergreentweet,3911
wsjr,3912
moeffect,3913
citisport,3914
nazar,3915
espana,3916
sergiramo,3917
puigdemont,3918
hanging,3919
dogmo,3920
stfc,3921
tisonlyascratch,3922
sslive,3923
fail,3924
championsleaguefinal20,3925
justasking,3926
vivabruxelle,3927
dirtymove,3928
shia,3929
sunni,3930
matam,3931
tatbir,3932
mourning,3933
sufism,3934
sufidance,3935
christian,3936
jew,3937
hindu,3938
budhist,3939
atheist,3940
monk,3941
mujahideen,3942
ramosdidhisjob,3943
mondiali2006,3944
ionondimentico,3945
ianrush,3946
maldoso,3947
malcarater,3948
bonecollector,3949
esalneaimi,3950
teamdualipa,3951
dualipatillidie,3952
subbuteo,3953
umbro,3954
heartfailure2018,3955
ufclfi,3956
dirtygit,3957
morewinninggame,3958
bale,3959
kwasinyantakyi,3960
choker,3961
weareforrealmadrid,3962
animosalah,3963
reallfc,3964
doitformo,3965
semnocao,3966
mhmdslhfkhrlrb,3967
cuadrado,3968
roughgame,3969
mosaxit,3970
merda,3971
atpfamily,3972
dirtyshit,3973
spagnoliladrone,3974
deu,3975
tosser,3976
forcenegative,3977
rosja2018,3978
ramosruinsthefinal,3979
typicalramo,3980
tranenmeer,3981
youcandothi,3982
sergioramosasesino,3983
ufcfinal,3984
uclfinalksm,3985
dirtytactic,3986
andrex,3987
championplayer,3988
dumoulin,3989
verstappen,3990
breakhisarm,3991
olyprom,3992
poweroflovegr,3993
sdna,3994
sergioramosasesinodelfutbol,3995
lacarabdeldeporte,3996
baskanmustafacengiz,3997
cule,3998
mot,3999
tvball7,4000
euro2016,4001
comeonman,4002
europaleaguefinal,4003
championleague,4004
kuratsushiyaserubioramosu,4005
madoritsudo,4006
madori,4007
sleekit,4008
twitter,4009
unapena,4010
shameonramo,4011
smfh,4012
tear,4013
realmadridcesgrossespute,4014
jaimepasronaldocestunetapettedemerde,4015
justarticle,4016
emosh,4017
softy,4018
doppeldeutigkeitftw,4019
nothingwrong,4020
bigboysdocry,4021
injuryfest,4022
sorrynotsorry,4023
gfam,4024
youpay,4025
anymeansnecessary,4026
fucksergioramo,4027
egyptianpharaoh,4028
osym,4029
ayip,4030
nacho,4031
uclfinal2018kyiv,4032
todosaltabernabeu,4033
tabernabeu,4034
tusportsbarregio,4035
asif,4036
dirtyplayer,4037
tkhfydtrmdnmnjwlyshyk,4038
fuerzacarvajal,4039
kobrakai,4040
nomercy,4041
animo,4042
fuerzacampeon,4043
getwellsoon,4044
neveraredanyway,4045
meishaonuzhanshiseramun,4046
chaotianhikaru,4047
ato3senchi,4048
weinendemanner,4049
carvajalout,4050
brilafm,4051
brilasport,4052
culoreal,4053
ramosesunpinchesucio,4054
sergio,4055
akupatahhati,4056
akuharusikhla,4057
akugabolehnangi,4058
evertonfc,4059
europaleague,4060
everfault,4061
instantkarma,4062
krfkhl,4063
disgracefull,4064
dani,4065
segioramo,4066
mundialrusia2018,4067
quickrecovery,4068
figuraprosain,4069
beti,4070
carvahal,4071
mikaz,4072
1manteam,4073
injurie,4074
ilovekarma,4075
letsgored,4076
forsalah,4077
twitchmeme,4078
lecker,4079
espagneegypte,4080
ramossalah,4081
finalflash,4082
professionalfoul,4083
sergioramosteodio,4084
fuckofframo,4085
furjedenspasszuhaben,4086
jetzthabichhunger,4087
fuerzafaraon,4088
nairabetfanfest2018,4089
nairabetgopay,4090
cepostaperte,4091
feel,4092
royalwedding,4093
salakh,4094
uiireapuri,4095
onceinawhile,4096
hdp,4097
danadanaviwanjani,4098
nachiyo,4099
rukasubasukesuwochuse,4100
guay,4101
shameful,4102
brazilianjiujitsu,4103
khrkhwl,4104
cinefact,4105
prayforsalah,4106
vamosalcala,4107
salahcomeback,4108
liverpooljuve,4109
haladrid,4110
gmrgbyhalvpvt,4111
tv3sport,4112
heroesenotraepoca,4113
femrepublica,4114
vinniejone,4115
twitterdown,4116
muhammadsaleh,4117
thwantelection,4118
kl,4119
thaisquiereeleccion,4120
drama,4121
hafeestonova,4122
joker,4123
foodporn,4124
footballgod,4125
tjaporla,4126
animal,4127
liverp,4128
crybabie,4129
animocarvajal,4130
sbslh,4131
robertson,4132
businesslogo,4133
companylogo,4134
lyfrbwlrylmdry,4135
ntshw,4136
slydog,4137
respectcarvajal,4138
uclfinalhrm,4139
mundial2018,4140
losmuneco,4141
salahforworldcup2018,4142
lemurensohn,4143
deathmatch,4144
moccia,4145
subhdaily,4146
casefile,4147
ifikiewakenya,4148
tukuza,4149
melenchon,4150
mareepopulaire,4151
26mai,4152
franceinsoumise,4153
brutaldeluxe,4154
speedball,4155
championshipplayofffinal,4156
schlusselbein,4157
knack,4158
bthmbshr,4159
lmrtnywz,4160
mnwt,4161
khbr,4162
rmdn,4163
ryd,4164
asinoramo,4165
sepierdeelmundialporlesion,4166
cheatingsergioramo,4167
0,4168
fucksegioramo,4169
uclfinalmo,4170
nottear,4171
ue,4172
kot,4173
businesscard,4174
brandidentity,4175
photoshopservice,4176
russia2018worldcup,4177
shameforsergioramo,4178
ybeotw,4179
mdrydlyfrbwl,4180
ramadhan,4181
pa,4182
footietalk,4183
imessage,4184
sticker,4185
nhydwrylbtl,4186
nt,4187
out,4188
mhmdslhlstwrh,4189
nhyyd,4190
vk,4191
scumbag,4192
heknewwhathewasdoing,4193
cheapshot,4194
whsh,4195
fuckyousergioramo,4196
stocazzo,4197
sramoshijodeputa,4198
realmadridysusarbitro,4199
sorrycarvajal,4200
nochedechampion,4201
lamegame,4202
shameonyouramo,4203
wrestlemania,4204
ripsalah,4205
sissy,4206
footer,4207
uclfinalryl,4208
missioncomplet,4209
mcd,4210
boysdocry,4211
20m,4212
winitformo,4213
theendju,4214
ramu,4215
hund,4216
feriadecordoba,4217
vainelamaa,4218
kloppcurse,4219
robbery,4220
agent47,4221
jiujitsu,4222
rannfl,4223
wakivunjatunavunja,4224
tatort,4225
ramoswrestlingplayer,4226
bustardplayer,4227
madri,4228
uclfinalletenapamestapenalti,4229
mvp,4230
mcm,4231
powerofprayer,4232
godisreal,4233
gntmfinale,4234
ramosmalaleche,4235
thesourcehbr,4236
vuelvelaflor,4237
romaliverpool,4238
ekl,4239
suciosergioramo,4240
lyllsbt,4241
eurocupfinallogic,4242
marica,4243
liverpul,4244
calvajal,4245
klapperstorch,4246
ramoscriminal,4247
mbr,4248
forzajuve,4249
grealish,4250
johnterry,4251
snodgras,4252
thelifeofa,4253
rooney,4254
euro2004,4255
dirtydefending,4256
salahoffthepitch,4257
gf15,4258
forzasalah,4259
favthi,4260
2018gantijuara,4261
kwytn,4262
ankaragucu,4263
varvajal,4264
theegyptianking,4265
iamames,4266
dirtydance,4267
respectfairplay,4268
virtualmadrid,4269
khlwp,4270
rmlv,4271
coffee,4272
specialtycoffee,4273
oliver,4274
fuerzasala,4275
tangisansalah,4276
ramosbangsat,4277
2019gantiwasit,4278
6t,4279
lfcrm,4280
nomoreinjurie,4281
marcatore,4282
ballenazo,4283
menangi,4284
calabocagalvao,4285
championsleaguefinal2,4286
murcialibredemuro,4287
ancelotti,4288
huntersgold,4289
rumboarusia,4290
arkhidi,4291
saveadmin,4292
fuerzabarca,4293
animodani,4294
branded,4295
hendocspub,4296
columbu,4297
2010,4298
futi,4299
d,4300
eurosport,4301
thi,4302
southpark,4303
putoascodemadridhijosdelagransuputamadreasquerososdeputamierdo,4304
teamsadiopesa,4305
sergioramosu,4306
jobdone,4307
cryingfinal,4308
byesalah,4309
sharethemadnes,4310
lifeisforliving,4311
od,4312
teamnivea,4313
todolist,4314
cosasdemusulmane,4315
bartiercardi,4316
ramosmerda,4317
bwfwn,4318
sportisgreat,4319
gainwithuclfinal,4320
drinkresponsibly,4321
serigioramo,4322
eygpt,4323
ramoseldesleal,4324
tweetcommeleshaineuxdeliverpool,4325
homerdixit,4326
beinganamericansoccerfan,4327
vatican,4328
woooooo,4329
dwry,4330
monitoresenlucha,4331
ucltearsfinal,4332
revengeissweet,4333
gooner,4334
mosala,4335
guaruja,4336
ceaxgre,4337
pilkanozna,4338
evadingramossince2005,4339
supercup,4340
cecchino,4341
ugly,4342
champ10n,4343
reakmadrid,4344
liverpoolvsr,4345
seninyukun,4346
flufferybuffery,4347
bwmk,4348
kohlanta,4349
cfootrtbf,4350
lylldmw,4351
qhrmn,4352
ramosloser,4353
gh,4354
sportsgameapp,4355
putoramo,4356
artsjob,4357
fuckyoumadrid,4358
update,4359
gameplan,4360
moodrightnow,4361
softarse,4362
s04bsc,4363
jungemeister2018,4364
hahohe,4365
pnefc,4366
prolet,4367
jc4pm,4368
lmmlblmthl,4369
cruel,4370
wewouldneverwalkalone,4371
coupedumonde,4372
nightofthestripe,4373
banramo,4374
uclfinalentuposiako,4375
glenhoddle,4376
elfinal,4377
dkhl,4378
fc919,4379
shameonspain,4380
luchalibre,4381
mhmdslhfkhrl,4382
fairnes,4383
unique,4384
puta,4385
imfc,4386
ramoscerdo,4387
cycling,4388
lshrwqryd,4389
fkramo,4390
fueradejuego,4391
fydyw,4392
fcblive,4393
lk1,4394
shitgame,4395
offsideheat,4396
yusufmansur,4397
shalawat,4398
sepakbola,4399
ramosanimal,4400
footballadda,4401
coronary,4402
massivemi,4403
germanrager,4404
notevenwater,4405
ucljuesheng,4406
balondor,4407
poty,4408
sergiiramo,4409
nairabet,4410
mybet,4411
ronaldoshair,4412
sergioramoshijodeputa,4413
sucioramo,4414
jwyzlswdyh9,4415
msbqhhsh,4416
fuckoffthisspanish,4417
twitch,4418
sosad,4419
benficagate,4420
polvo,4421
jjsportsapp,4422
cakiminuntukindonesia,4423
after,4424
long,4425
day,4426
finally,4427
home,4428
watching,4429
iamtommy,4430
iamtommyrobinson,4431
neymar,4432
zuniga,4433
wc,4434
twitterworld,4435
albanian,4436
love,4437
bezema,4438
lulalivre,4439
factorx7,4440
takedownsalah,4441
cerdoramo,4442
sefutbol,4443
periscope,4444
siguemeytesigo,4445
fc,4446
winforsalah,4447
tactical,4448
lockerroom981,4449
fuerzadani,4450
forzanapoli,4451
cheerimo,4452
ucrania,4453
ddglqkwrby,4454
kwrby,4455
yshlkwr,4456
mhmdslhl,4457
craqueneto,4458
uclnaband,4459
egypttoday,4460
hasad,4461
forasergioramo,4462
dfbteam,4463
bear,4464
mamabear,4465
d10,4466
l6nmocion,4467
gbh,4468
liverpolfc,4469
catalan,4470
pes2018,4471
ywmbywm,4472
trlnprwnh,4473
allforteammelli,4474
harz,4475
stuttgart,4476
ramosisacunt,4477
math,4478
nerd,4479
airaamss,4480
championsxe,4481
grun,4482
syrjwkhrrmw,4483
madvibe,4484
sergioramoscuzao,4485
ks7,4486
dadjoke,4487
ramosmotherfucker,4488
looking,4489
custom,4490
merch,4491
amazon,4492
ronaldooffside,4493
hardluckmate,4494
georgiapage,4495
tff,4496
ramosisaprat,4497
halaneveralone,4498
alm18,4499
eventkettle,4500
kanake,4501
liverpoolchampion,4502
bravesredsox,4503
karubaharu,4504
claaaaaaaaaaaaaarooooooo,4505
quelastimica,4506
venderaesehombre,4507
spainispain,4508
freedomcatalonia,4509
mxenpaz,4510
ana,4511
penting,4512
saintsfc,4513
respekt,4514
stdldwh,4515
wakandaforever,4516
momentum,4517
pilkajestmoimprzyjacielem,4518
fuckingcheat,4519
indomie,4520
llibertatpresosp,4521
friendzoneserie,4522
friendshipgoa,4523
realcheater,4524
sbmhmdslh,4525
friendzone,4526
denicarvajal,4527
hitman,4528
bellerin,4529
narodowagalaboksu,4530
najman,4531
nota,4532
anecdota,4533
fact,4534
kommentatorytakiekommentatory,4535
olimpiyskiy,4536
wba,4537
stat,4538
quimtorraesvikingo,4539
neuer,4540
degea,4541
whatasave,4542
topsecretmd,4543
ugh,4544
yshlan,4545
finalu,4546
thegodfather,4547
russia,4548
washington,4549
schlechtewortspiele,4550
carvajhal,4551
hate,4552
evil,4553
biafra,4554
ipob,4555
piccadilly,4556
londonunderground,4557
preguntaseria,4558
wearesalah,4559
betc,4560
dirtyplay,4561
rylmdr,4562
addiogf15,4563
selfproclaimedfatcunt,4564
arsenalfan,4565
kroenkeout,4566
ucf,4567
bjj,4568
classles,4569
ronaldinho,4570
egy,4571
trtspikeri,4572
rmwslklb,4573
bnlwskhh,4574
ra,4575
caterpillar,4576
ucltragedy,4577
buciodiculo,4578
ficklefan,4579
th,4580
dimaria,4581
dontbesadsalah,4582
yourneverwalk,4583
awaniuclfinal,4584
ramosisadisgrace,4585
missioncompleted,4586
dlagabi,4587
endsalah,4588
selecciondeespana,4589
basketball,4590
zazapachulia,4591
ramosthecriminal,4592
liverpoool,4593
ramossonofbitch,4594
life,4595
freelondon,4596
lhybmhmdslh,4597
finaldelachampion,4598
dillydilly,4599
syrkhywrmw,4600
aporla1,4601
antegametheite,4602
notmine,4603
mal,4604
asaplayer,4605
cooperati,4606
freeca,4607
golsportec,4608
african,4609
blacktwitter,4610
homer,4611
simpson,4612
vendatwitter,4613
blacklearpad,4614
sosorry,4615
hijodeputa,4616
shameonyousergioramo,4617
bey,4618
alonewolf,4619
nusantara,4620
rapatkabinet,4621
grandmeeting,4622
timeantivar,4623
sawa,4624
cmonronaldo,4625
monday,4626
fifa19,4627
sh,4628
yaseraaheneyesetheheraamose,4629
riprealmadrid,4630
sthelena,4631
fai,4632
gotsalah,4633
rmd,4634
christiantwitter,4635
futblogger,4636
malplan,4637
lukewatch,4638
marededeusenyor,4639
gentedmurcia,4640
dakwah,4641
tahfizhquran,4642
duniaakhirat,4643
persiatrm,4644
hibritanaliz,4645
kleenex,4646
livvsmad,4647
nhyykyyf,4648
innovateyour,4649
ohnemeinenphy,4650
estamo,4651
hjwmlmsryynlrmw,4652
halahmadrid,4653
serramo,4654
moskau,4655
rylmdrydl,4656
schumacher,4657
espana82,4658
arrestramo,4659
nomamar,4660
liberpoul,4661
marselo,4662
puasa,4663
world,4664
sl,4665
realmarid,4666
sportlive,4667
realterryo,4668
salahrobbed,4669
swd,4670
thedreamlive,4671
uclfinalgr,4672
marusero,4673
seruhio,4674
lnllhlykybnrmw,4675
fina,4676
cavarjal,4677
hmslkr,4678
liverpoolmadrid,4679
watsupteksport,4680
championsleaguefina,4681
rmdvsliv,4682
somostusuertia,4683
classictshirt,4684
fairtrade,4685
same,4686
hateramo,4687
merengue,4688
fan,4689
florsport,4690
norobesmadrid,4691
ramadanprob,4692
devrearasicom,4693
fvtv,4694
rtesoccer,4695
efekpialadunia2018,4696
hungergame,4697
inplay,4698
snoozefest,4699
cuparomaniei,4700
ynma,4701
itsarmageddon,4702
beatreal,4703
bestrong,4704
skyin,4705
mohamed,4706
weallred,4707
intense,4708
followme,4709
followback,4710
actualizacion,4711
ramosdief,4712
missionacomplished,4713
score,4714
goat,4715
argentina,4716
rmalive,4717
wizkidsellsouttheo2,4718
excitingfootball,4719
halascheisse,4720
fifawc,4721
finalcha,4722
astadiala,4723
n,4724
crhistianoronaldo,4725
pharoh,4726
sango,4727
amadioha,4728
pracimared,4729
corruption,4730
ucl18,4731
stoppavelko,4732
7hechamp10n,4733
eplrep,4734
elkarmadelaguasch,4735
hateuramo,4736
xtraupdate,4737
bnzym,4738
lyfrbwlr,4739
monethapethano,4740
disgrace,4741
ramosdemandssalahsilence,4742
manzo,4743
pulsesportgh,4744
ligasampiona,4745
mcramo,4746
2018tetapmadrid,4747
comeonyouredmen,4748
kickid,4749
alchemiedesspiel,4750
badluck,4751
bbcsport,4752
hlthkym,4753
wrsegidia,4754
ynw,4755
bets10yildi,4756
shoulder,4757
manupmadrid,4758
argue,4759
formosalah,4760
liverpoolvsmadrid,4761
nhyy,4762
seram2018,4763
myspace2018,4764
chomanangoma,4765
thenjugunas5,4766
fotlipou,4767
wehateuramo,4768
furyvsseferi,4769
goodnight,4770
godbles,4771
prayforfootball,4772
freetip,4773
coppa,4774
westworld,4775
monsterramo,4776
kaizerchief,4777
stvsport,4778
silverbirdtvsport,4779
roubikona,4780
rbspy,4781
beatmadrid,4782
salahsrillwin,4783
ingredientesecret,4784
cervecita,4785
lalang,4786
uclfinal20,4787
roar,4788
kileymottram,4789
khyrwsh,4790
emprendedora,4791
tejaelmufa,4792
warcriminal,4793
memorialday,4794
dyp,4795
incabe,4796
handsofframo,4797
cdf,4798
guanjieji,4799
roudao,4800
ridaamehutobu,4801
askon,4802
euro16,4803
helpcatalonia,4804
freedompoliticalprisoner,4805
freedomforcatalonia,4806
whatoddspaddy,4807
97,4808
forcacarvajal,4809
doitformi,4810
mtvlacaracyp,4811
lana,4812
realmadridsuck,4813
orgogliopugliese,4814
holamadrid,4815
lbdlynywz,4816
uclfinalbirdpun,4817
simple,4818
uefacl,4819
anyoneelseontwitter,4820
godisaliverpoolfan,4821
halftime,4822
achasorry,4823
fracturedumental,4824
tivibu,4825
please,4826
bbrguardiansport,4827
survivorgr,4828
uefachampionsleuage,4829
ibiza,4830
beckenbauer,4831
tmnwnlslh,4832
er,4833
pool,4834
ramoskampret,4835
dramatic,4836
thebest,4837
yamevoy,4838
knobforanose,4839
bedatangisan,4840
lmwndyl,4841
zorunludamuafiyetmebaffet,4842
ksmkytrky,4843
gazprom,4844
pepsi,4845
omg,4846
dirtyheeltactic,4847
maximumeffort,4848
arsenewerner,4849
danicarvajal,4850
fuckuramo,4851
blackpanther,4852
getafe,4853
khn,4854
ehffinal4,4855
juventino,4856
kln,4857
goaway,4858
teamsitko,4859
carcumber,4860
ogorek,4861
finalchampionstot,4862
championsporrcn,4863
byrn,4864
ltshmbywnzlyj,4865
ramosout,4866
rko,4867
m1t0,4868
persijaday,4869
tinaphtoire,4870
sweepsalah,4871
bets10official,4872
rmwswldlmtnkh,4873
esalneaim,4874
meme,4875
barselona,4876
sigueme,4877
cristianoronald,4878
shocking,4879
disgraceful,4880
madredelamorhermoso,4881
cosificandounamijita,4882
cozamagrande,4883
porelamordedio,4884
kyivfinal,4885
oldskool,4886
dosdo,4887
kill,4888
godfather,4889
rigged,4890
sportnew,4891
tangkapjamal,4892
tangkapnajib,4893
tangkapjholow,4894
halasalah,4895
lyfrbw,4896
justiciapoetica,4897
fuckthescouse,4898
wanker,4899
participa,4900
blog1600penn,4901
arabianmagic,4902
karmabitch,4903
jodercomoamoelfultbol,4904
halamadridforever,4905
coward,4906
hitzrepurjersey,4907
ramosgoblog,4908
ladbible,4909
clean,4910
luxury,4911
nhy,4912
getwellsoonmosalah,4913
fynllygqhrmnnrwp,4914
friendshipgoal,4915
mosalahhhhhhhhh,4916
iplfinal2018,4917
bestvbest,4918
srh,4919
whistlepodu,4920
ipl,4921
orangear,4922
ilsegreto,4923
soap,4924
televisione,4925
gossip,4926
albanoeromina,4927
quiz,4928
preserale,4929
teomammucari,4930
mammucari,4931
challengemodi,4932
loddar,4933
ballack,4934
fotogaleria,4935
oraculo,4936
savesalah,4937
lshwtlthn,4938
verguenza,4939
solidarityforramo,4940
seasonspod,4941
bastard,4942
time4stream,4943
ekstraklasa,4944
halbzeitspas,4945
skyyway,4946
outoftheblue,4947
sbny,4948
njltr,4949
fasedeascenso,4950
paok,4951
gerrard,4952
mondiali2018,4953
voodoo,4954
stopbiafrakil,4955
ramostheanimal,4956
ramosisamonster,4957
fifaworl,4958
uwclfinal,4959
halamadridddd,4960
notarealfan,4961
notaliverpoolfan,4962
pobresalah,4963
smh,4964
trollfootball,4965
musalmaankabadlamusalmaanlega,4966
spreadthehate,4967
freelula,4968
politicalprisoner,4969
presopolitico,4970
jyny,4971
deschamp,4972
amo,4973
hitzfootba,4974
selamanyatottenhamhotspur,4975
sadtime,4976
calcio,4977
vita,4978
motm,4979
forzamomo,4980
artofwar,4981
pinche,4982
j,4983
forzamadrid,4984
gbeduheadset,4985
watch,4986
shtbwrmw,4987
antinational,4988
apor,4989
rte,4990
flc,4991
di4mo,4992
riot,4993
fwiw,4994
mosaleh,4995
tragic,4996
nexttime,4997
weareproudofyou,4998
basura,4999
lachampionsenpeligro,5000
madridtramposo,5001
nochesmagica,5002
ligami,5003
mafiadelmadrid,5004
fcbauern,5005
ribery,5006
perfume,5007
1xbet,5008
ridaamehuto,5009
sihuizhe,5010
amici,5011
sucio,5012
analist,5013
aporladecimoter,5014
ramosisshit,5015
cerveza,5016
fabrica,5017
bag,5018
daytona,5019
pushat,5020
delaware,5021
kro,5022
fightme,5023
sagioramo,5024
ufcl,5025
mzansifollotrain,5026
mzanzifollotrain,5027
abuelocruz,5028
krstynwrwnldw,5029
fi,5030
gulagforramo,5031
sociopath,5032
fijarzebien,5033
gaynaldo,5034
klnmhm,5035
puasatakpuasa,5036
birojomblo,5037
vamossalah,5038
serg,5039
hairbearbunch,5040
beaman,5041
rmalvp,5042
sha,5043
bnlwskh,5044
theywillalwaysrobtogether,5045
milleexcuse,5046
momentdefaiblesse,5047
unpeumalade,5048
ramos2018,5049
kony2012,5050
gibraltarespanol,5051
ramosuomodimerda,5052
behance,5053
godsplan,5054
turkey,5055
humilde,5056
nkt,5057
fkhrlrb,5058
hardrockcafe,5059
mondiali,5060
arobarla13,5061
klnm,5062
khaayh,5063
kappa,5064
allblack,5065
championxespn,5066
horastvn,5067
faith,5068
bantz,5069
moesalah,5070
staystrongsalah,5071
somebody,5072
hdmi,5073
butcher,5074
uefadrid,5075
maam,5076
weloveramo,5077
comavocativa,5078
thumamina,5079
chromebook,5080
slmtyslh,5081
wegotmore,5082
ramosputoasco,5083
ramosified,5084
nastydirtycheatingbastard,5085
rmvslfc,5086
cjsportsmedia,5087
heinek,5088
shylbnlshhb,5089
ljzyr,5090
frqkkhlstwbldmw,5091
karmaramo,5092
i,5093
engine,5094
kingcr7,5095
ramousnotafairplayplayer,5096
sitdown,5097
fcifcbw,5098
unwillkurlichrelaxed,5099
r92co,5100
ujusonyeo,5101
coyg,5102
goonerfamily,5103
shit,5104
khaadomehm,5105
ramosshouldbebanned,5106
nietzsche,5107
survivor2018,5108
shouldhavegonetospecsaver,5109
kloppeffect,5110
ikenagaaimi,5111
nanhaozi,5112
ruocailizi,5113
huripani,5114
insutayinge,5115
stanleycup,5116
idf,5117
palestinian,5118
seguimosconectado,5119
morethan90,5120
todoconhumor,5121
mood,5122
ramosql,5123
eh,5124
conflicto,5125
pasionmundialista,5126
ballfirst,5127
ltid,5128
badmarking,5129
ciaomomo,5130
cobarde,5131
nopyronoparty,5132
lovemsalah,5133
damnramo,5134
allhailramo,5135
ecommerce,5136
all,5137
nyssca,5138
franklampard,5139
nazionale,5140
poorsalah,5141
jga,5142
voskresnyiopro,5143
eyytaksener,5144
zorunludamuaf,5145
epic,5146
the6th,5147
kfc,5148
hahaha,5149
jajaja,5150
ramosdontgiveafuck,5151
shomoagemini,5152
thisisuclfinal,5153
ueachampionsipleague,5154
positif,5155
digdeep,5156
bernabeu,5157
santiagobernabeu,5158
pantalla,5159
preparando,5160
grevedoscaminhoneiro,5161
vemprarua,5162
euapoiogrevedoscaminhoneiro,5163
ernsthappel,5164
feyenoord,5165
teamsolidarity,5166
lwjbtlsry,5167
mshhd,5168
sllln,5169
sabchachi26may,5170
suporuto,5171
niceforwhat,5172
trkyalshykh,5173
madr,5174
rtl,5175
biagiolivertl1025,5176
finalkyjiv2018,5177
hatersgonnahate,5178
aksibelasalah,5179
requestabet,5180
lfct,5181
uruguay,5182
tainorenhaxuan,5183
directogolkiev,5184
kenyan,5185
fuvkramo,5186
ccfc84,5187
daihyo,5188
j2,5189
uczlfinal,5190
forca,5191
jesuissalah,5192
debateine,5193
ryllyw,5194
salahblessee,5195
falconwood,5196
facup,5197
golfc,5198
teahour,5199
madhattertea,5200
tweetmaster,5201
realmadridladron,5202
tricky,5203
lvu,5204
mohammad,5205
hddlsbhmhmdslh,5206
ikutkomen,5207
bukanfansmadridliverpool,5208
selah,5209
intenttoinjure,5210
ufc2018,5211
realhero,5212
lshrwq,5213
mrwdyb,5214
konspirasiramo,5215
aag,5216
deadin10,5217
crimefiction,5218
book,5219
uclfinalm,5220
kingmo,5221
sembanghalftime,5222
acesofthemultiverse,5223
kloppout,5224
halama,5225
mn1,5226
pensioner,5227
hy,5228
shkr,5229
boreoff,5230
oliverkahn,5231
crytocurrency,5232
mining,5233
btc,5234
sc,5235
eo,5236
asic,5237
ada,5238
crypto,5239
moneyevery6hour,5240
kbnueve,5241
muchrespect,5242
beautifulbastard,5243
justiceformosalah,5244
superhero,5245
aporala13,5246
lathailandeveutdeselection,5247
thail,5248
formo,5249
fuerzamo,5250
mshhyr,5251
drmrmdn,5252
fcbrugge,5253
kahn,5254
takeronaldoout,5255
rylmdrydlyfrb,5256
finreg,5257
berjuang,5258
perjuangan,5259
semangatpuasa,5260
doyourjob,5261
marcaespana,5262
kiew,5263
aloha,5264
criminal,5265
asesino,5266
halla,5267
mmaramo,5268
maradona,5269
kenya,5270
laroja,5271
raging,5272
heuldochinderkabine,5273
lygqhrmnn,5274
thatsfootball,5275
buensabado,5276
lapatriaestaenpeligro,5277
noalfmi,5278
bastadeajuste,5279
peligrosincodificar,5280
12,5281
nearcar,5282
rentacar,5283
intentionalcrime,5284
tsg,5285
achtzehn99,5286
digo,5287
eldato,5288
bwtryk,5289
khr,5290
lapolemica,5291
alternativasalfutbol,5292
lallanadelrey,5293
nissanucl,5294
llblqdhr,5295
lzmlk,5296
ramosmustpay,5297
salahforbalondor,5298
dhandli,5299
pruutlah,5300
khlykdymjmd,5301
chiringuitokiev,5302
religion,5303
cynicalposturing,5304
postbadmosalah,5305
carbajal,5306
cryptonaut,5307
canli,5308
jesuismosalah,5309
halbzeit,5310
olli,5311
kabine,5312
bb,5313
algerie,5314
belief,5315
africantwitter,5316
rel,5317
fuckputapool,5318
ramosthethano,5319
sema,5320
sisi,5321
finishhim,5322
bbnajia,5323
figliodiputtana,5324
ramosdirtyplayer,5325
ronaldoout,5326
coronationstreet,5327
dulula,5328
musica,5329
summer,5330
radio,5331
fun,5332
song,5333
canzone,5334
mhmdslhfkhr,5335
eflplayoff,5336
lcfthai,5337
legacyofthebeasttour,5338
neverstopbelieveing,5339
webelieve,5340
egyptian,5341
footballofterroristramo,5342
lyfrbwlrylm,5343
ramosarizpe,5344
ramosinocente,5345
phrasalverb,5346
yd,5347
yokdil,5348
tipdil,5349
lys5,5350
yksdil,5351
eyd,5352
yokdilfen,5353
yokdilsaglik,5354
ramoselcarnicero,5355
jt96,5356
outrage,5357
wweraw,5358
wasit,5359
worldcuprussia2018,5360
ljwdw,5361
krlqdm,5362
receta,5363
diasamsung,5364
nadanosdetiene,5365
elsenorioblanco,5366
replay,5367
photo,5368
shareth,5369
halamadridhastaelfinal,5370
tarafsiz,5371
nhyydwrybtlwrb,5372
cakes4syr,5373
dirtybastard,5374
filth,5375
wewantgoal,5376
t1d,5377
cakes4syria,5378
aniversario2018,5379
btsv,5380
nsrmlkhmtyy,5381
khrwkhl,5382
free,5383
copatotalargentina,5384
hediditonpurpose,5385
teamramo,5386
sbsfootball,5387
gaal,5388
reavsliv,5389
uiux,5390
heulsusen,5391
mojon,5392
realtrampa,5393
tearsforall,5394
cakiminngajihananattaki,5395
lr,5396
macelleriaramo,5397
macelleriaolynyk,5398
rmwsybnlwskh,5399
madridvsli,5400
failramo,5401
cricket,5402
lesion,5403
nfdpromotionplayoff,5404
danielcarvajal,5405
uclfinalif,5406
mann,5407
realmadridvaiganhar,5408
ladronesimpune,5409
fortnite,5410
jamaica,5411
peinlicherkommentar,5412
gefuhleimsport,5413
wenntraumeplatzen,5414
nothingtoadd,5415
emrecan,5416
aplauso,5417
salar,5418
cavajal,5419
lockscreen,5420
listedes23,5421
freetommyrobbinson,5422
fail2,5423
dstvug,5424
wwf,5425
bath,5426
ligadecampeone,5427
lfcdk,5428
carteradefloren,5429
revolutionsplu,5430
zonadeportiva,5431
sharet,5432
rmali,5433
blackmagic,5434
pesin,5435
fuckramosmother,5436
wedidit,5437
todossomosliverpool,5438
gobbi,5439
rosicateduro,5440
aksibelamosalah016,5441
championsxcolmundo,5442
apor13,5443
ramosiscriminal,5444
modinfarto,5445
afr,5446
tackle,5447
solo,5448
championsfinal,5449
upon,5450
cr7fan,5451
battle,5452
iscocrossbar,5453
iscobarchallenge,5454
ramosisdog,5455
kediriposoan,5456
serhioramo,5457
morata,5458
iscothemorata,5459
sharethedramarecife,5460
sharethedramaecuador,5461
scarytimesforscouser,5462
mugsmasher,5463
schlaftablette,5464
shawnmendesthealbum,5465
parsifal,5466
bitch,5467
shjslh,5468
yourstylebyatobaba,5469
keseruan,5470
rai1,5471
heartbroken,5472
clashfoot,5473
intensity,5474
cheapplay,5475
backtothefuture,5476
27myovoy,5477
violencia,5478
estonia,5479
kopi,5480
putinbale,5481
elhamdouleh,5482
0910,5483
alg,5484
bigbreaststwitter,5485
veteran,5486
whatwouldyoudo,5487
fvckramo,5488
shyln,5489
dorito,5490
starfm1015,5491
topsonaluminium,5492
girlspower,5493
ulcfinal2018,5494
amstel,5495
asshole,5496
sergioramosisacunt,5497
teamom,5498
worlddirtiestplayer,5499
keiroru,5500
chaorenkipa,5501
elexpresodegale,5502
yskw,5503
bringbacksallah,5504
wtf,5505
allablur,5506
luisitorey,5507
competition,5508
true,5509
sportsman,5510
juji,5511
tsmym,5512
letterhead,5513
wrqlmrslt,5514
bshrktk,5515
sabatoseraperfetto,5516
pizza,5517
respectsalah,5518
gbwh,5519
mmasergioramo,5520
letsdothisformo,5521
getwel,5522
kacktor,5523
padelli,5524
vrouwenvoetbal,5525
koszonomistenem,5526
gift,5527
disparate,5528
lsh,5529
realmadridlfc,5530
xiantaifangsong,5531
notmysport,5532
youllneverwinanything,5533
krariu,5534
jdw,5535
howler,5536
ulreich,5537
madeid,5538
gooooool,5539
bigbenz,5540
ck,5541
sergioramospieceofshit,5542
matchfixing,5543
calamityfc,5544
mad,5545
whatahowler,5546
yike,5547
glitch,5548
flater,5549
ucfinal,5550
lll,5551
elchiringuito,5552
tinaphtore,5553
karriu,5554
weltklasse,5555
museafrica,5556
finalcham,5557
bellend,5558
lesmi,5559
chmpionsleague,5560
thebeautifulgame,5561
verfutbolparaesto,5562
mzyfh,5563
uefacha,5564
thisismadridjob,5565
justiceformignolet,5566
grajlive,5567
benzedio,5568
firstgoal,5569
everton,5570
kariustheclown,5571
realmadridvslive,5572
benzemaestunepute,5573
donnarumma,5574
blhu,5575
unbelievable,5576
doppelwitzig,5577
silly,5578
oop,5579
pxs11,5580
chiyanpionzuriguhuainaru,5581
rivuapurufc,5582
benzena,5583
dsc,5584
bestoframo,5585
vamossaopaulo,5586
fifa2000,5587
karim,5588
man,5589
comical,5590
benzima,5591
holle,5592
hell,5593
teamrma,5594
uefafinalchampion,5595
vairealmadrid,5596
ukraina,5597
erdetmulig,5598
chicharitostyle,5599
34t,5600
contigohastaelfinal,5601
lifelesson,5602
mhzwz,5603
conspiracy,5604
fotboltinet,5605
livrea,5606
disaster,5607
punintended,5608
roilbaa,5609
soccerpunch,5610
halakariu,5611
nerdalert,5612
kariusout,5613
mignoletin,5614
brindisi,5615
sukkelvandedag,5616
timsherwood,5617
ifcarlsbergdidbirthdaygift,5618
seanknow,5619
laquehaliadoelpollito,5620
tvtalk,5621
propagandalive,5622
maratonamentana,5623
mattarella,5624
quartogrado,5625
festa,5626
kalamitykariu,5627
fenomenodelfutbol,5628
loriuskariu,5629
pinsoglio,5630
retweeet,5631
blooper,5632
gkunion,5633
themosalahteam,5634
sijikosong,5635
kariou,5636
twd,5637
klariu,5638
mavaffanculo,5639
cup,5640
realchampionsleague,5641
spielgluck,5642
senorio,5643
dumpas,5644
roboalfutbol,5645
whatwaskariusthinking,5646
taccivostra,5647
awkward,5648
liverpoop,5649
notlikethi,5650
kardu,5651
benzemavalesoro,5652
liverpoolwehaveaproblem,5653
citd,5654
disappointed,5655
dramaqueen,5656
haha,5657
3consecutiva,5658
ladecimotercera,5659
worldclasskeeper,5660
whatagoal,5661
donnaruma,5662
putomadrid,5663
aporla12,5664
krymbnzym,5665
brslwn,5666
halamdrid,5667
luck,5668
murodia,5669
masemocionte,5670
theworldisnotmine,5671
amramzankmgt,5672
wjny,5673
realmafia,5674
footballisnotballet,5675
sorry,5676
loriskariu,5677
benzemarenovacion,5678
ridiculo,5679
wdwcutie,5680
gloriou,5681
ramoscapitandemierda,5682
kairiu,5683
lmt,5684
hearditherefirst,5685
sharethe,5686
sticktoml,5687
trcoluna,5688
goalkeepererror,5689
todoesculpadekariu,5690
lbtlhrmdryd,5691
fifa96,5692
tasteles,5693
tinaphtare,5694
europafinal,5695
be,5696
papereinfinale,5697
goalieblooper,5698
earth,5699
estamosenlachampio,5700
bencema,5701
ufcliver,5702
yaaaapue,5703
dk,5704
effetpapillon,5705
ridiculou,5706
justice,5707
whatthehellkariu,5708
klotereal,5709
kloteramo,5710
deavance,5711
nuncacritiquei,5712
issabanger,5713
hallohallo,5714
afammok,5715
pareggio,5716
vamosliverpol,5717
benzji,5718
latelateshow,5719
balldontlie,5720
rlm,5721
equaliser,5722
mignoletfirstkeeper,5723
bclfc,5724
benzemagoal,5725
berkahsalah,5726
thatshowyouscore,5727
pasramadhan,5728
zabskitwitter,5729
iostoconilliverpool,5730
blopper,5731
gk,5732
ohmanemane,5733
kloppoforwin,5734
ohcomeon,5735
liverpoolforever,5736
scene,5737
liverpooltt,5738
undbaktu,5739
libreacceso,5740
supermane,5741
sportpesamotw,5742
offsideref,5743
apt,5744
paraquetetraje,5745
ohboy,5746
lasttweet,5747
chel,5748
fu,5749
mn,5750
mny,5751
disfrutaelshow,5752
bonu,5753
teamafrica,5754
fut,5755
easportfifa,5756
fut18,5757
pack,5758
ucln,5759
fussballgott,5760
inyourface,5761
mohamadsalah,5762
teammignolet,5763
fox,5764
digicel,5765
sane,5766
fussballfan,5767
russland,5768
doping,5769
klhshnkybwmk,5770
justice4salah,5771
equalizer,5772
qaimalishah,5773
atleticomadrid,5774
unfollow,5775
thor,5776
chrishemsworth,5777
gainhighway,5778
teamdollnat,5779
lovelettertoafrica,5780
but,5781
classe,5782
monde,5783
germania,5784
phesoccer,5785
rasenfunk,5786
leovegassport,5787
zedtwitter,5788
africaunite,5789
ligaleptakrateseemountzoura,5790
equiparacionya,5791
jaypark,5792
khotiniyatjhootavika,5793
marketing,5794
mignolet,5795
berkah,5796
baktu,5797
idnt,5798
ashwinwillemse,5799
nickmallett,5800
naasbotha,5801
roburen,5802
nsido,5803
materazzi,5804
looserpool,5805
iptv,5806
golf,5807
f12018,5808
motogp,5809
travel,5810
anytime,5811
anywhere,5812
andrioddev,5813
firesticktv,5814
olimpicstadion,5815
pornfoot,5816
lagerfeld,5817
jogginghose,5818
goalkepper,5819
amateurhour,5820
yluegoledaranelbalondeoro,5821
dipli,5822
makemedream,5823
mightyred,5824
serrrefsiz,5825
mntkhbmsr,5826
cypru,5827
muslimtoo,5828
lyfrbwlry,5829
dajecosi,5830
livepool,5831
mundialderusia,5832
madeinsouthampton,5833
ummatbersamamane,5834
frasestrillada,5835
isleofdog,5836
rainbowsixsiege,5837
enascua,5838
vamosmimadrid,5839
crtlaltsupr,5840
marathi,5841
letswaitandsee,5842
ribendaibiao,5843
fm18,5844
renegandoenconjunto,5845
manemoney,5846
miruna,5847
mashaallahfinal,5848
dieruckkehr,5849
liverpooll,5850
esp,5851
kkkkkk,5852
team221,5853
letsgoliverpool,5854
have,5855
ftdt,5856
unsaglich,5857
liverpoolvsrea,5858
ucl2018final,5859
vilafrancadelpenede,5860
teniaquedecirlo,5861
reservaindia,5862
rarana,5863
thatafricanstrength,5864
acallarse,5865
tiff2018,5866
2days1night,5867
perfectsymmetry,5868
clubbrugge,5869
ly,5870
money,5871
thankyoukariu,5872
deserved,5873
bleedblue,5874
cap,5875
ebel,5876
pennie,5877
study,5878
learn,5879
trade,5880
repeat,5881
wakanda,5882
blackexcellence,5883
africatotherescue,5884
etapool,5885
saved,5886
macricidiodia899,5887
may26,5888
sadomane,5889
teamlfc,5890
tifoasteroide,5891
ehrenbruder,5892
lyfrbwlrylmdr,5893
hotrealgirl,5894
white,5895
mohamedsalah11,5896
maniere,5897
realfootball,5898
sarreguemine,5899
eleccionescolombia,5900
tuelige,5901
islampolitique,5902
shihenoganxiangdehanai,5903
paoloni,5904
goalhanger,5905
pelondebrazzer,5906
ksmrmw,5907
ldcfinal,5908
slechtegrap,5909
paytren,5910
melhorestweet,5911
corfuexit,5912
realita,5913
sofascore,5914
postexplicitinfo,5915
deportesw,5916
sdywmnh,5917
ligaespetacular,5918
ohnemeinenphysiotherpeuten,5919
cmonnow,5920
hahamadrid,5921
venezuela,5922
lara,5923
barquisimeto,5924
mundo,5925
bigben,5926
mukachevo,5927
aemnchwnd,5928
puigdemontpresident,5929
puig,5930
tipicobl,5931
manofthematch,5932
celebfc,5933
dwhlslh,5934
wwenetwork,5935
atletico,5936
porsinoloviste,5937
halaverga,5938
bindalwolof,5939
lacasadepapel,5940
obdk,5941
bravo,5942
prekariu,5943
lmryngy,5944
momosala,5945
swdlmslm,5946
mkwnw,5947
zfrfywdylrhmn,5948
iranregimechange,5949
tkhrrshtbh,5950
tsbsrsry,5951
tsbkhmywndrn,5952
irgcterrorist,5953
fuego,5954
pharaonsplan,5955
impian,5956
sdywmny,5957
dwrylbt,5958
pipponi,5959
gesaru,5960
hutsutosaru,5961
satsuka,5962
gerenhutsutosaru,5963
anekantavada,5964
fuckrealmadrid,5965
cullera,5966
dudek,5967
ligachempiono,5968
vermutlichja,5969
hariprabowo,5970
unforgetablemoment,5971
foodie,5972
readystew,5973
thevoice,5974
lfbyr,5975
manbun,5976
rhym,5977
notoramo,5978
magix,5979
tackledbyamime,5980
myopinion,5981
rhythmsportsnew,5982
strakosha,5983
siemprekgandola,5984
catenacccio,5985
fakenew,5986
oscar,5987
nolook,5988
schanzer,5989
thekopp,5990
livechonew,5991
itvsport,5992
motd,5993
rylmdrydlyfrbwlsam6time,5994
pup,5995
dna,5996
trending,5997
bobby,5998
isuko,5999
beiru,6000
sausanputon,6001
traversa,6002
jalkapallo,6003
fuckliverpool,6004
gez,6005
foulaufbefehl,6006
147sf,6007
msn,6008
twittboll,6009
fifa95,6010
lmlky,6011
lmlklmsry,6012
babbabia,6013
haram,6014
kloop,6015
reusabletweet,6016
coc92,6017
at,6018
ad,6019
whereisthesniper,6020
spur,6021
kane,6022
emotionalblackamail,6023
naijaviral,6024
afrobro,6025
normalone,6026
rcde,6027
uefachampionshipleague,6028
howtogetawaywithmurder,6029
netflix,6030
dwrybtlwr,6031
livebet,6032
cazzimma,6033
liverpoolnoeigame,6034
iwillmissyou,6035
loveyou,6036
lidl,6037
vog,6038
boban,6039
clasicodelastillero,6040
chivorl,6041
finalchampionsto,6042
rememberistanbul,6043
theox,6044
lstqll72,6045
lgd,6046
stqll72,6047
sltnhmn,6048
junospizza,6049
teliko,6050
realmliv,6051
uclfinalnight,6052
trkyallshykh,6053
lorisk,6054
feederclub,6055
odioeternoalrealmadrid,6056
putarealmadrid,6057
madridcomemierda,6058
madridladron,6059
strong,6060
stationery,6061
vitadavideomaker,6062
putin,6063
headheightrule,6064
eimuuta,6065
slmtkybwmk,6066
ledge,6067
lsfyrlbrytny,6068
lyfrb,6069
championszona,6070
vamossaop,6071
maneeresgrande,6072
va,6073
teamparieur,6074
parionssport,6075
halaplay,6076
covfefe,6077
golazo,6078
rmalv,6079
ywz,6080
chilena,6081
crack,6082
sllhln,6083
areyouseriou,6084
teambicyclette,6085
liganaguaiba,6086
chilenaaaa,6087
takeabowson,6088
onceasaint,6089
supersub,6090
baleback,6091
golalazo,6092
bueee,6093
worldclas,6094
hottake,6095
perdire,6096
sapevatelo,6097
tekker,6098
takeabow,6099
moriero,6100
forzainter,6101
worldclassgoal,6102
mehn,6103
baleissimo,6104
game7,6105
easternconferencefinal,6106
justsayin,6107
nochance,6108
spectacular,6109
simy,6110
gareth,6111
what,6112
enoughsaid,6113
byl,6114
ngl,6115
realme1,6116
wohoooooo,6117
art,6118
baleeeeee,6119
vecino,6120
laziointer,6121
garrachurria,6122
amala,6123
jose,6124
increible,6125
zidaneout,6126
daretozlatan,6127
escapetovictory,6128
ihalamadrid,6129
oneofourown,6130
freesentsov,6131
garetbale,6132
garettone,6133
shomoagemi,6134
experience,6135
lqnwtlnql,6136
truemuslim,6137
bale11,6138
whatthefuck,6139
coopera,6140
unitedgethimsigned,6141
florentino,6142
cymruambyth,6143
eurogoal,6144
vivagarethbale,6145
amazeball,6146
worldie,6147
migallo,6148
bicyclekick,6149
baleeeeeeeeeeeeeeeee,6150
uefach,6151
aporla23,6152
saintsrevenge,6153
havaya,6154
awesome,6155
vamosbale,6156
insane,6157
protip,6158
special,6159
ilovethisgame,6160
vakantie,6161
musosnatelinha,6162
bosh,6163
galactico,6164
ysterografa,6165
proudliverbird,6166
goooooal,6167
shaparealmadrid,6168
thebeauitfulgame,6169
todossomosgarethbale,6170
rovesciata,6171
bikelikeike,6172
balebalondeoro,6173
calledit,6174
inspiration,6175
zidanegosokkepala,6176
anythingispos,6177
puska,6178
fifabest,6179
damn,6180
goaloftheyear,6181
maruserokara,6182
jiaodaizhihou,6183
goalkeeper,6184
gbale,6185
rcd72,6186
imric,6187
bo,6188
bal,6189
jlthdhyrwndhyrljmylbshr,6190
lmdrblbrtgly,6191
fnlmrmy,6192
baller,6193
zymtwytrkln,6194
livereaction,6195
yid,6196
childgrooming,6197
childtrafficking,6198
endislamictakeover,6199
freeeurope,6200
freeuk,6201
deportjihadist,6202
garathbale,6203
top,6204
pleasecomeback,6205
chalaca,6206
savethepope,6207
bycycle,6208
reversekick,6209
prayforcr7,6210
suspendramo,6211
bhafc,6212
sreamer,6213
welshwizzard,6214
hope,6215
venia,6216
notthecentreofattention,6217
dannyward,6218
superb,6219
mandzukic,6220
donnaltrump,6221
my7h,6222
hipocresia,6223
eintracht,6224
baledthemout,6225
doyouwantmetotrashyourlight,6226
cymru,6227
infortunio,6228
stillalive,6229
lyfrbwlrylmd,6230
massivxi,6231
massivmetro,6232
sctop10,6233
disfrutaelsh,6234
pulseni,6235
baleunited,6236
aintnostoppingthat,6237
eccezionale,6238
yoni4ktengo,6239
manbunpower,6240
dennmankommtimmerzweimalstarkerwieder,6241
mdrydywhshjmhmdslh,6242
tizxonet,6243
poetryinmotion,6244
golazodebale,6245
absolutefilth,6246
2018bestgoalucl,6247
fazoteu,6248
nuevasidea,6249
footballli,6250
keepthefaith,6251
sehomoagemini,6252
masterclas,6253
boro,6254
twitchplease,6255
nochill,6256
wateengoal,6257
accolade,6258
almost,6259
skillz,6260
top10,6261
family,6262
realiverpool,6263
uclbotellin,6264
biggameplayer,6265
thfc,6266
itk,6267
balebike,6268
welshwizard,6269
ladoblem,6270
finalkardiv,6271
wale,6272
justwow,6273
passion,6274
classactthough,6275
lyfrwl,6276
halamadrd,6277
popefrank,6278
sensational,6279
onemore,6280
ytlfnsmsr,6281
cowbellinthesky,6282
4liga,6283
halamadridhastaelmorir,6284
issagoal,6285
lucario,6286
pokemon,6287
mex,6288
khyly,6289
coyw,6290
slapstick,6291
thecryinkiev,6292
thecryofkiev,6293
pussy,6294
fakefootball,6295
halamadridporla13,6296
stellar,6297
ksllm2018,6298
pvfc,6299
goaloftheday,6300
ucfinal18,6301
srf,6302
jengavijana,6303
tembeanavijana,6304
nintendoworldcup,6305
majesterial,6306
cracker,6307
madvliv,6308
kyi2018,6309
iwant,6310
fegatispappolati,6311
balegoal,6312
nevergiveup,6313
klop,6314
nodoubt,6315
gerathbale,6316
chingatumadre,6317
madridhayunosolo,6318
hastaelfinal,6319
mamaocomacucar,6320
vicedetudo,6321
gb11,6322
aporla,6323
welshwonder,6324
la13,6325
cunted,6326
davesave,6327
tottenham,6328
mojchlopak,6329
mojcrush,6330
tweetme,6331
grateful,6332
wohoo,6333
prioridade,6334
marcapersonal,6335
smm,6336
socialmarketing,6337
monkey,6338
scissorscut,6339
fmm,6340
fifamobilememe,6341
outrageou,6342
welshman,6343
cilene,6344
rovesciate,6345
prem,6346
garethbaleoverkick,6347
knowthegame,6348
byrnwnd,6349
hijodelagran,6350
tremendo,6351
magz13arab,6352
championsleaguefinaloffside,6353
jogamttadoido,6354
nfd,6355
madxliv,6356
footballmedicine,6357
jogapelosalah,6358
f1,6359
wk,6360
emocionante,6361
welshwizardry,6362
magic,6363
fczyb,6364
helvetiaschweizercup,6365
newprofilepic,6366
decimotercera,6367
bocazasespoco,6368
grandefratello,6369
adiosgf15,6370
unitednation,6371
internationalcourtofjustice,6372
partidazo,6373
glowing,6374
whofancieskiev,6375
9assist,6376
minuson,6377
asisoyyo,6378
sportsscience,6379
closebutnotcloseenough,6380
fifa94,6381
balegolazo,6382
ventajasdelallinclusive,6383
beinsportscanada,6384
puskasaward,6385
congratulation,6386
hoysoyliverpool,6387
redessociale,6388
banger,6389
revolutionplusuclfinalwill,6390
grythbyl,6391
garciacorte,6392
cmon,6393
foot,6394
aunjugandomalganaelmadrid,6395
kacktordesjahre,6396
liverpoolf,6397
thebeast,6398
leaguedeschampion,6399
dprk,6400
foxnew,6401
grullainvertida,6402
realli,6403
badas,6404
ramosisdirty,6405
gymnastic,6406
1anodedesgobierno,6407
palodimane,6408
34tunahanseckin,6409
toskofact,6410
airdrop,6411
100millionen,6412
uliout,6413
goklopp,6414
beyourownchampion,6415
championsleaguecinemex,6416
shitfuck,6417
lettieri,6418
dc,6419
unbelievablescene,6420
muhammetsalah,6421
knitting,6422
thelegend,6423
rmafliv,6424
romo,6425
roncero,6426
lammerda,6427
marcovanbasten,6428
dwr,6429
teamgb,6430
taduma,6431
realsadio,6432
qychybrgrdwn,6433
fwtblyst,6434
serigoramo,6435
mohmmadsalah,6436
skygoel,6437
gainde,6438
secondgoal,6439
pow,6440
wondergoal,6441
jakovich,6442
hale,6443
madid,6444
baleisgoat,6445
palo,6446
by,6447
saksari,6448
springbok,6449
yqfrmw,6450
mentira,6451
gazaunderattack,6452
fslife,6453
gotgotneed,6454
andalucia,6455
lndl,6456
mydw,6457
rossiia,6458
smi,6459
1279,6460
bokepsemi,6461
bokep2018,6462
koleksibokep,6463
toast,6464
wonderfulgoal,6465
quegolaco,6466
saushampton,6467
comeonref,6468
siyahbeyazask,6469
muslumanlarin,6470
toptopdrawer,6471
rylmdrydlyfrbw,6472
himnodelliverpoolmiente,6473
gazaundera,6474
sikshoe,6475
calmebyyourname,6476
et,6477
grevedo,6478
apork13v,6479
juveroma,6480
legendary,6481
thepainisreal,6482
brilliant,6483
mediasetpremium,6484
burnleyfc,6485
innovateyou,6486
liverpoolindonesia,6487
soyculeperoestoestacbbbbb,6488
twytr,6489
extranew,6490
showoff,6491
quartdepoblet,6492
beniheyecanlan,6493
essen,6494
launedernatur,6495
hyktwrkwbr,6496
oliverhutton,6497
skyf1,6498
assholeramo,6499
beaty,6500
balemagic,6501
zlatan,6502
galeforce,6503
rmavslfc,6504
concierto,6505
soontobejobles,6506
stinono,6507
zyn,6508
hrvatska,6509
ihaveadream,6510
gesa,6511
ucfinal2018,6512
ronalnto,6513
thyrwnflstynywn,6514
galsenhistory,6515
sene,6516
bornfree,6517
zero2hero,6518
manyama,6519
migo,6520
autocontrol,6521
zen,6522
dolor,6523
theflyingwelshman,6524
somoscampeonesotravez,6525
spamdeescote,6526
spamdeteta,6527
campione,6528
catalunya,6529
extiger,6530
baleitor,6531
robertson26,6532
jnw,6533
isrqel,6534
bareback,6535
shhd,6536
panama,6537
goallll,6538
cidadealertaespecial,6539
24carearredcard,6540
company,6541
ral,6542
aporka13,6543
oliveettom,6544
manga,6545
searchparty,6546
lafcvdc,6547
the3252,6548
rylmdryd1,6549
vaaaamoooosss,6550
dprm,6551
giroditalia2018,6552
casadepapel,6553
escanteiocurtoeocarlho,6554
humanright,6555
robertofirmino,6556
incredibale,6557
lineker,6558
cdm,6559
rylmdrydlyf,6560
kenyansontwitter,6561
manemane,6562
fckrm,6563
uefachapionsleaguefinal,6564
askehab,6565
howmuch,6566
hincha,6567
prikitiw,6568
tedaala,6569
meridoosricountry,6570
level,6571
rajoy,6572
lnsrylyqbkm,6573
nqywzyrllhkwmh,6574
ydlmqwmhwlthryr,6575
opinion,6576
90sforever,6577
canalplu,6578
pluie,6579
mifinalde,6580
duallipa,6581
championslegue,6582
cfsergioramo,6583
pusb,6584
mrandmissuniversity2018,6585
foxsportsgo,6586
nurture,6587
balenoseva,6588
dua,6589
lipa,6590
warudokatsupu,6591
garethbaleisawesome,6592
youarewanted,6593
lancechampion,6594
garethbale11,6595
brilliantgoal,6596
giurisprudenza,6597
penale,6598
alangreen,6599
radio5live,6600
flop,6601
dawnofachampion,6602
wbeimarlodice,6603
aekfc,6604
boxing,6605
myrulesmylife,6606
freepalestine,6607
cartolafc,6608
christianor,6609
marquez,6610
uclxfox,6611
markussbk,6612
ossesalachampion,6613
sharethedram,6614
belahketupat,6615
jorgemende,6616
judasiskariu,6617
kenerbio,6618
totalregal,6619
lewandowski,6620
dryandterribleattemptatajoke,6621
iknow,6622
merapi,6623
rondamerapi,6624
wargamerapitangguh,6625
perfection,6626
rmachaamp,6627
godeac,6628
dirtydog,6629
benevento,6630
brignoli,6631
bestchampionsleaguegol,6632
liverpoot,6633
jmhwrlyfrbwl,6634
sondagem2f,6635
finalchampionst,6636
hopeimwrong,6637
klacomfest2018,6638
lijkteenbeetjeopspaghetti,6639
spaghetti,6640
honger,6641
80min,6642
a3,6643
picchetter,6644
scommesse,6645
nbbnaband,6646
youngnlegit,6647
legitn,6648
casimiro,6649
pakistanneedstlp,6650
goalazo,6651
romastheanimal,6652
missyou,6653
bettercallsaul,6654
breakingbad,6655
rona,6656
2005,6657
livee,6658
malawi,6659
passionbeyondreason,6660
soydelbarca,6661
b99,6662
madeinheaven,6663
versatile,6664
signature,6665
usterographa,6666
ballon,6667
ebleng,6668
viasat,6669
viasatsport,6670
63,6671
viral,6672
promotion,6673
monstar,6674
refereal,6675
aporladecimoterce,6676
wearethechildren,6677
uefacup,6678
nhyydwrylb,6679
outstanding,6680
nah,6681
prestolonaslednik,6682
weredrinkingeitherway,6683
flash,6684
ewlaath,6685
papa,6686
mixpak,6687
lasdosvida,6688
bebito,6689
gbhramo,6690
baran,6691
sexualexperience,6692
hitzfootball,6693
duskofachamp,6694
silverlining,6695
ai,6696
quebelloelfutbol,6697
dub,6698
warriorsrocket,6699
balevolley,6700
braveheart,6701
po1,6702
rsca,6703
bcndragon,6704
bonesettersdaughter,6705
doctorwho,6706
vivaelfutbol,6707
loveit,6708
restaurant,6709
food,6710
menu,6711
weareliverp,6712
obrigadoramo,6713
godopoli,6714
spiace,6715
html5,6716
css3,6717
bootstrap4,6718
jquery,6719
subtitle,6720
s04,6721
meyer,6722
uclfinalzydn,6723
uclfinagiveaway,6724
baleforworldbest,6725
ro,6726
unsunghero,6727
forcassalah,6728
tiredbutpushing,6729
instagram,6730
arte,6731
garbage,6732
ban,6733
seegoal,6734
cd,6735
btsportfootball,6736
absurdbicyclekick,6737
fraudiola,6738
danslalegende,6739
3,6740
garethquedate,6741
espectacular,6742
champiosleague2018,6743
scoreupdate,6744
garetthone,6745
belgiocatorino,6746
unrulyvibez,6747
farpost,6748
christiano,6749
story,6750
nxt,6751
pieknosymetryzmu,6752
madridliverpoo,6753
zizu,6754
perin,6755
copa2018,6756
bestchampionsleaugegoalever,6757
rmwslqdhr,6758
agricultureurbaine,6759
ibelieveihadthat,6760
lapuraverdad,6761
ylshmb,6762
golazofinalucl,6763
palmeira,6764
seriea,6765
nautanki,6766
haladmadrid,6767
gameover,6768
jsjqh44,6769
temperatureofthegame,6770
fuckamadrid,6771
defollow,6772
bue,6773
lodijeyque,6774
registrateyjuega,6775
pegatealaemociondeganar,6776
kilicdaroglunesoyledi,6777
muharremincecnnturkde,6778
lovinit,6779
frango,6780
shili,6781
bottle,6782
calamity,6783
peremoga,6784
butterfinger,6785
kloppesinocente,6786
tucaesinocente,6787
myanmar,6788
yangon,6789
gariu,6790
dno,6791
kariusbidone,6792
the13th,6793
fixed,6794
unbekanntegotter,6795
clnor,6796
lolerpool,6797
cariu,6798
history,6799
pavlenka,6800
werder,6801
muslera,6802
prayforkariu,6803
kariusagain,6804
pavla,6805
ausgrunden,6806
siemprecompranlosarbitro,6807
supersub11,6808
off,6809
goreal,6810
wikipedia,6811
welshlegend,6812
whoopskarui,6813
quedatebale,6814
unporteroparaelliverpool,6815
mondial2018,6816
fingerscrossed,6817
rylmaedryd,6818
hindsight,6819
madridhater,6820
13champion,6821
madremia,6822
doblete,6823
diferencia,6824
rmvlfc,6825
cannottakeit,6826
why,6827
breakingmyheart,6828
rmadrid,6829
worstkeeperever,6830
carelesskariu,6831
baleforsale,6832
shitcunt,6833
itsover,6834
pecadito,6835
bcafc,6836
carliu,6837
pangea,6838
comfortfmsport,6839
mustafacengiz,6840
maodemaionese,6841
maodealface,6842
maodesacoladesupermercado,6843
dospiernasyunaporra,6844
thatdeservesaretweet,6845
se,6846
kryw,6847
penjarakanramo,6848
goalkeepersunion,6849
itfc,6850
13xchamp,6851
ripliverpool,6852
eterna,6853
eterno,6854
sergiorico,6855
looser,6856
almomento,6857
meadeconlxsma,6858
uflthia,6859
dissapointing,6860
genant,6861
robinsonzapata,6862
back2back2back,6863
tomaduradepelo,6864
realmadriden,6865
fifa17,6866
whoopsie,6867
taxiforkariu,6868
yque,6869
monopoly,6870
cartel,6871
moneydestroysthegame,6872
w88,6873
aethngbl,6874
aporla14,6875
kariushowlerno2,6876
mare,6877
pietia,6878
siempresuperandose,6879
puma,6880
depor,6881
horrendousgk,6882
kamranakmal,6883
vatikan,6884
fliege,6885
stevelmarc,6886
butterhand,6887
unfuckingbelievable,6888
whoisinnext,6889
lachampionsendirectv,6890
ochoaalliverpool,6891
betterthanbigdave,6892
ran,6893
areyoukariu,6894
madridistidimerda,6895
nightmare,6896
low,6897
verletzung,6898
brace,6899
karmaneverforget,6900
kalamity,6901
dhntsrwysbyl,6902
cpfc,6903
suspect,6904
tweetmuto,6905
thankyoubale,6906
hommedumatch,6907
caddebet,6908
loriu,6909
zahnstatu,6910
payer,6911
handaperdonami,6912
cotbu,6913
fenerbahce,6914
yesplease,6915
scfc,6916
loki,6917
marvel,6918
inconcepibile,6919
howlerafterhowler,6920
4231sb,6921
uclbyjl,6922
liverpoollegend,6923
flapper,6924
crisppackethand,6925
fuckrm,6926
uclfinalterma,6927
twydtlyy,6928
zym,6929
vergonyo,6930
balebrace,6931
baleout,6932
smartkeeper,6933
estoconsalahnopasaba,6934
footie,6935
cantlook,6936
serieb,6937
joke,6938
sprake,6939
patience,6940
decepcao,6941
stealingaliving,6942
lori,6943
reallive,6944
mipobre,6945
elbatallaingle,6946
garbagetime,6947
caiquiriu,6948
byeliverpool,6949
sosprisione,6950
3galaxiasdeverga,6951
flekken,6952
zentner,6953
charming,6954
kareles,6955
casagrande,6956
2019gantikiper,6957
ripkariu,6958
goodgksdontswallalala,6959
asiomaspendejo,6960
ge,6961
thegolieisshit,6962
incredible,6963
don,6964
fcbayernu,6965
serjioramo,6966
newkeeper,6967
harriu,6968
withmignoletitwouldnthavehapenned,6969
sonsofanarchy,6970
imgplay,6971
gottogo,6972
wank,6973
sampiyonmadrid,6974
championmadrid,6975
byebye,6976
loscruzado,6977
shocker,6978
ohdear,6979
gigio,6980
dollarumma,6981
goodfella,6982
bodareal,6983
gloomy,6984
losregalossdelreal,6985
rmwslmjd,6986
banramosfromworldcup,6987
embarrassment,6988
koutala,6989
nosalahnohope,6990
ucffinal,6991
balelovale,6992
year,6993
oleoleole,6994
fixedmatche,6995
inconsistent,6996
fotbo,6997
campeao,6998
nbavote,6999
baleeeeeeeeee,7000
bwfc,7001
ministri,7002
youllneverstopagoal,7003
la13esnuestra,7004
sillyme,7005
handanivic,7006
championshipleaguefi,7007
topknotvsponytail,7008
lthlthshr,7009
bank,7010
kairu,7011
christianbale,7012
taxi,7013
chl,7014
tri,7015
punoftheyear,7016
grobbelaar,7017
ventura,7018
shock,7019
alwaysared,7020
la13lego,7021
hwkhyng,7022
l6ngurtel,7023
estoesunabroma,7024
galo,7025
lookingfor,7026
graphic,7027
photoshop,7028
background,7029
removal,7030
photoshopediting,7031
work,7032
clippingpath,7033
rclen,7034
polsport,7035
kariusthecat,7036
enke,7037
drecksmedien,7038
pafc,7039
iykwim,7040
rylmdrydywfntw,7041
equipedefrance,7042
historic,7043
vakitturkiyevakti,7044
muhamm,7045
allejahrewiederreal,7046
heisthebos,7047
somoscampeonesdeeuropa,7048
universitario,7049
schlimmeralsdiefifakorruptist,7050
lasele,7051
getusanewkeeper,7052
wannagetaway,7053
laculpaesde,7054
halareferee,7055
letstakealookatwhatyoucouldvewon,7056
fucklalogique,7057
campeone,7058
bargain,7059
dudekdance,7060
nhrmadridthought,7061
thingsthatcantcatch,7062
kariusmotm,7063
karatekid,7064
eldiadelochimbo,7065
fyi,7066
scissor,7067
rjalok,7068
trapad,7069
petrcechwouldbeproud,7070
mannschaft,7071
handanovic,7072
goalkeeperhowler,7073
joehartspecial,7074
iamtheanomaly,7075
animopue,7076
drospwydwinllawenhau,7077
rytwyt,7078
risingasone,7079
halarefsdemadrid,7080
franco,7081
laurafest18,7082
dilofutbol,7083
wolfhall,7084
goazenglorioso,7085
heroesdeladecimotercera,7086
goalie,7087
ilovemadrid,7088
slowmo,7089
torwart,7090
halamadrdynadama,7091
realzaragoza,7092
realzaragozavalladolid,7093
corrupt,7094
dieramo,7095
toystory,7096
arindin,7097
lad,7098
hindsightisalways2020,7099
mayalsianbettingsyndicate,7100
alexanderarnold,7101
lieverpool,7102
gg,7103
13e,7104
alticesport,7105
hrithik,7106
fuerakariu,7107
mananaganape,7108
lthlthhshrtqtrb,7109
gardien,7110
calciomercato,7111
jabulani,7112
struggleface,7113
goalkeepingatitsworst,7114
popefranci,7115
2017,7116
assurance,7117
gojekliga1,7118
rwsy,7119
ullreich,7120
granfinal,7121
forever,7122
welovekariu,7123
uefachampionsl,7124
margaritazavala,7125
tricampeone,7126
interishere,7127
trautmann,7128
monumentalfuckup,7129
fakumoya,7130
goalfest,7131
lm,7132
ascensio,7133
cathlosim,7134
rwot,7135
mafia,7136
govnovvorotakh,7137
kariusdyren,7138
kariushole,7139
shitingoal,7140
mmkisat,7141
marcoasensio,7142
threepeat,7143
itsjustagame,7144
respek,7145
nhydwrlbtl,7146
india,7147
adetope2018,7148
ramostheterrorist,7149
madeintottenham,7150
trampasfc,7151
jurgenflop,7152
transfer,7153
samcro,7154
la13esdelmadrid,7155
garethbaleday,7156
limonad,7157
plainedunord,7158
psl,7159
zubasa,7160
zidaneysuflor,7161
lanjer,7162
thorragnarok,7163
bigsi,7164
atitlo,7165
comonotevoyaquerer,7166
ctwd,7167
sharkteam,7168
antler,7169
beautiful,7170
blackandproud,7171
top3,7172
wcl,7173
tylapowiem,7174
kurtyna,7175
kariusbaktu,7176
whatashitshow,7177
equalmatch,7178
masihadatahundepan,7179
digitalprowes,7180
jubelfratzen,7181
nada,7182
barreting,7183
contigoempezotodo,7184
illegalweapon,7185
thatallimsaying,7186
topmuslim,7187
nohihadret,7188
anim,7189
madridstar,7190
nayisochaward,7191
kloppflop,7192
neverplayagain,7193
concepto,7194
grullasinvertida,7195
peliscongruyainvertida,7196
gp11,7197
laundecima,7198
thecannon,7199
6finalsinarow,7200
lfcvsrm,7201
halaadrid,7202
semantisme,7203
lrydhkhlq,7204
btwlhrlrylmdryd,7205
disasterclas,7206
themangol,7207
aporla13champion,7208
ephcched,7209
milagrodekiev,7210
asgard,7211
premiereleague,7212
sackkariu,7213
worstmistakesever,7214
worstgoalkeeper,7215
championsligue,7216
customer,7217
valencia,7218
hearthstone,7219
karie,7220
jinjihuijian,7221
kuosanxiwang,7222
ridaguangbaobu,7223
amehutobuyuan,7224
ridaweijiguanlixuebu,7225
ridajiaozhiyuanzuhe,7226
xianghuhuoro,7227
follome,7228
ladron1,7229
ladron2,7230
uefachampionsleag,7231
poofnaldo,7232
revansch,7233
welshandproud,7234
realmadrid3periode,7235
comedycentral,7236
colombian,7237
macmasasi,7238
krywskrm,7239
card,7240
visitingcard,7241
calcutta,7242
evergreen,7243
indie,7244
indieitalia,7245
girodeitalia2018,7246
dfbpokal,7247
mtvlafanexol,7248
mtvladancekokobop,7249
fernandomuslera,7250
khariu,7251
kariui,7252
hitoriadelfutbol,7253
opta,7254
clfinal2018,7255
graderia,7256
pallonedoro,7257
ramoscunt,7258
kh,7259
drwzbnlywrpwl,7260
fuckingkeeper,7261
ggrm,7262
ladecimoterceraesnuestra,7263
olympiacosfc,7264
leyenda,7265
triplete,7266
unfassbar,7267
pitchinvasion,7268
thegreatest,7269
cityzen,7270
gildo,7271
gildomaria,7272
metafore,7273
sampiyon,7274
deportesar,7275
llegola13,7276
terimakasihaurel,7277
campeon,7278
keintorfurronaldo,7279
pep,7280
mglh,7281
twodroppedballsnonescreamer,7282
sslazio,7283
dieu,7284
legende,7285
comment,7286
presidentielles2022,7287
champ13n,7288
13gendario,7289
realmadridleague,7290
doubtit,7291
pitchrunner,7292
tenemosla13,7293
realmadridcampeon,7294
reliable,7295
gkblunder,7296
whodbeakeeper,7297
uclchamp,7298
innovateyourg,7299
gremio,7300
realareuclchamp,7301
13yenda,7302
historico,7303
papafrancisco,7304
crowdfunding,7305
ejerc,7306
havingarummaz,7307
rivalsnotenimie,7308
spannung,7309
hattrick,7310
4zajuve,7311
emre,7312
indy500,7313
tricampeonyunicoreydeeuropa,7314
desafiandoanewton,7315
mvpeukola,7316
matsara,7317
phobero,7318
ft,7319
khryw,7320
supersaturday,7321
minutessilence,7322
latrece,7323
klaur,7324
prediccioncumplida,7325
unitedwepray,7326
thatboyronaldo,7327
spanishfootball,7328
la13yaesnuestra,7329
leyendaviva,7330
medo,7331
elchiringuitodemega,7332
treble,7333
fuckronaldo,7334
bestteam,7335
campeaoucl,7336
lyg,7337
h13toria,7338
9jahookup,7339
latreceyaestaaqui,7340
avicii,7341
remo,7342
ligasdecampeone,7343
scouser,7344
undecima,7345
laduodecima,7346
3time,7347
mipanoespambolero,7348
udlaspalma,7349
comodiriaangelnieto,7350
echteventen,7351
tricampeon,7352
reydecopa,7353
sunsetsession,7354
bbb,7355
fautfairedeschoix,7356
balevsmane,7357
classicgoal,7358
un1co,7359
firstdates650,7360
dwryytlwrwb,7361
ecampeao,7362
realchampion,7363
imperioblanco,7364
athep,7365
banter,7366
reggaeton,7367
avici,7368
chiyanpionzuriku,7369
evrovidenie,7370
benzegoal,7371
golero,7372
ballondoro,7373
nitiasa,7374
newname,7375
allamadrid,7376
ufl2018,7377
flitzer,7378
kriu,7379
rtsvesti,7380
civati,7381
uselessfuck,7382
elmejorarquerodeamerica,7383
motocros,7384
scarso,7385
valore,7386
deportividad,7387
baleisagamechanger,7388
realmadrid13,7389
retard,7390
bartomeu,7391
championsofeurope,7392
mrhowler,7393
latenightberlin,7394
gritacampeon,7395
1stworldproblem,7396
reall,7397
threeinarow,7398
cataluna,7399
immortal,7400
noshame,7401
yvan13,7402
muharremince,7403
alave,7404
reydeeuropa,7405
12masuna,7406
concacf,7407
attaccatevearcazzo,7408
ricked,7409
shmbywnzlyj,7410
footbalisnotfair,7411
savonaministro,7412
goodjobale,7413
part2,7414
npsl,7415
hrscavlhsc,7416
cold,7417
nicoch65001,7418
yunikuroganxieji,7419
biggamemindset,7420
championchampion,7421
mauzo,7422
kingsofeurope,7423
unwa,7424
atencion,7425
euroleague,7426
avengerinfinitywar,7427
realliverpoo,7428
championsleagueking,7429
13time,7430
lisbon2018,7431
byetwitter,7432
matshummel,7433
rmcsport,7434
ussoccer,7435
uclmode,7436
kayus,7437
ta,7438
mlwkwrwb,7439
arsbar2004,7440
nm935,7441
timcupfinal,7442
halabale,7443
f95,7444
injustice,7445
mourinho,7446
donbseriou,7447
stroll,7448
uclchampion,7449
tatgd,7450
hqlamadrid,7451
lalal,7452
barnabasudate,7453
truechampion,7454
3year,7455
truemessifan,7456
lshrqllkhbr,7457
lmrt,7458
overrated,7459
aminimegustaelfut,7460
junior,7461
ksazobalit,7462
turnupgang,7463
landelaremix,7464
stillchampion,7465
la13acasa,7466
bangon,7467
semgraca,7468
lixo,7469
valeuliverpool,7470
zz,7471
mhonienhoy,7472
aupacultu,7473
pulsesport,7474
13orejona,7475
realmadridtricampeon,7476
uclfinalhala,7477
ssrugby,7478
vamoscolocolo,7479
wheregladyourscousenotenglish,7480
subscribe,7481
vlogging,7482
vlog,7483
vlogger,7484
cronica,7485
lmrynqy,7486
kariustovictory,7487
13th,7488
b,7489
staystrongkariu,7490
trophyles,7491
2papereinunafinale,7492
anyyokesforklopp,7493
chokeinkiev,7494
cibele,7495
sportcity,7496
nerev,7497
fenomenbettedevfinal,7498
brshlwn,7499
ganandocomosiempre,7500
drax,7501
gobierno,7502
corrupto,7503
sterlingfanatic,7504
felicidade,7505
siemprered,7506
nuncadejesdeganr,7507
zim2bonddigitalcurrency,7508
009bond,7509
backtoback,7510
champione,7511
longform,7512
nhyybtlwrb,7513
mysticjosh,7514
dariu,7515
nuncaloentenderan,7516
halamadridotro,7517
indierapper,7518
2018gantijuaraligachampion,7519
uclfinaljymy,7520
epicbale,7521
ladecimotercerayaestaaqui,7522
efeurgente,7523
rsmy,7524
wear,7525
chistemalo,7526
kariusgoblog,7527
bestiablanca,7528
aplastamadrid,7529
kopfhoch,7530
agentkariu,7531
ontherun,7532
soyfandekariu,7533
dwrybt,7534
proudbarcafan,7535
poorfella,7536
ub3jwani,7537
champsleague,7538
rylmdrydwlyfrbwl,7539
tv3,7540
loukkaantumiset,7541
henkilokohtaisetvirheet,7542
ifyouknowyouknow,7543
weareolympiaco,7544
achterberg,7545
lovenrespect,7546
fktsz,7547
fkcz,7548
conla13,7549
ladocemasuno,7550
devletinafsozuvar,7551
asino,7552
realbfuenl,7553
freetogoodhome,7554
domingovoto,7555
greifswald,7556
lovehim,7557
ultimominuto,7558
tigaperiode,7559
13reasonswhy,7560
odiamema,7561
salahinjured,7562
footballove,7563
kariustheviru,7564
easport,7565
wellinson,7566
lthlthhshr,7567
village,7568
modi4,7569
solidaridad,7570
kari,7571
pope,7572
pitysalah,7573
seriu,7574
nadaesimposible,7575
republicacatalana,7576
zonalibredehumo,7577
talentfrei,7578
ligahero,7579
tippspiel,7580
seriousquestion,7581
mandeincotia,7582
klopptheflopp,7583
odio,7584
excusa,7585
lamusicadenuestravida,7586
endtramadolabusewithghone,7587
futballselect,7588
khwaamhw,7589
joehart,7590
voltooidleven,7591
karui,7592
madridismo,7593
esnuestrala13,7594
mohame,7595
afrorebulik,7596
halamadird,7597
amicizia,7598
rcf,7599
enhorabuena,7600
halamadriad,7601
papafrancesco,7602
somosleyenda,7603
maafinkariu,7604
legam5,7605
kejoyobkejo,7606
thebosgauru,7607
ucltitle,7608
esn,7609
streamacademy,7610
pray4kariu,7611
clos,7612
juvemerda,7613
gdm,7614
aemny,7615
hariu,7616
victim,7617
la13yaestaaqui,7618
mnshlby,7619
lyfrbwlmd,7620
rrmavsliv,7621
campeoneseuropa,7622
manchesterutd,7623
cuestiondesuerte,7624
rakitic,7625
eurolegatipo,7626
ybnlwskhyrmw,7627
saludyrepublica,7628
bekariu,7629
theanimalsergioramo,7630
fcim,7631
liverpoolthailand,7632
bandung,7633
bigred,7634
thano,7635
13copasdeeuropa,7636
latrecima,7637
latorre,7638
puntita,7639
ynfa,7640
backtospur,7641
kwbr,7642
